12.9963 	INFO 	Loaded monitor calibration from ['2025_12_23 12:18']
13.0162 	WARNING 	User requested fullscreen with size [1024  768], but screen is actually [1920, 1080]. Using actual size
15.5962 	INFO 	Using renderer 'Intel(R) UHD Graphics' for graphics
15.5962 	INFO 	OpenGL version supported by driver is 4..
15.6166 	EXP 	Created window1 = Window(allowGUI=True, allowStencil=False, autoLog=True, backendConf=UNKNOWN, backgroundFit=<method-wrapper '__getattribute__' of attributeSetter object at 0x0000026A0B8DDF90>, backgroundImage=<method-wrapper '__getattribute__' of attributeSetter object at 0x0000026A0B8DC8E0>, bitsMode=UNKNOWN, blendMode='avg', bpc=(8, 8, 8), color=array([-1., -1., -1.]), colorSpace='rgb', depthBits=8, fullscr=True, gamma=None, gammaErrorPolicy='raise', infoMsg=UNKNOWN, lms=UNKNOWN, monitor=<psychopy.monitors.calibTools.Monitor object at 0x0000026A15D3F3D0>, multiSample=False, name='window1', numSamples=2, pos=[np.float64(0.0), np.float64(0.0)], screen=0, size=array([1920, 1080]), stencilBits=0, stereo=False, title='PsychoPy', units='height', useFBO=True, useRetina=False, viewOri=0.0, viewPos=None, viewScale=None, waitBlanking=True, winType='pyglet')
15.6167 	EXP 	window1: backgroundImage = ''
15.6167 	EXP 	window1: backgroundFit = 'none'
16.1680 	EXP 	window1: Attempting to measure frame rate of screen (0) ...
16.1680 	EXP 	window1: recordFrameIntervals = False
16.2435 	EXP 	window1: recordFrameIntervals = True
16.3200 	EXP 	Screen (0) actual frame rate measured at 144.11Hz
16.3200 	EXP 	window1: recordFrameIntervals = False
25.6992 	INFO 	keyboard.Keyboard is using iohub backend.
25.6992 	EXP 	Cheese: status = STARTED
25.7718 	EXP 	Created text = TextStim(__class__=<class 'psychopy.visual.text.TextStim'>, alignHoriz=method-wrapper(...), alignText='center', alignVert=method-wrapper(...), anchorHoriz='center', anchorVert='center', antialias=True, autoDraw=False, autoLog=True, bold=False, color=array([1., 1., 1.]), colorSpace='rgb', contrast=1.0, depth=0.0, draggable=False, flipHoriz=False, flipVert=False, font='Arial', fontFiles=[], height=0.05, italic=False, languageStyle='LTR', name='text', opacity=1, ori=0.0, pos=array([0. , 0.3]), rgb=UNKNOWN, text='', units='height', win=Window(...), wrapWidth=1)
25.8412 	EXP 	Created ambewela = ImageStim(__class__=<class 'psychopy.visual.image.ImageStim'>, anchor=('center', 'center'), autoLog=True, color=array([1., 1., 1.]), colorSpace='rgb', contrast=1.0, depth=-1.0, draggable=False, flipHoriz=np.False_, flipVert=np.False_, image='default.png', interpolate=True, mask=None, maskParams=None, name='ambewela', opacity=1.0, ori=0.0, pos=array([-0.6,  0. ]), size=array([0.2, 0.2]), texRes=128.0, units='height', win=Window(...))
26.5210 	EXP 	Created kothmale = ImageStim(__class__=<class 'psychopy.visual.image.ImageStim'>, anchor=('center', 'center'), autoLog=True, color=array([1., 1., 1.]), colorSpace='rgb', contrast=1.0, depth=-2.0, draggable=False, flipHoriz=np.False_, flipVert=np.False_, image='default.png', interpolate=True, mask=None, maskParams=None, name='kothmale', opacity=1.0, ori=0.0, pos=array([-0.3,  0. ]), size=array([0.2, 0.2]), texRes=128.0, units='height', win=Window(...))
26.5275 	EXP 	Created happycow = ImageStim(__class__=<class 'psychopy.visual.image.ImageStim'>, anchor=('center', 'center'), autoLog=True, color=array([1., 1., 1.]), colorSpace='rgb', contrast=1.0, depth=-3.0, draggable=False, flipHoriz=np.False_, flipVert=np.False_, image='default.png', interpolate=True, mask=None, maskParams=None, name='happycow', opacity=1.0, ori=0.0, pos=array([0., 0.]), size=array([0.2, 0.2]), texRes=128.0, units='height', win=Window(...))
26.5341 	EXP 	Created kraft = ImageStim(__class__=<class 'psychopy.visual.image.ImageStim'>, anchor=('center', 'center'), autoLog=True, color=array([1., 1., 1.]), colorSpace='rgb', contrast=1.0, depth=-4.0, draggable=False, flipHoriz=np.False_, flipVert=np.False_, image='default.png', interpolate=True, mask=None, maskParams=None, name='kraft', opacity=1.0, ori=0.0, pos=array([0.3, 0. ]), size=array([0.2, 0.2]), texRes=128.0, units='height', win=Window(...))
26.5416 	EXP 	Created richlife = ImageStim(__class__=<class 'psychopy.visual.image.ImageStim'>, anchor=('center', 'center'), autoLog=True, color=array([1., 1., 1.]), colorSpace='rgb', contrast=1.0, depth=-5.0, draggable=False, flipHoriz=np.False_, flipVert=np.False_, image='default.png', interpolate=True, mask=None, maskParams=None, name='richlife', opacity=1.0, ori=0.0, pos=array([0.6, 0. ]), size=array([0.2, 0.2]), texRes=128.0, units='height', win=Window(...))
26.7331 	EXP 	Created text_2 = TextStim(__class__=<class 'psychopy.visual.text.TextStim'>, alignHoriz=method-wrapper(...), alignText='center', alignVert=method-wrapper(...), anchorHoriz='center', anchorVert='center', antialias=True, autoDraw=False, autoLog=True, bold=False, color=array([1., 1., 1.]), colorSpace='rgb', contrast=1.0, depth=-6.0, draggable=False, flipHoriz=False, flipVert=False, font='Arial', fontFiles=[], height=np.float64(0.02), italic=False, languageStyle='LTR', name='text_2', opacity=1, ori=0.0, pos=array([-0.6, -0.3]), rgb=UNKNOWN, text=str(...), units='height', win=Window(...), wrapWidth=1)
26.7424 	EXP 	Created text_3 = TextStim(__class__=<class 'psychopy.visual.text.TextStim'>, alignHoriz=method-wrapper(...), alignText='center', alignVert=method-wrapper(...), anchorHoriz='center', anchorVert='center', antialias=True, autoDraw=False, autoLog=True, bold=False, color=array([1., 1., 1.]), colorSpace='rgb', contrast=1.0, depth=-7.0, draggable=False, flipHoriz=False, flipVert=False, font='Arial', fontFiles=[], height=np.float64(0.02), italic=False, languageStyle='LTR', name='text_3', opacity=1, ori=0.0, pos=array([-0.3, -0.3]), rgb=UNKNOWN, text='Kothmale Cheddar\n250 g \nRs 1300', units='height', win=Window(...), wrapWidth=1)
26.7519 	EXP 	Created text_4 = TextStim(__class__=<class 'psychopy.visual.text.TextStim'>, alignHoriz=method-wrapper(...), alignText='center', alignVert=method-wrapper(...), anchorHoriz='center', anchorVert='center', antialias=True, autoDraw=False, autoLog=True, bold=False, color=array([1., 1., 1.]), colorSpace='rgb', contrast=1.0, depth=-8.0, draggable=False, flipHoriz=False, flipVert=False, font='Arial', fontFiles=[], height=np.float64(0.02), italic=False, languageStyle='LTR', name='text_4', opacity=1, ori=0.0, pos=array([ 0. , -0.3]), rgb=UNKNOWN, text='HappyCow Cheese\n340 g\nRs 1200', units='height', win=Window(...), wrapWidth=1)
26.7613 	EXP 	Created text_5 = TextStim(__class__=<class 'psychopy.visual.text.TextStim'>, alignHoriz=method-wrapper(...), alignText='center', alignVert=method-wrapper(...), anchorHoriz='center', anchorVert='center', antialias=True, autoDraw=False, autoLog=True, bold=False, color=array([1., 1., 1.]), colorSpace='rgb', contrast=1.0, depth=-9.0, draggable=False, flipHoriz=False, flipVert=False, font='Arial', fontFiles=[], height=np.float64(0.02), italic=False, languageStyle='LTR', name='text_5', opacity=1, ori=0.0, pos=array([ 0.3, -0.3]), rgb=UNKNOWN, text='Kraft Cheddar Cheese\n250 g\nRs 2590', units='height', win=Window(...), wrapWidth=1)
26.7705 	EXP 	Created text_6 = TextStim(__class__=<class 'psychopy.visual.text.TextStim'>, alignHoriz=method-wrapper(...), alignText='center', alignVert=method-wrapper(...), anchorHoriz='center', anchorVert='center', antialias=True, autoDraw=False, autoLog=True, bold=False, color=array([1., 1., 1.]), colorSpace='rgb', contrast=1.0, depth=-10.0, draggable=False, flipHoriz=False, flipVert=False, font='Arial', fontFiles=[], height=np.float64(0.02), italic=False, languageStyle='LTR', name='text_6', opacity=1, ori=0.0, pos=array([ 0.6, -0.3]), rgb=UNKNOWN, text='Rich Life Cheddar Cheese\n100 g\nRs 625', units='height', win=Window(...), wrapWidth=1)
26.7971 	EXP 	Created text_7 = TextStim(__class__=<class 'psychopy.visual.text.TextStim'>, alignHoriz=method-wrapper(...), alignText='center', alignVert=method-wrapper(...), anchorHoriz='center', anchorVert='center', antialias=True, autoDraw=False, autoLog=True, bold=False, color=array([1., 1., 1.]), colorSpace='rgb', contrast=1.0, depth=0.0, draggable=False, flipHoriz=False, flipVert=False, font='Arial', fontFiles=[], height=np.float64(0.05), italic=False, languageStyle='LTR', name='text_7', opacity=1, ori=0.0, pos=array([0. , 0.3]), rgb=UNKNOWN, text='Which one are you going to buy ?', units='height', win=Window(...), wrapWidth=1)
26.8036 	EXP 	Created highlandYoghurt = ImageStim(__class__=<class 'psychopy.visual.image.ImageStim'>, anchor=('center', 'center'), autoLog=True, color=array([1., 1., 1.]), colorSpace='rgb', contrast=1.0, depth=-1.0, draggable=False, flipHoriz=np.False_, flipVert=np.False_, image='Highland yp.jpg', interpolate=True, mask=None, maskParams=None, name='highlandYoghurt', opacity=1, ori=0.0, pos=array([-0.4,  0. ]), size=array([0.2, 0.2]), texRes=128.0, units='height', win=Window(...))
26.8149 	EXP 	Created anchoryoghurt = ImageStim(__class__=<class 'psychopy.visual.image.ImageStim'>, anchor=('center', 'center'), autoLog=True, color=array([1., 1., 1.]), colorSpace='rgb', contrast=1.0, depth=-2.0, draggable=False, flipHoriz=np.False_, flipVert=np.False_, image='anchor youghurt.jpg', interpolate=True, mask=None, maskParams=None, name='anchoryoghurt', opacity=1, ori=0.0, pos=array([-0.1,  0. ]), size=array([0.2, 0.2]), texRes=128.0, units='height', win=Window(...))
26.8236 	EXP 	Created ambewelayoghurt = ImageStim(__class__=<class 'psychopy.visual.image.ImageStim'>, anchor=('center', 'center'), autoLog=True, color=array([1., 1., 1.]), colorSpace='rgb', contrast=1.0, depth=-3.0, draggable=False, flipHoriz=np.False_, flipVert=np.False_, image='ambewela yoghurt.jpg', interpolate=True, mask=None, maskParams=None, name='ambewelayoghurt', opacity=1, ori=0.0, pos=array([0.2, 0. ]), size=array([0.2, 0.2]), texRes=128.0, units='height', win=Window(...))
26.8350 	EXP 	Created pelawatteyoghurt = ImageStim(__class__=<class 'psychopy.visual.image.ImageStim'>, anchor=('center', 'center'), autoLog=True, color=array([1., 1., 1.]), colorSpace='rgb', contrast=1.0, depth=-4.0, draggable=False, flipHoriz=np.False_, flipVert=np.False_, image='pelawatteypughurt.jpeg', interpolate=True, mask=None, maskParams=None, name='pelawatteyoghurt', opacity=1, ori=0.0, pos=array([0.5, 0. ]), size=array([0.2, 0.2]), texRes=128.0, units='height', win=Window(...))
26.8575 	EXP 	Created text_8 = TextStim(__class__=<class 'psychopy.visual.text.TextStim'>, alignHoriz=method-wrapper(...), alignText='center', alignVert=method-wrapper(...), anchorHoriz='center', anchorVert='center', antialias=True, autoDraw=False, autoLog=True, bold=False, color=array([1., 1., 1.]), colorSpace='rgb', contrast=1.0, depth=-5.0, draggable=False, flipHoriz=False, flipVert=False, font='Arial', fontFiles=[], height=np.float64(0.02), italic=False, languageStyle='LTR', name='text_8', opacity=1, ori=0.0, pos=array([-0.4, -0.3]), rgb=UNKNOWN, text=str(...), units='height', win=Window(...), wrapWidth=1)
26.8670 	EXP 	Created text_9 = TextStim(__class__=<class 'psychopy.visual.text.TextStim'>, alignHoriz=method-wrapper(...), alignText='center', alignVert=method-wrapper(...), anchorHoriz='center', anchorVert='center', antialias=True, autoDraw=False, autoLog=True, bold=False, color=array([1., 1., 1.]), colorSpace='rgb', contrast=1.0, depth=-6.0, draggable=False, flipHoriz=False, flipVert=False, font='Arial', fontFiles=[], height=np.float64(0.02), italic=False, languageStyle='LTR', name='text_9', opacity=1, ori=0.0, pos=array([-0.1, -0.3]), rgb=UNKNOWN, text='Anchor Yoghurt\n     80 g\n   Rs 70', units='height', win=Window(...), wrapWidth=1)
26.8779 	EXP 	Created text_10 = TextStim(__class__=<class 'psychopy.visual.text.TextStim'>, alignHoriz=method-wrapper(...), alignText='center', alignVert=method-wrapper(...), anchorHoriz='center', anchorVert='center', antialias=True, autoDraw=False, autoLog=True, bold=False, color=array([1., 1., 1.]), colorSpace='rgb', contrast=1.0, depth=-7.0, draggable=False, flipHoriz=False, flipVert=False, font='Arial', fontFiles=[], height=np.float64(0.02), italic=False, languageStyle='LTR', name='text_10', opacity=1, ori=0.0, pos=array([ 0.2, -0.3]), rgb=UNKNOWN, text='Ambewela Yoghurt\n      80 g\n     Rs 70', units='height', win=Window(...), wrapWidth=1)
26.8862 	EXP 	Created text_11 = TextStim(__class__=<class 'psychopy.visual.text.TextStim'>, alignHoriz=method-wrapper(...), alignText='center', alignVert=method-wrapper(...), anchorHoriz='center', anchorVert='center', antialias=True, autoDraw=False, autoLog=True, bold=False, color=array([1., 1., 1.]), colorSpace='rgb', contrast=1.0, depth=-8.0, draggable=False, flipHoriz=False, flipVert=False, font='Arial', fontFiles=[], height=np.float64(0.02), italic=False, languageStyle='LTR', name='text_11', opacity=1, ori=0.0, pos=array([ 0.5, -0.3]), rgb=UNKNOWN, text='Pelawatte Yoghurt\n       80 g\n      Rs  50', units='height', win=Window(...), wrapWidth=1)
26.8932 	EXP 	Created text_12 = TextStim(__class__=<class 'psychopy.visual.text.TextStim'>, alignHoriz=method-wrapper(...), alignText='center', alignVert=method-wrapper(...), anchorHoriz='center', anchorVert='center', antialias=True, autoDraw=False, autoLog=True, bold=False, color=array([1., 1., 1.]), colorSpace='rgb', contrast=1.0, depth=0.0, draggable=False, flipHoriz=False, flipVert=False, font='Arial', fontFiles=[], height=np.float64(0.05), italic=False, languageStyle='LTR', name='text_12', opacity=1, ori=0.0, pos=array([0. , 0.3]), rgb=UNKNOWN, text='Which one are you going to buy?', units='height', win=Window(...), wrapWidth=1)
26.9302 	EXP 	Created fortune = ImageStim(__class__=<class 'psychopy.visual.image.ImageStim'>, anchor=('center', 'center'), autoLog=True, color=array([1., 1., 1.]), colorSpace='rgb', contrast=1.0, depth=-1.0, draggable=False, flipHoriz=np.False_, flipVert=np.False_, image='fortune.jpg', interpolate=True, mask=None, maskParams=None, name='fortune', opacity=1, ori=0.0, pos=array([-0.5,  0. ]), size=array([0.2, 0.2]), texRes=128.0, units='height', win=Window(...))
26.9464 	EXP 	Created marina = ImageStim(__class__=<class 'psychopy.visual.image.ImageStim'>, anchor=('center', 'center'), autoLog=True, color=array([1., 1., 1.]), colorSpace='rgb', contrast=1.0, depth=-2.0, draggable=False, flipHoriz=np.False_, flipVert=np.False_, image='marina.jpeg', interpolate=True, mask=None, maskParams=None, name='marina', opacity=1, ori=0.0, pos=array([0., 0.]), size=array([0.2, 0.2]), texRes=128.0, units='height', win=Window(...))
26.9812 	EXP 	Created Njoy = ImageStim(__class__=<class 'psychopy.visual.image.ImageStim'>, anchor=('center', 'center'), autoLog=True, color=array([1., 1., 1.]), colorSpace='rgb', contrast=1.0, depth=-3.0, draggable=False, flipHoriz=np.False_, flipVert=np.False_, image='Njoy.jpg', interpolate=True, mask=None, maskParams=None, name='Njoy', opacity=1, ori=0.0, pos=array([0.5, 0. ]), size=array([0.2, 0.2]), texRes=128.0, units='height', win=Window(...))
26.9905 	EXP 	Created text_13 = TextStim(__class__=<class 'psychopy.visual.text.TextStim'>, alignHoriz=method-wrapper(...), alignText='center', alignVert=method-wrapper(...), anchorHoriz='center', anchorVert='center', antialias=True, autoDraw=False, autoLog=True, bold=False, color=array([1., 1., 1.]), colorSpace='rgb', contrast=1.0, depth=-4.0, draggable=False, flipHoriz=False, flipVert=False, font='Arial', fontFiles=[], height=np.float64(0.02), italic=False, languageStyle='LTR', name='text_13', opacity=1, ori=0.0, pos=array([-0.5, -0.3]), rgb=UNKNOWN, text=str(...), units='height', win=Window(...), wrapWidth=1)
27.0023 	EXP 	Created text_14 = TextStim(__class__=<class 'psychopy.visual.text.TextStim'>, alignHoriz=method-wrapper(...), alignText='center', alignVert=method-wrapper(...), anchorHoriz='center', anchorVert='center', antialias=True, autoDraw=False, autoLog=True, bold=False, color=array([1., 1., 1.]), colorSpace='rgb', contrast=1.0, depth=-5.0, draggable=False, flipHoriz=False, flipVert=False, font='Arial', fontFiles=[], height=np.float64(0.02), italic=False, languageStyle='LTR', name='text_14', opacity=1, ori=0.0, pos=array([ 0. , -0.3]), rgb=UNKNOWN, text=str(...), units='height', win=Window(...), wrapWidth=1)
27.0127 	EXP 	Created text_15 = TextStim(__class__=<class 'psychopy.visual.text.TextStim'>, alignHoriz=method-wrapper(...), alignText='center', alignVert=method-wrapper(...), anchorHoriz='center', anchorVert='center', antialias=True, autoDraw=False, autoLog=True, bold=False, color=array([1., 1., 1.]), colorSpace='rgb', contrast=1.0, depth=-6.0, draggable=False, flipHoriz=False, flipVert=False, font='Arial', fontFiles=[], height=np.float64(0.02), italic=False, languageStyle='LTR', name='text_15', opacity=1, ori=0.0, pos=array([ 0.5, -0.3]), rgb=UNKNOWN, text=str(...), units='height', win=Window(...), wrapWidth=1)
27.0308 	EXP 	Created text_instr = TextStim(__class__=<class 'psychopy.visual.text.TextStim'>, alignHoriz=method-wrapper(...), alignText='center', alignVert=method-wrapper(...), anchorHoriz='center', anchorVert='center', antialias=True, autoDraw=False, autoLog=True, bold=False, color=array([1., 1., 1.]), colorSpace='rgb', contrast=1.0, depth=0.0, draggable=False, flipHoriz=False, flipVert=False, font='Arial', fontFiles=[], height=np.float64(0.04), italic=False, languageStyle='LTR', name='text_instr', opacity=1, ori=0.0, pos=array([0. , 0.3]), rgb=UNKNOWN, text='Which one are you going to buy?', units='height', win=Window(...), wrapWidth=1)
27.0444 	EXP 	Created kandos = ImageStim(__class__=<class 'psychopy.visual.image.ImageStim'>, anchor=('center', 'center'), autoLog=True, color=array([1., 1., 1.]), colorSpace='rgb', contrast=1.0, depth=-1.0, draggable=False, flipHoriz=np.False_, flipVert=np.False_, image='Kandos.jpeg', interpolate=True, mask=None, maskParams=None, name='kandos', opacity=1, ori=0.0, pos=array([-0.4,  0. ]), size=array([0.2, 0.2]), texRes=128.0, units='height', win=Window(...))
27.0507 	EXP 	Created ritzbury = ImageStim(__class__=<class 'psychopy.visual.image.ImageStim'>, anchor=('center', 'center'), autoLog=True, color=array([1., 1., 1.]), colorSpace='rgb', contrast=1.0, depth=-2.0, draggable=False, flipHoriz=np.False_, flipVert=np.False_, image='ritzbury.jpg', interpolate=True, mask=None, maskParams=None, name='ritzbury', opacity=1.0, ori=0.0, pos=array([-0.1,  0. ]), size=array([0.2, 0.2]), texRes=128.0, units='height', win=Window(...))
27.0572 	EXP 	Created revello = ImageStim(__class__=<class 'psychopy.visual.image.ImageStim'>, anchor=('center', 'center'), autoLog=True, color=array([1., 1., 1.]), colorSpace='rgb', contrast=1.0, depth=-3.0, draggable=False, flipHoriz=np.False_, flipVert=np.False_, image='revello.jpg', interpolate=True, mask=None, maskParams=None, name='revello', opacity=1, ori=0.0, pos=array([0.2, 0. ]), size=array([0.2, 0.2]), texRes=128.0, units='height', win=Window(...))
27.0806 	EXP 	Created cadbury = ImageStim(__class__=<class 'psychopy.visual.image.ImageStim'>, anchor=('center', 'center'), autoLog=True, color=array([1., 1., 1.]), colorSpace='rgb', contrast=1.0, depth=-4.0, draggable=False, flipHoriz=np.False_, flipVert=np.False_, image='cadbury.jpg', interpolate=True, mask=None, maskParams=None, name='cadbury', opacity=1, ori=0.0, pos=array([0.5, 0. ]), size=array([0.2, 0.2]), texRes=128.0, units='height', win=Window(...))
27.1127 	EXP 	Created text_20 = TextStim(__class__=<class 'psychopy.visual.text.TextStim'>, alignHoriz=method-wrapper(...), alignText='center', alignVert=method-wrapper(...), anchorHoriz='center', anchorVert='center', antialias=True, autoDraw=False, autoLog=True, bold=False, color=array([1., 1., 1.]), colorSpace='rgb', contrast=1.0, depth=-8.0, draggable=False, flipHoriz=False, flipVert=False, font='Arial', fontFiles=[], height=np.float64(0.02), italic=False, languageStyle='LTR', name='text_20', opacity=1, ori=0.0, pos=array([-0.4, -0.3]), rgb=UNKNOWN, text='Kandos Chocolate\n        90 g\n    Rs  600', units='height', win=Window(...), wrapWidth=1)
27.1301 	EXP 	Created text_21 = TextStim(__class__=<class 'psychopy.visual.text.TextStim'>, alignHoriz=method-wrapper(...), alignText='center', alignVert=method-wrapper(...), anchorHoriz='center', anchorVert='center', antialias=True, autoDraw=False, autoLog=True, bold=False, color=array([1., 1., 1.]), colorSpace='rgb', contrast=1.0, depth=-9.0, draggable=False, flipHoriz=False, flipVert=False, font='Arial', fontFiles=[], height=np.float64(0.02), italic=False, languageStyle='LTR', name='text_21', opacity=1, ori=0.0, pos=array([-0.1, -0.3]), rgb=UNKNOWN, text=str(...), units='height', win=Window(...), wrapWidth=1)
27.1435 	EXP 	Created text_22 = TextStim(__class__=<class 'psychopy.visual.text.TextStim'>, alignHoriz=method-wrapper(...), alignText='center', alignVert=method-wrapper(...), anchorHoriz='center', anchorVert='center', antialias=True, autoDraw=False, autoLog=True, bold=False, color=array([1., 1., 1.]), colorSpace='rgb', contrast=1.0, depth=-10.0, draggable=False, flipHoriz=False, flipVert=False, font='Arial', fontFiles=[], height=np.float64(0.02), italic=False, languageStyle='LTR', name='text_22', opacity=1, ori=0.0, pos=array([ 0.2, -0.3]), rgb=UNKNOWN, text=str(...), units='height', win=Window(...), wrapWidth=1)
27.1564 	EXP 	Created text_23 = TextStim(__class__=<class 'psychopy.visual.text.TextStim'>, alignHoriz=method-wrapper(...), alignText='center', alignVert=method-wrapper(...), anchorHoriz='center', anchorVert='center', antialias=True, autoDraw=False, autoLog=True, bold=False, color=array([1., 1., 1.]), colorSpace='rgb', contrast=1.0, depth=-11.0, draggable=False, flipHoriz=False, flipVert=False, font='Arial', fontFiles=[], height=np.float64(0.02), italic=False, languageStyle='LTR', name='text_23', opacity=1, ori=0.0, pos=array([ 0.5, -0.3]), rgb=UNKNOWN, text=str(...), units='height', win=Window(...), wrapWidth=1)
27.1647 	EXP 	Created text_instr_2 = TextStim(__class__=<class 'psychopy.visual.text.TextStim'>, alignHoriz=method-wrapper(...), alignText='center', alignVert=method-wrapper(...), anchorHoriz='center', anchorVert='center', antialias=True, autoDraw=False, autoLog=True, bold=False, color=array([1., 1., 1.]), colorSpace='rgb', contrast=1.0, depth=0.0, draggable=False, flipHoriz=False, flipVert=False, font='Arial', fontFiles=[], height=np.float64(0.04), italic=False, languageStyle='LTR', name='text_instr_2', opacity=1, ori=0.0, pos=array([0. , 0.3]), rgb=UNKNOWN, text='Which one are going to buy', units='height', win=Window(...), wrapWidth=1)
27.1720 	EXP 	Created goldi = ImageStim(__class__=<class 'psychopy.visual.image.ImageStim'>, anchor=('center', 'center'), autoLog=True, color=array([1., 1., 1.]), colorSpace='rgb', contrast=1.0, depth=-1.0, draggable=False, flipHoriz=np.False_, flipVert=np.False_, image='goldi.jpg', interpolate=True, mask=None, maskParams=None, name='goldi', opacity=1, ori=0.0, pos=array([-0.4,  0. ]), size=array([0.2, 0.2]), texRes=128.0, units='height', win=Window(...))
27.2160 	EXP 	Created elephanthouse = ImageStim(__class__=<class 'psychopy.visual.image.ImageStim'>, anchor=('center', 'center'), autoLog=True, color=array([1., 1., 1.]), colorSpace='rgb', contrast=1.0, depth=-2.0, draggable=False, flipHoriz=np.False_, flipVert=np.False_, image='elephanthousre.jpg', interpolate=True, mask=None, maskParams=None, name='elephanthouse', opacity=1, ori=0.0, pos=array([-0.1,  0. ]), size=array([0.2, 0.2]), texRes=128.0, units='height', win=Window(...))
27.2224 	EXP 	Created krest = ImageStim(__class__=<class 'psychopy.visual.image.ImageStim'>, anchor=('center', 'center'), autoLog=True, color=array([1., 1., 1.]), colorSpace='rgb', contrast=1.0, depth=-3.0, draggable=False, flipHoriz=np.False_, flipVert=np.False_, image='krest.jpg', interpolate=True, mask=None, maskParams=None, name='krest', opacity=1, ori=0.0, pos=array([0.2, 0. ]), size=array([0.2, 0.2]), texRes=128.0, units='height', win=Window(...))
27.2404 	EXP 	Created pussalla = ImageStim(__class__=<class 'psychopy.visual.image.ImageStim'>, anchor=('center', 'center'), autoLog=True, color=array([1., 1., 1.]), colorSpace='rgb', contrast=1.0, depth=-4.0, draggable=False, flipHoriz=np.False_, flipVert=np.False_, image='pussalla.jpeg', interpolate=True, mask=None, maskParams=None, name='pussalla', opacity=1, ori=0.0, pos=array([0.5, 0. ]), size=array([0.2, 0.2]), texRes=128.0, units='height', win=Window(...))
27.2544 	EXP 	Created text_16 = TextStim(__class__=<class 'psychopy.visual.text.TextStim'>, alignHoriz=method-wrapper(...), alignText='center', alignVert=method-wrapper(...), anchorHoriz='center', anchorVert='center', antialias=True, autoDraw=False, autoLog=True, bold=False, color=array([1., 1., 1.]), colorSpace='rgb', contrast=1.0, depth=-6.0, draggable=False, flipHoriz=False, flipVert=False, font='Arial', fontFiles=[], height=np.float64(0.02), italic=False, languageStyle='LTR', name='text_16', opacity=1, ori=0.0, pos=array([-0.4, -0.3]), rgb=UNKNOWN, text=str(...), units='height', win=Window(...), wrapWidth=1)
27.2694 	EXP 	Created text_17 = TextStim(__class__=<class 'psychopy.visual.text.TextStim'>, alignHoriz=method-wrapper(...), alignText='center', alignVert=method-wrapper(...), anchorHoriz='center', anchorVert='center', antialias=True, autoDraw=False, autoLog=True, bold=False, color=array([1., 1., 1.]), colorSpace='rgb', contrast=1.0, depth=-7.0, draggable=False, flipHoriz=False, flipVert=False, font='Arial', fontFiles=[], height=np.float64(0.02), italic=False, languageStyle='LTR', name='text_17', opacity=1, ori=0.0, pos=array([-0.1, -0.3]), rgb=UNKNOWN, text=str(...), units='height', win=Window(...), wrapWidth=1)
27.2792 	EXP 	Created text_18 = TextStim(__class__=<class 'psychopy.visual.text.TextStim'>, alignHoriz=method-wrapper(...), alignText='center', alignVert=method-wrapper(...), anchorHoriz='center', anchorVert='center', antialias=True, autoDraw=False, autoLog=True, bold=False, color=array([1., 1., 1.]), colorSpace='rgb', contrast=1.0, depth=-8.0, draggable=False, flipHoriz=False, flipVert=False, font='Arial', fontFiles=[], height=np.float64(0.02), italic=False, languageStyle='LTR', name='text_18', opacity=1, ori=0.0, pos=array([ 0.2, -0.3]), rgb=UNKNOWN, text=str(...), units='height', win=Window(...), wrapWidth=1)
27.2943 	EXP 	Created text_19 = TextStim(__class__=<class 'psychopy.visual.text.TextStim'>, alignHoriz=method-wrapper(...), alignText='center', alignVert=method-wrapper(...), anchorHoriz='center', anchorVert='center', antialias=True, autoDraw=False, autoLog=True, bold=False, color=array([1., 1., 1.]), colorSpace='rgb', contrast=1.0, depth=-9.0, draggable=False, flipHoriz=False, flipVert=False, font='Arial', fontFiles=[], height=np.float64(0.02), italic=False, languageStyle='LTR', name='text_19', opacity=1, ori=0.0, pos=array([ 0.5, -0.3]), rgb=UNKNOWN, text=str(...), units='height', win=Window(...), wrapWidth=1)
1.4231 	EXP 	eyetracker.setRecordingState(True)
1.4234 	EXP 	eyetracker.setRecordingState(False)
1.6600 	INFO 	Keyboard events cleared
1.6594 	EXP 	ambewela: image = 'ambewelacheese.jpg'
1.6594 	EXP 	kothmale: image = 'kothmale cheese.jpg'
1.6594 	EXP 	happycow: image = 'happycow.jpeg'
1.6594 	EXP 	kraft: image = 'Kraft cheese.jpeg'
1.6594 	EXP 	richlife: image = 'richlifecheese.jpg'
1.6594 	EXP 	text: autoDraw = True
1.6594 	EXP 	ambewela: autoDraw = True
1.6594 	EXP 	kothmale: autoDraw = True
1.6594 	EXP 	happycow: autoDraw = True
1.6594 	EXP 	kraft: autoDraw = True
1.6594 	EXP 	richlife: autoDraw = True
1.6594 	EXP 	text_2: autoDraw = True
1.6594 	EXP 	text_3: autoDraw = True
1.6594 	EXP 	text_4: autoDraw = True
1.6594 	EXP 	text_5: autoDraw = True
1.6594 	EXP 	text_6: autoDraw = True
1.6594 	EXP 	text: height = np.float64(0.05)
1.6594 	EXP 	text: height = np.float64(0.05)
1.6594 	EXP 	text: height = np.float64(0.05)
1.6594 	EXP 	text: text = 'Which one are you going to buy?'
1.6710 	EXP 	eyetracker.setRecordingState(False)
1.6815 	EXP 	text: height = np.float64(0.05)
1.6815 	EXP 	text: height = np.float64(0.05)
1.6815 	EXP 	text: height = np.float64(0.05)
1.6815 	EXP 	text: text = 'Which one are you going to buy?'
1.6823 	EXP 	eyetracker.setRecordingState(False)
1.6920 	EXP 	text: height = np.float64(0.05)
1.6920 	EXP 	text: height = np.float64(0.05)
1.6920 	EXP 	text: height = np.float64(0.05)
1.6920 	EXP 	text: text = 'Which one are you going to buy?'
1.6927 	EXP 	eyetracker.setRecordingState(False)
1.7015 	EXP 	text: height = np.float64(0.05)
1.7015 	EXP 	text: height = np.float64(0.05)
1.7015 	EXP 	text: height = np.float64(0.05)
1.7015 	EXP 	text: text = 'Which one are you going to buy?'
1.7023 	EXP 	eyetracker.setRecordingState(False)
1.7102 	EXP 	text: height = np.float64(0.05)
1.7102 	EXP 	text: height = np.float64(0.05)
1.7102 	EXP 	text: height = np.float64(0.05)
1.7102 	EXP 	text: text = 'Which one are you going to buy?'
1.7109 	EXP 	eyetracker.setRecordingState(False)
1.7183 	EXP 	text: height = np.float64(0.05)
1.7183 	EXP 	text: height = np.float64(0.05)
1.7183 	EXP 	text: height = np.float64(0.05)
1.7183 	EXP 	text: text = 'Which one are you going to buy?'
1.7190 	EXP 	eyetracker.setRecordingState(False)
1.7260 	EXP 	text: height = np.float64(0.05)
1.7260 	EXP 	text: height = np.float64(0.05)
1.7260 	EXP 	text: height = np.float64(0.05)
1.7260 	EXP 	text: text = 'Which one are you going to buy?'
1.7268 	EXP 	eyetracker.setRecordingState(False)
1.7341 	EXP 	text: height = np.float64(0.05)
1.7341 	EXP 	text: height = np.float64(0.05)
1.7341 	EXP 	text: height = np.float64(0.05)
1.7341 	EXP 	text: text = 'Which one are you going to buy?'
1.7348 	EXP 	eyetracker.setRecordingState(False)
1.7439 	EXP 	text: height = np.float64(0.05)
1.7439 	EXP 	text: height = np.float64(0.05)
1.7439 	EXP 	text: height = np.float64(0.05)
1.7439 	EXP 	text: text = 'Which one are you going to buy?'
1.7446 	EXP 	eyetracker.setRecordingState(False)
1.7552 	EXP 	text: height = np.float64(0.05)
1.7552 	EXP 	text: height = np.float64(0.05)
1.7552 	EXP 	text: height = np.float64(0.05)
1.7552 	EXP 	text: text = 'Which one are you going to buy?'
1.7561 	EXP 	eyetracker.setRecordingState(False)
1.7648 	EXP 	text: height = np.float64(0.05)
1.7648 	EXP 	text: height = np.float64(0.05)
1.7648 	EXP 	text: height = np.float64(0.05)
1.7648 	EXP 	text: text = 'Which one are you going to buy?'
1.7658 	EXP 	eyetracker.setRecordingState(False)
1.7743 	EXP 	text: height = np.float64(0.05)
1.7743 	EXP 	text: height = np.float64(0.05)
1.7743 	EXP 	text: height = np.float64(0.05)
1.7743 	EXP 	text: text = 'Which one are you going to buy?'
1.7751 	EXP 	eyetracker.setRecordingState(False)
1.7834 	EXP 	text: height = np.float64(0.05)
1.7834 	EXP 	text: height = np.float64(0.05)
1.7834 	EXP 	text: height = np.float64(0.05)
1.7834 	EXP 	text: text = 'Which one are you going to buy?'
1.7842 	EXP 	eyetracker.setRecordingState(False)
1.7933 	EXP 	text: height = np.float64(0.05)
1.7933 	EXP 	text: height = np.float64(0.05)
1.7933 	EXP 	text: height = np.float64(0.05)
1.7933 	EXP 	text: text = 'Which one are you going to buy?'
1.7943 	EXP 	eyetracker.setRecordingState(False)
1.8016 	EXP 	text: height = np.float64(0.05)
1.8016 	EXP 	text: height = np.float64(0.05)
1.8016 	EXP 	text: height = np.float64(0.05)
1.8016 	EXP 	text: text = 'Which one are you going to buy?'
1.8023 	EXP 	eyetracker.setRecordingState(False)
1.8092 	EXP 	text: height = np.float64(0.05)
1.8092 	EXP 	text: height = np.float64(0.05)
1.8092 	EXP 	text: height = np.float64(0.05)
1.8092 	EXP 	text: text = 'Which one are you going to buy?'
1.8099 	EXP 	eyetracker.setRecordingState(False)
1.8180 	EXP 	text: height = np.float64(0.05)
1.8180 	EXP 	text: height = np.float64(0.05)
1.8180 	EXP 	text: height = np.float64(0.05)
1.8180 	EXP 	text: text = 'Which one are you going to buy?'
1.8189 	EXP 	eyetracker.setRecordingState(False)
1.8276 	EXP 	text: height = np.float64(0.05)
1.8276 	EXP 	text: height = np.float64(0.05)
1.8276 	EXP 	text: height = np.float64(0.05)
1.8276 	EXP 	text: text = 'Which one are you going to buy?'
1.8282 	EXP 	eyetracker.setRecordingState(False)
1.8360 	EXP 	text: height = np.float64(0.05)
1.8360 	EXP 	text: height = np.float64(0.05)
1.8360 	EXP 	text: height = np.float64(0.05)
1.8360 	EXP 	text: text = 'Which one are you going to buy?'
1.8367 	EXP 	eyetracker.setRecordingState(False)
1.9511 	EXP 	text: height = np.float64(0.05)
1.9511 	EXP 	text: height = np.float64(0.05)
1.9511 	EXP 	text: height = np.float64(0.05)
1.9511 	EXP 	text: text = 'Which one are you going to buy?'
1.9518 	EXP 	eyetracker.setRecordingState(False)
1.9650 	EXP 	text: height = np.float64(0.05)
1.9650 	EXP 	text: height = np.float64(0.05)
1.9650 	EXP 	text: height = np.float64(0.05)
1.9650 	EXP 	text: text = 'Which one are you going to buy?'
1.9658 	EXP 	eyetracker.setRecordingState(False)
1.9778 	EXP 	text: height = np.float64(0.05)
1.9778 	EXP 	text: height = np.float64(0.05)
1.9778 	EXP 	text: height = np.float64(0.05)
1.9778 	EXP 	text: text = 'Which one are you going to buy?'
1.9791 	EXP 	eyetracker.setRecordingState(False)
1.9927 	EXP 	text: height = np.float64(0.05)
1.9927 	EXP 	text: height = np.float64(0.05)
1.9927 	EXP 	text: height = np.float64(0.05)
1.9927 	EXP 	text: text = 'Which one are you going to buy?'
1.9939 	EXP 	eyetracker.setRecordingState(False)
2.0126 	EXP 	text: height = np.float64(0.05)
2.0126 	EXP 	text: height = np.float64(0.05)
2.0126 	EXP 	text: height = np.float64(0.05)
2.0126 	EXP 	text: text = 'Which one are you going to buy?'
2.0156 	EXP 	eyetracker.setRecordingState(False)
2.0322 	EXP 	text: height = np.float64(0.05)
2.0322 	EXP 	text: height = np.float64(0.05)
2.0322 	EXP 	text: height = np.float64(0.05)
2.0322 	EXP 	text: text = 'Which one are you going to buy?'
2.0340 	EXP 	eyetracker.setRecordingState(False)
2.0640 	EXP 	text: height = np.float64(0.05)
2.0640 	EXP 	text: height = np.float64(0.05)
2.0640 	EXP 	text: height = np.float64(0.05)
2.0640 	EXP 	text: text = 'Which one are you going to buy?'
2.0650 	EXP 	eyetracker.setRecordingState(False)
2.0999 	EXP 	text: height = np.float64(0.05)
2.0999 	EXP 	text: height = np.float64(0.05)
2.0999 	EXP 	text: height = np.float64(0.05)
2.0999 	EXP 	text: text = 'Which one are you going to buy?'
2.1036 	EXP 	eyetracker.setRecordingState(False)
2.1300 	EXP 	text: height = np.float64(0.05)
2.1300 	EXP 	text: height = np.float64(0.05)
2.1300 	EXP 	text: height = np.float64(0.05)
2.1300 	EXP 	text: text = 'Which one are you going to buy?'
2.1321 	EXP 	eyetracker.setRecordingState(False)
2.1510 	EXP 	text: height = np.float64(0.05)
2.1510 	EXP 	text: height = np.float64(0.05)
2.1510 	EXP 	text: height = np.float64(0.05)
2.1510 	EXP 	text: text = 'Which one are you going to buy?'
2.1533 	EXP 	eyetracker.setRecordingState(False)
2.1766 	EXP 	text: height = np.float64(0.05)
2.1766 	EXP 	text: height = np.float64(0.05)
2.1766 	EXP 	text: height = np.float64(0.05)
2.1766 	EXP 	text: text = 'Which one are you going to buy?'
2.1791 	EXP 	eyetracker.setRecordingState(False)
2.2057 	EXP 	text: height = np.float64(0.05)
2.2057 	EXP 	text: height = np.float64(0.05)
2.2057 	EXP 	text: height = np.float64(0.05)
2.2057 	EXP 	text: text = 'Which one are you going to buy?'
2.2080 	EXP 	eyetracker.setRecordingState(False)
2.2325 	EXP 	text: height = np.float64(0.05)
2.2325 	EXP 	text: height = np.float64(0.05)
2.2325 	EXP 	text: height = np.float64(0.05)
2.2325 	EXP 	text: text = 'Which one are you going to buy?'
2.2345 	EXP 	eyetracker.setRecordingState(False)
2.2514 	EXP 	text: height = np.float64(0.05)
2.2514 	EXP 	text: height = np.float64(0.05)
2.2514 	EXP 	text: height = np.float64(0.05)
2.2514 	EXP 	text: text = 'Which one are you going to buy?'
2.2529 	EXP 	eyetracker.setRecordingState(False)
2.2639 	EXP 	text: height = np.float64(0.05)
2.2639 	EXP 	text: height = np.float64(0.05)
2.2639 	EXP 	text: height = np.float64(0.05)
2.2639 	EXP 	text: text = 'Which one are you going to buy?'
2.2647 	EXP 	eyetracker.setRecordingState(False)
2.2759 	EXP 	text: height = np.float64(0.05)
2.2759 	EXP 	text: height = np.float64(0.05)
2.2759 	EXP 	text: height = np.float64(0.05)
2.2759 	EXP 	text: text = 'Which one are you going to buy?'
2.2768 	EXP 	eyetracker.setRecordingState(False)
2.2921 	EXP 	text: height = np.float64(0.05)
2.2921 	EXP 	text: height = np.float64(0.05)
2.2921 	EXP 	text: height = np.float64(0.05)
2.2921 	EXP 	text: text = 'Which one are you going to buy?'
2.2934 	EXP 	eyetracker.setRecordingState(False)
2.3148 	EXP 	text: height = np.float64(0.05)
2.3148 	EXP 	text: height = np.float64(0.05)
2.3148 	EXP 	text: height = np.float64(0.05)
2.3148 	EXP 	text: text = 'Which one are you going to buy?'
2.3172 	EXP 	eyetracker.setRecordingState(False)
2.3464 	EXP 	text: height = np.float64(0.05)
2.3464 	EXP 	text: height = np.float64(0.05)
2.3464 	EXP 	text: height = np.float64(0.05)
2.3464 	EXP 	text: text = 'Which one are you going to buy?'
2.3482 	EXP 	eyetracker.setRecordingState(False)
2.3705 	EXP 	text: height = np.float64(0.05)
2.3705 	EXP 	text: height = np.float64(0.05)
2.3705 	EXP 	text: height = np.float64(0.05)
2.3705 	EXP 	text: text = 'Which one are you going to buy?'
2.3731 	EXP 	eyetracker.setRecordingState(False)
2.4031 	EXP 	text: height = np.float64(0.05)
2.4031 	EXP 	text: height = np.float64(0.05)
2.4031 	EXP 	text: height = np.float64(0.05)
2.4031 	EXP 	text: text = 'Which one are you going to buy?'
2.4058 	EXP 	eyetracker.setRecordingState(False)
2.4320 	EXP 	text: height = np.float64(0.05)
2.4320 	EXP 	text: height = np.float64(0.05)
2.4320 	EXP 	text: height = np.float64(0.05)
2.4320 	EXP 	text: text = 'Which one are you going to buy?'
2.4338 	EXP 	eyetracker.setRecordingState(False)
2.4517 	EXP 	text: height = np.float64(0.05)
2.4517 	EXP 	text: height = np.float64(0.05)
2.4517 	EXP 	text: height = np.float64(0.05)
2.4517 	EXP 	text: text = 'Which one are you going to buy?'
2.4529 	EXP 	eyetracker.setRecordingState(False)
2.4616 	EXP 	text: height = np.float64(0.05)
2.4616 	EXP 	text: height = np.float64(0.05)
2.4616 	EXP 	text: height = np.float64(0.05)
2.4616 	EXP 	text: text = 'Which one are you going to buy?'
2.4626 	EXP 	eyetracker.setRecordingState(False)
2.4780 	EXP 	text: height = np.float64(0.05)
2.4780 	EXP 	text: height = np.float64(0.05)
2.4780 	EXP 	text: height = np.float64(0.05)
2.4780 	EXP 	text: text = 'Which one are you going to buy?'
2.4788 	EXP 	eyetracker.setRecordingState(False)
2.4938 	EXP 	text: height = np.float64(0.05)
2.4938 	EXP 	text: height = np.float64(0.05)
2.4938 	EXP 	text: height = np.float64(0.05)
2.4938 	EXP 	text: text = 'Which one are you going to buy?'
2.4945 	EXP 	eyetracker.setRecordingState(False)
2.5094 	EXP 	text: height = np.float64(0.05)
2.5094 	EXP 	text: height = np.float64(0.05)
2.5094 	EXP 	text: height = np.float64(0.05)
2.5094 	EXP 	text: text = 'Which one are you going to buy?'
2.5108 	EXP 	eyetracker.setRecordingState(False)
2.5391 	EXP 	text: height = np.float64(0.05)
2.5391 	EXP 	text: height = np.float64(0.05)
2.5391 	EXP 	text: height = np.float64(0.05)
2.5391 	EXP 	text: text = 'Which one are you going to buy?'
2.5418 	EXP 	eyetracker.setRecordingState(False)
2.5732 	EXP 	text: height = np.float64(0.05)
2.5732 	EXP 	text: height = np.float64(0.05)
2.5732 	EXP 	text: height = np.float64(0.05)
2.5732 	EXP 	text: text = 'Which one are you going to buy?'
2.5761 	EXP 	eyetracker.setRecordingState(False)
2.6069 	EXP 	text: height = np.float64(0.05)
2.6069 	EXP 	text: height = np.float64(0.05)
2.6069 	EXP 	text: height = np.float64(0.05)
2.6069 	EXP 	text: text = 'Which one are you going to buy?'
2.6096 	EXP 	eyetracker.setRecordingState(False)
2.6418 	EXP 	text: height = np.float64(0.05)
2.6418 	EXP 	text: height = np.float64(0.05)
2.6418 	EXP 	text: height = np.float64(0.05)
2.6418 	EXP 	text: text = 'Which one are you going to buy?'
2.6445 	EXP 	eyetracker.setRecordingState(False)
2.6767 	EXP 	text: height = np.float64(0.05)
2.6767 	EXP 	text: height = np.float64(0.05)
2.6767 	EXP 	text: height = np.float64(0.05)
2.6767 	EXP 	text: text = 'Which one are you going to buy?'
2.6795 	EXP 	eyetracker.setRecordingState(False)
2.7109 	EXP 	text: height = np.float64(0.05)
2.7109 	EXP 	text: height = np.float64(0.05)
2.7109 	EXP 	text: height = np.float64(0.05)
2.7109 	EXP 	text: text = 'Which one are you going to buy?'
2.7137 	EXP 	eyetracker.setRecordingState(False)
2.7390 	EXP 	text: height = np.float64(0.05)
2.7390 	EXP 	text: height = np.float64(0.05)
2.7390 	EXP 	text: height = np.float64(0.05)
2.7390 	EXP 	text: text = 'Which one are you going to buy?'
2.7414 	EXP 	eyetracker.setRecordingState(False)
2.7653 	EXP 	text: height = np.float64(0.05)
2.7653 	EXP 	text: height = np.float64(0.05)
2.7653 	EXP 	text: height = np.float64(0.05)
2.7653 	EXP 	text: text = 'Which one are you going to buy?'
2.7672 	EXP 	eyetracker.setRecordingState(False)
2.7861 	EXP 	text: height = np.float64(0.05)
2.7861 	EXP 	text: height = np.float64(0.05)
2.7861 	EXP 	text: height = np.float64(0.05)
2.7861 	EXP 	text: text = 'Which one are you going to buy?'
2.7877 	EXP 	eyetracker.setRecordingState(False)
2.8030 	EXP 	text: height = np.float64(0.05)
2.8030 	EXP 	text: height = np.float64(0.05)
2.8030 	EXP 	text: height = np.float64(0.05)
2.8030 	EXP 	text: text = 'Which one are you going to buy?'
2.8047 	EXP 	eyetracker.setRecordingState(False)
2.8210 	EXP 	text: height = np.float64(0.05)
2.8210 	EXP 	text: height = np.float64(0.05)
2.8210 	EXP 	text: height = np.float64(0.05)
2.8210 	EXP 	text: text = 'Which one are you going to buy?'
2.8236 	EXP 	eyetracker.setRecordingState(False)
2.8422 	EXP 	text: height = np.float64(0.05)
2.8422 	EXP 	text: height = np.float64(0.05)
2.8422 	EXP 	text: height = np.float64(0.05)
2.8422 	EXP 	text: text = 'Which one are you going to buy?'
2.8439 	EXP 	eyetracker.setRecordingState(False)
2.8584 	EXP 	text: height = np.float64(0.05)
2.8584 	EXP 	text: height = np.float64(0.05)
2.8584 	EXP 	text: height = np.float64(0.05)
2.8584 	EXP 	text: text = 'Which one are you going to buy?'
2.8600 	EXP 	eyetracker.setRecordingState(False)
2.8807 	EXP 	text: height = np.float64(0.05)
2.8807 	EXP 	text: height = np.float64(0.05)
2.8807 	EXP 	text: height = np.float64(0.05)
2.8807 	EXP 	text: text = 'Which one are you going to buy?'
2.8833 	EXP 	eyetracker.setRecordingState(False)
2.9113 	EXP 	text: height = np.float64(0.05)
2.9113 	EXP 	text: height = np.float64(0.05)
2.9113 	EXP 	text: height = np.float64(0.05)
2.9113 	EXP 	text: text = 'Which one are you going to buy?'
2.9141 	EXP 	eyetracker.setRecordingState(False)
2.9452 	EXP 	text: height = np.float64(0.05)
2.9452 	EXP 	text: height = np.float64(0.05)
2.9452 	EXP 	text: height = np.float64(0.05)
2.9452 	EXP 	text: text = 'Which one are you going to buy?'
2.9476 	EXP 	eyetracker.setRecordingState(False)
2.9746 	EXP 	text: height = np.float64(0.05)
2.9746 	EXP 	text: height = np.float64(0.05)
2.9746 	EXP 	text: height = np.float64(0.05)
2.9746 	EXP 	text: text = 'Which one are you going to buy?'
2.9775 	EXP 	eyetracker.setRecordingState(False)
3.0043 	EXP 	text: height = np.float64(0.05)
3.0043 	EXP 	text: height = np.float64(0.05)
3.0043 	EXP 	text: height = np.float64(0.05)
3.0043 	EXP 	text: text = 'Which one are you going to buy?'
3.0072 	EXP 	eyetracker.setRecordingState(False)
3.0392 	EXP 	text: height = np.float64(0.05)
3.0392 	EXP 	text: height = np.float64(0.05)
3.0392 	EXP 	text: height = np.float64(0.05)
3.0392 	EXP 	text: text = 'Which one are you going to buy?'
3.0421 	EXP 	eyetracker.setRecordingState(False)
3.0707 	EXP 	text: height = np.float64(0.05)
3.0707 	EXP 	text: height = np.float64(0.05)
3.0707 	EXP 	text: height = np.float64(0.05)
3.0707 	EXP 	text: text = 'Which one are you going to buy?'
3.0728 	EXP 	eyetracker.setRecordingState(False)
3.1039 	EXP 	text: height = np.float64(0.05)
3.1039 	EXP 	text: height = np.float64(0.05)
3.1039 	EXP 	text: height = np.float64(0.05)
3.1039 	EXP 	text: text = 'Which one are you going to buy?'
3.1064 	EXP 	eyetracker.setRecordingState(False)
3.1342 	EXP 	text: height = np.float64(0.05)
3.1342 	EXP 	text: height = np.float64(0.05)
3.1342 	EXP 	text: height = np.float64(0.05)
3.1342 	EXP 	text: text = 'Which one are you going to buy?'
3.1367 	EXP 	eyetracker.setRecordingState(False)
3.1657 	EXP 	text: height = np.float64(0.05)
3.1657 	EXP 	text: height = np.float64(0.05)
3.1657 	EXP 	text: height = np.float64(0.05)
3.1657 	EXP 	text: text = 'Which one are you going to buy?'
3.1682 	EXP 	eyetracker.setRecordingState(False)
3.1874 	EXP 	text: height = np.float64(0.05)
3.1874 	EXP 	text: height = np.float64(0.05)
3.1874 	EXP 	text: height = np.float64(0.05)
3.1874 	EXP 	text: text = 'Which one are you going to buy?'
3.1884 	EXP 	eyetracker.setRecordingState(False)
3.2100 	EXP 	text: height = np.float64(0.05)
3.2100 	EXP 	text: height = np.float64(0.05)
3.2100 	EXP 	text: height = np.float64(0.05)
3.2100 	EXP 	text: text = 'Which one are you going to buy?'
3.2124 	EXP 	eyetracker.setRecordingState(False)
3.2308 	EXP 	text: height = np.float64(0.05)
3.2308 	EXP 	text: height = np.float64(0.05)
3.2308 	EXP 	text: height = np.float64(0.05)
3.2308 	EXP 	text: text = 'Which one are you going to buy?'
3.2340 	EXP 	eyetracker.setRecordingState(False)
3.2653 	EXP 	text: height = np.float64(0.05)
3.2653 	EXP 	text: height = np.float64(0.05)
3.2653 	EXP 	text: height = np.float64(0.05)
3.2653 	EXP 	text: text = 'Which one are you going to buy?'
3.2689 	EXP 	eyetracker.setRecordingState(False)
3.2939 	EXP 	text: height = np.float64(0.05)
3.2939 	EXP 	text: height = np.float64(0.05)
3.2939 	EXP 	text: height = np.float64(0.05)
3.2939 	EXP 	text: text = 'Which one are you going to buy?'
3.2988 	EXP 	eyetracker.setRecordingState(False)
3.3256 	EXP 	text: height = np.float64(0.05)
3.3256 	EXP 	text: height = np.float64(0.05)
3.3256 	EXP 	text: height = np.float64(0.05)
3.3256 	EXP 	text: text = 'Which one are you going to buy?'
3.3284 	EXP 	eyetracker.setRecordingState(False)
3.3568 	EXP 	text: height = np.float64(0.05)
3.3568 	EXP 	text: height = np.float64(0.05)
3.3568 	EXP 	text: height = np.float64(0.05)
3.3568 	EXP 	text: text = 'Which one are you going to buy?'
3.3603 	EXP 	eyetracker.setRecordingState(False)
3.3864 	EXP 	text: height = np.float64(0.05)
3.3864 	EXP 	text: height = np.float64(0.05)
3.3864 	EXP 	text: height = np.float64(0.05)
3.3864 	EXP 	text: text = 'Which one are you going to buy?'
3.3882 	EXP 	eyetracker.setRecordingState(False)
3.4145 	EXP 	text: height = np.float64(0.05)
3.4145 	EXP 	text: height = np.float64(0.05)
3.4145 	EXP 	text: height = np.float64(0.05)
3.4145 	EXP 	text: text = 'Which one are you going to buy?'
3.4169 	EXP 	eyetracker.setRecordingState(False)
3.4349 	EXP 	text: height = np.float64(0.05)
3.4349 	EXP 	text: height = np.float64(0.05)
3.4349 	EXP 	text: height = np.float64(0.05)
3.4349 	EXP 	text: text = 'Which one are you going to buy?'
3.4365 	EXP 	eyetracker.setRecordingState(False)
3.4528 	EXP 	text: height = np.float64(0.05)
3.4528 	EXP 	text: height = np.float64(0.05)
3.4528 	EXP 	text: height = np.float64(0.05)
3.4528 	EXP 	text: text = 'Which one are you going to buy?'
3.4544 	EXP 	eyetracker.setRecordingState(False)
3.4682 	EXP 	text: height = np.float64(0.05)
3.4682 	EXP 	text: height = np.float64(0.05)
3.4682 	EXP 	text: height = np.float64(0.05)
3.4682 	EXP 	text: text = 'Which one are you going to buy?'
3.4691 	EXP 	eyetracker.setRecordingState(False)
3.4827 	EXP 	text: height = np.float64(0.05)
3.4827 	EXP 	text: height = np.float64(0.05)
3.4827 	EXP 	text: height = np.float64(0.05)
3.4827 	EXP 	text: text = 'Which one are you going to buy?'
3.4844 	EXP 	eyetracker.setRecordingState(False)
3.5050 	EXP 	text: height = np.float64(0.05)
3.5050 	EXP 	text: height = np.float64(0.05)
3.5050 	EXP 	text: height = np.float64(0.05)
3.5050 	EXP 	text: text = 'Which one are you going to buy?'
3.5074 	EXP 	eyetracker.setRecordingState(False)
3.5275 	EXP 	text: height = np.float64(0.05)
3.5275 	EXP 	text: height = np.float64(0.05)
3.5275 	EXP 	text: height = np.float64(0.05)
3.5275 	EXP 	text: text = 'Which one are you going to buy?'
3.5298 	EXP 	eyetracker.setRecordingState(False)
3.5513 	EXP 	text: height = np.float64(0.05)
3.5513 	EXP 	text: height = np.float64(0.05)
3.5513 	EXP 	text: height = np.float64(0.05)
3.5513 	EXP 	text: text = 'Which one are you going to buy?'
3.5530 	EXP 	eyetracker.setRecordingState(False)
3.5736 	EXP 	text: height = np.float64(0.05)
3.5736 	EXP 	text: height = np.float64(0.05)
3.5736 	EXP 	text: height = np.float64(0.05)
3.5736 	EXP 	text: text = 'Which one are you going to buy?'
3.5760 	EXP 	eyetracker.setRecordingState(False)
3.6052 	EXP 	text: height = np.float64(0.05)
3.6052 	EXP 	text: height = np.float64(0.05)
3.6052 	EXP 	text: height = np.float64(0.05)
3.6052 	EXP 	text: text = 'Which one are you going to buy?'
3.6078 	EXP 	eyetracker.setRecordingState(False)
3.6364 	EXP 	text: height = np.float64(0.05)
3.6364 	EXP 	text: height = np.float64(0.05)
3.6364 	EXP 	text: height = np.float64(0.05)
3.6364 	EXP 	text: text = 'Which one are you going to buy?'
3.6391 	EXP 	eyetracker.setRecordingState(False)
3.6700 	EXP 	text: height = np.float64(0.05)
3.6700 	EXP 	text: height = np.float64(0.05)
3.6700 	EXP 	text: height = np.float64(0.05)
3.6700 	EXP 	text: text = 'Which one are you going to buy?'
3.6734 	EXP 	eyetracker.setRecordingState(False)
3.7047 	EXP 	text: height = np.float64(0.05)
3.7047 	EXP 	text: height = np.float64(0.05)
3.7047 	EXP 	text: height = np.float64(0.05)
3.7047 	EXP 	text: text = 'Which one are you going to buy?'
3.7072 	EXP 	eyetracker.setRecordingState(False)
3.7310 	EXP 	text: height = np.float64(0.05)
3.7310 	EXP 	text: height = np.float64(0.05)
3.7310 	EXP 	text: height = np.float64(0.05)
3.7310 	EXP 	text: text = 'Which one are you going to buy?'
3.7325 	EXP 	eyetracker.setRecordingState(False)
3.7436 	EXP 	text: height = np.float64(0.05)
3.7436 	EXP 	text: height = np.float64(0.05)
3.7436 	EXP 	text: height = np.float64(0.05)
3.7436 	EXP 	text: text = 'Which one are you going to buy?'
3.7443 	EXP 	eyetracker.setRecordingState(False)
3.7516 	EXP 	text: height = np.float64(0.05)
3.7516 	EXP 	text: height = np.float64(0.05)
3.7516 	EXP 	text: height = np.float64(0.05)
3.7516 	EXP 	text: text = 'Which one are you going to buy?'
3.7526 	EXP 	eyetracker.setRecordingState(False)
3.7600 	EXP 	text: height = np.float64(0.05)
3.7600 	EXP 	text: height = np.float64(0.05)
3.7600 	EXP 	text: height = np.float64(0.05)
3.7600 	EXP 	text: text = 'Which one are you going to buy?'
3.7606 	EXP 	eyetracker.setRecordingState(False)
3.7672 	EXP 	text: height = np.float64(0.05)
3.7672 	EXP 	text: height = np.float64(0.05)
3.7672 	EXP 	text: height = np.float64(0.05)
3.7672 	EXP 	text: text = 'Which one are you going to buy?'
3.7678 	EXP 	eyetracker.setRecordingState(False)
3.7766 	EXP 	text: height = np.float64(0.05)
3.7766 	EXP 	text: height = np.float64(0.05)
3.7766 	EXP 	text: height = np.float64(0.05)
3.7766 	EXP 	text: text = 'Which one are you going to buy?'
3.7774 	EXP 	eyetracker.setRecordingState(False)
3.7871 	EXP 	text: height = np.float64(0.05)
3.7871 	EXP 	text: height = np.float64(0.05)
3.7871 	EXP 	text: height = np.float64(0.05)
3.7871 	EXP 	text: text = 'Which one are you going to buy?'
3.7880 	EXP 	eyetracker.setRecordingState(False)
3.7982 	EXP 	text: height = np.float64(0.05)
3.7982 	EXP 	text: height = np.float64(0.05)
3.7982 	EXP 	text: height = np.float64(0.05)
3.7982 	EXP 	text: text = 'Which one are you going to buy?'
3.7994 	EXP 	eyetracker.setRecordingState(False)
3.8126 	EXP 	text: height = np.float64(0.05)
3.8126 	EXP 	text: height = np.float64(0.05)
3.8126 	EXP 	text: height = np.float64(0.05)
3.8126 	EXP 	text: text = 'Which one are you going to buy?'
3.8136 	EXP 	eyetracker.setRecordingState(False)
3.8242 	EXP 	text: height = np.float64(0.05)
3.8242 	EXP 	text: height = np.float64(0.05)
3.8242 	EXP 	text: height = np.float64(0.05)
3.8242 	EXP 	text: text = 'Which one are you going to buy?'
3.8252 	EXP 	eyetracker.setRecordingState(False)
3.8373 	EXP 	text: height = np.float64(0.05)
3.8373 	EXP 	text: height = np.float64(0.05)
3.8373 	EXP 	text: height = np.float64(0.05)
3.8373 	EXP 	text: text = 'Which one are you going to buy?'
3.8381 	EXP 	eyetracker.setRecordingState(False)
3.8479 	EXP 	text: height = np.float64(0.05)
3.8479 	EXP 	text: height = np.float64(0.05)
3.8479 	EXP 	text: height = np.float64(0.05)
3.8479 	EXP 	text: text = 'Which one are you going to buy?'
3.8488 	EXP 	eyetracker.setRecordingState(False)
3.8579 	EXP 	text: height = np.float64(0.05)
3.8579 	EXP 	text: height = np.float64(0.05)
3.8579 	EXP 	text: height = np.float64(0.05)
3.8579 	EXP 	text: text = 'Which one are you going to buy?'
3.8589 	EXP 	eyetracker.setRecordingState(False)
3.8677 	EXP 	text: height = np.float64(0.05)
3.8677 	EXP 	text: height = np.float64(0.05)
3.8677 	EXP 	text: height = np.float64(0.05)
3.8677 	EXP 	text: text = 'Which one are you going to buy?'
3.8685 	EXP 	eyetracker.setRecordingState(False)
3.8757 	EXP 	text: height = np.float64(0.05)
3.8757 	EXP 	text: height = np.float64(0.05)
3.8757 	EXP 	text: height = np.float64(0.05)
3.8757 	EXP 	text: text = 'Which one are you going to buy?'
3.8764 	EXP 	eyetracker.setRecordingState(False)
3.8835 	EXP 	text: height = np.float64(0.05)
3.8835 	EXP 	text: height = np.float64(0.05)
3.8835 	EXP 	text: height = np.float64(0.05)
3.8835 	EXP 	text: text = 'Which one are you going to buy?'
3.8842 	EXP 	eyetracker.setRecordingState(False)
3.8913 	EXP 	text: height = np.float64(0.05)
3.8913 	EXP 	text: height = np.float64(0.05)
3.8913 	EXP 	text: height = np.float64(0.05)
3.8913 	EXP 	text: text = 'Which one are you going to buy?'
3.8920 	EXP 	eyetracker.setRecordingState(False)
3.8998 	EXP 	text: height = np.float64(0.05)
3.8998 	EXP 	text: height = np.float64(0.05)
3.8998 	EXP 	text: height = np.float64(0.05)
3.8998 	EXP 	text: text = 'Which one are you going to buy?'
3.9006 	EXP 	eyetracker.setRecordingState(False)
3.9075 	EXP 	text: height = np.float64(0.05)
3.9075 	EXP 	text: height = np.float64(0.05)
3.9075 	EXP 	text: height = np.float64(0.05)
3.9075 	EXP 	text: text = 'Which one are you going to buy?'
3.9082 	EXP 	eyetracker.setRecordingState(False)
3.9159 	EXP 	text: height = np.float64(0.05)
3.9159 	EXP 	text: height = np.float64(0.05)
3.9159 	EXP 	text: height = np.float64(0.05)
3.9159 	EXP 	text: text = 'Which one are you going to buy?'
3.9165 	EXP 	eyetracker.setRecordingState(False)
3.9235 	EXP 	text: height = np.float64(0.05)
3.9235 	EXP 	text: height = np.float64(0.05)
3.9235 	EXP 	text: height = np.float64(0.05)
3.9235 	EXP 	text: text = 'Which one are you going to buy?'
3.9241 	EXP 	eyetracker.setRecordingState(False)
3.9313 	EXP 	text: height = np.float64(0.05)
3.9313 	EXP 	text: height = np.float64(0.05)
3.9313 	EXP 	text: height = np.float64(0.05)
3.9313 	EXP 	text: text = 'Which one are you going to buy?'
3.9319 	EXP 	eyetracker.setRecordingState(False)
3.9388 	EXP 	text: height = np.float64(0.05)
3.9388 	EXP 	text: height = np.float64(0.05)
3.9388 	EXP 	text: height = np.float64(0.05)
3.9388 	EXP 	text: text = 'Which one are you going to buy?'
3.9395 	EXP 	eyetracker.setRecordingState(False)
3.9477 	EXP 	text: height = np.float64(0.05)
3.9477 	EXP 	text: height = np.float64(0.05)
3.9477 	EXP 	text: height = np.float64(0.05)
3.9477 	EXP 	text: text = 'Which one are you going to buy?'
3.9483 	EXP 	eyetracker.setRecordingState(False)
3.9557 	EXP 	text: height = np.float64(0.05)
3.9557 	EXP 	text: height = np.float64(0.05)
3.9557 	EXP 	text: height = np.float64(0.05)
3.9557 	EXP 	text: text = 'Which one are you going to buy?'
3.9563 	EXP 	eyetracker.setRecordingState(False)
3.9638 	EXP 	text: height = np.float64(0.05)
3.9638 	EXP 	text: height = np.float64(0.05)
3.9638 	EXP 	text: height = np.float64(0.05)
3.9638 	EXP 	text: text = 'Which one are you going to buy?'
3.9643 	EXP 	eyetracker.setRecordingState(False)
3.9769 	EXP 	text: height = np.float64(0.05)
3.9769 	EXP 	text: height = np.float64(0.05)
3.9769 	EXP 	text: height = np.float64(0.05)
3.9769 	EXP 	text: text = 'Which one are you going to buy?'
3.9780 	EXP 	eyetracker.setRecordingState(False)
3.9850 	EXP 	text: height = np.float64(0.05)
3.9850 	EXP 	text: height = np.float64(0.05)
3.9850 	EXP 	text: height = np.float64(0.05)
3.9850 	EXP 	text: text = 'Which one are you going to buy?'
3.9856 	EXP 	eyetracker.setRecordingState(False)
3.9932 	EXP 	text: height = np.float64(0.05)
3.9932 	EXP 	text: height = np.float64(0.05)
3.9932 	EXP 	text: height = np.float64(0.05)
3.9932 	EXP 	text: text = 'Which one are you going to buy?'
3.9942 	EXP 	eyetracker.setRecordingState(False)
4.0033 	EXP 	text: height = np.float64(0.05)
4.0033 	EXP 	text: height = np.float64(0.05)
4.0033 	EXP 	text: height = np.float64(0.05)
4.0033 	EXP 	text: text = 'Which one are you going to buy?'
4.0039 	EXP 	eyetracker.setRecordingState(False)
4.0119 	EXP 	text: height = np.float64(0.05)
4.0119 	EXP 	text: height = np.float64(0.05)
4.0119 	EXP 	text: height = np.float64(0.05)
4.0119 	EXP 	text: text = 'Which one are you going to buy?'
4.0125 	EXP 	eyetracker.setRecordingState(False)
4.0194 	EXP 	text: height = np.float64(0.05)
4.0194 	EXP 	text: height = np.float64(0.05)
4.0194 	EXP 	text: height = np.float64(0.05)
4.0194 	EXP 	text: text = 'Which one are you going to buy?'
4.0200 	EXP 	eyetracker.setRecordingState(False)
4.0271 	EXP 	text: height = np.float64(0.05)
4.0271 	EXP 	text: height = np.float64(0.05)
4.0271 	EXP 	text: height = np.float64(0.05)
4.0271 	EXP 	text: text = 'Which one are you going to buy?'
4.0277 	EXP 	eyetracker.setRecordingState(False)
4.0340 	EXP 	text: height = np.float64(0.05)
4.0340 	EXP 	text: height = np.float64(0.05)
4.0340 	EXP 	text: height = np.float64(0.05)
4.0340 	EXP 	text: text = 'Which one are you going to buy?'
4.0346 	EXP 	eyetracker.setRecordingState(False)
4.0411 	EXP 	text: height = np.float64(0.05)
4.0411 	EXP 	text: height = np.float64(0.05)
4.0411 	EXP 	text: height = np.float64(0.05)
4.0411 	EXP 	text: text = 'Which one are you going to buy?'
4.0416 	EXP 	eyetracker.setRecordingState(False)
4.0482 	EXP 	text: height = np.float64(0.05)
4.0482 	EXP 	text: height = np.float64(0.05)
4.0482 	EXP 	text: height = np.float64(0.05)
4.0482 	EXP 	text: text = 'Which one are you going to buy?'
4.0488 	EXP 	eyetracker.setRecordingState(False)
4.0551 	EXP 	text: height = np.float64(0.05)
4.0551 	EXP 	text: height = np.float64(0.05)
4.0551 	EXP 	text: height = np.float64(0.05)
4.0551 	EXP 	text: text = 'Which one are you going to buy?'
4.0557 	EXP 	eyetracker.setRecordingState(False)
4.0632 	EXP 	text: height = np.float64(0.05)
4.0632 	EXP 	text: height = np.float64(0.05)
4.0632 	EXP 	text: height = np.float64(0.05)
4.0632 	EXP 	text: text = 'Which one are you going to buy?'
4.0638 	EXP 	eyetracker.setRecordingState(False)
4.0702 	EXP 	text: height = np.float64(0.05)
4.0702 	EXP 	text: height = np.float64(0.05)
4.0702 	EXP 	text: height = np.float64(0.05)
4.0702 	EXP 	text: text = 'Which one are you going to buy?'
4.0709 	EXP 	eyetracker.setRecordingState(False)
4.0779 	EXP 	text: height = np.float64(0.05)
4.0779 	EXP 	text: height = np.float64(0.05)
4.0779 	EXP 	text: height = np.float64(0.05)
4.0779 	EXP 	text: text = 'Which one are you going to buy?'
4.0790 	EXP 	eyetracker.setRecordingState(False)
4.0854 	EXP 	text: height = np.float64(0.05)
4.0854 	EXP 	text: height = np.float64(0.05)
4.0854 	EXP 	text: height = np.float64(0.05)
4.0854 	EXP 	text: text = 'Which one are you going to buy?'
4.0861 	EXP 	eyetracker.setRecordingState(False)
4.0932 	EXP 	text: height = np.float64(0.05)
4.0932 	EXP 	text: height = np.float64(0.05)
4.0932 	EXP 	text: height = np.float64(0.05)
4.0932 	EXP 	text: text = 'Which one are you going to buy?'
4.0940 	EXP 	eyetracker.setRecordingState(False)
4.1010 	EXP 	text: height = np.float64(0.05)
4.1010 	EXP 	text: height = np.float64(0.05)
4.1010 	EXP 	text: height = np.float64(0.05)
4.1010 	EXP 	text: text = 'Which one are you going to buy?'
4.1017 	EXP 	eyetracker.setRecordingState(False)
4.1082 	EXP 	text: height = np.float64(0.05)
4.1082 	EXP 	text: height = np.float64(0.05)
4.1082 	EXP 	text: height = np.float64(0.05)
4.1082 	EXP 	text: text = 'Which one are you going to buy?'
4.1087 	EXP 	eyetracker.setRecordingState(False)
4.1152 	EXP 	text: height = np.float64(0.05)
4.1152 	EXP 	text: height = np.float64(0.05)
4.1152 	EXP 	text: height = np.float64(0.05)
4.1152 	EXP 	text: text = 'Which one are you going to buy?'
4.1157 	EXP 	eyetracker.setRecordingState(False)
4.1222 	EXP 	text: height = np.float64(0.05)
4.1222 	EXP 	text: height = np.float64(0.05)
4.1222 	EXP 	text: height = np.float64(0.05)
4.1222 	EXP 	text: text = 'Which one are you going to buy?'
4.1228 	EXP 	eyetracker.setRecordingState(False)
4.1292 	EXP 	text: height = np.float64(0.05)
4.1292 	EXP 	text: height = np.float64(0.05)
4.1292 	EXP 	text: height = np.float64(0.05)
4.1292 	EXP 	text: text = 'Which one are you going to buy?'
4.1303 	EXP 	eyetracker.setRecordingState(False)
4.1370 	EXP 	text: height = np.float64(0.05)
4.1370 	EXP 	text: height = np.float64(0.05)
4.1370 	EXP 	text: height = np.float64(0.05)
4.1370 	EXP 	text: text = 'Which one are you going to buy?'
4.1376 	EXP 	eyetracker.setRecordingState(False)
4.1447 	EXP 	text: height = np.float64(0.05)
4.1447 	EXP 	text: height = np.float64(0.05)
4.1447 	EXP 	text: height = np.float64(0.05)
4.1447 	EXP 	text: text = 'Which one are you going to buy?'
4.1454 	EXP 	eyetracker.setRecordingState(False)
4.1538 	EXP 	text: height = np.float64(0.05)
4.1538 	EXP 	text: height = np.float64(0.05)
4.1538 	EXP 	text: height = np.float64(0.05)
4.1538 	EXP 	text: text = 'Which one are you going to buy?'
4.1548 	EXP 	eyetracker.setRecordingState(False)
4.1618 	EXP 	text: height = np.float64(0.05)
4.1618 	EXP 	text: height = np.float64(0.05)
4.1618 	EXP 	text: height = np.float64(0.05)
4.1618 	EXP 	text: text = 'Which one are you going to buy?'
4.1630 	EXP 	eyetracker.setRecordingState(False)
4.1724 	EXP 	text: height = np.float64(0.05)
4.1724 	EXP 	text: height = np.float64(0.05)
4.1724 	EXP 	text: height = np.float64(0.05)
4.1724 	EXP 	text: text = 'Which one are you going to buy?'
4.1734 	EXP 	eyetracker.setRecordingState(False)
4.1829 	EXP 	text: height = np.float64(0.05)
4.1829 	EXP 	text: height = np.float64(0.05)
4.1829 	EXP 	text: height = np.float64(0.05)
4.1829 	EXP 	text: text = 'Which one are you going to buy?'
4.1841 	EXP 	eyetracker.setRecordingState(False)
4.1934 	EXP 	text: height = np.float64(0.05)
4.1934 	EXP 	text: height = np.float64(0.05)
4.1934 	EXP 	text: height = np.float64(0.05)
4.1934 	EXP 	text: text = 'Which one are you going to buy?'
4.1948 	EXP 	eyetracker.setRecordingState(False)
4.2057 	EXP 	text: height = np.float64(0.05)
4.2057 	EXP 	text: height = np.float64(0.05)
4.2057 	EXP 	text: height = np.float64(0.05)
4.2057 	EXP 	text: text = 'Which one are you going to buy?'
4.2070 	EXP 	eyetracker.setRecordingState(False)
4.2171 	EXP 	text: height = np.float64(0.05)
4.2171 	EXP 	text: height = np.float64(0.05)
4.2171 	EXP 	text: height = np.float64(0.05)
4.2171 	EXP 	text: text = 'Which one are you going to buy?'
4.2187 	EXP 	eyetracker.setRecordingState(False)
4.2286 	EXP 	text: height = np.float64(0.05)
4.2286 	EXP 	text: height = np.float64(0.05)
4.2286 	EXP 	text: height = np.float64(0.05)
4.2286 	EXP 	text: text = 'Which one are you going to buy?'
4.2299 	EXP 	eyetracker.setRecordingState(False)
4.2394 	EXP 	text: height = np.float64(0.05)
4.2394 	EXP 	text: height = np.float64(0.05)
4.2394 	EXP 	text: height = np.float64(0.05)
4.2394 	EXP 	text: text = 'Which one are you going to buy?'
4.2405 	EXP 	eyetracker.setRecordingState(False)
4.2514 	EXP 	text: height = np.float64(0.05)
4.2514 	EXP 	text: height = np.float64(0.05)
4.2514 	EXP 	text: height = np.float64(0.05)
4.2514 	EXP 	text: text = 'Which one are you going to buy?'
4.2526 	EXP 	eyetracker.setRecordingState(False)
4.2612 	EXP 	text: height = np.float64(0.05)
4.2612 	EXP 	text: height = np.float64(0.05)
4.2612 	EXP 	text: height = np.float64(0.05)
4.2612 	EXP 	text: text = 'Which one are you going to buy?'
4.2624 	EXP 	eyetracker.setRecordingState(False)
4.2711 	EXP 	text: height = np.float64(0.05)
4.2711 	EXP 	text: height = np.float64(0.05)
4.2711 	EXP 	text: height = np.float64(0.05)
4.2711 	EXP 	text: text = 'Which one are you going to buy?'
4.2724 	EXP 	eyetracker.setRecordingState(False)
4.2922 	EXP 	text: height = np.float64(0.05)
4.2922 	EXP 	text: height = np.float64(0.05)
4.2922 	EXP 	text: height = np.float64(0.05)
4.2922 	EXP 	text: text = 'Which one are you going to buy?'
4.2934 	EXP 	eyetracker.setRecordingState(False)
4.3048 	EXP 	text: height = np.float64(0.05)
4.3048 	EXP 	text: height = np.float64(0.05)
4.3048 	EXP 	text: height = np.float64(0.05)
4.3048 	EXP 	text: text = 'Which one are you going to buy?'
4.3070 	EXP 	eyetracker.setRecordingState(False)
4.3199 	EXP 	text: height = np.float64(0.05)
4.3199 	EXP 	text: height = np.float64(0.05)
4.3199 	EXP 	text: height = np.float64(0.05)
4.3199 	EXP 	text: text = 'Which one are you going to buy?'
4.3217 	EXP 	eyetracker.setRecordingState(False)
4.3343 	EXP 	text: height = np.float64(0.05)
4.3343 	EXP 	text: height = np.float64(0.05)
4.3343 	EXP 	text: height = np.float64(0.05)
4.3343 	EXP 	text: text = 'Which one are you going to buy?'
4.3361 	EXP 	eyetracker.setRecordingState(False)
4.3460 	EXP 	text: height = np.float64(0.05)
4.3460 	EXP 	text: height = np.float64(0.05)
4.3460 	EXP 	text: height = np.float64(0.05)
4.3460 	EXP 	text: text = 'Which one are you going to buy?'
4.3477 	EXP 	eyetracker.setRecordingState(False)
4.3587 	EXP 	text: height = np.float64(0.05)
4.3587 	EXP 	text: height = np.float64(0.05)
4.3587 	EXP 	text: height = np.float64(0.05)
4.3587 	EXP 	text: text = 'Which one are you going to buy?'
4.3605 	EXP 	eyetracker.setRecordingState(False)
4.3771 	EXP 	text: height = np.float64(0.05)
4.3771 	EXP 	text: height = np.float64(0.05)
4.3771 	EXP 	text: height = np.float64(0.05)
4.3771 	EXP 	text: text = 'Which one are you going to buy?'
4.3785 	EXP 	eyetracker.setRecordingState(False)
4.3914 	EXP 	text: height = np.float64(0.05)
4.3914 	EXP 	text: height = np.float64(0.05)
4.3914 	EXP 	text: height = np.float64(0.05)
4.3914 	EXP 	text: text = 'Which one are you going to buy?'
4.3927 	EXP 	eyetracker.setRecordingState(False)
4.4039 	EXP 	text: height = np.float64(0.05)
4.4039 	EXP 	text: height = np.float64(0.05)
4.4039 	EXP 	text: height = np.float64(0.05)
4.4039 	EXP 	text: text = 'Which one are you going to buy?'
4.4051 	EXP 	eyetracker.setRecordingState(False)
4.4163 	EXP 	text: height = np.float64(0.05)
4.4163 	EXP 	text: height = np.float64(0.05)
4.4163 	EXP 	text: height = np.float64(0.05)
4.4163 	EXP 	text: text = 'Which one are you going to buy?'
4.4205 	EXP 	eyetracker.setRecordingState(False)
4.4326 	EXP 	text: height = np.float64(0.05)
4.4326 	EXP 	text: height = np.float64(0.05)
4.4326 	EXP 	text: height = np.float64(0.05)
4.4326 	EXP 	text: text = 'Which one are you going to buy?'
4.4336 	EXP 	eyetracker.setRecordingState(False)
4.4465 	EXP 	text: height = np.float64(0.05)
4.4465 	EXP 	text: height = np.float64(0.05)
4.4465 	EXP 	text: height = np.float64(0.05)
4.4465 	EXP 	text: text = 'Which one are you going to buy?'
4.4476 	EXP 	eyetracker.setRecordingState(False)
4.4572 	EXP 	text: height = np.float64(0.05)
4.4572 	EXP 	text: height = np.float64(0.05)
4.4572 	EXP 	text: height = np.float64(0.05)
4.4572 	EXP 	text: text = 'Which one are you going to buy?'
4.4588 	EXP 	eyetracker.setRecordingState(False)
4.4702 	EXP 	text: height = np.float64(0.05)
4.4702 	EXP 	text: height = np.float64(0.05)
4.4702 	EXP 	text: height = np.float64(0.05)
4.4702 	EXP 	text: text = 'Which one are you going to buy?'
4.4717 	EXP 	eyetracker.setRecordingState(False)
4.4822 	EXP 	text: height = np.float64(0.05)
4.4822 	EXP 	text: height = np.float64(0.05)
4.4822 	EXP 	text: height = np.float64(0.05)
4.4822 	EXP 	text: text = 'Which one are you going to buy?'
4.4836 	EXP 	eyetracker.setRecordingState(False)
4.4943 	EXP 	text: height = np.float64(0.05)
4.4943 	EXP 	text: height = np.float64(0.05)
4.4943 	EXP 	text: height = np.float64(0.05)
4.4943 	EXP 	text: text = 'Which one are you going to buy?'
4.4957 	EXP 	eyetracker.setRecordingState(False)
4.5056 	EXP 	text: height = np.float64(0.05)
4.5056 	EXP 	text: height = np.float64(0.05)
4.5056 	EXP 	text: height = np.float64(0.05)
4.5056 	EXP 	text: text = 'Which one are you going to buy?'
4.5071 	EXP 	eyetracker.setRecordingState(False)
4.5153 	EXP 	text: height = np.float64(0.05)
4.5153 	EXP 	text: height = np.float64(0.05)
4.5153 	EXP 	text: height = np.float64(0.05)
4.5153 	EXP 	text: text = 'Which one are you going to buy?'
4.5161 	EXP 	eyetracker.setRecordingState(False)
4.5245 	EXP 	text: height = np.float64(0.05)
4.5245 	EXP 	text: height = np.float64(0.05)
4.5245 	EXP 	text: height = np.float64(0.05)
4.5245 	EXP 	text: text = 'Which one are you going to buy?'
4.5260 	EXP 	eyetracker.setRecordingState(False)
4.5372 	EXP 	text: height = np.float64(0.05)
4.5372 	EXP 	text: height = np.float64(0.05)
4.5372 	EXP 	text: height = np.float64(0.05)
4.5372 	EXP 	text: text = 'Which one are you going to buy?'
4.5383 	EXP 	eyetracker.setRecordingState(False)
4.5475 	EXP 	text: height = np.float64(0.05)
4.5475 	EXP 	text: height = np.float64(0.05)
4.5475 	EXP 	text: height = np.float64(0.05)
4.5475 	EXP 	text: text = 'Which one are you going to buy?'
4.5488 	EXP 	eyetracker.setRecordingState(False)
4.5611 	EXP 	text: height = np.float64(0.05)
4.5611 	EXP 	text: height = np.float64(0.05)
4.5611 	EXP 	text: height = np.float64(0.05)
4.5611 	EXP 	text: text = 'Which one are you going to buy?'
4.5625 	EXP 	eyetracker.setRecordingState(False)
4.5724 	EXP 	text: height = np.float64(0.05)
4.5724 	EXP 	text: height = np.float64(0.05)
4.5724 	EXP 	text: height = np.float64(0.05)
4.5724 	EXP 	text: text = 'Which one are you going to buy?'
4.5740 	EXP 	eyetracker.setRecordingState(False)
4.5840 	EXP 	text: height = np.float64(0.05)
4.5840 	EXP 	text: height = np.float64(0.05)
4.5840 	EXP 	text: height = np.float64(0.05)
4.5840 	EXP 	text: text = 'Which one are you going to buy?'
4.5851 	EXP 	eyetracker.setRecordingState(False)
4.5986 	EXP 	text: height = np.float64(0.05)
4.5986 	EXP 	text: height = np.float64(0.05)
4.5986 	EXP 	text: height = np.float64(0.05)
4.5986 	EXP 	text: text = 'Which one are you going to buy?'
4.5998 	EXP 	eyetracker.setRecordingState(False)
4.6094 	EXP 	text: height = np.float64(0.05)
4.6094 	EXP 	text: height = np.float64(0.05)
4.6094 	EXP 	text: height = np.float64(0.05)
4.6094 	EXP 	text: text = 'Which one are you going to buy?'
4.6108 	EXP 	eyetracker.setRecordingState(False)
4.6213 	EXP 	text: height = np.float64(0.05)
4.6213 	EXP 	text: height = np.float64(0.05)
4.6213 	EXP 	text: height = np.float64(0.05)
4.6213 	EXP 	text: text = 'Which one are you going to buy?'
4.6233 	EXP 	eyetracker.setRecordingState(False)
4.6330 	EXP 	text: height = np.float64(0.05)
4.6330 	EXP 	text: height = np.float64(0.05)
4.6330 	EXP 	text: height = np.float64(0.05)
4.6330 	EXP 	text: text = 'Which one are you going to buy?'
4.6347 	EXP 	eyetracker.setRecordingState(False)
4.6483 	EXP 	text: height = np.float64(0.05)
4.6483 	EXP 	text: height = np.float64(0.05)
4.6483 	EXP 	text: height = np.float64(0.05)
4.6483 	EXP 	text: text = 'Which one are you going to buy?'
4.6505 	EXP 	eyetracker.setRecordingState(False)
4.6609 	EXP 	text: height = np.float64(0.05)
4.6609 	EXP 	text: height = np.float64(0.05)
4.6609 	EXP 	text: height = np.float64(0.05)
4.6609 	EXP 	text: text = 'Which one are you going to buy?'
4.6628 	EXP 	eyetracker.setRecordingState(False)
4.6790 	EXP 	text: height = np.float64(0.05)
4.6790 	EXP 	text: height = np.float64(0.05)
4.6790 	EXP 	text: height = np.float64(0.05)
4.6790 	EXP 	text: text = 'Which one are you going to buy?'
4.6801 	EXP 	eyetracker.setRecordingState(False)
4.7079 	EXP 	text: height = np.float64(0.05)
4.7079 	EXP 	text: height = np.float64(0.05)
4.7079 	EXP 	text: height = np.float64(0.05)
4.7079 	EXP 	text: text = 'Which one are you going to buy?'
4.7097 	EXP 	eyetracker.setRecordingState(False)
4.7392 	EXP 	text: height = np.float64(0.05)
4.7392 	EXP 	text: height = np.float64(0.05)
4.7392 	EXP 	text: height = np.float64(0.05)
4.7392 	EXP 	text: text = 'Which one are you going to buy?'
4.7424 	EXP 	eyetracker.setRecordingState(False)
4.7725 	EXP 	text: height = np.float64(0.05)
4.7725 	EXP 	text: height = np.float64(0.05)
4.7725 	EXP 	text: height = np.float64(0.05)
4.7725 	EXP 	text: text = 'Which one are you going to buy?'
4.7750 	EXP 	eyetracker.setRecordingState(False)
4.7953 	EXP 	text: height = np.float64(0.05)
4.7953 	EXP 	text: height = np.float64(0.05)
4.7953 	EXP 	text: height = np.float64(0.05)
4.7953 	EXP 	text: text = 'Which one are you going to buy?'
4.7980 	EXP 	eyetracker.setRecordingState(False)
4.8127 	EXP 	text: height = np.float64(0.05)
4.8127 	EXP 	text: height = np.float64(0.05)
4.8127 	EXP 	text: height = np.float64(0.05)
4.8127 	EXP 	text: text = 'Which one are you going to buy?'
4.8141 	EXP 	eyetracker.setRecordingState(False)
4.8246 	EXP 	text: height = np.float64(0.05)
4.8246 	EXP 	text: height = np.float64(0.05)
4.8246 	EXP 	text: height = np.float64(0.05)
4.8246 	EXP 	text: text = 'Which one are you going to buy?'
4.8254 	EXP 	eyetracker.setRecordingState(False)
4.8340 	EXP 	text: height = np.float64(0.05)
4.8340 	EXP 	text: height = np.float64(0.05)
4.8340 	EXP 	text: height = np.float64(0.05)
4.8340 	EXP 	text: text = 'Which one are you going to buy?'
4.8346 	EXP 	eyetracker.setRecordingState(False)
4.8417 	EXP 	text: height = np.float64(0.05)
4.8417 	EXP 	text: height = np.float64(0.05)
4.8417 	EXP 	text: height = np.float64(0.05)
4.8417 	EXP 	text: text = 'Which one are you going to buy?'
4.8427 	EXP 	eyetracker.setRecordingState(False)
4.8630 	EXP 	text: height = np.float64(0.05)
4.8630 	EXP 	text: height = np.float64(0.05)
4.8630 	EXP 	text: height = np.float64(0.05)
4.8630 	EXP 	text: text = 'Which one are you going to buy?'
4.8638 	EXP 	eyetracker.setRecordingState(False)
4.8920 	EXP 	text: height = np.float64(0.05)
4.8920 	EXP 	text: height = np.float64(0.05)
4.8920 	EXP 	text: height = np.float64(0.05)
4.8920 	EXP 	text: text = 'Which one are you going to buy?'
4.8932 	EXP 	eyetracker.setRecordingState(False)
4.9033 	EXP 	text: height = np.float64(0.05)
4.9033 	EXP 	text: height = np.float64(0.05)
4.9033 	EXP 	text: height = np.float64(0.05)
4.9033 	EXP 	text: text = 'Which one are you going to buy?'
4.9041 	EXP 	eyetracker.setRecordingState(False)
4.9119 	EXP 	text: height = np.float64(0.05)
4.9119 	EXP 	text: height = np.float64(0.05)
4.9119 	EXP 	text: height = np.float64(0.05)
4.9119 	EXP 	text: text = 'Which one are you going to buy?'
4.9131 	EXP 	eyetracker.setRecordingState(False)
4.9210 	EXP 	text: height = np.float64(0.05)
4.9210 	EXP 	text: height = np.float64(0.05)
4.9210 	EXP 	text: height = np.float64(0.05)
4.9210 	EXP 	text: text = 'Which one are you going to buy?'
4.9217 	EXP 	eyetracker.setRecordingState(False)
4.9299 	EXP 	text: height = np.float64(0.05)
4.9299 	EXP 	text: height = np.float64(0.05)
4.9299 	EXP 	text: height = np.float64(0.05)
4.9299 	EXP 	text: text = 'Which one are you going to buy?'
4.9310 	EXP 	eyetracker.setRecordingState(False)
4.9469 	EXP 	text: height = np.float64(0.05)
4.9469 	EXP 	text: height = np.float64(0.05)
4.9469 	EXP 	text: height = np.float64(0.05)
4.9469 	EXP 	text: text = 'Which one are you going to buy?'
4.9488 	EXP 	eyetracker.setRecordingState(False)
4.9745 	EXP 	text: height = np.float64(0.05)
4.9745 	EXP 	text: height = np.float64(0.05)
4.9745 	EXP 	text: height = np.float64(0.05)
4.9745 	EXP 	text: text = 'Which one are you going to buy?'
4.9769 	EXP 	eyetracker.setRecordingState(False)
4.9982 	EXP 	text: height = np.float64(0.05)
4.9982 	EXP 	text: height = np.float64(0.05)
4.9982 	EXP 	text: height = np.float64(0.05)
4.9982 	EXP 	text: text = 'Which one are you going to buy?'
4.9997 	EXP 	eyetracker.setRecordingState(False)
5.0287 	EXP 	text: height = np.float64(0.05)
5.0287 	EXP 	text: height = np.float64(0.05)
5.0287 	EXP 	text: height = np.float64(0.05)
5.0287 	EXP 	text: text = 'Which one are you going to buy?'
5.0309 	EXP 	eyetracker.setRecordingState(False)
5.0566 	EXP 	text: height = np.float64(0.05)
5.0566 	EXP 	text: height = np.float64(0.05)
5.0566 	EXP 	text: height = np.float64(0.05)
5.0566 	EXP 	text: text = 'Which one are you going to buy?'
5.0578 	EXP 	eyetracker.setRecordingState(False)
5.0753 	EXP 	text: height = np.float64(0.05)
5.0753 	EXP 	text: height = np.float64(0.05)
5.0753 	EXP 	text: height = np.float64(0.05)
5.0753 	EXP 	text: text = 'Which one are you going to buy?'
5.0763 	EXP 	eyetracker.setRecordingState(False)
5.0888 	EXP 	text: height = np.float64(0.05)
5.0888 	EXP 	text: height = np.float64(0.05)
5.0888 	EXP 	text: height = np.float64(0.05)
5.0888 	EXP 	text: text = 'Which one are you going to buy?'
5.0894 	EXP 	eyetracker.setRecordingState(False)
5.0980 	EXP 	text: height = np.float64(0.05)
5.0980 	EXP 	text: height = np.float64(0.05)
5.0980 	EXP 	text: height = np.float64(0.05)
5.0980 	EXP 	text: text = 'Which one are you going to buy?'
5.0989 	EXP 	eyetracker.setRecordingState(False)
5.1112 	EXP 	text: height = np.float64(0.05)
5.1112 	EXP 	text: height = np.float64(0.05)
5.1112 	EXP 	text: height = np.float64(0.05)
5.1112 	EXP 	text: text = 'Which one are you going to buy?'
5.1121 	EXP 	eyetracker.setRecordingState(False)
5.1339 	EXP 	text: height = np.float64(0.05)
5.1339 	EXP 	text: height = np.float64(0.05)
5.1339 	EXP 	text: height = np.float64(0.05)
5.1339 	EXP 	text: text = 'Which one are you going to buy?'
5.1352 	EXP 	eyetracker.setRecordingState(False)
5.1592 	EXP 	text: height = np.float64(0.05)
5.1592 	EXP 	text: height = np.float64(0.05)
5.1592 	EXP 	text: height = np.float64(0.05)
5.1592 	EXP 	text: text = 'Which one are you going to buy?'
5.1627 	EXP 	eyetracker.setRecordingState(False)
5.1864 	EXP 	text: height = np.float64(0.05)
5.1864 	EXP 	text: height = np.float64(0.05)
5.1864 	EXP 	text: height = np.float64(0.05)
5.1864 	EXP 	text: text = 'Which one are you going to buy?'
5.1890 	EXP 	eyetracker.setRecordingState(False)
5.2180 	EXP 	text: height = np.float64(0.05)
5.2180 	EXP 	text: height = np.float64(0.05)
5.2180 	EXP 	text: height = np.float64(0.05)
5.2180 	EXP 	text: text = 'Which one are you going to buy?'
5.2205 	EXP 	eyetracker.setRecordingState(False)
5.2522 	EXP 	text: height = np.float64(0.05)
5.2522 	EXP 	text: height = np.float64(0.05)
5.2522 	EXP 	text: height = np.float64(0.05)
5.2522 	EXP 	text: text = 'Which one are you going to buy?'
5.2547 	EXP 	eyetracker.setRecordingState(False)
5.2902 	EXP 	text: height = np.float64(0.05)
5.2902 	EXP 	text: height = np.float64(0.05)
5.2902 	EXP 	text: height = np.float64(0.05)
5.2902 	EXP 	text: text = 'Which one are you going to buy?'
5.2932 	EXP 	eyetracker.setRecordingState(False)
5.3229 	EXP 	text: height = np.float64(0.05)
5.3229 	EXP 	text: height = np.float64(0.05)
5.3229 	EXP 	text: height = np.float64(0.05)
5.3229 	EXP 	text: text = 'Which one are you going to buy?'
5.3259 	EXP 	eyetracker.setRecordingState(False)
5.3548 	EXP 	text: height = np.float64(0.05)
5.3548 	EXP 	text: height = np.float64(0.05)
5.3548 	EXP 	text: height = np.float64(0.05)
5.3548 	EXP 	text: text = 'Which one are you going to buy?'
5.3566 	EXP 	eyetracker.setRecordingState(False)
5.3833 	EXP 	text: height = np.float64(0.05)
5.3833 	EXP 	text: height = np.float64(0.05)
5.3833 	EXP 	text: height = np.float64(0.05)
5.3833 	EXP 	text: text = 'Which one are you going to buy?'
5.3865 	EXP 	eyetracker.setRecordingState(False)
5.4155 	EXP 	text: height = np.float64(0.05)
5.4155 	EXP 	text: height = np.float64(0.05)
5.4155 	EXP 	text: height = np.float64(0.05)
5.4155 	EXP 	text: text = 'Which one are you going to buy?'
5.4178 	EXP 	eyetracker.setRecordingState(False)
5.4476 	EXP 	text: height = np.float64(0.05)
5.4476 	EXP 	text: height = np.float64(0.05)
5.4476 	EXP 	text: height = np.float64(0.05)
5.4476 	EXP 	text: text = 'Which one are you going to buy?'
5.4501 	EXP 	eyetracker.setRecordingState(False)
5.4812 	EXP 	text: height = np.float64(0.05)
5.4812 	EXP 	text: height = np.float64(0.05)
5.4812 	EXP 	text: height = np.float64(0.05)
5.4812 	EXP 	text: text = 'Which one are you going to buy?'
5.4838 	EXP 	eyetracker.setRecordingState(False)
5.5167 	EXP 	text: height = np.float64(0.05)
5.5167 	EXP 	text: height = np.float64(0.05)
5.5167 	EXP 	text: height = np.float64(0.05)
5.5167 	EXP 	text: text = 'Which one are you going to buy?'
5.5206 	EXP 	eyetracker.setRecordingState(False)
5.5511 	EXP 	text: height = np.float64(0.05)
5.5511 	EXP 	text: height = np.float64(0.05)
5.5511 	EXP 	text: height = np.float64(0.05)
5.5511 	EXP 	text: text = 'Which one are you going to buy?'
5.5538 	EXP 	eyetracker.setRecordingState(False)
5.5832 	EXP 	text: height = np.float64(0.05)
5.5832 	EXP 	text: height = np.float64(0.05)
5.5832 	EXP 	text: height = np.float64(0.05)
5.5832 	EXP 	text: text = 'Which one are you going to buy?'
5.5853 	EXP 	eyetracker.setRecordingState(False)
5.6148 	EXP 	text: height = np.float64(0.05)
5.6148 	EXP 	text: height = np.float64(0.05)
5.6148 	EXP 	text: height = np.float64(0.05)
5.6148 	EXP 	text: text = 'Which one are you going to buy?'
5.6171 	EXP 	eyetracker.setRecordingState(False)
5.6383 	EXP 	text: height = np.float64(0.05)
5.6383 	EXP 	text: height = np.float64(0.05)
5.6383 	EXP 	text: height = np.float64(0.05)
5.6383 	EXP 	text: text = 'Which one are you going to buy?'
5.6399 	EXP 	eyetracker.setRecordingState(False)
5.6634 	EXP 	text: height = np.float64(0.05)
5.6634 	EXP 	text: height = np.float64(0.05)
5.6634 	EXP 	text: height = np.float64(0.05)
5.6634 	EXP 	text: text = 'Which one are you going to buy?'
5.6679 	EXP 	eyetracker.setRecordingState(False)
5.6877 	EXP 	text: height = np.float64(0.05)
5.6877 	EXP 	text: height = np.float64(0.05)
5.6877 	EXP 	text: height = np.float64(0.05)
5.6877 	EXP 	text: text = 'Which one are you going to buy?'
5.6892 	EXP 	eyetracker.setRecordingState(False)
5.7149 	EXP 	text: height = np.float64(0.05)
5.7149 	EXP 	text: height = np.float64(0.05)
5.7149 	EXP 	text: height = np.float64(0.05)
5.7149 	EXP 	text: text = 'Which one are you going to buy?'
5.7176 	EXP 	eyetracker.setRecordingState(False)
5.7418 	EXP 	text: height = np.float64(0.05)
5.7418 	EXP 	text: height = np.float64(0.05)
5.7418 	EXP 	text: height = np.float64(0.05)
5.7418 	EXP 	text: text = 'Which one are you going to buy?'
5.7443 	EXP 	eyetracker.setRecordingState(False)
5.7730 	EXP 	text: height = np.float64(0.05)
5.7730 	EXP 	text: height = np.float64(0.05)
5.7730 	EXP 	text: height = np.float64(0.05)
5.7730 	EXP 	text: text = 'Which one are you going to buy?'
5.7761 	EXP 	eyetracker.setRecordingState(False)
5.8072 	EXP 	text: height = np.float64(0.05)
5.8072 	EXP 	text: height = np.float64(0.05)
5.8072 	EXP 	text: height = np.float64(0.05)
5.8072 	EXP 	text: text = 'Which one are you going to buy?'
5.8102 	EXP 	eyetracker.setRecordingState(False)
5.8421 	EXP 	text: height = np.float64(0.05)
5.8421 	EXP 	text: height = np.float64(0.05)
5.8421 	EXP 	text: height = np.float64(0.05)
5.8421 	EXP 	text: text = 'Which one are you going to buy?'
5.8449 	EXP 	eyetracker.setRecordingState(False)
5.8768 	EXP 	text: height = np.float64(0.05)
5.8768 	EXP 	text: height = np.float64(0.05)
5.8768 	EXP 	text: height = np.float64(0.05)
5.8768 	EXP 	text: text = 'Which one are you going to buy?'
5.8796 	EXP 	eyetracker.setRecordingState(False)
5.9092 	EXP 	text: height = np.float64(0.05)
5.9092 	EXP 	text: height = np.float64(0.05)
5.9092 	EXP 	text: height = np.float64(0.05)
5.9092 	EXP 	text: text = 'Which one are you going to buy?'
5.9122 	EXP 	eyetracker.setRecordingState(False)
5.9430 	EXP 	text: height = np.float64(0.05)
5.9430 	EXP 	text: height = np.float64(0.05)
5.9430 	EXP 	text: height = np.float64(0.05)
5.9430 	EXP 	text: text = 'Which one are you going to buy?'
5.9455 	EXP 	eyetracker.setRecordingState(False)
5.9742 	EXP 	text: height = np.float64(0.05)
5.9742 	EXP 	text: height = np.float64(0.05)
5.9742 	EXP 	text: height = np.float64(0.05)
5.9742 	EXP 	text: text = 'Which one are you going to buy?'
5.9771 	EXP 	eyetracker.setRecordingState(False)
6.0038 	EXP 	text: height = np.float64(0.05)
6.0038 	EXP 	text: height = np.float64(0.05)
6.0038 	EXP 	text: height = np.float64(0.05)
6.0038 	EXP 	text: text = 'Which one are you going to buy?'
6.0067 	EXP 	eyetracker.setRecordingState(False)
6.0364 	EXP 	text: height = np.float64(0.05)
6.0364 	EXP 	text: height = np.float64(0.05)
6.0364 	EXP 	text: height = np.float64(0.05)
6.0364 	EXP 	text: text = 'Which one are you going to buy?'
6.0392 	EXP 	eyetracker.setRecordingState(False)
6.0653 	EXP 	text: height = np.float64(0.05)
6.0653 	EXP 	text: height = np.float64(0.05)
6.0653 	EXP 	text: height = np.float64(0.05)
6.0653 	EXP 	text: text = 'Which one are you going to buy?'
6.0687 	EXP 	eyetracker.setRecordingState(False)
6.1007 	EXP 	text: height = np.float64(0.05)
6.1007 	EXP 	text: height = np.float64(0.05)
6.1007 	EXP 	text: height = np.float64(0.05)
6.1007 	EXP 	text: text = 'Which one are you going to buy?'
6.1038 	EXP 	eyetracker.setRecordingState(False)
6.1357 	EXP 	text: height = np.float64(0.05)
6.1357 	EXP 	text: height = np.float64(0.05)
6.1357 	EXP 	text: height = np.float64(0.05)
6.1357 	EXP 	text: text = 'Which one are you going to buy?'
6.1388 	EXP 	eyetracker.setRecordingState(False)
6.1724 	EXP 	text: height = np.float64(0.05)
6.1724 	EXP 	text: height = np.float64(0.05)
6.1724 	EXP 	text: height = np.float64(0.05)
6.1724 	EXP 	text: text = 'Which one are you going to buy?'
6.1752 	EXP 	eyetracker.setRecordingState(False)
6.2050 	EXP 	text: height = np.float64(0.05)
6.2050 	EXP 	text: height = np.float64(0.05)
6.2050 	EXP 	text: height = np.float64(0.05)
6.2050 	EXP 	text: text = 'Which one are you going to buy?'
6.2076 	EXP 	eyetracker.setRecordingState(False)
6.2204 	EXP 	text: height = np.float64(0.05)
6.2204 	EXP 	text: height = np.float64(0.05)
6.2204 	EXP 	text: height = np.float64(0.05)
6.2204 	EXP 	text: text = 'Which one are you going to buy?'
6.2241 	EXP 	eyetracker.setRecordingState(False)
6.2522 	EXP 	text: height = np.float64(0.05)
6.2522 	EXP 	text: height = np.float64(0.05)
6.2522 	EXP 	text: height = np.float64(0.05)
6.2522 	EXP 	text: text = 'Which one are you going to buy?'
6.2545 	EXP 	eyetracker.setRecordingState(False)
6.2779 	EXP 	text: height = np.float64(0.05)
6.2779 	EXP 	text: height = np.float64(0.05)
6.2779 	EXP 	text: height = np.float64(0.05)
6.2779 	EXP 	text: text = 'Which one are you going to buy?'
6.2807 	EXP 	eyetracker.setRecordingState(False)
6.3003 	EXP 	text: height = np.float64(0.05)
6.3003 	EXP 	text: height = np.float64(0.05)
6.3003 	EXP 	text: height = np.float64(0.05)
6.3003 	EXP 	text: text = 'Which one are you going to buy?'
6.3030 	EXP 	eyetracker.setRecordingState(False)
6.3346 	EXP 	text: height = np.float64(0.05)
6.3346 	EXP 	text: height = np.float64(0.05)
6.3346 	EXP 	text: height = np.float64(0.05)
6.3346 	EXP 	text: text = 'Which one are you going to buy?'
6.3369 	EXP 	eyetracker.setRecordingState(False)
6.3638 	EXP 	text: height = np.float64(0.05)
6.3638 	EXP 	text: height = np.float64(0.05)
6.3638 	EXP 	text: height = np.float64(0.05)
6.3638 	EXP 	text: text = 'Which one are you going to buy?'
6.3665 	EXP 	eyetracker.setRecordingState(False)
6.3899 	EXP 	text: height = np.float64(0.05)
6.3899 	EXP 	text: height = np.float64(0.05)
6.3899 	EXP 	text: height = np.float64(0.05)
6.3899 	EXP 	text: text = 'Which one are you going to buy?'
6.3926 	EXP 	eyetracker.setRecordingState(False)
6.4223 	EXP 	text: height = np.float64(0.05)
6.4223 	EXP 	text: height = np.float64(0.05)
6.4223 	EXP 	text: height = np.float64(0.05)
6.4223 	EXP 	text: text = 'Which one are you going to buy?'
6.4245 	EXP 	eyetracker.setRecordingState(False)
6.4538 	EXP 	text: height = np.float64(0.05)
6.4538 	EXP 	text: height = np.float64(0.05)
6.4538 	EXP 	text: height = np.float64(0.05)
6.4538 	EXP 	text: text = 'Which one are you going to buy?'
6.4558 	EXP 	eyetracker.setRecordingState(False)
6.4772 	EXP 	text: height = np.float64(0.05)
6.4772 	EXP 	text: height = np.float64(0.05)
6.4772 	EXP 	text: height = np.float64(0.05)
6.4772 	EXP 	text: text = 'Which one are you going to buy?'
6.4800 	EXP 	eyetracker.setRecordingState(False)
6.5034 	EXP 	text: height = np.float64(0.05)
6.5034 	EXP 	text: height = np.float64(0.05)
6.5034 	EXP 	text: height = np.float64(0.05)
6.5034 	EXP 	text: text = 'Which one are you going to buy?'
6.5051 	EXP 	eyetracker.setRecordingState(False)
6.5298 	EXP 	text: height = np.float64(0.05)
6.5298 	EXP 	text: height = np.float64(0.05)
6.5298 	EXP 	text: height = np.float64(0.05)
6.5298 	EXP 	text: text = 'Which one are you going to buy?'
6.5324 	EXP 	eyetracker.setRecordingState(False)
6.5572 	EXP 	text: height = np.float64(0.05)
6.5572 	EXP 	text: height = np.float64(0.05)
6.5572 	EXP 	text: height = np.float64(0.05)
6.5572 	EXP 	text: text = 'Which one are you going to buy?'
6.5594 	EXP 	eyetracker.setRecordingState(False)
6.5789 	EXP 	text: height = np.float64(0.05)
6.5789 	EXP 	text: height = np.float64(0.05)
6.5789 	EXP 	text: height = np.float64(0.05)
6.5789 	EXP 	text: text = 'Which one are you going to buy?'
6.5811 	EXP 	eyetracker.setRecordingState(False)
6.5981 	EXP 	text: height = np.float64(0.05)
6.5981 	EXP 	text: height = np.float64(0.05)
6.5981 	EXP 	text: height = np.float64(0.05)
6.5981 	EXP 	text: text = 'Which one are you going to buy?'
6.6001 	EXP 	eyetracker.setRecordingState(False)
6.6169 	EXP 	text: height = np.float64(0.05)
6.6169 	EXP 	text: height = np.float64(0.05)
6.6169 	EXP 	text: height = np.float64(0.05)
6.6169 	EXP 	text: text = 'Which one are you going to buy?'
6.6184 	EXP 	eyetracker.setRecordingState(False)
6.6326 	EXP 	text: height = np.float64(0.05)
6.6326 	EXP 	text: height = np.float64(0.05)
6.6326 	EXP 	text: height = np.float64(0.05)
6.6326 	EXP 	text: text = 'Which one are you going to buy?'
6.6340 	EXP 	eyetracker.setRecordingState(False)
6.6475 	EXP 	text: height = np.float64(0.05)
6.6475 	EXP 	text: height = np.float64(0.05)
6.6475 	EXP 	text: height = np.float64(0.05)
6.6475 	EXP 	text: text = 'Which one are you going to buy?'
6.6486 	EXP 	eyetracker.setRecordingState(False)
6.6591 	EXP 	text: height = np.float64(0.05)
6.6591 	EXP 	text: height = np.float64(0.05)
6.6591 	EXP 	text: height = np.float64(0.05)
6.6591 	EXP 	text: text = 'Which one are you going to buy?'
6.6600 	EXP 	eyetracker.setRecordingState(False)
6.6730 	EXP 	text: height = np.float64(0.05)
6.6730 	EXP 	text: height = np.float64(0.05)
6.6730 	EXP 	text: height = np.float64(0.05)
6.6730 	EXP 	text: text = 'Which one are you going to buy?'
6.6742 	EXP 	eyetracker.setRecordingState(False)
6.6871 	EXP 	text: height = np.float64(0.05)
6.6871 	EXP 	text: height = np.float64(0.05)
6.6871 	EXP 	text: height = np.float64(0.05)
6.6871 	EXP 	text: text = 'Which one are you going to buy?'
6.6880 	EXP 	eyetracker.setRecordingState(False)
6.7020 	EXP 	text: height = np.float64(0.05)
6.7020 	EXP 	text: height = np.float64(0.05)
6.7020 	EXP 	text: height = np.float64(0.05)
6.7020 	EXP 	text: text = 'Which one are you going to buy?'
6.7036 	EXP 	eyetracker.setRecordingState(False)
6.7229 	EXP 	text: height = np.float64(0.05)
6.7229 	EXP 	text: height = np.float64(0.05)
6.7229 	EXP 	text: height = np.float64(0.05)
6.7229 	EXP 	text: text = 'Which one are you going to buy?'
6.7249 	EXP 	eyetracker.setRecordingState(False)
6.7422 	EXP 	text: height = np.float64(0.05)
6.7422 	EXP 	text: height = np.float64(0.05)
6.7422 	EXP 	text: height = np.float64(0.05)
6.7422 	EXP 	text: text = 'Which one are you going to buy?'
6.7440 	EXP 	eyetracker.setRecordingState(False)
6.7626 	EXP 	text: height = np.float64(0.05)
6.7626 	EXP 	text: height = np.float64(0.05)
6.7626 	EXP 	text: height = np.float64(0.05)
6.7626 	EXP 	text: text = 'Which one are you going to buy?'
6.7645 	EXP 	eyetracker.setRecordingState(False)
6.7801 	EXP 	text: height = np.float64(0.05)
6.7801 	EXP 	text: height = np.float64(0.05)
6.7801 	EXP 	text: height = np.float64(0.05)
6.7801 	EXP 	text: text = 'Which one are you going to buy?'
6.7817 	EXP 	eyetracker.setRecordingState(False)
6.7942 	EXP 	text: height = np.float64(0.05)
6.7942 	EXP 	text: height = np.float64(0.05)
6.7942 	EXP 	text: height = np.float64(0.05)
6.7942 	EXP 	text: text = 'Which one are you going to buy?'
6.7951 	EXP 	eyetracker.setRecordingState(False)
6.8049 	EXP 	text: height = np.float64(0.05)
6.8049 	EXP 	text: height = np.float64(0.05)
6.8049 	EXP 	text: height = np.float64(0.05)
6.8049 	EXP 	text: text = 'Which one are you going to buy?'
6.8058 	EXP 	eyetracker.setRecordingState(False)
6.8159 	EXP 	text: height = np.float64(0.05)
6.8159 	EXP 	text: height = np.float64(0.05)
6.8159 	EXP 	text: height = np.float64(0.05)
6.8159 	EXP 	text: text = 'Which one are you going to buy?'
6.8171 	EXP 	eyetracker.setRecordingState(False)
6.8279 	EXP 	text: height = np.float64(0.05)
6.8279 	EXP 	text: height = np.float64(0.05)
6.8279 	EXP 	text: height = np.float64(0.05)
6.8279 	EXP 	text: text = 'Which one are you going to buy?'
6.8288 	EXP 	eyetracker.setRecordingState(False)
6.8390 	EXP 	text: height = np.float64(0.05)
6.8390 	EXP 	text: height = np.float64(0.05)
6.8390 	EXP 	text: height = np.float64(0.05)
6.8390 	EXP 	text: text = 'Which one are you going to buy?'
6.8405 	EXP 	eyetracker.setRecordingState(False)
6.8546 	EXP 	text: height = np.float64(0.05)
6.8546 	EXP 	text: height = np.float64(0.05)
6.8546 	EXP 	text: height = np.float64(0.05)
6.8546 	EXP 	text: text = 'Which one are you going to buy?'
6.8562 	EXP 	eyetracker.setRecordingState(False)
6.8666 	EXP 	text: height = np.float64(0.05)
6.8666 	EXP 	text: height = np.float64(0.05)
6.8666 	EXP 	text: height = np.float64(0.05)
6.8666 	EXP 	text: text = 'Which one are you going to buy?'
6.8674 	EXP 	eyetracker.setRecordingState(False)
6.8780 	EXP 	text: height = np.float64(0.05)
6.8780 	EXP 	text: height = np.float64(0.05)
6.8780 	EXP 	text: height = np.float64(0.05)
6.8780 	EXP 	text: text = 'Which one are you going to buy?'
6.8787 	EXP 	eyetracker.setRecordingState(False)
6.8879 	EXP 	text: height = np.float64(0.05)
6.8879 	EXP 	text: height = np.float64(0.05)
6.8879 	EXP 	text: height = np.float64(0.05)
6.8879 	EXP 	text: text = 'Which one are you going to buy?'
6.8888 	EXP 	eyetracker.setRecordingState(False)
6.8986 	EXP 	text: height = np.float64(0.05)
6.8986 	EXP 	text: height = np.float64(0.05)
6.8986 	EXP 	text: height = np.float64(0.05)
6.8986 	EXP 	text: text = 'Which one are you going to buy?'
6.8995 	EXP 	eyetracker.setRecordingState(False)
6.9086 	EXP 	text: height = np.float64(0.05)
6.9086 	EXP 	text: height = np.float64(0.05)
6.9086 	EXP 	text: height = np.float64(0.05)
6.9086 	EXP 	text: text = 'Which one are you going to buy?'
6.9095 	EXP 	eyetracker.setRecordingState(False)
6.9189 	EXP 	text: height = np.float64(0.05)
6.9189 	EXP 	text: height = np.float64(0.05)
6.9189 	EXP 	text: height = np.float64(0.05)
6.9189 	EXP 	text: text = 'Which one are you going to buy?'
6.9202 	EXP 	eyetracker.setRecordingState(False)
6.9318 	EXP 	text: height = np.float64(0.05)
6.9318 	EXP 	text: height = np.float64(0.05)
6.9318 	EXP 	text: height = np.float64(0.05)
6.9318 	EXP 	text: text = 'Which one are you going to buy?'
6.9330 	EXP 	eyetracker.setRecordingState(False)
6.9448 	EXP 	text: height = np.float64(0.05)
6.9448 	EXP 	text: height = np.float64(0.05)
6.9448 	EXP 	text: height = np.float64(0.05)
6.9448 	EXP 	text: text = 'Which one are you going to buy?'
6.9460 	EXP 	eyetracker.setRecordingState(False)
6.9579 	EXP 	text: height = np.float64(0.05)
6.9579 	EXP 	text: height = np.float64(0.05)
6.9579 	EXP 	text: height = np.float64(0.05)
6.9579 	EXP 	text: text = 'Which one are you going to buy?'
6.9589 	EXP 	eyetracker.setRecordingState(False)
6.9699 	EXP 	text: height = np.float64(0.05)
6.9699 	EXP 	text: height = np.float64(0.05)
6.9699 	EXP 	text: height = np.float64(0.05)
6.9699 	EXP 	text: text = 'Which one are you going to buy?'
6.9709 	EXP 	eyetracker.setRecordingState(False)
6.9809 	EXP 	text: height = np.float64(0.05)
6.9809 	EXP 	text: height = np.float64(0.05)
6.9809 	EXP 	text: height = np.float64(0.05)
6.9809 	EXP 	text: text = 'Which one are you going to buy?'
6.9819 	EXP 	eyetracker.setRecordingState(False)
6.9919 	EXP 	text: height = np.float64(0.05)
6.9919 	EXP 	text: height = np.float64(0.05)
6.9919 	EXP 	text: height = np.float64(0.05)
6.9919 	EXP 	text: text = 'Which one are you going to buy?'
6.9928 	EXP 	eyetracker.setRecordingState(False)
7.0078 	EXP 	text: height = np.float64(0.05)
7.0078 	EXP 	text: height = np.float64(0.05)
7.0078 	EXP 	text: height = np.float64(0.05)
7.0078 	EXP 	text: text = 'Which one are you going to buy?'
7.0098 	EXP 	eyetracker.setRecordingState(False)
7.0250 	EXP 	text: height = np.float64(0.05)
7.0250 	EXP 	text: height = np.float64(0.05)
7.0250 	EXP 	text: height = np.float64(0.05)
7.0250 	EXP 	text: text = 'Which one are you going to buy?'
7.0257 	EXP 	eyetracker.setRecordingState(False)
7.0388 	EXP 	text: height = np.float64(0.05)
7.0388 	EXP 	text: height = np.float64(0.05)
7.0388 	EXP 	text: height = np.float64(0.05)
7.0388 	EXP 	text: text = 'Which one are you going to buy?'
7.0404 	EXP 	eyetracker.setRecordingState(False)
7.0532 	EXP 	text: height = np.float64(0.05)
7.0532 	EXP 	text: height = np.float64(0.05)
7.0532 	EXP 	text: height = np.float64(0.05)
7.0532 	EXP 	text: text = 'Which one are you going to buy?'
7.0549 	EXP 	eyetracker.setRecordingState(False)
7.0693 	EXP 	text: height = np.float64(0.05)
7.0693 	EXP 	text: height = np.float64(0.05)
7.0693 	EXP 	text: height = np.float64(0.05)
7.0693 	EXP 	text: text = 'Which one are you going to buy?'
7.0709 	EXP 	eyetracker.setRecordingState(False)
7.0877 	EXP 	text: height = np.float64(0.05)
7.0877 	EXP 	text: height = np.float64(0.05)
7.0877 	EXP 	text: height = np.float64(0.05)
7.0877 	EXP 	text: text = 'Which one are you going to buy?'
7.0885 	EXP 	eyetracker.setRecordingState(False)
7.1031 	EXP 	text: height = np.float64(0.05)
7.1031 	EXP 	text: height = np.float64(0.05)
7.1031 	EXP 	text: height = np.float64(0.05)
7.1031 	EXP 	text: text = 'Which one are you going to buy?'
7.1037 	EXP 	eyetracker.setRecordingState(False)
7.1191 	EXP 	text: height = np.float64(0.05)
7.1191 	EXP 	text: height = np.float64(0.05)
7.1191 	EXP 	text: height = np.float64(0.05)
7.1191 	EXP 	text: text = 'Which one are you going to buy?'
7.1201 	EXP 	eyetracker.setRecordingState(False)
7.1341 	EXP 	text: height = np.float64(0.05)
7.1341 	EXP 	text: height = np.float64(0.05)
7.1341 	EXP 	text: height = np.float64(0.05)
7.1341 	EXP 	text: text = 'Which one are you going to buy?'
7.1356 	EXP 	eyetracker.setRecordingState(False)
7.1502 	EXP 	text: height = np.float64(0.05)
7.1502 	EXP 	text: height = np.float64(0.05)
7.1502 	EXP 	text: height = np.float64(0.05)
7.1502 	EXP 	text: text = 'Which one are you going to buy?'
7.1516 	EXP 	eyetracker.setRecordingState(False)
7.1674 	EXP 	text: height = np.float64(0.05)
7.1674 	EXP 	text: height = np.float64(0.05)
7.1674 	EXP 	text: height = np.float64(0.05)
7.1674 	EXP 	text: text = 'Which one are you going to buy?'
7.1689 	EXP 	eyetracker.setRecordingState(False)
7.1870 	EXP 	text: height = np.float64(0.05)
7.1870 	EXP 	text: height = np.float64(0.05)
7.1870 	EXP 	text: height = np.float64(0.05)
7.1870 	EXP 	text: text = 'Which one are you going to buy?'
7.1886 	EXP 	eyetracker.setRecordingState(False)
7.2124 	EXP 	text: height = np.float64(0.05)
7.2124 	EXP 	text: height = np.float64(0.05)
7.2124 	EXP 	text: height = np.float64(0.05)
7.2124 	EXP 	text: text = 'Which one are you going to buy?'
7.2138 	EXP 	eyetracker.setRecordingState(False)
7.2383 	EXP 	text: height = np.float64(0.05)
7.2383 	EXP 	text: height = np.float64(0.05)
7.2383 	EXP 	text: height = np.float64(0.05)
7.2383 	EXP 	text: text = 'Which one are you going to buy?'
7.2408 	EXP 	eyetracker.setRecordingState(False)
7.2663 	EXP 	text: height = np.float64(0.05)
7.2663 	EXP 	text: height = np.float64(0.05)
7.2663 	EXP 	text: height = np.float64(0.05)
7.2663 	EXP 	text: text = 'Which one are you going to buy?'
7.2686 	EXP 	eyetracker.setRecordingState(False)
7.2845 	EXP 	text: height = np.float64(0.05)
7.2845 	EXP 	text: height = np.float64(0.05)
7.2845 	EXP 	text: height = np.float64(0.05)
7.2845 	EXP 	text: text = 'Which one are you going to buy?'
7.2857 	EXP 	eyetracker.setRecordingState(False)
7.2959 	EXP 	text: height = np.float64(0.05)
7.2959 	EXP 	text: height = np.float64(0.05)
7.2959 	EXP 	text: height = np.float64(0.05)
7.2959 	EXP 	text: text = 'Which one are you going to buy?'
7.2973 	EXP 	eyetracker.setRecordingState(False)
7.3084 	EXP 	text: height = np.float64(0.05)
7.3084 	EXP 	text: height = np.float64(0.05)
7.3084 	EXP 	text: height = np.float64(0.05)
7.3084 	EXP 	text: text = 'Which one are you going to buy?'
7.3095 	EXP 	eyetracker.setRecordingState(False)
7.3206 	EXP 	text: height = np.float64(0.05)
7.3206 	EXP 	text: height = np.float64(0.05)
7.3206 	EXP 	text: height = np.float64(0.05)
7.3206 	EXP 	text: text = 'Which one are you going to buy?'
7.3219 	EXP 	eyetracker.setRecordingState(False)
7.3319 	EXP 	text: height = np.float64(0.05)
7.3319 	EXP 	text: height = np.float64(0.05)
7.3319 	EXP 	text: height = np.float64(0.05)
7.3319 	EXP 	text: text = 'Which one are you going to buy?'
7.3330 	EXP 	eyetracker.setRecordingState(False)
7.3405 	EXP 	text: height = np.float64(0.05)
7.3405 	EXP 	text: height = np.float64(0.05)
7.3405 	EXP 	text: height = np.float64(0.05)
7.3405 	EXP 	text: text = 'Which one are you going to buy?'
7.3412 	EXP 	eyetracker.setRecordingState(False)
7.3506 	EXP 	text: height = np.float64(0.05)
7.3506 	EXP 	text: height = np.float64(0.05)
7.3506 	EXP 	text: height = np.float64(0.05)
7.3506 	EXP 	text: text = 'Which one are you going to buy?'
7.3515 	EXP 	eyetracker.setRecordingState(False)
7.3605 	EXP 	text: height = np.float64(0.05)
7.3605 	EXP 	text: height = np.float64(0.05)
7.3605 	EXP 	text: height = np.float64(0.05)
7.3605 	EXP 	text: text = 'Which one are you going to buy?'
7.3614 	EXP 	eyetracker.setRecordingState(False)
7.3699 	EXP 	text: height = np.float64(0.05)
7.3699 	EXP 	text: height = np.float64(0.05)
7.3699 	EXP 	text: height = np.float64(0.05)
7.3699 	EXP 	text: text = 'Which one are you going to buy?'
7.3708 	EXP 	eyetracker.setRecordingState(False)
7.3806 	EXP 	text: height = np.float64(0.05)
7.3806 	EXP 	text: height = np.float64(0.05)
7.3806 	EXP 	text: height = np.float64(0.05)
7.3806 	EXP 	text: text = 'Which one are you going to buy?'
7.3815 	EXP 	eyetracker.setRecordingState(False)
7.3893 	EXP 	text: height = np.float64(0.05)
7.3893 	EXP 	text: height = np.float64(0.05)
7.3893 	EXP 	text: height = np.float64(0.05)
7.3893 	EXP 	text: text = 'Which one are you going to buy?'
7.3900 	EXP 	eyetracker.setRecordingState(False)
7.3990 	EXP 	text: height = np.float64(0.05)
7.3990 	EXP 	text: height = np.float64(0.05)
7.3990 	EXP 	text: height = np.float64(0.05)
7.3990 	EXP 	text: text = 'Which one are you going to buy?'
7.3998 	EXP 	eyetracker.setRecordingState(False)
7.4074 	EXP 	text: height = np.float64(0.05)
7.4074 	EXP 	text: height = np.float64(0.05)
7.4074 	EXP 	text: height = np.float64(0.05)
7.4074 	EXP 	text: text = 'Which one are you going to buy?'
7.4079 	EXP 	eyetracker.setRecordingState(False)
7.4186 	EXP 	text: height = np.float64(0.05)
7.4186 	EXP 	text: height = np.float64(0.05)
7.4186 	EXP 	text: height = np.float64(0.05)
7.4186 	EXP 	text: text = 'Which one are you going to buy?'
7.4194 	EXP 	eyetracker.setRecordingState(False)
7.4274 	EXP 	text: height = np.float64(0.05)
7.4274 	EXP 	text: height = np.float64(0.05)
7.4274 	EXP 	text: height = np.float64(0.05)
7.4274 	EXP 	text: text = 'Which one are you going to buy?'
7.4281 	EXP 	eyetracker.setRecordingState(False)
7.4358 	EXP 	text: height = np.float64(0.05)
7.4358 	EXP 	text: height = np.float64(0.05)
7.4358 	EXP 	text: height = np.float64(0.05)
7.4358 	EXP 	text: text = 'Which one are you going to buy?'
7.4365 	EXP 	eyetracker.setRecordingState(False)
7.4451 	EXP 	text: height = np.float64(0.05)
7.4451 	EXP 	text: height = np.float64(0.05)
7.4451 	EXP 	text: height = np.float64(0.05)
7.4451 	EXP 	text: text = 'Which one are you going to buy?'
7.4457 	EXP 	eyetracker.setRecordingState(False)
7.4530 	EXP 	text: height = np.float64(0.05)
7.4530 	EXP 	text: height = np.float64(0.05)
7.4530 	EXP 	text: height = np.float64(0.05)
7.4530 	EXP 	text: text = 'Which one are you going to buy?'
7.4539 	EXP 	eyetracker.setRecordingState(False)
7.4616 	EXP 	text: height = np.float64(0.05)
7.4616 	EXP 	text: height = np.float64(0.05)
7.4616 	EXP 	text: height = np.float64(0.05)
7.4616 	EXP 	text: text = 'Which one are you going to buy?'
7.4622 	EXP 	eyetracker.setRecordingState(False)
7.4710 	EXP 	text: height = np.float64(0.05)
7.4710 	EXP 	text: height = np.float64(0.05)
7.4710 	EXP 	text: height = np.float64(0.05)
7.4710 	EXP 	text: text = 'Which one are you going to buy?'
7.4718 	EXP 	eyetracker.setRecordingState(False)
7.4804 	EXP 	text: height = np.float64(0.05)
7.4804 	EXP 	text: height = np.float64(0.05)
7.4804 	EXP 	text: height = np.float64(0.05)
7.4804 	EXP 	text: text = 'Which one are you going to buy?'
7.4812 	EXP 	eyetracker.setRecordingState(False)
7.4885 	EXP 	text: height = np.float64(0.05)
7.4885 	EXP 	text: height = np.float64(0.05)
7.4885 	EXP 	text: height = np.float64(0.05)
7.4885 	EXP 	text: text = 'Which one are you going to buy?'
7.4892 	EXP 	eyetracker.setRecordingState(False)
7.4961 	EXP 	text: height = np.float64(0.05)
7.4961 	EXP 	text: height = np.float64(0.05)
7.4961 	EXP 	text: height = np.float64(0.05)
7.4961 	EXP 	text: text = 'Which one are you going to buy?'
7.4967 	EXP 	eyetracker.setRecordingState(False)
7.5038 	EXP 	text: height = np.float64(0.05)
7.5038 	EXP 	text: height = np.float64(0.05)
7.5038 	EXP 	text: height = np.float64(0.05)
7.5038 	EXP 	text: text = 'Which one are you going to buy?'
7.5045 	EXP 	eyetracker.setRecordingState(False)
7.5117 	EXP 	text: height = np.float64(0.05)
7.5117 	EXP 	text: height = np.float64(0.05)
7.5117 	EXP 	text: height = np.float64(0.05)
7.5117 	EXP 	text: text = 'Which one are you going to buy?'
7.5125 	EXP 	eyetracker.setRecordingState(False)
7.5202 	EXP 	text: height = np.float64(0.05)
7.5202 	EXP 	text: height = np.float64(0.05)
7.5202 	EXP 	text: height = np.float64(0.05)
7.5202 	EXP 	text: text = 'Which one are you going to buy?'
7.5208 	EXP 	eyetracker.setRecordingState(False)
7.5277 	EXP 	text: height = np.float64(0.05)
7.5277 	EXP 	text: height = np.float64(0.05)
7.5277 	EXP 	text: height = np.float64(0.05)
7.5277 	EXP 	text: text = 'Which one are you going to buy?'
7.5285 	EXP 	eyetracker.setRecordingState(False)
7.5360 	EXP 	text: height = np.float64(0.05)
7.5360 	EXP 	text: height = np.float64(0.05)
7.5360 	EXP 	text: height = np.float64(0.05)
7.5360 	EXP 	text: text = 'Which one are you going to buy?'
7.5367 	EXP 	eyetracker.setRecordingState(False)
7.5455 	EXP 	text: height = np.float64(0.05)
7.5455 	EXP 	text: height = np.float64(0.05)
7.5455 	EXP 	text: height = np.float64(0.05)
7.5455 	EXP 	text: text = 'Which one are you going to buy?'
7.5462 	EXP 	eyetracker.setRecordingState(False)
7.5540 	EXP 	text: height = np.float64(0.05)
7.5540 	EXP 	text: height = np.float64(0.05)
7.5540 	EXP 	text: height = np.float64(0.05)
7.5540 	EXP 	text: text = 'Which one are you going to buy?'
7.5548 	EXP 	eyetracker.setRecordingState(False)
7.5635 	EXP 	text: height = np.float64(0.05)
7.5635 	EXP 	text: height = np.float64(0.05)
7.5635 	EXP 	text: height = np.float64(0.05)
7.5635 	EXP 	text: text = 'Which one are you going to buy?'
7.5640 	EXP 	eyetracker.setRecordingState(False)
7.5706 	EXP 	text: height = np.float64(0.05)
7.5706 	EXP 	text: height = np.float64(0.05)
7.5706 	EXP 	text: height = np.float64(0.05)
7.5706 	EXP 	text: text = 'Which one are you going to buy?'
7.5712 	EXP 	eyetracker.setRecordingState(False)
7.5795 	EXP 	text: height = np.float64(0.05)
7.5795 	EXP 	text: height = np.float64(0.05)
7.5795 	EXP 	text: height = np.float64(0.05)
7.5795 	EXP 	text: text = 'Which one are you going to buy?'
7.5804 	EXP 	eyetracker.setRecordingState(False)
7.5899 	EXP 	text: height = np.float64(0.05)
7.5899 	EXP 	text: height = np.float64(0.05)
7.5899 	EXP 	text: height = np.float64(0.05)
7.5899 	EXP 	text: text = 'Which one are you going to buy?'
7.5906 	EXP 	eyetracker.setRecordingState(False)
7.5997 	EXP 	text: height = np.float64(0.05)
7.5997 	EXP 	text: height = np.float64(0.05)
7.5997 	EXP 	text: height = np.float64(0.05)
7.5997 	EXP 	text: text = 'Which one are you going to buy?'
7.6008 	EXP 	eyetracker.setRecordingState(False)
7.6128 	EXP 	text: height = np.float64(0.05)
7.6128 	EXP 	text: height = np.float64(0.05)
7.6128 	EXP 	text: height = np.float64(0.05)
7.6128 	EXP 	text: text = 'Which one are you going to buy?'
7.6141 	EXP 	eyetracker.setRecordingState(False)
7.6268 	EXP 	text: height = np.float64(0.05)
7.6268 	EXP 	text: height = np.float64(0.05)
7.6268 	EXP 	text: height = np.float64(0.05)
7.6268 	EXP 	text: text = 'Which one are you going to buy?'
7.6281 	EXP 	eyetracker.setRecordingState(False)
7.6393 	EXP 	text: height = np.float64(0.05)
7.6393 	EXP 	text: height = np.float64(0.05)
7.6393 	EXP 	text: height = np.float64(0.05)
7.6393 	EXP 	text: text = 'Which one are you going to buy?'
7.6404 	EXP 	eyetracker.setRecordingState(False)
7.6548 	EXP 	text: height = np.float64(0.05)
7.6548 	EXP 	text: height = np.float64(0.05)
7.6548 	EXP 	text: height = np.float64(0.05)
7.6548 	EXP 	text: text = 'Which one are you going to buy?'
7.6564 	EXP 	eyetracker.setRecordingState(False)
7.6698 	EXP 	text: height = np.float64(0.05)
7.6698 	EXP 	text: height = np.float64(0.05)
7.6698 	EXP 	text: height = np.float64(0.05)
7.6698 	EXP 	text: text = 'Which one are you going to buy?'
7.6710 	EXP 	eyetracker.setRecordingState(False)
7.6832 	EXP 	text: height = np.float64(0.05)
7.6832 	EXP 	text: height = np.float64(0.05)
7.6832 	EXP 	text: height = np.float64(0.05)
7.6832 	EXP 	text: text = 'Which one are you going to buy?'
7.6849 	EXP 	eyetracker.setRecordingState(False)
7.6993 	EXP 	text: height = np.float64(0.05)
7.6993 	EXP 	text: height = np.float64(0.05)
7.6993 	EXP 	text: height = np.float64(0.05)
7.6993 	EXP 	text: text = 'Which one are you going to buy?'
7.7007 	EXP 	eyetracker.setRecordingState(False)
7.7129 	EXP 	text: height = np.float64(0.05)
7.7129 	EXP 	text: height = np.float64(0.05)
7.7129 	EXP 	text: height = np.float64(0.05)
7.7129 	EXP 	text: text = 'Which one are you going to buy?'
7.7140 	EXP 	eyetracker.setRecordingState(False)
7.7249 	EXP 	text: height = np.float64(0.05)
7.7249 	EXP 	text: height = np.float64(0.05)
7.7249 	EXP 	text: height = np.float64(0.05)
7.7249 	EXP 	text: text = 'Which one are you going to buy?'
7.7260 	EXP 	eyetracker.setRecordingState(False)
7.7380 	EXP 	text: height = np.float64(0.05)
7.7380 	EXP 	text: height = np.float64(0.05)
7.7380 	EXP 	text: height = np.float64(0.05)
7.7380 	EXP 	text: text = 'Which one are you going to buy?'
7.7398 	EXP 	eyetracker.setRecordingState(False)
7.7563 	EXP 	text: height = np.float64(0.05)
7.7563 	EXP 	text: height = np.float64(0.05)
7.7563 	EXP 	text: height = np.float64(0.05)
7.7563 	EXP 	text: text = 'Which one are you going to buy?'
7.7580 	EXP 	eyetracker.setRecordingState(False)
7.7736 	EXP 	text: height = np.float64(0.05)
7.7736 	EXP 	text: height = np.float64(0.05)
7.7736 	EXP 	text: height = np.float64(0.05)
7.7736 	EXP 	text: text = 'Which one are you going to buy?'
7.7751 	EXP 	eyetracker.setRecordingState(False)
7.7884 	EXP 	text: height = np.float64(0.05)
7.7884 	EXP 	text: height = np.float64(0.05)
7.7884 	EXP 	text: height = np.float64(0.05)
7.7884 	EXP 	text: text = 'Which one are you going to buy?'
7.7897 	EXP 	eyetracker.setRecordingState(False)
7.8007 	EXP 	text: height = np.float64(0.05)
7.8007 	EXP 	text: height = np.float64(0.05)
7.8007 	EXP 	text: height = np.float64(0.05)
7.8007 	EXP 	text: text = 'Which one are you going to buy?'
7.8017 	EXP 	eyetracker.setRecordingState(False)
7.8138 	EXP 	text: height = np.float64(0.05)
7.8138 	EXP 	text: height = np.float64(0.05)
7.8138 	EXP 	text: height = np.float64(0.05)
7.8138 	EXP 	text: text = 'Which one are you going to buy?'
7.8155 	EXP 	eyetracker.setRecordingState(False)
7.8297 	EXP 	text: height = np.float64(0.05)
7.8297 	EXP 	text: height = np.float64(0.05)
7.8297 	EXP 	text: height = np.float64(0.05)
7.8297 	EXP 	text: text = 'Which one are you going to buy?'
7.8312 	EXP 	eyetracker.setRecordingState(False)
7.8474 	EXP 	text: height = np.float64(0.05)
7.8474 	EXP 	text: height = np.float64(0.05)
7.8474 	EXP 	text: height = np.float64(0.05)
7.8474 	EXP 	text: text = 'Which one are you going to buy?'
7.8490 	EXP 	eyetracker.setRecordingState(False)
7.8634 	EXP 	text: height = np.float64(0.05)
7.8634 	EXP 	text: height = np.float64(0.05)
7.8634 	EXP 	text: height = np.float64(0.05)
7.8634 	EXP 	text: text = 'Which one are you going to buy?'
7.8647 	EXP 	eyetracker.setRecordingState(False)
7.8784 	EXP 	text: height = np.float64(0.05)
7.8784 	EXP 	text: height = np.float64(0.05)
7.8784 	EXP 	text: height = np.float64(0.05)
7.8784 	EXP 	text: text = 'Which one are you going to buy?'
7.8801 	EXP 	eyetracker.setRecordingState(False)
7.8963 	EXP 	text: height = np.float64(0.05)
7.8963 	EXP 	text: height = np.float64(0.05)
7.8963 	EXP 	text: height = np.float64(0.05)
7.8963 	EXP 	text: text = 'Which one are you going to buy?'
7.8978 	EXP 	eyetracker.setRecordingState(False)
7.9140 	EXP 	text: height = np.float64(0.05)
7.9140 	EXP 	text: height = np.float64(0.05)
7.9140 	EXP 	text: height = np.float64(0.05)
7.9140 	EXP 	text: text = 'Which one are you going to buy?'
7.9153 	EXP 	eyetracker.setRecordingState(False)
7.9306 	EXP 	text: height = np.float64(0.05)
7.9306 	EXP 	text: height = np.float64(0.05)
7.9306 	EXP 	text: height = np.float64(0.05)
7.9306 	EXP 	text: text = 'Which one are you going to buy?'
7.9323 	EXP 	eyetracker.setRecordingState(False)
7.9527 	EXP 	text: height = np.float64(0.05)
7.9527 	EXP 	text: height = np.float64(0.05)
7.9527 	EXP 	text: height = np.float64(0.05)
7.9527 	EXP 	text: text = 'Which one are you going to buy?'
7.9543 	EXP 	eyetracker.setRecordingState(False)
7.9732 	EXP 	text: height = np.float64(0.05)
7.9732 	EXP 	text: height = np.float64(0.05)
7.9732 	EXP 	text: height = np.float64(0.05)
7.9732 	EXP 	text: text = 'Which one are you going to buy?'
7.9749 	EXP 	eyetracker.setRecordingState(False)
7.9862 	EXP 	text: height = np.float64(0.05)
7.9862 	EXP 	text: height = np.float64(0.05)
7.9862 	EXP 	text: height = np.float64(0.05)
7.9862 	EXP 	text: text = 'Which one are you going to buy?'
7.9873 	EXP 	eyetracker.setRecordingState(False)
7.9989 	EXP 	text: height = np.float64(0.05)
7.9989 	EXP 	text: height = np.float64(0.05)
7.9989 	EXP 	text: height = np.float64(0.05)
7.9989 	EXP 	text: text = 'Which one are you going to buy?'
7.9997 	EXP 	eyetracker.setRecordingState(False)
8.0097 	EXP 	text: height = np.float64(0.05)
8.0097 	EXP 	text: height = np.float64(0.05)
8.0097 	EXP 	text: height = np.float64(0.05)
8.0097 	EXP 	text: text = 'Which one are you going to buy?'
8.0105 	EXP 	eyetracker.setRecordingState(False)
8.0204 	EXP 	text: height = np.float64(0.05)
8.0204 	EXP 	text: height = np.float64(0.05)
8.0204 	EXP 	text: height = np.float64(0.05)
8.0204 	EXP 	text: text = 'Which one are you going to buy?'
8.0213 	EXP 	eyetracker.setRecordingState(False)
8.0323 	EXP 	text: height = np.float64(0.05)
8.0323 	EXP 	text: height = np.float64(0.05)
8.0323 	EXP 	text: height = np.float64(0.05)
8.0323 	EXP 	text: text = 'Which one are you going to buy?'
8.0336 	EXP 	eyetracker.setRecordingState(False)
8.0445 	EXP 	text: height = np.float64(0.05)
8.0445 	EXP 	text: height = np.float64(0.05)
8.0445 	EXP 	text: height = np.float64(0.05)
8.0445 	EXP 	text: text = 'Which one are you going to buy?'
8.0453 	EXP 	eyetracker.setRecordingState(False)
8.0547 	EXP 	text: height = np.float64(0.05)
8.0547 	EXP 	text: height = np.float64(0.05)
8.0547 	EXP 	text: height = np.float64(0.05)
8.0547 	EXP 	text: text = 'Which one are you going to buy?'
8.0554 	EXP 	eyetracker.setRecordingState(False)
8.0640 	EXP 	text: height = np.float64(0.05)
8.0640 	EXP 	text: height = np.float64(0.05)
8.0640 	EXP 	text: height = np.float64(0.05)
8.0640 	EXP 	text: text = 'Which one are you going to buy?'
8.0647 	EXP 	eyetracker.setRecordingState(False)
8.0730 	EXP 	text: height = np.float64(0.05)
8.0730 	EXP 	text: height = np.float64(0.05)
8.0730 	EXP 	text: height = np.float64(0.05)
8.0730 	EXP 	text: text = 'Which one are you going to buy?'
8.0736 	EXP 	eyetracker.setRecordingState(False)
8.0828 	EXP 	text: height = np.float64(0.05)
8.0828 	EXP 	text: height = np.float64(0.05)
8.0828 	EXP 	text: height = np.float64(0.05)
8.0828 	EXP 	text: text = 'Which one are you going to buy?'
8.0837 	EXP 	eyetracker.setRecordingState(False)
8.0906 	EXP 	text: height = np.float64(0.05)
8.0906 	EXP 	text: height = np.float64(0.05)
8.0906 	EXP 	text: height = np.float64(0.05)
8.0906 	EXP 	text: text = 'Which one are you going to buy?'
8.0911 	EXP 	eyetracker.setRecordingState(False)
8.0976 	EXP 	text: height = np.float64(0.05)
8.0976 	EXP 	text: height = np.float64(0.05)
8.0976 	EXP 	text: height = np.float64(0.05)
8.0976 	EXP 	text: text = 'Which one are you going to buy?'
8.0983 	EXP 	eyetracker.setRecordingState(False)
8.1067 	EXP 	text: height = np.float64(0.05)
8.1067 	EXP 	text: height = np.float64(0.05)
8.1067 	EXP 	text: height = np.float64(0.05)
8.1067 	EXP 	text: text = 'Which one are you going to buy?'
8.1073 	EXP 	eyetracker.setRecordingState(False)
8.1155 	EXP 	text: height = np.float64(0.05)
8.1155 	EXP 	text: height = np.float64(0.05)
8.1155 	EXP 	text: height = np.float64(0.05)
8.1155 	EXP 	text: text = 'Which one are you going to buy?'
8.1165 	EXP 	eyetracker.setRecordingState(False)
8.1264 	EXP 	text: height = np.float64(0.05)
8.1264 	EXP 	text: height = np.float64(0.05)
8.1264 	EXP 	text: height = np.float64(0.05)
8.1264 	EXP 	text: text = 'Which one are you going to buy?'
8.1276 	EXP 	eyetracker.setRecordingState(False)
8.1383 	EXP 	text: height = np.float64(0.05)
8.1383 	EXP 	text: height = np.float64(0.05)
8.1383 	EXP 	text: height = np.float64(0.05)
8.1383 	EXP 	text: text = 'Which one are you going to buy?'
8.1391 	EXP 	eyetracker.setRecordingState(False)
8.1509 	EXP 	text: height = np.float64(0.05)
8.1509 	EXP 	text: height = np.float64(0.05)
8.1509 	EXP 	text: height = np.float64(0.05)
8.1509 	EXP 	text: text = 'Which one are you going to buy?'
8.1524 	EXP 	eyetracker.setRecordingState(False)
8.1674 	EXP 	text: height = np.float64(0.05)
8.1674 	EXP 	text: height = np.float64(0.05)
8.1674 	EXP 	text: height = np.float64(0.05)
8.1674 	EXP 	text: text = 'Which one are you going to buy?'
8.1691 	EXP 	eyetracker.setRecordingState(False)
8.1836 	EXP 	text: height = np.float64(0.05)
8.1836 	EXP 	text: height = np.float64(0.05)
8.1836 	EXP 	text: height = np.float64(0.05)
8.1836 	EXP 	text: text = 'Which one are you going to buy?'
8.1849 	EXP 	eyetracker.setRecordingState(False)
8.1980 	EXP 	text: height = np.float64(0.05)
8.1980 	EXP 	text: height = np.float64(0.05)
8.1980 	EXP 	text: height = np.float64(0.05)
8.1980 	EXP 	text: text = 'Which one are you going to buy?'
8.1992 	EXP 	eyetracker.setRecordingState(False)
8.2106 	EXP 	text: height = np.float64(0.05)
8.2106 	EXP 	text: height = np.float64(0.05)
8.2106 	EXP 	text: height = np.float64(0.05)
8.2106 	EXP 	text: text = 'Which one are you going to buy?'
8.2117 	EXP 	eyetracker.setRecordingState(False)
8.2248 	EXP 	text: height = np.float64(0.05)
8.2248 	EXP 	text: height = np.float64(0.05)
8.2248 	EXP 	text: height = np.float64(0.05)
8.2248 	EXP 	text: text = 'Which one are you going to buy?'
8.2260 	EXP 	eyetracker.setRecordingState(False)
8.2403 	EXP 	text: height = np.float64(0.05)
8.2403 	EXP 	text: height = np.float64(0.05)
8.2403 	EXP 	text: height = np.float64(0.05)
8.2403 	EXP 	text: text = 'Which one are you going to buy?'
8.2417 	EXP 	eyetracker.setRecordingState(False)
8.2576 	EXP 	text: height = np.float64(0.05)
8.2576 	EXP 	text: height = np.float64(0.05)
8.2576 	EXP 	text: height = np.float64(0.05)
8.2576 	EXP 	text: text = 'Which one are you going to buy?'
8.2588 	EXP 	eyetracker.setRecordingState(False)
8.2695 	EXP 	text: height = np.float64(0.05)
8.2695 	EXP 	text: height = np.float64(0.05)
8.2695 	EXP 	text: height = np.float64(0.05)
8.2695 	EXP 	text: text = 'Which one are you going to buy?'
8.2705 	EXP 	eyetracker.setRecordingState(False)
8.2812 	EXP 	text: height = np.float64(0.05)
8.2812 	EXP 	text: height = np.float64(0.05)
8.2812 	EXP 	text: height = np.float64(0.05)
8.2812 	EXP 	text: text = 'Which one are you going to buy?'
8.2823 	EXP 	eyetracker.setRecordingState(False)
8.2930 	EXP 	text: height = np.float64(0.05)
8.2930 	EXP 	text: height = np.float64(0.05)
8.2930 	EXP 	text: height = np.float64(0.05)
8.2930 	EXP 	text: text = 'Which one are you going to buy?'
8.2942 	EXP 	eyetracker.setRecordingState(False)
8.3054 	EXP 	text: height = np.float64(0.05)
8.3054 	EXP 	text: height = np.float64(0.05)
8.3054 	EXP 	text: height = np.float64(0.05)
8.3054 	EXP 	text: text = 'Which one are you going to buy?'
8.3063 	EXP 	eyetracker.setRecordingState(False)
8.3150 	EXP 	text: height = np.float64(0.05)
8.3150 	EXP 	text: height = np.float64(0.05)
8.3150 	EXP 	text: height = np.float64(0.05)
8.3150 	EXP 	text: text = 'Which one are you going to buy?'
8.3156 	EXP 	eyetracker.setRecordingState(False)
8.3268 	EXP 	text: height = np.float64(0.05)
8.3268 	EXP 	text: height = np.float64(0.05)
8.3268 	EXP 	text: height = np.float64(0.05)
8.3268 	EXP 	text: text = 'Which one are you going to buy?'
8.3281 	EXP 	eyetracker.setRecordingState(False)
8.3395 	EXP 	text: height = np.float64(0.05)
8.3395 	EXP 	text: height = np.float64(0.05)
8.3395 	EXP 	text: height = np.float64(0.05)
8.3395 	EXP 	text: text = 'Which one are you going to buy?'
8.3408 	EXP 	eyetracker.setRecordingState(False)
8.3532 	EXP 	text: height = np.float64(0.05)
8.3532 	EXP 	text: height = np.float64(0.05)
8.3532 	EXP 	text: height = np.float64(0.05)
8.3532 	EXP 	text: text = 'Which one are you going to buy?'
8.3549 	EXP 	eyetracker.setRecordingState(False)
8.3723 	EXP 	text: height = np.float64(0.05)
8.3723 	EXP 	text: height = np.float64(0.05)
8.3723 	EXP 	text: height = np.float64(0.05)
8.3723 	EXP 	text: text = 'Which one are you going to buy?'
8.3741 	EXP 	eyetracker.setRecordingState(False)
8.3890 	EXP 	text: height = np.float64(0.05)
8.3890 	EXP 	text: height = np.float64(0.05)
8.3890 	EXP 	text: height = np.float64(0.05)
8.3890 	EXP 	text: text = 'Which one are you going to buy?'
8.3907 	EXP 	eyetracker.setRecordingState(False)
8.4045 	EXP 	text: height = np.float64(0.05)
8.4045 	EXP 	text: height = np.float64(0.05)
8.4045 	EXP 	text: height = np.float64(0.05)
8.4045 	EXP 	text: text = 'Which one are you going to buy?'
8.4059 	EXP 	eyetracker.setRecordingState(False)
8.4194 	EXP 	text: height = np.float64(0.05)
8.4194 	EXP 	text: height = np.float64(0.05)
8.4194 	EXP 	text: height = np.float64(0.05)
8.4194 	EXP 	text: text = 'Which one are you going to buy?'
8.4207 	EXP 	eyetracker.setRecordingState(False)
8.4336 	EXP 	text: height = np.float64(0.05)
8.4336 	EXP 	text: height = np.float64(0.05)
8.4336 	EXP 	text: height = np.float64(0.05)
8.4336 	EXP 	text: text = 'Which one are you going to buy?'
8.4351 	EXP 	eyetracker.setRecordingState(False)
8.4495 	EXP 	text: height = np.float64(0.05)
8.4495 	EXP 	text: height = np.float64(0.05)
8.4495 	EXP 	text: height = np.float64(0.05)
8.4495 	EXP 	text: text = 'Which one are you going to buy?'
8.4507 	EXP 	eyetracker.setRecordingState(False)
8.4634 	EXP 	text: height = np.float64(0.05)
8.4634 	EXP 	text: height = np.float64(0.05)
8.4634 	EXP 	text: height = np.float64(0.05)
8.4634 	EXP 	text: text = 'Which one are you going to buy?'
8.4645 	EXP 	eyetracker.setRecordingState(False)
8.4749 	EXP 	text: height = np.float64(0.05)
8.4749 	EXP 	text: height = np.float64(0.05)
8.4749 	EXP 	text: height = np.float64(0.05)
8.4749 	EXP 	text: text = 'Which one are you going to buy?'
8.4759 	EXP 	eyetracker.setRecordingState(False)
8.4870 	EXP 	text: height = np.float64(0.05)
8.4870 	EXP 	text: height = np.float64(0.05)
8.4870 	EXP 	text: height = np.float64(0.05)
8.4870 	EXP 	text: text = 'Which one are you going to buy?'
8.4881 	EXP 	eyetracker.setRecordingState(False)
8.4984 	EXP 	text: height = np.float64(0.05)
8.4984 	EXP 	text: height = np.float64(0.05)
8.4984 	EXP 	text: height = np.float64(0.05)
8.4984 	EXP 	text: text = 'Which one are you going to buy?'
8.4994 	EXP 	eyetracker.setRecordingState(False)
8.5109 	EXP 	text: height = np.float64(0.05)
8.5109 	EXP 	text: height = np.float64(0.05)
8.5109 	EXP 	text: height = np.float64(0.05)
8.5109 	EXP 	text: text = 'Which one are you going to buy?'
8.5128 	EXP 	eyetracker.setRecordingState(False)
8.5291 	EXP 	text: height = np.float64(0.05)
8.5291 	EXP 	text: height = np.float64(0.05)
8.5291 	EXP 	text: height = np.float64(0.05)
8.5291 	EXP 	text: text = 'Which one are you going to buy?'
8.5307 	EXP 	eyetracker.setRecordingState(False)
8.5427 	EXP 	text: height = np.float64(0.05)
8.5427 	EXP 	text: height = np.float64(0.05)
8.5427 	EXP 	text: height = np.float64(0.05)
8.5427 	EXP 	text: text = 'Which one are you going to buy?'
8.5439 	EXP 	eyetracker.setRecordingState(False)
8.5557 	EXP 	text: height = np.float64(0.05)
8.5557 	EXP 	text: height = np.float64(0.05)
8.5557 	EXP 	text: height = np.float64(0.05)
8.5557 	EXP 	text: text = 'Which one are you going to buy?'
8.5574 	EXP 	eyetracker.setRecordingState(False)
8.5728 	EXP 	text: height = np.float64(0.05)
8.5728 	EXP 	text: height = np.float64(0.05)
8.5728 	EXP 	text: height = np.float64(0.05)
8.5728 	EXP 	text: text = 'Which one are you going to buy?'
8.5739 	EXP 	eyetracker.setRecordingState(False)
8.5840 	EXP 	text: height = np.float64(0.05)
8.5840 	EXP 	text: height = np.float64(0.05)
8.5840 	EXP 	text: height = np.float64(0.05)
8.5840 	EXP 	text: text = 'Which one are you going to buy?'
8.5850 	EXP 	eyetracker.setRecordingState(False)
8.5965 	EXP 	text: height = np.float64(0.05)
8.5965 	EXP 	text: height = np.float64(0.05)
8.5965 	EXP 	text: height = np.float64(0.05)
8.5965 	EXP 	text: text = 'Which one are you going to buy?'
8.5982 	EXP 	eyetracker.setRecordingState(False)
8.6134 	EXP 	text: height = np.float64(0.05)
8.6134 	EXP 	text: height = np.float64(0.05)
8.6134 	EXP 	text: height = np.float64(0.05)
8.6134 	EXP 	text: text = 'Which one are you going to buy?'
8.6150 	EXP 	eyetracker.setRecordingState(False)
8.6301 	EXP 	text: height = np.float64(0.05)
8.6301 	EXP 	text: height = np.float64(0.05)
8.6301 	EXP 	text: height = np.float64(0.05)
8.6301 	EXP 	text: text = 'Which one are you going to buy?'
8.6316 	EXP 	eyetracker.setRecordingState(False)
8.6445 	EXP 	text: height = np.float64(0.05)
8.6445 	EXP 	text: height = np.float64(0.05)
8.6445 	EXP 	text: height = np.float64(0.05)
8.6445 	EXP 	text: text = 'Which one are you going to buy?'
8.6459 	EXP 	eyetracker.setRecordingState(False)
8.6568 	EXP 	text: height = np.float64(0.05)
8.6568 	EXP 	text: height = np.float64(0.05)
8.6568 	EXP 	text: height = np.float64(0.05)
8.6568 	EXP 	text: text = 'Which one are you going to buy?'
8.6581 	EXP 	eyetracker.setRecordingState(False)
8.6727 	EXP 	text: height = np.float64(0.05)
8.6727 	EXP 	text: height = np.float64(0.05)
8.6727 	EXP 	text: height = np.float64(0.05)
8.6727 	EXP 	text: text = 'Which one are you going to buy?'
8.6745 	EXP 	eyetracker.setRecordingState(False)
8.6892 	EXP 	text: height = np.float64(0.05)
8.6892 	EXP 	text: height = np.float64(0.05)
8.6892 	EXP 	text: height = np.float64(0.05)
8.6892 	EXP 	text: text = 'Which one are you going to buy?'
8.6908 	EXP 	eyetracker.setRecordingState(False)
8.7053 	EXP 	text: height = np.float64(0.05)
8.7053 	EXP 	text: height = np.float64(0.05)
8.7053 	EXP 	text: height = np.float64(0.05)
8.7053 	EXP 	text: text = 'Which one are you going to buy?'
8.7065 	EXP 	eyetracker.setRecordingState(False)
8.7206 	EXP 	text: height = np.float64(0.05)
8.7206 	EXP 	text: height = np.float64(0.05)
8.7206 	EXP 	text: height = np.float64(0.05)
8.7206 	EXP 	text: text = 'Which one are you going to buy?'
8.7218 	EXP 	eyetracker.setRecordingState(False)
8.7380 	EXP 	text: height = np.float64(0.05)
8.7380 	EXP 	text: height = np.float64(0.05)
8.7380 	EXP 	text: height = np.float64(0.05)
8.7380 	EXP 	text: text = 'Which one are you going to buy?'
8.7398 	EXP 	eyetracker.setRecordingState(False)
8.7541 	EXP 	text: height = np.float64(0.05)
8.7541 	EXP 	text: height = np.float64(0.05)
8.7541 	EXP 	text: height = np.float64(0.05)
8.7541 	EXP 	text: text = 'Which one are you going to buy?'
8.7555 	EXP 	eyetracker.setRecordingState(False)
8.7690 	EXP 	text: height = np.float64(0.05)
8.7690 	EXP 	text: height = np.float64(0.05)
8.7690 	EXP 	text: height = np.float64(0.05)
8.7690 	EXP 	text: text = 'Which one are you going to buy?'
8.7707 	EXP 	eyetracker.setRecordingState(False)
8.7837 	EXP 	text: height = np.float64(0.05)
8.7837 	EXP 	text: height = np.float64(0.05)
8.7837 	EXP 	text: height = np.float64(0.05)
8.7837 	EXP 	text: text = 'Which one are you going to buy?'
8.7849 	EXP 	eyetracker.setRecordingState(False)
8.7967 	EXP 	text: height = np.float64(0.05)
8.7967 	EXP 	text: height = np.float64(0.05)
8.7967 	EXP 	text: height = np.float64(0.05)
8.7967 	EXP 	text: text = 'Which one are you going to buy?'
8.7980 	EXP 	eyetracker.setRecordingState(False)
8.8111 	EXP 	text: height = np.float64(0.05)
8.8111 	EXP 	text: height = np.float64(0.05)
8.8111 	EXP 	text: height = np.float64(0.05)
8.8111 	EXP 	text: text = 'Which one are you going to buy?'
8.8124 	EXP 	eyetracker.setRecordingState(False)
8.8245 	EXP 	text: height = np.float64(0.05)
8.8245 	EXP 	text: height = np.float64(0.05)
8.8245 	EXP 	text: height = np.float64(0.05)
8.8245 	EXP 	text: text = 'Which one are you going to buy?'
8.8255 	EXP 	eyetracker.setRecordingState(False)
8.8389 	EXP 	text: height = np.float64(0.05)
8.8389 	EXP 	text: height = np.float64(0.05)
8.8389 	EXP 	text: height = np.float64(0.05)
8.8389 	EXP 	text: text = 'Which one are you going to buy?'
8.8414 	EXP 	eyetracker.setRecordingState(False)
8.8587 	EXP 	text: height = np.float64(0.05)
8.8587 	EXP 	text: height = np.float64(0.05)
8.8587 	EXP 	text: height = np.float64(0.05)
8.8587 	EXP 	text: text = 'Which one are you going to buy?'
8.8607 	EXP 	eyetracker.setRecordingState(False)
8.8772 	EXP 	text: height = np.float64(0.05)
8.8772 	EXP 	text: height = np.float64(0.05)
8.8772 	EXP 	text: height = np.float64(0.05)
8.8772 	EXP 	text: text = 'Which one are you going to buy?'
8.8790 	EXP 	eyetracker.setRecordingState(False)
8.8944 	EXP 	text: height = np.float64(0.05)
8.8944 	EXP 	text: height = np.float64(0.05)
8.8944 	EXP 	text: height = np.float64(0.05)
8.8944 	EXP 	text: text = 'Which one are you going to buy?'
8.8959 	EXP 	eyetracker.setRecordingState(False)
8.9074 	EXP 	text: height = np.float64(0.05)
8.9074 	EXP 	text: height = np.float64(0.05)
8.9074 	EXP 	text: height = np.float64(0.05)
8.9074 	EXP 	text: text = 'Which one are you going to buy?'
8.9084 	EXP 	eyetracker.setRecordingState(False)
8.9204 	EXP 	text: height = np.float64(0.05)
8.9204 	EXP 	text: height = np.float64(0.05)
8.9204 	EXP 	text: height = np.float64(0.05)
8.9204 	EXP 	text: text = 'Which one are you going to buy?'
8.9219 	EXP 	eyetracker.setRecordingState(False)
8.9382 	EXP 	text: height = np.float64(0.05)
8.9382 	EXP 	text: height = np.float64(0.05)
8.9382 	EXP 	text: height = np.float64(0.05)
8.9382 	EXP 	text: text = 'Which one are you going to buy?'
8.9400 	EXP 	eyetracker.setRecordingState(False)
8.9596 	EXP 	text: height = np.float64(0.05)
8.9596 	EXP 	text: height = np.float64(0.05)
8.9596 	EXP 	text: height = np.float64(0.05)
8.9596 	EXP 	text: text = 'Which one are you going to buy?'
8.9615 	EXP 	eyetracker.setRecordingState(False)
8.9792 	EXP 	text: height = np.float64(0.05)
8.9792 	EXP 	text: height = np.float64(0.05)
8.9792 	EXP 	text: height = np.float64(0.05)
8.9792 	EXP 	text: text = 'Which one are you going to buy?'
8.9808 	EXP 	eyetracker.setRecordingState(False)
8.9963 	EXP 	text: height = np.float64(0.05)
8.9963 	EXP 	text: height = np.float64(0.05)
8.9963 	EXP 	text: height = np.float64(0.05)
8.9963 	EXP 	text: text = 'Which one are you going to buy?'
8.9975 	EXP 	eyetracker.setRecordingState(False)
9.0091 	EXP 	text: height = np.float64(0.05)
9.0091 	EXP 	text: height = np.float64(0.05)
9.0091 	EXP 	text: height = np.float64(0.05)
9.0091 	EXP 	text: text = 'Which one are you going to buy?'
9.0103 	EXP 	eyetracker.setRecordingState(False)
9.0209 	EXP 	text: height = np.float64(0.05)
9.0209 	EXP 	text: height = np.float64(0.05)
9.0209 	EXP 	text: height = np.float64(0.05)
9.0209 	EXP 	text: text = 'Which one are you going to buy?'
9.0219 	EXP 	eyetracker.setRecordingState(False)
9.0352 	EXP 	text: height = np.float64(0.05)
9.0352 	EXP 	text: height = np.float64(0.05)
9.0352 	EXP 	text: height = np.float64(0.05)
9.0352 	EXP 	text: text = 'Which one are you going to buy?'
9.0373 	EXP 	eyetracker.setRecordingState(False)
9.0599 	EXP 	text: height = np.float64(0.05)
9.0599 	EXP 	text: height = np.float64(0.05)
9.0599 	EXP 	text: height = np.float64(0.05)
9.0599 	EXP 	text: text = 'Which one are you going to buy?'
9.0623 	EXP 	eyetracker.setRecordingState(False)
9.0778 	EXP 	text: height = np.float64(0.05)
9.0778 	EXP 	text: height = np.float64(0.05)
9.0778 	EXP 	text: height = np.float64(0.05)
9.0778 	EXP 	text: text = 'Which one are you going to buy?'
9.0789 	EXP 	eyetracker.setRecordingState(False)
9.0902 	EXP 	text: height = np.float64(0.05)
9.0902 	EXP 	text: height = np.float64(0.05)
9.0902 	EXP 	text: height = np.float64(0.05)
9.0902 	EXP 	text: text = 'Which one are you going to buy?'
9.0912 	EXP 	eyetracker.setRecordingState(False)
9.1041 	EXP 	text: height = np.float64(0.05)
9.1041 	EXP 	text: height = np.float64(0.05)
9.1041 	EXP 	text: height = np.float64(0.05)
9.1041 	EXP 	text: text = 'Which one are you going to buy?'
9.1060 	EXP 	eyetracker.setRecordingState(False)
9.1230 	EXP 	text: height = np.float64(0.05)
9.1230 	EXP 	text: height = np.float64(0.05)
9.1230 	EXP 	text: height = np.float64(0.05)
9.1230 	EXP 	text: text = 'Which one are you going to buy?'
9.1249 	EXP 	eyetracker.setRecordingState(False)
9.1407 	EXP 	text: height = np.float64(0.05)
9.1407 	EXP 	text: height = np.float64(0.05)
9.1407 	EXP 	text: height = np.float64(0.05)
9.1407 	EXP 	text: text = 'Which one are you going to buy?'
9.1428 	EXP 	eyetracker.setRecordingState(False)
9.1595 	EXP 	text: height = np.float64(0.05)
9.1595 	EXP 	text: height = np.float64(0.05)
9.1595 	EXP 	text: height = np.float64(0.05)
9.1595 	EXP 	text: text = 'Which one are you going to buy?'
9.1613 	EXP 	eyetracker.setRecordingState(False)
9.1810 	EXP 	text: height = np.float64(0.05)
9.1810 	EXP 	text: height = np.float64(0.05)
9.1810 	EXP 	text: height = np.float64(0.05)
9.1810 	EXP 	text: text = 'Which one are you going to buy?'
9.1834 	EXP 	eyetracker.setRecordingState(False)
9.2012 	EXP 	text: height = np.float64(0.05)
9.2012 	EXP 	text: height = np.float64(0.05)
9.2012 	EXP 	text: height = np.float64(0.05)
9.2012 	EXP 	text: text = 'Which one are you going to buy?'
9.2029 	EXP 	eyetracker.setRecordingState(False)
9.2166 	EXP 	text: height = np.float64(0.05)
9.2166 	EXP 	text: height = np.float64(0.05)
9.2166 	EXP 	text: height = np.float64(0.05)
9.2166 	EXP 	text: text = 'Which one are you going to buy?'
9.2186 	EXP 	eyetracker.setRecordingState(False)
9.2385 	EXP 	text: height = np.float64(0.05)
9.2385 	EXP 	text: height = np.float64(0.05)
9.2385 	EXP 	text: height = np.float64(0.05)
9.2385 	EXP 	text: text = 'Which one are you going to buy?'
9.2402 	EXP 	eyetracker.setRecordingState(False)
9.2574 	EXP 	text: height = np.float64(0.05)
9.2574 	EXP 	text: height = np.float64(0.05)
9.2574 	EXP 	text: height = np.float64(0.05)
9.2574 	EXP 	text: text = 'Which one are you going to buy?'
9.2588 	EXP 	eyetracker.setRecordingState(False)
9.2729 	EXP 	text: height = np.float64(0.05)
9.2729 	EXP 	text: height = np.float64(0.05)
9.2729 	EXP 	text: height = np.float64(0.05)
9.2729 	EXP 	text: text = 'Which one are you going to buy?'
9.2745 	EXP 	eyetracker.setRecordingState(False)
9.2902 	EXP 	text: height = np.float64(0.05)
9.2902 	EXP 	text: height = np.float64(0.05)
9.2902 	EXP 	text: height = np.float64(0.05)
9.2902 	EXP 	text: text = 'Which one are you going to buy?'
9.2917 	EXP 	eyetracker.setRecordingState(False)
9.3063 	EXP 	text: height = np.float64(0.05)
9.3063 	EXP 	text: height = np.float64(0.05)
9.3063 	EXP 	text: height = np.float64(0.05)
9.3063 	EXP 	text: text = 'Which one are you going to buy?'
9.3075 	EXP 	eyetracker.setRecordingState(False)
9.3204 	EXP 	text: height = np.float64(0.05)
9.3204 	EXP 	text: height = np.float64(0.05)
9.3204 	EXP 	text: height = np.float64(0.05)
9.3204 	EXP 	text: text = 'Which one are you going to buy?'
9.3215 	EXP 	eyetracker.setRecordingState(False)
9.3332 	EXP 	text: height = np.float64(0.05)
9.3332 	EXP 	text: height = np.float64(0.05)
9.3332 	EXP 	text: height = np.float64(0.05)
9.3332 	EXP 	text: text = 'Which one are you going to buy?'
9.3343 	EXP 	eyetracker.setRecordingState(False)
9.3446 	EXP 	text: height = np.float64(0.05)
9.3446 	EXP 	text: height = np.float64(0.05)
9.3446 	EXP 	text: height = np.float64(0.05)
9.3446 	EXP 	text: text = 'Which one are you going to buy?'
9.3465 	EXP 	eyetracker.setRecordingState(False)
9.3590 	EXP 	text: height = np.float64(0.05)
9.3590 	EXP 	text: height = np.float64(0.05)
9.3590 	EXP 	text: height = np.float64(0.05)
9.3590 	EXP 	text: text = 'Which one are you going to buy?'
9.3607 	EXP 	eyetracker.setRecordingState(False)
9.3780 	EXP 	text: height = np.float64(0.05)
9.3780 	EXP 	text: height = np.float64(0.05)
9.3780 	EXP 	text: height = np.float64(0.05)
9.3780 	EXP 	text: text = 'Which one are you going to buy?'
9.3801 	EXP 	eyetracker.setRecordingState(False)
9.3937 	EXP 	text: height = np.float64(0.05)
9.3937 	EXP 	text: height = np.float64(0.05)
9.3937 	EXP 	text: height = np.float64(0.05)
9.3937 	EXP 	text: text = 'Which one are you going to buy?'
9.3953 	EXP 	eyetracker.setRecordingState(False)
9.4067 	EXP 	text: height = np.float64(0.05)
9.4067 	EXP 	text: height = np.float64(0.05)
9.4067 	EXP 	text: height = np.float64(0.05)
9.4067 	EXP 	text: text = 'Which one are you going to buy?'
9.4076 	EXP 	eyetracker.setRecordingState(False)
9.4190 	EXP 	text: height = np.float64(0.05)
9.4190 	EXP 	text: height = np.float64(0.05)
9.4190 	EXP 	text: height = np.float64(0.05)
9.4190 	EXP 	text: text = 'Which one are you going to buy?'
9.4207 	EXP 	eyetracker.setRecordingState(False)
9.4374 	EXP 	text: height = np.float64(0.05)
9.4374 	EXP 	text: height = np.float64(0.05)
9.4374 	EXP 	text: height = np.float64(0.05)
9.4374 	EXP 	text: text = 'Which one are you going to buy?'
9.4392 	EXP 	eyetracker.setRecordingState(False)
9.4559 	EXP 	text: height = np.float64(0.05)
9.4559 	EXP 	text: height = np.float64(0.05)
9.4559 	EXP 	text: height = np.float64(0.05)
9.4559 	EXP 	text: text = 'Which one are you going to buy?'
9.4575 	EXP 	eyetracker.setRecordingState(False)
9.4747 	EXP 	text: height = np.float64(0.05)
9.4747 	EXP 	text: height = np.float64(0.05)
9.4747 	EXP 	text: height = np.float64(0.05)
9.4747 	EXP 	text: text = 'Which one are you going to buy?'
9.4767 	EXP 	eyetracker.setRecordingState(False)
9.4965 	EXP 	text: height = np.float64(0.05)
9.4965 	EXP 	text: height = np.float64(0.05)
9.4965 	EXP 	text: height = np.float64(0.05)
9.4965 	EXP 	text: text = 'Which one are you going to buy?'
9.4981 	EXP 	eyetracker.setRecordingState(False)
9.5129 	EXP 	text: height = np.float64(0.05)
9.5129 	EXP 	text: height = np.float64(0.05)
9.5129 	EXP 	text: height = np.float64(0.05)
9.5129 	EXP 	text: text = 'Which one are you going to buy?'
9.5142 	EXP 	eyetracker.setRecordingState(False)
9.5276 	EXP 	text: height = np.float64(0.05)
9.5276 	EXP 	text: height = np.float64(0.05)
9.5276 	EXP 	text: height = np.float64(0.05)
9.5276 	EXP 	text: text = 'Which one are you going to buy?'
9.5293 	EXP 	eyetracker.setRecordingState(False)
9.5450 	EXP 	text: height = np.float64(0.05)
9.5450 	EXP 	text: height = np.float64(0.05)
9.5450 	EXP 	text: height = np.float64(0.05)
9.5450 	EXP 	text: text = 'Which one are you going to buy?'
9.5464 	EXP 	eyetracker.setRecordingState(False)
9.5726 	EXP 	text: height = np.float64(0.05)
9.5726 	EXP 	text: height = np.float64(0.05)
9.5726 	EXP 	text: height = np.float64(0.05)
9.5726 	EXP 	text: text = 'Which one are you going to buy?'
9.5748 	EXP 	eyetracker.setRecordingState(False)
9.5946 	EXP 	text: height = np.float64(0.05)
9.5946 	EXP 	text: height = np.float64(0.05)
9.5946 	EXP 	text: height = np.float64(0.05)
9.5946 	EXP 	text: text = 'Which one are you going to buy?'
9.5969 	EXP 	eyetracker.setRecordingState(False)
9.6191 	EXP 	text: height = np.float64(0.05)
9.6191 	EXP 	text: height = np.float64(0.05)
9.6191 	EXP 	text: height = np.float64(0.05)
9.6191 	EXP 	text: text = 'Which one are you going to buy?'
9.6208 	EXP 	eyetracker.setRecordingState(False)
9.6381 	EXP 	text: height = np.float64(0.05)
9.6381 	EXP 	text: height = np.float64(0.05)
9.6381 	EXP 	text: height = np.float64(0.05)
9.6381 	EXP 	text: text = 'Which one are you going to buy?'
9.6399 	EXP 	eyetracker.setRecordingState(False)
9.6551 	EXP 	text: height = np.float64(0.05)
9.6551 	EXP 	text: height = np.float64(0.05)
9.6551 	EXP 	text: height = np.float64(0.05)
9.6551 	EXP 	text: text = 'Which one are you going to buy?'
9.6564 	EXP 	eyetracker.setRecordingState(False)
9.6741 	EXP 	text: height = np.float64(0.05)
9.6741 	EXP 	text: height = np.float64(0.05)
9.6741 	EXP 	text: height = np.float64(0.05)
9.6741 	EXP 	text: text = 'Which one are you going to buy?'
9.6761 	EXP 	eyetracker.setRecordingState(False)
9.6977 	EXP 	text: height = np.float64(0.05)
9.6977 	EXP 	text: height = np.float64(0.05)
9.6977 	EXP 	text: height = np.float64(0.05)
9.6977 	EXP 	text: text = 'Which one are you going to buy?'
9.7000 	EXP 	eyetracker.setRecordingState(False)
9.7212 	EXP 	text: height = np.float64(0.05)
9.7212 	EXP 	text: height = np.float64(0.05)
9.7212 	EXP 	text: height = np.float64(0.05)
9.7212 	EXP 	text: text = 'Which one are you going to buy?'
9.7231 	EXP 	eyetracker.setRecordingState(False)
9.7390 	EXP 	text: height = np.float64(0.05)
9.7390 	EXP 	text: height = np.float64(0.05)
9.7390 	EXP 	text: height = np.float64(0.05)
9.7390 	EXP 	text: text = 'Which one are you going to buy?'
9.7403 	EXP 	eyetracker.setRecordingState(False)
9.7555 	EXP 	text: height = np.float64(0.05)
9.7555 	EXP 	text: height = np.float64(0.05)
9.7555 	EXP 	text: height = np.float64(0.05)
9.7555 	EXP 	text: text = 'Which one are you going to buy?'
9.7572 	EXP 	eyetracker.setRecordingState(False)
9.7715 	EXP 	text: height = np.float64(0.05)
9.7715 	EXP 	text: height = np.float64(0.05)
9.7715 	EXP 	text: height = np.float64(0.05)
9.7715 	EXP 	text: text = 'Which one are you going to buy?'
9.7730 	EXP 	eyetracker.setRecordingState(False)
9.7979 	EXP 	text: height = np.float64(0.05)
9.7979 	EXP 	text: height = np.float64(0.05)
9.7979 	EXP 	text: height = np.float64(0.05)
9.7979 	EXP 	text: text = 'Which one are you going to buy?'
9.7994 	EXP 	eyetracker.setRecordingState(False)
9.8126 	EXP 	text: height = np.float64(0.05)
9.8126 	EXP 	text: height = np.float64(0.05)
9.8126 	EXP 	text: height = np.float64(0.05)
9.8126 	EXP 	text: text = 'Which one are you going to buy?'
9.8140 	EXP 	eyetracker.setRecordingState(False)
9.8277 	EXP 	text: height = np.float64(0.05)
9.8277 	EXP 	text: height = np.float64(0.05)
9.8277 	EXP 	text: height = np.float64(0.05)
9.8277 	EXP 	text: text = 'Which one are you going to buy?'
9.8290 	EXP 	eyetracker.setRecordingState(False)
9.8419 	EXP 	text: height = np.float64(0.05)
9.8419 	EXP 	text: height = np.float64(0.05)
9.8419 	EXP 	text: height = np.float64(0.05)
9.8419 	EXP 	text: text = 'Which one are you going to buy?'
9.8429 	EXP 	eyetracker.setRecordingState(False)
9.8580 	EXP 	text: height = np.float64(0.05)
9.8580 	EXP 	text: height = np.float64(0.05)
9.8580 	EXP 	text: height = np.float64(0.05)
9.8580 	EXP 	text: text = 'Which one are you going to buy?'
9.8598 	EXP 	eyetracker.setRecordingState(False)
9.8776 	EXP 	text: height = np.float64(0.05)
9.8776 	EXP 	text: height = np.float64(0.05)
9.8776 	EXP 	text: height = np.float64(0.05)
9.8776 	EXP 	text: text = 'Which one are you going to buy?'
9.8792 	EXP 	eyetracker.setRecordingState(False)
9.8971 	EXP 	text: height = np.float64(0.05)
9.8971 	EXP 	text: height = np.float64(0.05)
9.8971 	EXP 	text: height = np.float64(0.05)
9.8971 	EXP 	text: text = 'Which one are you going to buy?'
9.8990 	EXP 	eyetracker.setRecordingState(False)
9.9201 	EXP 	text: height = np.float64(0.05)
9.9201 	EXP 	text: height = np.float64(0.05)
9.9201 	EXP 	text: height = np.float64(0.05)
9.9201 	EXP 	text: text = 'Which one are you going to buy?'
9.9220 	EXP 	eyetracker.setRecordingState(False)
9.9423 	EXP 	text: height = np.float64(0.05)
9.9423 	EXP 	text: height = np.float64(0.05)
9.9423 	EXP 	text: height = np.float64(0.05)
9.9423 	EXP 	text: text = 'Which one are you going to buy?'
9.9439 	EXP 	eyetracker.setRecordingState(False)
9.9637 	EXP 	text: height = np.float64(0.05)
9.9637 	EXP 	text: height = np.float64(0.05)
9.9637 	EXP 	text: height = np.float64(0.05)
9.9637 	EXP 	text: text = 'Which one are you going to buy?'
9.9665 	EXP 	eyetracker.setRecordingState(False)
9.9848 	EXP 	text: height = np.float64(0.05)
9.9848 	EXP 	text: height = np.float64(0.05)
9.9848 	EXP 	text: height = np.float64(0.05)
9.9848 	EXP 	text: text = 'Which one are you going to buy?'
9.9867 	EXP 	eyetracker.setRecordingState(False)
10.0129 	EXP 	text: height = np.float64(0.05)
10.0129 	EXP 	text: height = np.float64(0.05)
10.0129 	EXP 	text: height = np.float64(0.05)
10.0129 	EXP 	text: text = 'Which one are you going to buy?'
10.0152 	EXP 	eyetracker.setRecordingState(False)
10.0346 	EXP 	text: height = np.float64(0.05)
10.0346 	EXP 	text: height = np.float64(0.05)
10.0346 	EXP 	text: height = np.float64(0.05)
10.0346 	EXP 	text: text = 'Which one are you going to buy?'
10.0366 	EXP 	eyetracker.setRecordingState(False)
10.0526 	EXP 	text: height = np.float64(0.05)
10.0526 	EXP 	text: height = np.float64(0.05)
10.0526 	EXP 	text: height = np.float64(0.05)
10.0526 	EXP 	text: text = 'Which one are you going to buy?'
10.0542 	EXP 	eyetracker.setRecordingState(False)
10.0697 	EXP 	text: height = np.float64(0.05)
10.0697 	EXP 	text: height = np.float64(0.05)
10.0697 	EXP 	text: height = np.float64(0.05)
10.0697 	EXP 	text: text = 'Which one are you going to buy?'
10.0715 	EXP 	eyetracker.setRecordingState(False)
10.0858 	EXP 	text: height = np.float64(0.05)
10.0858 	EXP 	text: height = np.float64(0.05)
10.0858 	EXP 	text: height = np.float64(0.05)
10.0858 	EXP 	text: text = 'Which one are you going to buy?'
10.0871 	EXP 	eyetracker.setRecordingState(False)
10.1035 	EXP 	text: height = np.float64(0.05)
10.1035 	EXP 	text: height = np.float64(0.05)
10.1035 	EXP 	text: height = np.float64(0.05)
10.1035 	EXP 	text: text = 'Which one are you going to buy?'
10.1053 	EXP 	eyetracker.setRecordingState(False)
10.1219 	EXP 	text: height = np.float64(0.05)
10.1219 	EXP 	text: height = np.float64(0.05)
10.1219 	EXP 	text: height = np.float64(0.05)
10.1219 	EXP 	text: text = 'Which one are you going to buy?'
10.1237 	EXP 	eyetracker.setRecordingState(False)
10.1394 	EXP 	text: height = np.float64(0.05)
10.1394 	EXP 	text: height = np.float64(0.05)
10.1394 	EXP 	text: height = np.float64(0.05)
10.1394 	EXP 	text: text = 'Which one are you going to buy?'
10.1415 	EXP 	eyetracker.setRecordingState(False)
10.1580 	EXP 	text: height = np.float64(0.05)
10.1580 	EXP 	text: height = np.float64(0.05)
10.1580 	EXP 	text: height = np.float64(0.05)
10.1580 	EXP 	text: text = 'Which one are you going to buy?'
10.1598 	EXP 	eyetracker.setRecordingState(False)
10.1759 	EXP 	text: height = np.float64(0.05)
10.1759 	EXP 	text: height = np.float64(0.05)
10.1759 	EXP 	text: height = np.float64(0.05)
10.1759 	EXP 	text: text = 'Which one are you going to buy?'
10.1776 	EXP 	eyetracker.setRecordingState(False)
10.1934 	EXP 	text: height = np.float64(0.05)
10.1934 	EXP 	text: height = np.float64(0.05)
10.1934 	EXP 	text: height = np.float64(0.05)
10.1934 	EXP 	text: text = 'Which one are you going to buy?'
10.1951 	EXP 	eyetracker.setRecordingState(False)
10.2103 	EXP 	text: height = np.float64(0.05)
10.2103 	EXP 	text: height = np.float64(0.05)
10.2103 	EXP 	text: height = np.float64(0.05)
10.2103 	EXP 	text: text = 'Which one are you going to buy?'
10.2117 	EXP 	eyetracker.setRecordingState(False)
10.2268 	EXP 	text: height = np.float64(0.05)
10.2268 	EXP 	text: height = np.float64(0.05)
10.2268 	EXP 	text: height = np.float64(0.05)
10.2268 	EXP 	text: text = 'Which one are you going to buy?'
10.2285 	EXP 	eyetracker.setRecordingState(False)
10.2432 	EXP 	text: height = np.float64(0.05)
10.2432 	EXP 	text: height = np.float64(0.05)
10.2432 	EXP 	text: height = np.float64(0.05)
10.2432 	EXP 	text: text = 'Which one are you going to buy?'
10.2444 	EXP 	eyetracker.setRecordingState(False)
10.2573 	EXP 	text: height = np.float64(0.05)
10.2573 	EXP 	text: height = np.float64(0.05)
10.2573 	EXP 	text: height = np.float64(0.05)
10.2573 	EXP 	text: text = 'Which one are you going to buy?'
10.2583 	EXP 	eyetracker.setRecordingState(False)
10.2714 	EXP 	text: height = np.float64(0.05)
10.2714 	EXP 	text: height = np.float64(0.05)
10.2714 	EXP 	text: height = np.float64(0.05)
10.2714 	EXP 	text: text = 'Which one are you going to buy?'
10.2733 	EXP 	eyetracker.setRecordingState(False)
10.2888 	EXP 	text: height = np.float64(0.05)
10.2888 	EXP 	text: height = np.float64(0.05)
10.2888 	EXP 	text: height = np.float64(0.05)
10.2888 	EXP 	text: text = 'Which one are you going to buy?'
10.2904 	EXP 	eyetracker.setRecordingState(False)
10.3031 	EXP 	text: height = np.float64(0.05)
10.3031 	EXP 	text: height = np.float64(0.05)
10.3031 	EXP 	text: height = np.float64(0.05)
10.3031 	EXP 	text: text = 'Which one are you going to buy?'
10.3043 	EXP 	eyetracker.setRecordingState(False)
10.3162 	EXP 	text: height = np.float64(0.05)
10.3162 	EXP 	text: height = np.float64(0.05)
10.3162 	EXP 	text: height = np.float64(0.05)
10.3162 	EXP 	text: text = 'Which one are you going to buy?'
10.3173 	EXP 	eyetracker.setRecordingState(False)
10.3299 	EXP 	text: height = np.float64(0.05)
10.3299 	EXP 	text: height = np.float64(0.05)
10.3299 	EXP 	text: height = np.float64(0.05)
10.3299 	EXP 	text: text = 'Which one are you going to buy?'
10.3309 	EXP 	eyetracker.setRecordingState(False)
10.3421 	EXP 	text: height = np.float64(0.05)
10.3421 	EXP 	text: height = np.float64(0.05)
10.3421 	EXP 	text: height = np.float64(0.05)
10.3421 	EXP 	text: text = 'Which one are you going to buy?'
10.3437 	EXP 	eyetracker.setRecordingState(False)
10.3563 	EXP 	text: height = np.float64(0.05)
10.3563 	EXP 	text: height = np.float64(0.05)
10.3563 	EXP 	text: height = np.float64(0.05)
10.3563 	EXP 	text: text = 'Which one are you going to buy?'
10.3580 	EXP 	eyetracker.setRecordingState(False)
10.3719 	EXP 	text: height = np.float64(0.05)
10.3719 	EXP 	text: height = np.float64(0.05)
10.3719 	EXP 	text: height = np.float64(0.05)
10.3719 	EXP 	text: text = 'Which one are you going to buy?'
10.3735 	EXP 	eyetracker.setRecordingState(False)
10.3877 	EXP 	text: height = np.float64(0.05)
10.3877 	EXP 	text: height = np.float64(0.05)
10.3877 	EXP 	text: height = np.float64(0.05)
10.3877 	EXP 	text: text = 'Which one are you going to buy?'
10.3895 	EXP 	eyetracker.setRecordingState(False)
10.4049 	EXP 	text: height = np.float64(0.05)
10.4049 	EXP 	text: height = np.float64(0.05)
10.4049 	EXP 	text: height = np.float64(0.05)
10.4049 	EXP 	text: text = 'Which one are you going to buy?'
10.4064 	EXP 	eyetracker.setRecordingState(False)
10.4207 	EXP 	text: height = np.float64(0.05)
10.4207 	EXP 	text: height = np.float64(0.05)
10.4207 	EXP 	text: height = np.float64(0.05)
10.4207 	EXP 	text: text = 'Which one are you going to buy?'
10.4221 	EXP 	eyetracker.setRecordingState(False)
10.4348 	EXP 	text: height = np.float64(0.05)
10.4348 	EXP 	text: height = np.float64(0.05)
10.4348 	EXP 	text: height = np.float64(0.05)
10.4348 	EXP 	text: text = 'Which one are you going to buy?'
10.4364 	EXP 	eyetracker.setRecordingState(False)
10.4500 	EXP 	text: height = np.float64(0.05)
10.4500 	EXP 	text: height = np.float64(0.05)
10.4500 	EXP 	text: height = np.float64(0.05)
10.4500 	EXP 	text: text = 'Which one are you going to buy?'
10.4523 	EXP 	eyetracker.setRecordingState(False)
10.4665 	EXP 	text: height = np.float64(0.05)
10.4665 	EXP 	text: height = np.float64(0.05)
10.4665 	EXP 	text: height = np.float64(0.05)
10.4665 	EXP 	text: text = 'Which one are you going to buy?'
10.4682 	EXP 	eyetracker.setRecordingState(False)
10.4826 	EXP 	text: height = np.float64(0.05)
10.4826 	EXP 	text: height = np.float64(0.05)
10.4826 	EXP 	text: height = np.float64(0.05)
10.4826 	EXP 	text: text = 'Which one are you going to buy?'
10.4843 	EXP 	eyetracker.setRecordingState(False)
10.4983 	EXP 	text: height = np.float64(0.05)
10.4983 	EXP 	text: height = np.float64(0.05)
10.4983 	EXP 	text: height = np.float64(0.05)
10.4983 	EXP 	text: text = 'Which one are you going to buy?'
10.4998 	EXP 	eyetracker.setRecordingState(False)
10.5136 	EXP 	text: height = np.float64(0.05)
10.5136 	EXP 	text: height = np.float64(0.05)
10.5136 	EXP 	text: height = np.float64(0.05)
10.5136 	EXP 	text: text = 'Which one are you going to buy?'
10.5155 	EXP 	eyetracker.setRecordingState(False)
10.5334 	EXP 	text: height = np.float64(0.05)
10.5334 	EXP 	text: height = np.float64(0.05)
10.5334 	EXP 	text: height = np.float64(0.05)
10.5334 	EXP 	text: text = 'Which one are you going to buy?'
10.5355 	EXP 	eyetracker.setRecordingState(False)
10.5504 	EXP 	text: height = np.float64(0.05)
10.5504 	EXP 	text: height = np.float64(0.05)
10.5504 	EXP 	text: height = np.float64(0.05)
10.5504 	EXP 	text: text = 'Which one are you going to buy?'
10.5518 	EXP 	eyetracker.setRecordingState(False)
10.5667 	EXP 	text: height = np.float64(0.05)
10.5667 	EXP 	text: height = np.float64(0.05)
10.5667 	EXP 	text: height = np.float64(0.05)
10.5667 	EXP 	text: text = 'Which one are you going to buy?'
10.5685 	EXP 	eyetracker.setRecordingState(False)
10.5862 	EXP 	text: height = np.float64(0.05)
10.5862 	EXP 	text: height = np.float64(0.05)
10.5862 	EXP 	text: height = np.float64(0.05)
10.5862 	EXP 	text: text = 'Which one are you going to buy?'
10.5879 	EXP 	eyetracker.setRecordingState(False)
10.6035 	EXP 	text: height = np.float64(0.05)
10.6035 	EXP 	text: height = np.float64(0.05)
10.6035 	EXP 	text: height = np.float64(0.05)
10.6035 	EXP 	text: text = 'Which one are you going to buy?'
10.6048 	EXP 	eyetracker.setRecordingState(False)
10.6178 	EXP 	text: height = np.float64(0.05)
10.6178 	EXP 	text: height = np.float64(0.05)
10.6178 	EXP 	text: height = np.float64(0.05)
10.6178 	EXP 	text: text = 'Which one are you going to buy?'
10.6195 	EXP 	eyetracker.setRecordingState(False)
10.6352 	EXP 	text: height = np.float64(0.05)
10.6352 	EXP 	text: height = np.float64(0.05)
10.6352 	EXP 	text: height = np.float64(0.05)
10.6352 	EXP 	text: text = 'Which one are you going to buy?'
10.6369 	EXP 	eyetracker.setRecordingState(False)
10.6507 	EXP 	text: height = np.float64(0.05)
10.6507 	EXP 	text: height = np.float64(0.05)
10.6507 	EXP 	text: height = np.float64(0.05)
10.6507 	EXP 	text: text = 'Which one are you going to buy?'
10.6520 	EXP 	eyetracker.setRecordingState(False)
10.6644 	EXP 	text: height = np.float64(0.05)
10.6644 	EXP 	text: height = np.float64(0.05)
10.6644 	EXP 	text: height = np.float64(0.05)
10.6644 	EXP 	text: text = 'Which one are you going to buy?'
10.6654 	EXP 	eyetracker.setRecordingState(False)
10.6760 	EXP 	text: height = np.float64(0.05)
10.6760 	EXP 	text: height = np.float64(0.05)
10.6760 	EXP 	text: height = np.float64(0.05)
10.6760 	EXP 	text: text = 'Which one are you going to buy?'
10.6769 	EXP 	eyetracker.setRecordingState(False)
10.6877 	EXP 	text: height = np.float64(0.05)
10.6877 	EXP 	text: height = np.float64(0.05)
10.6877 	EXP 	text: height = np.float64(0.05)
10.6877 	EXP 	text: text = 'Which one are you going to buy?'
10.6887 	EXP 	eyetracker.setRecordingState(False)
10.7015 	EXP 	text: height = np.float64(0.05)
10.7015 	EXP 	text: height = np.float64(0.05)
10.7015 	EXP 	text: height = np.float64(0.05)
10.7015 	EXP 	text: text = 'Which one are you going to buy?'
10.7032 	EXP 	eyetracker.setRecordingState(False)
10.7179 	EXP 	text: height = np.float64(0.05)
10.7179 	EXP 	text: height = np.float64(0.05)
10.7179 	EXP 	text: height = np.float64(0.05)
10.7179 	EXP 	text: text = 'Which one are you going to buy?'
10.7198 	EXP 	eyetracker.setRecordingState(False)
10.7346 	EXP 	text: height = np.float64(0.05)
10.7346 	EXP 	text: height = np.float64(0.05)
10.7346 	EXP 	text: height = np.float64(0.05)
10.7346 	EXP 	text: text = 'Which one are you going to buy?'
10.7366 	EXP 	eyetracker.setRecordingState(False)
10.7523 	EXP 	text: height = np.float64(0.05)
10.7523 	EXP 	text: height = np.float64(0.05)
10.7523 	EXP 	text: height = np.float64(0.05)
10.7523 	EXP 	text: text = 'Which one are you going to buy?'
10.7536 	EXP 	eyetracker.setRecordingState(False)
10.7686 	EXP 	text: height = np.float64(0.05)
10.7686 	EXP 	text: height = np.float64(0.05)
10.7686 	EXP 	text: height = np.float64(0.05)
10.7686 	EXP 	text: text = 'Which one are you going to buy?'
10.7701 	EXP 	eyetracker.setRecordingState(False)
10.7845 	EXP 	text: height = np.float64(0.05)
10.7845 	EXP 	text: height = np.float64(0.05)
10.7845 	EXP 	text: height = np.float64(0.05)
10.7845 	EXP 	text: text = 'Which one are you going to buy?'
10.7859 	EXP 	eyetracker.setRecordingState(False)
10.7996 	EXP 	text: height = np.float64(0.05)
10.7996 	EXP 	text: height = np.float64(0.05)
10.7996 	EXP 	text: height = np.float64(0.05)
10.7996 	EXP 	text: text = 'Which one are you going to buy?'
10.8010 	EXP 	eyetracker.setRecordingState(False)
10.8138 	EXP 	text: height = np.float64(0.05)
10.8138 	EXP 	text: height = np.float64(0.05)
10.8138 	EXP 	text: height = np.float64(0.05)
10.8138 	EXP 	text: text = 'Which one are you going to buy?'
10.8155 	EXP 	eyetracker.setRecordingState(False)
10.8320 	EXP 	text: height = np.float64(0.05)
10.8320 	EXP 	text: height = np.float64(0.05)
10.8320 	EXP 	text: height = np.float64(0.05)
10.8320 	EXP 	text: text = 'Which one are you going to buy?'
10.8335 	EXP 	eyetracker.setRecordingState(False)
10.8504 	EXP 	text: height = np.float64(0.05)
10.8504 	EXP 	text: height = np.float64(0.05)
10.8504 	EXP 	text: height = np.float64(0.05)
10.8504 	EXP 	text: text = 'Which one are you going to buy?'
10.8519 	EXP 	eyetracker.setRecordingState(False)
10.8671 	EXP 	text: height = np.float64(0.05)
10.8671 	EXP 	text: height = np.float64(0.05)
10.8671 	EXP 	text: height = np.float64(0.05)
10.8671 	EXP 	text: text = 'Which one are you going to buy?'
10.8684 	EXP 	eyetracker.setRecordingState(False)
10.8819 	EXP 	text: height = np.float64(0.05)
10.8819 	EXP 	text: height = np.float64(0.05)
10.8819 	EXP 	text: height = np.float64(0.05)
10.8819 	EXP 	text: text = 'Which one are you going to buy?'
10.8830 	EXP 	eyetracker.setRecordingState(False)
10.8942 	EXP 	text: height = np.float64(0.05)
10.8942 	EXP 	text: height = np.float64(0.05)
10.8942 	EXP 	text: height = np.float64(0.05)
10.8942 	EXP 	text: text = 'Which one are you going to buy?'
10.8953 	EXP 	eyetracker.setRecordingState(False)
10.9093 	EXP 	text: height = np.float64(0.05)
10.9093 	EXP 	text: height = np.float64(0.05)
10.9093 	EXP 	text: height = np.float64(0.05)
10.9093 	EXP 	text: text = 'Which one are you going to buy?'
10.9117 	EXP 	eyetracker.setRecordingState(False)
10.9305 	EXP 	text: height = np.float64(0.05)
10.9305 	EXP 	text: height = np.float64(0.05)
10.9305 	EXP 	text: height = np.float64(0.05)
10.9305 	EXP 	text: text = 'Which one are you going to buy?'
10.9320 	EXP 	eyetracker.setRecordingState(False)
10.9460 	EXP 	text: height = np.float64(0.05)
10.9460 	EXP 	text: height = np.float64(0.05)
10.9460 	EXP 	text: height = np.float64(0.05)
10.9460 	EXP 	text: text = 'Which one are you going to buy?'
10.9473 	EXP 	eyetracker.setRecordingState(False)
10.9639 	EXP 	text: height = np.float64(0.05)
10.9639 	EXP 	text: height = np.float64(0.05)
10.9639 	EXP 	text: height = np.float64(0.05)
10.9639 	EXP 	text: text = 'Which one are you going to buy?'
10.9659 	EXP 	eyetracker.setRecordingState(False)
10.9859 	EXP 	text: height = np.float64(0.05)
10.9859 	EXP 	text: height = np.float64(0.05)
10.9859 	EXP 	text: height = np.float64(0.05)
10.9859 	EXP 	text: text = 'Which one are you going to buy?'
10.9878 	EXP 	eyetracker.setRecordingState(False)
11.0092 	EXP 	text: height = np.float64(0.05)
11.0092 	EXP 	text: height = np.float64(0.05)
11.0092 	EXP 	text: height = np.float64(0.05)
11.0092 	EXP 	text: text = 'Which one are you going to buy?'
11.0112 	EXP 	eyetracker.setRecordingState(False)
11.0307 	EXP 	text: height = np.float64(0.05)
11.0307 	EXP 	text: height = np.float64(0.05)
11.0307 	EXP 	text: height = np.float64(0.05)
11.0307 	EXP 	text: text = 'Which one are you going to buy?'
11.0324 	EXP 	eyetracker.setRecordingState(False)
11.0532 	EXP 	text: height = np.float64(0.05)
11.0532 	EXP 	text: height = np.float64(0.05)
11.0532 	EXP 	text: height = np.float64(0.05)
11.0532 	EXP 	text: text = 'Which one are you going to buy?'
11.0549 	EXP 	eyetracker.setRecordingState(False)
11.0725 	EXP 	text: height = np.float64(0.05)
11.0725 	EXP 	text: height = np.float64(0.05)
11.0725 	EXP 	text: height = np.float64(0.05)
11.0725 	EXP 	text: text = 'Which one are you going to buy?'
11.0740 	EXP 	eyetracker.setRecordingState(False)
11.0929 	EXP 	text: height = np.float64(0.05)
11.0929 	EXP 	text: height = np.float64(0.05)
11.0929 	EXP 	text: height = np.float64(0.05)
11.0929 	EXP 	text: text = 'Which one are you going to buy?'
11.0949 	EXP 	eyetracker.setRecordingState(False)
11.1161 	EXP 	text: height = np.float64(0.05)
11.1161 	EXP 	text: height = np.float64(0.05)
11.1161 	EXP 	text: height = np.float64(0.05)
11.1161 	EXP 	text: text = 'Which one are you going to buy?'
11.1185 	EXP 	eyetracker.setRecordingState(False)
11.1339 	EXP 	text: height = np.float64(0.05)
11.1339 	EXP 	text: height = np.float64(0.05)
11.1339 	EXP 	text: height = np.float64(0.05)
11.1339 	EXP 	text: text = 'Which one are you going to buy?'
11.1350 	EXP 	eyetracker.setRecordingState(False)
11.1454 	EXP 	text: height = np.float64(0.05)
11.1454 	EXP 	text: height = np.float64(0.05)
11.1454 	EXP 	text: height = np.float64(0.05)
11.1454 	EXP 	text: text = 'Which one are you going to buy?'
11.1463 	EXP 	eyetracker.setRecordingState(False)
11.1554 	EXP 	text: height = np.float64(0.05)
11.1554 	EXP 	text: height = np.float64(0.05)
11.1554 	EXP 	text: height = np.float64(0.05)
11.1554 	EXP 	text: text = 'Which one are you going to buy?'
11.1560 	EXP 	eyetracker.setRecordingState(False)
11.1651 	EXP 	text: height = np.float64(0.05)
11.1651 	EXP 	text: height = np.float64(0.05)
11.1651 	EXP 	text: height = np.float64(0.05)
11.1651 	EXP 	text: text = 'Which one are you going to buy?'
11.1662 	EXP 	eyetracker.setRecordingState(False)
11.1758 	EXP 	text: height = np.float64(0.05)
11.1758 	EXP 	text: height = np.float64(0.05)
11.1758 	EXP 	text: height = np.float64(0.05)
11.1758 	EXP 	text: text = 'Which one are you going to buy?'
11.1767 	EXP 	eyetracker.setRecordingState(False)
11.1884 	EXP 	text: height = np.float64(0.05)
11.1884 	EXP 	text: height = np.float64(0.05)
11.1884 	EXP 	text: height = np.float64(0.05)
11.1884 	EXP 	text: text = 'Which one are you going to buy?'
11.1896 	EXP 	eyetracker.setRecordingState(False)
11.2021 	EXP 	text: height = np.float64(0.05)
11.2021 	EXP 	text: height = np.float64(0.05)
11.2021 	EXP 	text: height = np.float64(0.05)
11.2021 	EXP 	text: text = 'Which one are you going to buy?'
11.2034 	EXP 	eyetracker.setRecordingState(False)
11.2145 	EXP 	text: height = np.float64(0.05)
11.2145 	EXP 	text: height = np.float64(0.05)
11.2145 	EXP 	text: height = np.float64(0.05)
11.2145 	EXP 	text: text = 'Which one are you going to buy?'
11.2156 	EXP 	eyetracker.setRecordingState(False)
11.2265 	EXP 	text: height = np.float64(0.05)
11.2265 	EXP 	text: height = np.float64(0.05)
11.2265 	EXP 	text: height = np.float64(0.05)
11.2265 	EXP 	text: text = 'Which one are you going to buy?'
11.2277 	EXP 	eyetracker.setRecordingState(False)
11.2384 	EXP 	text: height = np.float64(0.05)
11.2384 	EXP 	text: height = np.float64(0.05)
11.2384 	EXP 	text: height = np.float64(0.05)
11.2384 	EXP 	text: text = 'Which one are you going to buy?'
11.2394 	EXP 	eyetracker.setRecordingState(False)
11.2521 	EXP 	text: height = np.float64(0.05)
11.2521 	EXP 	text: height = np.float64(0.05)
11.2521 	EXP 	text: height = np.float64(0.05)
11.2521 	EXP 	text: text = 'Which one are you going to buy?'
11.2540 	EXP 	eyetracker.setRecordingState(False)
11.2705 	EXP 	text: height = np.float64(0.05)
11.2705 	EXP 	text: height = np.float64(0.05)
11.2705 	EXP 	text: height = np.float64(0.05)
11.2705 	EXP 	text: text = 'Which one are you going to buy?'
11.2722 	EXP 	eyetracker.setRecordingState(False)
11.2888 	EXP 	text: height = np.float64(0.05)
11.2888 	EXP 	text: height = np.float64(0.05)
11.2888 	EXP 	text: height = np.float64(0.05)
11.2888 	EXP 	text: text = 'Which one are you going to buy?'
11.2901 	EXP 	eyetracker.setRecordingState(False)
11.3026 	EXP 	text: height = np.float64(0.05)
11.3026 	EXP 	text: height = np.float64(0.05)
11.3026 	EXP 	text: height = np.float64(0.05)
11.3026 	EXP 	text: text = 'Which one are you going to buy?'
11.3038 	EXP 	eyetracker.setRecordingState(False)
11.3182 	EXP 	text: height = np.float64(0.05)
11.3182 	EXP 	text: height = np.float64(0.05)
11.3182 	EXP 	text: height = np.float64(0.05)
11.3182 	EXP 	text: text = 'Which one are you going to buy?'
11.3202 	EXP 	eyetracker.setRecordingState(False)
11.3401 	EXP 	text: height = np.float64(0.05)
11.3401 	EXP 	text: height = np.float64(0.05)
11.3401 	EXP 	text: height = np.float64(0.05)
11.3401 	EXP 	text: text = 'Which one are you going to buy?'
11.3416 	EXP 	eyetracker.setRecordingState(False)
11.3538 	EXP 	text: height = np.float64(0.05)
11.3538 	EXP 	text: height = np.float64(0.05)
11.3538 	EXP 	text: height = np.float64(0.05)
11.3538 	EXP 	text: text = 'Which one are you going to buy?'
11.3552 	EXP 	eyetracker.setRecordingState(False)
11.3661 	EXP 	text: height = np.float64(0.05)
11.3661 	EXP 	text: height = np.float64(0.05)
11.3661 	EXP 	text: height = np.float64(0.05)
11.3661 	EXP 	text: text = 'Which one are you going to buy?'
11.3672 	EXP 	eyetracker.setRecordingState(False)
11.3770 	EXP 	text: height = np.float64(0.05)
11.3770 	EXP 	text: height = np.float64(0.05)
11.3770 	EXP 	text: height = np.float64(0.05)
11.3770 	EXP 	text: text = 'Which one are you going to buy?'
11.3783 	EXP 	eyetracker.setRecordingState(False)
11.3877 	EXP 	text: height = np.float64(0.05)
11.3877 	EXP 	text: height = np.float64(0.05)
11.3877 	EXP 	text: height = np.float64(0.05)
11.3877 	EXP 	text: text = 'Which one are you going to buy?'
11.3888 	EXP 	eyetracker.setRecordingState(False)
11.3990 	EXP 	text: height = np.float64(0.05)
11.3990 	EXP 	text: height = np.float64(0.05)
11.3990 	EXP 	text: height = np.float64(0.05)
11.3990 	EXP 	text: text = 'Which one are you going to buy?'
11.4000 	EXP 	eyetracker.setRecordingState(False)
11.4127 	EXP 	text: height = np.float64(0.05)
11.4127 	EXP 	text: height = np.float64(0.05)
11.4127 	EXP 	text: height = np.float64(0.05)
11.4127 	EXP 	text: text = 'Which one are you going to buy?'
11.4144 	EXP 	eyetracker.setRecordingState(False)
11.4302 	EXP 	text: height = np.float64(0.05)
11.4302 	EXP 	text: height = np.float64(0.05)
11.4302 	EXP 	text: height = np.float64(0.05)
11.4302 	EXP 	text: text = 'Which one are you going to buy?'
11.4316 	EXP 	eyetracker.setRecordingState(False)
11.4440 	EXP 	text: height = np.float64(0.05)
11.4440 	EXP 	text: height = np.float64(0.05)
11.4440 	EXP 	text: height = np.float64(0.05)
11.4440 	EXP 	text: text = 'Which one are you going to buy?'
11.4451 	EXP 	eyetracker.setRecordingState(False)
11.4578 	EXP 	text: height = np.float64(0.05)
11.4578 	EXP 	text: height = np.float64(0.05)
11.4578 	EXP 	text: height = np.float64(0.05)
11.4578 	EXP 	text: text = 'Which one are you going to buy?'
11.4590 	EXP 	eyetracker.setRecordingState(False)
11.4719 	EXP 	text: height = np.float64(0.05)
11.4719 	EXP 	text: height = np.float64(0.05)
11.4719 	EXP 	text: height = np.float64(0.05)
11.4719 	EXP 	text: text = 'Which one are you going to buy?'
11.4733 	EXP 	eyetracker.setRecordingState(False)
11.4870 	EXP 	text: height = np.float64(0.05)
11.4870 	EXP 	text: height = np.float64(0.05)
11.4870 	EXP 	text: height = np.float64(0.05)
11.4870 	EXP 	text: text = 'Which one are you going to buy?'
11.4882 	EXP 	eyetracker.setRecordingState(False)
11.5000 	EXP 	text: height = np.float64(0.05)
11.5000 	EXP 	text: height = np.float64(0.05)
11.5000 	EXP 	text: height = np.float64(0.05)
11.5000 	EXP 	text: text = 'Which one are you going to buy?'
11.5012 	EXP 	eyetracker.setRecordingState(False)
11.5131 	EXP 	text: height = np.float64(0.05)
11.5131 	EXP 	text: height = np.float64(0.05)
11.5131 	EXP 	text: height = np.float64(0.05)
11.5131 	EXP 	text: text = 'Which one are you going to buy?'
11.5149 	EXP 	eyetracker.setRecordingState(False)
11.5283 	EXP 	text: height = np.float64(0.05)
11.5283 	EXP 	text: height = np.float64(0.05)
11.5283 	EXP 	text: height = np.float64(0.05)
11.5283 	EXP 	text: text = 'Which one are you going to buy?'
11.5296 	EXP 	eyetracker.setRecordingState(False)
11.5426 	EXP 	text: height = np.float64(0.05)
11.5426 	EXP 	text: height = np.float64(0.05)
11.5426 	EXP 	text: height = np.float64(0.05)
11.5426 	EXP 	text: text = 'Which one are you going to buy?'
11.5449 	EXP 	eyetracker.setRecordingState(False)
11.5595 	EXP 	text: height = np.float64(0.05)
11.5595 	EXP 	text: height = np.float64(0.05)
11.5595 	EXP 	text: height = np.float64(0.05)
11.5595 	EXP 	text: text = 'Which one are you going to buy?'
11.5610 	EXP 	eyetracker.setRecordingState(False)
11.5725 	EXP 	text: height = np.float64(0.05)
11.5725 	EXP 	text: height = np.float64(0.05)
11.5725 	EXP 	text: height = np.float64(0.05)
11.5725 	EXP 	text: text = 'Which one are you going to buy?'
11.5737 	EXP 	eyetracker.setRecordingState(False)
11.5857 	EXP 	text: height = np.float64(0.05)
11.5857 	EXP 	text: height = np.float64(0.05)
11.5857 	EXP 	text: height = np.float64(0.05)
11.5857 	EXP 	text: text = 'Which one are you going to buy?'
11.5875 	EXP 	eyetracker.setRecordingState(False)
11.6021 	EXP 	text: height = np.float64(0.05)
11.6021 	EXP 	text: height = np.float64(0.05)
11.6021 	EXP 	text: height = np.float64(0.05)
11.6021 	EXP 	text: text = 'Which one are you going to buy?'
11.6035 	EXP 	eyetracker.setRecordingState(False)
11.6173 	EXP 	text: height = np.float64(0.05)
11.6173 	EXP 	text: height = np.float64(0.05)
11.6173 	EXP 	text: height = np.float64(0.05)
11.6173 	EXP 	text: text = 'Which one are you going to buy?'
11.6185 	EXP 	eyetracker.setRecordingState(False)
11.6324 	EXP 	text: height = np.float64(0.05)
11.6324 	EXP 	text: height = np.float64(0.05)
11.6324 	EXP 	text: height = np.float64(0.05)
11.6324 	EXP 	text: text = 'Which one are you going to buy?'
11.6339 	EXP 	eyetracker.setRecordingState(False)
11.6483 	EXP 	text: height = np.float64(0.05)
11.6483 	EXP 	text: height = np.float64(0.05)
11.6483 	EXP 	text: height = np.float64(0.05)
11.6483 	EXP 	text: text = 'Which one are you going to buy?'
11.6500 	EXP 	eyetracker.setRecordingState(False)
11.6647 	EXP 	text: height = np.float64(0.05)
11.6647 	EXP 	text: height = np.float64(0.05)
11.6647 	EXP 	text: height = np.float64(0.05)
11.6647 	EXP 	text: text = 'Which one are you going to buy?'
11.6667 	EXP 	eyetracker.setRecordingState(False)
11.6825 	EXP 	text: height = np.float64(0.05)
11.6825 	EXP 	text: height = np.float64(0.05)
11.6825 	EXP 	text: height = np.float64(0.05)
11.6825 	EXP 	text: text = 'Which one are you going to buy?'
11.6838 	EXP 	eyetracker.setRecordingState(False)
11.6958 	EXP 	text: height = np.float64(0.05)
11.6958 	EXP 	text: height = np.float64(0.05)
11.6958 	EXP 	text: height = np.float64(0.05)
11.6958 	EXP 	text: text = 'Which one are you going to buy?'
11.6968 	EXP 	eyetracker.setRecordingState(False)
11.7089 	EXP 	text: height = np.float64(0.05)
11.7089 	EXP 	text: height = np.float64(0.05)
11.7089 	EXP 	text: height = np.float64(0.05)
11.7089 	EXP 	text: text = 'Which one are you going to buy?'
11.7100 	EXP 	eyetracker.setRecordingState(False)
11.7231 	EXP 	text: height = np.float64(0.05)
11.7231 	EXP 	text: height = np.float64(0.05)
11.7231 	EXP 	text: height = np.float64(0.05)
11.7231 	EXP 	text: text = 'Which one are you going to buy?'
11.7249 	EXP 	eyetracker.setRecordingState(False)
11.7412 	EXP 	text: height = np.float64(0.05)
11.7412 	EXP 	text: height = np.float64(0.05)
11.7412 	EXP 	text: height = np.float64(0.05)
11.7412 	EXP 	text: text = 'Which one are you going to buy?'
11.7431 	EXP 	eyetracker.setRecordingState(False)
11.7576 	EXP 	text: height = np.float64(0.05)
11.7576 	EXP 	text: height = np.float64(0.05)
11.7576 	EXP 	text: height = np.float64(0.05)
11.7576 	EXP 	text: text = 'Which one are you going to buy?'
11.7590 	EXP 	eyetracker.setRecordingState(False)
11.7738 	EXP 	text: height = np.float64(0.05)
11.7738 	EXP 	text: height = np.float64(0.05)
11.7738 	EXP 	text: height = np.float64(0.05)
11.7738 	EXP 	text: text = 'Which one are you going to buy?'
11.7755 	EXP 	eyetracker.setRecordingState(False)
11.7900 	EXP 	text: height = np.float64(0.05)
11.7900 	EXP 	text: height = np.float64(0.05)
11.7900 	EXP 	text: height = np.float64(0.05)
11.7900 	EXP 	text: text = 'Which one are you going to buy?'
11.7917 	EXP 	eyetracker.setRecordingState(False)
11.8075 	EXP 	text: height = np.float64(0.05)
11.8075 	EXP 	text: height = np.float64(0.05)
11.8075 	EXP 	text: height = np.float64(0.05)
11.8075 	EXP 	text: text = 'Which one are you going to buy?'
11.8090 	EXP 	eyetracker.setRecordingState(False)
11.8252 	EXP 	text: height = np.float64(0.05)
11.8252 	EXP 	text: height = np.float64(0.05)
11.8252 	EXP 	text: height = np.float64(0.05)
11.8252 	EXP 	text: text = 'Which one are you going to buy?'
11.8273 	EXP 	eyetracker.setRecordingState(False)
11.8434 	EXP 	text: height = np.float64(0.05)
11.8434 	EXP 	text: height = np.float64(0.05)
11.8434 	EXP 	text: height = np.float64(0.05)
11.8434 	EXP 	text: text = 'Which one are you going to buy?'
11.8452 	EXP 	eyetracker.setRecordingState(False)
11.8595 	EXP 	text: height = np.float64(0.05)
11.8595 	EXP 	text: height = np.float64(0.05)
11.8595 	EXP 	text: height = np.float64(0.05)
11.8595 	EXP 	text: text = 'Which one are you going to buy?'
11.8607 	EXP 	eyetracker.setRecordingState(False)
11.8729 	EXP 	text: height = np.float64(0.05)
11.8729 	EXP 	text: height = np.float64(0.05)
11.8729 	EXP 	text: height = np.float64(0.05)
11.8729 	EXP 	text: text = 'Which one are you going to buy?'
11.8743 	EXP 	eyetracker.setRecordingState(False)
11.8892 	EXP 	text: height = np.float64(0.05)
11.8892 	EXP 	text: height = np.float64(0.05)
11.8892 	EXP 	text: height = np.float64(0.05)
11.8892 	EXP 	text: text = 'Which one are you going to buy?'
11.8910 	EXP 	eyetracker.setRecordingState(False)
11.9054 	EXP 	text: height = np.float64(0.05)
11.9054 	EXP 	text: height = np.float64(0.05)
11.9054 	EXP 	text: height = np.float64(0.05)
11.9054 	EXP 	text: text = 'Which one are you going to buy?'
11.9070 	EXP 	eyetracker.setRecordingState(False)
11.9205 	EXP 	text: height = np.float64(0.05)
11.9205 	EXP 	text: height = np.float64(0.05)
11.9205 	EXP 	text: height = np.float64(0.05)
11.9205 	EXP 	text: text = 'Which one are you going to buy?'
11.9218 	EXP 	eyetracker.setRecordingState(False)
11.9322 	EXP 	text: height = np.float64(0.05)
11.9322 	EXP 	text: height = np.float64(0.05)
11.9322 	EXP 	text: height = np.float64(0.05)
11.9322 	EXP 	text: text = 'Which one are you going to buy?'
11.9332 	EXP 	eyetracker.setRecordingState(False)
11.9443 	EXP 	text: height = np.float64(0.05)
11.9443 	EXP 	text: height = np.float64(0.05)
11.9443 	EXP 	text: height = np.float64(0.05)
11.9443 	EXP 	text: text = 'Which one are you going to buy?'
11.9455 	EXP 	eyetracker.setRecordingState(False)
11.9577 	EXP 	text: height = np.float64(0.05)
11.9577 	EXP 	text: height = np.float64(0.05)
11.9577 	EXP 	text: height = np.float64(0.05)
11.9577 	EXP 	text: text = 'Which one are you going to buy?'
11.9589 	EXP 	eyetracker.setRecordingState(False)
11.9710 	EXP 	text: height = np.float64(0.05)
11.9710 	EXP 	text: height = np.float64(0.05)
11.9710 	EXP 	text: height = np.float64(0.05)
11.9710 	EXP 	text: text = 'Which one are you going to buy?'
11.9727 	EXP 	eyetracker.setRecordingState(False)
11.9878 	EXP 	text: height = np.float64(0.05)
11.9878 	EXP 	text: height = np.float64(0.05)
11.9878 	EXP 	text: height = np.float64(0.05)
11.9878 	EXP 	text: text = 'Which one are you going to buy?'
11.9897 	EXP 	eyetracker.setRecordingState(False)
12.0050 	EXP 	text: height = np.float64(0.05)
12.0050 	EXP 	text: height = np.float64(0.05)
12.0050 	EXP 	text: height = np.float64(0.05)
12.0050 	EXP 	text: text = 'Which one are you going to buy?'
12.0072 	EXP 	eyetracker.setRecordingState(False)
12.0240 	EXP 	text: height = np.float64(0.05)
12.0240 	EXP 	text: height = np.float64(0.05)
12.0240 	EXP 	text: height = np.float64(0.05)
12.0240 	EXP 	text: text = 'Which one are you going to buy?'
12.0255 	EXP 	eyetracker.setRecordingState(False)
12.0394 	EXP 	text: height = np.float64(0.05)
12.0394 	EXP 	text: height = np.float64(0.05)
12.0394 	EXP 	text: height = np.float64(0.05)
12.0394 	EXP 	text: text = 'Which one are you going to buy?'
12.0413 	EXP 	eyetracker.setRecordingState(False)
12.0574 	EXP 	text: height = np.float64(0.05)
12.0574 	EXP 	text: height = np.float64(0.05)
12.0574 	EXP 	text: height = np.float64(0.05)
12.0574 	EXP 	text: text = 'Which one are you going to buy?'
12.0592 	EXP 	eyetracker.setRecordingState(False)
12.0768 	EXP 	text: height = np.float64(0.05)
12.0768 	EXP 	text: height = np.float64(0.05)
12.0768 	EXP 	text: height = np.float64(0.05)
12.0768 	EXP 	text: text = 'Which one are you going to buy?'
12.0788 	EXP 	eyetracker.setRecordingState(False)
12.0931 	EXP 	text: height = np.float64(0.05)
12.0931 	EXP 	text: height = np.float64(0.05)
12.0931 	EXP 	text: height = np.float64(0.05)
12.0931 	EXP 	text: text = 'Which one are you going to buy?'
12.0947 	EXP 	eyetracker.setRecordingState(False)
12.1112 	EXP 	text: height = np.float64(0.05)
12.1112 	EXP 	text: height = np.float64(0.05)
12.1112 	EXP 	text: height = np.float64(0.05)
12.1112 	EXP 	text: text = 'Which one are you going to buy?'
12.1129 	EXP 	eyetracker.setRecordingState(False)
12.1304 	EXP 	text: height = np.float64(0.05)
12.1304 	EXP 	text: height = np.float64(0.05)
12.1304 	EXP 	text: height = np.float64(0.05)
12.1304 	EXP 	text: text = 'Which one are you going to buy?'
12.1320 	EXP 	eyetracker.setRecordingState(False)
12.1463 	EXP 	text: height = np.float64(0.05)
12.1463 	EXP 	text: height = np.float64(0.05)
12.1463 	EXP 	text: height = np.float64(0.05)
12.1463 	EXP 	text: text = 'Which one are you going to buy?'
12.1477 	EXP 	eyetracker.setRecordingState(False)
12.1599 	EXP 	text: height = np.float64(0.05)
12.1599 	EXP 	text: height = np.float64(0.05)
12.1599 	EXP 	text: height = np.float64(0.05)
12.1599 	EXP 	text: text = 'Which one are you going to buy?'
12.1610 	EXP 	eyetracker.setRecordingState(False)
12.1729 	EXP 	text: height = np.float64(0.05)
12.1729 	EXP 	text: height = np.float64(0.05)
12.1729 	EXP 	text: height = np.float64(0.05)
12.1729 	EXP 	text: text = 'Which one are you going to buy?'
12.1740 	EXP 	eyetracker.setRecordingState(False)
12.1844 	EXP 	text: height = np.float64(0.05)
12.1844 	EXP 	text: height = np.float64(0.05)
12.1844 	EXP 	text: height = np.float64(0.05)
12.1844 	EXP 	text: text = 'Which one are you going to buy?'
12.1853 	EXP 	eyetracker.setRecordingState(False)
12.1964 	EXP 	text: height = np.float64(0.05)
12.1964 	EXP 	text: height = np.float64(0.05)
12.1964 	EXP 	text: height = np.float64(0.05)
12.1964 	EXP 	text: text = 'Which one are you going to buy?'
12.1981 	EXP 	eyetracker.setRecordingState(False)
12.2121 	EXP 	text: height = np.float64(0.05)
12.2121 	EXP 	text: height = np.float64(0.05)
12.2121 	EXP 	text: height = np.float64(0.05)
12.2121 	EXP 	text: text = 'Which one are you going to buy?'
12.2138 	EXP 	eyetracker.setRecordingState(False)
12.2270 	EXP 	text: height = np.float64(0.05)
12.2270 	EXP 	text: height = np.float64(0.05)
12.2270 	EXP 	text: height = np.float64(0.05)
12.2270 	EXP 	text: text = 'Which one are you going to buy?'
12.2284 	EXP 	eyetracker.setRecordingState(False)
12.2452 	EXP 	text: height = np.float64(0.05)
12.2452 	EXP 	text: height = np.float64(0.05)
12.2452 	EXP 	text: height = np.float64(0.05)
12.2452 	EXP 	text: text = 'Which one are you going to buy?'
12.2466 	EXP 	eyetracker.setRecordingState(False)
12.2595 	EXP 	text: height = np.float64(0.05)
12.2595 	EXP 	text: height = np.float64(0.05)
12.2595 	EXP 	text: height = np.float64(0.05)
12.2595 	EXP 	text: text = 'Which one are you going to buy?'
12.2609 	EXP 	eyetracker.setRecordingState(False)
12.2749 	EXP 	text: height = np.float64(0.05)
12.2749 	EXP 	text: height = np.float64(0.05)
12.2749 	EXP 	text: height = np.float64(0.05)
12.2749 	EXP 	text: text = 'Which one are you going to buy?'
12.2763 	EXP 	eyetracker.setRecordingState(False)
12.2884 	EXP 	text: height = np.float64(0.05)
12.2884 	EXP 	text: height = np.float64(0.05)
12.2884 	EXP 	text: height = np.float64(0.05)
12.2884 	EXP 	text: text = 'Which one are you going to buy?'
12.2896 	EXP 	eyetracker.setRecordingState(False)
12.3008 	EXP 	text: height = np.float64(0.05)
12.3008 	EXP 	text: height = np.float64(0.05)
12.3008 	EXP 	text: height = np.float64(0.05)
12.3008 	EXP 	text: text = 'Which one are you going to buy?'
12.3020 	EXP 	eyetracker.setRecordingState(False)
12.3127 	EXP 	text: height = np.float64(0.05)
12.3127 	EXP 	text: height = np.float64(0.05)
12.3127 	EXP 	text: height = np.float64(0.05)
12.3127 	EXP 	text: text = 'Which one are you going to buy?'
12.3137 	EXP 	eyetracker.setRecordingState(False)
12.3266 	EXP 	text: height = np.float64(0.05)
12.3266 	EXP 	text: height = np.float64(0.05)
12.3266 	EXP 	text: height = np.float64(0.05)
12.3266 	EXP 	text: text = 'Which one are you going to buy?'
12.3284 	EXP 	eyetracker.setRecordingState(False)
12.3457 	EXP 	text: height = np.float64(0.05)
12.3457 	EXP 	text: height = np.float64(0.05)
12.3457 	EXP 	text: height = np.float64(0.05)
12.3457 	EXP 	text: text = 'Which one are you going to buy?'
12.3478 	EXP 	eyetracker.setRecordingState(False)
12.3636 	EXP 	text: height = np.float64(0.05)
12.3636 	EXP 	text: height = np.float64(0.05)
12.3636 	EXP 	text: height = np.float64(0.05)
12.3636 	EXP 	text: text = 'Which one are you going to buy?'
12.3651 	EXP 	eyetracker.setRecordingState(False)
12.3857 	EXP 	text: height = np.float64(0.05)
12.3857 	EXP 	text: height = np.float64(0.05)
12.3857 	EXP 	text: height = np.float64(0.05)
12.3857 	EXP 	text: text = 'Which one are you going to buy?'
12.3879 	EXP 	eyetracker.setRecordingState(False)
12.4093 	EXP 	text: height = np.float64(0.05)
12.4093 	EXP 	text: height = np.float64(0.05)
12.4093 	EXP 	text: height = np.float64(0.05)
12.4093 	EXP 	text: text = 'Which one are you going to buy?'
12.4119 	EXP 	eyetracker.setRecordingState(False)
12.4302 	EXP 	text: height = np.float64(0.05)
12.4302 	EXP 	text: height = np.float64(0.05)
12.4302 	EXP 	text: height = np.float64(0.05)
12.4302 	EXP 	text: text = 'Which one are you going to buy?'
12.4318 	EXP 	eyetracker.setRecordingState(False)
12.4509 	EXP 	text: height = np.float64(0.05)
12.4509 	EXP 	text: height = np.float64(0.05)
12.4509 	EXP 	text: height = np.float64(0.05)
12.4509 	EXP 	text: text = 'Which one are you going to buy?'
12.4527 	EXP 	eyetracker.setRecordingState(False)
12.4715 	EXP 	text: height = np.float64(0.05)
12.4715 	EXP 	text: height = np.float64(0.05)
12.4715 	EXP 	text: height = np.float64(0.05)
12.4715 	EXP 	text: text = 'Which one are you going to buy?'
12.4735 	EXP 	eyetracker.setRecordingState(False)
12.4944 	EXP 	text: height = np.float64(0.05)
12.4944 	EXP 	text: height = np.float64(0.05)
12.4944 	EXP 	text: height = np.float64(0.05)
12.4944 	EXP 	text: text = 'Which one are you going to buy?'
12.4962 	EXP 	eyetracker.setRecordingState(False)
12.5182 	EXP 	text: height = np.float64(0.05)
12.5182 	EXP 	text: height = np.float64(0.05)
12.5182 	EXP 	text: height = np.float64(0.05)
12.5182 	EXP 	text: text = 'Which one are you going to buy?'
12.5204 	EXP 	eyetracker.setRecordingState(False)
12.5378 	EXP 	text: height = np.float64(0.05)
12.5378 	EXP 	text: height = np.float64(0.05)
12.5378 	EXP 	text: height = np.float64(0.05)
12.5378 	EXP 	text: text = 'Which one are you going to buy?'
12.5392 	EXP 	eyetracker.setRecordingState(False)
12.5557 	EXP 	text: height = np.float64(0.05)
12.5557 	EXP 	text: height = np.float64(0.05)
12.5557 	EXP 	text: height = np.float64(0.05)
12.5557 	EXP 	text: text = 'Which one are you going to buy?'
12.5576 	EXP 	eyetracker.setRecordingState(False)
12.5759 	EXP 	text: height = np.float64(0.05)
12.5759 	EXP 	text: height = np.float64(0.05)
12.5759 	EXP 	text: height = np.float64(0.05)
12.5759 	EXP 	text: text = 'Which one are you going to buy?'
12.5776 	EXP 	eyetracker.setRecordingState(False)
12.5926 	EXP 	text: height = np.float64(0.05)
12.5926 	EXP 	text: height = np.float64(0.05)
12.5926 	EXP 	text: height = np.float64(0.05)
12.5926 	EXP 	text: text = 'Which one are you going to buy?'
12.5940 	EXP 	eyetracker.setRecordingState(False)
12.6088 	EXP 	text: height = np.float64(0.05)
12.6088 	EXP 	text: height = np.float64(0.05)
12.6088 	EXP 	text: height = np.float64(0.05)
12.6088 	EXP 	text: text = 'Which one are you going to buy?'
12.6109 	EXP 	eyetracker.setRecordingState(False)
12.6278 	EXP 	text: height = np.float64(0.05)
12.6278 	EXP 	text: height = np.float64(0.05)
12.6278 	EXP 	text: height = np.float64(0.05)
12.6278 	EXP 	text: text = 'Which one are you going to buy?'
12.6292 	EXP 	eyetracker.setRecordingState(False)
12.6445 	EXP 	text: height = np.float64(0.05)
12.6445 	EXP 	text: height = np.float64(0.05)
12.6445 	EXP 	text: height = np.float64(0.05)
12.6445 	EXP 	text: text = 'Which one are you going to buy?'
12.6466 	EXP 	eyetracker.setRecordingState(False)
12.6617 	EXP 	text: height = np.float64(0.05)
12.6617 	EXP 	text: height = np.float64(0.05)
12.6617 	EXP 	text: height = np.float64(0.05)
12.6617 	EXP 	text: text = 'Which one are you going to buy?'
12.6642 	EXP 	eyetracker.setRecordingState(False)
12.6766 	EXP 	text: height = np.float64(0.05)
12.6766 	EXP 	text: height = np.float64(0.05)
12.6766 	EXP 	text: height = np.float64(0.05)
12.6766 	EXP 	text: text = 'Which one are you going to buy?'
12.6780 	EXP 	eyetracker.setRecordingState(False)
12.6904 	EXP 	text: height = np.float64(0.05)
12.6904 	EXP 	text: height = np.float64(0.05)
12.6904 	EXP 	text: height = np.float64(0.05)
12.6904 	EXP 	text: text = 'Which one are you going to buy?'
12.6916 	EXP 	eyetracker.setRecordingState(False)
12.7022 	EXP 	text: height = np.float64(0.05)
12.7022 	EXP 	text: height = np.float64(0.05)
12.7022 	EXP 	text: height = np.float64(0.05)
12.7022 	EXP 	text: text = 'Which one are you going to buy?'
12.7033 	EXP 	eyetracker.setRecordingState(False)
12.7160 	EXP 	text: height = np.float64(0.05)
12.7160 	EXP 	text: height = np.float64(0.05)
12.7160 	EXP 	text: height = np.float64(0.05)
12.7160 	EXP 	text: text = 'Which one are you going to buy?'
12.7176 	EXP 	eyetracker.setRecordingState(False)
12.7344 	EXP 	text: height = np.float64(0.05)
12.7344 	EXP 	text: height = np.float64(0.05)
12.7344 	EXP 	text: height = np.float64(0.05)
12.7344 	EXP 	text: text = 'Which one are you going to buy?'
12.7359 	EXP 	eyetracker.setRecordingState(False)
12.7508 	EXP 	text: height = np.float64(0.05)
12.7508 	EXP 	text: height = np.float64(0.05)
12.7508 	EXP 	text: height = np.float64(0.05)
12.7508 	EXP 	text: text = 'Which one are you going to buy?'
12.7522 	EXP 	eyetracker.setRecordingState(False)
12.7662 	EXP 	text: height = np.float64(0.05)
12.7662 	EXP 	text: height = np.float64(0.05)
12.7662 	EXP 	text: height = np.float64(0.05)
12.7662 	EXP 	text: text = 'Which one are you going to buy?'
12.7679 	EXP 	eyetracker.setRecordingState(False)
12.7833 	EXP 	text: height = np.float64(0.05)
12.7833 	EXP 	text: height = np.float64(0.05)
12.7833 	EXP 	text: height = np.float64(0.05)
12.7833 	EXP 	text: text = 'Which one are you going to buy?'
12.7850 	EXP 	eyetracker.setRecordingState(False)
12.8000 	EXP 	text: height = np.float64(0.05)
12.8000 	EXP 	text: height = np.float64(0.05)
12.8000 	EXP 	text: height = np.float64(0.05)
12.8000 	EXP 	text: text = 'Which one are you going to buy?'
12.8016 	EXP 	eyetracker.setRecordingState(False)
12.8179 	EXP 	text: height = np.float64(0.05)
12.8179 	EXP 	text: height = np.float64(0.05)
12.8179 	EXP 	text: height = np.float64(0.05)
12.8179 	EXP 	text: text = 'Which one are you going to buy?'
12.8195 	EXP 	eyetracker.setRecordingState(False)
12.8342 	EXP 	text: height = np.float64(0.05)
12.8342 	EXP 	text: height = np.float64(0.05)
12.8342 	EXP 	text: height = np.float64(0.05)
12.8342 	EXP 	text: text = 'Which one are you going to buy?'
12.8357 	EXP 	eyetracker.setRecordingState(False)
12.8512 	EXP 	text: height = np.float64(0.05)
12.8512 	EXP 	text: height = np.float64(0.05)
12.8512 	EXP 	text: height = np.float64(0.05)
12.8512 	EXP 	text: text = 'Which one are you going to buy?'
12.8531 	EXP 	eyetracker.setRecordingState(False)
12.8658 	EXP 	text: height = np.float64(0.05)
12.8658 	EXP 	text: height = np.float64(0.05)
12.8658 	EXP 	text: height = np.float64(0.05)
12.8658 	EXP 	text: text = 'Which one are you going to buy?'
12.8669 	EXP 	eyetracker.setRecordingState(False)
12.8800 	EXP 	text: height = np.float64(0.05)
12.8800 	EXP 	text: height = np.float64(0.05)
12.8800 	EXP 	text: height = np.float64(0.05)
12.8800 	EXP 	text: text = 'Which one are you going to buy?'
12.8820 	EXP 	eyetracker.setRecordingState(False)
12.8977 	EXP 	text: height = np.float64(0.05)
12.8977 	EXP 	text: height = np.float64(0.05)
12.8977 	EXP 	text: height = np.float64(0.05)
12.8977 	EXP 	text: text = 'Which one are you going to buy?'
12.8996 	EXP 	eyetracker.setRecordingState(False)
12.9119 	EXP 	text: height = np.float64(0.05)
12.9119 	EXP 	text: height = np.float64(0.05)
12.9119 	EXP 	text: height = np.float64(0.05)
12.9119 	EXP 	text: text = 'Which one are you going to buy?'
12.9131 	EXP 	eyetracker.setRecordingState(False)
12.9275 	EXP 	text: height = np.float64(0.05)
12.9275 	EXP 	text: height = np.float64(0.05)
12.9275 	EXP 	text: height = np.float64(0.05)
12.9275 	EXP 	text: text = 'Which one are you going to buy?'
12.9292 	EXP 	eyetracker.setRecordingState(False)
12.9438 	EXP 	text: height = np.float64(0.05)
12.9438 	EXP 	text: height = np.float64(0.05)
12.9438 	EXP 	text: height = np.float64(0.05)
12.9438 	EXP 	text: text = 'Which one are you going to buy?'
12.9450 	EXP 	eyetracker.setRecordingState(False)
12.9563 	EXP 	text: height = np.float64(0.05)
12.9563 	EXP 	text: height = np.float64(0.05)
12.9563 	EXP 	text: height = np.float64(0.05)
12.9563 	EXP 	text: text = 'Which one are you going to buy?'
12.9574 	EXP 	eyetracker.setRecordingState(False)
12.9693 	EXP 	text: height = np.float64(0.05)
12.9693 	EXP 	text: height = np.float64(0.05)
12.9693 	EXP 	text: height = np.float64(0.05)
12.9693 	EXP 	text: text = 'Which one are you going to buy?'
12.9709 	EXP 	eyetracker.setRecordingState(False)
12.9847 	EXP 	text: height = np.float64(0.05)
12.9847 	EXP 	text: height = np.float64(0.05)
12.9847 	EXP 	text: height = np.float64(0.05)
12.9847 	EXP 	text: text = 'Which one are you going to buy?'
12.9858 	EXP 	eyetracker.setRecordingState(False)
12.9974 	EXP 	text: height = np.float64(0.05)
12.9974 	EXP 	text: height = np.float64(0.05)
12.9974 	EXP 	text: height = np.float64(0.05)
12.9974 	EXP 	text: text = 'Which one are you going to buy?'
12.9985 	EXP 	eyetracker.setRecordingState(False)
13.0094 	EXP 	text: height = np.float64(0.05)
13.0094 	EXP 	text: height = np.float64(0.05)
13.0094 	EXP 	text: height = np.float64(0.05)
13.0094 	EXP 	text: text = 'Which one are you going to buy?'
13.0108 	EXP 	eyetracker.setRecordingState(False)
13.0244 	EXP 	text: height = np.float64(0.05)
13.0244 	EXP 	text: height = np.float64(0.05)
13.0244 	EXP 	text: height = np.float64(0.05)
13.0244 	EXP 	text: text = 'Which one are you going to buy?'
13.0264 	EXP 	eyetracker.setRecordingState(False)
13.0414 	EXP 	text: height = np.float64(0.05)
13.0414 	EXP 	text: height = np.float64(0.05)
13.0414 	EXP 	text: height = np.float64(0.05)
13.0414 	EXP 	text: text = 'Which one are you going to buy?'
13.0430 	EXP 	eyetracker.setRecordingState(False)
13.0568 	EXP 	text: height = np.float64(0.05)
13.0568 	EXP 	text: height = np.float64(0.05)
13.0568 	EXP 	text: height = np.float64(0.05)
13.0568 	EXP 	text: text = 'Which one are you going to buy?'
13.0582 	EXP 	eyetracker.setRecordingState(False)
13.0711 	EXP 	text: height = np.float64(0.05)
13.0711 	EXP 	text: height = np.float64(0.05)
13.0711 	EXP 	text: height = np.float64(0.05)
13.0711 	EXP 	text: text = 'Which one are you going to buy?'
13.0725 	EXP 	eyetracker.setRecordingState(False)
13.0869 	EXP 	text: height = np.float64(0.05)
13.0869 	EXP 	text: height = np.float64(0.05)
13.0869 	EXP 	text: height = np.float64(0.05)
13.0869 	EXP 	text: text = 'Which one are you going to buy?'
13.0884 	EXP 	eyetracker.setRecordingState(False)
13.1029 	EXP 	text: height = np.float64(0.05)
13.1029 	EXP 	text: height = np.float64(0.05)
13.1029 	EXP 	text: height = np.float64(0.05)
13.1029 	EXP 	text: text = 'Which one are you going to buy?'
13.1052 	EXP 	eyetracker.setRecordingState(False)
13.1209 	EXP 	text: height = np.float64(0.05)
13.1209 	EXP 	text: height = np.float64(0.05)
13.1209 	EXP 	text: height = np.float64(0.05)
13.1209 	EXP 	text: text = 'Which one are you going to buy?'
13.1223 	EXP 	eyetracker.setRecordingState(False)
13.1350 	EXP 	text: height = np.float64(0.05)
13.1350 	EXP 	text: height = np.float64(0.05)
13.1350 	EXP 	text: height = np.float64(0.05)
13.1350 	EXP 	text: text = 'Which one are you going to buy?'
13.1361 	EXP 	eyetracker.setRecordingState(False)
13.1463 	EXP 	text: height = np.float64(0.05)
13.1463 	EXP 	text: height = np.float64(0.05)
13.1463 	EXP 	text: height = np.float64(0.05)
13.1463 	EXP 	text: text = 'Which one are you going to buy?'
13.1471 	EXP 	eyetracker.setRecordingState(False)
13.1579 	EXP 	text: height = np.float64(0.05)
13.1579 	EXP 	text: height = np.float64(0.05)
13.1579 	EXP 	text: height = np.float64(0.05)
13.1579 	EXP 	text: text = 'Which one are you going to buy?'
13.1594 	EXP 	eyetracker.setRecordingState(False)
13.1714 	EXP 	text: height = np.float64(0.05)
13.1714 	EXP 	text: height = np.float64(0.05)
13.1714 	EXP 	text: height = np.float64(0.05)
13.1714 	EXP 	text: text = 'Which one are you going to buy?'
13.1730 	EXP 	eyetracker.setRecordingState(False)
13.1910 	EXP 	text: height = np.float64(0.05)
13.1910 	EXP 	text: height = np.float64(0.05)
13.1910 	EXP 	text: height = np.float64(0.05)
13.1910 	EXP 	text: text = 'Which one are you going to buy?'
13.1928 	EXP 	eyetracker.setRecordingState(False)
13.2087 	EXP 	text: height = np.float64(0.05)
13.2087 	EXP 	text: height = np.float64(0.05)
13.2087 	EXP 	text: height = np.float64(0.05)
13.2087 	EXP 	text: text = 'Which one are you going to buy?'
13.2104 	EXP 	eyetracker.setRecordingState(False)
13.2241 	EXP 	text: height = np.float64(0.05)
13.2241 	EXP 	text: height = np.float64(0.05)
13.2241 	EXP 	text: height = np.float64(0.05)
13.2241 	EXP 	text: text = 'Which one are you going to buy?'
13.2254 	EXP 	eyetracker.setRecordingState(False)
13.2405 	EXP 	text: height = np.float64(0.05)
13.2405 	EXP 	text: height = np.float64(0.05)
13.2405 	EXP 	text: height = np.float64(0.05)
13.2405 	EXP 	text: text = 'Which one are you going to buy?'
13.2424 	EXP 	eyetracker.setRecordingState(False)
13.2579 	EXP 	text: height = np.float64(0.05)
13.2579 	EXP 	text: height = np.float64(0.05)
13.2579 	EXP 	text: height = np.float64(0.05)
13.2579 	EXP 	text: text = 'Which one are you going to buy?'
13.2591 	EXP 	eyetracker.setRecordingState(False)
13.2712 	EXP 	text: height = np.float64(0.05)
13.2712 	EXP 	text: height = np.float64(0.05)
13.2712 	EXP 	text: height = np.float64(0.05)
13.2712 	EXP 	text: text = 'Which one are you going to buy?'
13.2723 	EXP 	eyetracker.setRecordingState(False)
13.2840 	EXP 	text: height = np.float64(0.05)
13.2840 	EXP 	text: height = np.float64(0.05)
13.2840 	EXP 	text: height = np.float64(0.05)
13.2840 	EXP 	text: text = 'Which one are you going to buy?'
13.2855 	EXP 	eyetracker.setRecordingState(False)
13.2981 	EXP 	text: height = np.float64(0.05)
13.2981 	EXP 	text: height = np.float64(0.05)
13.2981 	EXP 	text: height = np.float64(0.05)
13.2981 	EXP 	text: text = 'Which one are you going to buy?'
13.2992 	EXP 	eyetracker.setRecordingState(False)
13.3093 	EXP 	text: height = np.float64(0.05)
13.3093 	EXP 	text: height = np.float64(0.05)
13.3093 	EXP 	text: height = np.float64(0.05)
13.3093 	EXP 	text: text = 'Which one are you going to buy?'
13.3103 	EXP 	eyetracker.setRecordingState(False)
13.3195 	EXP 	text: height = np.float64(0.05)
13.3195 	EXP 	text: height = np.float64(0.05)
13.3195 	EXP 	text: height = np.float64(0.05)
13.3195 	EXP 	text: text = 'Which one are you going to buy?'
13.3205 	EXP 	eyetracker.setRecordingState(False)
13.3298 	EXP 	text: height = np.float64(0.05)
13.3298 	EXP 	text: height = np.float64(0.05)
13.3298 	EXP 	text: height = np.float64(0.05)
13.3298 	EXP 	text: text = 'Which one are you going to buy?'
13.3306 	EXP 	eyetracker.setRecordingState(False)
13.3408 	EXP 	text: height = np.float64(0.05)
13.3408 	EXP 	text: height = np.float64(0.05)
13.3408 	EXP 	text: height = np.float64(0.05)
13.3408 	EXP 	text: text = 'Which one are you going to buy?'
13.3419 	EXP 	eyetracker.setRecordingState(False)
13.3550 	EXP 	text: height = np.float64(0.05)
13.3550 	EXP 	text: height = np.float64(0.05)
13.3550 	EXP 	text: height = np.float64(0.05)
13.3550 	EXP 	text: text = 'Which one are you going to buy?'
13.3571 	EXP 	eyetracker.setRecordingState(False)
13.3721 	EXP 	text: height = np.float64(0.05)
13.3721 	EXP 	text: height = np.float64(0.05)
13.3721 	EXP 	text: height = np.float64(0.05)
13.3721 	EXP 	text: text = 'Which one are you going to buy?'
13.3734 	EXP 	eyetracker.setRecordingState(False)
13.3868 	EXP 	text: height = np.float64(0.05)
13.3868 	EXP 	text: height = np.float64(0.05)
13.3868 	EXP 	text: height = np.float64(0.05)
13.3868 	EXP 	text: text = 'Which one are you going to buy?'
13.3883 	EXP 	eyetracker.setRecordingState(False)
13.4048 	EXP 	text: height = np.float64(0.05)
13.4048 	EXP 	text: height = np.float64(0.05)
13.4048 	EXP 	text: height = np.float64(0.05)
13.4048 	EXP 	text: text = 'Which one are you going to buy?'
13.4061 	EXP 	eyetracker.setRecordingState(False)
13.4185 	EXP 	text: height = np.float64(0.05)
13.4185 	EXP 	text: height = np.float64(0.05)
13.4185 	EXP 	text: height = np.float64(0.05)
13.4185 	EXP 	text: text = 'Which one are you going to buy?'
13.4199 	EXP 	eyetracker.setRecordingState(False)
13.4326 	EXP 	text: height = np.float64(0.05)
13.4326 	EXP 	text: height = np.float64(0.05)
13.4326 	EXP 	text: height = np.float64(0.05)
13.4326 	EXP 	text: text = 'Which one are you going to buy?'
13.4339 	EXP 	eyetracker.setRecordingState(False)
13.4455 	EXP 	text: height = np.float64(0.05)
13.4455 	EXP 	text: height = np.float64(0.05)
13.4455 	EXP 	text: height = np.float64(0.05)
13.4455 	EXP 	text: text = 'Which one are you going to buy?'
13.4472 	EXP 	eyetracker.setRecordingState(False)
13.4608 	EXP 	text: height = np.float64(0.05)
13.4608 	EXP 	text: height = np.float64(0.05)
13.4608 	EXP 	text: height = np.float64(0.05)
13.4608 	EXP 	text: text = 'Which one are you going to buy?'
13.4620 	EXP 	eyetracker.setRecordingState(False)
13.4752 	EXP 	text: height = np.float64(0.05)
13.4752 	EXP 	text: height = np.float64(0.05)
13.4752 	EXP 	text: height = np.float64(0.05)
13.4752 	EXP 	text: text = 'Which one are you going to buy?'
13.4767 	EXP 	eyetracker.setRecordingState(False)
13.4925 	EXP 	text: height = np.float64(0.05)
13.4925 	EXP 	text: height = np.float64(0.05)
13.4925 	EXP 	text: height = np.float64(0.05)
13.4925 	EXP 	text: text = 'Which one are you going to buy?'
13.4943 	EXP 	eyetracker.setRecordingState(False)
13.5097 	EXP 	text: height = np.float64(0.05)
13.5097 	EXP 	text: height = np.float64(0.05)
13.5097 	EXP 	text: height = np.float64(0.05)
13.5097 	EXP 	text: text = 'Which one are you going to buy?'
13.5110 	EXP 	eyetracker.setRecordingState(False)
13.5263 	EXP 	text: height = np.float64(0.05)
13.5263 	EXP 	text: height = np.float64(0.05)
13.5263 	EXP 	text: height = np.float64(0.05)
13.5263 	EXP 	text: text = 'Which one are you going to buy?'
13.5281 	EXP 	eyetracker.setRecordingState(False)
13.5436 	EXP 	text: height = np.float64(0.05)
13.5436 	EXP 	text: height = np.float64(0.05)
13.5436 	EXP 	text: height = np.float64(0.05)
13.5436 	EXP 	text: text = 'Which one are you going to buy?'
13.5457 	EXP 	eyetracker.setRecordingState(False)
13.5612 	EXP 	text: height = np.float64(0.05)
13.5612 	EXP 	text: height = np.float64(0.05)
13.5612 	EXP 	text: height = np.float64(0.05)
13.5612 	EXP 	text: text = 'Which one are you going to buy?'
13.5626 	EXP 	eyetracker.setRecordingState(False)
13.5772 	EXP 	text: height = np.float64(0.05)
13.5772 	EXP 	text: height = np.float64(0.05)
13.5772 	EXP 	text: height = np.float64(0.05)
13.5772 	EXP 	text: text = 'Which one are you going to buy?'
13.5786 	EXP 	eyetracker.setRecordingState(False)
13.5937 	EXP 	text: height = np.float64(0.05)
13.5937 	EXP 	text: height = np.float64(0.05)
13.5937 	EXP 	text: height = np.float64(0.05)
13.5937 	EXP 	text: text = 'Which one are you going to buy?'
13.5953 	EXP 	eyetracker.setRecordingState(False)
13.6106 	EXP 	text: height = np.float64(0.05)
13.6106 	EXP 	text: height = np.float64(0.05)
13.6106 	EXP 	text: height = np.float64(0.05)
13.6106 	EXP 	text: text = 'Which one are you going to buy?'
13.6119 	EXP 	eyetracker.setRecordingState(False)
13.6246 	EXP 	text: height = np.float64(0.05)
13.6246 	EXP 	text: height = np.float64(0.05)
13.6246 	EXP 	text: height = np.float64(0.05)
13.6246 	EXP 	text: text = 'Which one are you going to buy?'
13.6264 	EXP 	eyetracker.setRecordingState(False)
13.6405 	EXP 	text: height = np.float64(0.05)
13.6405 	EXP 	text: height = np.float64(0.05)
13.6405 	EXP 	text: height = np.float64(0.05)
13.6405 	EXP 	text: text = 'Which one are you going to buy?'
13.6420 	EXP 	eyetracker.setRecordingState(False)
13.6564 	EXP 	text: height = np.float64(0.05)
13.6564 	EXP 	text: height = np.float64(0.05)
13.6564 	EXP 	text: height = np.float64(0.05)
13.6564 	EXP 	text: text = 'Which one are you going to buy?'
13.6578 	EXP 	eyetracker.setRecordingState(False)
13.6700 	EXP 	text: height = np.float64(0.05)
13.6700 	EXP 	text: height = np.float64(0.05)
13.6700 	EXP 	text: height = np.float64(0.05)
13.6700 	EXP 	text: text = 'Which one are you going to buy?'
13.6713 	EXP 	eyetracker.setRecordingState(False)
13.6823 	EXP 	text: height = np.float64(0.05)
13.6823 	EXP 	text: height = np.float64(0.05)
13.6823 	EXP 	text: height = np.float64(0.05)
13.6823 	EXP 	text: text = 'Which one are you going to buy?'
13.6837 	EXP 	eyetracker.setRecordingState(False)
13.6992 	EXP 	text: height = np.float64(0.05)
13.6992 	EXP 	text: height = np.float64(0.05)
13.6992 	EXP 	text: height = np.float64(0.05)
13.6992 	EXP 	text: text = 'Which one are you going to buy?'
13.7014 	EXP 	eyetracker.setRecordingState(False)
13.7176 	EXP 	text: height = np.float64(0.05)
13.7176 	EXP 	text: height = np.float64(0.05)
13.7176 	EXP 	text: height = np.float64(0.05)
13.7176 	EXP 	text: text = 'Which one are you going to buy?'
13.7191 	EXP 	eyetracker.setRecordingState(False)
13.7334 	EXP 	text: height = np.float64(0.05)
13.7334 	EXP 	text: height = np.float64(0.05)
13.7334 	EXP 	text: height = np.float64(0.05)
13.7334 	EXP 	text: text = 'Which one are you going to buy?'
13.7355 	EXP 	eyetracker.setRecordingState(False)
13.7515 	EXP 	text: height = np.float64(0.05)
13.7515 	EXP 	text: height = np.float64(0.05)
13.7515 	EXP 	text: height = np.float64(0.05)
13.7515 	EXP 	text: text = 'Which one are you going to buy?'
13.7529 	EXP 	eyetracker.setRecordingState(False)
13.7657 	EXP 	text: height = np.float64(0.05)
13.7657 	EXP 	text: height = np.float64(0.05)
13.7657 	EXP 	text: height = np.float64(0.05)
13.7657 	EXP 	text: text = 'Which one are you going to buy?'
13.7669 	EXP 	eyetracker.setRecordingState(False)
13.7796 	EXP 	text: height = np.float64(0.05)
13.7796 	EXP 	text: height = np.float64(0.05)
13.7796 	EXP 	text: height = np.float64(0.05)
13.7796 	EXP 	text: text = 'Which one are you going to buy?'
13.7818 	EXP 	eyetracker.setRecordingState(False)
13.7950 	EXP 	text: height = np.float64(0.05)
13.7950 	EXP 	text: height = np.float64(0.05)
13.7950 	EXP 	text: height = np.float64(0.05)
13.7950 	EXP 	text: text = 'Which one are you going to buy?'
13.7961 	EXP 	eyetracker.setRecordingState(False)
13.8082 	EXP 	text: height = np.float64(0.05)
13.8082 	EXP 	text: height = np.float64(0.05)
13.8082 	EXP 	text: height = np.float64(0.05)
13.8082 	EXP 	text: text = 'Which one are you going to buy?'
13.8092 	EXP 	eyetracker.setRecordingState(False)
13.8224 	EXP 	text: height = np.float64(0.05)
13.8224 	EXP 	text: height = np.float64(0.05)
13.8224 	EXP 	text: height = np.float64(0.05)
13.8224 	EXP 	text: text = 'Which one are you going to buy?'
13.8242 	EXP 	eyetracker.setRecordingState(False)
13.8390 	EXP 	text: height = np.float64(0.05)
13.8390 	EXP 	text: height = np.float64(0.05)
13.8390 	EXP 	text: height = np.float64(0.05)
13.8390 	EXP 	text: text = 'Which one are you going to buy?'
13.8402 	EXP 	eyetracker.setRecordingState(False)
13.8526 	EXP 	text: height = np.float64(0.05)
13.8526 	EXP 	text: height = np.float64(0.05)
13.8526 	EXP 	text: height = np.float64(0.05)
13.8526 	EXP 	text: text = 'Which one are you going to buy?'
13.8539 	EXP 	eyetracker.setRecordingState(False)
13.8676 	EXP 	text: height = np.float64(0.05)
13.8676 	EXP 	text: height = np.float64(0.05)
13.8676 	EXP 	text: height = np.float64(0.05)
13.8676 	EXP 	text: text = 'Which one are you going to buy?'
13.8693 	EXP 	eyetracker.setRecordingState(False)
13.8841 	EXP 	text: height = np.float64(0.05)
13.8841 	EXP 	text: height = np.float64(0.05)
13.8841 	EXP 	text: height = np.float64(0.05)
13.8841 	EXP 	text: text = 'Which one are you going to buy?'
13.8856 	EXP 	eyetracker.setRecordingState(False)
13.9003 	EXP 	text: height = np.float64(0.05)
13.9003 	EXP 	text: height = np.float64(0.05)
13.9003 	EXP 	text: height = np.float64(0.05)
13.9003 	EXP 	text: text = 'Which one are you going to buy?'
13.9021 	EXP 	eyetracker.setRecordingState(False)
13.9162 	EXP 	text: height = np.float64(0.05)
13.9162 	EXP 	text: height = np.float64(0.05)
13.9162 	EXP 	text: height = np.float64(0.05)
13.9162 	EXP 	text: text = 'Which one are you going to buy?'
13.9177 	EXP 	eyetracker.setRecordingState(False)
13.9310 	EXP 	text: height = np.float64(0.05)
13.9310 	EXP 	text: height = np.float64(0.05)
13.9310 	EXP 	text: height = np.float64(0.05)
13.9310 	EXP 	text: text = 'Which one are you going to buy?'
13.9324 	EXP 	eyetracker.setRecordingState(False)
13.9471 	EXP 	text: height = np.float64(0.05)
13.9471 	EXP 	text: height = np.float64(0.05)
13.9471 	EXP 	text: height = np.float64(0.05)
13.9471 	EXP 	text: text = 'Which one are you going to buy?'
13.9486 	EXP 	eyetracker.setRecordingState(False)
13.9614 	EXP 	text: height = np.float64(0.05)
13.9614 	EXP 	text: height = np.float64(0.05)
13.9614 	EXP 	text: height = np.float64(0.05)
13.9614 	EXP 	text: text = 'Which one are you going to buy?'
13.9625 	EXP 	eyetracker.setRecordingState(False)
13.9777 	EXP 	text: height = np.float64(0.05)
13.9777 	EXP 	text: height = np.float64(0.05)
13.9777 	EXP 	text: height = np.float64(0.05)
13.9777 	EXP 	text: text = 'Which one are you going to buy?'
13.9795 	EXP 	eyetracker.setRecordingState(False)
13.9943 	EXP 	text: height = np.float64(0.05)
13.9943 	EXP 	text: height = np.float64(0.05)
13.9943 	EXP 	text: height = np.float64(0.05)
13.9943 	EXP 	text: text = 'Which one are you going to buy?'
13.9956 	EXP 	eyetracker.setRecordingState(False)
14.0075 	EXP 	text: height = np.float64(0.05)
14.0075 	EXP 	text: height = np.float64(0.05)
14.0075 	EXP 	text: height = np.float64(0.05)
14.0075 	EXP 	text: text = 'Which one are you going to buy?'
14.0085 	EXP 	eyetracker.setRecordingState(False)
14.0187 	EXP 	text: height = np.float64(0.05)
14.0187 	EXP 	text: height = np.float64(0.05)
14.0187 	EXP 	text: height = np.float64(0.05)
14.0187 	EXP 	text: text = 'Which one are you going to buy?'
14.0196 	EXP 	eyetracker.setRecordingState(False)
14.0305 	EXP 	text: height = np.float64(0.05)
14.0305 	EXP 	text: height = np.float64(0.05)
14.0305 	EXP 	text: height = np.float64(0.05)
14.0305 	EXP 	text: text = 'Which one are you going to buy?'
14.0323 	EXP 	eyetracker.setRecordingState(False)
14.0473 	EXP 	text: height = np.float64(0.05)
14.0473 	EXP 	text: height = np.float64(0.05)
14.0473 	EXP 	text: height = np.float64(0.05)
14.0473 	EXP 	text: text = 'Which one are you going to buy?'
14.0496 	EXP 	eyetracker.setRecordingState(False)
14.0651 	EXP 	text: height = np.float64(0.05)
14.0651 	EXP 	text: height = np.float64(0.05)
14.0651 	EXP 	text: height = np.float64(0.05)
14.0651 	EXP 	text: text = 'Which one are you going to buy?'
14.0663 	EXP 	eyetracker.setRecordingState(False)
14.0807 	EXP 	text: height = np.float64(0.05)
14.0807 	EXP 	text: height = np.float64(0.05)
14.0807 	EXP 	text: height = np.float64(0.05)
14.0807 	EXP 	text: text = 'Which one are you going to buy?'
14.0820 	EXP 	eyetracker.setRecordingState(False)
14.0958 	EXP 	text: height = np.float64(0.05)
14.0958 	EXP 	text: height = np.float64(0.05)
14.0958 	EXP 	text: height = np.float64(0.05)
14.0958 	EXP 	text: text = 'Which one are you going to buy?'
14.0973 	EXP 	eyetracker.setRecordingState(False)
14.1130 	EXP 	text: height = np.float64(0.05)
14.1130 	EXP 	text: height = np.float64(0.05)
14.1130 	EXP 	text: height = np.float64(0.05)
14.1130 	EXP 	text: text = 'Which one are you going to buy?'
14.1148 	EXP 	eyetracker.setRecordingState(False)
14.1293 	EXP 	text: height = np.float64(0.05)
14.1293 	EXP 	text: height = np.float64(0.05)
14.1293 	EXP 	text: height = np.float64(0.05)
14.1293 	EXP 	text: text = 'Which one are you going to buy?'
14.1307 	EXP 	eyetracker.setRecordingState(False)
14.1491 	EXP 	text: height = np.float64(0.05)
14.1491 	EXP 	text: height = np.float64(0.05)
14.1491 	EXP 	text: height = np.float64(0.05)
14.1491 	EXP 	text: text = 'Which one are you going to buy?'
14.1509 	EXP 	eyetracker.setRecordingState(False)
14.1775 	EXP 	text: height = np.float64(0.05)
14.1775 	EXP 	text: height = np.float64(0.05)
14.1775 	EXP 	text: height = np.float64(0.05)
14.1775 	EXP 	text: text = 'Which one are you going to buy?'
14.1798 	EXP 	eyetracker.setRecordingState(False)
14.1987 	EXP 	text: height = np.float64(0.05)
14.1987 	EXP 	text: height = np.float64(0.05)
14.1987 	EXP 	text: height = np.float64(0.05)
14.1987 	EXP 	text: text = 'Which one are you going to buy?'
14.2003 	EXP 	eyetracker.setRecordingState(False)
14.2199 	EXP 	text: height = np.float64(0.05)
14.2199 	EXP 	text: height = np.float64(0.05)
14.2199 	EXP 	text: height = np.float64(0.05)
14.2199 	EXP 	text: text = 'Which one are you going to buy?'
14.2224 	EXP 	eyetracker.setRecordingState(False)
14.2410 	EXP 	text: height = np.float64(0.05)
14.2410 	EXP 	text: height = np.float64(0.05)
14.2410 	EXP 	text: height = np.float64(0.05)
14.2410 	EXP 	text: text = 'Which one are you going to buy?'
14.2429 	EXP 	eyetracker.setRecordingState(False)
14.2609 	EXP 	text: height = np.float64(0.05)
14.2609 	EXP 	text: height = np.float64(0.05)
14.2609 	EXP 	text: height = np.float64(0.05)
14.2609 	EXP 	text: text = 'Which one are you going to buy?'
14.2620 	EXP 	eyetracker.setRecordingState(False)
14.2754 	EXP 	text: height = np.float64(0.05)
14.2754 	EXP 	text: height = np.float64(0.05)
14.2754 	EXP 	text: height = np.float64(0.05)
14.2754 	EXP 	text: text = 'Which one are you going to buy?'
14.2772 	EXP 	eyetracker.setRecordingState(False)
14.2932 	EXP 	text: height = np.float64(0.05)
14.2932 	EXP 	text: height = np.float64(0.05)
14.2932 	EXP 	text: height = np.float64(0.05)
14.2932 	EXP 	text: text = 'Which one are you going to buy?'
14.2951 	EXP 	eyetracker.setRecordingState(False)
14.3104 	EXP 	text: height = np.float64(0.05)
14.3104 	EXP 	text: height = np.float64(0.05)
14.3104 	EXP 	text: height = np.float64(0.05)
14.3104 	EXP 	text: text = 'Which one are you going to buy?'
14.3119 	EXP 	eyetracker.setRecordingState(False)
14.3260 	EXP 	text: height = np.float64(0.05)
14.3260 	EXP 	text: height = np.float64(0.05)
14.3260 	EXP 	text: height = np.float64(0.05)
14.3260 	EXP 	text: text = 'Which one are you going to buy?'
14.3277 	EXP 	eyetracker.setRecordingState(False)
14.3420 	EXP 	text: height = np.float64(0.05)
14.3420 	EXP 	text: height = np.float64(0.05)
14.3420 	EXP 	text: height = np.float64(0.05)
14.3420 	EXP 	text: text = 'Which one are you going to buy?'
14.3435 	EXP 	eyetracker.setRecordingState(False)
14.3568 	EXP 	text: height = np.float64(0.05)
14.3568 	EXP 	text: height = np.float64(0.05)
14.3568 	EXP 	text: height = np.float64(0.05)
14.3568 	EXP 	text: text = 'Which one are you going to buy?'
14.3585 	EXP 	eyetracker.setRecordingState(False)
14.3729 	EXP 	text: height = np.float64(0.05)
14.3729 	EXP 	text: height = np.float64(0.05)
14.3729 	EXP 	text: height = np.float64(0.05)
14.3729 	EXP 	text: text = 'Which one are you going to buy?'
14.3742 	EXP 	eyetracker.setRecordingState(False)
14.3883 	EXP 	text: height = np.float64(0.05)
14.3883 	EXP 	text: height = np.float64(0.05)
14.3883 	EXP 	text: height = np.float64(0.05)
14.3883 	EXP 	text: text = 'Which one are you going to buy?'
14.3900 	EXP 	eyetracker.setRecordingState(False)
14.4060 	EXP 	text: height = np.float64(0.05)
14.4060 	EXP 	text: height = np.float64(0.05)
14.4060 	EXP 	text: height = np.float64(0.05)
14.4060 	EXP 	text: text = 'Which one are you going to buy?'
14.4079 	EXP 	eyetracker.setRecordingState(False)
14.4216 	EXP 	text: height = np.float64(0.05)
14.4216 	EXP 	text: height = np.float64(0.05)
14.4216 	EXP 	text: height = np.float64(0.05)
14.4216 	EXP 	text: text = 'Which one are you going to buy?'
14.4228 	EXP 	eyetracker.setRecordingState(False)
14.4353 	EXP 	text: height = np.float64(0.05)
14.4353 	EXP 	text: height = np.float64(0.05)
14.4353 	EXP 	text: height = np.float64(0.05)
14.4353 	EXP 	text: text = 'Which one are you going to buy?'
14.4375 	EXP 	eyetracker.setRecordingState(False)
14.4520 	EXP 	text: height = np.float64(0.05)
14.4520 	EXP 	text: height = np.float64(0.05)
14.4520 	EXP 	text: height = np.float64(0.05)
14.4520 	EXP 	text: text = 'Which one are you going to buy?'
14.4538 	EXP 	eyetracker.setRecordingState(False)
14.4685 	EXP 	text: height = np.float64(0.05)
14.4685 	EXP 	text: height = np.float64(0.05)
14.4685 	EXP 	text: height = np.float64(0.05)
14.4685 	EXP 	text: text = 'Which one are you going to buy?'
14.4700 	EXP 	eyetracker.setRecordingState(False)
14.4826 	EXP 	text: height = np.float64(0.05)
14.4826 	EXP 	text: height = np.float64(0.05)
14.4826 	EXP 	text: height = np.float64(0.05)
14.4826 	EXP 	text: text = 'Which one are you going to buy?'
14.4840 	EXP 	eyetracker.setRecordingState(False)
14.4962 	EXP 	text: height = np.float64(0.05)
14.4962 	EXP 	text: height = np.float64(0.05)
14.4962 	EXP 	text: height = np.float64(0.05)
14.4962 	EXP 	text: text = 'Which one are you going to buy?'
14.4973 	EXP 	eyetracker.setRecordingState(False)
14.5080 	EXP 	text: height = np.float64(0.05)
14.5080 	EXP 	text: height = np.float64(0.05)
14.5080 	EXP 	text: height = np.float64(0.05)
14.5080 	EXP 	text: text = 'Which one are you going to buy?'
14.5091 	EXP 	eyetracker.setRecordingState(False)
14.5201 	EXP 	text: height = np.float64(0.05)
14.5201 	EXP 	text: height = np.float64(0.05)
14.5201 	EXP 	text: height = np.float64(0.05)
14.5201 	EXP 	text: text = 'Which one are you going to buy?'
14.5216 	EXP 	eyetracker.setRecordingState(False)
14.5385 	EXP 	text: height = np.float64(0.05)
14.5385 	EXP 	text: height = np.float64(0.05)
14.5385 	EXP 	text: height = np.float64(0.05)
14.5385 	EXP 	text: text = 'Which one are you going to buy?'
14.5401 	EXP 	eyetracker.setRecordingState(False)
14.5570 	EXP 	text: height = np.float64(0.05)
14.5570 	EXP 	text: height = np.float64(0.05)
14.5570 	EXP 	text: height = np.float64(0.05)
14.5570 	EXP 	text: text = 'Which one are you going to buy?'
14.5585 	EXP 	eyetracker.setRecordingState(False)
14.5760 	EXP 	text: height = np.float64(0.05)
14.5760 	EXP 	text: height = np.float64(0.05)
14.5760 	EXP 	text: height = np.float64(0.05)
14.5760 	EXP 	text: text = 'Which one are you going to buy?'
14.5776 	EXP 	eyetracker.setRecordingState(False)
14.5911 	EXP 	text: height = np.float64(0.05)
14.5911 	EXP 	text: height = np.float64(0.05)
14.5911 	EXP 	text: height = np.float64(0.05)
14.5911 	EXP 	text: text = 'Which one are you going to buy?'
14.5923 	EXP 	eyetracker.setRecordingState(False)
14.6039 	EXP 	text: height = np.float64(0.05)
14.6039 	EXP 	text: height = np.float64(0.05)
14.6039 	EXP 	text: height = np.float64(0.05)
14.6039 	EXP 	text: text = 'Which one are you going to buy?'
14.6049 	EXP 	eyetracker.setRecordingState(False)
14.6159 	EXP 	text: height = np.float64(0.05)
14.6159 	EXP 	text: height = np.float64(0.05)
14.6159 	EXP 	text: height = np.float64(0.05)
14.6159 	EXP 	text: text = 'Which one are you going to buy?'
14.6170 	EXP 	eyetracker.setRecordingState(False)
14.6278 	EXP 	text: height = np.float64(0.05)
14.6278 	EXP 	text: height = np.float64(0.05)
14.6278 	EXP 	text: height = np.float64(0.05)
14.6278 	EXP 	text: text = 'Which one are you going to buy?'
14.6287 	EXP 	eyetracker.setRecordingState(False)
14.6387 	EXP 	text: height = np.float64(0.05)
14.6387 	EXP 	text: height = np.float64(0.05)
14.6387 	EXP 	text: height = np.float64(0.05)
14.6387 	EXP 	text: text = 'Which one are you going to buy?'
14.6400 	EXP 	eyetracker.setRecordingState(False)
14.6524 	EXP 	text: height = np.float64(0.05)
14.6524 	EXP 	text: height = np.float64(0.05)
14.6524 	EXP 	text: height = np.float64(0.05)
14.6524 	EXP 	text: text = 'Which one are you going to buy?'
14.6535 	EXP 	eyetracker.setRecordingState(False)
14.6678 	EXP 	text: height = np.float64(0.05)
14.6678 	EXP 	text: height = np.float64(0.05)
14.6678 	EXP 	text: height = np.float64(0.05)
14.6678 	EXP 	text: text = 'Which one are you going to buy?'
14.6695 	EXP 	eyetracker.setRecordingState(False)
14.6850 	EXP 	text: height = np.float64(0.05)
14.6850 	EXP 	text: height = np.float64(0.05)
14.6850 	EXP 	text: height = np.float64(0.05)
14.6850 	EXP 	text: text = 'Which one are you going to buy?'
14.6864 	EXP 	eyetracker.setRecordingState(False)
14.7005 	EXP 	text: height = np.float64(0.05)
14.7005 	EXP 	text: height = np.float64(0.05)
14.7005 	EXP 	text: height = np.float64(0.05)
14.7005 	EXP 	text: text = 'Which one are you going to buy?'
14.7017 	EXP 	eyetracker.setRecordingState(False)
14.7147 	EXP 	text: height = np.float64(0.05)
14.7147 	EXP 	text: height = np.float64(0.05)
14.7147 	EXP 	text: height = np.float64(0.05)
14.7147 	EXP 	text: text = 'Which one are you going to buy?'
14.7162 	EXP 	eyetracker.setRecordingState(False)
14.7311 	EXP 	text: height = np.float64(0.05)
14.7311 	EXP 	text: height = np.float64(0.05)
14.7311 	EXP 	text: height = np.float64(0.05)
14.7311 	EXP 	text: text = 'Which one are you going to buy?'
14.7326 	EXP 	eyetracker.setRecordingState(False)
14.7455 	EXP 	text: height = np.float64(0.05)
14.7455 	EXP 	text: height = np.float64(0.05)
14.7455 	EXP 	text: height = np.float64(0.05)
14.7455 	EXP 	text: text = 'Which one are you going to buy?'
14.7471 	EXP 	eyetracker.setRecordingState(False)
14.7605 	EXP 	text: height = np.float64(0.05)
14.7605 	EXP 	text: height = np.float64(0.05)
14.7605 	EXP 	text: height = np.float64(0.05)
14.7605 	EXP 	text: text = 'Which one are you going to buy?'
14.7626 	EXP 	eyetracker.setRecordingState(False)
14.7807 	EXP 	text: height = np.float64(0.05)
14.7807 	EXP 	text: height = np.float64(0.05)
14.7807 	EXP 	text: height = np.float64(0.05)
14.7807 	EXP 	text: text = 'Which one are you going to buy?'
14.7839 	EXP 	eyetracker.setRecordingState(False)
14.8015 	EXP 	text: height = np.float64(0.05)
14.8015 	EXP 	text: height = np.float64(0.05)
14.8015 	EXP 	text: height = np.float64(0.05)
14.8015 	EXP 	text: text = 'Which one are you going to buy?'
14.8032 	EXP 	eyetracker.setRecordingState(False)
14.8206 	EXP 	text: height = np.float64(0.05)
14.8206 	EXP 	text: height = np.float64(0.05)
14.8206 	EXP 	text: height = np.float64(0.05)
14.8206 	EXP 	text: text = 'Which one are you going to buy?'
14.8226 	EXP 	eyetracker.setRecordingState(False)
14.8379 	EXP 	text: height = np.float64(0.05)
14.8379 	EXP 	text: height = np.float64(0.05)
14.8379 	EXP 	text: height = np.float64(0.05)
14.8379 	EXP 	text: text = 'Which one are you going to buy?'
14.8395 	EXP 	eyetracker.setRecordingState(False)
14.8518 	EXP 	text: height = np.float64(0.05)
14.8518 	EXP 	text: height = np.float64(0.05)
14.8518 	EXP 	text: height = np.float64(0.05)
14.8518 	EXP 	text: text = 'Which one are you going to buy?'
14.8529 	EXP 	eyetracker.setRecordingState(False)
14.8692 	EXP 	text: height = np.float64(0.05)
14.8692 	EXP 	text: height = np.float64(0.05)
14.8692 	EXP 	text: height = np.float64(0.05)
14.8692 	EXP 	text: text = 'Which one are you going to buy?'
14.8712 	EXP 	eyetracker.setRecordingState(False)
14.8897 	EXP 	text: height = np.float64(0.05)
14.8897 	EXP 	text: height = np.float64(0.05)
14.8897 	EXP 	text: height = np.float64(0.05)
14.8897 	EXP 	text: text = 'Which one are you going to buy?'
14.8913 	EXP 	eyetracker.setRecordingState(False)
14.9058 	EXP 	text: height = np.float64(0.05)
14.9058 	EXP 	text: height = np.float64(0.05)
14.9058 	EXP 	text: height = np.float64(0.05)
14.9058 	EXP 	text: text = 'Which one are you going to buy?'
14.9073 	EXP 	eyetracker.setRecordingState(False)
14.9201 	EXP 	text: height = np.float64(0.05)
14.9201 	EXP 	text: height = np.float64(0.05)
14.9201 	EXP 	text: height = np.float64(0.05)
14.9201 	EXP 	text: text = 'Which one are you going to buy?'
14.9211 	EXP 	eyetracker.setRecordingState(False)
14.9321 	EXP 	text: height = np.float64(0.05)
14.9321 	EXP 	text: height = np.float64(0.05)
14.9321 	EXP 	text: height = np.float64(0.05)
14.9321 	EXP 	text: text = 'Which one are you going to buy?'
14.9332 	EXP 	eyetracker.setRecordingState(False)
14.9481 	EXP 	text: height = np.float64(0.05)
14.9481 	EXP 	text: height = np.float64(0.05)
14.9481 	EXP 	text: height = np.float64(0.05)
14.9481 	EXP 	text: text = 'Which one are you going to buy?'
14.9500 	EXP 	eyetracker.setRecordingState(False)
14.9713 	EXP 	text: height = np.float64(0.05)
14.9713 	EXP 	text: height = np.float64(0.05)
14.9713 	EXP 	text: height = np.float64(0.05)
14.9713 	EXP 	text: text = 'Which one are you going to buy?'
14.9738 	EXP 	eyetracker.setRecordingState(False)
14.9916 	EXP 	text: height = np.float64(0.05)
14.9916 	EXP 	text: height = np.float64(0.05)
14.9916 	EXP 	text: height = np.float64(0.05)
14.9916 	EXP 	text: text = 'Which one are you going to buy?'
14.9936 	EXP 	eyetracker.setRecordingState(False)
15.0143 	EXP 	text: height = np.float64(0.05)
15.0143 	EXP 	text: height = np.float64(0.05)
15.0143 	EXP 	text: height = np.float64(0.05)
15.0143 	EXP 	text: text = 'Which one are you going to buy?'
15.0163 	EXP 	eyetracker.setRecordingState(False)
15.0358 	EXP 	text: height = np.float64(0.05)
15.0358 	EXP 	text: height = np.float64(0.05)
15.0358 	EXP 	text: height = np.float64(0.05)
15.0358 	EXP 	text: text = 'Which one are you going to buy?'
15.0372 	EXP 	eyetracker.setRecordingState(False)
15.0516 	EXP 	text: height = np.float64(0.05)
15.0516 	EXP 	text: height = np.float64(0.05)
15.0516 	EXP 	text: height = np.float64(0.05)
15.0516 	EXP 	text: text = 'Which one are you going to buy?'
15.0532 	EXP 	eyetracker.setRecordingState(False)
15.0677 	EXP 	text: height = np.float64(0.05)
15.0677 	EXP 	text: height = np.float64(0.05)
15.0677 	EXP 	text: height = np.float64(0.05)
15.0677 	EXP 	text: text = 'Which one are you going to buy?'
15.0692 	EXP 	eyetracker.setRecordingState(False)
15.0829 	EXP 	text: height = np.float64(0.05)
15.0829 	EXP 	text: height = np.float64(0.05)
15.0829 	EXP 	text: height = np.float64(0.05)
15.0829 	EXP 	text: text = 'Which one are you going to buy?'
15.0846 	EXP 	eyetracker.setRecordingState(False)
15.1003 	EXP 	text: height = np.float64(0.05)
15.1003 	EXP 	text: height = np.float64(0.05)
15.1003 	EXP 	text: height = np.float64(0.05)
15.1003 	EXP 	text: text = 'Which one are you going to buy?'
15.1017 	EXP 	eyetracker.setRecordingState(False)
15.1155 	EXP 	text: height = np.float64(0.05)
15.1155 	EXP 	text: height = np.float64(0.05)
15.1155 	EXP 	text: height = np.float64(0.05)
15.1155 	EXP 	text: text = 'Which one are you going to buy?'
15.1167 	EXP 	eyetracker.setRecordingState(False)
15.1290 	EXP 	text: height = np.float64(0.05)
15.1290 	EXP 	text: height = np.float64(0.05)
15.1290 	EXP 	text: height = np.float64(0.05)
15.1290 	EXP 	text: text = 'Which one are you going to buy?'
15.1300 	EXP 	eyetracker.setRecordingState(False)
15.1433 	EXP 	text: height = np.float64(0.05)
15.1433 	EXP 	text: height = np.float64(0.05)
15.1433 	EXP 	text: height = np.float64(0.05)
15.1433 	EXP 	text: text = 'Which one are you going to buy?'
15.1453 	EXP 	eyetracker.setRecordingState(False)
15.1625 	EXP 	text: height = np.float64(0.05)
15.1625 	EXP 	text: height = np.float64(0.05)
15.1625 	EXP 	text: height = np.float64(0.05)
15.1625 	EXP 	text: text = 'Which one are you going to buy?'
15.1643 	EXP 	eyetracker.setRecordingState(False)
15.1786 	EXP 	text: height = np.float64(0.05)
15.1786 	EXP 	text: height = np.float64(0.05)
15.1786 	EXP 	text: height = np.float64(0.05)
15.1786 	EXP 	text: text = 'Which one are you going to buy?'
15.1800 	EXP 	eyetracker.setRecordingState(False)
15.1965 	EXP 	text: height = np.float64(0.05)
15.1965 	EXP 	text: height = np.float64(0.05)
15.1965 	EXP 	text: height = np.float64(0.05)
15.1965 	EXP 	text: text = 'Which one are you going to buy?'
15.1983 	EXP 	eyetracker.setRecordingState(False)
15.2140 	EXP 	text: height = np.float64(0.05)
15.2140 	EXP 	text: height = np.float64(0.05)
15.2140 	EXP 	text: height = np.float64(0.05)
15.2140 	EXP 	text: text = 'Which one are you going to buy?'
15.2158 	EXP 	eyetracker.setRecordingState(False)
15.2320 	EXP 	text: height = np.float64(0.05)
15.2320 	EXP 	text: height = np.float64(0.05)
15.2320 	EXP 	text: height = np.float64(0.05)
15.2320 	EXP 	text: text = 'Which one are you going to buy?'
15.2338 	EXP 	eyetracker.setRecordingState(False)
15.2494 	EXP 	text: height = np.float64(0.05)
15.2494 	EXP 	text: height = np.float64(0.05)
15.2494 	EXP 	text: height = np.float64(0.05)
15.2494 	EXP 	text: text = 'Which one are you going to buy?'
15.2512 	EXP 	eyetracker.setRecordingState(False)
15.2762 	EXP 	text: height = np.float64(0.05)
15.2762 	EXP 	text: height = np.float64(0.05)
15.2762 	EXP 	text: height = np.float64(0.05)
15.2762 	EXP 	text: text = 'Which one are you going to buy?'
15.2776 	EXP 	eyetracker.setRecordingState(False)
15.2908 	EXP 	text: height = np.float64(0.05)
15.2908 	EXP 	text: height = np.float64(0.05)
15.2908 	EXP 	text: height = np.float64(0.05)
15.2908 	EXP 	text: text = 'Which one are you going to buy?'
15.2918 	EXP 	eyetracker.setRecordingState(False)
15.3022 	EXP 	text: height = np.float64(0.05)
15.3022 	EXP 	text: height = np.float64(0.05)
15.3022 	EXP 	text: height = np.float64(0.05)
15.3022 	EXP 	text: text = 'Which one are you going to buy?'
15.3030 	EXP 	eyetracker.setRecordingState(False)
15.3114 	EXP 	text: height = np.float64(0.05)
15.3114 	EXP 	text: height = np.float64(0.05)
15.3114 	EXP 	text: height = np.float64(0.05)
15.3114 	EXP 	text: text = 'Which one are you going to buy?'
15.3122 	EXP 	eyetracker.setRecordingState(False)
15.3223 	EXP 	text: height = np.float64(0.05)
15.3223 	EXP 	text: height = np.float64(0.05)
15.3223 	EXP 	text: height = np.float64(0.05)
15.3223 	EXP 	text: text = 'Which one are you going to buy?'
15.3237 	EXP 	eyetracker.setRecordingState(False)
15.3363 	EXP 	text: height = np.float64(0.05)
15.3363 	EXP 	text: height = np.float64(0.05)
15.3363 	EXP 	text: height = np.float64(0.05)
15.3363 	EXP 	text: text = 'Which one are you going to buy?'
15.3376 	EXP 	eyetracker.setRecordingState(False)
15.3550 	EXP 	text: height = np.float64(0.05)
15.3550 	EXP 	text: height = np.float64(0.05)
15.3550 	EXP 	text: height = np.float64(0.05)
15.3550 	EXP 	text: text = 'Which one are you going to buy?'
15.3570 	EXP 	eyetracker.setRecordingState(False)
15.3778 	EXP 	text: height = np.float64(0.05)
15.3778 	EXP 	text: height = np.float64(0.05)
15.3778 	EXP 	text: height = np.float64(0.05)
15.3778 	EXP 	text: text = 'Which one are you going to buy?'
15.3796 	EXP 	eyetracker.setRecordingState(False)
15.3959 	EXP 	text: height = np.float64(0.05)
15.3959 	EXP 	text: height = np.float64(0.05)
15.3959 	EXP 	text: height = np.float64(0.05)
15.3959 	EXP 	text: text = 'Which one are you going to buy?'
15.3976 	EXP 	eyetracker.setRecordingState(False)
15.4115 	EXP 	text: height = np.float64(0.05)
15.4115 	EXP 	text: height = np.float64(0.05)
15.4115 	EXP 	text: height = np.float64(0.05)
15.4115 	EXP 	text: text = 'Which one are you going to buy?'
15.4129 	EXP 	eyetracker.setRecordingState(False)
15.4282 	EXP 	text: height = np.float64(0.05)
15.4282 	EXP 	text: height = np.float64(0.05)
15.4282 	EXP 	text: height = np.float64(0.05)
15.4282 	EXP 	text: text = 'Which one are you going to buy?'
15.4301 	EXP 	eyetracker.setRecordingState(False)
15.4474 	EXP 	text: height = np.float64(0.05)
15.4474 	EXP 	text: height = np.float64(0.05)
15.4474 	EXP 	text: height = np.float64(0.05)
15.4474 	EXP 	text: text = 'Which one are you going to buy?'
15.4494 	EXP 	eyetracker.setRecordingState(False)
15.4692 	EXP 	text: height = np.float64(0.05)
15.4692 	EXP 	text: height = np.float64(0.05)
15.4692 	EXP 	text: height = np.float64(0.05)
15.4692 	EXP 	text: text = 'Which one are you going to buy?'
15.4712 	EXP 	eyetracker.setRecordingState(False)
15.4919 	EXP 	text: height = np.float64(0.05)
15.4919 	EXP 	text: height = np.float64(0.05)
15.4919 	EXP 	text: height = np.float64(0.05)
15.4919 	EXP 	text: text = 'Which one are you going to buy?'
15.4939 	EXP 	eyetracker.setRecordingState(False)
15.5117 	EXP 	text: height = np.float64(0.05)
15.5117 	EXP 	text: height = np.float64(0.05)
15.5117 	EXP 	text: height = np.float64(0.05)
15.5117 	EXP 	text: text = 'Which one are you going to buy?'
15.5135 	EXP 	eyetracker.setRecordingState(False)
15.5306 	EXP 	text: height = np.float64(0.05)
15.5306 	EXP 	text: height = np.float64(0.05)
15.5306 	EXP 	text: height = np.float64(0.05)
15.5306 	EXP 	text: text = 'Which one are you going to buy?'
15.5325 	EXP 	eyetracker.setRecordingState(False)
15.5483 	EXP 	text: height = np.float64(0.05)
15.5483 	EXP 	text: height = np.float64(0.05)
15.5483 	EXP 	text: height = np.float64(0.05)
15.5483 	EXP 	text: text = 'Which one are you going to buy?'
15.5495 	EXP 	eyetracker.setRecordingState(False)
15.5635 	EXP 	text: height = np.float64(0.05)
15.5635 	EXP 	text: height = np.float64(0.05)
15.5635 	EXP 	text: height = np.float64(0.05)
15.5635 	EXP 	text: text = 'Which one are you going to buy?'
15.5653 	EXP 	eyetracker.setRecordingState(False)
15.5803 	EXP 	text: height = np.float64(0.05)
15.5803 	EXP 	text: height = np.float64(0.05)
15.5803 	EXP 	text: height = np.float64(0.05)
15.5803 	EXP 	text: text = 'Which one are you going to buy?'
15.5818 	EXP 	eyetracker.setRecordingState(False)
15.5945 	EXP 	text: height = np.float64(0.05)
15.5945 	EXP 	text: height = np.float64(0.05)
15.5945 	EXP 	text: height = np.float64(0.05)
15.5945 	EXP 	text: text = 'Which one are you going to buy?'
15.5957 	EXP 	eyetracker.setRecordingState(False)
15.6085 	EXP 	text: height = np.float64(0.05)
15.6085 	EXP 	text: height = np.float64(0.05)
15.6085 	EXP 	text: height = np.float64(0.05)
15.6085 	EXP 	text: text = 'Which one are you going to buy?'
15.6101 	EXP 	eyetracker.setRecordingState(False)
15.6273 	EXP 	text: height = np.float64(0.05)
15.6273 	EXP 	text: height = np.float64(0.05)
15.6273 	EXP 	text: height = np.float64(0.05)
15.6273 	EXP 	text: text = 'Which one are you going to buy?'
15.6289 	EXP 	eyetracker.setRecordingState(False)
15.6430 	EXP 	text: height = np.float64(0.05)
15.6430 	EXP 	text: height = np.float64(0.05)
15.6430 	EXP 	text: height = np.float64(0.05)
15.6430 	EXP 	text: text = 'Which one are you going to buy?'
15.6443 	EXP 	eyetracker.setRecordingState(False)
15.6567 	EXP 	text: height = np.float64(0.05)
15.6567 	EXP 	text: height = np.float64(0.05)
15.6567 	EXP 	text: height = np.float64(0.05)
15.6567 	EXP 	text: text = 'Which one are you going to buy?'
15.6582 	EXP 	eyetracker.setRecordingState(False)
15.6713 	EXP 	text: height = np.float64(0.05)
15.6713 	EXP 	text: height = np.float64(0.05)
15.6713 	EXP 	text: height = np.float64(0.05)
15.6713 	EXP 	text: text = 'Which one are you going to buy?'
15.6732 	EXP 	eyetracker.setRecordingState(False)
15.6925 	EXP 	text: height = np.float64(0.05)
15.6925 	EXP 	text: height = np.float64(0.05)
15.6925 	EXP 	text: height = np.float64(0.05)
15.6925 	EXP 	text: text = 'Which one are you going to buy?'
15.6949 	EXP 	eyetracker.setRecordingState(False)
15.7123 	EXP 	text: height = np.float64(0.05)
15.7123 	EXP 	text: height = np.float64(0.05)
15.7123 	EXP 	text: height = np.float64(0.05)
15.7123 	EXP 	text: text = 'Which one are you going to buy?'
15.7142 	EXP 	eyetracker.setRecordingState(False)
15.7325 	EXP 	text: height = np.float64(0.05)
15.7325 	EXP 	text: height = np.float64(0.05)
15.7325 	EXP 	text: height = np.float64(0.05)
15.7325 	EXP 	text: text = 'Which one are you going to buy?'
15.7342 	EXP 	eyetracker.setRecordingState(False)
15.7495 	EXP 	text: height = np.float64(0.05)
15.7495 	EXP 	text: height = np.float64(0.05)
15.7495 	EXP 	text: height = np.float64(0.05)
15.7495 	EXP 	text: text = 'Which one are you going to buy?'
15.7510 	EXP 	eyetracker.setRecordingState(False)
15.7653 	EXP 	text: height = np.float64(0.05)
15.7653 	EXP 	text: height = np.float64(0.05)
15.7653 	EXP 	text: height = np.float64(0.05)
15.7653 	EXP 	text: text = 'Which one are you going to buy?'
15.7672 	EXP 	eyetracker.setRecordingState(False)
15.7858 	EXP 	text: height = np.float64(0.05)
15.7858 	EXP 	text: height = np.float64(0.05)
15.7858 	EXP 	text: height = np.float64(0.05)
15.7858 	EXP 	text: text = 'Which one are you going to buy?'
15.7874 	EXP 	eyetracker.setRecordingState(False)
15.8016 	EXP 	text: height = np.float64(0.05)
15.8016 	EXP 	text: height = np.float64(0.05)
15.8016 	EXP 	text: height = np.float64(0.05)
15.8016 	EXP 	text: text = 'Which one are you going to buy?'
15.8035 	EXP 	eyetracker.setRecordingState(False)
15.8200 	EXP 	text: height = np.float64(0.05)
15.8200 	EXP 	text: height = np.float64(0.05)
15.8200 	EXP 	text: height = np.float64(0.05)
15.8200 	EXP 	text: text = 'Which one are you going to buy?'
15.8216 	EXP 	eyetracker.setRecordingState(False)
15.8348 	EXP 	text: height = np.float64(0.05)
15.8348 	EXP 	text: height = np.float64(0.05)
15.8348 	EXP 	text: height = np.float64(0.05)
15.8348 	EXP 	text: text = 'Which one are you going to buy?'
15.8362 	EXP 	eyetracker.setRecordingState(False)
15.8483 	EXP 	text: height = np.float64(0.05)
15.8483 	EXP 	text: height = np.float64(0.05)
15.8483 	EXP 	text: height = np.float64(0.05)
15.8483 	EXP 	text: text = 'Which one are you going to buy?'
15.8492 	EXP 	eyetracker.setRecordingState(False)
15.8605 	EXP 	text: height = np.float64(0.05)
15.8605 	EXP 	text: height = np.float64(0.05)
15.8605 	EXP 	text: height = np.float64(0.05)
15.8605 	EXP 	text: text = 'Which one are you going to buy?'
15.8616 	EXP 	eyetracker.setRecordingState(False)
15.8719 	EXP 	text: height = np.float64(0.05)
15.8719 	EXP 	text: height = np.float64(0.05)
15.8719 	EXP 	text: height = np.float64(0.05)
15.8719 	EXP 	text: text = 'Which one are you going to buy?'
15.8729 	EXP 	eyetracker.setRecordingState(False)
15.8837 	EXP 	text: height = np.float64(0.05)
15.8837 	EXP 	text: height = np.float64(0.05)
15.8837 	EXP 	text: height = np.float64(0.05)
15.8837 	EXP 	text: text = 'Which one are you going to buy?'
15.8845 	EXP 	eyetracker.setRecordingState(False)
15.8942 	EXP 	text: height = np.float64(0.05)
15.8942 	EXP 	text: height = np.float64(0.05)
15.8942 	EXP 	text: height = np.float64(0.05)
15.8942 	EXP 	text: text = 'Which one are you going to buy?'
15.8953 	EXP 	eyetracker.setRecordingState(False)
15.9067 	EXP 	text: height = np.float64(0.05)
15.9067 	EXP 	text: height = np.float64(0.05)
15.9067 	EXP 	text: height = np.float64(0.05)
15.9067 	EXP 	text: text = 'Which one are you going to buy?'
15.9078 	EXP 	eyetracker.setRecordingState(False)
15.9194 	EXP 	text: height = np.float64(0.05)
15.9194 	EXP 	text: height = np.float64(0.05)
15.9194 	EXP 	text: height = np.float64(0.05)
15.9194 	EXP 	text: text = 'Which one are you going to buy?'
15.9209 	EXP 	eyetracker.setRecordingState(False)
15.9338 	EXP 	text: height = np.float64(0.05)
15.9338 	EXP 	text: height = np.float64(0.05)
15.9338 	EXP 	text: height = np.float64(0.05)
15.9338 	EXP 	text: text = 'Which one are you going to buy?'
15.9355 	EXP 	eyetracker.setRecordingState(False)
15.9510 	EXP 	text: height = np.float64(0.05)
15.9510 	EXP 	text: height = np.float64(0.05)
15.9510 	EXP 	text: height = np.float64(0.05)
15.9510 	EXP 	text: text = 'Which one are you going to buy?'
15.9524 	EXP 	eyetracker.setRecordingState(False)
15.9675 	EXP 	text: height = np.float64(0.05)
15.9675 	EXP 	text: height = np.float64(0.05)
15.9675 	EXP 	text: height = np.float64(0.05)
15.9675 	EXP 	text: text = 'Which one are you going to buy?'
15.9694 	EXP 	eyetracker.setRecordingState(False)
15.9853 	EXP 	text: height = np.float64(0.05)
15.9853 	EXP 	text: height = np.float64(0.05)
15.9853 	EXP 	text: height = np.float64(0.05)
15.9853 	EXP 	text: text = 'Which one are you going to buy?'
15.9867 	EXP 	eyetracker.setRecordingState(False)
15.9996 	EXP 	text: height = np.float64(0.05)
15.9996 	EXP 	text: height = np.float64(0.05)
15.9996 	EXP 	text: height = np.float64(0.05)
15.9996 	EXP 	text: text = 'Which one are you going to buy?'
16.0010 	EXP 	eyetracker.setRecordingState(False)
16.0154 	EXP 	text: height = np.float64(0.05)
16.0154 	EXP 	text: height = np.float64(0.05)
16.0154 	EXP 	text: height = np.float64(0.05)
16.0154 	EXP 	text: text = 'Which one are you going to buy?'
16.0170 	EXP 	eyetracker.setRecordingState(False)
16.0303 	EXP 	text: height = np.float64(0.05)
16.0303 	EXP 	text: height = np.float64(0.05)
16.0303 	EXP 	text: height = np.float64(0.05)
16.0303 	EXP 	text: text = 'Which one are you going to buy?'
16.0313 	EXP 	eyetracker.setRecordingState(False)
16.0435 	EXP 	text: height = np.float64(0.05)
16.0435 	EXP 	text: height = np.float64(0.05)
16.0435 	EXP 	text: height = np.float64(0.05)
16.0435 	EXP 	text: text = 'Which one are you going to buy?'
16.0450 	EXP 	eyetracker.setRecordingState(False)
16.0585 	EXP 	text: height = np.float64(0.05)
16.0585 	EXP 	text: height = np.float64(0.05)
16.0585 	EXP 	text: height = np.float64(0.05)
16.0585 	EXP 	text: text = 'Which one are you going to buy?'
16.0599 	EXP 	eyetracker.setRecordingState(False)
16.0759 	EXP 	text: height = np.float64(0.05)
16.0759 	EXP 	text: height = np.float64(0.05)
16.0759 	EXP 	text: height = np.float64(0.05)
16.0759 	EXP 	text: text = 'Which one are you going to buy?'
16.0776 	EXP 	eyetracker.setRecordingState(False)
16.0927 	EXP 	text: height = np.float64(0.05)
16.0927 	EXP 	text: height = np.float64(0.05)
16.0927 	EXP 	text: height = np.float64(0.05)
16.0927 	EXP 	text: text = 'Which one are you going to buy?'
16.0944 	EXP 	eyetracker.setRecordingState(False)
16.1110 	EXP 	text: height = np.float64(0.05)
16.1110 	EXP 	text: height = np.float64(0.05)
16.1110 	EXP 	text: height = np.float64(0.05)
16.1110 	EXP 	text: text = 'Which one are you going to buy?'
16.1126 	EXP 	eyetracker.setRecordingState(False)
16.1273 	EXP 	text: height = np.float64(0.05)
16.1273 	EXP 	text: height = np.float64(0.05)
16.1273 	EXP 	text: height = np.float64(0.05)
16.1273 	EXP 	text: text = 'Which one are you going to buy?'
16.1291 	EXP 	eyetracker.setRecordingState(False)
16.1454 	EXP 	text: height = np.float64(0.05)
16.1454 	EXP 	text: height = np.float64(0.05)
16.1454 	EXP 	text: height = np.float64(0.05)
16.1454 	EXP 	text: text = 'Which one are you going to buy?'
16.1469 	EXP 	eyetracker.setRecordingState(False)
16.1616 	EXP 	text: height = np.float64(0.05)
16.1616 	EXP 	text: height = np.float64(0.05)
16.1616 	EXP 	text: height = np.float64(0.05)
16.1616 	EXP 	text: text = 'Which one are you going to buy?'
16.1633 	EXP 	eyetracker.setRecordingState(False)
16.1786 	EXP 	text: height = np.float64(0.05)
16.1786 	EXP 	text: height = np.float64(0.05)
16.1786 	EXP 	text: height = np.float64(0.05)
16.1786 	EXP 	text: text = 'Which one are you going to buy?'
16.1799 	EXP 	eyetracker.setRecordingState(False)
16.1915 	EXP 	text: height = np.float64(0.05)
16.1915 	EXP 	text: height = np.float64(0.05)
16.1915 	EXP 	text: height = np.float64(0.05)
16.1915 	EXP 	text: text = 'Which one are you going to buy?'
16.1927 	EXP 	eyetracker.setRecordingState(False)
16.2029 	EXP 	text: height = np.float64(0.05)
16.2029 	EXP 	text: height = np.float64(0.05)
16.2029 	EXP 	text: height = np.float64(0.05)
16.2029 	EXP 	text: text = 'Which one are you going to buy?'
16.2040 	EXP 	eyetracker.setRecordingState(False)
16.2155 	EXP 	text: height = np.float64(0.05)
16.2155 	EXP 	text: height = np.float64(0.05)
16.2155 	EXP 	text: height = np.float64(0.05)
16.2155 	EXP 	text: text = 'Which one are you going to buy?'
16.2169 	EXP 	eyetracker.setRecordingState(False)
16.2302 	EXP 	text: height = np.float64(0.05)
16.2302 	EXP 	text: height = np.float64(0.05)
16.2302 	EXP 	text: height = np.float64(0.05)
16.2302 	EXP 	text: text = 'Which one are you going to buy?'
16.2315 	EXP 	eyetracker.setRecordingState(False)
16.2435 	EXP 	text: height = np.float64(0.05)
16.2435 	EXP 	text: height = np.float64(0.05)
16.2435 	EXP 	text: height = np.float64(0.05)
16.2435 	EXP 	text: text = 'Which one are you going to buy?'
16.2452 	EXP 	eyetracker.setRecordingState(False)
16.2592 	EXP 	text: height = np.float64(0.05)
16.2592 	EXP 	text: height = np.float64(0.05)
16.2592 	EXP 	text: height = np.float64(0.05)
16.2592 	EXP 	text: text = 'Which one are you going to buy?'
16.2615 	EXP 	eyetracker.setRecordingState(False)
16.2765 	EXP 	text: height = np.float64(0.05)
16.2765 	EXP 	text: height = np.float64(0.05)
16.2765 	EXP 	text: height = np.float64(0.05)
16.2765 	EXP 	text: text = 'Which one are you going to buy?'
16.2778 	EXP 	eyetracker.setRecordingState(False)
16.2919 	EXP 	text: height = np.float64(0.05)
16.2919 	EXP 	text: height = np.float64(0.05)
16.2919 	EXP 	text: height = np.float64(0.05)
16.2919 	EXP 	text: text = 'Which one are you going to buy?'
16.2937 	EXP 	eyetracker.setRecordingState(False)
16.3088 	EXP 	text: height = np.float64(0.05)
16.3088 	EXP 	text: height = np.float64(0.05)
16.3088 	EXP 	text: height = np.float64(0.05)
16.3088 	EXP 	text: text = 'Which one are you going to buy?'
16.3104 	EXP 	eyetracker.setRecordingState(False)
16.3313 	EXP 	text: height = np.float64(0.05)
16.3313 	EXP 	text: height = np.float64(0.05)
16.3313 	EXP 	text: height = np.float64(0.05)
16.3313 	EXP 	text: text = 'Which one are you going to buy?'
16.3335 	EXP 	eyetracker.setRecordingState(False)
16.3584 	EXP 	text: height = np.float64(0.05)
16.3584 	EXP 	text: height = np.float64(0.05)
16.3584 	EXP 	text: height = np.float64(0.05)
16.3584 	EXP 	text: text = 'Which one are you going to buy?'
16.3610 	EXP 	eyetracker.setRecordingState(False)
16.3825 	EXP 	text: height = np.float64(0.05)
16.3825 	EXP 	text: height = np.float64(0.05)
16.3825 	EXP 	text: height = np.float64(0.05)
16.3825 	EXP 	text: text = 'Which one are you going to buy?'
16.3846 	EXP 	eyetracker.setRecordingState(False)
16.4008 	EXP 	text: height = np.float64(0.05)
16.4008 	EXP 	text: height = np.float64(0.05)
16.4008 	EXP 	text: height = np.float64(0.05)
16.4008 	EXP 	text: text = 'Which one are you going to buy?'
16.4022 	EXP 	eyetracker.setRecordingState(False)
16.4155 	EXP 	text: height = np.float64(0.05)
16.4155 	EXP 	text: height = np.float64(0.05)
16.4155 	EXP 	text: height = np.float64(0.05)
16.4155 	EXP 	text: text = 'Which one are you going to buy?'
16.4175 	EXP 	eyetracker.setRecordingState(False)
16.4325 	EXP 	text: height = np.float64(0.05)
16.4325 	EXP 	text: height = np.float64(0.05)
16.4325 	EXP 	text: height = np.float64(0.05)
16.4325 	EXP 	text: text = 'Which one are you going to buy?'
16.4343 	EXP 	eyetracker.setRecordingState(False)
16.4491 	EXP 	text: height = np.float64(0.05)
16.4491 	EXP 	text: height = np.float64(0.05)
16.4491 	EXP 	text: height = np.float64(0.05)
16.4491 	EXP 	text: text = 'Which one are you going to buy?'
16.4505 	EXP 	eyetracker.setRecordingState(False)
16.4643 	EXP 	text: height = np.float64(0.05)
16.4643 	EXP 	text: height = np.float64(0.05)
16.4643 	EXP 	text: height = np.float64(0.05)
16.4643 	EXP 	text: text = 'Which one are you going to buy?'
16.4658 	EXP 	eyetracker.setRecordingState(False)
16.4804 	EXP 	text: height = np.float64(0.05)
16.4804 	EXP 	text: height = np.float64(0.05)
16.4804 	EXP 	text: height = np.float64(0.05)
16.4804 	EXP 	text: text = 'Which one are you going to buy?'
16.4818 	EXP 	eyetracker.setRecordingState(False)
16.4962 	EXP 	text: height = np.float64(0.05)
16.4962 	EXP 	text: height = np.float64(0.05)
16.4962 	EXP 	text: height = np.float64(0.05)
16.4962 	EXP 	text: text = 'Which one are you going to buy?'
16.4976 	EXP 	eyetracker.setRecordingState(False)
16.5106 	EXP 	text: height = np.float64(0.05)
16.5106 	EXP 	text: height = np.float64(0.05)
16.5106 	EXP 	text: height = np.float64(0.05)
16.5106 	EXP 	text: text = 'Which one are you going to buy?'
16.5126 	EXP 	eyetracker.setRecordingState(False)
16.5269 	EXP 	text: height = np.float64(0.05)
16.5269 	EXP 	text: height = np.float64(0.05)
16.5269 	EXP 	text: height = np.float64(0.05)
16.5269 	EXP 	text: text = 'Which one are you going to buy?'
16.5280 	EXP 	eyetracker.setRecordingState(False)
16.5388 	EXP 	text: height = np.float64(0.05)
16.5388 	EXP 	text: height = np.float64(0.05)
16.5388 	EXP 	text: height = np.float64(0.05)
16.5388 	EXP 	text: text = 'Which one are you going to buy?'
16.5397 	EXP 	eyetracker.setRecordingState(False)
16.5494 	EXP 	text: height = np.float64(0.05)
16.5494 	EXP 	text: height = np.float64(0.05)
16.5494 	EXP 	text: height = np.float64(0.05)
16.5494 	EXP 	text: text = 'Which one are you going to buy?'
16.5503 	EXP 	eyetracker.setRecordingState(False)
16.5590 	EXP 	text: height = np.float64(0.05)
16.5590 	EXP 	text: height = np.float64(0.05)
16.5590 	EXP 	text: height = np.float64(0.05)
16.5590 	EXP 	text: text = 'Which one are you going to buy?'
16.5603 	EXP 	eyetracker.setRecordingState(False)
16.5699 	EXP 	text: height = np.float64(0.05)
16.5699 	EXP 	text: height = np.float64(0.05)
16.5699 	EXP 	text: height = np.float64(0.05)
16.5699 	EXP 	text: text = 'Which one are you going to buy?'
16.5710 	EXP 	eyetracker.setRecordingState(False)
16.5844 	EXP 	text: height = np.float64(0.05)
16.5844 	EXP 	text: height = np.float64(0.05)
16.5844 	EXP 	text: height = np.float64(0.05)
16.5844 	EXP 	text: text = 'Which one are you going to buy?'
16.5861 	EXP 	eyetracker.setRecordingState(False)
16.6006 	EXP 	text: height = np.float64(0.05)
16.6006 	EXP 	text: height = np.float64(0.05)
16.6006 	EXP 	text: height = np.float64(0.05)
16.6006 	EXP 	text: text = 'Which one are you going to buy?'
16.6020 	EXP 	eyetracker.setRecordingState(False)
16.6148 	EXP 	text: height = np.float64(0.05)
16.6148 	EXP 	text: height = np.float64(0.05)
16.6148 	EXP 	text: height = np.float64(0.05)
16.6148 	EXP 	text: text = 'Which one are you going to buy?'
16.6163 	EXP 	eyetracker.setRecordingState(False)
16.6297 	EXP 	text: height = np.float64(0.05)
16.6297 	EXP 	text: height = np.float64(0.05)
16.6297 	EXP 	text: height = np.float64(0.05)
16.6297 	EXP 	text: text = 'Which one are you going to buy?'
16.6310 	EXP 	eyetracker.setRecordingState(False)
16.6436 	EXP 	text: height = np.float64(0.05)
16.6436 	EXP 	text: height = np.float64(0.05)
16.6436 	EXP 	text: height = np.float64(0.05)
16.6436 	EXP 	text: text = 'Which one are you going to buy?'
16.6447 	EXP 	eyetracker.setRecordingState(False)
16.6567 	EXP 	text: height = np.float64(0.05)
16.6567 	EXP 	text: height = np.float64(0.05)
16.6567 	EXP 	text: height = np.float64(0.05)
16.6567 	EXP 	text: text = 'Which one are you going to buy?'
16.6582 	EXP 	eyetracker.setRecordingState(False)
16.6742 	EXP 	text: height = np.float64(0.05)
16.6742 	EXP 	text: height = np.float64(0.05)
16.6742 	EXP 	text: height = np.float64(0.05)
16.6742 	EXP 	text: text = 'Which one are you going to buy?'
16.6760 	EXP 	eyetracker.setRecordingState(False)
16.6928 	EXP 	text: height = np.float64(0.05)
16.6928 	EXP 	text: height = np.float64(0.05)
16.6928 	EXP 	text: height = np.float64(0.05)
16.6928 	EXP 	text: text = 'Which one are you going to buy?'
16.6946 	EXP 	eyetracker.setRecordingState(False)
16.7085 	EXP 	text: height = np.float64(0.05)
16.7085 	EXP 	text: height = np.float64(0.05)
16.7085 	EXP 	text: height = np.float64(0.05)
16.7085 	EXP 	text: text = 'Which one are you going to buy?'
16.7101 	EXP 	eyetracker.setRecordingState(False)
16.7253 	EXP 	text: height = np.float64(0.05)
16.7253 	EXP 	text: height = np.float64(0.05)
16.7253 	EXP 	text: height = np.float64(0.05)
16.7253 	EXP 	text: text = 'Which one are you going to buy?'
16.7269 	EXP 	eyetracker.setRecordingState(False)
16.7431 	EXP 	text: height = np.float64(0.05)
16.7431 	EXP 	text: height = np.float64(0.05)
16.7431 	EXP 	text: height = np.float64(0.05)
16.7431 	EXP 	text: text = 'Which one are you going to buy?'
16.7446 	EXP 	eyetracker.setRecordingState(False)
16.7589 	EXP 	text: height = np.float64(0.05)
16.7589 	EXP 	text: height = np.float64(0.05)
16.7589 	EXP 	text: height = np.float64(0.05)
16.7589 	EXP 	text: text = 'Which one are you going to buy?'
16.7602 	EXP 	eyetracker.setRecordingState(False)
16.7754 	EXP 	text: height = np.float64(0.05)
16.7754 	EXP 	text: height = np.float64(0.05)
16.7754 	EXP 	text: height = np.float64(0.05)
16.7754 	EXP 	text: text = 'Which one are you going to buy?'
16.7771 	EXP 	eyetracker.setRecordingState(False)
16.7921 	EXP 	text: height = np.float64(0.05)
16.7921 	EXP 	text: height = np.float64(0.05)
16.7921 	EXP 	text: height = np.float64(0.05)
16.7921 	EXP 	text: text = 'Which one are you going to buy?'
16.7938 	EXP 	eyetracker.setRecordingState(False)
16.8103 	EXP 	text: height = np.float64(0.05)
16.8103 	EXP 	text: height = np.float64(0.05)
16.8103 	EXP 	text: height = np.float64(0.05)
16.8103 	EXP 	text: text = 'Which one are you going to buy?'
16.8119 	EXP 	eyetracker.setRecordingState(False)
16.8270 	EXP 	text: height = np.float64(0.05)
16.8270 	EXP 	text: height = np.float64(0.05)
16.8270 	EXP 	text: height = np.float64(0.05)
16.8270 	EXP 	text: text = 'Which one are you going to buy?'
16.8290 	EXP 	eyetracker.setRecordingState(False)
16.8425 	EXP 	text: height = np.float64(0.05)
16.8425 	EXP 	text: height = np.float64(0.05)
16.8425 	EXP 	text: height = np.float64(0.05)
16.8425 	EXP 	text: text = 'Which one are you going to buy?'
16.8440 	EXP 	eyetracker.setRecordingState(False)
16.8576 	EXP 	text: height = np.float64(0.05)
16.8576 	EXP 	text: height = np.float64(0.05)
16.8576 	EXP 	text: height = np.float64(0.05)
16.8576 	EXP 	text: text = 'Which one are you going to buy?'
16.8596 	EXP 	eyetracker.setRecordingState(False)
16.8781 	EXP 	text: height = np.float64(0.05)
16.8781 	EXP 	text: height = np.float64(0.05)
16.8781 	EXP 	text: height = np.float64(0.05)
16.8781 	EXP 	text: text = 'Which one are you going to buy?'
16.8799 	EXP 	eyetracker.setRecordingState(False)
16.8971 	EXP 	text: height = np.float64(0.05)
16.8971 	EXP 	text: height = np.float64(0.05)
16.8971 	EXP 	text: height = np.float64(0.05)
16.8971 	EXP 	text: text = 'Which one are you going to buy?'
16.8989 	EXP 	eyetracker.setRecordingState(False)
16.9213 	EXP 	text: height = np.float64(0.05)
16.9213 	EXP 	text: height = np.float64(0.05)
16.9213 	EXP 	text: height = np.float64(0.05)
16.9213 	EXP 	text: text = 'Which one are you going to buy?'
16.9245 	EXP 	eyetracker.setRecordingState(False)
16.9432 	EXP 	text: height = np.float64(0.05)
16.9432 	EXP 	text: height = np.float64(0.05)
16.9432 	EXP 	text: height = np.float64(0.05)
16.9432 	EXP 	text: text = 'Which one are you going to buy?'
16.9453 	EXP 	eyetracker.setRecordingState(False)
16.9634 	EXP 	text: height = np.float64(0.05)
16.9634 	EXP 	text: height = np.float64(0.05)
16.9634 	EXP 	text: height = np.float64(0.05)
16.9634 	EXP 	text: text = 'Which one are you going to buy?'
16.9655 	EXP 	eyetracker.setRecordingState(False)
16.9805 	EXP 	text: height = np.float64(0.05)
16.9805 	EXP 	text: height = np.float64(0.05)
16.9805 	EXP 	text: height = np.float64(0.05)
16.9805 	EXP 	text: text = 'Which one are you going to buy?'
16.9820 	EXP 	eyetracker.setRecordingState(False)
16.9946 	EXP 	text: height = np.float64(0.05)
16.9946 	EXP 	text: height = np.float64(0.05)
16.9946 	EXP 	text: height = np.float64(0.05)
16.9946 	EXP 	text: text = 'Which one are you going to buy?'
16.9958 	EXP 	eyetracker.setRecordingState(False)
17.0076 	EXP 	text: height = np.float64(0.05)
17.0076 	EXP 	text: height = np.float64(0.05)
17.0076 	EXP 	text: height = np.float64(0.05)
17.0076 	EXP 	text: text = 'Which one are you going to buy?'
17.0087 	EXP 	eyetracker.setRecordingState(False)
17.0199 	EXP 	text: height = np.float64(0.05)
17.0199 	EXP 	text: height = np.float64(0.05)
17.0199 	EXP 	text: height = np.float64(0.05)
17.0199 	EXP 	text: text = 'Which one are you going to buy?'
17.0210 	EXP 	eyetracker.setRecordingState(False)
17.0327 	EXP 	text: height = np.float64(0.05)
17.0327 	EXP 	text: height = np.float64(0.05)
17.0327 	EXP 	text: height = np.float64(0.05)
17.0327 	EXP 	text: text = 'Which one are you going to buy?'
17.0347 	EXP 	eyetracker.setRecordingState(False)
17.0493 	EXP 	text: height = np.float64(0.05)
17.0493 	EXP 	text: height = np.float64(0.05)
17.0493 	EXP 	text: height = np.float64(0.05)
17.0493 	EXP 	text: text = 'Which one are you going to buy?'
17.0508 	EXP 	eyetracker.setRecordingState(False)
17.0661 	EXP 	text: height = np.float64(0.05)
17.0661 	EXP 	text: height = np.float64(0.05)
17.0661 	EXP 	text: height = np.float64(0.05)
17.0661 	EXP 	text: text = 'Which one are you going to buy?'
17.0675 	EXP 	eyetracker.setRecordingState(False)
17.0812 	EXP 	text: height = np.float64(0.05)
17.0812 	EXP 	text: height = np.float64(0.05)
17.0812 	EXP 	text: height = np.float64(0.05)
17.0812 	EXP 	text: text = 'Which one are you going to buy?'
17.0831 	EXP 	eyetracker.setRecordingState(False)
17.0959 	EXP 	text: height = np.float64(0.05)
17.0959 	EXP 	text: height = np.float64(0.05)
17.0959 	EXP 	text: height = np.float64(0.05)
17.0959 	EXP 	text: text = 'Which one are you going to buy?'
17.0972 	EXP 	eyetracker.setRecordingState(False)
17.1117 	EXP 	text: height = np.float64(0.05)
17.1117 	EXP 	text: height = np.float64(0.05)
17.1117 	EXP 	text: height = np.float64(0.05)
17.1117 	EXP 	text: text = 'Which one are you going to buy?'
17.1134 	EXP 	eyetracker.setRecordingState(False)
17.1282 	EXP 	text: height = np.float64(0.05)
17.1282 	EXP 	text: height = np.float64(0.05)
17.1282 	EXP 	text: height = np.float64(0.05)
17.1282 	EXP 	text: text = 'Which one are you going to buy?'
17.1300 	EXP 	eyetracker.setRecordingState(False)
17.1451 	EXP 	text: height = np.float64(0.05)
17.1451 	EXP 	text: height = np.float64(0.05)
17.1451 	EXP 	text: height = np.float64(0.05)
17.1451 	EXP 	text: text = 'Which one are you going to buy?'
17.1465 	EXP 	eyetracker.setRecordingState(False)
17.1590 	EXP 	text: height = np.float64(0.05)
17.1590 	EXP 	text: height = np.float64(0.05)
17.1590 	EXP 	text: height = np.float64(0.05)
17.1590 	EXP 	text: text = 'Which one are you going to buy?'
17.1610 	EXP 	eyetracker.setRecordingState(False)
17.1757 	EXP 	text: height = np.float64(0.05)
17.1757 	EXP 	text: height = np.float64(0.05)
17.1757 	EXP 	text: height = np.float64(0.05)
17.1757 	EXP 	text: text = 'Which one are you going to buy?'
17.1769 	EXP 	eyetracker.setRecordingState(False)
17.1887 	EXP 	text: height = np.float64(0.05)
17.1887 	EXP 	text: height = np.float64(0.05)
17.1887 	EXP 	text: height = np.float64(0.05)
17.1887 	EXP 	text: text = 'Which one are you going to buy?'
17.1907 	EXP 	eyetracker.setRecordingState(False)
17.2039 	EXP 	text: height = np.float64(0.05)
17.2039 	EXP 	text: height = np.float64(0.05)
17.2039 	EXP 	text: height = np.float64(0.05)
17.2039 	EXP 	text: text = 'Which one are you going to buy?'
17.2055 	EXP 	eyetracker.setRecordingState(False)
17.2163 	EXP 	text: height = np.float64(0.05)
17.2163 	EXP 	text: height = np.float64(0.05)
17.2163 	EXP 	text: height = np.float64(0.05)
17.2163 	EXP 	text: text = 'Which one are you going to buy?'
17.2170 	EXP 	eyetracker.setRecordingState(False)
17.2265 	EXP 	text: height = np.float64(0.05)
17.2265 	EXP 	text: height = np.float64(0.05)
17.2265 	EXP 	text: height = np.float64(0.05)
17.2265 	EXP 	text: text = 'Which one are you going to buy?'
17.2271 	EXP 	eyetracker.setRecordingState(False)
17.2345 	EXP 	text: height = np.float64(0.05)
17.2345 	EXP 	text: height = np.float64(0.05)
17.2345 	EXP 	text: height = np.float64(0.05)
17.2345 	EXP 	text: text = 'Which one are you going to buy?'
17.2351 	EXP 	eyetracker.setRecordingState(False)
17.2425 	EXP 	text: height = np.float64(0.05)
17.2425 	EXP 	text: height = np.float64(0.05)
17.2425 	EXP 	text: height = np.float64(0.05)
17.2425 	EXP 	text: text = 'Which one are you going to buy?'
17.2433 	EXP 	eyetracker.setRecordingState(False)
17.2501 	EXP 	text: height = np.float64(0.05)
17.2501 	EXP 	text: height = np.float64(0.05)
17.2501 	EXP 	text: height = np.float64(0.05)
17.2501 	EXP 	text: text = 'Which one are you going to buy?'
17.2507 	EXP 	eyetracker.setRecordingState(False)
17.2579 	EXP 	text: height = np.float64(0.05)
17.2579 	EXP 	text: height = np.float64(0.05)
17.2579 	EXP 	text: height = np.float64(0.05)
17.2579 	EXP 	text: text = 'Which one are you going to buy?'
17.2585 	EXP 	eyetracker.setRecordingState(False)
17.2657 	EXP 	text: height = np.float64(0.05)
17.2657 	EXP 	text: height = np.float64(0.05)
17.2657 	EXP 	text: height = np.float64(0.05)
17.2657 	EXP 	text: text = 'Which one are you going to buy?'
17.2662 	EXP 	eyetracker.setRecordingState(False)
17.2738 	EXP 	text: height = np.float64(0.05)
17.2738 	EXP 	text: height = np.float64(0.05)
17.2738 	EXP 	text: height = np.float64(0.05)
17.2738 	EXP 	text: text = 'Which one are you going to buy?'
17.2745 	EXP 	eyetracker.setRecordingState(False)
17.2814 	EXP 	text: height = np.float64(0.05)
17.2814 	EXP 	text: height = np.float64(0.05)
17.2814 	EXP 	text: height = np.float64(0.05)
17.2814 	EXP 	text: text = 'Which one are you going to buy?'
17.2820 	EXP 	eyetracker.setRecordingState(False)
17.2890 	EXP 	text: height = np.float64(0.05)
17.2890 	EXP 	text: height = np.float64(0.05)
17.2890 	EXP 	text: height = np.float64(0.05)
17.2890 	EXP 	text: text = 'Which one are you going to buy?'
17.2899 	EXP 	eyetracker.setRecordingState(False)
17.2968 	EXP 	text: height = np.float64(0.05)
17.2968 	EXP 	text: height = np.float64(0.05)
17.2968 	EXP 	text: height = np.float64(0.05)
17.2968 	EXP 	text: text = 'Which one are you going to buy?'
17.2974 	EXP 	eyetracker.setRecordingState(False)
17.3049 	EXP 	text: height = np.float64(0.05)
17.3049 	EXP 	text: height = np.float64(0.05)
17.3049 	EXP 	text: height = np.float64(0.05)
17.3049 	EXP 	text: text = 'Which one are you going to buy?'
17.3054 	EXP 	eyetracker.setRecordingState(False)
17.3124 	EXP 	text: height = np.float64(0.05)
17.3124 	EXP 	text: height = np.float64(0.05)
17.3124 	EXP 	text: height = np.float64(0.05)
17.3124 	EXP 	text: text = 'Which one are you going to buy?'
17.3130 	EXP 	eyetracker.setRecordingState(False)
17.3203 	EXP 	text: height = np.float64(0.05)
17.3203 	EXP 	text: height = np.float64(0.05)
17.3203 	EXP 	text: height = np.float64(0.05)
17.3203 	EXP 	text: text = 'Which one are you going to buy?'
17.3212 	EXP 	eyetracker.setRecordingState(False)
17.3296 	EXP 	text: height = np.float64(0.05)
17.3296 	EXP 	text: height = np.float64(0.05)
17.3296 	EXP 	text: height = np.float64(0.05)
17.3296 	EXP 	text: text = 'Which one are you going to buy?'
17.3309 	EXP 	eyetracker.setRecordingState(False)
17.3422 	EXP 	text: height = np.float64(0.05)
17.3422 	EXP 	text: height = np.float64(0.05)
17.3422 	EXP 	text: height = np.float64(0.05)
17.3422 	EXP 	text: text = 'Which one are you going to buy?'
17.3434 	EXP 	eyetracker.setRecordingState(False)
17.3575 	EXP 	text: height = np.float64(0.05)
17.3575 	EXP 	text: height = np.float64(0.05)
17.3575 	EXP 	text: height = np.float64(0.05)
17.3575 	EXP 	text: text = 'Which one are you going to buy?'
17.3594 	EXP 	eyetracker.setRecordingState(False)
17.3754 	EXP 	text: height = np.float64(0.05)
17.3754 	EXP 	text: height = np.float64(0.05)
17.3754 	EXP 	text: height = np.float64(0.05)
17.3754 	EXP 	text: text = 'Which one are you going to buy?'
17.3766 	EXP 	eyetracker.setRecordingState(False)
17.3909 	EXP 	text: height = np.float64(0.05)
17.3909 	EXP 	text: height = np.float64(0.05)
17.3909 	EXP 	text: height = np.float64(0.05)
17.3909 	EXP 	text: text = 'Which one are you going to buy?'
17.3929 	EXP 	eyetracker.setRecordingState(False)
17.4080 	EXP 	text: height = np.float64(0.05)
17.4080 	EXP 	text: height = np.float64(0.05)
17.4080 	EXP 	text: height = np.float64(0.05)
17.4080 	EXP 	text: text = 'Which one are you going to buy?'
17.4095 	EXP 	eyetracker.setRecordingState(False)
17.4222 	EXP 	text: height = np.float64(0.05)
17.4222 	EXP 	text: height = np.float64(0.05)
17.4222 	EXP 	text: height = np.float64(0.05)
17.4222 	EXP 	text: text = 'Which one are you going to buy?'
17.4236 	EXP 	eyetracker.setRecordingState(False)
17.4350 	EXP 	text: height = np.float64(0.05)
17.4350 	EXP 	text: height = np.float64(0.05)
17.4350 	EXP 	text: height = np.float64(0.05)
17.4350 	EXP 	text: text = 'Which one are you going to buy?'
17.4360 	EXP 	eyetracker.setRecordingState(False)
17.4483 	EXP 	text: height = np.float64(0.05)
17.4483 	EXP 	text: height = np.float64(0.05)
17.4483 	EXP 	text: height = np.float64(0.05)
17.4483 	EXP 	text: text = 'Which one are you going to buy?'
17.4502 	EXP 	eyetracker.setRecordingState(False)
17.4669 	EXP 	text: height = np.float64(0.05)
17.4669 	EXP 	text: height = np.float64(0.05)
17.4669 	EXP 	text: height = np.float64(0.05)
17.4669 	EXP 	text: text = 'Which one are you going to buy?'
17.4685 	EXP 	eyetracker.setRecordingState(False)
17.4865 	EXP 	text: height = np.float64(0.05)
17.4865 	EXP 	text: height = np.float64(0.05)
17.4865 	EXP 	text: height = np.float64(0.05)
17.4865 	EXP 	text: text = 'Which one are you going to buy?'
17.4889 	EXP 	eyetracker.setRecordingState(False)
17.5107 	EXP 	text: height = np.float64(0.05)
17.5107 	EXP 	text: height = np.float64(0.05)
17.5107 	EXP 	text: height = np.float64(0.05)
17.5107 	EXP 	text: text = 'Which one are you going to buy?'
17.5124 	EXP 	eyetracker.setRecordingState(False)
17.5318 	EXP 	text: height = np.float64(0.05)
17.5318 	EXP 	text: height = np.float64(0.05)
17.5318 	EXP 	text: height = np.float64(0.05)
17.5318 	EXP 	text: text = 'Which one are you going to buy?'
17.5341 	EXP 	eyetracker.setRecordingState(False)
17.5506 	EXP 	text: height = np.float64(0.05)
17.5506 	EXP 	text: height = np.float64(0.05)
17.5506 	EXP 	text: height = np.float64(0.05)
17.5506 	EXP 	text: text = 'Which one are you going to buy?'
17.5529 	EXP 	eyetracker.setRecordingState(False)
17.5701 	EXP 	text: height = np.float64(0.05)
17.5701 	EXP 	text: height = np.float64(0.05)
17.5701 	EXP 	text: height = np.float64(0.05)
17.5701 	EXP 	text: text = 'Which one are you going to buy?'
17.5723 	EXP 	eyetracker.setRecordingState(False)
17.5900 	EXP 	text: height = np.float64(0.05)
17.5900 	EXP 	text: height = np.float64(0.05)
17.5900 	EXP 	text: height = np.float64(0.05)
17.5900 	EXP 	text: text = 'Which one are you going to buy?'
17.5916 	EXP 	eyetracker.setRecordingState(False)
17.6052 	EXP 	text: height = np.float64(0.05)
17.6052 	EXP 	text: height = np.float64(0.05)
17.6052 	EXP 	text: height = np.float64(0.05)
17.6052 	EXP 	text: text = 'Which one are you going to buy?'
17.6064 	EXP 	eyetracker.setRecordingState(False)
17.6208 	EXP 	text: height = np.float64(0.05)
17.6208 	EXP 	text: height = np.float64(0.05)
17.6208 	EXP 	text: height = np.float64(0.05)
17.6208 	EXP 	text: text = 'Which one are you going to buy?'
17.6224 	EXP 	eyetracker.setRecordingState(False)
17.6404 	EXP 	text: height = np.float64(0.05)
17.6404 	EXP 	text: height = np.float64(0.05)
17.6404 	EXP 	text: height = np.float64(0.05)
17.6404 	EXP 	text: text = 'Which one are you going to buy?'
17.6422 	EXP 	eyetracker.setRecordingState(False)
17.6558 	EXP 	text: height = np.float64(0.05)
17.6558 	EXP 	text: height = np.float64(0.05)
17.6558 	EXP 	text: height = np.float64(0.05)
17.6558 	EXP 	text: text = 'Which one are you going to buy?'
17.6570 	EXP 	eyetracker.setRecordingState(False)
17.6706 	EXP 	text: height = np.float64(0.05)
17.6706 	EXP 	text: height = np.float64(0.05)
17.6706 	EXP 	text: height = np.float64(0.05)
17.6706 	EXP 	text: text = 'Which one are you going to buy?'
17.6724 	EXP 	eyetracker.setRecordingState(False)
17.6873 	EXP 	text: height = np.float64(0.05)
17.6873 	EXP 	text: height = np.float64(0.05)
17.6873 	EXP 	text: height = np.float64(0.05)
17.6873 	EXP 	text: text = 'Which one are you going to buy?'
17.6887 	EXP 	eyetracker.setRecordingState(False)
17.7014 	EXP 	text: height = np.float64(0.05)
17.7014 	EXP 	text: height = np.float64(0.05)
17.7014 	EXP 	text: height = np.float64(0.05)
17.7014 	EXP 	text: text = 'Which one are you going to buy?'
17.7026 	EXP 	eyetracker.setRecordingState(False)
17.7145 	EXP 	text: height = np.float64(0.05)
17.7145 	EXP 	text: height = np.float64(0.05)
17.7145 	EXP 	text: height = np.float64(0.05)
17.7145 	EXP 	text: text = 'Which one are you going to buy?'
17.7159 	EXP 	eyetracker.setRecordingState(False)
17.7328 	EXP 	text: height = np.float64(0.05)
17.7328 	EXP 	text: height = np.float64(0.05)
17.7328 	EXP 	text: height = np.float64(0.05)
17.7328 	EXP 	text: text = 'Which one are you going to buy?'
17.7350 	EXP 	eyetracker.setRecordingState(False)
17.7554 	EXP 	text: height = np.float64(0.05)
17.7554 	EXP 	text: height = np.float64(0.05)
17.7554 	EXP 	text: height = np.float64(0.05)
17.7554 	EXP 	text: text = 'Which one are you going to buy?'
17.7573 	EXP 	eyetracker.setRecordingState(False)
17.7715 	EXP 	text: height = np.float64(0.05)
17.7715 	EXP 	text: height = np.float64(0.05)
17.7715 	EXP 	text: height = np.float64(0.05)
17.7715 	EXP 	text: text = 'Which one are you going to buy?'
17.7729 	EXP 	eyetracker.setRecordingState(False)
17.7832 	EXP 	text: height = np.float64(0.05)
17.7832 	EXP 	text: height = np.float64(0.05)
17.7832 	EXP 	text: height = np.float64(0.05)
17.7832 	EXP 	text: text = 'Which one are you going to buy?'
17.7843 	EXP 	eyetracker.setRecordingState(False)
17.7950 	EXP 	text: height = np.float64(0.05)
17.7950 	EXP 	text: height = np.float64(0.05)
17.7950 	EXP 	text: height = np.float64(0.05)
17.7950 	EXP 	text: text = 'Which one are you going to buy?'
17.7962 	EXP 	eyetracker.setRecordingState(False)
17.8087 	EXP 	text: height = np.float64(0.05)
17.8087 	EXP 	text: height = np.float64(0.05)
17.8087 	EXP 	text: height = np.float64(0.05)
17.8087 	EXP 	text: text = 'Which one are you going to buy?'
17.8103 	EXP 	eyetracker.setRecordingState(False)
17.8269 	EXP 	text: height = np.float64(0.05)
17.8269 	EXP 	text: height = np.float64(0.05)
17.8269 	EXP 	text: height = np.float64(0.05)
17.8269 	EXP 	text: text = 'Which one are you going to buy?'
17.8286 	EXP 	eyetracker.setRecordingState(False)
17.8441 	EXP 	text: height = np.float64(0.05)
17.8441 	EXP 	text: height = np.float64(0.05)
17.8441 	EXP 	text: height = np.float64(0.05)
17.8441 	EXP 	text: text = 'Which one are you going to buy?'
17.8460 	EXP 	eyetracker.setRecordingState(False)
17.8641 	EXP 	text: height = np.float64(0.05)
17.8641 	EXP 	text: height = np.float64(0.05)
17.8641 	EXP 	text: height = np.float64(0.05)
17.8641 	EXP 	text: text = 'Which one are you going to buy?'
17.8654 	EXP 	eyetracker.setRecordingState(False)
17.8789 	EXP 	text: height = np.float64(0.05)
17.8789 	EXP 	text: height = np.float64(0.05)
17.8789 	EXP 	text: height = np.float64(0.05)
17.8789 	EXP 	text: text = 'Which one are you going to buy?'
17.8803 	EXP 	eyetracker.setRecordingState(False)
17.8937 	EXP 	text: height = np.float64(0.05)
17.8937 	EXP 	text: height = np.float64(0.05)
17.8937 	EXP 	text: height = np.float64(0.05)
17.8937 	EXP 	text: text = 'Which one are you going to buy?'
17.8952 	EXP 	eyetracker.setRecordingState(False)
17.9071 	EXP 	text: height = np.float64(0.05)
17.9071 	EXP 	text: height = np.float64(0.05)
17.9071 	EXP 	text: height = np.float64(0.05)
17.9071 	EXP 	text: text = 'Which one are you going to buy?'
17.9083 	EXP 	eyetracker.setRecordingState(False)
17.9219 	EXP 	text: height = np.float64(0.05)
17.9219 	EXP 	text: height = np.float64(0.05)
17.9219 	EXP 	text: height = np.float64(0.05)
17.9219 	EXP 	text: text = 'Which one are you going to buy?'
17.9236 	EXP 	eyetracker.setRecordingState(False)
17.9424 	EXP 	text: height = np.float64(0.05)
17.9424 	EXP 	text: height = np.float64(0.05)
17.9424 	EXP 	text: height = np.float64(0.05)
17.9424 	EXP 	text: text = 'Which one are you going to buy?'
17.9443 	EXP 	eyetracker.setRecordingState(False)
17.9599 	EXP 	text: height = np.float64(0.05)
17.9599 	EXP 	text: height = np.float64(0.05)
17.9599 	EXP 	text: height = np.float64(0.05)
17.9599 	EXP 	text: text = 'Which one are you going to buy?'
17.9625 	EXP 	eyetracker.setRecordingState(False)
17.9795 	EXP 	text: height = np.float64(0.05)
17.9795 	EXP 	text: height = np.float64(0.05)
17.9795 	EXP 	text: height = np.float64(0.05)
17.9795 	EXP 	text: text = 'Which one are you going to buy?'
17.9811 	EXP 	eyetracker.setRecordingState(False)
17.9981 	EXP 	text: height = np.float64(0.05)
17.9981 	EXP 	text: height = np.float64(0.05)
17.9981 	EXP 	text: height = np.float64(0.05)
17.9981 	EXP 	text: text = 'Which one are you going to buy?'
17.9999 	EXP 	eyetracker.setRecordingState(False)
18.0151 	EXP 	text: height = np.float64(0.05)
18.0151 	EXP 	text: height = np.float64(0.05)
18.0151 	EXP 	text: height = np.float64(0.05)
18.0151 	EXP 	text: text = 'Which one are you going to buy?'
18.0165 	EXP 	eyetracker.setRecordingState(False)
18.0332 	EXP 	text: height = np.float64(0.05)
18.0332 	EXP 	text: height = np.float64(0.05)
18.0332 	EXP 	text: height = np.float64(0.05)
18.0332 	EXP 	text: text = 'Which one are you going to buy?'
18.0351 	EXP 	eyetracker.setRecordingState(False)
18.0516 	EXP 	text: height = np.float64(0.05)
18.0516 	EXP 	text: height = np.float64(0.05)
18.0516 	EXP 	text: height = np.float64(0.05)
18.0516 	EXP 	text: text = 'Which one are you going to buy?'
18.0531 	EXP 	eyetracker.setRecordingState(False)
18.0666 	EXP 	text: height = np.float64(0.05)
18.0666 	EXP 	text: height = np.float64(0.05)
18.0666 	EXP 	text: height = np.float64(0.05)
18.0666 	EXP 	text: text = 'Which one are you going to buy?'
18.0677 	EXP 	eyetracker.setRecordingState(False)
18.0813 	EXP 	text: height = np.float64(0.05)
18.0813 	EXP 	text: height = np.float64(0.05)
18.0813 	EXP 	text: height = np.float64(0.05)
18.0813 	EXP 	text: text = 'Which one are you going to buy?'
18.0832 	EXP 	eyetracker.setRecordingState(False)
18.1052 	EXP 	text: height = np.float64(0.05)
18.1052 	EXP 	text: height = np.float64(0.05)
18.1052 	EXP 	text: height = np.float64(0.05)
18.1052 	EXP 	text: text = 'Which one are you going to buy?'
18.1072 	EXP 	eyetracker.setRecordingState(False)
18.1271 	EXP 	text: height = np.float64(0.05)
18.1271 	EXP 	text: height = np.float64(0.05)
18.1271 	EXP 	text: height = np.float64(0.05)
18.1271 	EXP 	text: text = 'Which one are you going to buy?'
18.1293 	EXP 	eyetracker.setRecordingState(False)
18.1592 	EXP 	text: height = np.float64(0.05)
18.1592 	EXP 	text: height = np.float64(0.05)
18.1592 	EXP 	text: height = np.float64(0.05)
18.1592 	EXP 	text: text = 'Which one are you going to buy?'
18.1613 	EXP 	eyetracker.setRecordingState(False)
18.1858 	EXP 	text: height = np.float64(0.05)
18.1858 	EXP 	text: height = np.float64(0.05)
18.1858 	EXP 	text: height = np.float64(0.05)
18.1858 	EXP 	text: text = 'Which one are you going to buy?'
18.1886 	EXP 	eyetracker.setRecordingState(False)
18.2195 	EXP 	text: height = np.float64(0.05)
18.2195 	EXP 	text: height = np.float64(0.05)
18.2195 	EXP 	text: height = np.float64(0.05)
18.2195 	EXP 	text: text = 'Which one are you going to buy?'
18.2217 	EXP 	eyetracker.setRecordingState(False)
18.2435 	EXP 	text: height = np.float64(0.05)
18.2435 	EXP 	text: height = np.float64(0.05)
18.2435 	EXP 	text: height = np.float64(0.05)
18.2435 	EXP 	text: text = 'Which one are you going to buy?'
18.2458 	EXP 	eyetracker.setRecordingState(False)
18.2691 	EXP 	text: height = np.float64(0.05)
18.2691 	EXP 	text: height = np.float64(0.05)
18.2691 	EXP 	text: height = np.float64(0.05)
18.2691 	EXP 	text: text = 'Which one are you going to buy?'
18.2710 	EXP 	eyetracker.setRecordingState(False)
18.2890 	EXP 	text: height = np.float64(0.05)
18.2890 	EXP 	text: height = np.float64(0.05)
18.2890 	EXP 	text: height = np.float64(0.05)
18.2890 	EXP 	text: text = 'Which one are you going to buy?'
18.2907 	EXP 	eyetracker.setRecordingState(False)
18.3081 	EXP 	text: height = np.float64(0.05)
18.3081 	EXP 	text: height = np.float64(0.05)
18.3081 	EXP 	text: height = np.float64(0.05)
18.3081 	EXP 	text: text = 'Which one are you going to buy?'
18.3107 	EXP 	eyetracker.setRecordingState(False)
18.3325 	EXP 	text: height = np.float64(0.05)
18.3325 	EXP 	text: height = np.float64(0.05)
18.3325 	EXP 	text: height = np.float64(0.05)
18.3325 	EXP 	text: text = 'Which one are you going to buy?'
18.3345 	EXP 	eyetracker.setRecordingState(False)
18.3522 	EXP 	text: height = np.float64(0.05)
18.3522 	EXP 	text: height = np.float64(0.05)
18.3522 	EXP 	text: height = np.float64(0.05)
18.3522 	EXP 	text: text = 'Which one are you going to buy?'
18.3539 	EXP 	eyetracker.setRecordingState(False)
18.3718 	EXP 	text: height = np.float64(0.05)
18.3718 	EXP 	text: height = np.float64(0.05)
18.3718 	EXP 	text: height = np.float64(0.05)
18.3718 	EXP 	text: text = 'Which one are you going to buy?'
18.3737 	EXP 	eyetracker.setRecordingState(False)
18.3893 	EXP 	text: height = np.float64(0.05)
18.3893 	EXP 	text: height = np.float64(0.05)
18.3893 	EXP 	text: height = np.float64(0.05)
18.3893 	EXP 	text: text = 'Which one are you going to buy?'
18.3916 	EXP 	eyetracker.setRecordingState(False)
18.4086 	EXP 	text: height = np.float64(0.05)
18.4086 	EXP 	text: height = np.float64(0.05)
18.4086 	EXP 	text: height = np.float64(0.05)
18.4086 	EXP 	text: text = 'Which one are you going to buy?'
18.4100 	EXP 	eyetracker.setRecordingState(False)
18.4258 	EXP 	text: height = np.float64(0.05)
18.4258 	EXP 	text: height = np.float64(0.05)
18.4258 	EXP 	text: height = np.float64(0.05)
18.4258 	EXP 	text: text = 'Which one are you going to buy?'
18.4275 	EXP 	eyetracker.setRecordingState(False)
18.4420 	EXP 	text: height = np.float64(0.05)
18.4420 	EXP 	text: height = np.float64(0.05)
18.4420 	EXP 	text: height = np.float64(0.05)
18.4420 	EXP 	text: text = 'Which one are you going to buy?'
18.4433 	EXP 	eyetracker.setRecordingState(False)
18.4601 	EXP 	text: height = np.float64(0.05)
18.4601 	EXP 	text: height = np.float64(0.05)
18.4601 	EXP 	text: height = np.float64(0.05)
18.4601 	EXP 	text: text = 'Which one are you going to buy?'
18.4617 	EXP 	eyetracker.setRecordingState(False)
18.4774 	EXP 	text: height = np.float64(0.05)
18.4774 	EXP 	text: height = np.float64(0.05)
18.4774 	EXP 	text: height = np.float64(0.05)
18.4774 	EXP 	text: text = 'Which one are you going to buy?'
18.4792 	EXP 	eyetracker.setRecordingState(False)
18.4957 	EXP 	text: height = np.float64(0.05)
18.4957 	EXP 	text: height = np.float64(0.05)
18.4957 	EXP 	text: height = np.float64(0.05)
18.4957 	EXP 	text: text = 'Which one are you going to buy?'
18.4971 	EXP 	eyetracker.setRecordingState(False)
18.5094 	EXP 	text: height = np.float64(0.05)
18.5094 	EXP 	text: height = np.float64(0.05)
18.5094 	EXP 	text: height = np.float64(0.05)
18.5094 	EXP 	text: text = 'Which one are you going to buy?'
18.5106 	EXP 	eyetracker.setRecordingState(False)
18.5222 	EXP 	text: height = np.float64(0.05)
18.5222 	EXP 	text: height = np.float64(0.05)
18.5222 	EXP 	text: height = np.float64(0.05)
18.5222 	EXP 	text: text = 'Which one are you going to buy?'
18.5237 	EXP 	eyetracker.setRecordingState(False)
18.5397 	EXP 	text: height = np.float64(0.05)
18.5397 	EXP 	text: height = np.float64(0.05)
18.5397 	EXP 	text: height = np.float64(0.05)
18.5397 	EXP 	text: text = 'Which one are you going to buy?'
18.5420 	EXP 	eyetracker.setRecordingState(False)
18.5573 	EXP 	text: height = np.float64(0.05)
18.5573 	EXP 	text: height = np.float64(0.05)
18.5573 	EXP 	text: height = np.float64(0.05)
18.5573 	EXP 	text: text = 'Which one are you going to buy?'
18.5589 	EXP 	eyetracker.setRecordingState(False)
18.5716 	EXP 	text: height = np.float64(0.05)
18.5716 	EXP 	text: height = np.float64(0.05)
18.5716 	EXP 	text: height = np.float64(0.05)
18.5716 	EXP 	text: text = 'Which one are you going to buy?'
18.5731 	EXP 	eyetracker.setRecordingState(False)
18.5852 	EXP 	text: height = np.float64(0.05)
18.5852 	EXP 	text: height = np.float64(0.05)
18.5852 	EXP 	text: height = np.float64(0.05)
18.5852 	EXP 	text: text = 'Which one are you going to buy?'
18.5864 	EXP 	eyetracker.setRecordingState(False)
18.5979 	EXP 	text: height = np.float64(0.05)
18.5979 	EXP 	text: height = np.float64(0.05)
18.5979 	EXP 	text: height = np.float64(0.05)
18.5979 	EXP 	text: text = 'Which one are you going to buy?'
18.5991 	EXP 	eyetracker.setRecordingState(False)
18.6114 	EXP 	text: height = np.float64(0.05)
18.6114 	EXP 	text: height = np.float64(0.05)
18.6114 	EXP 	text: height = np.float64(0.05)
18.6114 	EXP 	text: text = 'Which one are you going to buy?'
18.6126 	EXP 	eyetracker.setRecordingState(False)
18.6280 	EXP 	text: height = np.float64(0.05)
18.6280 	EXP 	text: height = np.float64(0.05)
18.6280 	EXP 	text: height = np.float64(0.05)
18.6280 	EXP 	text: text = 'Which one are you going to buy?'
18.6297 	EXP 	eyetracker.setRecordingState(False)
18.6452 	EXP 	text: height = np.float64(0.05)
18.6452 	EXP 	text: height = np.float64(0.05)
18.6452 	EXP 	text: height = np.float64(0.05)
18.6452 	EXP 	text: text = 'Which one are you going to buy?'
18.6465 	EXP 	eyetracker.setRecordingState(False)
18.6622 	EXP 	text: height = np.float64(0.05)
18.6622 	EXP 	text: height = np.float64(0.05)
18.6622 	EXP 	text: height = np.float64(0.05)
18.6622 	EXP 	text: text = 'Which one are you going to buy?'
18.6639 	EXP 	eyetracker.setRecordingState(False)
18.6777 	EXP 	text: height = np.float64(0.05)
18.6777 	EXP 	text: height = np.float64(0.05)
18.6777 	EXP 	text: height = np.float64(0.05)
18.6777 	EXP 	text: text = 'Which one are you going to buy?'
18.6796 	EXP 	eyetracker.setRecordingState(False)
18.6960 	EXP 	text: height = np.float64(0.05)
18.6960 	EXP 	text: height = np.float64(0.05)
18.6960 	EXP 	text: height = np.float64(0.05)
18.6960 	EXP 	text: text = 'Which one are you going to buy?'
18.6979 	EXP 	eyetracker.setRecordingState(False)
18.7142 	EXP 	text: height = np.float64(0.05)
18.7142 	EXP 	text: height = np.float64(0.05)
18.7142 	EXP 	text: height = np.float64(0.05)
18.7142 	EXP 	text: text = 'Which one are you going to buy?'
18.7158 	EXP 	eyetracker.setRecordingState(False)
18.7306 	EXP 	text: height = np.float64(0.05)
18.7306 	EXP 	text: height = np.float64(0.05)
18.7306 	EXP 	text: height = np.float64(0.05)
18.7306 	EXP 	text: text = 'Which one are you going to buy?'
18.7317 	EXP 	eyetracker.setRecordingState(False)
18.7447 	EXP 	text: height = np.float64(0.05)
18.7447 	EXP 	text: height = np.float64(0.05)
18.7447 	EXP 	text: height = np.float64(0.05)
18.7447 	EXP 	text: text = 'Which one are you going to buy?'
18.7466 	EXP 	eyetracker.setRecordingState(False)
18.7639 	EXP 	text: height = np.float64(0.05)
18.7639 	EXP 	text: height = np.float64(0.05)
18.7639 	EXP 	text: height = np.float64(0.05)
18.7639 	EXP 	text: text = 'Which one are you going to buy?'
18.7653 	EXP 	eyetracker.setRecordingState(False)
18.7828 	EXP 	text: height = np.float64(0.05)
18.7828 	EXP 	text: height = np.float64(0.05)
18.7828 	EXP 	text: height = np.float64(0.05)
18.7828 	EXP 	text: text = 'Which one are you going to buy?'
18.7848 	EXP 	eyetracker.setRecordingState(False)
18.8013 	EXP 	text: height = np.float64(0.05)
18.8013 	EXP 	text: height = np.float64(0.05)
18.8013 	EXP 	text: height = np.float64(0.05)
18.8013 	EXP 	text: text = 'Which one are you going to buy?'
18.8028 	EXP 	eyetracker.setRecordingState(False)
18.8196 	EXP 	text: height = np.float64(0.05)
18.8196 	EXP 	text: height = np.float64(0.05)
18.8196 	EXP 	text: height = np.float64(0.05)
18.8196 	EXP 	text: text = 'Which one are you going to buy?'
18.8217 	EXP 	eyetracker.setRecordingState(False)
18.8375 	EXP 	text: height = np.float64(0.05)
18.8375 	EXP 	text: height = np.float64(0.05)
18.8375 	EXP 	text: height = np.float64(0.05)
18.8375 	EXP 	text: text = 'Which one are you going to buy?'
18.8392 	EXP 	eyetracker.setRecordingState(False)
18.8529 	EXP 	text: height = np.float64(0.05)
18.8529 	EXP 	text: height = np.float64(0.05)
18.8529 	EXP 	text: height = np.float64(0.05)
18.8529 	EXP 	text: text = 'Which one are you going to buy?'
18.8542 	EXP 	eyetracker.setRecordingState(False)
18.8673 	EXP 	text: height = np.float64(0.05)
18.8673 	EXP 	text: height = np.float64(0.05)
18.8673 	EXP 	text: height = np.float64(0.05)
18.8673 	EXP 	text: text = 'Which one are you going to buy?'
18.8686 	EXP 	eyetracker.setRecordingState(False)
18.8825 	EXP 	text: height = np.float64(0.05)
18.8825 	EXP 	text: height = np.float64(0.05)
18.8825 	EXP 	text: height = np.float64(0.05)
18.8825 	EXP 	text: text = 'Which one are you going to buy?'
18.8838 	EXP 	eyetracker.setRecordingState(False)
18.8983 	EXP 	text: height = np.float64(0.05)
18.8983 	EXP 	text: height = np.float64(0.05)
18.8983 	EXP 	text: height = np.float64(0.05)
18.8983 	EXP 	text: text = 'Which one are you going to buy?'
18.8996 	EXP 	eyetracker.setRecordingState(False)
18.9143 	EXP 	text: height = np.float64(0.05)
18.9143 	EXP 	text: height = np.float64(0.05)
18.9143 	EXP 	text: height = np.float64(0.05)
18.9143 	EXP 	text: text = 'Which one are you going to buy?'
18.9157 	EXP 	eyetracker.setRecordingState(False)
18.9289 	EXP 	text: height = np.float64(0.05)
18.9289 	EXP 	text: height = np.float64(0.05)
18.9289 	EXP 	text: height = np.float64(0.05)
18.9289 	EXP 	text: text = 'Which one are you going to buy?'
18.9301 	EXP 	eyetracker.setRecordingState(False)
18.9458 	EXP 	text: height = np.float64(0.05)
18.9458 	EXP 	text: height = np.float64(0.05)
18.9458 	EXP 	text: height = np.float64(0.05)
18.9458 	EXP 	text: text = 'Which one are you going to buy?'
18.9475 	EXP 	eyetracker.setRecordingState(False)
18.9621 	EXP 	text: height = np.float64(0.05)
18.9621 	EXP 	text: height = np.float64(0.05)
18.9621 	EXP 	text: height = np.float64(0.05)
18.9621 	EXP 	text: text = 'Which one are you going to buy?'
18.9637 	EXP 	eyetracker.setRecordingState(False)
18.9798 	EXP 	text: height = np.float64(0.05)
18.9798 	EXP 	text: height = np.float64(0.05)
18.9798 	EXP 	text: height = np.float64(0.05)
18.9798 	EXP 	text: text = 'Which one are you going to buy?'
18.9814 	EXP 	eyetracker.setRecordingState(False)
18.9970 	EXP 	text: height = np.float64(0.05)
18.9970 	EXP 	text: height = np.float64(0.05)
18.9970 	EXP 	text: height = np.float64(0.05)
18.9970 	EXP 	text: text = 'Which one are you going to buy?'
18.9988 	EXP 	eyetracker.setRecordingState(False)
19.0140 	EXP 	text: height = np.float64(0.05)
19.0140 	EXP 	text: height = np.float64(0.05)
19.0140 	EXP 	text: height = np.float64(0.05)
19.0140 	EXP 	text: text = 'Which one are you going to buy?'
19.0154 	EXP 	eyetracker.setRecordingState(False)
19.0278 	EXP 	text: height = np.float64(0.05)
19.0278 	EXP 	text: height = np.float64(0.05)
19.0278 	EXP 	text: height = np.float64(0.05)
19.0278 	EXP 	text: text = 'Which one are you going to buy?'
19.0292 	EXP 	eyetracker.setRecordingState(False)
19.0396 	EXP 	text: height = np.float64(0.05)
19.0396 	EXP 	text: height = np.float64(0.05)
19.0396 	EXP 	text: height = np.float64(0.05)
19.0396 	EXP 	text: text = 'Which one are you going to buy?'
19.0405 	EXP 	eyetracker.setRecordingState(False)
19.0493 	EXP 	text: height = np.float64(0.05)
19.0493 	EXP 	text: height = np.float64(0.05)
19.0493 	EXP 	text: height = np.float64(0.05)
19.0493 	EXP 	text: text = 'Which one are you going to buy?'
19.0508 	EXP 	eyetracker.setRecordingState(False)
19.0586 	EXP 	text: height = np.float64(0.05)
19.0586 	EXP 	text: height = np.float64(0.05)
19.0586 	EXP 	text: height = np.float64(0.05)
19.0586 	EXP 	text: text = 'Which one are you going to buy?'
19.0592 	EXP 	eyetracker.setRecordingState(False)
19.0663 	EXP 	text: height = np.float64(0.05)
19.0663 	EXP 	text: height = np.float64(0.05)
19.0663 	EXP 	text: height = np.float64(0.05)
19.0663 	EXP 	text: text = 'Which one are you going to buy?'
19.0669 	EXP 	eyetracker.setRecordingState(False)
19.0738 	EXP 	text: height = np.float64(0.05)
19.0738 	EXP 	text: height = np.float64(0.05)
19.0738 	EXP 	text: height = np.float64(0.05)
19.0738 	EXP 	text: text = 'Which one are you going to buy?'
19.0743 	EXP 	eyetracker.setRecordingState(False)
19.0814 	EXP 	text: height = np.float64(0.05)
19.0814 	EXP 	text: height = np.float64(0.05)
19.0814 	EXP 	text: height = np.float64(0.05)
19.0814 	EXP 	text: text = 'Which one are you going to buy?'
19.0824 	EXP 	eyetracker.setRecordingState(False)
19.0908 	EXP 	text: height = np.float64(0.05)
19.0908 	EXP 	text: height = np.float64(0.05)
19.0908 	EXP 	text: height = np.float64(0.05)
19.0908 	EXP 	text: text = 'Which one are you going to buy?'
19.0919 	EXP 	eyetracker.setRecordingState(False)
19.0995 	EXP 	text: height = np.float64(0.05)
19.0995 	EXP 	text: height = np.float64(0.05)
19.0995 	EXP 	text: height = np.float64(0.05)
19.0995 	EXP 	text: text = 'Which one are you going to buy?'
19.1004 	EXP 	eyetracker.setRecordingState(False)
19.1075 	EXP 	text: height = np.float64(0.05)
19.1075 	EXP 	text: height = np.float64(0.05)
19.1075 	EXP 	text: height = np.float64(0.05)
19.1075 	EXP 	text: text = 'Which one are you going to buy?'
19.1083 	EXP 	eyetracker.setRecordingState(False)
19.1153 	EXP 	text: height = np.float64(0.05)
19.1153 	EXP 	text: height = np.float64(0.05)
19.1153 	EXP 	text: height = np.float64(0.05)
19.1153 	EXP 	text: text = 'Which one are you going to buy?'
19.1161 	EXP 	eyetracker.setRecordingState(False)
19.1231 	EXP 	text: height = np.float64(0.05)
19.1231 	EXP 	text: height = np.float64(0.05)
19.1231 	EXP 	text: height = np.float64(0.05)
19.1231 	EXP 	text: text = 'Which one are you going to buy?'
19.1237 	EXP 	eyetracker.setRecordingState(False)
19.1308 	EXP 	text: height = np.float64(0.05)
19.1308 	EXP 	text: height = np.float64(0.05)
19.1308 	EXP 	text: height = np.float64(0.05)
19.1308 	EXP 	text: text = 'Which one are you going to buy?'
19.1316 	EXP 	eyetracker.setRecordingState(False)
19.1384 	EXP 	text: height = np.float64(0.05)
19.1384 	EXP 	text: height = np.float64(0.05)
19.1384 	EXP 	text: height = np.float64(0.05)
19.1384 	EXP 	text: text = 'Which one are you going to buy?'
19.1391 	EXP 	eyetracker.setRecordingState(False)
19.1460 	EXP 	text: height = np.float64(0.05)
19.1460 	EXP 	text: height = np.float64(0.05)
19.1460 	EXP 	text: height = np.float64(0.05)
19.1460 	EXP 	text: text = 'Which one are you going to buy?'
19.1468 	EXP 	eyetracker.setRecordingState(False)
19.1536 	EXP 	text: height = np.float64(0.05)
19.1536 	EXP 	text: height = np.float64(0.05)
19.1536 	EXP 	text: height = np.float64(0.05)
19.1536 	EXP 	text: text = 'Which one are you going to buy?'
19.1546 	EXP 	eyetracker.setRecordingState(False)
19.1617 	EXP 	text: height = np.float64(0.05)
19.1617 	EXP 	text: height = np.float64(0.05)
19.1617 	EXP 	text: height = np.float64(0.05)
19.1617 	EXP 	text: text = 'Which one are you going to buy?'
19.1625 	EXP 	eyetracker.setRecordingState(False)
19.1693 	EXP 	text: height = np.float64(0.05)
19.1693 	EXP 	text: height = np.float64(0.05)
19.1693 	EXP 	text: height = np.float64(0.05)
19.1693 	EXP 	text: text = 'Which one are you going to buy?'
19.1699 	EXP 	eyetracker.setRecordingState(False)
19.1767 	EXP 	text: height = np.float64(0.05)
19.1767 	EXP 	text: height = np.float64(0.05)
19.1767 	EXP 	text: height = np.float64(0.05)
19.1767 	EXP 	text: text = 'Which one are you going to buy?'
19.1775 	EXP 	eyetracker.setRecordingState(False)
19.1845 	EXP 	text: height = np.float64(0.05)
19.1845 	EXP 	text: height = np.float64(0.05)
19.1845 	EXP 	text: height = np.float64(0.05)
19.1845 	EXP 	text: text = 'Which one are you going to buy?'
19.1852 	EXP 	eyetracker.setRecordingState(False)
19.1924 	EXP 	text: height = np.float64(0.05)
19.1924 	EXP 	text: height = np.float64(0.05)
19.1924 	EXP 	text: height = np.float64(0.05)
19.1924 	EXP 	text: text = 'Which one are you going to buy?'
19.1932 	EXP 	eyetracker.setRecordingState(False)
19.2003 	EXP 	text: height = np.float64(0.05)
19.2003 	EXP 	text: height = np.float64(0.05)
19.2003 	EXP 	text: height = np.float64(0.05)
19.2003 	EXP 	text: text = 'Which one are you going to buy?'
19.2010 	EXP 	eyetracker.setRecordingState(False)
19.2079 	EXP 	text: height = np.float64(0.05)
19.2079 	EXP 	text: height = np.float64(0.05)
19.2079 	EXP 	text: height = np.float64(0.05)
19.2079 	EXP 	text: text = 'Which one are you going to buy?'
19.2087 	EXP 	eyetracker.setRecordingState(False)
19.2154 	EXP 	text: height = np.float64(0.05)
19.2154 	EXP 	text: height = np.float64(0.05)
19.2154 	EXP 	text: height = np.float64(0.05)
19.2154 	EXP 	text: text = 'Which one are you going to buy?'
19.2162 	EXP 	eyetracker.setRecordingState(False)
19.2231 	EXP 	text: height = np.float64(0.05)
19.2231 	EXP 	text: height = np.float64(0.05)
19.2231 	EXP 	text: height = np.float64(0.05)
19.2231 	EXP 	text: text = 'Which one are you going to buy?'
19.2239 	EXP 	eyetracker.setRecordingState(False)
19.2311 	EXP 	text: height = np.float64(0.05)
19.2311 	EXP 	text: height = np.float64(0.05)
19.2311 	EXP 	text: height = np.float64(0.05)
19.2311 	EXP 	text: text = 'Which one are you going to buy?'
19.2321 	EXP 	eyetracker.setRecordingState(False)
19.2390 	EXP 	text: height = np.float64(0.05)
19.2390 	EXP 	text: height = np.float64(0.05)
19.2390 	EXP 	text: height = np.float64(0.05)
19.2390 	EXP 	text: text = 'Which one are you going to buy?'
19.2398 	EXP 	eyetracker.setRecordingState(False)
19.2467 	EXP 	text: height = np.float64(0.05)
19.2467 	EXP 	text: height = np.float64(0.05)
19.2467 	EXP 	text: height = np.float64(0.05)
19.2467 	EXP 	text: text = 'Which one are you going to buy?'
19.2473 	EXP 	eyetracker.setRecordingState(False)
19.2543 	EXP 	text: height = np.float64(0.05)
19.2543 	EXP 	text: height = np.float64(0.05)
19.2543 	EXP 	text: height = np.float64(0.05)
19.2543 	EXP 	text: text = 'Which one are you going to buy?'
19.2551 	EXP 	eyetracker.setRecordingState(False)
19.2621 	EXP 	text: height = np.float64(0.05)
19.2621 	EXP 	text: height = np.float64(0.05)
19.2621 	EXP 	text: height = np.float64(0.05)
19.2621 	EXP 	text: text = 'Which one are you going to buy?'
19.2626 	EXP 	eyetracker.setRecordingState(False)
19.2700 	EXP 	text: height = np.float64(0.05)
19.2700 	EXP 	text: height = np.float64(0.05)
19.2700 	EXP 	text: height = np.float64(0.05)
19.2700 	EXP 	text: text = 'Which one are you going to buy?'
19.2707 	EXP 	eyetracker.setRecordingState(False)
19.2779 	EXP 	text: height = np.float64(0.05)
19.2779 	EXP 	text: height = np.float64(0.05)
19.2779 	EXP 	text: height = np.float64(0.05)
19.2779 	EXP 	text: text = 'Which one are you going to buy?'
19.2786 	EXP 	eyetracker.setRecordingState(False)
19.2859 	EXP 	text: height = np.float64(0.05)
19.2859 	EXP 	text: height = np.float64(0.05)
19.2859 	EXP 	text: height = np.float64(0.05)
19.2859 	EXP 	text: text = 'Which one are you going to buy?'
19.2868 	EXP 	eyetracker.setRecordingState(False)
19.2936 	EXP 	text: height = np.float64(0.05)
19.2936 	EXP 	text: height = np.float64(0.05)
19.2936 	EXP 	text: height = np.float64(0.05)
19.2936 	EXP 	text: text = 'Which one are you going to buy?'
19.2941 	EXP 	eyetracker.setRecordingState(False)
19.3010 	EXP 	text: height = np.float64(0.05)
19.3010 	EXP 	text: height = np.float64(0.05)
19.3010 	EXP 	text: height = np.float64(0.05)
19.3010 	EXP 	text: text = 'Which one are you going to buy?'
19.3018 	EXP 	eyetracker.setRecordingState(False)
19.3088 	EXP 	text: height = np.float64(0.05)
19.3088 	EXP 	text: height = np.float64(0.05)
19.3088 	EXP 	text: height = np.float64(0.05)
19.3088 	EXP 	text: text = 'Which one are you going to buy?'
19.3094 	EXP 	eyetracker.setRecordingState(False)
19.3168 	EXP 	text: height = np.float64(0.05)
19.3168 	EXP 	text: height = np.float64(0.05)
19.3168 	EXP 	text: height = np.float64(0.05)
19.3168 	EXP 	text: text = 'Which one are you going to buy?'
19.3176 	EXP 	eyetracker.setRecordingState(False)
19.3246 	EXP 	text: height = np.float64(0.05)
19.3246 	EXP 	text: height = np.float64(0.05)
19.3246 	EXP 	text: height = np.float64(0.05)
19.3246 	EXP 	text: text = 'Which one are you going to buy?'
19.3252 	EXP 	eyetracker.setRecordingState(False)
19.3325 	EXP 	text: height = np.float64(0.05)
19.3325 	EXP 	text: height = np.float64(0.05)
19.3325 	EXP 	text: height = np.float64(0.05)
19.3325 	EXP 	text: text = 'Which one are you going to buy?'
19.3333 	EXP 	eyetracker.setRecordingState(False)
19.3405 	EXP 	text: height = np.float64(0.05)
19.3405 	EXP 	text: height = np.float64(0.05)
19.3405 	EXP 	text: height = np.float64(0.05)
19.3405 	EXP 	text: text = 'Which one are you going to buy?'
19.3411 	EXP 	eyetracker.setRecordingState(False)
19.3479 	EXP 	text: height = np.float64(0.05)
19.3479 	EXP 	text: height = np.float64(0.05)
19.3479 	EXP 	text: height = np.float64(0.05)
19.3479 	EXP 	text: text = 'Which one are you going to buy?'
19.3488 	EXP 	eyetracker.setRecordingState(False)
19.3558 	EXP 	text: height = np.float64(0.05)
19.3558 	EXP 	text: height = np.float64(0.05)
19.3558 	EXP 	text: height = np.float64(0.05)
19.3558 	EXP 	text: text = 'Which one are you going to buy?'
19.3564 	EXP 	eyetracker.setRecordingState(False)
19.3631 	EXP 	text: height = np.float64(0.05)
19.3631 	EXP 	text: height = np.float64(0.05)
19.3631 	EXP 	text: height = np.float64(0.05)
19.3631 	EXP 	text: text = 'Which one are you going to buy?'
19.3639 	EXP 	eyetracker.setRecordingState(False)
19.3707 	EXP 	text: height = np.float64(0.05)
19.3707 	EXP 	text: height = np.float64(0.05)
19.3707 	EXP 	text: height = np.float64(0.05)
19.3707 	EXP 	text: text = 'Which one are you going to buy?'
19.3713 	EXP 	eyetracker.setRecordingState(False)
19.3787 	EXP 	text: height = np.float64(0.05)
19.3787 	EXP 	text: height = np.float64(0.05)
19.3787 	EXP 	text: height = np.float64(0.05)
19.3787 	EXP 	text: text = 'Which one are you going to buy?'
19.3795 	EXP 	eyetracker.setRecordingState(False)
19.3863 	EXP 	text: height = np.float64(0.05)
19.3863 	EXP 	text: height = np.float64(0.05)
19.3863 	EXP 	text: height = np.float64(0.05)
19.3863 	EXP 	text: text = 'Which one are you going to buy?'
19.3870 	EXP 	eyetracker.setRecordingState(False)
19.3940 	EXP 	text: height = np.float64(0.05)
19.3940 	EXP 	text: height = np.float64(0.05)
19.3940 	EXP 	text: height = np.float64(0.05)
19.3940 	EXP 	text: text = 'Which one are you going to buy?'
19.3949 	EXP 	eyetracker.setRecordingState(False)
19.4019 	EXP 	text: height = np.float64(0.05)
19.4019 	EXP 	text: height = np.float64(0.05)
19.4019 	EXP 	text: height = np.float64(0.05)
19.4019 	EXP 	text: text = 'Which one are you going to buy?'
19.4024 	EXP 	eyetracker.setRecordingState(False)
19.4107 	EXP 	text: height = np.float64(0.05)
19.4107 	EXP 	text: height = np.float64(0.05)
19.4107 	EXP 	text: height = np.float64(0.05)
19.4107 	EXP 	text: text = 'Which one are you going to buy?'
19.4117 	EXP 	eyetracker.setRecordingState(False)
19.4191 	EXP 	text: height = np.float64(0.05)
19.4191 	EXP 	text: height = np.float64(0.05)
19.4191 	EXP 	text: height = np.float64(0.05)
19.4191 	EXP 	text: text = 'Which one are you going to buy?'
19.4198 	EXP 	eyetracker.setRecordingState(False)
19.4270 	EXP 	text: height = np.float64(0.05)
19.4270 	EXP 	text: height = np.float64(0.05)
19.4270 	EXP 	text: height = np.float64(0.05)
19.4270 	EXP 	text: text = 'Which one are you going to buy?'
19.4278 	EXP 	eyetracker.setRecordingState(False)
19.4368 	EXP 	text: height = np.float64(0.05)
19.4368 	EXP 	text: height = np.float64(0.05)
19.4368 	EXP 	text: height = np.float64(0.05)
19.4368 	EXP 	text: text = 'Which one are you going to buy?'
19.4377 	EXP 	eyetracker.setRecordingState(False)
19.4464 	EXP 	text: height = np.float64(0.05)
19.4464 	EXP 	text: height = np.float64(0.05)
19.4464 	EXP 	text: height = np.float64(0.05)
19.4464 	EXP 	text: text = 'Which one are you going to buy?'
19.4472 	EXP 	eyetracker.setRecordingState(False)
19.4553 	EXP 	text: height = np.float64(0.05)
19.4553 	EXP 	text: height = np.float64(0.05)
19.4553 	EXP 	text: height = np.float64(0.05)
19.4553 	EXP 	text: text = 'Which one are you going to buy?'
19.4561 	EXP 	eyetracker.setRecordingState(False)
19.4656 	EXP 	text: height = np.float64(0.05)
19.4656 	EXP 	text: height = np.float64(0.05)
19.4656 	EXP 	text: height = np.float64(0.05)
19.4656 	EXP 	text: text = 'Which one are you going to buy?'
19.4666 	EXP 	eyetracker.setRecordingState(False)
19.4773 	EXP 	text: height = np.float64(0.05)
19.4773 	EXP 	text: height = np.float64(0.05)
19.4773 	EXP 	text: height = np.float64(0.05)
19.4773 	EXP 	text: text = 'Which one are you going to buy?'
19.4788 	EXP 	eyetracker.setRecordingState(False)
19.4909 	EXP 	text: height = np.float64(0.05)
19.4909 	EXP 	text: height = np.float64(0.05)
19.4909 	EXP 	text: height = np.float64(0.05)
19.4909 	EXP 	text: text = 'Which one are you going to buy?'
19.4926 	EXP 	eyetracker.setRecordingState(False)
19.5081 	EXP 	text: height = np.float64(0.05)
19.5081 	EXP 	text: height = np.float64(0.05)
19.5081 	EXP 	text: height = np.float64(0.05)
19.5081 	EXP 	text: text = 'Which one are you going to buy?'
19.5101 	EXP 	eyetracker.setRecordingState(False)
19.5263 	EXP 	text: height = np.float64(0.05)
19.5263 	EXP 	text: height = np.float64(0.05)
19.5263 	EXP 	text: height = np.float64(0.05)
19.5263 	EXP 	text: text = 'Which one are you going to buy?'
19.5281 	EXP 	eyetracker.setRecordingState(False)
19.5430 	EXP 	text: height = np.float64(0.05)
19.5430 	EXP 	text: height = np.float64(0.05)
19.5430 	EXP 	text: height = np.float64(0.05)
19.5430 	EXP 	text: text = 'Which one are you going to buy?'
19.5442 	EXP 	eyetracker.setRecordingState(False)
19.5568 	EXP 	text: height = np.float64(0.05)
19.5568 	EXP 	text: height = np.float64(0.05)
19.5568 	EXP 	text: height = np.float64(0.05)
19.5568 	EXP 	text: text = 'Which one are you going to buy?'
19.5586 	EXP 	eyetracker.setRecordingState(False)
19.5728 	EXP 	text: height = np.float64(0.05)
19.5728 	EXP 	text: height = np.float64(0.05)
19.5728 	EXP 	text: height = np.float64(0.05)
19.5728 	EXP 	text: text = 'Which one are you going to buy?'
19.5739 	EXP 	eyetracker.setRecordingState(False)
19.5864 	EXP 	text: height = np.float64(0.05)
19.5864 	EXP 	text: height = np.float64(0.05)
19.5864 	EXP 	text: height = np.float64(0.05)
19.5864 	EXP 	text: text = 'Which one are you going to buy?'
19.5881 	EXP 	eyetracker.setRecordingState(False)
19.6021 	EXP 	text: height = np.float64(0.05)
19.6021 	EXP 	text: height = np.float64(0.05)
19.6021 	EXP 	text: height = np.float64(0.05)
19.6021 	EXP 	text: text = 'Which one are you going to buy?'
19.6035 	EXP 	eyetracker.setRecordingState(False)
19.6158 	EXP 	text: height = np.float64(0.05)
19.6158 	EXP 	text: height = np.float64(0.05)
19.6158 	EXP 	text: height = np.float64(0.05)
19.6158 	EXP 	text: text = 'Which one are you going to buy?'
19.6168 	EXP 	eyetracker.setRecordingState(False)
19.6275 	EXP 	text: height = np.float64(0.05)
19.6275 	EXP 	text: height = np.float64(0.05)
19.6275 	EXP 	text: height = np.float64(0.05)
19.6275 	EXP 	text: text = 'Which one are you going to buy?'
19.6284 	EXP 	eyetracker.setRecordingState(False)
19.6388 	EXP 	text: height = np.float64(0.05)
19.6388 	EXP 	text: height = np.float64(0.05)
19.6388 	EXP 	text: height = np.float64(0.05)
19.6388 	EXP 	text: text = 'Which one are you going to buy?'
19.6401 	EXP 	eyetracker.setRecordingState(False)
19.6542 	EXP 	text: height = np.float64(0.05)
19.6542 	EXP 	text: height = np.float64(0.05)
19.6542 	EXP 	text: height = np.float64(0.05)
19.6542 	EXP 	text: text = 'Which one are you going to buy?'
19.6562 	EXP 	eyetracker.setRecordingState(False)
19.6710 	EXP 	text: height = np.float64(0.05)
19.6710 	EXP 	text: height = np.float64(0.05)
19.6710 	EXP 	text: height = np.float64(0.05)
19.6710 	EXP 	text: text = 'Which one are you going to buy?'
19.6721 	EXP 	eyetracker.setRecordingState(False)
19.6828 	EXP 	text: height = np.float64(0.05)
19.6828 	EXP 	text: height = np.float64(0.05)
19.6828 	EXP 	text: height = np.float64(0.05)
19.6828 	EXP 	text: text = 'Which one are you going to buy?'
19.6840 	EXP 	eyetracker.setRecordingState(False)
19.6951 	EXP 	text: height = np.float64(0.05)
19.6951 	EXP 	text: height = np.float64(0.05)
19.6951 	EXP 	text: height = np.float64(0.05)
19.6951 	EXP 	text: text = 'Which one are you going to buy?'
19.6961 	EXP 	eyetracker.setRecordingState(False)
19.7073 	EXP 	text: height = np.float64(0.05)
19.7073 	EXP 	text: height = np.float64(0.05)
19.7073 	EXP 	text: height = np.float64(0.05)
19.7073 	EXP 	text: text = 'Which one are you going to buy?'
19.7088 	EXP 	eyetracker.setRecordingState(False)
19.7224 	EXP 	text: height = np.float64(0.05)
19.7224 	EXP 	text: height = np.float64(0.05)
19.7224 	EXP 	text: height = np.float64(0.05)
19.7224 	EXP 	text: text = 'Which one are you going to buy?'
19.7236 	EXP 	eyetracker.setRecordingState(False)
19.7369 	EXP 	text: height = np.float64(0.05)
19.7369 	EXP 	text: height = np.float64(0.05)
19.7369 	EXP 	text: height = np.float64(0.05)
19.7369 	EXP 	text: text = 'Which one are you going to buy?'
19.7385 	EXP 	eyetracker.setRecordingState(False)
19.7533 	EXP 	text: height = np.float64(0.05)
19.7533 	EXP 	text: height = np.float64(0.05)
19.7533 	EXP 	text: height = np.float64(0.05)
19.7533 	EXP 	text: text = 'Which one are you going to buy?'
19.7545 	EXP 	eyetracker.setRecordingState(False)
19.7697 	EXP 	text: height = np.float64(0.05)
19.7697 	EXP 	text: height = np.float64(0.05)
19.7697 	EXP 	text: height = np.float64(0.05)
19.7697 	EXP 	text: text = 'Which one are you going to buy?'
19.7715 	EXP 	eyetracker.setRecordingState(False)
19.7876 	EXP 	text: height = np.float64(0.05)
19.7876 	EXP 	text: height = np.float64(0.05)
19.7876 	EXP 	text: height = np.float64(0.05)
19.7876 	EXP 	text: text = 'Which one are you going to buy?'
19.7894 	EXP 	eyetracker.setRecordingState(False)
19.8071 	EXP 	text: height = np.float64(0.05)
19.8071 	EXP 	text: height = np.float64(0.05)
19.8071 	EXP 	text: height = np.float64(0.05)
19.8071 	EXP 	text: text = 'Which one are you going to buy?'
19.8090 	EXP 	eyetracker.setRecordingState(False)
19.8265 	EXP 	text: height = np.float64(0.05)
19.8265 	EXP 	text: height = np.float64(0.05)
19.8265 	EXP 	text: height = np.float64(0.05)
19.8265 	EXP 	text: text = 'Which one are you going to buy?'
19.8283 	EXP 	eyetracker.setRecordingState(False)
19.8443 	EXP 	text: height = np.float64(0.05)
19.8443 	EXP 	text: height = np.float64(0.05)
19.8443 	EXP 	text: height = np.float64(0.05)
19.8443 	EXP 	text: text = 'Which one are you going to buy?'
19.8460 	EXP 	eyetracker.setRecordingState(False)
19.8616 	EXP 	text: height = np.float64(0.05)
19.8616 	EXP 	text: height = np.float64(0.05)
19.8616 	EXP 	text: height = np.float64(0.05)
19.8616 	EXP 	text: text = 'Which one are you going to buy?'
19.8630 	EXP 	eyetracker.setRecordingState(False)
19.8773 	EXP 	text: height = np.float64(0.05)
19.8773 	EXP 	text: height = np.float64(0.05)
19.8773 	EXP 	text: height = np.float64(0.05)
19.8773 	EXP 	text: text = 'Which one are you going to buy?'
19.8791 	EXP 	eyetracker.setRecordingState(False)
19.8935 	EXP 	text: height = np.float64(0.05)
19.8935 	EXP 	text: height = np.float64(0.05)
19.8935 	EXP 	text: height = np.float64(0.05)
19.8935 	EXP 	text: text = 'Which one are you going to buy?'
19.8950 	EXP 	eyetracker.setRecordingState(False)
19.9114 	EXP 	text: height = np.float64(0.05)
19.9114 	EXP 	text: height = np.float64(0.05)
19.9114 	EXP 	text: height = np.float64(0.05)
19.9114 	EXP 	text: text = 'Which one are you going to buy?'
19.9134 	EXP 	eyetracker.setRecordingState(False)
19.9295 	EXP 	text: height = np.float64(0.05)
19.9295 	EXP 	text: height = np.float64(0.05)
19.9295 	EXP 	text: height = np.float64(0.05)
19.9295 	EXP 	text: text = 'Which one are you going to buy?'
19.9314 	EXP 	eyetracker.setRecordingState(False)
19.9455 	EXP 	text: height = np.float64(0.05)
19.9455 	EXP 	text: height = np.float64(0.05)
19.9455 	EXP 	text: height = np.float64(0.05)
19.9455 	EXP 	text: text = 'Which one are you going to buy?'
19.9472 	EXP 	eyetracker.setRecordingState(False)
19.9623 	EXP 	text: height = np.float64(0.05)
19.9623 	EXP 	text: height = np.float64(0.05)
19.9623 	EXP 	text: height = np.float64(0.05)
19.9623 	EXP 	text: text = 'Which one are you going to buy?'
19.9636 	EXP 	eyetracker.setRecordingState(False)
19.9774 	EXP 	text: height = np.float64(0.05)
19.9774 	EXP 	text: height = np.float64(0.05)
19.9774 	EXP 	text: height = np.float64(0.05)
19.9774 	EXP 	text: text = 'Which one are you going to buy?'
19.9789 	EXP 	eyetracker.setRecordingState(False)
19.9929 	EXP 	text: height = np.float64(0.05)
19.9929 	EXP 	text: height = np.float64(0.05)
19.9929 	EXP 	text: height = np.float64(0.05)
19.9929 	EXP 	text: text = 'Which one are you going to buy?'
19.9947 	EXP 	eyetracker.setRecordingState(False)
20.0109 	EXP 	text: height = np.float64(0.05)
20.0109 	EXP 	text: height = np.float64(0.05)
20.0109 	EXP 	text: height = np.float64(0.05)
20.0109 	EXP 	text: text = 'Which one are you going to buy?'
20.0130 	EXP 	eyetracker.setRecordingState(False)
20.0277 	EXP 	text: height = np.float64(0.05)
20.0277 	EXP 	text: height = np.float64(0.05)
20.0277 	EXP 	text: height = np.float64(0.05)
20.0277 	EXP 	text: text = 'Which one are you going to buy?'
20.0291 	EXP 	eyetracker.setRecordingState(False)
20.0422 	EXP 	text: height = np.float64(0.05)
20.0422 	EXP 	text: height = np.float64(0.05)
20.0422 	EXP 	text: height = np.float64(0.05)
20.0422 	EXP 	text: text = 'Which one are you going to buy?'
20.0440 	EXP 	eyetracker.setRecordingState(False)
20.0585 	EXP 	text: height = np.float64(0.05)
20.0585 	EXP 	text: height = np.float64(0.05)
20.0585 	EXP 	text: height = np.float64(0.05)
20.0585 	EXP 	text: text = 'Which one are you going to buy?'
20.0597 	EXP 	eyetracker.setRecordingState(False)
20.0748 	EXP 	text: height = np.float64(0.05)
20.0748 	EXP 	text: height = np.float64(0.05)
20.0748 	EXP 	text: height = np.float64(0.05)
20.0748 	EXP 	text: text = 'Which one are you going to buy?'
20.0766 	EXP 	eyetracker.setRecordingState(False)
20.0925 	EXP 	text: height = np.float64(0.05)
20.0925 	EXP 	text: height = np.float64(0.05)
20.0925 	EXP 	text: height = np.float64(0.05)
20.0925 	EXP 	text: text = 'Which one are you going to buy?'
20.0941 	EXP 	eyetracker.setRecordingState(False)
20.1099 	EXP 	text: height = np.float64(0.05)
20.1099 	EXP 	text: height = np.float64(0.05)
20.1099 	EXP 	text: height = np.float64(0.05)
20.1099 	EXP 	text: text = 'Which one are you going to buy?'
20.1117 	EXP 	eyetracker.setRecordingState(False)
20.1256 	EXP 	text: height = np.float64(0.05)
20.1256 	EXP 	text: height = np.float64(0.05)
20.1256 	EXP 	text: height = np.float64(0.05)
20.1256 	EXP 	text: text = 'Which one are you going to buy?'
20.1271 	EXP 	eyetracker.setRecordingState(False)
20.1404 	EXP 	text: height = np.float64(0.05)
20.1404 	EXP 	text: height = np.float64(0.05)
20.1404 	EXP 	text: height = np.float64(0.05)
20.1404 	EXP 	text: text = 'Which one are you going to buy?'
20.1416 	EXP 	eyetracker.setRecordingState(False)
20.1533 	EXP 	text: height = np.float64(0.05)
20.1533 	EXP 	text: height = np.float64(0.05)
20.1533 	EXP 	text: height = np.float64(0.05)
20.1533 	EXP 	text: text = 'Which one are you going to buy?'
20.1545 	EXP 	eyetracker.setRecordingState(False)
20.1673 	EXP 	text: height = np.float64(0.05)
20.1673 	EXP 	text: height = np.float64(0.05)
20.1673 	EXP 	text: height = np.float64(0.05)
20.1673 	EXP 	text: text = 'Which one are you going to buy?'
20.1685 	EXP 	eyetracker.setRecordingState(False)
20.1806 	EXP 	text: height = np.float64(0.05)
20.1806 	EXP 	text: height = np.float64(0.05)
20.1806 	EXP 	text: height = np.float64(0.05)
20.1806 	EXP 	text: text = 'Which one are you going to buy?'
20.1817 	EXP 	eyetracker.setRecordingState(False)
20.1972 	EXP 	text: height = np.float64(0.05)
20.1972 	EXP 	text: height = np.float64(0.05)
20.1972 	EXP 	text: height = np.float64(0.05)
20.1972 	EXP 	text: text = 'Which one are you going to buy?'
20.1994 	EXP 	eyetracker.setRecordingState(False)
20.2179 	EXP 	text: height = np.float64(0.05)
20.2179 	EXP 	text: height = np.float64(0.05)
20.2179 	EXP 	text: height = np.float64(0.05)
20.2179 	EXP 	text: text = 'Which one are you going to buy?'
20.2194 	EXP 	eyetracker.setRecordingState(False)
20.2348 	EXP 	text: height = np.float64(0.05)
20.2348 	EXP 	text: height = np.float64(0.05)
20.2348 	EXP 	text: height = np.float64(0.05)
20.2348 	EXP 	text: text = 'Which one are you going to buy?'
20.2364 	EXP 	eyetracker.setRecordingState(False)
20.2499 	EXP 	text: height = np.float64(0.05)
20.2499 	EXP 	text: height = np.float64(0.05)
20.2499 	EXP 	text: height = np.float64(0.05)
20.2499 	EXP 	text: text = 'Which one are you going to buy?'
20.2513 	EXP 	eyetracker.setRecordingState(False)
20.2655 	EXP 	text: height = np.float64(0.05)
20.2655 	EXP 	text: height = np.float64(0.05)
20.2655 	EXP 	text: height = np.float64(0.05)
20.2655 	EXP 	text: text = 'Which one are you going to buy?'
20.2667 	EXP 	eyetracker.setRecordingState(False)
20.2820 	EXP 	text: height = np.float64(0.05)
20.2820 	EXP 	text: height = np.float64(0.05)
20.2820 	EXP 	text: height = np.float64(0.05)
20.2820 	EXP 	text: text = 'Which one are you going to buy?'
20.2839 	EXP 	eyetracker.setRecordingState(False)
20.2967 	EXP 	text: height = np.float64(0.05)
20.2967 	EXP 	text: height = np.float64(0.05)
20.2967 	EXP 	text: height = np.float64(0.05)
20.2967 	EXP 	text: text = 'Which one are you going to buy?'
20.2978 	EXP 	eyetracker.setRecordingState(False)
20.3079 	EXP 	text: height = np.float64(0.05)
20.3079 	EXP 	text: height = np.float64(0.05)
20.3079 	EXP 	text: height = np.float64(0.05)
20.3079 	EXP 	text: text = 'Which one are you going to buy?'
20.3088 	EXP 	eyetracker.setRecordingState(False)
20.3188 	EXP 	text: height = np.float64(0.05)
20.3188 	EXP 	text: height = np.float64(0.05)
20.3188 	EXP 	text: height = np.float64(0.05)
20.3188 	EXP 	text: text = 'Which one are you going to buy?'
20.3197 	EXP 	eyetracker.setRecordingState(False)
20.3297 	EXP 	text: height = np.float64(0.05)
20.3297 	EXP 	text: height = np.float64(0.05)
20.3297 	EXP 	text: height = np.float64(0.05)
20.3297 	EXP 	text: text = 'Which one are you going to buy?'
20.3316 	EXP 	eyetracker.setRecordingState(False)
20.3453 	EXP 	text: height = np.float64(0.05)
20.3453 	EXP 	text: height = np.float64(0.05)
20.3453 	EXP 	text: height = np.float64(0.05)
20.3453 	EXP 	text: text = 'Which one are you going to buy?'
20.3470 	EXP 	eyetracker.setRecordingState(False)
20.3622 	EXP 	text: height = np.float64(0.05)
20.3622 	EXP 	text: height = np.float64(0.05)
20.3622 	EXP 	text: height = np.float64(0.05)
20.3622 	EXP 	text: text = 'Which one are you going to buy?'
20.3637 	EXP 	eyetracker.setRecordingState(False)
20.3770 	EXP 	text: height = np.float64(0.05)
20.3770 	EXP 	text: height = np.float64(0.05)
20.3770 	EXP 	text: height = np.float64(0.05)
20.3770 	EXP 	text: text = 'Which one are you going to buy?'
20.3787 	EXP 	eyetracker.setRecordingState(False)
20.3941 	EXP 	text: height = np.float64(0.05)
20.3941 	EXP 	text: height = np.float64(0.05)
20.3941 	EXP 	text: height = np.float64(0.05)
20.3941 	EXP 	text: text = 'Which one are you going to buy?'
20.3956 	EXP 	eyetracker.setRecordingState(False)
20.4092 	EXP 	text: height = np.float64(0.05)
20.4092 	EXP 	text: height = np.float64(0.05)
20.4092 	EXP 	text: height = np.float64(0.05)
20.4092 	EXP 	text: text = 'Which one are you going to buy?'
20.4105 	EXP 	eyetracker.setRecordingState(False)
20.4210 	EXP 	text: height = np.float64(0.05)
20.4210 	EXP 	text: height = np.float64(0.05)
20.4210 	EXP 	text: height = np.float64(0.05)
20.4210 	EXP 	text: text = 'Which one are you going to buy?'
20.4223 	EXP 	eyetracker.setRecordingState(False)
20.4363 	EXP 	text: height = np.float64(0.05)
20.4363 	EXP 	text: height = np.float64(0.05)
20.4363 	EXP 	text: height = np.float64(0.05)
20.4363 	EXP 	text: text = 'Which one are you going to buy?'
20.4381 	EXP 	eyetracker.setRecordingState(False)
20.4582 	EXP 	text: height = np.float64(0.05)
20.4582 	EXP 	text: height = np.float64(0.05)
20.4582 	EXP 	text: height = np.float64(0.05)
20.4582 	EXP 	text: text = 'Which one are you going to buy?'
20.4599 	EXP 	eyetracker.setRecordingState(False)
20.4763 	EXP 	text: height = np.float64(0.05)
20.4763 	EXP 	text: height = np.float64(0.05)
20.4763 	EXP 	text: height = np.float64(0.05)
20.4763 	EXP 	text: text = 'Which one are you going to buy?'
20.4784 	EXP 	eyetracker.setRecordingState(False)
20.4968 	EXP 	text: height = np.float64(0.05)
20.4968 	EXP 	text: height = np.float64(0.05)
20.4968 	EXP 	text: height = np.float64(0.05)
20.4968 	EXP 	text: text = 'Which one are you going to buy?'
20.4983 	EXP 	eyetracker.setRecordingState(False)
20.5142 	EXP 	text: height = np.float64(0.05)
20.5142 	EXP 	text: height = np.float64(0.05)
20.5142 	EXP 	text: height = np.float64(0.05)
20.5142 	EXP 	text: text = 'Which one are you going to buy?'
20.5160 	EXP 	eyetracker.setRecordingState(False)
20.5316 	EXP 	text: height = np.float64(0.05)
20.5316 	EXP 	text: height = np.float64(0.05)
20.5316 	EXP 	text: height = np.float64(0.05)
20.5316 	EXP 	text: text = 'Which one are you going to buy?'
20.5334 	EXP 	eyetracker.setRecordingState(False)
20.5507 	EXP 	text: height = np.float64(0.05)
20.5507 	EXP 	text: height = np.float64(0.05)
20.5507 	EXP 	text: height = np.float64(0.05)
20.5507 	EXP 	text: text = 'Which one are you going to buy?'
20.5522 	EXP 	eyetracker.setRecordingState(False)
20.5663 	EXP 	text: height = np.float64(0.05)
20.5663 	EXP 	text: height = np.float64(0.05)
20.5663 	EXP 	text: height = np.float64(0.05)
20.5663 	EXP 	text: text = 'Which one are you going to buy?'
20.5683 	EXP 	eyetracker.setRecordingState(False)
20.5819 	EXP 	text: height = np.float64(0.05)
20.5819 	EXP 	text: height = np.float64(0.05)
20.5819 	EXP 	text: height = np.float64(0.05)
20.5819 	EXP 	text: text = 'Which one are you going to buy?'
20.5831 	EXP 	eyetracker.setRecordingState(False)
20.5935 	EXP 	text: height = np.float64(0.05)
20.5935 	EXP 	text: height = np.float64(0.05)
20.5935 	EXP 	text: height = np.float64(0.05)
20.5935 	EXP 	text: text = 'Which one are you going to buy?'
20.5944 	EXP 	eyetracker.setRecordingState(False)
20.6073 	EXP 	text: height = np.float64(0.05)
20.6073 	EXP 	text: height = np.float64(0.05)
20.6073 	EXP 	text: height = np.float64(0.05)
20.6073 	EXP 	text: text = 'Which one are you going to buy?'
20.6089 	EXP 	eyetracker.setRecordingState(False)
20.6271 	EXP 	text: height = np.float64(0.05)
20.6271 	EXP 	text: height = np.float64(0.05)
20.6271 	EXP 	text: height = np.float64(0.05)
20.6271 	EXP 	text: text = 'Which one are you going to buy?'
20.6288 	EXP 	eyetracker.setRecordingState(False)
20.6436 	EXP 	text: height = np.float64(0.05)
20.6436 	EXP 	text: height = np.float64(0.05)
20.6436 	EXP 	text: height = np.float64(0.05)
20.6436 	EXP 	text: text = 'Which one are you going to buy?'
20.6454 	EXP 	eyetracker.setRecordingState(False)
20.6604 	EXP 	text: height = np.float64(0.05)
20.6604 	EXP 	text: height = np.float64(0.05)
20.6604 	EXP 	text: height = np.float64(0.05)
20.6604 	EXP 	text: text = 'Which one are you going to buy?'
20.6624 	EXP 	eyetracker.setRecordingState(False)
20.6780 	EXP 	text: height = np.float64(0.05)
20.6780 	EXP 	text: height = np.float64(0.05)
20.6780 	EXP 	text: height = np.float64(0.05)
20.6780 	EXP 	text: text = 'Which one are you going to buy?'
20.6796 	EXP 	eyetracker.setRecordingState(False)
20.6966 	EXP 	text: height = np.float64(0.05)
20.6966 	EXP 	text: height = np.float64(0.05)
20.6966 	EXP 	text: height = np.float64(0.05)
20.6966 	EXP 	text: text = 'Which one are you going to buy?'
20.6985 	EXP 	eyetracker.setRecordingState(False)
20.7148 	EXP 	text: height = np.float64(0.05)
20.7148 	EXP 	text: height = np.float64(0.05)
20.7148 	EXP 	text: height = np.float64(0.05)
20.7148 	EXP 	text: text = 'Which one are you going to buy?'
20.7159 	EXP 	eyetracker.setRecordingState(False)
20.7294 	EXP 	text: height = np.float64(0.05)
20.7294 	EXP 	text: height = np.float64(0.05)
20.7294 	EXP 	text: height = np.float64(0.05)
20.7294 	EXP 	text: text = 'Which one are you going to buy?'
20.7311 	EXP 	eyetracker.setRecordingState(False)
20.7474 	EXP 	text: height = np.float64(0.05)
20.7474 	EXP 	text: height = np.float64(0.05)
20.7474 	EXP 	text: height = np.float64(0.05)
20.7474 	EXP 	text: text = 'Which one are you going to buy?'
20.7499 	EXP 	eyetracker.setRecordingState(False)
20.7656 	EXP 	text: height = np.float64(0.05)
20.7656 	EXP 	text: height = np.float64(0.05)
20.7656 	EXP 	text: height = np.float64(0.05)
20.7656 	EXP 	text: text = 'Which one are you going to buy?'
20.7676 	EXP 	eyetracker.setRecordingState(False)
20.7860 	EXP 	text: height = np.float64(0.05)
20.7860 	EXP 	text: height = np.float64(0.05)
20.7860 	EXP 	text: height = np.float64(0.05)
20.7860 	EXP 	text: text = 'Which one are you going to buy?'
20.7879 	EXP 	eyetracker.setRecordingState(False)
20.8046 	EXP 	text: height = np.float64(0.05)
20.8046 	EXP 	text: height = np.float64(0.05)
20.8046 	EXP 	text: height = np.float64(0.05)
20.8046 	EXP 	text: text = 'Which one are you going to buy?'
20.8065 	EXP 	eyetracker.setRecordingState(False)
20.8199 	EXP 	text: height = np.float64(0.05)
20.8199 	EXP 	text: height = np.float64(0.05)
20.8199 	EXP 	text: height = np.float64(0.05)
20.8199 	EXP 	text: text = 'Which one are you going to buy?'
20.8215 	EXP 	eyetracker.setRecordingState(False)
20.8371 	EXP 	text: height = np.float64(0.05)
20.8371 	EXP 	text: height = np.float64(0.05)
20.8371 	EXP 	text: height = np.float64(0.05)
20.8371 	EXP 	text: text = 'Which one are you going to buy?'
20.8387 	EXP 	eyetracker.setRecordingState(False)
20.8551 	EXP 	text: height = np.float64(0.05)
20.8551 	EXP 	text: height = np.float64(0.05)
20.8551 	EXP 	text: height = np.float64(0.05)
20.8551 	EXP 	text: text = 'Which one are you going to buy?'
20.8571 	EXP 	eyetracker.setRecordingState(False)
20.8726 	EXP 	text: height = np.float64(0.05)
20.8726 	EXP 	text: height = np.float64(0.05)
20.8726 	EXP 	text: height = np.float64(0.05)
20.8726 	EXP 	text: text = 'Which one are you going to buy?'
20.8738 	EXP 	eyetracker.setRecordingState(False)
20.8847 	EXP 	text: height = np.float64(0.05)
20.8847 	EXP 	text: height = np.float64(0.05)
20.8847 	EXP 	text: height = np.float64(0.05)
20.8847 	EXP 	text: text = 'Which one are you going to buy?'
20.8855 	EXP 	eyetracker.setRecordingState(False)
20.8963 	EXP 	text: height = np.float64(0.05)
20.8963 	EXP 	text: height = np.float64(0.05)
20.8963 	EXP 	text: height = np.float64(0.05)
20.8963 	EXP 	text: text = 'Which one are you going to buy?'
20.8982 	EXP 	eyetracker.setRecordingState(False)
20.9135 	EXP 	text: height = np.float64(0.05)
20.9135 	EXP 	text: height = np.float64(0.05)
20.9135 	EXP 	text: height = np.float64(0.05)
20.9135 	EXP 	text: text = 'Which one are you going to buy?'
20.9152 	EXP 	eyetracker.setRecordingState(False)
20.9271 	EXP 	text: height = np.float64(0.05)
20.9271 	EXP 	text: height = np.float64(0.05)
20.9271 	EXP 	text: height = np.float64(0.05)
20.9271 	EXP 	text: text = 'Which one are you going to buy?'
20.9282 	EXP 	eyetracker.setRecordingState(False)
20.9421 	EXP 	text: height = np.float64(0.05)
20.9421 	EXP 	text: height = np.float64(0.05)
20.9421 	EXP 	text: height = np.float64(0.05)
20.9421 	EXP 	text: text = 'Which one are you going to buy?'
20.9437 	EXP 	eyetracker.setRecordingState(False)
20.9608 	EXP 	text: height = np.float64(0.05)
20.9608 	EXP 	text: height = np.float64(0.05)
20.9608 	EXP 	text: height = np.float64(0.05)
20.9608 	EXP 	text: text = 'Which one are you going to buy?'
20.9630 	EXP 	eyetracker.setRecordingState(False)
20.9804 	EXP 	text: height = np.float64(0.05)
20.9804 	EXP 	text: height = np.float64(0.05)
20.9804 	EXP 	text: height = np.float64(0.05)
20.9804 	EXP 	text: text = 'Which one are you going to buy?'
20.9820 	EXP 	eyetracker.setRecordingState(False)
20.9962 	EXP 	text: height = np.float64(0.05)
20.9962 	EXP 	text: height = np.float64(0.05)
20.9962 	EXP 	text: height = np.float64(0.05)
20.9962 	EXP 	text: text = 'Which one are you going to buy?'
20.9976 	EXP 	eyetracker.setRecordingState(False)
21.0103 	EXP 	text: height = np.float64(0.05)
21.0103 	EXP 	text: height = np.float64(0.05)
21.0103 	EXP 	text: height = np.float64(0.05)
21.0103 	EXP 	text: text = 'Which one are you going to buy?'
21.0117 	EXP 	eyetracker.setRecordingState(False)
21.0248 	EXP 	text: height = np.float64(0.05)
21.0248 	EXP 	text: height = np.float64(0.05)
21.0248 	EXP 	text: height = np.float64(0.05)
21.0248 	EXP 	text: text = 'Which one are you going to buy?'
21.0270 	EXP 	eyetracker.setRecordingState(False)
21.0432 	EXP 	text: height = np.float64(0.05)
21.0432 	EXP 	text: height = np.float64(0.05)
21.0432 	EXP 	text: height = np.float64(0.05)
21.0432 	EXP 	text: text = 'Which one are you going to buy?'
21.0446 	EXP 	eyetracker.setRecordingState(False)
21.0603 	EXP 	text: height = np.float64(0.05)
21.0603 	EXP 	text: height = np.float64(0.05)
21.0603 	EXP 	text: height = np.float64(0.05)
21.0603 	EXP 	text: text = 'Which one are you going to buy?'
21.0621 	EXP 	eyetracker.setRecordingState(False)
21.0800 	EXP 	text: height = np.float64(0.05)
21.0800 	EXP 	text: height = np.float64(0.05)
21.0800 	EXP 	text: height = np.float64(0.05)
21.0800 	EXP 	text: text = 'Which one are you going to buy?'
21.0818 	EXP 	eyetracker.setRecordingState(False)
21.0983 	EXP 	text: height = np.float64(0.05)
21.0983 	EXP 	text: height = np.float64(0.05)
21.0983 	EXP 	text: height = np.float64(0.05)
21.0983 	EXP 	text: text = 'Which one are you going to buy?'
21.0998 	EXP 	eyetracker.setRecordingState(False)
21.1140 	EXP 	text: height = np.float64(0.05)
21.1140 	EXP 	text: height = np.float64(0.05)
21.1140 	EXP 	text: height = np.float64(0.05)
21.1140 	EXP 	text: text = 'Which one are you going to buy?'
21.1159 	EXP 	eyetracker.setRecordingState(False)
21.1331 	EXP 	text: height = np.float64(0.05)
21.1331 	EXP 	text: height = np.float64(0.05)
21.1331 	EXP 	text: height = np.float64(0.05)
21.1331 	EXP 	text: text = 'Which one are you going to buy?'
21.1345 	EXP 	eyetracker.setRecordingState(False)
21.1496 	EXP 	text: height = np.float64(0.05)
21.1496 	EXP 	text: height = np.float64(0.05)
21.1496 	EXP 	text: height = np.float64(0.05)
21.1496 	EXP 	text: text = 'Which one are you going to buy?'
21.1512 	EXP 	eyetracker.setRecordingState(False)
21.1632 	EXP 	text: height = np.float64(0.05)
21.1632 	EXP 	text: height = np.float64(0.05)
21.1632 	EXP 	text: height = np.float64(0.05)
21.1632 	EXP 	text: text = 'Which one are you going to buy?'
21.1642 	EXP 	eyetracker.setRecordingState(False)
21.1751 	EXP 	text: height = np.float64(0.05)
21.1751 	EXP 	text: height = np.float64(0.05)
21.1751 	EXP 	text: height = np.float64(0.05)
21.1751 	EXP 	text: text = 'Which one are you going to buy?'
21.1760 	EXP 	eyetracker.setRecordingState(False)
21.1874 	EXP 	text: height = np.float64(0.05)
21.1874 	EXP 	text: height = np.float64(0.05)
21.1874 	EXP 	text: height = np.float64(0.05)
21.1874 	EXP 	text: text = 'Which one are you going to buy?'
21.1889 	EXP 	eyetracker.setRecordingState(False)
21.2049 	EXP 	text: height = np.float64(0.05)
21.2049 	EXP 	text: height = np.float64(0.05)
21.2049 	EXP 	text: height = np.float64(0.05)
21.2049 	EXP 	text: text = 'Which one are you going to buy?'
21.2067 	EXP 	eyetracker.setRecordingState(False)
21.2215 	EXP 	text: height = np.float64(0.05)
21.2215 	EXP 	text: height = np.float64(0.05)
21.2215 	EXP 	text: height = np.float64(0.05)
21.2215 	EXP 	text: text = 'Which one are you going to buy?'
21.2236 	EXP 	eyetracker.setRecordingState(False)
21.2419 	EXP 	text: height = np.float64(0.05)
21.2419 	EXP 	text: height = np.float64(0.05)
21.2419 	EXP 	text: height = np.float64(0.05)
21.2419 	EXP 	text: text = 'Which one are you going to buy?'
21.2439 	EXP 	eyetracker.setRecordingState(False)
21.2584 	EXP 	text: height = np.float64(0.05)
21.2584 	EXP 	text: height = np.float64(0.05)
21.2584 	EXP 	text: height = np.float64(0.05)
21.2584 	EXP 	text: text = 'Which one are you going to buy?'
21.2597 	EXP 	eyetracker.setRecordingState(False)
21.2741 	EXP 	text: height = np.float64(0.05)
21.2741 	EXP 	text: height = np.float64(0.05)
21.2741 	EXP 	text: height = np.float64(0.05)
21.2741 	EXP 	text: text = 'Which one are you going to buy?'
21.2761 	EXP 	eyetracker.setRecordingState(False)
21.2912 	EXP 	text: height = np.float64(0.05)
21.2912 	EXP 	text: height = np.float64(0.05)
21.2912 	EXP 	text: height = np.float64(0.05)
21.2912 	EXP 	text: text = 'Which one are you going to buy?'
21.2928 	EXP 	eyetracker.setRecordingState(False)
21.3096 	EXP 	text: height = np.float64(0.05)
21.3096 	EXP 	text: height = np.float64(0.05)
21.3096 	EXP 	text: height = np.float64(0.05)
21.3096 	EXP 	text: text = 'Which one are you going to buy?'
21.3109 	EXP 	eyetracker.setRecordingState(False)
21.3238 	EXP 	text: height = np.float64(0.05)
21.3238 	EXP 	text: height = np.float64(0.05)
21.3238 	EXP 	text: height = np.float64(0.05)
21.3238 	EXP 	text: text = 'Which one are you going to buy?'
21.3249 	EXP 	eyetracker.setRecordingState(False)
21.3365 	EXP 	text: height = np.float64(0.05)
21.3365 	EXP 	text: height = np.float64(0.05)
21.3365 	EXP 	text: height = np.float64(0.05)
21.3365 	EXP 	text: text = 'Which one are you going to buy?'
21.3378 	EXP 	eyetracker.setRecordingState(False)
21.3520 	EXP 	text: height = np.float64(0.05)
21.3520 	EXP 	text: height = np.float64(0.05)
21.3520 	EXP 	text: height = np.float64(0.05)
21.3520 	EXP 	text: text = 'Which one are you going to buy?'
21.3537 	EXP 	eyetracker.setRecordingState(False)
21.3699 	EXP 	text: height = np.float64(0.05)
21.3699 	EXP 	text: height = np.float64(0.05)
21.3699 	EXP 	text: height = np.float64(0.05)
21.3699 	EXP 	text: text = 'Which one are you going to buy?'
21.3716 	EXP 	eyetracker.setRecordingState(False)
21.3857 	EXP 	text: height = np.float64(0.05)
21.3857 	EXP 	text: height = np.float64(0.05)
21.3857 	EXP 	text: height = np.float64(0.05)
21.3857 	EXP 	text: text = 'Which one are you going to buy?'
21.3868 	EXP 	eyetracker.setRecordingState(False)
21.3986 	EXP 	text: height = np.float64(0.05)
21.3986 	EXP 	text: height = np.float64(0.05)
21.3986 	EXP 	text: height = np.float64(0.05)
21.3986 	EXP 	text: text = 'Which one are you going to buy?'
21.3997 	EXP 	eyetracker.setRecordingState(False)
21.4125 	EXP 	text: height = np.float64(0.05)
21.4125 	EXP 	text: height = np.float64(0.05)
21.4125 	EXP 	text: height = np.float64(0.05)
21.4125 	EXP 	text: text = 'Which one are you going to buy?'
21.4143 	EXP 	eyetracker.setRecordingState(False)
21.4322 	EXP 	text: height = np.float64(0.05)
21.4322 	EXP 	text: height = np.float64(0.05)
21.4322 	EXP 	text: height = np.float64(0.05)
21.4322 	EXP 	text: text = 'Which one are you going to buy?'
21.4338 	EXP 	eyetracker.setRecordingState(False)
21.4518 	EXP 	text: height = np.float64(0.05)
21.4518 	EXP 	text: height = np.float64(0.05)
21.4518 	EXP 	text: height = np.float64(0.05)
21.4518 	EXP 	text: text = 'Which one are you going to buy?'
21.4544 	EXP 	eyetracker.setRecordingState(False)
21.4699 	EXP 	text: height = np.float64(0.05)
21.4699 	EXP 	text: height = np.float64(0.05)
21.4699 	EXP 	text: height = np.float64(0.05)
21.4699 	EXP 	text: text = 'Which one are you going to buy?'
21.4711 	EXP 	eyetracker.setRecordingState(False)
21.4894 	EXP 	text: height = np.float64(0.05)
21.4894 	EXP 	text: height = np.float64(0.05)
21.4894 	EXP 	text: height = np.float64(0.05)
21.4894 	EXP 	text: text = 'Which one are you going to buy?'
21.4911 	EXP 	eyetracker.setRecordingState(False)
21.5066 	EXP 	text: height = np.float64(0.05)
21.5066 	EXP 	text: height = np.float64(0.05)
21.5066 	EXP 	text: height = np.float64(0.05)
21.5066 	EXP 	text: text = 'Which one are you going to buy?'
21.5080 	EXP 	eyetracker.setRecordingState(False)
21.5260 	EXP 	text: height = np.float64(0.05)
21.5260 	EXP 	text: height = np.float64(0.05)
21.5260 	EXP 	text: height = np.float64(0.05)
21.5260 	EXP 	text: text = 'Which one are you going to buy?'
21.5278 	EXP 	eyetracker.setRecordingState(False)
21.5438 	EXP 	text: height = np.float64(0.05)
21.5438 	EXP 	text: height = np.float64(0.05)
21.5438 	EXP 	text: height = np.float64(0.05)
21.5438 	EXP 	text: text = 'Which one are you going to buy?'
21.5451 	EXP 	eyetracker.setRecordingState(False)
21.5587 	EXP 	text: height = np.float64(0.05)
21.5587 	EXP 	text: height = np.float64(0.05)
21.5587 	EXP 	text: height = np.float64(0.05)
21.5587 	EXP 	text: text = 'Which one are you going to buy?'
21.5599 	EXP 	eyetracker.setRecordingState(False)
21.5718 	EXP 	text: height = np.float64(0.05)
21.5718 	EXP 	text: height = np.float64(0.05)
21.5718 	EXP 	text: height = np.float64(0.05)
21.5718 	EXP 	text: text = 'Which one are you going to buy?'
21.5729 	EXP 	eyetracker.setRecordingState(False)
21.5833 	EXP 	text: height = np.float64(0.05)
21.5833 	EXP 	text: height = np.float64(0.05)
21.5833 	EXP 	text: height = np.float64(0.05)
21.5833 	EXP 	text: text = 'Which one are you going to buy?'
21.5843 	EXP 	eyetracker.setRecordingState(False)
21.5943 	EXP 	text: height = np.float64(0.05)
21.5943 	EXP 	text: height = np.float64(0.05)
21.5943 	EXP 	text: height = np.float64(0.05)
21.5943 	EXP 	text: text = 'Which one are you going to buy?'
21.5953 	EXP 	eyetracker.setRecordingState(False)
21.6093 	EXP 	text: height = np.float64(0.05)
21.6093 	EXP 	text: height = np.float64(0.05)
21.6093 	EXP 	text: height = np.float64(0.05)
21.6093 	EXP 	text: text = 'Which one are you going to buy?'
21.6112 	EXP 	eyetracker.setRecordingState(False)
21.6288 	EXP 	text: height = np.float64(0.05)
21.6288 	EXP 	text: height = np.float64(0.05)
21.6288 	EXP 	text: height = np.float64(0.05)
21.6288 	EXP 	text: text = 'Which one are you going to buy?'
21.6306 	EXP 	eyetracker.setRecordingState(False)
21.6457 	EXP 	text: height = np.float64(0.05)
21.6457 	EXP 	text: height = np.float64(0.05)
21.6457 	EXP 	text: height = np.float64(0.05)
21.6457 	EXP 	text: text = 'Which one are you going to buy?'
21.6477 	EXP 	eyetracker.setRecordingState(False)
21.6650 	EXP 	text: height = np.float64(0.05)
21.6650 	EXP 	text: height = np.float64(0.05)
21.6650 	EXP 	text: height = np.float64(0.05)
21.6650 	EXP 	text: text = 'Which one are you going to buy?'
21.6668 	EXP 	eyetracker.setRecordingState(False)
21.6847 	EXP 	text: height = np.float64(0.05)
21.6847 	EXP 	text: height = np.float64(0.05)
21.6847 	EXP 	text: height = np.float64(0.05)
21.6847 	EXP 	text: text = 'Which one are you going to buy?'
21.6863 	EXP 	eyetracker.setRecordingState(False)
21.7048 	EXP 	text: height = np.float64(0.05)
21.7048 	EXP 	text: height = np.float64(0.05)
21.7048 	EXP 	text: height = np.float64(0.05)
21.7048 	EXP 	text: text = 'Which one are you going to buy?'
21.7070 	EXP 	eyetracker.setRecordingState(False)
21.7253 	EXP 	text: height = np.float64(0.05)
21.7253 	EXP 	text: height = np.float64(0.05)
21.7253 	EXP 	text: height = np.float64(0.05)
21.7253 	EXP 	text: text = 'Which one are you going to buy?'
21.7272 	EXP 	eyetracker.setRecordingState(False)
21.7440 	EXP 	text: height = np.float64(0.05)
21.7440 	EXP 	text: height = np.float64(0.05)
21.7440 	EXP 	text: height = np.float64(0.05)
21.7440 	EXP 	text: text = 'Which one are you going to buy?'
21.7455 	EXP 	eyetracker.setRecordingState(False)
21.7621 	EXP 	text: height = np.float64(0.05)
21.7621 	EXP 	text: height = np.float64(0.05)
21.7621 	EXP 	text: height = np.float64(0.05)
21.7621 	EXP 	text: text = 'Which one are you going to buy?'
21.7636 	EXP 	eyetracker.setRecordingState(False)
21.7793 	EXP 	text: height = np.float64(0.05)
21.7793 	EXP 	text: height = np.float64(0.05)
21.7793 	EXP 	text: height = np.float64(0.05)
21.7793 	EXP 	text: text = 'Which one are you going to buy?'
21.7809 	EXP 	eyetracker.setRecordingState(False)
21.7940 	EXP 	text: height = np.float64(0.05)
21.7940 	EXP 	text: height = np.float64(0.05)
21.7940 	EXP 	text: height = np.float64(0.05)
21.7940 	EXP 	text: text = 'Which one are you going to buy?'
21.7953 	EXP 	eyetracker.setRecordingState(False)
21.8091 	EXP 	text: height = np.float64(0.05)
21.8091 	EXP 	text: height = np.float64(0.05)
21.8091 	EXP 	text: height = np.float64(0.05)
21.8091 	EXP 	text: text = 'Which one are you going to buy?'
21.8108 	EXP 	eyetracker.setRecordingState(False)
21.8290 	EXP 	text: height = np.float64(0.05)
21.8290 	EXP 	text: height = np.float64(0.05)
21.8290 	EXP 	text: height = np.float64(0.05)
21.8290 	EXP 	text: text = 'Which one are you going to buy?'
21.8308 	EXP 	eyetracker.setRecordingState(False)
21.8462 	EXP 	text: height = np.float64(0.05)
21.8462 	EXP 	text: height = np.float64(0.05)
21.8462 	EXP 	text: height = np.float64(0.05)
21.8462 	EXP 	text: text = 'Which one are you going to buy?'
21.8477 	EXP 	eyetracker.setRecordingState(False)
21.8630 	EXP 	text: height = np.float64(0.05)
21.8630 	EXP 	text: height = np.float64(0.05)
21.8630 	EXP 	text: height = np.float64(0.05)
21.8630 	EXP 	text: text = 'Which one are you going to buy?'
21.8653 	EXP 	eyetracker.setRecordingState(False)
21.8826 	EXP 	text: height = np.float64(0.05)
21.8826 	EXP 	text: height = np.float64(0.05)
21.8826 	EXP 	text: height = np.float64(0.05)
21.8826 	EXP 	text: text = 'Which one are you going to buy?'
21.8841 	EXP 	eyetracker.setRecordingState(False)
21.9018 	EXP 	text: height = np.float64(0.05)
21.9018 	EXP 	text: height = np.float64(0.05)
21.9018 	EXP 	text: height = np.float64(0.05)
21.9018 	EXP 	text: text = 'Which one are you going to buy?'
21.9038 	EXP 	eyetracker.setRecordingState(False)
21.9220 	EXP 	text: height = np.float64(0.05)
21.9220 	EXP 	text: height = np.float64(0.05)
21.9220 	EXP 	text: height = np.float64(0.05)
21.9220 	EXP 	text: text = 'Which one are you going to buy?'
21.9236 	EXP 	eyetracker.setRecordingState(False)
21.9425 	EXP 	text: height = np.float64(0.05)
21.9425 	EXP 	text: height = np.float64(0.05)
21.9425 	EXP 	text: height = np.float64(0.05)
21.9425 	EXP 	text: text = 'Which one are you going to buy?'
21.9448 	EXP 	eyetracker.setRecordingState(False)
21.9630 	EXP 	text: height = np.float64(0.05)
21.9630 	EXP 	text: height = np.float64(0.05)
21.9630 	EXP 	text: height = np.float64(0.05)
21.9630 	EXP 	text: text = 'Which one are you going to buy?'
21.9648 	EXP 	eyetracker.setRecordingState(False)
21.9804 	EXP 	text: height = np.float64(0.05)
21.9804 	EXP 	text: height = np.float64(0.05)
21.9804 	EXP 	text: height = np.float64(0.05)
21.9804 	EXP 	text: text = 'Which one are you going to buy?'
21.9820 	EXP 	eyetracker.setRecordingState(False)
22.0005 	EXP 	text: height = np.float64(0.05)
22.0005 	EXP 	text: height = np.float64(0.05)
22.0005 	EXP 	text: height = np.float64(0.05)
22.0005 	EXP 	text: text = 'Which one are you going to buy?'
22.0023 	EXP 	eyetracker.setRecordingState(False)
22.0225 	EXP 	text: height = np.float64(0.05)
22.0225 	EXP 	text: height = np.float64(0.05)
22.0225 	EXP 	text: height = np.float64(0.05)
22.0225 	EXP 	text: text = 'Which one are you going to buy?'
22.0244 	EXP 	eyetracker.setRecordingState(False)
22.0394 	EXP 	text: height = np.float64(0.05)
22.0394 	EXP 	text: height = np.float64(0.05)
22.0394 	EXP 	text: height = np.float64(0.05)
22.0394 	EXP 	text: text = 'Which one are you going to buy?'
22.0410 	EXP 	eyetracker.setRecordingState(False)
22.0596 	EXP 	text: height = np.float64(0.05)
22.0596 	EXP 	text: height = np.float64(0.05)
22.0596 	EXP 	text: height = np.float64(0.05)
22.0596 	EXP 	text: text = 'Which one are you going to buy?'
22.0614 	EXP 	eyetracker.setRecordingState(False)
22.0777 	EXP 	text: height = np.float64(0.05)
22.0777 	EXP 	text: height = np.float64(0.05)
22.0777 	EXP 	text: height = np.float64(0.05)
22.0777 	EXP 	text: text = 'Which one are you going to buy?'
22.0795 	EXP 	eyetracker.setRecordingState(False)
22.0950 	EXP 	text: height = np.float64(0.05)
22.0950 	EXP 	text: height = np.float64(0.05)
22.0950 	EXP 	text: height = np.float64(0.05)
22.0950 	EXP 	text: text = 'Which one are you going to buy?'
22.0964 	EXP 	eyetracker.setRecordingState(False)
22.1090 	EXP 	text: height = np.float64(0.05)
22.1090 	EXP 	text: height = np.float64(0.05)
22.1090 	EXP 	text: height = np.float64(0.05)
22.1090 	EXP 	text: text = 'Which one are you going to buy?'
22.1102 	EXP 	eyetracker.setRecordingState(False)
22.1226 	EXP 	text: height = np.float64(0.05)
22.1226 	EXP 	text: height = np.float64(0.05)
22.1226 	EXP 	text: height = np.float64(0.05)
22.1226 	EXP 	text: text = 'Which one are you going to buy?'
22.1238 	EXP 	eyetracker.setRecordingState(False)
22.1344 	EXP 	text: height = np.float64(0.05)
22.1344 	EXP 	text: height = np.float64(0.05)
22.1344 	EXP 	text: height = np.float64(0.05)
22.1344 	EXP 	text: text = 'Which one are you going to buy?'
22.1355 	EXP 	eyetracker.setRecordingState(False)
22.1462 	EXP 	text: height = np.float64(0.05)
22.1462 	EXP 	text: height = np.float64(0.05)
22.1462 	EXP 	text: height = np.float64(0.05)
22.1462 	EXP 	text: text = 'Which one are you going to buy?'
22.1479 	EXP 	eyetracker.setRecordingState(False)
22.1625 	EXP 	text: height = np.float64(0.05)
22.1625 	EXP 	text: height = np.float64(0.05)
22.1625 	EXP 	text: height = np.float64(0.05)
22.1625 	EXP 	text: text = 'Which one are you going to buy?'
22.1647 	EXP 	eyetracker.setRecordingState(False)
22.1797 	EXP 	text: height = np.float64(0.05)
22.1797 	EXP 	text: height = np.float64(0.05)
22.1797 	EXP 	text: height = np.float64(0.05)
22.1797 	EXP 	text: text = 'Which one are you going to buy?'
22.1810 	EXP 	eyetracker.setRecordingState(False)
22.1940 	EXP 	text: height = np.float64(0.05)
22.1940 	EXP 	text: height = np.float64(0.05)
22.1940 	EXP 	text: height = np.float64(0.05)
22.1940 	EXP 	text: text = 'Which one are you going to buy?'
22.1959 	EXP 	eyetracker.setRecordingState(False)
22.2109 	EXP 	text: height = np.float64(0.05)
22.2109 	EXP 	text: height = np.float64(0.05)
22.2109 	EXP 	text: height = np.float64(0.05)
22.2109 	EXP 	text: text = 'Which one are you going to buy?'
22.2124 	EXP 	eyetracker.setRecordingState(False)
22.2251 	EXP 	text: height = np.float64(0.05)
22.2251 	EXP 	text: height = np.float64(0.05)
22.2251 	EXP 	text: height = np.float64(0.05)
22.2251 	EXP 	text: text = 'Which one are you going to buy?'
22.2265 	EXP 	eyetracker.setRecordingState(False)
22.2416 	EXP 	text: height = np.float64(0.05)
22.2416 	EXP 	text: height = np.float64(0.05)
22.2416 	EXP 	text: height = np.float64(0.05)
22.2416 	EXP 	text: text = 'Which one are you going to buy?'
22.2436 	EXP 	eyetracker.setRecordingState(False)
22.2581 	EXP 	text: height = np.float64(0.05)
22.2581 	EXP 	text: height = np.float64(0.05)
22.2581 	EXP 	text: height = np.float64(0.05)
22.2581 	EXP 	text: text = 'Which one are you going to buy?'
22.2599 	EXP 	eyetracker.setRecordingState(False)
22.2753 	EXP 	text: height = np.float64(0.05)
22.2753 	EXP 	text: height = np.float64(0.05)
22.2753 	EXP 	text: height = np.float64(0.05)
22.2753 	EXP 	text: text = 'Which one are you going to buy?'
22.2766 	EXP 	eyetracker.setRecordingState(False)
22.2882 	EXP 	text: height = np.float64(0.05)
22.2882 	EXP 	text: height = np.float64(0.05)
22.2882 	EXP 	text: height = np.float64(0.05)
22.2882 	EXP 	text: text = 'Which one are you going to buy?'
22.2896 	EXP 	eyetracker.setRecordingState(False)
22.3011 	EXP 	text: height = np.float64(0.05)
22.3011 	EXP 	text: height = np.float64(0.05)
22.3011 	EXP 	text: height = np.float64(0.05)
22.3011 	EXP 	text: text = 'Which one are you going to buy?'
22.3027 	EXP 	eyetracker.setRecordingState(False)
22.3184 	EXP 	text: height = np.float64(0.05)
22.3184 	EXP 	text: height = np.float64(0.05)
22.3184 	EXP 	text: height = np.float64(0.05)
22.3184 	EXP 	text: text = 'Which one are you going to buy?'
22.3205 	EXP 	eyetracker.setRecordingState(False)
22.3372 	EXP 	text: height = np.float64(0.05)
22.3372 	EXP 	text: height = np.float64(0.05)
22.3372 	EXP 	text: height = np.float64(0.05)
22.3372 	EXP 	text: text = 'Which one are you going to buy?'
22.3383 	EXP 	eyetracker.setRecordingState(False)
22.3485 	EXP 	text: height = np.float64(0.05)
22.3485 	EXP 	text: height = np.float64(0.05)
22.3485 	EXP 	text: height = np.float64(0.05)
22.3485 	EXP 	text: text = 'Which one are you going to buy?'
22.3495 	EXP 	eyetracker.setRecordingState(False)
22.3590 	EXP 	text: height = np.float64(0.05)
22.3590 	EXP 	text: height = np.float64(0.05)
22.3590 	EXP 	text: height = np.float64(0.05)
22.3590 	EXP 	text: text = 'Which one are you going to buy?'
22.3597 	EXP 	eyetracker.setRecordingState(False)
22.3680 	EXP 	text: height = np.float64(0.05)
22.3680 	EXP 	text: height = np.float64(0.05)
22.3680 	EXP 	text: height = np.float64(0.05)
22.3680 	EXP 	text: text = 'Which one are you going to buy?'
22.3691 	EXP 	eyetracker.setRecordingState(False)
22.3797 	EXP 	text: height = np.float64(0.05)
22.3797 	EXP 	text: height = np.float64(0.05)
22.3797 	EXP 	text: height = np.float64(0.05)
22.3797 	EXP 	text: text = 'Which one are you going to buy?'
22.3818 	EXP 	eyetracker.setRecordingState(False)
22.3979 	EXP 	text: height = np.float64(0.05)
22.3979 	EXP 	text: height = np.float64(0.05)
22.3979 	EXP 	text: height = np.float64(0.05)
22.3979 	EXP 	text: text = 'Which one are you going to buy?'
22.3993 	EXP 	eyetracker.setRecordingState(False)
22.4119 	EXP 	text: height = np.float64(0.05)
22.4119 	EXP 	text: height = np.float64(0.05)
22.4119 	EXP 	text: height = np.float64(0.05)
22.4119 	EXP 	text: text = 'Which one are you going to buy?'
22.4134 	EXP 	eyetracker.setRecordingState(False)
22.4285 	EXP 	text: height = np.float64(0.05)
22.4285 	EXP 	text: height = np.float64(0.05)
22.4285 	EXP 	text: height = np.float64(0.05)
22.4285 	EXP 	text: text = 'Which one are you going to buy?'
22.4297 	EXP 	eyetracker.setRecordingState(False)
22.4418 	EXP 	text: height = np.float64(0.05)
22.4418 	EXP 	text: height = np.float64(0.05)
22.4418 	EXP 	text: height = np.float64(0.05)
22.4418 	EXP 	text: text = 'Which one are you going to buy?'
22.4428 	EXP 	eyetracker.setRecordingState(False)
22.4545 	EXP 	text: height = np.float64(0.05)
22.4545 	EXP 	text: height = np.float64(0.05)
22.4545 	EXP 	text: height = np.float64(0.05)
22.4545 	EXP 	text: text = 'Which one are you going to buy?'
22.4560 	EXP 	eyetracker.setRecordingState(False)
22.4735 	EXP 	text: height = np.float64(0.05)
22.4735 	EXP 	text: height = np.float64(0.05)
22.4735 	EXP 	text: height = np.float64(0.05)
22.4735 	EXP 	text: text = 'Which one are you going to buy?'
22.4753 	EXP 	eyetracker.setRecordingState(False)
22.4926 	EXP 	text: height = np.float64(0.05)
22.4926 	EXP 	text: height = np.float64(0.05)
22.4926 	EXP 	text: height = np.float64(0.05)
22.4926 	EXP 	text: text = 'Which one are you going to buy?'
22.4942 	EXP 	eyetracker.setRecordingState(False)
22.5098 	EXP 	text: height = np.float64(0.05)
22.5098 	EXP 	text: height = np.float64(0.05)
22.5098 	EXP 	text: height = np.float64(0.05)
22.5098 	EXP 	text: text = 'Which one are you going to buy?'
22.5116 	EXP 	eyetracker.setRecordingState(False)
22.5259 	EXP 	text: height = np.float64(0.05)
22.5259 	EXP 	text: height = np.float64(0.05)
22.5259 	EXP 	text: height = np.float64(0.05)
22.5259 	EXP 	text: text = 'Which one are you going to buy?'
22.5278 	EXP 	eyetracker.setRecordingState(False)
22.5435 	EXP 	text: height = np.float64(0.05)
22.5435 	EXP 	text: height = np.float64(0.05)
22.5435 	EXP 	text: height = np.float64(0.05)
22.5435 	EXP 	text: text = 'Which one are you going to buy?'
22.5451 	EXP 	eyetracker.setRecordingState(False)
22.5606 	EXP 	text: height = np.float64(0.05)
22.5606 	EXP 	text: height = np.float64(0.05)
22.5606 	EXP 	text: height = np.float64(0.05)
22.5606 	EXP 	text: text = 'Which one are you going to buy?'
22.5624 	EXP 	eyetracker.setRecordingState(False)
22.5780 	EXP 	text: height = np.float64(0.05)
22.5780 	EXP 	text: height = np.float64(0.05)
22.5780 	EXP 	text: height = np.float64(0.05)
22.5780 	EXP 	text: text = 'Which one are you going to buy?'
22.5793 	EXP 	eyetracker.setRecordingState(False)
22.5917 	EXP 	text: height = np.float64(0.05)
22.5917 	EXP 	text: height = np.float64(0.05)
22.5917 	EXP 	text: height = np.float64(0.05)
22.5917 	EXP 	text: text = 'Which one are you going to buy?'
22.5930 	EXP 	eyetracker.setRecordingState(False)
22.6083 	EXP 	text: height = np.float64(0.05)
22.6083 	EXP 	text: height = np.float64(0.05)
22.6083 	EXP 	text: height = np.float64(0.05)
22.6083 	EXP 	text: text = 'Which one are you going to buy?'
22.6104 	EXP 	eyetracker.setRecordingState(False)
22.6303 	EXP 	text: height = np.float64(0.05)
22.6303 	EXP 	text: height = np.float64(0.05)
22.6303 	EXP 	text: height = np.float64(0.05)
22.6303 	EXP 	text: text = 'Which one are you going to buy?'
22.6322 	EXP 	eyetracker.setRecordingState(False)
22.6476 	EXP 	text: height = np.float64(0.05)
22.6476 	EXP 	text: height = np.float64(0.05)
22.6476 	EXP 	text: height = np.float64(0.05)
22.6476 	EXP 	text: text = 'Which one are you going to buy?'
22.6490 	EXP 	eyetracker.setRecordingState(False)
22.6631 	EXP 	text: height = np.float64(0.05)
22.6631 	EXP 	text: height = np.float64(0.05)
22.6631 	EXP 	text: height = np.float64(0.05)
22.6631 	EXP 	text: text = 'Which one are you going to buy?'
22.6645 	EXP 	eyetracker.setRecordingState(False)
22.6835 	EXP 	text: height = np.float64(0.05)
22.6835 	EXP 	text: height = np.float64(0.05)
22.6835 	EXP 	text: height = np.float64(0.05)
22.6835 	EXP 	text: text = 'Which one are you going to buy?'
22.6861 	EXP 	eyetracker.setRecordingState(False)
22.7063 	EXP 	text: height = np.float64(0.05)
22.7063 	EXP 	text: height = np.float64(0.05)
22.7063 	EXP 	text: height = np.float64(0.05)
22.7063 	EXP 	text: text = 'Which one are you going to buy?'
22.7088 	EXP 	eyetracker.setRecordingState(False)
22.7410 	EXP 	text: height = np.float64(0.05)
22.7410 	EXP 	text: height = np.float64(0.05)
22.7410 	EXP 	text: height = np.float64(0.05)
22.7410 	EXP 	text: text = 'Which one are you going to buy?'
22.7435 	EXP 	eyetracker.setRecordingState(False)
22.7748 	EXP 	text: height = np.float64(0.05)
22.7748 	EXP 	text: height = np.float64(0.05)
22.7748 	EXP 	text: height = np.float64(0.05)
22.7748 	EXP 	text: text = 'Which one are you going to buy?'
22.7771 	EXP 	eyetracker.setRecordingState(False)
22.8066 	EXP 	text: height = np.float64(0.05)
22.8066 	EXP 	text: height = np.float64(0.05)
22.8066 	EXP 	text: height = np.float64(0.05)
22.8066 	EXP 	text: text = 'Which one are you going to buy?'
22.8093 	EXP 	eyetracker.setRecordingState(False)
22.8377 	EXP 	text: height = np.float64(0.05)
22.8377 	EXP 	text: height = np.float64(0.05)
22.8377 	EXP 	text: height = np.float64(0.05)
22.8377 	EXP 	text: text = 'Which one are you going to buy?'
22.8405 	EXP 	eyetracker.setRecordingState(False)
22.8713 	EXP 	text: height = np.float64(0.05)
22.8713 	EXP 	text: height = np.float64(0.05)
22.8713 	EXP 	text: height = np.float64(0.05)
22.8713 	EXP 	text: text = 'Which one are you going to buy?'
22.8737 	EXP 	eyetracker.setRecordingState(False)
22.9032 	EXP 	text: height = np.float64(0.05)
22.9032 	EXP 	text: height = np.float64(0.05)
22.9032 	EXP 	text: height = np.float64(0.05)
22.9032 	EXP 	text: text = 'Which one are you going to buy?'
22.9059 	EXP 	eyetracker.setRecordingState(False)
22.9344 	EXP 	text: height = np.float64(0.05)
22.9344 	EXP 	text: height = np.float64(0.05)
22.9344 	EXP 	text: height = np.float64(0.05)
22.9344 	EXP 	text: text = 'Which one are you going to buy?'
22.9372 	EXP 	eyetracker.setRecordingState(False)
22.9677 	EXP 	text: height = np.float64(0.05)
22.9677 	EXP 	text: height = np.float64(0.05)
22.9677 	EXP 	text: height = np.float64(0.05)
22.9677 	EXP 	text: text = 'Which one are you going to buy?'
22.9704 	EXP 	eyetracker.setRecordingState(False)
22.9996 	EXP 	text: height = np.float64(0.05)
22.9996 	EXP 	text: height = np.float64(0.05)
22.9996 	EXP 	text: height = np.float64(0.05)
22.9996 	EXP 	text: text = 'Which one are you going to buy?'
23.0026 	EXP 	eyetracker.setRecordingState(False)
23.0325 	EXP 	text: height = np.float64(0.05)
23.0325 	EXP 	text: height = np.float64(0.05)
23.0325 	EXP 	text: height = np.float64(0.05)
23.0325 	EXP 	text: text = 'Which one are you going to buy?'
23.0352 	EXP 	eyetracker.setRecordingState(False)
23.0665 	EXP 	text: height = np.float64(0.05)
23.0665 	EXP 	text: height = np.float64(0.05)
23.0665 	EXP 	text: height = np.float64(0.05)
23.0665 	EXP 	text: text = 'Which one are you going to buy?'
23.0694 	EXP 	eyetracker.setRecordingState(False)
23.1003 	EXP 	text: height = np.float64(0.05)
23.1003 	EXP 	text: height = np.float64(0.05)
23.1003 	EXP 	text: height = np.float64(0.05)
23.1003 	EXP 	text: text = 'Which one are you going to buy?'
23.1032 	EXP 	eyetracker.setRecordingState(False)
23.1282 	EXP 	text: height = np.float64(0.05)
23.1282 	EXP 	text: height = np.float64(0.05)
23.1282 	EXP 	text: height = np.float64(0.05)
23.1282 	EXP 	text: text = 'Which one are you going to buy?'
23.1304 	EXP 	eyetracker.setRecordingState(False)
23.1589 	EXP 	text: height = np.float64(0.05)
23.1589 	EXP 	text: height = np.float64(0.05)
23.1589 	EXP 	text: height = np.float64(0.05)
23.1589 	EXP 	text: text = 'Which one are you going to buy?'
23.1617 	EXP 	eyetracker.setRecordingState(False)
23.2010 	EXP 	text: height = np.float64(0.05)
23.2010 	EXP 	text: height = np.float64(0.05)
23.2010 	EXP 	text: height = np.float64(0.05)
23.2010 	EXP 	text: text = 'Which one are you going to buy?'
23.2039 	EXP 	eyetracker.setRecordingState(False)
23.2426 	EXP 	text: height = np.float64(0.05)
23.2426 	EXP 	text: height = np.float64(0.05)
23.2426 	EXP 	text: height = np.float64(0.05)
23.2426 	EXP 	text: text = 'Which one are you going to buy?'
23.2458 	EXP 	eyetracker.setRecordingState(False)
23.2772 	EXP 	text: height = np.float64(0.05)
23.2772 	EXP 	text: height = np.float64(0.05)
23.2772 	EXP 	text: height = np.float64(0.05)
23.2772 	EXP 	text: text = 'Which one are you going to buy?'
23.2796 	EXP 	eyetracker.setRecordingState(False)
23.2910 	EXP 	text: height = np.float64(0.05)
23.2910 	EXP 	text: height = np.float64(0.05)
23.2910 	EXP 	text: height = np.float64(0.05)
23.2910 	EXP 	text: text = 'Which one are you going to buy?'
23.2920 	EXP 	eyetracker.setRecordingState(False)
23.3012 	EXP 	text: height = np.float64(0.05)
23.3012 	EXP 	text: height = np.float64(0.05)
23.3012 	EXP 	text: height = np.float64(0.05)
23.3012 	EXP 	text: text = 'Which one are you going to buy?'
23.3018 	EXP 	eyetracker.setRecordingState(False)
23.3122 	EXP 	text: height = np.float64(0.05)
23.3122 	EXP 	text: height = np.float64(0.05)
23.3122 	EXP 	text: height = np.float64(0.05)
23.3122 	EXP 	text: text = 'Which one are you going to buy?'
23.3136 	EXP 	eyetracker.setRecordingState(False)
23.3318 	EXP 	text: height = np.float64(0.05)
23.3318 	EXP 	text: height = np.float64(0.05)
23.3318 	EXP 	text: height = np.float64(0.05)
23.3318 	EXP 	text: text = 'Which one are you going to buy?'
23.3343 	EXP 	eyetracker.setRecordingState(False)
23.3539 	EXP 	text: height = np.float64(0.05)
23.3539 	EXP 	text: height = np.float64(0.05)
23.3539 	EXP 	text: height = np.float64(0.05)
23.3539 	EXP 	text: text = 'Which one are you going to buy?'
23.3558 	EXP 	eyetracker.setRecordingState(False)
23.3733 	EXP 	text: height = np.float64(0.05)
23.3733 	EXP 	text: height = np.float64(0.05)
23.3733 	EXP 	text: height = np.float64(0.05)
23.3733 	EXP 	text: text = 'Which one are you going to buy?'
23.3754 	EXP 	eyetracker.setRecordingState(False)
23.3945 	EXP 	text: height = np.float64(0.05)
23.3945 	EXP 	text: height = np.float64(0.05)
23.3945 	EXP 	text: height = np.float64(0.05)
23.3945 	EXP 	text: text = 'Which one are you going to buy?'
23.3961 	EXP 	eyetracker.setRecordingState(False)
23.4128 	EXP 	text: height = np.float64(0.05)
23.4128 	EXP 	text: height = np.float64(0.05)
23.4128 	EXP 	text: height = np.float64(0.05)
23.4128 	EXP 	text: text = 'Which one are you going to buy?'
23.4145 	EXP 	eyetracker.setRecordingState(False)
23.4310 	EXP 	text: height = np.float64(0.05)
23.4310 	EXP 	text: height = np.float64(0.05)
23.4310 	EXP 	text: height = np.float64(0.05)
23.4310 	EXP 	text: text = 'Which one are you going to buy?'
23.4328 	EXP 	eyetracker.setRecordingState(False)
23.4525 	EXP 	text: height = np.float64(0.05)
23.4525 	EXP 	text: height = np.float64(0.05)
23.4525 	EXP 	text: height = np.float64(0.05)
23.4525 	EXP 	text: text = 'Which one are you going to buy?'
23.4541 	EXP 	eyetracker.setRecordingState(False)
23.4709 	EXP 	text: height = np.float64(0.05)
23.4709 	EXP 	text: height = np.float64(0.05)
23.4709 	EXP 	text: height = np.float64(0.05)
23.4709 	EXP 	text: text = 'Which one are you going to buy?'
23.4728 	EXP 	eyetracker.setRecordingState(False)
23.4894 	EXP 	text: height = np.float64(0.05)
23.4894 	EXP 	text: height = np.float64(0.05)
23.4894 	EXP 	text: height = np.float64(0.05)
23.4894 	EXP 	text: text = 'Which one are you going to buy?'
23.4912 	EXP 	eyetracker.setRecordingState(False)
23.5044 	EXP 	text: height = np.float64(0.05)
23.5044 	EXP 	text: height = np.float64(0.05)
23.5044 	EXP 	text: height = np.float64(0.05)
23.5044 	EXP 	text: text = 'Which one are you going to buy?'
23.5058 	EXP 	eyetracker.setRecordingState(False)
23.5203 	EXP 	text: height = np.float64(0.05)
23.5203 	EXP 	text: height = np.float64(0.05)
23.5203 	EXP 	text: height = np.float64(0.05)
23.5203 	EXP 	text: text = 'Which one are you going to buy?'
23.5220 	EXP 	eyetracker.setRecordingState(False)
23.5352 	EXP 	text: height = np.float64(0.05)
23.5352 	EXP 	text: height = np.float64(0.05)
23.5352 	EXP 	text: height = np.float64(0.05)
23.5352 	EXP 	text: text = 'Which one are you going to buy?'
23.5365 	EXP 	eyetracker.setRecordingState(False)
23.5490 	EXP 	text: height = np.float64(0.05)
23.5490 	EXP 	text: height = np.float64(0.05)
23.5490 	EXP 	text: height = np.float64(0.05)
23.5490 	EXP 	text: text = 'Which one are you going to buy?'
23.5504 	EXP 	eyetracker.setRecordingState(False)
23.5674 	EXP 	text: height = np.float64(0.05)
23.5674 	EXP 	text: height = np.float64(0.05)
23.5674 	EXP 	text: height = np.float64(0.05)
23.5674 	EXP 	text: text = 'Which one are you going to buy?'
23.5694 	EXP 	eyetracker.setRecordingState(False)
23.5851 	EXP 	text: height = np.float64(0.05)
23.5851 	EXP 	text: height = np.float64(0.05)
23.5851 	EXP 	text: height = np.float64(0.05)
23.5851 	EXP 	text: text = 'Which one are you going to buy?'
23.5867 	EXP 	eyetracker.setRecordingState(False)
23.6002 	EXP 	text: height = np.float64(0.05)
23.6002 	EXP 	text: height = np.float64(0.05)
23.6002 	EXP 	text: height = np.float64(0.05)
23.6002 	EXP 	text: text = 'Which one are you going to buy?'
23.6013 	EXP 	eyetracker.setRecordingState(False)
23.6125 	EXP 	text: height = np.float64(0.05)
23.6125 	EXP 	text: height = np.float64(0.05)
23.6125 	EXP 	text: height = np.float64(0.05)
23.6125 	EXP 	text: text = 'Which one are you going to buy?'
23.6135 	EXP 	eyetracker.setRecordingState(False)
23.6230 	EXP 	text: height = np.float64(0.05)
23.6230 	EXP 	text: height = np.float64(0.05)
23.6230 	EXP 	text: height = np.float64(0.05)
23.6230 	EXP 	text: text = 'Which one are you going to buy?'
23.6239 	EXP 	eyetracker.setRecordingState(False)
23.6334 	EXP 	text: height = np.float64(0.05)
23.6334 	EXP 	text: height = np.float64(0.05)
23.6334 	EXP 	text: height = np.float64(0.05)
23.6334 	EXP 	text: text = 'Which one are you going to buy?'
23.6351 	EXP 	eyetracker.setRecordingState(False)
23.6500 	EXP 	text: height = np.float64(0.05)
23.6500 	EXP 	text: height = np.float64(0.05)
23.6500 	EXP 	text: height = np.float64(0.05)
23.6500 	EXP 	text: text = 'Which one are you going to buy?'
23.6522 	EXP 	eyetracker.setRecordingState(False)
23.6687 	EXP 	text: height = np.float64(0.05)
23.6687 	EXP 	text: height = np.float64(0.05)
23.6687 	EXP 	text: height = np.float64(0.05)
23.6687 	EXP 	text: text = 'Which one are you going to buy?'
23.6703 	EXP 	eyetracker.setRecordingState(False)
23.6862 	EXP 	text: height = np.float64(0.05)
23.6862 	EXP 	text: height = np.float64(0.05)
23.6862 	EXP 	text: height = np.float64(0.05)
23.6862 	EXP 	text: text = 'Which one are you going to buy?'
23.6881 	EXP 	eyetracker.setRecordingState(False)
23.7044 	EXP 	text: height = np.float64(0.05)
23.7044 	EXP 	text: height = np.float64(0.05)
23.7044 	EXP 	text: height = np.float64(0.05)
23.7044 	EXP 	text: text = 'Which one are you going to buy?'
23.7061 	EXP 	eyetracker.setRecordingState(False)
23.7200 	EXP 	text: height = np.float64(0.05)
23.7200 	EXP 	text: height = np.float64(0.05)
23.7200 	EXP 	text: height = np.float64(0.05)
23.7200 	EXP 	text: text = 'Which one are you going to buy?'
23.7214 	EXP 	eyetracker.setRecordingState(False)
23.7400 	EXP 	text: height = np.float64(0.05)
23.7400 	EXP 	text: height = np.float64(0.05)
23.7400 	EXP 	text: height = np.float64(0.05)
23.7400 	EXP 	text: text = 'Which one are you going to buy?'
23.7418 	EXP 	eyetracker.setRecordingState(False)
23.7598 	EXP 	text: height = np.float64(0.05)
23.7598 	EXP 	text: height = np.float64(0.05)
23.7598 	EXP 	text: height = np.float64(0.05)
23.7598 	EXP 	text: text = 'Which one are you going to buy?'
23.7616 	EXP 	eyetracker.setRecordingState(False)
23.7772 	EXP 	text: height = np.float64(0.05)
23.7772 	EXP 	text: height = np.float64(0.05)
23.7772 	EXP 	text: height = np.float64(0.05)
23.7772 	EXP 	text: text = 'Which one are you going to buy?'
23.7791 	EXP 	eyetracker.setRecordingState(False)
23.7989 	EXP 	text: height = np.float64(0.05)
23.7989 	EXP 	text: height = np.float64(0.05)
23.7989 	EXP 	text: height = np.float64(0.05)
23.7989 	EXP 	text: text = 'Which one are you going to buy?'
23.8013 	EXP 	eyetracker.setRecordingState(False)
23.8225 	EXP 	text: height = np.float64(0.05)
23.8225 	EXP 	text: height = np.float64(0.05)
23.8225 	EXP 	text: height = np.float64(0.05)
23.8225 	EXP 	text: text = 'Which one are you going to buy?'
23.8244 	EXP 	eyetracker.setRecordingState(False)
23.8435 	EXP 	text: height = np.float64(0.05)
23.8435 	EXP 	text: height = np.float64(0.05)
23.8435 	EXP 	text: height = np.float64(0.05)
23.8435 	EXP 	text: text = 'Which one are you going to buy?'
23.8451 	EXP 	eyetracker.setRecordingState(False)
23.8638 	EXP 	text: height = np.float64(0.05)
23.8638 	EXP 	text: height = np.float64(0.05)
23.8638 	EXP 	text: height = np.float64(0.05)
23.8638 	EXP 	text: text = 'Which one are you going to buy?'
23.8659 	EXP 	eyetracker.setRecordingState(False)
23.8855 	EXP 	text: height = np.float64(0.05)
23.8855 	EXP 	text: height = np.float64(0.05)
23.8855 	EXP 	text: height = np.float64(0.05)
23.8855 	EXP 	text: text = 'Which one are you going to buy?'
23.8873 	EXP 	eyetracker.setRecordingState(False)
23.9044 	EXP 	text: height = np.float64(0.05)
23.9044 	EXP 	text: height = np.float64(0.05)
23.9044 	EXP 	text: height = np.float64(0.05)
23.9044 	EXP 	text: text = 'Which one are you going to buy?'
23.9062 	EXP 	eyetracker.setRecordingState(False)
23.9272 	EXP 	text: height = np.float64(0.05)
23.9272 	EXP 	text: height = np.float64(0.05)
23.9272 	EXP 	text: height = np.float64(0.05)
23.9272 	EXP 	text: text = 'Which one are you going to buy?'
23.9288 	EXP 	eyetracker.setRecordingState(False)
23.9425 	EXP 	text: height = np.float64(0.05)
23.9425 	EXP 	text: height = np.float64(0.05)
23.9425 	EXP 	text: height = np.float64(0.05)
23.9425 	EXP 	text: text = 'Which one are you going to buy?'
23.9437 	EXP 	eyetracker.setRecordingState(False)
23.9601 	EXP 	text: height = np.float64(0.05)
23.9601 	EXP 	text: height = np.float64(0.05)
23.9601 	EXP 	text: height = np.float64(0.05)
23.9601 	EXP 	text: text = 'Which one are you going to buy?'
23.9621 	EXP 	eyetracker.setRecordingState(False)
23.9821 	EXP 	text: height = np.float64(0.05)
23.9821 	EXP 	text: height = np.float64(0.05)
23.9821 	EXP 	text: height = np.float64(0.05)
23.9821 	EXP 	text: text = 'Which one are you going to buy?'
23.9839 	EXP 	eyetracker.setRecordingState(False)
24.0007 	EXP 	text: height = np.float64(0.05)
24.0007 	EXP 	text: height = np.float64(0.05)
24.0007 	EXP 	text: height = np.float64(0.05)
24.0007 	EXP 	text: text = 'Which one are you going to buy?'
24.0025 	EXP 	eyetracker.setRecordingState(False)
24.0167 	EXP 	text: height = np.float64(0.05)
24.0167 	EXP 	text: height = np.float64(0.05)
24.0167 	EXP 	text: height = np.float64(0.05)
24.0167 	EXP 	text: text = 'Which one are you going to buy?'
24.0186 	EXP 	eyetracker.setRecordingState(False)
24.0356 	EXP 	text: height = np.float64(0.05)
24.0356 	EXP 	text: height = np.float64(0.05)
24.0356 	EXP 	text: height = np.float64(0.05)
24.0356 	EXP 	text: text = 'Which one are you going to buy?'
24.0376 	EXP 	eyetracker.setRecordingState(False)
24.0542 	EXP 	text: height = np.float64(0.05)
24.0542 	EXP 	text: height = np.float64(0.05)
24.0542 	EXP 	text: height = np.float64(0.05)
24.0542 	EXP 	text: text = 'Which one are you going to buy?'
24.0556 	EXP 	eyetracker.setRecordingState(False)
24.0677 	EXP 	text: height = np.float64(0.05)
24.0677 	EXP 	text: height = np.float64(0.05)
24.0677 	EXP 	text: height = np.float64(0.05)
24.0677 	EXP 	text: text = 'Which one are you going to buy?'
24.0686 	EXP 	eyetracker.setRecordingState(False)
24.0782 	EXP 	text: height = np.float64(0.05)
24.0782 	EXP 	text: height = np.float64(0.05)
24.0782 	EXP 	text: height = np.float64(0.05)
24.0782 	EXP 	text: text = 'Which one are you going to buy?'
24.0791 	EXP 	eyetracker.setRecordingState(False)
24.0894 	EXP 	text: height = np.float64(0.05)
24.0894 	EXP 	text: height = np.float64(0.05)
24.0894 	EXP 	text: height = np.float64(0.05)
24.0894 	EXP 	text: text = 'Which one are you going to buy?'
24.0912 	EXP 	eyetracker.setRecordingState(False)
24.1070 	EXP 	text: height = np.float64(0.05)
24.1070 	EXP 	text: height = np.float64(0.05)
24.1070 	EXP 	text: height = np.float64(0.05)
24.1070 	EXP 	text: text = 'Which one are you going to buy?'
24.1089 	EXP 	eyetracker.setRecordingState(False)
24.1302 	EXP 	text: height = np.float64(0.05)
24.1302 	EXP 	text: height = np.float64(0.05)
24.1302 	EXP 	text: height = np.float64(0.05)
24.1302 	EXP 	text: text = 'Which one are you going to buy?'
24.1322 	EXP 	eyetracker.setRecordingState(False)
24.1503 	EXP 	text: height = np.float64(0.05)
24.1503 	EXP 	text: height = np.float64(0.05)
24.1503 	EXP 	text: height = np.float64(0.05)
24.1503 	EXP 	text: text = 'Which one are you going to buy?'
24.1518 	EXP 	eyetracker.setRecordingState(False)
24.1688 	EXP 	text: height = np.float64(0.05)
24.1688 	EXP 	text: height = np.float64(0.05)
24.1688 	EXP 	text: height = np.float64(0.05)
24.1688 	EXP 	text: text = 'Which one are you going to buy?'
24.1706 	EXP 	eyetracker.setRecordingState(False)
24.1904 	EXP 	text: height = np.float64(0.05)
24.1904 	EXP 	text: height = np.float64(0.05)
24.1904 	EXP 	text: height = np.float64(0.05)
24.1904 	EXP 	text: text = 'Which one are you going to buy?'
24.1923 	EXP 	eyetracker.setRecordingState(False)
24.2098 	EXP 	text: height = np.float64(0.05)
24.2098 	EXP 	text: height = np.float64(0.05)
24.2098 	EXP 	text: height = np.float64(0.05)
24.2098 	EXP 	text: text = 'Which one are you going to buy?'
24.2122 	EXP 	eyetracker.setRecordingState(False)
24.2331 	EXP 	text: height = np.float64(0.05)
24.2331 	EXP 	text: height = np.float64(0.05)
24.2331 	EXP 	text: height = np.float64(0.05)
24.2331 	EXP 	text: text = 'Which one are you going to buy?'
24.2348 	EXP 	eyetracker.setRecordingState(False)
24.2538 	EXP 	text: height = np.float64(0.05)
24.2538 	EXP 	text: height = np.float64(0.05)
24.2538 	EXP 	text: height = np.float64(0.05)
24.2538 	EXP 	text: text = 'Which one are you going to buy?'
24.2560 	EXP 	eyetracker.setRecordingState(False)
24.2722 	EXP 	text: height = np.float64(0.05)
24.2722 	EXP 	text: height = np.float64(0.05)
24.2722 	EXP 	text: height = np.float64(0.05)
24.2722 	EXP 	text: text = 'Which one are you going to buy?'
24.2739 	EXP 	eyetracker.setRecordingState(False)
24.2912 	EXP 	text: height = np.float64(0.05)
24.2912 	EXP 	text: height = np.float64(0.05)
24.2912 	EXP 	text: height = np.float64(0.05)
24.2912 	EXP 	text: text = 'Which one are you going to buy?'
24.2932 	EXP 	eyetracker.setRecordingState(False)
24.3122 	EXP 	text: height = np.float64(0.05)
24.3122 	EXP 	text: height = np.float64(0.05)
24.3122 	EXP 	text: height = np.float64(0.05)
24.3122 	EXP 	text: text = 'Which one are you going to buy?'
24.3135 	EXP 	eyetracker.setRecordingState(False)
24.3314 	EXP 	text: height = np.float64(0.05)
24.3314 	EXP 	text: height = np.float64(0.05)
24.3314 	EXP 	text: height = np.float64(0.05)
24.3314 	EXP 	text: text = 'Which one are you going to buy?'
24.3331 	EXP 	eyetracker.setRecordingState(False)
24.3499 	EXP 	text: height = np.float64(0.05)
24.3499 	EXP 	text: height = np.float64(0.05)
24.3499 	EXP 	text: height = np.float64(0.05)
24.3499 	EXP 	text: text = 'Which one are you going to buy?'
24.3516 	EXP 	eyetracker.setRecordingState(False)
24.3669 	EXP 	text: height = np.float64(0.05)
24.3669 	EXP 	text: height = np.float64(0.05)
24.3669 	EXP 	text: height = np.float64(0.05)
24.3669 	EXP 	text: text = 'Which one are you going to buy?'
24.3684 	EXP 	eyetracker.setRecordingState(False)
24.3828 	EXP 	text: height = np.float64(0.05)
24.3828 	EXP 	text: height = np.float64(0.05)
24.3828 	EXP 	text: height = np.float64(0.05)
24.3828 	EXP 	text: text = 'Which one are you going to buy?'
24.3849 	EXP 	eyetracker.setRecordingState(False)
24.4024 	EXP 	text: height = np.float64(0.05)
24.4024 	EXP 	text: height = np.float64(0.05)
24.4024 	EXP 	text: height = np.float64(0.05)
24.4024 	EXP 	text: text = 'Which one are you going to buy?'
24.4036 	EXP 	eyetracker.setRecordingState(False)
24.4150 	EXP 	text: height = np.float64(0.05)
24.4150 	EXP 	text: height = np.float64(0.05)
24.4150 	EXP 	text: height = np.float64(0.05)
24.4150 	EXP 	text: text = 'Which one are you going to buy?'
24.4161 	EXP 	eyetracker.setRecordingState(False)
24.4273 	EXP 	text: height = np.float64(0.05)
24.4273 	EXP 	text: height = np.float64(0.05)
24.4273 	EXP 	text: height = np.float64(0.05)
24.4273 	EXP 	text: text = 'Which one are you going to buy?'
24.4289 	EXP 	eyetracker.setRecordingState(False)
24.4453 	EXP 	text: height = np.float64(0.05)
24.4453 	EXP 	text: height = np.float64(0.05)
24.4453 	EXP 	text: height = np.float64(0.05)
24.4453 	EXP 	text: text = 'Which one are you going to buy?'
24.4471 	EXP 	eyetracker.setRecordingState(False)
24.4613 	EXP 	text: height = np.float64(0.05)
24.4613 	EXP 	text: height = np.float64(0.05)
24.4613 	EXP 	text: height = np.float64(0.05)
24.4613 	EXP 	text: text = 'Which one are you going to buy?'
24.4626 	EXP 	eyetracker.setRecordingState(False)
24.4753 	EXP 	text: height = np.float64(0.05)
24.4753 	EXP 	text: height = np.float64(0.05)
24.4753 	EXP 	text: height = np.float64(0.05)
24.4753 	EXP 	text: text = 'Which one are you going to buy?'
24.4770 	EXP 	eyetracker.setRecordingState(False)
24.4922 	EXP 	text: height = np.float64(0.05)
24.4922 	EXP 	text: height = np.float64(0.05)
24.4922 	EXP 	text: height = np.float64(0.05)
24.4922 	EXP 	text: text = 'Which one are you going to buy?'
24.4934 	EXP 	eyetracker.setRecordingState(False)
24.5061 	EXP 	text: height = np.float64(0.05)
24.5061 	EXP 	text: height = np.float64(0.05)
24.5061 	EXP 	text: height = np.float64(0.05)
24.5061 	EXP 	text: text = 'Which one are you going to buy?'
24.5079 	EXP 	eyetracker.setRecordingState(False)
24.5233 	EXP 	text: height = np.float64(0.05)
24.5233 	EXP 	text: height = np.float64(0.05)
24.5233 	EXP 	text: height = np.float64(0.05)
24.5233 	EXP 	text: text = 'Which one are you going to buy?'
24.5250 	EXP 	eyetracker.setRecordingState(False)
24.5411 	EXP 	text: height = np.float64(0.05)
24.5411 	EXP 	text: height = np.float64(0.05)
24.5411 	EXP 	text: height = np.float64(0.05)
24.5411 	EXP 	text: text = 'Which one are you going to buy?'
24.5426 	EXP 	eyetracker.setRecordingState(False)
24.5569 	EXP 	text: height = np.float64(0.05)
24.5569 	EXP 	text: height = np.float64(0.05)
24.5569 	EXP 	text: height = np.float64(0.05)
24.5569 	EXP 	text: text = 'Which one are you going to buy?'
24.5588 	EXP 	eyetracker.setRecordingState(False)
24.5743 	EXP 	text: height = np.float64(0.05)
24.5743 	EXP 	text: height = np.float64(0.05)
24.5743 	EXP 	text: height = np.float64(0.05)
24.5743 	EXP 	text: text = 'Which one are you going to buy?'
24.5754 	EXP 	eyetracker.setRecordingState(False)
24.5893 	EXP 	text: height = np.float64(0.05)
24.5893 	EXP 	text: height = np.float64(0.05)
24.5893 	EXP 	text: height = np.float64(0.05)
24.5893 	EXP 	text: text = 'Which one are you going to buy?'
24.5919 	EXP 	eyetracker.setRecordingState(False)
24.6075 	EXP 	text: height = np.float64(0.05)
24.6075 	EXP 	text: height = np.float64(0.05)
24.6075 	EXP 	text: height = np.float64(0.05)
24.6075 	EXP 	text: text = 'Which one are you going to buy?'
24.6088 	EXP 	eyetracker.setRecordingState(False)
24.6227 	EXP 	text: height = np.float64(0.05)
24.6227 	EXP 	text: height = np.float64(0.05)
24.6227 	EXP 	text: height = np.float64(0.05)
24.6227 	EXP 	text: text = 'Which one are you going to buy?'
24.6239 	EXP 	eyetracker.setRecordingState(False)
24.6381 	EXP 	text: height = np.float64(0.05)
24.6381 	EXP 	text: height = np.float64(0.05)
24.6381 	EXP 	text: height = np.float64(0.05)
24.6381 	EXP 	text: text = 'Which one are you going to buy?'
24.6395 	EXP 	eyetracker.setRecordingState(False)
24.6518 	EXP 	text: height = np.float64(0.05)
24.6518 	EXP 	text: height = np.float64(0.05)
24.6518 	EXP 	text: height = np.float64(0.05)
24.6518 	EXP 	text: text = 'Which one are you going to buy?'
24.6530 	EXP 	eyetracker.setRecordingState(False)
24.6651 	EXP 	text: height = np.float64(0.05)
24.6651 	EXP 	text: height = np.float64(0.05)
24.6651 	EXP 	text: height = np.float64(0.05)
24.6651 	EXP 	text: text = 'Which one are you going to buy?'
24.6667 	EXP 	eyetracker.setRecordingState(False)
24.6790 	EXP 	text: height = np.float64(0.05)
24.6790 	EXP 	text: height = np.float64(0.05)
24.6790 	EXP 	text: height = np.float64(0.05)
24.6790 	EXP 	text: text = 'Which one are you going to buy?'
24.6803 	EXP 	eyetracker.setRecordingState(False)
24.6911 	EXP 	text: height = np.float64(0.05)
24.6911 	EXP 	text: height = np.float64(0.05)
24.6911 	EXP 	text: height = np.float64(0.05)
24.6911 	EXP 	text: text = 'Which one are you going to buy?'
24.6922 	EXP 	eyetracker.setRecordingState(False)
24.7027 	EXP 	text: height = np.float64(0.05)
24.7027 	EXP 	text: height = np.float64(0.05)
24.7027 	EXP 	text: height = np.float64(0.05)
24.7027 	EXP 	text: text = 'Which one are you going to buy?'
24.7040 	EXP 	eyetracker.setRecordingState(False)
24.7168 	EXP 	text: height = np.float64(0.05)
24.7168 	EXP 	text: height = np.float64(0.05)
24.7168 	EXP 	text: height = np.float64(0.05)
24.7168 	EXP 	text: text = 'Which one are you going to buy?'
24.7189 	EXP 	eyetracker.setRecordingState(False)
24.7337 	EXP 	text: height = np.float64(0.05)
24.7337 	EXP 	text: height = np.float64(0.05)
24.7337 	EXP 	text: height = np.float64(0.05)
24.7337 	EXP 	text: text = 'Which one are you going to buy?'
24.7349 	EXP 	eyetracker.setRecordingState(False)
24.7465 	EXP 	text: height = np.float64(0.05)
24.7465 	EXP 	text: height = np.float64(0.05)
24.7465 	EXP 	text: height = np.float64(0.05)
24.7465 	EXP 	text: text = 'Which one are you going to buy?'
24.7476 	EXP 	eyetracker.setRecordingState(False)
24.7592 	EXP 	text: height = np.float64(0.05)
24.7592 	EXP 	text: height = np.float64(0.05)
24.7592 	EXP 	text: height = np.float64(0.05)
24.7592 	EXP 	text: text = 'Which one are you going to buy?'
24.7608 	EXP 	eyetracker.setRecordingState(False)
24.7760 	EXP 	text: height = np.float64(0.05)
24.7760 	EXP 	text: height = np.float64(0.05)
24.7760 	EXP 	text: height = np.float64(0.05)
24.7760 	EXP 	text: text = 'Which one are you going to buy?'
24.7780 	EXP 	eyetracker.setRecordingState(False)
24.7949 	EXP 	text: height = np.float64(0.05)
24.7949 	EXP 	text: height = np.float64(0.05)
24.7949 	EXP 	text: height = np.float64(0.05)
24.7949 	EXP 	text: text = 'Which one are you going to buy?'
24.7977 	EXP 	eyetracker.setRecordingState(False)
24.8147 	EXP 	text: height = np.float64(0.05)
24.8147 	EXP 	text: height = np.float64(0.05)
24.8147 	EXP 	text: height = np.float64(0.05)
24.8147 	EXP 	text: text = 'Which one are you going to buy?'
24.8165 	EXP 	eyetracker.setRecordingState(False)
24.8320 	EXP 	text: height = np.float64(0.05)
24.8320 	EXP 	text: height = np.float64(0.05)
24.8320 	EXP 	text: height = np.float64(0.05)
24.8320 	EXP 	text: text = 'Which one are you going to buy?'
24.8336 	EXP 	eyetracker.setRecordingState(False)
24.8509 	EXP 	text: height = np.float64(0.05)
24.8509 	EXP 	text: height = np.float64(0.05)
24.8509 	EXP 	text: height = np.float64(0.05)
24.8509 	EXP 	text: text = 'Which one are you going to buy?'
24.8536 	EXP 	eyetracker.setRecordingState(False)
24.8688 	EXP 	text: height = np.float64(0.05)
24.8688 	EXP 	text: height = np.float64(0.05)
24.8688 	EXP 	text: height = np.float64(0.05)
24.8688 	EXP 	text: text = 'Which one are you going to buy?'
24.8703 	EXP 	eyetracker.setRecordingState(False)
24.8848 	EXP 	text: height = np.float64(0.05)
24.8848 	EXP 	text: height = np.float64(0.05)
24.8848 	EXP 	text: height = np.float64(0.05)
24.8848 	EXP 	text: text = 'Which one are you going to buy?'
24.8860 	EXP 	eyetracker.setRecordingState(False)
24.9013 	EXP 	text: height = np.float64(0.05)
24.9013 	EXP 	text: height = np.float64(0.05)
24.9013 	EXP 	text: height = np.float64(0.05)
24.9013 	EXP 	text: text = 'Which one are you going to buy?'
24.9027 	EXP 	eyetracker.setRecordingState(False)
24.9187 	EXP 	text: height = np.float64(0.05)
24.9187 	EXP 	text: height = np.float64(0.05)
24.9187 	EXP 	text: height = np.float64(0.05)
24.9187 	EXP 	text: text = 'Which one are you going to buy?'
24.9206 	EXP 	eyetracker.setRecordingState(False)
24.9348 	EXP 	text: height = np.float64(0.05)
24.9348 	EXP 	text: height = np.float64(0.05)
24.9348 	EXP 	text: height = np.float64(0.05)
24.9348 	EXP 	text: text = 'Which one are you going to buy?'
24.9358 	EXP 	eyetracker.setRecordingState(False)
24.9475 	EXP 	text: height = np.float64(0.05)
24.9475 	EXP 	text: height = np.float64(0.05)
24.9475 	EXP 	text: height = np.float64(0.05)
24.9475 	EXP 	text: text = 'Which one are you going to buy?'
24.9484 	EXP 	eyetracker.setRecordingState(False)
24.9581 	EXP 	text: height = np.float64(0.05)
24.9581 	EXP 	text: height = np.float64(0.05)
24.9581 	EXP 	text: height = np.float64(0.05)
24.9581 	EXP 	text: text = 'Which one are you going to buy?'
24.9589 	EXP 	eyetracker.setRecordingState(False)
24.9681 	EXP 	text: height = np.float64(0.05)
24.9681 	EXP 	text: height = np.float64(0.05)
24.9681 	EXP 	text: height = np.float64(0.05)
24.9681 	EXP 	text: text = 'Which one are you going to buy?'
24.9688 	EXP 	eyetracker.setRecordingState(False)
24.9767 	EXP 	text: height = np.float64(0.05)
24.9767 	EXP 	text: height = np.float64(0.05)
24.9767 	EXP 	text: height = np.float64(0.05)
24.9767 	EXP 	text: text = 'Which one are you going to buy?'
24.9789 	EXP 	eyetracker.setRecordingState(False)
24.9863 	EXP 	text: height = np.float64(0.05)
24.9863 	EXP 	text: height = np.float64(0.05)
24.9863 	EXP 	text: height = np.float64(0.05)
24.9863 	EXP 	text: text = 'Which one are you going to buy?'
24.9871 	EXP 	eyetracker.setRecordingState(False)
24.9973 	EXP 	text: height = np.float64(0.05)
24.9973 	EXP 	text: height = np.float64(0.05)
24.9973 	EXP 	text: height = np.float64(0.05)
24.9973 	EXP 	text: text = 'Which one are you going to buy?'
24.9984 	EXP 	eyetracker.setRecordingState(False)
25.0093 	EXP 	text: height = np.float64(0.05)
25.0093 	EXP 	text: height = np.float64(0.05)
25.0093 	EXP 	text: height = np.float64(0.05)
25.0093 	EXP 	text: text = 'Which one are you going to buy?'
25.0106 	EXP 	eyetracker.setRecordingState(False)
25.0229 	EXP 	text: height = np.float64(0.05)
25.0229 	EXP 	text: height = np.float64(0.05)
25.0229 	EXP 	text: height = np.float64(0.05)
25.0229 	EXP 	text: text = 'Which one are you going to buy?'
25.0246 	EXP 	eyetracker.setRecordingState(False)
25.0393 	EXP 	text: height = np.float64(0.05)
25.0393 	EXP 	text: height = np.float64(0.05)
25.0393 	EXP 	text: height = np.float64(0.05)
25.0393 	EXP 	text: text = 'Which one are you going to buy?'
25.0404 	EXP 	eyetracker.setRecordingState(False)
25.0519 	EXP 	text: height = np.float64(0.05)
25.0519 	EXP 	text: height = np.float64(0.05)
25.0519 	EXP 	text: height = np.float64(0.05)
25.0519 	EXP 	text: text = 'Which one are you going to buy?'
25.0528 	EXP 	eyetracker.setRecordingState(False)
25.0628 	EXP 	text: height = np.float64(0.05)
25.0628 	EXP 	text: height = np.float64(0.05)
25.0628 	EXP 	text: height = np.float64(0.05)
25.0628 	EXP 	text: text = 'Which one are you going to buy?'
25.0642 	EXP 	eyetracker.setRecordingState(False)
25.0747 	EXP 	text: height = np.float64(0.05)
25.0747 	EXP 	text: height = np.float64(0.05)
25.0747 	EXP 	text: height = np.float64(0.05)
25.0747 	EXP 	text: text = 'Which one are you going to buy?'
25.0767 	EXP 	eyetracker.setRecordingState(False)
25.0856 	EXP 	text: height = np.float64(0.05)
25.0856 	EXP 	text: height = np.float64(0.05)
25.0856 	EXP 	text: height = np.float64(0.05)
25.0856 	EXP 	text: text = 'Which one are you going to buy?'
25.0872 	EXP 	eyetracker.setRecordingState(False)
25.0967 	EXP 	text: height = np.float64(0.05)
25.0967 	EXP 	text: height = np.float64(0.05)
25.0967 	EXP 	text: height = np.float64(0.05)
25.0967 	EXP 	text: text = 'Which one are you going to buy?'
25.0979 	EXP 	eyetracker.setRecordingState(False)
25.1054 	EXP 	text: height = np.float64(0.05)
25.1054 	EXP 	text: height = np.float64(0.05)
25.1054 	EXP 	text: height = np.float64(0.05)
25.1054 	EXP 	text: text = 'Which one are you going to buy?'
25.1069 	EXP 	eyetracker.setRecordingState(False)
25.1167 	EXP 	text: height = np.float64(0.05)
25.1167 	EXP 	text: height = np.float64(0.05)
25.1167 	EXP 	text: height = np.float64(0.05)
25.1167 	EXP 	text: text = 'Which one are you going to buy?'
25.1180 	EXP 	eyetracker.setRecordingState(False)
25.1263 	EXP 	text: height = np.float64(0.05)
25.1263 	EXP 	text: height = np.float64(0.05)
25.1263 	EXP 	text: height = np.float64(0.05)
25.1263 	EXP 	text: text = 'Which one are you going to buy?'
25.1278 	EXP 	eyetracker.setRecordingState(False)
25.1373 	EXP 	text: height = np.float64(0.05)
25.1373 	EXP 	text: height = np.float64(0.05)
25.1373 	EXP 	text: height = np.float64(0.05)
25.1373 	EXP 	text: text = 'Which one are you going to buy?'
25.1388 	EXP 	eyetracker.setRecordingState(False)
25.1518 	EXP 	text: height = np.float64(0.05)
25.1518 	EXP 	text: height = np.float64(0.05)
25.1518 	EXP 	text: height = np.float64(0.05)
25.1518 	EXP 	text: text = 'Which one are you going to buy?'
25.1527 	EXP 	eyetracker.setRecordingState(False)
25.1628 	EXP 	text: height = np.float64(0.05)
25.1628 	EXP 	text: height = np.float64(0.05)
25.1628 	EXP 	text: height = np.float64(0.05)
25.1628 	EXP 	text: text = 'Which one are you going to buy?'
25.1639 	EXP 	eyetracker.setRecordingState(False)
25.1768 	EXP 	text: height = np.float64(0.05)
25.1768 	EXP 	text: height = np.float64(0.05)
25.1768 	EXP 	text: height = np.float64(0.05)
25.1768 	EXP 	text: text = 'Which one are you going to buy?'
25.1782 	EXP 	eyetracker.setRecordingState(False)
25.1919 	EXP 	text: height = np.float64(0.05)
25.1919 	EXP 	text: height = np.float64(0.05)
25.1919 	EXP 	text: height = np.float64(0.05)
25.1919 	EXP 	text: text = 'Which one are you going to buy?'
25.1928 	EXP 	eyetracker.setRecordingState(False)
25.2049 	EXP 	text: height = np.float64(0.05)
25.2049 	EXP 	text: height = np.float64(0.05)
25.2049 	EXP 	text: height = np.float64(0.05)
25.2049 	EXP 	text: text = 'Which one are you going to buy?'
25.2062 	EXP 	eyetracker.setRecordingState(False)
25.2183 	EXP 	text: height = np.float64(0.05)
25.2183 	EXP 	text: height = np.float64(0.05)
25.2183 	EXP 	text: height = np.float64(0.05)
25.2183 	EXP 	text: text = 'Which one are you going to buy?'
25.2202 	EXP 	eyetracker.setRecordingState(False)
25.2327 	EXP 	text: height = np.float64(0.05)
25.2327 	EXP 	text: height = np.float64(0.05)
25.2327 	EXP 	text: height = np.float64(0.05)
25.2327 	EXP 	text: text = 'Which one are you going to buy?'
25.2337 	EXP 	eyetracker.setRecordingState(False)
25.2440 	EXP 	text: height = np.float64(0.05)
25.2440 	EXP 	text: height = np.float64(0.05)
25.2440 	EXP 	text: height = np.float64(0.05)
25.2440 	EXP 	text: text = 'Which one are you going to buy?'
25.2448 	EXP 	eyetracker.setRecordingState(False)
25.2546 	EXP 	text: height = np.float64(0.05)
25.2546 	EXP 	text: height = np.float64(0.05)
25.2546 	EXP 	text: height = np.float64(0.05)
25.2546 	EXP 	text: text = 'Which one are you going to buy?'
25.2556 	EXP 	eyetracker.setRecordingState(False)
25.2660 	EXP 	text: height = np.float64(0.05)
25.2660 	EXP 	text: height = np.float64(0.05)
25.2660 	EXP 	text: height = np.float64(0.05)
25.2660 	EXP 	text: text = 'Which one are you going to buy?'
25.2670 	EXP 	eyetracker.setRecordingState(False)
25.2781 	EXP 	text: height = np.float64(0.05)
25.2781 	EXP 	text: height = np.float64(0.05)
25.2781 	EXP 	text: height = np.float64(0.05)
25.2781 	EXP 	text: text = 'Which one are you going to buy?'
25.2800 	EXP 	eyetracker.setRecordingState(False)
25.2902 	EXP 	text: height = np.float64(0.05)
25.2902 	EXP 	text: height = np.float64(0.05)
25.2902 	EXP 	text: height = np.float64(0.05)
25.2902 	EXP 	text: text = 'Which one are you going to buy?'
25.2918 	EXP 	eyetracker.setRecordingState(False)
25.3040 	EXP 	text: height = np.float64(0.05)
25.3040 	EXP 	text: height = np.float64(0.05)
25.3040 	EXP 	text: height = np.float64(0.05)
25.3040 	EXP 	text: text = 'Which one are you going to buy?'
25.3062 	EXP 	eyetracker.setRecordingState(False)
25.3207 	EXP 	text: height = np.float64(0.05)
25.3207 	EXP 	text: height = np.float64(0.05)
25.3207 	EXP 	text: height = np.float64(0.05)
25.3207 	EXP 	text: text = 'Which one are you going to buy?'
25.3238 	EXP 	eyetracker.setRecordingState(False)
25.3369 	EXP 	text: height = np.float64(0.05)
25.3369 	EXP 	text: height = np.float64(0.05)
25.3369 	EXP 	text: height = np.float64(0.05)
25.3369 	EXP 	text: text = 'Which one are you going to buy?'
25.3386 	EXP 	eyetracker.setRecordingState(False)
25.3530 	EXP 	text: height = np.float64(0.05)
25.3530 	EXP 	text: height = np.float64(0.05)
25.3530 	EXP 	text: height = np.float64(0.05)
25.3530 	EXP 	text: text = 'Which one are you going to buy?'
25.3549 	EXP 	eyetracker.setRecordingState(False)
25.3696 	EXP 	text: height = np.float64(0.05)
25.3696 	EXP 	text: height = np.float64(0.05)
25.3696 	EXP 	text: height = np.float64(0.05)
25.3696 	EXP 	text: text = 'Which one are you going to buy?'
25.3714 	EXP 	eyetracker.setRecordingState(False)
25.3835 	EXP 	text: height = np.float64(0.05)
25.3835 	EXP 	text: height = np.float64(0.05)
25.3835 	EXP 	text: height = np.float64(0.05)
25.3835 	EXP 	text: text = 'Which one are you going to buy?'
25.3851 	EXP 	eyetracker.setRecordingState(False)
25.3970 	EXP 	text: height = np.float64(0.05)
25.3970 	EXP 	text: height = np.float64(0.05)
25.3970 	EXP 	text: height = np.float64(0.05)
25.3970 	EXP 	text: text = 'Which one are you going to buy?'
25.3980 	EXP 	eyetracker.setRecordingState(False)
25.4089 	EXP 	text: height = np.float64(0.05)
25.4089 	EXP 	text: height = np.float64(0.05)
25.4089 	EXP 	text: height = np.float64(0.05)
25.4089 	EXP 	text: text = 'Which one are you going to buy?'
25.4102 	EXP 	eyetracker.setRecordingState(False)
25.4235 	EXP 	text: height = np.float64(0.05)
25.4235 	EXP 	text: height = np.float64(0.05)
25.4235 	EXP 	text: height = np.float64(0.05)
25.4235 	EXP 	text: text = 'Which one are you going to buy?'
25.4247 	EXP 	eyetracker.setRecordingState(False)
25.4352 	EXP 	text: height = np.float64(0.05)
25.4352 	EXP 	text: height = np.float64(0.05)
25.4352 	EXP 	text: height = np.float64(0.05)
25.4352 	EXP 	text: text = 'Which one are you going to buy?'
25.4361 	EXP 	eyetracker.setRecordingState(False)
25.4470 	EXP 	text: height = np.float64(0.05)
25.4470 	EXP 	text: height = np.float64(0.05)
25.4470 	EXP 	text: height = np.float64(0.05)
25.4470 	EXP 	text: text = 'Which one are you going to buy?'
25.4481 	EXP 	eyetracker.setRecordingState(False)
25.4614 	EXP 	text: height = np.float64(0.05)
25.4614 	EXP 	text: height = np.float64(0.05)
25.4614 	EXP 	text: height = np.float64(0.05)
25.4614 	EXP 	text: text = 'Which one are you going to buy?'
25.4632 	EXP 	eyetracker.setRecordingState(False)
25.4781 	EXP 	text: height = np.float64(0.05)
25.4781 	EXP 	text: height = np.float64(0.05)
25.4781 	EXP 	text: height = np.float64(0.05)
25.4781 	EXP 	text: text = 'Which one are you going to buy?'
25.4798 	EXP 	eyetracker.setRecordingState(False)
25.4952 	EXP 	text: height = np.float64(0.05)
25.4952 	EXP 	text: height = np.float64(0.05)
25.4952 	EXP 	text: height = np.float64(0.05)
25.4952 	EXP 	text: text = 'Which one are you going to buy?'
25.4965 	EXP 	eyetracker.setRecordingState(False)
25.5123 	EXP 	text: height = np.float64(0.05)
25.5123 	EXP 	text: height = np.float64(0.05)
25.5123 	EXP 	text: height = np.float64(0.05)
25.5123 	EXP 	text: text = 'Which one are you going to buy?'
25.5141 	EXP 	eyetracker.setRecordingState(False)
25.5282 	EXP 	text: height = np.float64(0.05)
25.5282 	EXP 	text: height = np.float64(0.05)
25.5282 	EXP 	text: height = np.float64(0.05)
25.5282 	EXP 	text: text = 'Which one are you going to buy?'
25.5305 	EXP 	eyetracker.setRecordingState(False)
25.5455 	EXP 	text: height = np.float64(0.05)
25.5455 	EXP 	text: height = np.float64(0.05)
25.5455 	EXP 	text: height = np.float64(0.05)
25.5455 	EXP 	text: text = 'Which one are you going to buy?'
25.5469 	EXP 	eyetracker.setRecordingState(False)
25.5614 	EXP 	text: height = np.float64(0.05)
25.5614 	EXP 	text: height = np.float64(0.05)
25.5614 	EXP 	text: height = np.float64(0.05)
25.5614 	EXP 	text: text = 'Which one are you going to buy?'
25.5629 	EXP 	eyetracker.setRecordingState(False)
25.5781 	EXP 	text: height = np.float64(0.05)
25.5781 	EXP 	text: height = np.float64(0.05)
25.5781 	EXP 	text: height = np.float64(0.05)
25.5781 	EXP 	text: text = 'Which one are you going to buy?'
25.5804 	EXP 	eyetracker.setRecordingState(False)
25.5938 	EXP 	text: height = np.float64(0.05)
25.5938 	EXP 	text: height = np.float64(0.05)
25.5938 	EXP 	text: height = np.float64(0.05)
25.5938 	EXP 	text: text = 'Which one are you going to buy?'
25.5951 	EXP 	eyetracker.setRecordingState(False)
25.6067 	EXP 	text: height = np.float64(0.05)
25.6067 	EXP 	text: height = np.float64(0.05)
25.6067 	EXP 	text: height = np.float64(0.05)
25.6067 	EXP 	text: text = 'Which one are you going to buy?'
25.6083 	EXP 	eyetracker.setRecordingState(False)
25.6238 	EXP 	text: height = np.float64(0.05)
25.6238 	EXP 	text: height = np.float64(0.05)
25.6238 	EXP 	text: height = np.float64(0.05)
25.6238 	EXP 	text: text = 'Which one are you going to buy?'
25.6256 	EXP 	eyetracker.setRecordingState(False)
25.6397 	EXP 	text: height = np.float64(0.05)
25.6397 	EXP 	text: height = np.float64(0.05)
25.6397 	EXP 	text: height = np.float64(0.05)
25.6397 	EXP 	text: text = 'Which one are you going to buy?'
25.6414 	EXP 	eyetracker.setRecordingState(False)
25.6563 	EXP 	text: height = np.float64(0.05)
25.6563 	EXP 	text: height = np.float64(0.05)
25.6563 	EXP 	text: height = np.float64(0.05)
25.6563 	EXP 	text: text = 'Which one are you going to buy?'
25.6594 	EXP 	eyetracker.setRecordingState(False)
25.6756 	EXP 	text: height = np.float64(0.05)
25.6756 	EXP 	text: height = np.float64(0.05)
25.6756 	EXP 	text: height = np.float64(0.05)
25.6756 	EXP 	text: text = 'Which one are you going to buy?'
25.6767 	EXP 	eyetracker.setRecordingState(False)
25.6894 	EXP 	text: height = np.float64(0.05)
25.6894 	EXP 	text: height = np.float64(0.05)
25.6894 	EXP 	text: height = np.float64(0.05)
25.6894 	EXP 	text: text = 'Which one are you going to buy?'
25.6921 	EXP 	eyetracker.setRecordingState(False)
25.7077 	EXP 	text: height = np.float64(0.05)
25.7077 	EXP 	text: height = np.float64(0.05)
25.7077 	EXP 	text: height = np.float64(0.05)
25.7077 	EXP 	text: text = 'Which one are you going to buy?'
25.7086 	EXP 	eyetracker.setRecordingState(False)
25.7195 	EXP 	text: height = np.float64(0.05)
25.7195 	EXP 	text: height = np.float64(0.05)
25.7195 	EXP 	text: height = np.float64(0.05)
25.7195 	EXP 	text: text = 'Which one are you going to buy?'
25.7211 	EXP 	eyetracker.setRecordingState(False)
25.7317 	EXP 	text: height = np.float64(0.05)
25.7317 	EXP 	text: height = np.float64(0.05)
25.7317 	EXP 	text: height = np.float64(0.05)
25.7317 	EXP 	text: text = 'Which one are you going to buy?'
25.7327 	EXP 	eyetracker.setRecordingState(False)
25.7423 	EXP 	text: height = np.float64(0.05)
25.7423 	EXP 	text: height = np.float64(0.05)
25.7423 	EXP 	text: height = np.float64(0.05)
25.7423 	EXP 	text: text = 'Which one are you going to buy?'
25.7433 	EXP 	eyetracker.setRecordingState(False)
25.7549 	EXP 	text: height = np.float64(0.05)
25.7549 	EXP 	text: height = np.float64(0.05)
25.7549 	EXP 	text: height = np.float64(0.05)
25.7549 	EXP 	text: text = 'Which one are you going to buy?'
25.7569 	EXP 	eyetracker.setRecordingState(False)
25.7702 	EXP 	text: height = np.float64(0.05)
25.7702 	EXP 	text: height = np.float64(0.05)
25.7702 	EXP 	text: height = np.float64(0.05)
25.7702 	EXP 	text: text = 'Which one are you going to buy?'
25.7715 	EXP 	eyetracker.setRecordingState(False)
25.7854 	EXP 	text: height = np.float64(0.05)
25.7854 	EXP 	text: height = np.float64(0.05)
25.7854 	EXP 	text: height = np.float64(0.05)
25.7854 	EXP 	text: text = 'Which one are you going to buy?'
25.7870 	EXP 	eyetracker.setRecordingState(False)
25.8000 	EXP 	text: height = np.float64(0.05)
25.8000 	EXP 	text: height = np.float64(0.05)
25.8000 	EXP 	text: height = np.float64(0.05)
25.8000 	EXP 	text: text = 'Which one are you going to buy?'
25.8013 	EXP 	eyetracker.setRecordingState(False)
25.8124 	EXP 	text: height = np.float64(0.05)
25.8124 	EXP 	text: height = np.float64(0.05)
25.8124 	EXP 	text: height = np.float64(0.05)
25.8124 	EXP 	text: text = 'Which one are you going to buy?'
25.8138 	EXP 	eyetracker.setRecordingState(False)
25.8266 	EXP 	text: height = np.float64(0.05)
25.8266 	EXP 	text: height = np.float64(0.05)
25.8266 	EXP 	text: height = np.float64(0.05)
25.8266 	EXP 	text: text = 'Which one are you going to buy?'
25.8279 	EXP 	eyetracker.setRecordingState(False)
25.8436 	EXP 	text: height = np.float64(0.05)
25.8436 	EXP 	text: height = np.float64(0.05)
25.8436 	EXP 	text: height = np.float64(0.05)
25.8436 	EXP 	text: text = 'Which one are you going to buy?'
25.8447 	EXP 	eyetracker.setRecordingState(False)
25.8567 	EXP 	text: height = np.float64(0.05)
25.8567 	EXP 	text: height = np.float64(0.05)
25.8567 	EXP 	text: height = np.float64(0.05)
25.8567 	EXP 	text: text = 'Which one are you going to buy?'
25.8582 	EXP 	eyetracker.setRecordingState(False)
25.8699 	EXP 	text: height = np.float64(0.05)
25.8699 	EXP 	text: height = np.float64(0.05)
25.8699 	EXP 	text: height = np.float64(0.05)
25.8699 	EXP 	text: text = 'Which one are you going to buy?'
25.8715 	EXP 	eyetracker.setRecordingState(False)
25.8848 	EXP 	text: height = np.float64(0.05)
25.8848 	EXP 	text: height = np.float64(0.05)
25.8848 	EXP 	text: height = np.float64(0.05)
25.8848 	EXP 	text: text = 'Which one are you going to buy?'
25.8872 	EXP 	eyetracker.setRecordingState(False)
25.9000 	EXP 	text: height = np.float64(0.05)
25.9000 	EXP 	text: height = np.float64(0.05)
25.9000 	EXP 	text: height = np.float64(0.05)
25.9000 	EXP 	text: text = 'Which one are you going to buy?'
25.9016 	EXP 	eyetracker.setRecordingState(False)
25.9155 	EXP 	text: height = np.float64(0.05)
25.9155 	EXP 	text: height = np.float64(0.05)
25.9155 	EXP 	text: height = np.float64(0.05)
25.9155 	EXP 	text: text = 'Which one are you going to buy?'
25.9165 	EXP 	eyetracker.setRecordingState(False)
25.9295 	EXP 	text: height = np.float64(0.05)
25.9295 	EXP 	text: height = np.float64(0.05)
25.9295 	EXP 	text: height = np.float64(0.05)
25.9295 	EXP 	text: text = 'Which one are you going to buy?'
25.9308 	EXP 	eyetracker.setRecordingState(False)
25.9438 	EXP 	text: height = np.float64(0.05)
25.9438 	EXP 	text: height = np.float64(0.05)
25.9438 	EXP 	text: height = np.float64(0.05)
25.9438 	EXP 	text: text = 'Which one are you going to buy?'
25.9451 	EXP 	eyetracker.setRecordingState(False)
25.9586 	EXP 	text: height = np.float64(0.05)
25.9586 	EXP 	text: height = np.float64(0.05)
25.9586 	EXP 	text: height = np.float64(0.05)
25.9586 	EXP 	text: text = 'Which one are you going to buy?'
25.9604 	EXP 	eyetracker.setRecordingState(False)
25.9737 	EXP 	text: height = np.float64(0.05)
25.9737 	EXP 	text: height = np.float64(0.05)
25.9737 	EXP 	text: height = np.float64(0.05)
25.9737 	EXP 	text: text = 'Which one are you going to buy?'
25.9759 	EXP 	eyetracker.setRecordingState(False)
25.9890 	EXP 	text: height = np.float64(0.05)
25.9890 	EXP 	text: height = np.float64(0.05)
25.9890 	EXP 	text: height = np.float64(0.05)
25.9890 	EXP 	text: text = 'Which one are you going to buy?'
25.9899 	EXP 	eyetracker.setRecordingState(False)
26.0001 	EXP 	text: height = np.float64(0.05)
26.0001 	EXP 	text: height = np.float64(0.05)
26.0001 	EXP 	text: height = np.float64(0.05)
26.0001 	EXP 	text: text = 'Which one are you going to buy?'
26.0013 	EXP 	eyetracker.setRecordingState(False)
26.0165 	EXP 	text: height = np.float64(0.05)
26.0165 	EXP 	text: height = np.float64(0.05)
26.0165 	EXP 	text: height = np.float64(0.05)
26.0165 	EXP 	text: text = 'Which one are you going to buy?'
26.0177 	EXP 	eyetracker.setRecordingState(False)
26.0297 	EXP 	text: height = np.float64(0.05)
26.0297 	EXP 	text: height = np.float64(0.05)
26.0297 	EXP 	text: height = np.float64(0.05)
26.0297 	EXP 	text: text = 'Which one are you going to buy?'
26.0319 	EXP 	eyetracker.setRecordingState(False)
26.0484 	EXP 	text: height = np.float64(0.05)
26.0484 	EXP 	text: height = np.float64(0.05)
26.0484 	EXP 	text: height = np.float64(0.05)
26.0484 	EXP 	text: text = 'Which one are you going to buy?'
26.0496 	EXP 	eyetracker.setRecordingState(False)
26.0602 	EXP 	text: height = np.float64(0.05)
26.0602 	EXP 	text: height = np.float64(0.05)
26.0602 	EXP 	text: height = np.float64(0.05)
26.0602 	EXP 	text: text = 'Which one are you going to buy?'
26.0620 	EXP 	eyetracker.setRecordingState(False)
26.0761 	EXP 	text: height = np.float64(0.05)
26.0761 	EXP 	text: height = np.float64(0.05)
26.0761 	EXP 	text: height = np.float64(0.05)
26.0761 	EXP 	text: text = 'Which one are you going to buy?'
26.0771 	EXP 	eyetracker.setRecordingState(False)
26.0888 	EXP 	text: height = np.float64(0.05)
26.0888 	EXP 	text: height = np.float64(0.05)
26.0888 	EXP 	text: height = np.float64(0.05)
26.0888 	EXP 	text: text = 'Which one are you going to buy?'
26.0909 	EXP 	eyetracker.setRecordingState(False)
26.1053 	EXP 	text: height = np.float64(0.05)
26.1053 	EXP 	text: height = np.float64(0.05)
26.1053 	EXP 	text: height = np.float64(0.05)
26.1053 	EXP 	text: text = 'Which one are you going to buy?'
26.1066 	EXP 	eyetracker.setRecordingState(False)
26.1200 	EXP 	text: height = np.float64(0.05)
26.1200 	EXP 	text: height = np.float64(0.05)
26.1200 	EXP 	text: height = np.float64(0.05)
26.1200 	EXP 	text: text = 'Which one are you going to buy?'
26.1209 	EXP 	eyetracker.setRecordingState(False)
26.1311 	EXP 	text: height = np.float64(0.05)
26.1311 	EXP 	text: height = np.float64(0.05)
26.1311 	EXP 	text: height = np.float64(0.05)
26.1311 	EXP 	text: text = 'Which one are you going to buy?'
26.1333 	EXP 	eyetracker.setRecordingState(False)
26.1426 	EXP 	text: height = np.float64(0.05)
26.1426 	EXP 	text: height = np.float64(0.05)
26.1426 	EXP 	text: height = np.float64(0.05)
26.1426 	EXP 	text: text = 'Which one are you going to buy?'
26.1435 	EXP 	eyetracker.setRecordingState(False)
26.1521 	EXP 	text: height = np.float64(0.05)
26.1521 	EXP 	text: height = np.float64(0.05)
26.1521 	EXP 	text: height = np.float64(0.05)
26.1521 	EXP 	text: text = 'Which one are you going to buy?'
26.1538 	EXP 	eyetracker.setRecordingState(False)
26.1636 	EXP 	text: height = np.float64(0.05)
26.1636 	EXP 	text: height = np.float64(0.05)
26.1636 	EXP 	text: height = np.float64(0.05)
26.1636 	EXP 	text: text = 'Which one are you going to buy?'
26.1647 	EXP 	eyetracker.setRecordingState(False)
26.1734 	EXP 	text: height = np.float64(0.05)
26.1734 	EXP 	text: height = np.float64(0.05)
26.1734 	EXP 	text: height = np.float64(0.05)
26.1734 	EXP 	text: text = 'Which one are you going to buy?'
26.1748 	EXP 	eyetracker.setRecordingState(False)
26.1859 	EXP 	text: height = np.float64(0.05)
26.1859 	EXP 	text: height = np.float64(0.05)
26.1859 	EXP 	text: height = np.float64(0.05)
26.1859 	EXP 	text: text = 'Which one are you going to buy?'
26.1868 	EXP 	eyetracker.setRecordingState(False)
26.1960 	EXP 	text: height = np.float64(0.05)
26.1960 	EXP 	text: height = np.float64(0.05)
26.1960 	EXP 	text: height = np.float64(0.05)
26.1960 	EXP 	text: text = 'Which one are you going to buy?'
26.1974 	EXP 	eyetracker.setRecordingState(False)
26.2099 	EXP 	text: height = np.float64(0.05)
26.2099 	EXP 	text: height = np.float64(0.05)
26.2099 	EXP 	text: height = np.float64(0.05)
26.2099 	EXP 	text: text = 'Which one are you going to buy?'
26.2108 	EXP 	eyetracker.setRecordingState(False)
26.2222 	EXP 	text: height = np.float64(0.05)
26.2222 	EXP 	text: height = np.float64(0.05)
26.2222 	EXP 	text: height = np.float64(0.05)
26.2222 	EXP 	text: text = 'Which one are you going to buy?'
26.2234 	EXP 	eyetracker.setRecordingState(False)
26.2360 	EXP 	text: height = np.float64(0.05)
26.2360 	EXP 	text: height = np.float64(0.05)
26.2360 	EXP 	text: height = np.float64(0.05)
26.2360 	EXP 	text: text = 'Which one are you going to buy?'
26.2378 	EXP 	eyetracker.setRecordingState(False)
26.2507 	EXP 	text: height = np.float64(0.05)
26.2507 	EXP 	text: height = np.float64(0.05)
26.2507 	EXP 	text: height = np.float64(0.05)
26.2507 	EXP 	text: text = 'Which one are you going to buy?'
26.2521 	EXP 	eyetracker.setRecordingState(False)
26.2658 	EXP 	text: height = np.float64(0.05)
26.2658 	EXP 	text: height = np.float64(0.05)
26.2658 	EXP 	text: height = np.float64(0.05)
26.2658 	EXP 	text: text = 'Which one are you going to buy?'
26.2674 	EXP 	eyetracker.setRecordingState(False)
26.2806 	EXP 	text: height = np.float64(0.05)
26.2806 	EXP 	text: height = np.float64(0.05)
26.2806 	EXP 	text: height = np.float64(0.05)
26.2806 	EXP 	text: text = 'Which one are you going to buy?'
26.2824 	EXP 	eyetracker.setRecordingState(False)
26.2994 	EXP 	text: height = np.float64(0.05)
26.2994 	EXP 	text: height = np.float64(0.05)
26.2994 	EXP 	text: height = np.float64(0.05)
26.2994 	EXP 	text: text = 'Which one are you going to buy?'
26.3011 	EXP 	eyetracker.setRecordingState(False)
26.3153 	EXP 	text: height = np.float64(0.05)
26.3153 	EXP 	text: height = np.float64(0.05)
26.3153 	EXP 	text: height = np.float64(0.05)
26.3153 	EXP 	text: text = 'Which one are you going to buy?'
26.3163 	EXP 	eyetracker.setRecordingState(False)
26.3281 	EXP 	text: height = np.float64(0.05)
26.3281 	EXP 	text: height = np.float64(0.05)
26.3281 	EXP 	text: height = np.float64(0.05)
26.3281 	EXP 	text: text = 'Which one are you going to buy?'
26.3298 	EXP 	eyetracker.setRecordingState(False)
26.3448 	EXP 	text: height = np.float64(0.05)
26.3448 	EXP 	text: height = np.float64(0.05)
26.3448 	EXP 	text: height = np.float64(0.05)
26.3448 	EXP 	text: text = 'Which one are you going to buy?'
26.3474 	EXP 	eyetracker.setRecordingState(False)
26.3635 	EXP 	text: height = np.float64(0.05)
26.3635 	EXP 	text: height = np.float64(0.05)
26.3635 	EXP 	text: height = np.float64(0.05)
26.3635 	EXP 	text: text = 'Which one are you going to buy?'
26.3652 	EXP 	eyetracker.setRecordingState(False)
26.3777 	EXP 	text: height = np.float64(0.05)
26.3777 	EXP 	text: height = np.float64(0.05)
26.3777 	EXP 	text: height = np.float64(0.05)
26.3777 	EXP 	text: text = 'Which one are you going to buy?'
26.3791 	EXP 	eyetracker.setRecordingState(False)
26.3897 	EXP 	text: height = np.float64(0.05)
26.3897 	EXP 	text: height = np.float64(0.05)
26.3897 	EXP 	text: height = np.float64(0.05)
26.3897 	EXP 	text: text = 'Which one are you going to buy?'
26.3914 	EXP 	eyetracker.setRecordingState(False)
26.4053 	EXP 	text: height = np.float64(0.05)
26.4053 	EXP 	text: height = np.float64(0.05)
26.4053 	EXP 	text: height = np.float64(0.05)
26.4053 	EXP 	text: text = 'Which one are you going to buy?'
26.4065 	EXP 	eyetracker.setRecordingState(False)
26.4193 	EXP 	text: height = np.float64(0.05)
26.4193 	EXP 	text: height = np.float64(0.05)
26.4193 	EXP 	text: height = np.float64(0.05)
26.4193 	EXP 	text: text = 'Which one are you going to buy?'
26.4207 	EXP 	eyetracker.setRecordingState(False)
26.4364 	EXP 	text: height = np.float64(0.05)
26.4364 	EXP 	text: height = np.float64(0.05)
26.4364 	EXP 	text: height = np.float64(0.05)
26.4364 	EXP 	text: text = 'Which one are you going to buy?'
26.4380 	EXP 	eyetracker.setRecordingState(False)
26.4513 	EXP 	text: height = np.float64(0.05)
26.4513 	EXP 	text: height = np.float64(0.05)
26.4513 	EXP 	text: height = np.float64(0.05)
26.4513 	EXP 	text: text = 'Which one are you going to buy?'
26.4528 	EXP 	eyetracker.setRecordingState(False)
26.4640 	EXP 	text: height = np.float64(0.05)
26.4640 	EXP 	text: height = np.float64(0.05)
26.4640 	EXP 	text: height = np.float64(0.05)
26.4640 	EXP 	text: text = 'Which one are you going to buy?'
26.4658 	EXP 	eyetracker.setRecordingState(False)
26.4792 	EXP 	text: height = np.float64(0.05)
26.4792 	EXP 	text: height = np.float64(0.05)
26.4792 	EXP 	text: height = np.float64(0.05)
26.4792 	EXP 	text: text = 'Which one are you going to buy?'
26.4808 	EXP 	eyetracker.setRecordingState(False)
26.4945 	EXP 	text: height = np.float64(0.05)
26.4945 	EXP 	text: height = np.float64(0.05)
26.4945 	EXP 	text: height = np.float64(0.05)
26.4945 	EXP 	text: text = 'Which one are you going to buy?'
26.4960 	EXP 	eyetracker.setRecordingState(False)
26.5102 	EXP 	text: height = np.float64(0.05)
26.5102 	EXP 	text: height = np.float64(0.05)
26.5102 	EXP 	text: height = np.float64(0.05)
26.5102 	EXP 	text: text = 'Which one are you going to buy?'
26.5119 	EXP 	eyetracker.setRecordingState(False)
26.5249 	EXP 	text: height = np.float64(0.05)
26.5249 	EXP 	text: height = np.float64(0.05)
26.5249 	EXP 	text: height = np.float64(0.05)
26.5249 	EXP 	text: text = 'Which one are you going to buy?'
26.5260 	EXP 	eyetracker.setRecordingState(False)
26.5379 	EXP 	text: height = np.float64(0.05)
26.5379 	EXP 	text: height = np.float64(0.05)
26.5379 	EXP 	text: height = np.float64(0.05)
26.5379 	EXP 	text: text = 'Which one are you going to buy?'
26.5391 	EXP 	eyetracker.setRecordingState(False)
26.5518 	EXP 	text: height = np.float64(0.05)
26.5518 	EXP 	text: height = np.float64(0.05)
26.5518 	EXP 	text: height = np.float64(0.05)
26.5518 	EXP 	text: text = 'Which one are you going to buy?'
26.5529 	EXP 	eyetracker.setRecordingState(False)
26.5638 	EXP 	text: height = np.float64(0.05)
26.5638 	EXP 	text: height = np.float64(0.05)
26.5638 	EXP 	text: height = np.float64(0.05)
26.5638 	EXP 	text: text = 'Which one are you going to buy?'
26.5658 	EXP 	eyetracker.setRecordingState(False)
26.5795 	EXP 	text: height = np.float64(0.05)
26.5795 	EXP 	text: height = np.float64(0.05)
26.5795 	EXP 	text: height = np.float64(0.05)
26.5795 	EXP 	text: text = 'Which one are you going to buy?'
26.5817 	EXP 	eyetracker.setRecordingState(False)
26.5979 	EXP 	text: height = np.float64(0.05)
26.5979 	EXP 	text: height = np.float64(0.05)
26.5979 	EXP 	text: height = np.float64(0.05)
26.5979 	EXP 	text: text = 'Which one are you going to buy?'
26.5993 	EXP 	eyetracker.setRecordingState(False)
26.6144 	EXP 	text: height = np.float64(0.05)
26.6144 	EXP 	text: height = np.float64(0.05)
26.6144 	EXP 	text: height = np.float64(0.05)
26.6144 	EXP 	text: text = 'Which one are you going to buy?'
26.6154 	EXP 	eyetracker.setRecordingState(False)
26.6285 	EXP 	text: height = np.float64(0.05)
26.6285 	EXP 	text: height = np.float64(0.05)
26.6285 	EXP 	text: height = np.float64(0.05)
26.6285 	EXP 	text: text = 'Which one are you going to buy?'
26.6298 	EXP 	eyetracker.setRecordingState(False)
26.6424 	EXP 	text: height = np.float64(0.05)
26.6424 	EXP 	text: height = np.float64(0.05)
26.6424 	EXP 	text: height = np.float64(0.05)
26.6424 	EXP 	text: text = 'Which one are you going to buy?'
26.6437 	EXP 	eyetracker.setRecordingState(False)
26.6568 	EXP 	text: height = np.float64(0.05)
26.6568 	EXP 	text: height = np.float64(0.05)
26.6568 	EXP 	text: height = np.float64(0.05)
26.6568 	EXP 	text: text = 'Which one are you going to buy?'
26.6584 	EXP 	eyetracker.setRecordingState(False)
26.6758 	EXP 	text: height = np.float64(0.05)
26.6758 	EXP 	text: height = np.float64(0.05)
26.6758 	EXP 	text: height = np.float64(0.05)
26.6758 	EXP 	text: text = 'Which one are you going to buy?'
26.6775 	EXP 	eyetracker.setRecordingState(False)
26.6885 	EXP 	text: height = np.float64(0.05)
26.6885 	EXP 	text: height = np.float64(0.05)
26.6885 	EXP 	text: height = np.float64(0.05)
26.6885 	EXP 	text: text = 'Which one are you going to buy?'
26.6895 	EXP 	eyetracker.setRecordingState(False)
26.7009 	EXP 	text: height = np.float64(0.05)
26.7009 	EXP 	text: height = np.float64(0.05)
26.7009 	EXP 	text: height = np.float64(0.05)
26.7009 	EXP 	text: text = 'Which one are you going to buy?'
26.7026 	EXP 	eyetracker.setRecordingState(False)
26.7162 	EXP 	text: height = np.float64(0.05)
26.7162 	EXP 	text: height = np.float64(0.05)
26.7162 	EXP 	text: height = np.float64(0.05)
26.7162 	EXP 	text: text = 'Which one are you going to buy?'
26.7179 	EXP 	eyetracker.setRecordingState(False)
26.7294 	EXP 	text: height = np.float64(0.05)
26.7294 	EXP 	text: height = np.float64(0.05)
26.7294 	EXP 	text: height = np.float64(0.05)
26.7294 	EXP 	text: text = 'Which one are you going to buy?'
26.7305 	EXP 	eyetracker.setRecordingState(False)
26.7427 	EXP 	text: height = np.float64(0.05)
26.7427 	EXP 	text: height = np.float64(0.05)
26.7427 	EXP 	text: height = np.float64(0.05)
26.7427 	EXP 	text: text = 'Which one are you going to buy?'
26.7445 	EXP 	eyetracker.setRecordingState(False)
26.7608 	EXP 	text: height = np.float64(0.05)
26.7608 	EXP 	text: height = np.float64(0.05)
26.7608 	EXP 	text: height = np.float64(0.05)
26.7608 	EXP 	text: text = 'Which one are you going to buy?'
26.7626 	EXP 	eyetracker.setRecordingState(False)
26.7795 	EXP 	text: height = np.float64(0.05)
26.7795 	EXP 	text: height = np.float64(0.05)
26.7795 	EXP 	text: height = np.float64(0.05)
26.7795 	EXP 	text: text = 'Which one are you going to buy?'
26.7815 	EXP 	eyetracker.setRecordingState(False)
26.7952 	EXP 	text: height = np.float64(0.05)
26.7952 	EXP 	text: height = np.float64(0.05)
26.7952 	EXP 	text: height = np.float64(0.05)
26.7952 	EXP 	text: text = 'Which one are you going to buy?'
26.7966 	EXP 	eyetracker.setRecordingState(False)
26.8086 	EXP 	text: height = np.float64(0.05)
26.8086 	EXP 	text: height = np.float64(0.05)
26.8086 	EXP 	text: height = np.float64(0.05)
26.8086 	EXP 	text: text = 'Which one are you going to buy?'
26.8098 	EXP 	eyetracker.setRecordingState(False)
26.8233 	EXP 	text: height = np.float64(0.05)
26.8233 	EXP 	text: height = np.float64(0.05)
26.8233 	EXP 	text: height = np.float64(0.05)
26.8233 	EXP 	text: text = 'Which one are you going to buy?'
26.8250 	EXP 	eyetracker.setRecordingState(False)
26.8410 	EXP 	text: height = np.float64(0.05)
26.8410 	EXP 	text: height = np.float64(0.05)
26.8410 	EXP 	text: height = np.float64(0.05)
26.8410 	EXP 	text: text = 'Which one are you going to buy?'
26.8431 	EXP 	eyetracker.setRecordingState(False)
26.8583 	EXP 	text: height = np.float64(0.05)
26.8583 	EXP 	text: height = np.float64(0.05)
26.8583 	EXP 	text: height = np.float64(0.05)
26.8583 	EXP 	text: text = 'Which one are you going to buy?'
26.8600 	EXP 	eyetracker.setRecordingState(False)
26.8726 	EXP 	text: height = np.float64(0.05)
26.8726 	EXP 	text: height = np.float64(0.05)
26.8726 	EXP 	text: height = np.float64(0.05)
26.8726 	EXP 	text: text = 'Which one are you going to buy?'
26.8737 	EXP 	eyetracker.setRecordingState(False)
26.8887 	EXP 	text: height = np.float64(0.05)
26.8887 	EXP 	text: height = np.float64(0.05)
26.8887 	EXP 	text: height = np.float64(0.05)
26.8887 	EXP 	text: text = 'Which one are you going to buy?'
26.8910 	EXP 	eyetracker.setRecordingState(False)
26.9071 	EXP 	text: height = np.float64(0.05)
26.9071 	EXP 	text: height = np.float64(0.05)
26.9071 	EXP 	text: height = np.float64(0.05)
26.9071 	EXP 	text: text = 'Which one are you going to buy?'
26.9086 	EXP 	eyetracker.setRecordingState(False)
26.9225 	EXP 	text: height = np.float64(0.05)
26.9225 	EXP 	text: height = np.float64(0.05)
26.9225 	EXP 	text: height = np.float64(0.05)
26.9225 	EXP 	text: text = 'Which one are you going to buy?'
26.9238 	EXP 	eyetracker.setRecordingState(False)
26.9393 	EXP 	text: height = np.float64(0.05)
26.9393 	EXP 	text: height = np.float64(0.05)
26.9393 	EXP 	text: height = np.float64(0.05)
26.9393 	EXP 	text: text = 'Which one are you going to buy?'
26.9415 	EXP 	eyetracker.setRecordingState(False)
26.9600 	EXP 	text: height = np.float64(0.05)
26.9600 	EXP 	text: height = np.float64(0.05)
26.9600 	EXP 	text: height = np.float64(0.05)
26.9600 	EXP 	text: text = 'Which one are you going to buy?'
26.9614 	EXP 	eyetracker.setRecordingState(False)
26.9800 	EXP 	text: height = np.float64(0.05)
26.9800 	EXP 	text: height = np.float64(0.05)
26.9800 	EXP 	text: height = np.float64(0.05)
26.9800 	EXP 	text: text = 'Which one are you going to buy?'
26.9819 	EXP 	eyetracker.setRecordingState(False)
27.0018 	EXP 	text: height = np.float64(0.05)
27.0018 	EXP 	text: height = np.float64(0.05)
27.0018 	EXP 	text: height = np.float64(0.05)
27.0018 	EXP 	text: text = 'Which one are you going to buy?'
27.0039 	EXP 	eyetracker.setRecordingState(False)
27.0226 	EXP 	text: height = np.float64(0.05)
27.0226 	EXP 	text: height = np.float64(0.05)
27.0226 	EXP 	text: height = np.float64(0.05)
27.0226 	EXP 	text: text = 'Which one are you going to buy?'
27.0247 	EXP 	eyetracker.setRecordingState(False)
27.0428 	EXP 	text: height = np.float64(0.05)
27.0428 	EXP 	text: height = np.float64(0.05)
27.0428 	EXP 	text: height = np.float64(0.05)
27.0428 	EXP 	text: text = 'Which one are you going to buy?'
27.0447 	EXP 	eyetracker.setRecordingState(False)
27.0612 	EXP 	text: height = np.float64(0.05)
27.0612 	EXP 	text: height = np.float64(0.05)
27.0612 	EXP 	text: height = np.float64(0.05)
27.0612 	EXP 	text: text = 'Which one are you going to buy?'
27.0629 	EXP 	eyetracker.setRecordingState(False)
27.0804 	EXP 	text: height = np.float64(0.05)
27.0804 	EXP 	text: height = np.float64(0.05)
27.0804 	EXP 	text: height = np.float64(0.05)
27.0804 	EXP 	text: text = 'Which one are you going to buy?'
27.0823 	EXP 	eyetracker.setRecordingState(False)
27.1013 	EXP 	text: height = np.float64(0.05)
27.1013 	EXP 	text: height = np.float64(0.05)
27.1013 	EXP 	text: height = np.float64(0.05)
27.1013 	EXP 	text: text = 'Which one are you going to buy?'
27.1032 	EXP 	eyetracker.setRecordingState(False)
27.1197 	EXP 	text: height = np.float64(0.05)
27.1197 	EXP 	text: height = np.float64(0.05)
27.1197 	EXP 	text: height = np.float64(0.05)
27.1197 	EXP 	text: text = 'Which one are you going to buy?'
27.1215 	EXP 	eyetracker.setRecordingState(False)
27.1357 	EXP 	text: height = np.float64(0.05)
27.1357 	EXP 	text: height = np.float64(0.05)
27.1357 	EXP 	text: height = np.float64(0.05)
27.1357 	EXP 	text: text = 'Which one are you going to buy?'
27.1374 	EXP 	eyetracker.setRecordingState(False)
27.1545 	EXP 	text: height = np.float64(0.05)
27.1545 	EXP 	text: height = np.float64(0.05)
27.1545 	EXP 	text: height = np.float64(0.05)
27.1545 	EXP 	text: text = 'Which one are you going to buy?'
27.1561 	EXP 	eyetracker.setRecordingState(False)
27.1725 	EXP 	text: height = np.float64(0.05)
27.1725 	EXP 	text: height = np.float64(0.05)
27.1725 	EXP 	text: height = np.float64(0.05)
27.1725 	EXP 	text: text = 'Which one are you going to buy?'
27.1745 	EXP 	eyetracker.setRecordingState(False)
27.1903 	EXP 	text: height = np.float64(0.05)
27.1903 	EXP 	text: height = np.float64(0.05)
27.1903 	EXP 	text: height = np.float64(0.05)
27.1903 	EXP 	text: text = 'Which one are you going to buy?'
27.1922 	EXP 	eyetracker.setRecordingState(False)
27.2055 	EXP 	text: height = np.float64(0.05)
27.2055 	EXP 	text: height = np.float64(0.05)
27.2055 	EXP 	text: height = np.float64(0.05)
27.2055 	EXP 	text: text = 'Which one are you going to buy?'
27.2070 	EXP 	eyetracker.setRecordingState(False)
27.2209 	EXP 	text: height = np.float64(0.05)
27.2209 	EXP 	text: height = np.float64(0.05)
27.2209 	EXP 	text: height = np.float64(0.05)
27.2209 	EXP 	text: text = 'Which one are you going to buy?'
27.2224 	EXP 	eyetracker.setRecordingState(False)
27.2356 	EXP 	text: height = np.float64(0.05)
27.2356 	EXP 	text: height = np.float64(0.05)
27.2356 	EXP 	text: height = np.float64(0.05)
27.2356 	EXP 	text: text = 'Which one are you going to buy?'
27.2367 	EXP 	eyetracker.setRecordingState(False)
27.2518 	EXP 	text: height = np.float64(0.05)
27.2518 	EXP 	text: height = np.float64(0.05)
27.2518 	EXP 	text: height = np.float64(0.05)
27.2518 	EXP 	text: text = 'Which one are you going to buy?'
27.2533 	EXP 	eyetracker.setRecordingState(False)
27.2674 	EXP 	text: height = np.float64(0.05)
27.2674 	EXP 	text: height = np.float64(0.05)
27.2674 	EXP 	text: height = np.float64(0.05)
27.2674 	EXP 	text: text = 'Which one are you going to buy?'
27.2693 	EXP 	eyetracker.setRecordingState(False)
27.2827 	EXP 	text: height = np.float64(0.05)
27.2827 	EXP 	text: height = np.float64(0.05)
27.2827 	EXP 	text: height = np.float64(0.05)
27.2827 	EXP 	text: text = 'Which one are you going to buy?'
27.2841 	EXP 	eyetracker.setRecordingState(False)
27.2998 	EXP 	text: height = np.float64(0.05)
27.2998 	EXP 	text: height = np.float64(0.05)
27.2998 	EXP 	text: height = np.float64(0.05)
27.2998 	EXP 	text: text = 'Which one are you going to buy?'
27.3015 	EXP 	eyetracker.setRecordingState(False)
27.3137 	EXP 	text: height = np.float64(0.05)
27.3137 	EXP 	text: height = np.float64(0.05)
27.3137 	EXP 	text: height = np.float64(0.05)
27.3137 	EXP 	text: text = 'Which one are you going to buy?'
27.3148 	EXP 	eyetracker.setRecordingState(False)
27.3242 	EXP 	text: height = np.float64(0.05)
27.3242 	EXP 	text: height = np.float64(0.05)
27.3242 	EXP 	text: height = np.float64(0.05)
27.3242 	EXP 	text: text = 'Which one are you going to buy?'
27.3251 	EXP 	eyetracker.setRecordingState(False)
27.3345 	EXP 	text: height = np.float64(0.05)
27.3345 	EXP 	text: height = np.float64(0.05)
27.3345 	EXP 	text: height = np.float64(0.05)
27.3345 	EXP 	text: text = 'Which one are you going to buy?'
27.3361 	EXP 	eyetracker.setRecordingState(False)
27.3474 	EXP 	text: height = np.float64(0.05)
27.3474 	EXP 	text: height = np.float64(0.05)
27.3474 	EXP 	text: height = np.float64(0.05)
27.3474 	EXP 	text: text = 'Which one are you going to buy?'
27.3485 	EXP 	eyetracker.setRecordingState(False)
27.3601 	EXP 	text: height = np.float64(0.05)
27.3601 	EXP 	text: height = np.float64(0.05)
27.3601 	EXP 	text: height = np.float64(0.05)
27.3601 	EXP 	text: text = 'Which one are you going to buy?'
27.3614 	EXP 	eyetracker.setRecordingState(False)
27.3749 	EXP 	text: height = np.float64(0.05)
27.3749 	EXP 	text: height = np.float64(0.05)
27.3749 	EXP 	text: height = np.float64(0.05)
27.3749 	EXP 	text: text = 'Which one are you going to buy?'
27.3765 	EXP 	eyetracker.setRecordingState(False)
27.3914 	EXP 	text: height = np.float64(0.05)
27.3914 	EXP 	text: height = np.float64(0.05)
27.3914 	EXP 	text: height = np.float64(0.05)
27.3914 	EXP 	text: text = 'Which one are you going to buy?'
27.3929 	EXP 	eyetracker.setRecordingState(False)
27.4042 	EXP 	text: height = np.float64(0.05)
27.4042 	EXP 	text: height = np.float64(0.05)
27.4042 	EXP 	text: height = np.float64(0.05)
27.4042 	EXP 	text: text = 'Which one are you going to buy?'
27.4057 	EXP 	eyetracker.setRecordingState(False)
27.4197 	EXP 	text: height = np.float64(0.05)
27.4197 	EXP 	text: height = np.float64(0.05)
27.4197 	EXP 	text: height = np.float64(0.05)
27.4197 	EXP 	text: text = 'Which one are you going to buy?'
27.4215 	EXP 	eyetracker.setRecordingState(False)
27.4363 	EXP 	text: height = np.float64(0.05)
27.4363 	EXP 	text: height = np.float64(0.05)
27.4363 	EXP 	text: height = np.float64(0.05)
27.4363 	EXP 	text: text = 'Which one are you going to buy?'
27.4382 	EXP 	eyetracker.setRecordingState(False)
27.4540 	EXP 	text: height = np.float64(0.05)
27.4540 	EXP 	text: height = np.float64(0.05)
27.4540 	EXP 	text: height = np.float64(0.05)
27.4540 	EXP 	text: text = 'Which one are you going to buy?'
27.4557 	EXP 	eyetracker.setRecordingState(False)
27.4714 	EXP 	text: height = np.float64(0.05)
27.4714 	EXP 	text: height = np.float64(0.05)
27.4714 	EXP 	text: height = np.float64(0.05)
27.4714 	EXP 	text: text = 'Which one are you going to buy?'
27.4731 	EXP 	eyetracker.setRecordingState(False)
27.4888 	EXP 	text: height = np.float64(0.05)
27.4888 	EXP 	text: height = np.float64(0.05)
27.4888 	EXP 	text: height = np.float64(0.05)
27.4888 	EXP 	text: text = 'Which one are you going to buy?'
27.4906 	EXP 	eyetracker.setRecordingState(False)
27.5080 	EXP 	text: height = np.float64(0.05)
27.5080 	EXP 	text: height = np.float64(0.05)
27.5080 	EXP 	text: height = np.float64(0.05)
27.5080 	EXP 	text: text = 'Which one are you going to buy?'
27.5096 	EXP 	eyetracker.setRecordingState(False)
27.5243 	EXP 	text: height = np.float64(0.05)
27.5243 	EXP 	text: height = np.float64(0.05)
27.5243 	EXP 	text: height = np.float64(0.05)
27.5243 	EXP 	text: text = 'Which one are you going to buy?'
27.5258 	EXP 	eyetracker.setRecordingState(False)
27.5421 	EXP 	text: height = np.float64(0.05)
27.5421 	EXP 	text: height = np.float64(0.05)
27.5421 	EXP 	text: height = np.float64(0.05)
27.5421 	EXP 	text: text = 'Which one are you going to buy?'
27.5439 	EXP 	eyetracker.setRecordingState(False)
27.5596 	EXP 	text: height = np.float64(0.05)
27.5596 	EXP 	text: height = np.float64(0.05)
27.5596 	EXP 	text: height = np.float64(0.05)
27.5596 	EXP 	text: text = 'Which one are you going to buy?'
27.5616 	EXP 	eyetracker.setRecordingState(False)
27.5771 	EXP 	text: height = np.float64(0.05)
27.5771 	EXP 	text: height = np.float64(0.05)
27.5771 	EXP 	text: height = np.float64(0.05)
27.5771 	EXP 	text: text = 'Which one are you going to buy?'
27.5786 	EXP 	eyetracker.setRecordingState(False)
27.5926 	EXP 	text: height = np.float64(0.05)
27.5926 	EXP 	text: height = np.float64(0.05)
27.5926 	EXP 	text: height = np.float64(0.05)
27.5926 	EXP 	text: text = 'Which one are you going to buy?'
27.5946 	EXP 	eyetracker.setRecordingState(False)
27.6078 	EXP 	text: height = np.float64(0.05)
27.6078 	EXP 	text: height = np.float64(0.05)
27.6078 	EXP 	text: height = np.float64(0.05)
27.6078 	EXP 	text: text = 'Which one are you going to buy?'
27.6091 	EXP 	eyetracker.setRecordingState(False)
27.6238 	EXP 	text: height = np.float64(0.05)
27.6238 	EXP 	text: height = np.float64(0.05)
27.6238 	EXP 	text: height = np.float64(0.05)
27.6238 	EXP 	text: text = 'Which one are you going to buy?'
27.6254 	EXP 	eyetracker.setRecordingState(False)
27.6406 	EXP 	text: height = np.float64(0.05)
27.6406 	EXP 	text: height = np.float64(0.05)
27.6406 	EXP 	text: height = np.float64(0.05)
27.6406 	EXP 	text: text = 'Which one are you going to buy?'
27.6424 	EXP 	eyetracker.setRecordingState(False)
27.6579 	EXP 	text: height = np.float64(0.05)
27.6579 	EXP 	text: height = np.float64(0.05)
27.6579 	EXP 	text: height = np.float64(0.05)
27.6579 	EXP 	text: text = 'Which one are you going to buy?'
27.6594 	EXP 	eyetracker.setRecordingState(False)
27.6722 	EXP 	text: height = np.float64(0.05)
27.6722 	EXP 	text: height = np.float64(0.05)
27.6722 	EXP 	text: height = np.float64(0.05)
27.6722 	EXP 	text: text = 'Which one are you going to buy?'
27.6734 	EXP 	eyetracker.setRecordingState(False)
27.6874 	EXP 	text: height = np.float64(0.05)
27.6874 	EXP 	text: height = np.float64(0.05)
27.6874 	EXP 	text: height = np.float64(0.05)
27.6874 	EXP 	text: text = 'Which one are you going to buy?'
27.6888 	EXP 	eyetracker.setRecordingState(False)
27.7042 	EXP 	text: height = np.float64(0.05)
27.7042 	EXP 	text: height = np.float64(0.05)
27.7042 	EXP 	text: height = np.float64(0.05)
27.7042 	EXP 	text: text = 'Which one are you going to buy?'
27.7057 	EXP 	eyetracker.setRecordingState(False)
27.7235 	EXP 	text: height = np.float64(0.05)
27.7235 	EXP 	text: height = np.float64(0.05)
27.7235 	EXP 	text: height = np.float64(0.05)
27.7235 	EXP 	text: text = 'Which one are you going to buy?'
27.7251 	EXP 	eyetracker.setRecordingState(False)
27.7385 	EXP 	text: height = np.float64(0.05)
27.7385 	EXP 	text: height = np.float64(0.05)
27.7385 	EXP 	text: height = np.float64(0.05)
27.7385 	EXP 	text: text = 'Which one are you going to buy?'
27.7403 	EXP 	eyetracker.setRecordingState(False)
27.7558 	EXP 	text: height = np.float64(0.05)
27.7558 	EXP 	text: height = np.float64(0.05)
27.7558 	EXP 	text: height = np.float64(0.05)
27.7558 	EXP 	text: text = 'Which one are you going to buy?'
27.7570 	EXP 	eyetracker.setRecordingState(False)
27.7675 	EXP 	text: height = np.float64(0.05)
27.7675 	EXP 	text: height = np.float64(0.05)
27.7675 	EXP 	text: height = np.float64(0.05)
27.7675 	EXP 	text: text = 'Which one are you going to buy?'
27.7683 	EXP 	eyetracker.setRecordingState(False)
27.7782 	EXP 	text: height = np.float64(0.05)
27.7782 	EXP 	text: height = np.float64(0.05)
27.7782 	EXP 	text: height = np.float64(0.05)
27.7782 	EXP 	text: text = 'Which one are you going to buy?'
27.7792 	EXP 	eyetracker.setRecordingState(False)
27.7887 	EXP 	text: height = np.float64(0.05)
27.7887 	EXP 	text: height = np.float64(0.05)
27.7887 	EXP 	text: height = np.float64(0.05)
27.7887 	EXP 	text: text = 'Which one are you going to buy?'
27.7895 	EXP 	eyetracker.setRecordingState(False)
27.7989 	EXP 	text: height = np.float64(0.05)
27.7989 	EXP 	text: height = np.float64(0.05)
27.7989 	EXP 	text: height = np.float64(0.05)
27.7989 	EXP 	text: text = 'Which one are you going to buy?'
27.8002 	EXP 	eyetracker.setRecordingState(False)
27.8112 	EXP 	text: height = np.float64(0.05)
27.8112 	EXP 	text: height = np.float64(0.05)
27.8112 	EXP 	text: height = np.float64(0.05)
27.8112 	EXP 	text: text = 'Which one are you going to buy?'
27.8123 	EXP 	eyetracker.setRecordingState(False)
27.8222 	EXP 	text: height = np.float64(0.05)
27.8222 	EXP 	text: height = np.float64(0.05)
27.8222 	EXP 	text: height = np.float64(0.05)
27.8222 	EXP 	text: text = 'Which one are you going to buy?'
27.8233 	EXP 	eyetracker.setRecordingState(False)
27.8328 	EXP 	text: height = np.float64(0.05)
27.8328 	EXP 	text: height = np.float64(0.05)
27.8328 	EXP 	text: height = np.float64(0.05)
27.8328 	EXP 	text: text = 'Which one are you going to buy?'
27.8337 	EXP 	eyetracker.setRecordingState(False)
27.8433 	EXP 	text: height = np.float64(0.05)
27.8433 	EXP 	text: height = np.float64(0.05)
27.8433 	EXP 	text: height = np.float64(0.05)
27.8433 	EXP 	text: text = 'Which one are you going to buy?'
27.8444 	EXP 	eyetracker.setRecordingState(False)
27.8531 	EXP 	text: height = np.float64(0.05)
27.8531 	EXP 	text: height = np.float64(0.05)
27.8531 	EXP 	text: height = np.float64(0.05)
27.8531 	EXP 	text: text = 'Which one are you going to buy?'
27.8539 	EXP 	eyetracker.setRecordingState(False)
27.8631 	EXP 	text: height = np.float64(0.05)
27.8631 	EXP 	text: height = np.float64(0.05)
27.8631 	EXP 	text: height = np.float64(0.05)
27.8631 	EXP 	text: text = 'Which one are you going to buy?'
27.8643 	EXP 	eyetracker.setRecordingState(False)
27.8761 	EXP 	text: height = np.float64(0.05)
27.8761 	EXP 	text: height = np.float64(0.05)
27.8761 	EXP 	text: height = np.float64(0.05)
27.8761 	EXP 	text: text = 'Which one are you going to buy?'
27.8774 	EXP 	eyetracker.setRecordingState(False)
27.8928 	EXP 	text: height = np.float64(0.05)
27.8928 	EXP 	text: height = np.float64(0.05)
27.8928 	EXP 	text: height = np.float64(0.05)
27.8928 	EXP 	text: text = 'Which one are you going to buy?'
27.8947 	EXP 	eyetracker.setRecordingState(False)
27.9106 	EXP 	text: height = np.float64(0.05)
27.9106 	EXP 	text: height = np.float64(0.05)
27.9106 	EXP 	text: height = np.float64(0.05)
27.9106 	EXP 	text: text = 'Which one are you going to buy?'
27.9123 	EXP 	eyetracker.setRecordingState(False)
27.9265 	EXP 	text: height = np.float64(0.05)
27.9265 	EXP 	text: height = np.float64(0.05)
27.9265 	EXP 	text: height = np.float64(0.05)
27.9265 	EXP 	text: text = 'Which one are you going to buy?'
27.9278 	EXP 	eyetracker.setRecordingState(False)
27.9413 	EXP 	text: height = np.float64(0.05)
27.9413 	EXP 	text: height = np.float64(0.05)
27.9413 	EXP 	text: height = np.float64(0.05)
27.9413 	EXP 	text: text = 'Which one are you going to buy?'
27.9427 	EXP 	eyetracker.setRecordingState(False)
27.9568 	EXP 	text: height = np.float64(0.05)
27.9568 	EXP 	text: height = np.float64(0.05)
27.9568 	EXP 	text: height = np.float64(0.05)
27.9568 	EXP 	text: text = 'Which one are you going to buy?'
27.9585 	EXP 	eyetracker.setRecordingState(False)
27.9755 	EXP 	text: height = np.float64(0.05)
27.9755 	EXP 	text: height = np.float64(0.05)
27.9755 	EXP 	text: height = np.float64(0.05)
27.9755 	EXP 	text: text = 'Which one are you going to buy?'
27.9770 	EXP 	eyetracker.setRecordingState(False)
27.9891 	EXP 	text: height = np.float64(0.05)
27.9891 	EXP 	text: height = np.float64(0.05)
27.9891 	EXP 	text: height = np.float64(0.05)
27.9891 	EXP 	text: text = 'Which one are you going to buy?'
27.9902 	EXP 	eyetracker.setRecordingState(False)
28.0020 	EXP 	text: height = np.float64(0.05)
28.0020 	EXP 	text: height = np.float64(0.05)
28.0020 	EXP 	text: height = np.float64(0.05)
28.0020 	EXP 	text: text = 'Which one are you going to buy?'
28.0035 	EXP 	eyetracker.setRecordingState(False)
28.0147 	EXP 	text: height = np.float64(0.05)
28.0147 	EXP 	text: height = np.float64(0.05)
28.0147 	EXP 	text: height = np.float64(0.05)
28.0147 	EXP 	text: text = 'Which one are you going to buy?'
28.0156 	EXP 	eyetracker.setRecordingState(False)
28.0270 	EXP 	text: height = np.float64(0.05)
28.0270 	EXP 	text: height = np.float64(0.05)
28.0270 	EXP 	text: height = np.float64(0.05)
28.0270 	EXP 	text: text = 'Which one are you going to buy?'
28.0285 	EXP 	eyetracker.setRecordingState(False)
28.0416 	EXP 	text: height = np.float64(0.05)
28.0416 	EXP 	text: height = np.float64(0.05)
28.0416 	EXP 	text: height = np.float64(0.05)
28.0416 	EXP 	text: text = 'Which one are you going to buy?'
28.0428 	EXP 	eyetracker.setRecordingState(False)
28.0533 	DATA 	Mouse: Left button down, pos=(1222,488)
28.0563 	EXP 	text: height = np.float64(0.05)
28.0563 	EXP 	text: height = np.float64(0.05)
28.0563 	EXP 	text: height = np.float64(0.05)
28.0563 	EXP 	text: text = 'Which one are you going to buy?'
28.0604 	EXP 	eyetracker.setRecordingState(False)
28.0643 	EXP 	eyetracker.setRecordingState(False)
28.0828 	INFO 	Keyboard events cleared
28.0814 	EXP 	text: autoDraw = False
28.0814 	EXP 	ambewela: autoDraw = False
28.0814 	EXP 	kothmale: autoDraw = False
28.0814 	EXP 	happycow: autoDraw = False
28.0814 	EXP 	kraft: autoDraw = False
28.0814 	EXP 	richlife: autoDraw = False
28.0814 	EXP 	text_2: autoDraw = False
28.0814 	EXP 	text_3: autoDraw = False
28.0814 	EXP 	text_4: autoDraw = False
28.0814 	EXP 	text_5: autoDraw = False
28.0814 	EXP 	text_6: autoDraw = False
28.0814 	EXP 	text_7: autoDraw = True
28.0814 	EXP 	highlandYoghurt: autoDraw = True
28.0814 	EXP 	anchoryoghurt: autoDraw = True
28.0814 	EXP 	ambewelayoghurt: autoDraw = True
28.0814 	EXP 	pelawatteyoghurt: autoDraw = True
28.0814 	EXP 	text_8: autoDraw = True
28.0814 	EXP 	text_9: autoDraw = True
28.0814 	EXP 	text_10: autoDraw = True
28.0814 	EXP 	text_11: autoDraw = True
28.0856 	EXP 	eyetracker.setRecordingState(False)
28.0941 	EXP 	eyetracker.setRecordingState(False)
28.1030 	EXP 	eyetracker.setRecordingState(False)
28.1116 	EXP 	eyetracker.setRecordingState(False)
28.1205 	EXP 	eyetracker.setRecordingState(False)
28.1316 	EXP 	eyetracker.setRecordingState(False)
28.1406 	EXP 	eyetracker.setRecordingState(False)
28.1508 	EXP 	eyetracker.setRecordingState(False)
28.1620 	EXP 	eyetracker.setRecordingState(False)
28.1704 	EXP 	eyetracker.setRecordingState(False)
28.1791 	EXP 	eyetracker.setRecordingState(False)
28.1896 	EXP 	eyetracker.setRecordingState(False)
28.1996 	EXP 	eyetracker.setRecordingState(False)
28.2107 	EXP 	eyetracker.setRecordingState(False)
28.2232 	EXP 	eyetracker.setRecordingState(False)
28.2340 	EXP 	eyetracker.setRecordingState(False)
28.2459 	EXP 	eyetracker.setRecordingState(False)
28.2566 	EXP 	eyetracker.setRecordingState(False)
28.2651 	EXP 	eyetracker.setRecordingState(False)
28.2694 	DATA 	Mouse:  Left button up, pos=(1222,488)
28.2742 	EXP 	eyetracker.setRecordingState(False)
28.2830 	EXP 	eyetracker.setRecordingState(False)
28.2918 	EXP 	eyetracker.setRecordingState(False)
28.3015 	EXP 	eyetracker.setRecordingState(False)
28.3119 	EXP 	eyetracker.setRecordingState(False)
28.3235 	EXP 	eyetracker.setRecordingState(False)
28.3341 	EXP 	eyetracker.setRecordingState(False)
28.3454 	EXP 	eyetracker.setRecordingState(False)
28.3553 	EXP 	eyetracker.setRecordingState(False)
28.3652 	EXP 	eyetracker.setRecordingState(False)
28.3733 	EXP 	eyetracker.setRecordingState(False)
28.3816 	EXP 	eyetracker.setRecordingState(False)
28.3897 	EXP 	eyetracker.setRecordingState(False)
28.3983 	EXP 	eyetracker.setRecordingState(False)
28.4045 	EXP 	eyetracker.setRecordingState(False)
28.4108 	EXP 	eyetracker.setRecordingState(False)
28.4179 	EXP 	eyetracker.setRecordingState(False)
28.4261 	EXP 	eyetracker.setRecordingState(False)
28.4348 	EXP 	eyetracker.setRecordingState(False)
28.4442 	EXP 	eyetracker.setRecordingState(False)
28.4523 	EXP 	eyetracker.setRecordingState(False)
28.4610 	EXP 	eyetracker.setRecordingState(False)
28.4688 	EXP 	eyetracker.setRecordingState(False)
28.4781 	EXP 	eyetracker.setRecordingState(False)
28.4882 	EXP 	eyetracker.setRecordingState(False)
28.4981 	EXP 	eyetracker.setRecordingState(False)
28.5081 	EXP 	eyetracker.setRecordingState(False)
28.5158 	EXP 	eyetracker.setRecordingState(False)
28.5247 	EXP 	eyetracker.setRecordingState(False)
28.5344 	EXP 	eyetracker.setRecordingState(False)
28.5445 	EXP 	eyetracker.setRecordingState(False)
28.5556 	EXP 	eyetracker.setRecordingState(False)
28.5665 	EXP 	eyetracker.setRecordingState(False)
28.5768 	EXP 	eyetracker.setRecordingState(False)
28.5879 	EXP 	eyetracker.setRecordingState(False)
28.5986 	EXP 	eyetracker.setRecordingState(False)
28.6089 	EXP 	eyetracker.setRecordingState(False)
28.6200 	EXP 	eyetracker.setRecordingState(False)
28.6318 	EXP 	eyetracker.setRecordingState(False)
28.6436 	EXP 	eyetracker.setRecordingState(False)
28.6552 	EXP 	eyetracker.setRecordingState(False)
28.6690 	EXP 	eyetracker.setRecordingState(False)
28.6822 	EXP 	eyetracker.setRecordingState(False)
28.6943 	EXP 	eyetracker.setRecordingState(False)
28.7053 	EXP 	eyetracker.setRecordingState(False)
28.7179 	EXP 	eyetracker.setRecordingState(False)
28.7318 	EXP 	eyetracker.setRecordingState(False)
28.7439 	EXP 	eyetracker.setRecordingState(False)
28.7555 	EXP 	eyetracker.setRecordingState(False)
28.7671 	EXP 	eyetracker.setRecordingState(False)
28.7773 	EXP 	eyetracker.setRecordingState(False)
28.7917 	EXP 	eyetracker.setRecordingState(False)
28.8056 	EXP 	eyetracker.setRecordingState(False)
28.8204 	EXP 	eyetracker.setRecordingState(False)
28.8327 	EXP 	eyetracker.setRecordingState(False)
28.8437 	EXP 	eyetracker.setRecordingState(False)
28.8548 	EXP 	eyetracker.setRecordingState(False)
28.8655 	EXP 	eyetracker.setRecordingState(False)
28.8759 	EXP 	eyetracker.setRecordingState(False)
28.8880 	EXP 	eyetracker.setRecordingState(False)
28.9021 	EXP 	eyetracker.setRecordingState(False)
28.9146 	EXP 	eyetracker.setRecordingState(False)
28.9267 	EXP 	eyetracker.setRecordingState(False)
28.9377 	EXP 	eyetracker.setRecordingState(False)
28.9485 	EXP 	eyetracker.setRecordingState(False)
28.9613 	EXP 	eyetracker.setRecordingState(False)
28.9716 	EXP 	eyetracker.setRecordingState(False)
28.9829 	EXP 	eyetracker.setRecordingState(False)
28.9942 	EXP 	eyetracker.setRecordingState(False)
29.0104 	EXP 	eyetracker.setRecordingState(False)
29.0207 	EXP 	eyetracker.setRecordingState(False)
29.0343 	EXP 	eyetracker.setRecordingState(False)
29.0442 	EXP 	eyetracker.setRecordingState(False)
29.0539 	EXP 	eyetracker.setRecordingState(False)
29.0626 	EXP 	eyetracker.setRecordingState(False)
29.0686 	EXP 	eyetracker.setRecordingState(False)
29.0737 	EXP 	eyetracker.setRecordingState(False)
29.0792 	EXP 	eyetracker.setRecordingState(False)
29.0847 	EXP 	eyetracker.setRecordingState(False)
29.0904 	EXP 	eyetracker.setRecordingState(False)
29.0954 	EXP 	eyetracker.setRecordingState(False)
29.1005 	EXP 	eyetracker.setRecordingState(False)
29.1066 	EXP 	eyetracker.setRecordingState(False)
29.1132 	EXP 	eyetracker.setRecordingState(False)
29.1203 	EXP 	eyetracker.setRecordingState(False)
29.1271 	EXP 	eyetracker.setRecordingState(False)
29.1340 	EXP 	eyetracker.setRecordingState(False)
29.1409 	EXP 	eyetracker.setRecordingState(False)
29.1479 	EXP 	eyetracker.setRecordingState(False)
29.1547 	EXP 	eyetracker.setRecordingState(False)
29.1619 	EXP 	eyetracker.setRecordingState(False)
29.1687 	EXP 	eyetracker.setRecordingState(False)
29.1758 	EXP 	eyetracker.setRecordingState(False)
29.1831 	EXP 	eyetracker.setRecordingState(False)
29.1904 	EXP 	eyetracker.setRecordingState(False)
29.1970 	EXP 	eyetracker.setRecordingState(False)
29.2038 	EXP 	eyetracker.setRecordingState(False)
29.2109 	EXP 	eyetracker.setRecordingState(False)
29.2183 	EXP 	eyetracker.setRecordingState(False)
29.2252 	EXP 	eyetracker.setRecordingState(False)
29.2317 	EXP 	eyetracker.setRecordingState(False)
29.2390 	EXP 	eyetracker.setRecordingState(False)
29.2464 	EXP 	eyetracker.setRecordingState(False)
29.2546 	EXP 	eyetracker.setRecordingState(False)
29.2629 	EXP 	eyetracker.setRecordingState(False)
29.2717 	EXP 	eyetracker.setRecordingState(False)
29.2805 	EXP 	eyetracker.setRecordingState(False)
29.2897 	EXP 	eyetracker.setRecordingState(False)
29.3006 	EXP 	eyetracker.setRecordingState(False)
29.3100 	EXP 	eyetracker.setRecordingState(False)
29.3192 	EXP 	eyetracker.setRecordingState(False)
29.3291 	EXP 	eyetracker.setRecordingState(False)
29.3392 	EXP 	eyetracker.setRecordingState(False)
29.3488 	EXP 	eyetracker.setRecordingState(False)
29.3578 	EXP 	eyetracker.setRecordingState(False)
29.3680 	EXP 	eyetracker.setRecordingState(False)
29.3788 	EXP 	eyetracker.setRecordingState(False)
29.3894 	EXP 	eyetracker.setRecordingState(False)
29.3996 	EXP 	eyetracker.setRecordingState(False)
29.4084 	EXP 	eyetracker.setRecordingState(False)
29.4171 	EXP 	eyetracker.setRecordingState(False)
29.4269 	EXP 	eyetracker.setRecordingState(False)
29.4370 	EXP 	eyetracker.setRecordingState(False)
29.4472 	EXP 	eyetracker.setRecordingState(False)
29.4581 	EXP 	eyetracker.setRecordingState(False)
29.4687 	EXP 	eyetracker.setRecordingState(False)
29.4805 	EXP 	eyetracker.setRecordingState(False)
29.4918 	EXP 	eyetracker.setRecordingState(False)
29.5035 	EXP 	eyetracker.setRecordingState(False)
29.5146 	EXP 	eyetracker.setRecordingState(False)
29.5245 	EXP 	eyetracker.setRecordingState(False)
29.5351 	EXP 	eyetracker.setRecordingState(False)
29.5449 	EXP 	eyetracker.setRecordingState(False)
29.5559 	EXP 	eyetracker.setRecordingState(False)
29.5662 	EXP 	eyetracker.setRecordingState(False)
29.5762 	EXP 	eyetracker.setRecordingState(False)
29.5858 	EXP 	eyetracker.setRecordingState(False)
29.5957 	EXP 	eyetracker.setRecordingState(False)
29.6058 	EXP 	eyetracker.setRecordingState(False)
29.6156 	EXP 	eyetracker.setRecordingState(False)
29.6252 	EXP 	eyetracker.setRecordingState(False)
29.6339 	EXP 	eyetracker.setRecordingState(False)
29.6432 	EXP 	eyetracker.setRecordingState(False)
29.6519 	EXP 	eyetracker.setRecordingState(False)
29.6602 	EXP 	eyetracker.setRecordingState(False)
29.6690 	EXP 	eyetracker.setRecordingState(False)
29.6784 	EXP 	eyetracker.setRecordingState(False)
29.6885 	EXP 	eyetracker.setRecordingState(False)
29.7003 	EXP 	eyetracker.setRecordingState(False)
29.7115 	EXP 	eyetracker.setRecordingState(False)
29.7244 	EXP 	eyetracker.setRecordingState(False)
29.7353 	EXP 	eyetracker.setRecordingState(False)
29.7457 	EXP 	eyetracker.setRecordingState(False)
29.7575 	EXP 	eyetracker.setRecordingState(False)
29.7694 	EXP 	eyetracker.setRecordingState(False)
29.7785 	EXP 	eyetracker.setRecordingState(False)
29.7877 	EXP 	eyetracker.setRecordingState(False)
29.7972 	EXP 	eyetracker.setRecordingState(False)
29.8061 	EXP 	eyetracker.setRecordingState(False)
29.8156 	EXP 	eyetracker.setRecordingState(False)
29.8243 	EXP 	eyetracker.setRecordingState(False)
29.8335 	EXP 	eyetracker.setRecordingState(False)
29.8416 	EXP 	eyetracker.setRecordingState(False)
29.8505 	EXP 	eyetracker.setRecordingState(False)
29.8608 	EXP 	eyetracker.setRecordingState(False)
29.8703 	EXP 	eyetracker.setRecordingState(False)
29.8799 	EXP 	eyetracker.setRecordingState(False)
29.8889 	EXP 	eyetracker.setRecordingState(False)
29.8976 	EXP 	eyetracker.setRecordingState(False)
29.9055 	EXP 	eyetracker.setRecordingState(False)
29.9133 	EXP 	eyetracker.setRecordingState(False)
29.9218 	EXP 	eyetracker.setRecordingState(False)
29.9302 	EXP 	eyetracker.setRecordingState(False)
29.9392 	EXP 	eyetracker.setRecordingState(False)
29.9502 	EXP 	eyetracker.setRecordingState(False)
29.9594 	EXP 	eyetracker.setRecordingState(False)
29.9676 	EXP 	eyetracker.setRecordingState(False)
29.9761 	EXP 	eyetracker.setRecordingState(False)
29.9850 	EXP 	eyetracker.setRecordingState(False)
29.9946 	EXP 	eyetracker.setRecordingState(False)
30.0065 	EXP 	eyetracker.setRecordingState(False)
30.0162 	EXP 	eyetracker.setRecordingState(False)
30.0252 	EXP 	eyetracker.setRecordingState(False)
30.0346 	EXP 	eyetracker.setRecordingState(False)
30.0440 	EXP 	eyetracker.setRecordingState(False)
30.0552 	EXP 	eyetracker.setRecordingState(False)
30.0652 	EXP 	eyetracker.setRecordingState(False)
30.0750 	EXP 	eyetracker.setRecordingState(False)
30.0864 	EXP 	eyetracker.setRecordingState(False)
30.0985 	EXP 	eyetracker.setRecordingState(False)
30.1092 	EXP 	eyetracker.setRecordingState(False)
30.1208 	EXP 	eyetracker.setRecordingState(False)
30.1323 	EXP 	eyetracker.setRecordingState(False)
30.1442 	EXP 	eyetracker.setRecordingState(False)
30.1550 	EXP 	eyetracker.setRecordingState(False)
30.1664 	EXP 	eyetracker.setRecordingState(False)
30.1780 	EXP 	eyetracker.setRecordingState(False)
30.1893 	EXP 	eyetracker.setRecordingState(False)
30.2004 	EXP 	eyetracker.setRecordingState(False)
30.2129 	EXP 	eyetracker.setRecordingState(False)
30.2242 	EXP 	eyetracker.setRecordingState(False)
30.2345 	EXP 	eyetracker.setRecordingState(False)
30.2457 	EXP 	eyetracker.setRecordingState(False)
30.2568 	EXP 	eyetracker.setRecordingState(False)
30.2693 	EXP 	eyetracker.setRecordingState(False)
30.2812 	EXP 	eyetracker.setRecordingState(False)
30.2928 	EXP 	eyetracker.setRecordingState(False)
30.3076 	EXP 	eyetracker.setRecordingState(False)
30.3201 	EXP 	eyetracker.setRecordingState(False)
30.3319 	EXP 	eyetracker.setRecordingState(False)
30.3432 	EXP 	eyetracker.setRecordingState(False)
30.3535 	EXP 	eyetracker.setRecordingState(False)
30.3650 	EXP 	eyetracker.setRecordingState(False)
30.3769 	EXP 	eyetracker.setRecordingState(False)
30.3885 	EXP 	eyetracker.setRecordingState(False)
30.3990 	EXP 	eyetracker.setRecordingState(False)
30.4100 	EXP 	eyetracker.setRecordingState(False)
30.4176 	EXP 	eyetracker.setRecordingState(False)
30.4255 	EXP 	eyetracker.setRecordingState(False)
30.4352 	EXP 	eyetracker.setRecordingState(False)
30.4438 	EXP 	eyetracker.setRecordingState(False)
30.4532 	EXP 	eyetracker.setRecordingState(False)
30.4643 	EXP 	eyetracker.setRecordingState(False)
30.4758 	EXP 	eyetracker.setRecordingState(False)
30.4864 	EXP 	eyetracker.setRecordingState(False)
30.4974 	EXP 	eyetracker.setRecordingState(False)
30.5084 	EXP 	eyetracker.setRecordingState(False)
30.5188 	EXP 	eyetracker.setRecordingState(False)
30.5287 	EXP 	eyetracker.setRecordingState(False)
30.5386 	EXP 	eyetracker.setRecordingState(False)
30.5478 	EXP 	eyetracker.setRecordingState(False)
30.5617 	EXP 	eyetracker.setRecordingState(False)
30.5726 	EXP 	eyetracker.setRecordingState(False)
30.5824 	EXP 	eyetracker.setRecordingState(False)
30.5925 	EXP 	eyetracker.setRecordingState(False)
30.6035 	EXP 	eyetracker.setRecordingState(False)
30.6137 	EXP 	eyetracker.setRecordingState(False)
30.6247 	EXP 	eyetracker.setRecordingState(False)
30.6349 	EXP 	eyetracker.setRecordingState(False)
30.6446 	EXP 	eyetracker.setRecordingState(False)
30.6568 	EXP 	eyetracker.setRecordingState(False)
30.6693 	EXP 	eyetracker.setRecordingState(False)
30.6792 	EXP 	eyetracker.setRecordingState(False)
30.6898 	EXP 	eyetracker.setRecordingState(False)
30.7000 	EXP 	eyetracker.setRecordingState(False)
30.7112 	EXP 	eyetracker.setRecordingState(False)
30.7235 	EXP 	eyetracker.setRecordingState(False)
30.7354 	EXP 	eyetracker.setRecordingState(False)
30.7466 	EXP 	eyetracker.setRecordingState(False)
30.7572 	EXP 	eyetracker.setRecordingState(False)
30.7680 	EXP 	eyetracker.setRecordingState(False)
30.7796 	EXP 	eyetracker.setRecordingState(False)
30.7907 	EXP 	eyetracker.setRecordingState(False)
30.7998 	EXP 	eyetracker.setRecordingState(False)
30.8083 	EXP 	eyetracker.setRecordingState(False)
30.8180 	EXP 	eyetracker.setRecordingState(False)
30.8270 	EXP 	eyetracker.setRecordingState(False)
30.8366 	EXP 	eyetracker.setRecordingState(False)
30.8469 	EXP 	eyetracker.setRecordingState(False)
30.8574 	EXP 	eyetracker.setRecordingState(False)
30.8672 	EXP 	eyetracker.setRecordingState(False)
30.8764 	EXP 	eyetracker.setRecordingState(False)
30.8861 	EXP 	eyetracker.setRecordingState(False)
30.8956 	EXP 	eyetracker.setRecordingState(False)
30.9048 	EXP 	eyetracker.setRecordingState(False)
30.9150 	EXP 	eyetracker.setRecordingState(False)
30.9250 	EXP 	eyetracker.setRecordingState(False)
30.9360 	EXP 	eyetracker.setRecordingState(False)
30.9463 	EXP 	eyetracker.setRecordingState(False)
30.9569 	EXP 	eyetracker.setRecordingState(False)
30.9678 	EXP 	eyetracker.setRecordingState(False)
30.9769 	EXP 	eyetracker.setRecordingState(False)
30.9864 	EXP 	eyetracker.setRecordingState(False)
30.9964 	EXP 	eyetracker.setRecordingState(False)
31.0067 	EXP 	eyetracker.setRecordingState(False)
31.0160 	EXP 	eyetracker.setRecordingState(False)
31.0253 	EXP 	eyetracker.setRecordingState(False)
31.0376 	EXP 	eyetracker.setRecordingState(False)
31.0474 	EXP 	eyetracker.setRecordingState(False)
31.0590 	EXP 	eyetracker.setRecordingState(False)
31.0695 	EXP 	eyetracker.setRecordingState(False)
31.0788 	EXP 	eyetracker.setRecordingState(False)
31.0888 	EXP 	eyetracker.setRecordingState(False)
31.0988 	EXP 	eyetracker.setRecordingState(False)
31.1079 	EXP 	eyetracker.setRecordingState(False)
31.1174 	EXP 	eyetracker.setRecordingState(False)
31.1267 	EXP 	eyetracker.setRecordingState(False)
31.1370 	EXP 	eyetracker.setRecordingState(False)
31.1478 	EXP 	eyetracker.setRecordingState(False)
31.1584 	EXP 	eyetracker.setRecordingState(False)
31.1692 	EXP 	eyetracker.setRecordingState(False)
31.1797 	EXP 	eyetracker.setRecordingState(False)
31.1896 	EXP 	eyetracker.setRecordingState(False)
31.1982 	EXP 	eyetracker.setRecordingState(False)
31.2074 	EXP 	eyetracker.setRecordingState(False)
31.2145 	EXP 	eyetracker.setRecordingState(False)
31.2216 	EXP 	eyetracker.setRecordingState(False)
31.2280 	EXP 	eyetracker.setRecordingState(False)
31.2346 	EXP 	eyetracker.setRecordingState(False)
31.2409 	EXP 	eyetracker.setRecordingState(False)
31.2470 	EXP 	eyetracker.setRecordingState(False)
31.2539 	EXP 	eyetracker.setRecordingState(False)
31.2597 	EXP 	eyetracker.setRecordingState(False)
31.2656 	EXP 	eyetracker.setRecordingState(False)
31.2717 	EXP 	eyetracker.setRecordingState(False)
31.2776 	EXP 	eyetracker.setRecordingState(False)
31.2846 	EXP 	eyetracker.setRecordingState(False)
31.2919 	EXP 	eyetracker.setRecordingState(False)
31.3011 	EXP 	eyetracker.setRecordingState(False)
31.3101 	EXP 	eyetracker.setRecordingState(False)
31.3202 	EXP 	eyetracker.setRecordingState(False)
31.3298 	EXP 	eyetracker.setRecordingState(False)
31.3405 	EXP 	eyetracker.setRecordingState(False)
31.3504 	EXP 	eyetracker.setRecordingState(False)
31.3591 	EXP 	eyetracker.setRecordingState(False)
31.3680 	EXP 	eyetracker.setRecordingState(False)
31.3764 	EXP 	eyetracker.setRecordingState(False)
31.3828 	EXP 	eyetracker.setRecordingState(False)
31.3903 	EXP 	eyetracker.setRecordingState(False)
31.3994 	EXP 	eyetracker.setRecordingState(False)
31.4070 	EXP 	eyetracker.setRecordingState(False)
31.4151 	EXP 	eyetracker.setRecordingState(False)
31.4241 	EXP 	eyetracker.setRecordingState(False)
31.4323 	EXP 	eyetracker.setRecordingState(False)
31.4413 	EXP 	eyetracker.setRecordingState(False)
31.4499 	EXP 	eyetracker.setRecordingState(False)
31.4606 	EXP 	eyetracker.setRecordingState(False)
31.4700 	EXP 	eyetracker.setRecordingState(False)
31.4802 	EXP 	eyetracker.setRecordingState(False)
31.4902 	EXP 	eyetracker.setRecordingState(False)
31.4994 	EXP 	eyetracker.setRecordingState(False)
31.5091 	EXP 	eyetracker.setRecordingState(False)
31.5192 	EXP 	eyetracker.setRecordingState(False)
31.5273 	EXP 	eyetracker.setRecordingState(False)
31.5351 	EXP 	eyetracker.setRecordingState(False)
31.5427 	EXP 	eyetracker.setRecordingState(False)
31.5515 	EXP 	eyetracker.setRecordingState(False)
31.5613 	EXP 	eyetracker.setRecordingState(False)
31.5707 	EXP 	eyetracker.setRecordingState(False)
31.5800 	EXP 	eyetracker.setRecordingState(False)
31.5894 	EXP 	eyetracker.setRecordingState(False)
31.5998 	EXP 	eyetracker.setRecordingState(False)
31.6081 	EXP 	eyetracker.setRecordingState(False)
31.6188 	EXP 	eyetracker.setRecordingState(False)
31.6287 	EXP 	eyetracker.setRecordingState(False)
31.6386 	EXP 	eyetracker.setRecordingState(False)
31.6500 	EXP 	eyetracker.setRecordingState(False)
31.6621 	EXP 	eyetracker.setRecordingState(False)
31.6716 	EXP 	eyetracker.setRecordingState(False)
31.6834 	EXP 	eyetracker.setRecordingState(False)
31.6957 	EXP 	eyetracker.setRecordingState(False)
31.7062 	EXP 	eyetracker.setRecordingState(False)
31.7177 	EXP 	eyetracker.setRecordingState(False)
31.7303 	EXP 	eyetracker.setRecordingState(False)
31.7394 	EXP 	eyetracker.setRecordingState(False)
31.7497 	EXP 	eyetracker.setRecordingState(False)
31.7620 	EXP 	eyetracker.setRecordingState(False)
31.7742 	EXP 	eyetracker.setRecordingState(False)
31.7866 	EXP 	eyetracker.setRecordingState(False)
31.7955 	EXP 	eyetracker.setRecordingState(False)
31.8051 	EXP 	eyetracker.setRecordingState(False)
31.8155 	EXP 	eyetracker.setRecordingState(False)
31.8264 	EXP 	eyetracker.setRecordingState(False)
31.8372 	EXP 	eyetracker.setRecordingState(False)
31.8467 	EXP 	eyetracker.setRecordingState(False)
31.8565 	EXP 	eyetracker.setRecordingState(False)
31.8651 	EXP 	eyetracker.setRecordingState(False)
31.8757 	EXP 	eyetracker.setRecordingState(False)
31.8865 	EXP 	eyetracker.setRecordingState(False)
31.8969 	EXP 	eyetracker.setRecordingState(False)
31.9078 	EXP 	eyetracker.setRecordingState(False)
31.9165 	EXP 	eyetracker.setRecordingState(False)
31.9259 	EXP 	eyetracker.setRecordingState(False)
31.9343 	EXP 	eyetracker.setRecordingState(False)
31.9419 	EXP 	eyetracker.setRecordingState(False)
31.9496 	EXP 	eyetracker.setRecordingState(False)
31.9578 	EXP 	eyetracker.setRecordingState(False)
31.9657 	EXP 	eyetracker.setRecordingState(False)
31.9762 	EXP 	eyetracker.setRecordingState(False)
31.9836 	EXP 	eyetracker.setRecordingState(False)
31.9899 	EXP 	eyetracker.setRecordingState(False)
31.9967 	EXP 	eyetracker.setRecordingState(False)
32.0036 	EXP 	eyetracker.setRecordingState(False)
32.0109 	EXP 	eyetracker.setRecordingState(False)
32.0191 	EXP 	eyetracker.setRecordingState(False)
32.0271 	EXP 	eyetracker.setRecordingState(False)
32.0373 	EXP 	eyetracker.setRecordingState(False)
32.0457 	EXP 	eyetracker.setRecordingState(False)
32.0532 	EXP 	eyetracker.setRecordingState(False)
32.0614 	EXP 	eyetracker.setRecordingState(False)
32.0688 	EXP 	eyetracker.setRecordingState(False)
32.0774 	EXP 	eyetracker.setRecordingState(False)
32.0875 	EXP 	eyetracker.setRecordingState(False)
32.0953 	EXP 	eyetracker.setRecordingState(False)
32.1034 	EXP 	eyetracker.setRecordingState(False)
32.1125 	EXP 	eyetracker.setRecordingState(False)
32.1201 	EXP 	eyetracker.setRecordingState(False)
32.1281 	EXP 	eyetracker.setRecordingState(False)
32.1361 	EXP 	eyetracker.setRecordingState(False)
32.1447 	EXP 	eyetracker.setRecordingState(False)
32.1532 	EXP 	eyetracker.setRecordingState(False)
32.1628 	EXP 	eyetracker.setRecordingState(False)
32.1704 	EXP 	eyetracker.setRecordingState(False)
32.1775 	EXP 	eyetracker.setRecordingState(False)
32.1848 	EXP 	eyetracker.setRecordingState(False)
32.1915 	EXP 	eyetracker.setRecordingState(False)
32.1977 	EXP 	eyetracker.setRecordingState(False)
32.2040 	EXP 	eyetracker.setRecordingState(False)
32.2105 	EXP 	eyetracker.setRecordingState(False)
32.2170 	EXP 	eyetracker.setRecordingState(False)
32.2246 	EXP 	eyetracker.setRecordingState(False)
32.2319 	EXP 	eyetracker.setRecordingState(False)
32.2398 	EXP 	eyetracker.setRecordingState(False)
32.2480 	EXP 	eyetracker.setRecordingState(False)
32.2570 	EXP 	eyetracker.setRecordingState(False)
32.2656 	EXP 	eyetracker.setRecordingState(False)
32.2736 	EXP 	eyetracker.setRecordingState(False)
32.2830 	EXP 	eyetracker.setRecordingState(False)
32.2916 	EXP 	eyetracker.setRecordingState(False)
32.3034 	EXP 	eyetracker.setRecordingState(False)
32.3127 	EXP 	eyetracker.setRecordingState(False)
32.3220 	EXP 	eyetracker.setRecordingState(False)
32.3306 	EXP 	eyetracker.setRecordingState(False)
32.3385 	EXP 	eyetracker.setRecordingState(False)
32.3479 	EXP 	eyetracker.setRecordingState(False)
32.3569 	EXP 	eyetracker.setRecordingState(False)
32.3669 	EXP 	eyetracker.setRecordingState(False)
32.3798 	EXP 	eyetracker.setRecordingState(False)
32.3899 	EXP 	eyetracker.setRecordingState(False)
32.4013 	EXP 	eyetracker.setRecordingState(False)
32.4122 	EXP 	eyetracker.setRecordingState(False)
32.4221 	EXP 	eyetracker.setRecordingState(False)
32.4309 	EXP 	eyetracker.setRecordingState(False)
32.4373 	EXP 	eyetracker.setRecordingState(False)
32.4436 	EXP 	eyetracker.setRecordingState(False)
32.4507 	EXP 	eyetracker.setRecordingState(False)
32.4581 	EXP 	eyetracker.setRecordingState(False)
32.4644 	EXP 	eyetracker.setRecordingState(False)
32.4703 	EXP 	eyetracker.setRecordingState(False)
32.4770 	EXP 	eyetracker.setRecordingState(False)
32.4831 	EXP 	eyetracker.setRecordingState(False)
32.4916 	EXP 	eyetracker.setRecordingState(False)
32.4998 	EXP 	eyetracker.setRecordingState(False)
32.5081 	EXP 	eyetracker.setRecordingState(False)
32.5165 	EXP 	eyetracker.setRecordingState(False)
32.5254 	EXP 	eyetracker.setRecordingState(False)
32.5343 	EXP 	eyetracker.setRecordingState(False)
32.5431 	EXP 	eyetracker.setRecordingState(False)
32.5519 	EXP 	eyetracker.setRecordingState(False)
32.5590 	EXP 	eyetracker.setRecordingState(False)
32.5677 	EXP 	eyetracker.setRecordingState(False)
32.5759 	EXP 	eyetracker.setRecordingState(False)
32.5848 	EXP 	eyetracker.setRecordingState(False)
32.5929 	EXP 	eyetracker.setRecordingState(False)
32.6026 	EXP 	eyetracker.setRecordingState(False)
32.6128 	EXP 	eyetracker.setRecordingState(False)
32.6236 	EXP 	eyetracker.setRecordingState(False)
32.6324 	EXP 	eyetracker.setRecordingState(False)
32.6412 	EXP 	eyetracker.setRecordingState(False)
32.6520 	EXP 	eyetracker.setRecordingState(False)
32.6616 	EXP 	eyetracker.setRecordingState(False)
32.6701 	EXP 	eyetracker.setRecordingState(False)
32.6818 	EXP 	eyetracker.setRecordingState(False)
32.6913 	EXP 	eyetracker.setRecordingState(False)
32.7012 	EXP 	eyetracker.setRecordingState(False)
32.7115 	EXP 	eyetracker.setRecordingState(False)
32.7238 	EXP 	eyetracker.setRecordingState(False)
32.7327 	EXP 	eyetracker.setRecordingState(False)
32.7447 	EXP 	eyetracker.setRecordingState(False)
32.7534 	EXP 	eyetracker.setRecordingState(False)
32.7625 	EXP 	eyetracker.setRecordingState(False)
32.7723 	EXP 	eyetracker.setRecordingState(False)
32.7808 	EXP 	eyetracker.setRecordingState(False)
32.7937 	EXP 	eyetracker.setRecordingState(False)
32.8052 	EXP 	eyetracker.setRecordingState(False)
32.8159 	EXP 	eyetracker.setRecordingState(False)
32.8267 	EXP 	eyetracker.setRecordingState(False)
32.8366 	EXP 	eyetracker.setRecordingState(False)
32.8499 	EXP 	eyetracker.setRecordingState(False)
32.8622 	EXP 	eyetracker.setRecordingState(False)
32.8746 	EXP 	eyetracker.setRecordingState(False)
32.8861 	EXP 	eyetracker.setRecordingState(False)
32.9001 	EXP 	eyetracker.setRecordingState(False)
32.9124 	EXP 	eyetracker.setRecordingState(False)
32.9231 	EXP 	eyetracker.setRecordingState(False)
32.9336 	EXP 	eyetracker.setRecordingState(False)
32.9455 	EXP 	eyetracker.setRecordingState(False)
32.9545 	EXP 	eyetracker.setRecordingState(False)
32.9651 	EXP 	eyetracker.setRecordingState(False)
32.9746 	EXP 	eyetracker.setRecordingState(False)
32.9835 	EXP 	eyetracker.setRecordingState(False)
32.9957 	EXP 	eyetracker.setRecordingState(False)
33.0058 	EXP 	eyetracker.setRecordingState(False)
33.0151 	EXP 	eyetracker.setRecordingState(False)
33.0244 	EXP 	eyetracker.setRecordingState(False)
33.0331 	EXP 	eyetracker.setRecordingState(False)
33.0435 	EXP 	eyetracker.setRecordingState(False)
33.0530 	EXP 	eyetracker.setRecordingState(False)
33.0612 	EXP 	eyetracker.setRecordingState(False)
33.0711 	EXP 	eyetracker.setRecordingState(False)
33.0801 	EXP 	eyetracker.setRecordingState(False)
33.0900 	EXP 	eyetracker.setRecordingState(False)
33.0993 	EXP 	eyetracker.setRecordingState(False)
33.1083 	EXP 	eyetracker.setRecordingState(False)
33.1179 	EXP 	eyetracker.setRecordingState(False)
33.1277 	EXP 	eyetracker.setRecordingState(False)
33.1364 	EXP 	eyetracker.setRecordingState(False)
33.1467 	EXP 	eyetracker.setRecordingState(False)
33.1573 	EXP 	eyetracker.setRecordingState(False)
33.1669 	EXP 	eyetracker.setRecordingState(False)
33.1760 	EXP 	eyetracker.setRecordingState(False)
33.1860 	EXP 	eyetracker.setRecordingState(False)
33.1954 	EXP 	eyetracker.setRecordingState(False)
33.2052 	EXP 	eyetracker.setRecordingState(False)
33.2163 	EXP 	eyetracker.setRecordingState(False)
33.2270 	EXP 	eyetracker.setRecordingState(False)
33.2388 	EXP 	eyetracker.setRecordingState(False)
33.2512 	EXP 	eyetracker.setRecordingState(False)
33.2632 	EXP 	eyetracker.setRecordingState(False)
33.2756 	EXP 	eyetracker.setRecordingState(False)
33.2868 	EXP 	eyetracker.setRecordingState(False)
33.2980 	EXP 	eyetracker.setRecordingState(False)
33.3090 	EXP 	eyetracker.setRecordingState(False)
33.3210 	DATA 	Mouse: Left button down, pos=(587,527)
33.3245 	EXP 	eyetracker.setRecordingState(False)
33.3278 	EXP 	eyetracker.setRecordingState(False)
33.3466 	INFO 	Keyboard events cleared
33.3454 	EXP 	text_7: autoDraw = False
33.3454 	EXP 	highlandYoghurt: autoDraw = False
33.3454 	EXP 	anchoryoghurt: autoDraw = False
33.3454 	EXP 	ambewelayoghurt: autoDraw = False
33.3454 	EXP 	pelawatteyoghurt: autoDraw = False
33.3454 	EXP 	text_8: autoDraw = False
33.3454 	EXP 	text_9: autoDraw = False
33.3454 	EXP 	text_10: autoDraw = False
33.3454 	EXP 	text_11: autoDraw = False
33.3454 	EXP 	text_12: autoDraw = True
33.3454 	EXP 	fortune: autoDraw = True
33.3454 	EXP 	marina: autoDraw = True
33.3454 	EXP 	Njoy: autoDraw = True
33.3454 	EXP 	text_13: autoDraw = True
33.3454 	EXP 	text_14: autoDraw = True
33.3454 	EXP 	text_15: autoDraw = True
33.3488 	EXP 	eyetracker.setRecordingState(False)
33.3576 	EXP 	eyetracker.setRecordingState(False)
33.3664 	EXP 	eyetracker.setRecordingState(False)
33.3754 	EXP 	eyetracker.setRecordingState(False)
33.3838 	EXP 	eyetracker.setRecordingState(False)
33.3927 	EXP 	eyetracker.setRecordingState(False)
33.4017 	EXP 	eyetracker.setRecordingState(False)
33.4099 	EXP 	eyetracker.setRecordingState(False)
33.4183 	EXP 	eyetracker.setRecordingState(False)
33.4272 	EXP 	eyetracker.setRecordingState(False)
33.4366 	EXP 	eyetracker.setRecordingState(False)
33.4455 	EXP 	eyetracker.setRecordingState(False)
33.4541 	EXP 	eyetracker.setRecordingState(False)
33.4637 	EXP 	eyetracker.setRecordingState(False)
33.4729 	EXP 	eyetracker.setRecordingState(False)
33.4813 	EXP 	eyetracker.setRecordingState(False)
33.4904 	EXP 	eyetracker.setRecordingState(False)
33.4999 	EXP 	eyetracker.setRecordingState(False)
33.5090 	EXP 	eyetracker.setRecordingState(False)
33.5185 	EXP 	eyetracker.setRecordingState(False)
33.5290 	EXP 	eyetracker.setRecordingState(False)
33.5390 	EXP 	eyetracker.setRecordingState(False)
33.5457 	DATA 	Mouse:  Left button up, pos=(587,527)
33.5518 	EXP 	eyetracker.setRecordingState(False)
33.5624 	EXP 	eyetracker.setRecordingState(False)
33.5719 	EXP 	eyetracker.setRecordingState(False)
33.5820 	EXP 	eyetracker.setRecordingState(False)
33.5914 	EXP 	eyetracker.setRecordingState(False)
33.6013 	EXP 	eyetracker.setRecordingState(False)
33.6108 	EXP 	eyetracker.setRecordingState(False)
33.6206 	EXP 	eyetracker.setRecordingState(False)
33.6312 	EXP 	eyetracker.setRecordingState(False)
33.6419 	EXP 	eyetracker.setRecordingState(False)
33.6531 	EXP 	eyetracker.setRecordingState(False)
33.6641 	EXP 	eyetracker.setRecordingState(False)
33.6744 	EXP 	eyetracker.setRecordingState(False)
33.6849 	EXP 	eyetracker.setRecordingState(False)
33.6942 	EXP 	eyetracker.setRecordingState(False)
33.7026 	EXP 	eyetracker.setRecordingState(False)
33.7111 	EXP 	eyetracker.setRecordingState(False)
33.7201 	EXP 	eyetracker.setRecordingState(False)
33.7307 	EXP 	eyetracker.setRecordingState(False)
33.7399 	EXP 	eyetracker.setRecordingState(False)
33.7496 	EXP 	eyetracker.setRecordingState(False)
33.7602 	EXP 	eyetracker.setRecordingState(False)
33.7702 	EXP 	eyetracker.setRecordingState(False)
33.7800 	EXP 	eyetracker.setRecordingState(False)
33.7912 	EXP 	eyetracker.setRecordingState(False)
33.8030 	EXP 	eyetracker.setRecordingState(False)
33.8140 	EXP 	eyetracker.setRecordingState(False)
33.8233 	EXP 	eyetracker.setRecordingState(False)
33.8292 	EXP 	eyetracker.setRecordingState(False)
33.8373 	EXP 	eyetracker.setRecordingState(False)
33.8469 	EXP 	eyetracker.setRecordingState(False)
33.8573 	EXP 	eyetracker.setRecordingState(False)
33.8681 	EXP 	eyetracker.setRecordingState(False)
33.8789 	EXP 	eyetracker.setRecordingState(False)
33.8885 	EXP 	eyetracker.setRecordingState(False)
33.8979 	EXP 	eyetracker.setRecordingState(False)
33.9083 	EXP 	eyetracker.setRecordingState(False)
33.9185 	EXP 	eyetracker.setRecordingState(False)
33.9289 	EXP 	eyetracker.setRecordingState(False)
33.9393 	EXP 	eyetracker.setRecordingState(False)
33.9493 	EXP 	eyetracker.setRecordingState(False)
33.9583 	EXP 	eyetracker.setRecordingState(False)
33.9675 	EXP 	eyetracker.setRecordingState(False)
33.9768 	EXP 	eyetracker.setRecordingState(False)
33.9865 	EXP 	eyetracker.setRecordingState(False)
33.9957 	EXP 	eyetracker.setRecordingState(False)
34.0066 	EXP 	eyetracker.setRecordingState(False)
34.0174 	EXP 	eyetracker.setRecordingState(False)
34.0267 	EXP 	eyetracker.setRecordingState(False)
34.0363 	EXP 	eyetracker.setRecordingState(False)
34.0456 	EXP 	eyetracker.setRecordingState(False)
34.0560 	EXP 	eyetracker.setRecordingState(False)
34.0658 	EXP 	eyetracker.setRecordingState(False)
34.0752 	EXP 	eyetracker.setRecordingState(False)
34.0860 	EXP 	eyetracker.setRecordingState(False)
34.0967 	EXP 	eyetracker.setRecordingState(False)
34.1059 	EXP 	eyetracker.setRecordingState(False)
34.1155 	EXP 	eyetracker.setRecordingState(False)
34.1244 	EXP 	eyetracker.setRecordingState(False)
34.1341 	EXP 	eyetracker.setRecordingState(False)
34.1444 	EXP 	eyetracker.setRecordingState(False)
34.1538 	EXP 	eyetracker.setRecordingState(False)
34.1632 	EXP 	eyetracker.setRecordingState(False)
34.1718 	EXP 	eyetracker.setRecordingState(False)
34.1808 	EXP 	eyetracker.setRecordingState(False)
34.1895 	EXP 	eyetracker.setRecordingState(False)
34.1987 	EXP 	eyetracker.setRecordingState(False)
34.2086 	EXP 	eyetracker.setRecordingState(False)
34.2180 	EXP 	eyetracker.setRecordingState(False)
34.2288 	EXP 	eyetracker.setRecordingState(False)
34.2388 	EXP 	eyetracker.setRecordingState(False)
34.2474 	EXP 	eyetracker.setRecordingState(False)
34.2575 	EXP 	eyetracker.setRecordingState(False)
34.2671 	EXP 	eyetracker.setRecordingState(False)
34.2772 	EXP 	eyetracker.setRecordingState(False)
34.2877 	EXP 	eyetracker.setRecordingState(False)
34.2973 	EXP 	eyetracker.setRecordingState(False)
34.3074 	EXP 	eyetracker.setRecordingState(False)
34.3178 	EXP 	eyetracker.setRecordingState(False)
34.3277 	EXP 	eyetracker.setRecordingState(False)
34.3380 	EXP 	eyetracker.setRecordingState(False)
34.3494 	EXP 	eyetracker.setRecordingState(False)
34.3600 	EXP 	eyetracker.setRecordingState(False)
34.3713 	EXP 	eyetracker.setRecordingState(False)
34.3816 	EXP 	eyetracker.setRecordingState(False)
34.3904 	EXP 	eyetracker.setRecordingState(False)
34.4016 	EXP 	eyetracker.setRecordingState(False)
34.4129 	EXP 	eyetracker.setRecordingState(False)
34.4221 	EXP 	eyetracker.setRecordingState(False)
34.4326 	EXP 	eyetracker.setRecordingState(False)
34.4427 	EXP 	eyetracker.setRecordingState(False)
34.4518 	EXP 	eyetracker.setRecordingState(False)
34.4597 	EXP 	eyetracker.setRecordingState(False)
34.4674 	EXP 	eyetracker.setRecordingState(False)
34.4753 	EXP 	eyetracker.setRecordingState(False)
34.4830 	EXP 	eyetracker.setRecordingState(False)
34.4912 	EXP 	eyetracker.setRecordingState(False)
34.4990 	EXP 	eyetracker.setRecordingState(False)
34.5072 	EXP 	eyetracker.setRecordingState(False)
34.5153 	EXP 	eyetracker.setRecordingState(False)
34.5241 	EXP 	eyetracker.setRecordingState(False)
34.5341 	EXP 	eyetracker.setRecordingState(False)
34.5453 	EXP 	eyetracker.setRecordingState(False)
34.5567 	EXP 	eyetracker.setRecordingState(False)
34.5673 	EXP 	eyetracker.setRecordingState(False)
34.5765 	EXP 	eyetracker.setRecordingState(False)
34.5863 	EXP 	eyetracker.setRecordingState(False)
34.5965 	EXP 	eyetracker.setRecordingState(False)
34.6077 	EXP 	eyetracker.setRecordingState(False)
34.6191 	EXP 	eyetracker.setRecordingState(False)
34.6297 	EXP 	eyetracker.setRecordingState(False)
34.6405 	EXP 	eyetracker.setRecordingState(False)
34.6514 	EXP 	eyetracker.setRecordingState(False)
34.6634 	EXP 	eyetracker.setRecordingState(False)
34.6749 	EXP 	eyetracker.setRecordingState(False)
34.6847 	EXP 	eyetracker.setRecordingState(False)
34.6942 	EXP 	eyetracker.setRecordingState(False)
34.7040 	EXP 	eyetracker.setRecordingState(False)
34.7162 	EXP 	eyetracker.setRecordingState(False)
34.7258 	EXP 	eyetracker.setRecordingState(False)
34.7353 	EXP 	eyetracker.setRecordingState(False)
34.7445 	EXP 	eyetracker.setRecordingState(False)
34.7529 	EXP 	eyetracker.setRecordingState(False)
34.7624 	EXP 	eyetracker.setRecordingState(False)
34.7712 	EXP 	eyetracker.setRecordingState(False)
34.7803 	EXP 	eyetracker.setRecordingState(False)
34.7887 	EXP 	eyetracker.setRecordingState(False)
34.7976 	EXP 	eyetracker.setRecordingState(False)
34.8064 	EXP 	eyetracker.setRecordingState(False)
34.8146 	EXP 	eyetracker.setRecordingState(False)
34.8236 	EXP 	eyetracker.setRecordingState(False)
34.8325 	EXP 	eyetracker.setRecordingState(False)
34.8408 	EXP 	eyetracker.setRecordingState(False)
34.8487 	EXP 	eyetracker.setRecordingState(False)
34.8580 	EXP 	eyetracker.setRecordingState(False)
34.8666 	EXP 	eyetracker.setRecordingState(False)
34.8753 	EXP 	eyetracker.setRecordingState(False)
34.8844 	EXP 	eyetracker.setRecordingState(False)
34.8946 	EXP 	eyetracker.setRecordingState(False)
34.9054 	EXP 	eyetracker.setRecordingState(False)
34.9144 	EXP 	eyetracker.setRecordingState(False)
34.9235 	EXP 	eyetracker.setRecordingState(False)
34.9329 	EXP 	eyetracker.setRecordingState(False)
34.9422 	EXP 	eyetracker.setRecordingState(False)
34.9521 	EXP 	eyetracker.setRecordingState(False)
34.9615 	EXP 	eyetracker.setRecordingState(False)
34.9704 	EXP 	eyetracker.setRecordingState(False)
34.9796 	EXP 	eyetracker.setRecordingState(False)
34.9889 	EXP 	eyetracker.setRecordingState(False)
34.9975 	EXP 	eyetracker.setRecordingState(False)
35.0062 	EXP 	eyetracker.setRecordingState(False)
35.0158 	EXP 	eyetracker.setRecordingState(False)
35.0252 	EXP 	eyetracker.setRecordingState(False)
35.0363 	EXP 	eyetracker.setRecordingState(False)
35.0453 	EXP 	eyetracker.setRecordingState(False)
35.0543 	EXP 	eyetracker.setRecordingState(False)
35.0637 	EXP 	eyetracker.setRecordingState(False)
35.0738 	EXP 	eyetracker.setRecordingState(False)
35.0844 	EXP 	eyetracker.setRecordingState(False)
35.0932 	EXP 	eyetracker.setRecordingState(False)
35.1025 	EXP 	eyetracker.setRecordingState(False)
35.1129 	EXP 	eyetracker.setRecordingState(False)
35.1224 	EXP 	eyetracker.setRecordingState(False)
35.1330 	EXP 	eyetracker.setRecordingState(False)
35.1439 	EXP 	eyetracker.setRecordingState(False)
35.1536 	EXP 	eyetracker.setRecordingState(False)
35.1635 	EXP 	eyetracker.setRecordingState(False)
35.1735 	EXP 	eyetracker.setRecordingState(False)
35.1839 	EXP 	eyetracker.setRecordingState(False)
35.1940 	EXP 	eyetracker.setRecordingState(False)
35.2035 	EXP 	eyetracker.setRecordingState(False)
35.2129 	EXP 	eyetracker.setRecordingState(False)
35.2223 	EXP 	eyetracker.setRecordingState(False)
35.2322 	EXP 	eyetracker.setRecordingState(False)
35.2426 	EXP 	eyetracker.setRecordingState(False)
35.2529 	EXP 	eyetracker.setRecordingState(False)
35.2629 	EXP 	eyetracker.setRecordingState(False)
35.2733 	EXP 	eyetracker.setRecordingState(False)
35.2826 	EXP 	eyetracker.setRecordingState(False)
35.2928 	EXP 	eyetracker.setRecordingState(False)
35.3030 	EXP 	eyetracker.setRecordingState(False)
35.3131 	EXP 	eyetracker.setRecordingState(False)
35.3227 	EXP 	eyetracker.setRecordingState(False)
35.3333 	EXP 	eyetracker.setRecordingState(False)
35.3459 	EXP 	eyetracker.setRecordingState(False)
35.3555 	EXP 	eyetracker.setRecordingState(False)
35.3658 	EXP 	eyetracker.setRecordingState(False)
35.3748 	EXP 	eyetracker.setRecordingState(False)
35.3842 	EXP 	eyetracker.setRecordingState(False)
35.3941 	EXP 	eyetracker.setRecordingState(False)
35.4023 	EXP 	eyetracker.setRecordingState(False)
35.4093 	EXP 	eyetracker.setRecordingState(False)
35.4170 	EXP 	eyetracker.setRecordingState(False)
35.4254 	EXP 	eyetracker.setRecordingState(False)
35.4345 	EXP 	eyetracker.setRecordingState(False)
35.4432 	EXP 	eyetracker.setRecordingState(False)
35.4523 	EXP 	eyetracker.setRecordingState(False)
35.4631 	EXP 	eyetracker.setRecordingState(False)
35.4744 	EXP 	eyetracker.setRecordingState(False)
35.4852 	EXP 	eyetracker.setRecordingState(False)
35.4966 	EXP 	eyetracker.setRecordingState(False)
35.5113 	EXP 	eyetracker.setRecordingState(False)
35.5257 	EXP 	eyetracker.setRecordingState(False)
35.5386 	EXP 	eyetracker.setRecordingState(False)
35.5517 	EXP 	eyetracker.setRecordingState(False)
35.5644 	EXP 	eyetracker.setRecordingState(False)
35.5754 	EXP 	eyetracker.setRecordingState(False)
35.5867 	EXP 	eyetracker.setRecordingState(False)
35.5987 	EXP 	eyetracker.setRecordingState(False)
35.6111 	EXP 	eyetracker.setRecordingState(False)
35.6231 	EXP 	eyetracker.setRecordingState(False)
35.6340 	EXP 	eyetracker.setRecordingState(False)
35.6443 	EXP 	eyetracker.setRecordingState(False)
35.6540 	EXP 	eyetracker.setRecordingState(False)
35.6637 	EXP 	eyetracker.setRecordingState(False)
35.6746 	EXP 	eyetracker.setRecordingState(False)
35.6858 	EXP 	eyetracker.setRecordingState(False)
35.6975 	EXP 	eyetracker.setRecordingState(False)
35.7095 	EXP 	eyetracker.setRecordingState(False)
35.7198 	EXP 	eyetracker.setRecordingState(False)
35.7293 	EXP 	eyetracker.setRecordingState(False)
35.7387 	EXP 	eyetracker.setRecordingState(False)
35.7462 	EXP 	eyetracker.setRecordingState(False)
35.7549 	EXP 	eyetracker.setRecordingState(False)
35.7642 	EXP 	eyetracker.setRecordingState(False)
35.7727 	EXP 	eyetracker.setRecordingState(False)
35.7819 	EXP 	eyetracker.setRecordingState(False)
35.7901 	EXP 	eyetracker.setRecordingState(False)
35.7989 	EXP 	eyetracker.setRecordingState(False)
35.8074 	EXP 	eyetracker.setRecordingState(False)
35.8160 	EXP 	eyetracker.setRecordingState(False)
35.8250 	EXP 	eyetracker.setRecordingState(False)
35.8353 	EXP 	eyetracker.setRecordingState(False)
35.8415 	EXP 	eyetracker.setRecordingState(False)
35.8471 	EXP 	eyetracker.setRecordingState(False)
35.8537 	EXP 	eyetracker.setRecordingState(False)
35.8617 	EXP 	eyetracker.setRecordingState(False)
35.8701 	EXP 	eyetracker.setRecordingState(False)
35.8791 	EXP 	eyetracker.setRecordingState(False)
35.8887 	EXP 	eyetracker.setRecordingState(False)
35.8979 	EXP 	eyetracker.setRecordingState(False)
35.9071 	EXP 	eyetracker.setRecordingState(False)
35.9160 	EXP 	eyetracker.setRecordingState(False)
35.9253 	EXP 	eyetracker.setRecordingState(False)
35.9343 	EXP 	eyetracker.setRecordingState(False)
35.9439 	EXP 	eyetracker.setRecordingState(False)
35.9509 	EXP 	eyetracker.setRecordingState(False)
35.9597 	EXP 	eyetracker.setRecordingState(False)
35.9671 	EXP 	eyetracker.setRecordingState(False)
35.9757 	EXP 	eyetracker.setRecordingState(False)
35.9834 	EXP 	eyetracker.setRecordingState(False)
35.9924 	EXP 	eyetracker.setRecordingState(False)
36.0004 	EXP 	eyetracker.setRecordingState(False)
36.0086 	EXP 	eyetracker.setRecordingState(False)
36.0176 	EXP 	eyetracker.setRecordingState(False)
36.0261 	EXP 	eyetracker.setRecordingState(False)
36.0343 	EXP 	eyetracker.setRecordingState(False)
36.0423 	EXP 	eyetracker.setRecordingState(False)
36.0515 	EXP 	eyetracker.setRecordingState(False)
36.0607 	EXP 	eyetracker.setRecordingState(False)
36.0713 	EXP 	eyetracker.setRecordingState(False)
36.0801 	EXP 	eyetracker.setRecordingState(False)
36.0886 	EXP 	eyetracker.setRecordingState(False)
36.0969 	EXP 	eyetracker.setRecordingState(False)
36.1052 	EXP 	eyetracker.setRecordingState(False)
36.1133 	EXP 	eyetracker.setRecordingState(False)
36.1214 	EXP 	eyetracker.setRecordingState(False)
36.1291 	EXP 	eyetracker.setRecordingState(False)
36.1372 	EXP 	eyetracker.setRecordingState(False)
36.1451 	EXP 	eyetracker.setRecordingState(False)
36.1529 	EXP 	eyetracker.setRecordingState(False)
36.1610 	EXP 	eyetracker.setRecordingState(False)
36.1689 	EXP 	eyetracker.setRecordingState(False)
36.1774 	EXP 	eyetracker.setRecordingState(False)
36.1864 	EXP 	eyetracker.setRecordingState(False)
36.1951 	EXP 	eyetracker.setRecordingState(False)
36.2040 	EXP 	eyetracker.setRecordingState(False)
36.2149 	EXP 	eyetracker.setRecordingState(False)
36.2232 	EXP 	eyetracker.setRecordingState(False)
36.2323 	EXP 	eyetracker.setRecordingState(False)
36.2419 	EXP 	eyetracker.setRecordingState(False)
36.2513 	EXP 	eyetracker.setRecordingState(False)
36.2617 	EXP 	eyetracker.setRecordingState(False)
36.2705 	EXP 	eyetracker.setRecordingState(False)
36.2801 	EXP 	eyetracker.setRecordingState(False)
36.2889 	EXP 	eyetracker.setRecordingState(False)
36.2983 	EXP 	eyetracker.setRecordingState(False)
36.3075 	EXP 	eyetracker.setRecordingState(False)
36.3161 	EXP 	eyetracker.setRecordingState(False)
36.3267 	EXP 	eyetracker.setRecordingState(False)
36.3352 	EXP 	eyetracker.setRecordingState(False)
36.3433 	EXP 	eyetracker.setRecordingState(False)
36.3518 	EXP 	eyetracker.setRecordingState(False)
36.3600 	EXP 	eyetracker.setRecordingState(False)
36.3687 	EXP 	eyetracker.setRecordingState(False)
36.3775 	EXP 	eyetracker.setRecordingState(False)
36.3866 	EXP 	eyetracker.setRecordingState(False)
36.3960 	EXP 	eyetracker.setRecordingState(False)
36.4058 	EXP 	eyetracker.setRecordingState(False)
36.4148 	EXP 	eyetracker.setRecordingState(False)
36.4226 	EXP 	eyetracker.setRecordingState(False)
36.4307 	EXP 	eyetracker.setRecordingState(False)
36.4383 	EXP 	eyetracker.setRecordingState(False)
36.4456 	EXP 	eyetracker.setRecordingState(False)
36.4531 	EXP 	eyetracker.setRecordingState(False)
36.4612 	EXP 	eyetracker.setRecordingState(False)
36.4707 	EXP 	eyetracker.setRecordingState(False)
36.4789 	EXP 	eyetracker.setRecordingState(False)
36.4885 	EXP 	eyetracker.setRecordingState(False)
36.4968 	EXP 	eyetracker.setRecordingState(False)
36.5055 	EXP 	eyetracker.setRecordingState(False)
36.5134 	EXP 	eyetracker.setRecordingState(False)
36.5215 	EXP 	eyetracker.setRecordingState(False)
36.5305 	EXP 	eyetracker.setRecordingState(False)
36.5391 	EXP 	eyetracker.setRecordingState(False)
36.5485 	EXP 	eyetracker.setRecordingState(False)
36.5569 	EXP 	eyetracker.setRecordingState(False)
36.5650 	EXP 	eyetracker.setRecordingState(False)
36.5738 	EXP 	eyetracker.setRecordingState(False)
36.5823 	EXP 	eyetracker.setRecordingState(False)
36.5898 	EXP 	eyetracker.setRecordingState(False)
36.5962 	EXP 	eyetracker.setRecordingState(False)
36.6029 	EXP 	eyetracker.setRecordingState(False)
36.6096 	EXP 	eyetracker.setRecordingState(False)
36.6167 	EXP 	eyetracker.setRecordingState(False)
36.6243 	EXP 	eyetracker.setRecordingState(False)
36.6320 	EXP 	eyetracker.setRecordingState(False)
36.6399 	EXP 	eyetracker.setRecordingState(False)
36.6481 	EXP 	eyetracker.setRecordingState(False)
36.6567 	EXP 	eyetracker.setRecordingState(False)
36.6646 	EXP 	eyetracker.setRecordingState(False)
36.6720 	EXP 	eyetracker.setRecordingState(False)
36.6804 	EXP 	eyetracker.setRecordingState(False)
36.6892 	EXP 	eyetracker.setRecordingState(False)
36.6993 	EXP 	eyetracker.setRecordingState(False)
36.7091 	EXP 	eyetracker.setRecordingState(False)
36.7186 	EXP 	eyetracker.setRecordingState(False)
36.7283 	EXP 	eyetracker.setRecordingState(False)
36.7374 	EXP 	eyetracker.setRecordingState(False)
36.7464 	EXP 	eyetracker.setRecordingState(False)
36.7555 	EXP 	eyetracker.setRecordingState(False)
36.7644 	EXP 	eyetracker.setRecordingState(False)
36.7737 	EXP 	eyetracker.setRecordingState(False)
36.7843 	EXP 	eyetracker.setRecordingState(False)
36.7938 	EXP 	eyetracker.setRecordingState(False)
36.8032 	EXP 	eyetracker.setRecordingState(False)
36.8132 	EXP 	eyetracker.setRecordingState(False)
36.8222 	EXP 	eyetracker.setRecordingState(False)
36.8329 	EXP 	eyetracker.setRecordingState(False)
36.8426 	EXP 	eyetracker.setRecordingState(False)
36.8533 	EXP 	eyetracker.setRecordingState(False)
36.8630 	EXP 	eyetracker.setRecordingState(False)
36.8715 	EXP 	eyetracker.setRecordingState(False)
36.8805 	EXP 	eyetracker.setRecordingState(False)
36.8896 	EXP 	eyetracker.setRecordingState(False)
36.8984 	EXP 	eyetracker.setRecordingState(False)
36.9102 	EXP 	eyetracker.setRecordingState(False)
36.9199 	EXP 	eyetracker.setRecordingState(False)
36.9297 	EXP 	eyetracker.setRecordingState(False)
36.9396 	EXP 	eyetracker.setRecordingState(False)
36.9498 	EXP 	eyetracker.setRecordingState(False)
36.9600 	EXP 	eyetracker.setRecordingState(False)
36.9702 	EXP 	eyetracker.setRecordingState(False)
36.9799 	EXP 	eyetracker.setRecordingState(False)
36.9891 	EXP 	eyetracker.setRecordingState(False)
36.9975 	EXP 	eyetracker.setRecordingState(False)
37.0070 	EXP 	eyetracker.setRecordingState(False)
37.0157 	EXP 	eyetracker.setRecordingState(False)
37.0252 	EXP 	eyetracker.setRecordingState(False)
37.0353 	EXP 	eyetracker.setRecordingState(False)
37.0439 	EXP 	eyetracker.setRecordingState(False)
37.0526 	EXP 	eyetracker.setRecordingState(False)
37.0605 	EXP 	eyetracker.setRecordingState(False)
37.0687 	EXP 	eyetracker.setRecordingState(False)
37.0774 	EXP 	eyetracker.setRecordingState(False)
37.0875 	EXP 	eyetracker.setRecordingState(False)
37.0975 	EXP 	eyetracker.setRecordingState(False)
37.1073 	EXP 	eyetracker.setRecordingState(False)
37.1178 	EXP 	eyetracker.setRecordingState(False)
37.1270 	EXP 	eyetracker.setRecordingState(False)
37.1368 	EXP 	eyetracker.setRecordingState(False)
37.1459 	EXP 	eyetracker.setRecordingState(False)
37.1545 	EXP 	eyetracker.setRecordingState(False)
37.1627 	EXP 	eyetracker.setRecordingState(False)
37.1708 	EXP 	eyetracker.setRecordingState(False)
37.1795 	EXP 	eyetracker.setRecordingState(False)
37.1880 	EXP 	eyetracker.setRecordingState(False)
37.1974 	EXP 	eyetracker.setRecordingState(False)
37.2088 	EXP 	eyetracker.setRecordingState(False)
37.2183 	EXP 	eyetracker.setRecordingState(False)
37.2273 	EXP 	eyetracker.setRecordingState(False)
37.2350 	EXP 	eyetracker.setRecordingState(False)
37.2424 	EXP 	eyetracker.setRecordingState(False)
37.2514 	EXP 	eyetracker.setRecordingState(False)
37.2612 	EXP 	eyetracker.setRecordingState(False)
37.2717 	EXP 	eyetracker.setRecordingState(False)
37.2816 	EXP 	eyetracker.setRecordingState(False)
37.2936 	EXP 	eyetracker.setRecordingState(False)
37.3040 	EXP 	eyetracker.setRecordingState(False)
37.3145 	EXP 	eyetracker.setRecordingState(False)
37.3247 	EXP 	eyetracker.setRecordingState(False)
37.3358 	EXP 	eyetracker.setRecordingState(False)
37.3469 	EXP 	eyetracker.setRecordingState(False)
37.3586 	EXP 	eyetracker.setRecordingState(False)
37.3695 	EXP 	eyetracker.setRecordingState(False)
37.3801 	EXP 	eyetracker.setRecordingState(False)
37.3895 	EXP 	eyetracker.setRecordingState(False)
37.3979 	EXP 	eyetracker.setRecordingState(False)
37.4054 	EXP 	eyetracker.setRecordingState(False)
37.4150 	EXP 	eyetracker.setRecordingState(False)
37.4233 	EXP 	eyetracker.setRecordingState(False)
37.4324 	EXP 	eyetracker.setRecordingState(False)
37.4420 	EXP 	eyetracker.setRecordingState(False)
37.4506 	EXP 	eyetracker.setRecordingState(False)
37.4607 	EXP 	eyetracker.setRecordingState(False)
37.4691 	EXP 	eyetracker.setRecordingState(False)
37.4790 	EXP 	eyetracker.setRecordingState(False)
37.4892 	EXP 	eyetracker.setRecordingState(False)
37.4984 	EXP 	eyetracker.setRecordingState(False)
37.5080 	EXP 	eyetracker.setRecordingState(False)
37.5172 	EXP 	eyetracker.setRecordingState(False)
37.5263 	EXP 	eyetracker.setRecordingState(False)
37.5345 	EXP 	eyetracker.setRecordingState(False)
37.5429 	EXP 	eyetracker.setRecordingState(False)
37.5519 	EXP 	eyetracker.setRecordingState(False)
37.5598 	EXP 	eyetracker.setRecordingState(False)
37.5684 	EXP 	eyetracker.setRecordingState(False)
37.5764 	EXP 	eyetracker.setRecordingState(False)
37.5862 	EXP 	eyetracker.setRecordingState(False)
37.5946 	EXP 	eyetracker.setRecordingState(False)
37.6040 	EXP 	eyetracker.setRecordingState(False)
37.6118 	EXP 	eyetracker.setRecordingState(False)
37.6200 	EXP 	eyetracker.setRecordingState(False)
37.6297 	EXP 	eyetracker.setRecordingState(False)
37.6400 	EXP 	eyetracker.setRecordingState(False)
37.6493 	EXP 	eyetracker.setRecordingState(False)
37.6581 	EXP 	eyetracker.setRecordingState(False)
37.6682 	EXP 	eyetracker.setRecordingState(False)
37.6778 	EXP 	eyetracker.setRecordingState(False)
37.6876 	EXP 	eyetracker.setRecordingState(False)
37.6978 	EXP 	eyetracker.setRecordingState(False)
37.7071 	EXP 	eyetracker.setRecordingState(False)
37.7174 	EXP 	eyetracker.setRecordingState(False)
37.7271 	EXP 	eyetracker.setRecordingState(False)
37.7368 	EXP 	eyetracker.setRecordingState(False)
37.7477 	EXP 	eyetracker.setRecordingState(False)
37.7582 	EXP 	eyetracker.setRecordingState(False)
37.7677 	EXP 	eyetracker.setRecordingState(False)
37.7790 	EXP 	eyetracker.setRecordingState(False)
37.7895 	EXP 	eyetracker.setRecordingState(False)
37.7986 	EXP 	eyetracker.setRecordingState(False)
37.8090 	EXP 	eyetracker.setRecordingState(False)
37.8181 	EXP 	eyetracker.setRecordingState(False)
37.8273 	EXP 	eyetracker.setRecordingState(False)
37.8367 	EXP 	eyetracker.setRecordingState(False)
37.8472 	EXP 	eyetracker.setRecordingState(False)
37.8563 	EXP 	eyetracker.setRecordingState(False)
37.8640 	EXP 	eyetracker.setRecordingState(False)
37.8710 	EXP 	eyetracker.setRecordingState(False)
37.8782 	EXP 	eyetracker.setRecordingState(False)
37.8862 	EXP 	eyetracker.setRecordingState(False)
37.8942 	EXP 	eyetracker.setRecordingState(False)
37.9027 	EXP 	eyetracker.setRecordingState(False)
37.9109 	EXP 	eyetracker.setRecordingState(False)
37.9198 	EXP 	eyetracker.setRecordingState(False)
37.9295 	EXP 	eyetracker.setRecordingState(False)
37.9397 	EXP 	eyetracker.setRecordingState(False)
37.9509 	EXP 	eyetracker.setRecordingState(False)
37.9618 	EXP 	eyetracker.setRecordingState(False)
37.9711 	EXP 	eyetracker.setRecordingState(False)
37.9819 	EXP 	eyetracker.setRecordingState(False)
37.9930 	EXP 	eyetracker.setRecordingState(False)
38.0031 	EXP 	eyetracker.setRecordingState(False)
38.0143 	EXP 	eyetracker.setRecordingState(False)
38.0243 	EXP 	eyetracker.setRecordingState(False)
38.0343 	EXP 	eyetracker.setRecordingState(False)
38.0438 	EXP 	eyetracker.setRecordingState(False)
38.0522 	EXP 	eyetracker.setRecordingState(False)
38.0616 	EXP 	eyetracker.setRecordingState(False)
38.0721 	EXP 	eyetracker.setRecordingState(False)
38.0820 	EXP 	eyetracker.setRecordingState(False)
38.0925 	EXP 	eyetracker.setRecordingState(False)
38.1031 	EXP 	eyetracker.setRecordingState(False)
38.1143 	EXP 	eyetracker.setRecordingState(False)
38.1243 	EXP 	eyetracker.setRecordingState(False)
38.1339 	EXP 	eyetracker.setRecordingState(False)
38.1437 	EXP 	eyetracker.setRecordingState(False)
38.1541 	EXP 	eyetracker.setRecordingState(False)
38.1650 	EXP 	eyetracker.setRecordingState(False)
38.1744 	EXP 	eyetracker.setRecordingState(False)
38.1844 	EXP 	eyetracker.setRecordingState(False)
38.1946 	EXP 	eyetracker.setRecordingState(False)
38.2053 	EXP 	eyetracker.setRecordingState(False)
38.2155 	EXP 	eyetracker.setRecordingState(False)
38.2260 	EXP 	eyetracker.setRecordingState(False)
38.2365 	EXP 	eyetracker.setRecordingState(False)
38.2461 	EXP 	eyetracker.setRecordingState(False)
38.2570 	EXP 	eyetracker.setRecordingState(False)
38.2668 	EXP 	eyetracker.setRecordingState(False)
38.2774 	EXP 	eyetracker.setRecordingState(False)
38.2866 	EXP 	eyetracker.setRecordingState(False)
38.2958 	EXP 	eyetracker.setRecordingState(False)
38.3049 	EXP 	eyetracker.setRecordingState(False)
38.3136 	EXP 	eyetracker.setRecordingState(False)
38.3215 	EXP 	eyetracker.setRecordingState(False)
38.3295 	EXP 	eyetracker.setRecordingState(False)
38.3379 	EXP 	eyetracker.setRecordingState(False)
38.3475 	EXP 	eyetracker.setRecordingState(False)
38.3566 	EXP 	eyetracker.setRecordingState(False)
38.3662 	EXP 	eyetracker.setRecordingState(False)
38.3754 	EXP 	eyetracker.setRecordingState(False)
38.3846 	EXP 	eyetracker.setRecordingState(False)
38.3950 	EXP 	eyetracker.setRecordingState(False)
38.4060 	EXP 	eyetracker.setRecordingState(False)
38.4145 	EXP 	eyetracker.setRecordingState(False)
38.4234 	EXP 	eyetracker.setRecordingState(False)
38.4333 	EXP 	eyetracker.setRecordingState(False)
38.4433 	EXP 	eyetracker.setRecordingState(False)
38.4537 	EXP 	eyetracker.setRecordingState(False)
38.4642 	EXP 	eyetracker.setRecordingState(False)
38.4743 	EXP 	eyetracker.setRecordingState(False)
38.4841 	EXP 	eyetracker.setRecordingState(False)
38.4942 	EXP 	eyetracker.setRecordingState(False)
38.5085 	EXP 	eyetracker.setRecordingState(False)
38.5174 	EXP 	eyetracker.setRecordingState(False)
38.5258 	EXP 	eyetracker.setRecordingState(False)
38.5336 	EXP 	eyetracker.setRecordingState(False)
38.5418 	EXP 	eyetracker.setRecordingState(False)
38.5508 	EXP 	eyetracker.setRecordingState(False)
38.5598 	EXP 	eyetracker.setRecordingState(False)
38.5698 	EXP 	eyetracker.setRecordingState(False)
38.5802 	EXP 	eyetracker.setRecordingState(False)
38.5905 	EXP 	eyetracker.setRecordingState(False)
38.5999 	EXP 	eyetracker.setRecordingState(False)
38.6088 	EXP 	eyetracker.setRecordingState(False)
38.6202 	EXP 	eyetracker.setRecordingState(False)
38.6301 	EXP 	eyetracker.setRecordingState(False)
38.6396 	EXP 	eyetracker.setRecordingState(False)
38.6507 	EXP 	eyetracker.setRecordingState(False)
38.6604 	EXP 	eyetracker.setRecordingState(False)
38.6704 	EXP 	eyetracker.setRecordingState(False)
38.6803 	EXP 	eyetracker.setRecordingState(False)
38.6862 	EXP 	eyetracker.setRecordingState(False)
38.6959 	EXP 	eyetracker.setRecordingState(False)
38.7055 	EXP 	eyetracker.setRecordingState(False)
38.7163 	EXP 	eyetracker.setRecordingState(False)
38.7266 	EXP 	eyetracker.setRecordingState(False)
38.7359 	EXP 	eyetracker.setRecordingState(False)
38.7465 	EXP 	eyetracker.setRecordingState(False)
38.7567 	EXP 	eyetracker.setRecordingState(False)
38.7674 	EXP 	eyetracker.setRecordingState(False)
38.7787 	EXP 	eyetracker.setRecordingState(False)
38.7904 	EXP 	eyetracker.setRecordingState(False)
38.8012 	EXP 	eyetracker.setRecordingState(False)
38.8122 	EXP 	eyetracker.setRecordingState(False)
38.8240 	EXP 	eyetracker.setRecordingState(False)
38.8352 	EXP 	eyetracker.setRecordingState(False)
38.8452 	EXP 	eyetracker.setRecordingState(False)
38.8573 	EXP 	eyetracker.setRecordingState(False)
38.8706 	EXP 	eyetracker.setRecordingState(False)
38.8836 	EXP 	eyetracker.setRecordingState(False)
38.8963 	EXP 	eyetracker.setRecordingState(False)
38.9085 	EXP 	eyetracker.setRecordingState(False)
38.9198 	EXP 	eyetracker.setRecordingState(False)
38.9309 	EXP 	eyetracker.setRecordingState(False)
38.9439 	EXP 	eyetracker.setRecordingState(False)
38.9563 	EXP 	eyetracker.setRecordingState(False)
38.9719 	EXP 	eyetracker.setRecordingState(False)
38.9874 	EXP 	eyetracker.setRecordingState(False)
39.0001 	EXP 	eyetracker.setRecordingState(False)
39.0126 	EXP 	eyetracker.setRecordingState(False)
39.0249 	EXP 	eyetracker.setRecordingState(False)
39.0359 	EXP 	eyetracker.setRecordingState(False)
39.0461 	EXP 	eyetracker.setRecordingState(False)
39.0570 	EXP 	eyetracker.setRecordingState(False)
39.0680 	EXP 	eyetracker.setRecordingState(False)
39.0786 	EXP 	eyetracker.setRecordingState(False)
39.0887 	EXP 	eyetracker.setRecordingState(False)
39.0982 	EXP 	eyetracker.setRecordingState(False)
39.1076 	EXP 	eyetracker.setRecordingState(False)
39.1183 	EXP 	eyetracker.setRecordingState(False)
39.1302 	EXP 	eyetracker.setRecordingState(False)
39.1409 	EXP 	eyetracker.setRecordingState(False)
39.1526 	EXP 	eyetracker.setRecordingState(False)
39.1629 	EXP 	eyetracker.setRecordingState(False)
39.1732 	EXP 	eyetracker.setRecordingState(False)
39.1829 	EXP 	eyetracker.setRecordingState(False)
39.1921 	EXP 	eyetracker.setRecordingState(False)
39.2009 	EXP 	eyetracker.setRecordingState(False)
39.2093 	EXP 	eyetracker.setRecordingState(False)
39.2178 	EXP 	eyetracker.setRecordingState(False)
39.2260 	EXP 	eyetracker.setRecordingState(False)
39.2344 	EXP 	eyetracker.setRecordingState(False)
39.2437 	EXP 	eyetracker.setRecordingState(False)
39.2535 	EXP 	eyetracker.setRecordingState(False)
39.2630 	EXP 	eyetracker.setRecordingState(False)
39.2727 	EXP 	eyetracker.setRecordingState(False)
39.2831 	EXP 	eyetracker.setRecordingState(False)
39.2919 	EXP 	eyetracker.setRecordingState(False)
39.3017 	EXP 	eyetracker.setRecordingState(False)
39.3126 	EXP 	eyetracker.setRecordingState(False)
39.3245 	EXP 	eyetracker.setRecordingState(False)
39.3354 	EXP 	eyetracker.setRecordingState(False)
39.3464 	EXP 	eyetracker.setRecordingState(False)
39.3573 	EXP 	eyetracker.setRecordingState(False)
39.3680 	EXP 	eyetracker.setRecordingState(False)
39.3780 	EXP 	eyetracker.setRecordingState(False)
39.3887 	EXP 	eyetracker.setRecordingState(False)
39.3984 	EXP 	eyetracker.setRecordingState(False)
39.4084 	EXP 	eyetracker.setRecordingState(False)
39.4173 	EXP 	eyetracker.setRecordingState(False)
39.4251 	EXP 	eyetracker.setRecordingState(False)
39.4326 	EXP 	eyetracker.setRecordingState(False)
39.4396 	EXP 	eyetracker.setRecordingState(False)
39.4457 	EXP 	eyetracker.setRecordingState(False)
39.4520 	EXP 	eyetracker.setRecordingState(False)
39.4586 	EXP 	eyetracker.setRecordingState(False)
39.4657 	EXP 	eyetracker.setRecordingState(False)
39.4742 	EXP 	eyetracker.setRecordingState(False)
39.4824 	EXP 	eyetracker.setRecordingState(False)
39.4906 	EXP 	eyetracker.setRecordingState(False)
39.4991 	EXP 	eyetracker.setRecordingState(False)
39.5081 	EXP 	eyetracker.setRecordingState(False)
39.5159 	EXP 	eyetracker.setRecordingState(False)
39.5240 	EXP 	eyetracker.setRecordingState(False)
39.5341 	EXP 	eyetracker.setRecordingState(False)
39.5444 	EXP 	eyetracker.setRecordingState(False)
39.5545 	EXP 	eyetracker.setRecordingState(False)
39.5654 	EXP 	eyetracker.setRecordingState(False)
39.5747 	EXP 	eyetracker.setRecordingState(False)
39.5849 	EXP 	eyetracker.setRecordingState(False)
39.5944 	EXP 	eyetracker.setRecordingState(False)
39.6048 	EXP 	eyetracker.setRecordingState(False)
39.6154 	EXP 	eyetracker.setRecordingState(False)
39.6246 	EXP 	eyetracker.setRecordingState(False)
39.6332 	EXP 	eyetracker.setRecordingState(False)
39.6418 	EXP 	eyetracker.setRecordingState(False)
39.6498 	EXP 	eyetracker.setRecordingState(False)
39.6577 	EXP 	eyetracker.setRecordingState(False)
39.6666 	EXP 	eyetracker.setRecordingState(False)
39.6756 	EXP 	eyetracker.setRecordingState(False)
39.6843 	EXP 	eyetracker.setRecordingState(False)
39.6932 	EXP 	eyetracker.setRecordingState(False)
39.7022 	EXP 	eyetracker.setRecordingState(False)
39.7101 	EXP 	eyetracker.setRecordingState(False)
39.7189 	EXP 	eyetracker.setRecordingState(False)
39.7294 	EXP 	eyetracker.setRecordingState(False)
39.7365 	EXP 	eyetracker.setRecordingState(False)
39.7436 	EXP 	eyetracker.setRecordingState(False)
39.7501 	EXP 	eyetracker.setRecordingState(False)
39.7572 	EXP 	eyetracker.setRecordingState(False)
39.7645 	EXP 	eyetracker.setRecordingState(False)
39.7726 	EXP 	eyetracker.setRecordingState(False)
39.7814 	EXP 	eyetracker.setRecordingState(False)
39.7910 	EXP 	eyetracker.setRecordingState(False)
39.7990 	EXP 	eyetracker.setRecordingState(False)
39.8073 	EXP 	eyetracker.setRecordingState(False)
39.8166 	EXP 	eyetracker.setRecordingState(False)
39.8256 	EXP 	eyetracker.setRecordingState(False)
39.8347 	EXP 	eyetracker.setRecordingState(False)
39.8431 	EXP 	eyetracker.setRecordingState(False)
39.8528 	EXP 	eyetracker.setRecordingState(False)
39.8624 	EXP 	eyetracker.setRecordingState(False)
39.8715 	EXP 	eyetracker.setRecordingState(False)
39.8810 	EXP 	eyetracker.setRecordingState(False)
39.8893 	EXP 	eyetracker.setRecordingState(False)
39.8990 	EXP 	eyetracker.setRecordingState(False)
39.9072 	EXP 	eyetracker.setRecordingState(False)
39.9158 	EXP 	eyetracker.setRecordingState(False)
39.9240 	EXP 	eyetracker.setRecordingState(False)
39.9324 	EXP 	eyetracker.setRecordingState(False)
39.9426 	EXP 	eyetracker.setRecordingState(False)
39.9517 	EXP 	eyetracker.setRecordingState(False)
39.9618 	EXP 	eyetracker.setRecordingState(False)
39.9705 	EXP 	eyetracker.setRecordingState(False)
39.9797 	EXP 	eyetracker.setRecordingState(False)
39.9877 	EXP 	eyetracker.setRecordingState(False)
39.9950 	EXP 	eyetracker.setRecordingState(False)
40.0019 	EXP 	eyetracker.setRecordingState(False)
40.0106 	EXP 	eyetracker.setRecordingState(False)
40.0187 	EXP 	eyetracker.setRecordingState(False)
40.0277 	EXP 	eyetracker.setRecordingState(False)
40.0370 	EXP 	eyetracker.setRecordingState(False)
40.0456 	EXP 	eyetracker.setRecordingState(False)
40.0559 	EXP 	eyetracker.setRecordingState(False)
40.0664 	EXP 	eyetracker.setRecordingState(False)
40.0775 	EXP 	eyetracker.setRecordingState(False)
40.0895 	EXP 	eyetracker.setRecordingState(False)
40.1011 	EXP 	eyetracker.setRecordingState(False)
40.1118 	EXP 	eyetracker.setRecordingState(False)
40.1219 	EXP 	eyetracker.setRecordingState(False)
40.1329 	EXP 	eyetracker.setRecordingState(False)
40.1418 	EXP 	eyetracker.setRecordingState(False)
40.1524 	EXP 	eyetracker.setRecordingState(False)
40.1624 	EXP 	eyetracker.setRecordingState(False)
40.1714 	EXP 	eyetracker.setRecordingState(False)
40.1807 	EXP 	eyetracker.setRecordingState(False)
40.1897 	EXP 	eyetracker.setRecordingState(False)
40.2004 	EXP 	eyetracker.setRecordingState(False)
40.2100 	EXP 	eyetracker.setRecordingState(False)
40.2182 	EXP 	eyetracker.setRecordingState(False)
40.2283 	EXP 	eyetracker.setRecordingState(False)
40.2380 	EXP 	eyetracker.setRecordingState(False)
40.2492 	EXP 	eyetracker.setRecordingState(False)
40.2599 	EXP 	eyetracker.setRecordingState(False)
40.2701 	EXP 	eyetracker.setRecordingState(False)
40.2795 	EXP 	eyetracker.setRecordingState(False)
40.2893 	EXP 	eyetracker.setRecordingState(False)
40.2995 	EXP 	eyetracker.setRecordingState(False)
40.3106 	EXP 	eyetracker.setRecordingState(False)
40.3215 	EXP 	eyetracker.setRecordingState(False)
40.3332 	EXP 	eyetracker.setRecordingState(False)
40.3424 	EXP 	eyetracker.setRecordingState(False)
40.3515 	EXP 	eyetracker.setRecordingState(False)
40.3602 	EXP 	eyetracker.setRecordingState(False)
40.3692 	EXP 	eyetracker.setRecordingState(False)
40.3788 	EXP 	eyetracker.setRecordingState(False)
40.3882 	EXP 	eyetracker.setRecordingState(False)
40.3969 	EXP 	eyetracker.setRecordingState(False)
40.4061 	EXP 	eyetracker.setRecordingState(False)
40.4140 	EXP 	eyetracker.setRecordingState(False)
40.4221 	EXP 	eyetracker.setRecordingState(False)
40.4293 	EXP 	eyetracker.setRecordingState(False)
40.4370 	EXP 	eyetracker.setRecordingState(False)
40.4451 	EXP 	eyetracker.setRecordingState(False)
40.4534 	EXP 	eyetracker.setRecordingState(False)
40.4626 	EXP 	eyetracker.setRecordingState(False)
40.4750 	EXP 	eyetracker.setRecordingState(False)
40.4836 	EXP 	eyetracker.setRecordingState(False)
40.4930 	EXP 	eyetracker.setRecordingState(False)
40.5029 	EXP 	eyetracker.setRecordingState(False)
40.5125 	EXP 	eyetracker.setRecordingState(False)
40.5245 	EXP 	eyetracker.setRecordingState(False)
40.5333 	EXP 	eyetracker.setRecordingState(False)
40.5417 	EXP 	eyetracker.setRecordingState(False)
40.5520 	EXP 	eyetracker.setRecordingState(False)
40.5611 	EXP 	eyetracker.setRecordingState(False)
40.5722 	EXP 	eyetracker.setRecordingState(False)
40.5849 	EXP 	eyetracker.setRecordingState(False)
40.5953 	EXP 	eyetracker.setRecordingState(False)
40.6043 	EXP 	eyetracker.setRecordingState(False)
40.6143 	EXP 	eyetracker.setRecordingState(False)
40.6227 	EXP 	eyetracker.setRecordingState(False)
40.6301 	EXP 	eyetracker.setRecordingState(False)
40.6386 	EXP 	eyetracker.setRecordingState(False)
40.6471 	EXP 	eyetracker.setRecordingState(False)
40.6546 	EXP 	eyetracker.setRecordingState(False)
40.6621 	EXP 	eyetracker.setRecordingState(False)
40.6692 	EXP 	eyetracker.setRecordingState(False)
40.6775 	EXP 	eyetracker.setRecordingState(False)
40.6858 	EXP 	eyetracker.setRecordingState(False)
40.6941 	EXP 	eyetracker.setRecordingState(False)
40.7033 	EXP 	eyetracker.setRecordingState(False)
40.7134 	EXP 	eyetracker.setRecordingState(False)
40.7237 	EXP 	eyetracker.setRecordingState(False)
40.7341 	EXP 	eyetracker.setRecordingState(False)
40.7448 	EXP 	eyetracker.setRecordingState(False)
40.7561 	EXP 	eyetracker.setRecordingState(False)
40.7666 	EXP 	eyetracker.setRecordingState(False)
40.7786 	EXP 	eyetracker.setRecordingState(False)
40.7881 	EXP 	eyetracker.setRecordingState(False)
40.7973 	EXP 	eyetracker.setRecordingState(False)
40.8080 	EXP 	eyetracker.setRecordingState(False)
40.8183 	EXP 	eyetracker.setRecordingState(False)
40.8273 	EXP 	eyetracker.setRecordingState(False)
40.8387 	EXP 	eyetracker.setRecordingState(False)
40.8480 	EXP 	eyetracker.setRecordingState(False)
40.8567 	EXP 	eyetracker.setRecordingState(False)
40.8678 	EXP 	eyetracker.setRecordingState(False)
40.8767 	EXP 	eyetracker.setRecordingState(False)
40.8866 	EXP 	eyetracker.setRecordingState(False)
40.8940 	EXP 	eyetracker.setRecordingState(False)
40.9015 	EXP 	eyetracker.setRecordingState(False)
40.9096 	EXP 	eyetracker.setRecordingState(False)
40.9171 	EXP 	eyetracker.setRecordingState(False)
40.9266 	EXP 	eyetracker.setRecordingState(False)
40.9359 	EXP 	eyetracker.setRecordingState(False)
40.9462 	EXP 	eyetracker.setRecordingState(False)
40.9557 	EXP 	eyetracker.setRecordingState(False)
40.9645 	EXP 	eyetracker.setRecordingState(False)
40.9735 	EXP 	eyetracker.setRecordingState(False)
40.9826 	EXP 	eyetracker.setRecordingState(False)
40.9909 	EXP 	eyetracker.setRecordingState(False)
41.0000 	EXP 	eyetracker.setRecordingState(False)
41.0100 	EXP 	eyetracker.setRecordingState(False)
41.0198 	EXP 	eyetracker.setRecordingState(False)
41.0296 	EXP 	eyetracker.setRecordingState(False)
41.0388 	EXP 	eyetracker.setRecordingState(False)
41.0486 	EXP 	eyetracker.setRecordingState(False)
41.0581 	EXP 	eyetracker.setRecordingState(False)
41.0669 	EXP 	eyetracker.setRecordingState(False)
41.0750 	EXP 	eyetracker.setRecordingState(False)
41.0838 	EXP 	eyetracker.setRecordingState(False)
41.0935 	EXP 	eyetracker.setRecordingState(False)
41.1021 	EXP 	eyetracker.setRecordingState(False)
41.1108 	EXP 	eyetracker.setRecordingState(False)
41.1212 	EXP 	eyetracker.setRecordingState(False)
41.1312 	EXP 	eyetracker.setRecordingState(False)
41.1410 	EXP 	eyetracker.setRecordingState(False)
41.1524 	EXP 	eyetracker.setRecordingState(False)
41.1620 	EXP 	eyetracker.setRecordingState(False)
41.1718 	EXP 	eyetracker.setRecordingState(False)
41.1818 	EXP 	eyetracker.setRecordingState(False)
41.1915 	EXP 	eyetracker.setRecordingState(False)
41.2001 	EXP 	eyetracker.setRecordingState(False)
41.2083 	EXP 	eyetracker.setRecordingState(False)
41.2162 	EXP 	eyetracker.setRecordingState(False)
41.2244 	EXP 	eyetracker.setRecordingState(False)
41.2321 	EXP 	eyetracker.setRecordingState(False)
41.2404 	EXP 	eyetracker.setRecordingState(False)
41.2484 	EXP 	eyetracker.setRecordingState(False)
41.2572 	EXP 	eyetracker.setRecordingState(False)
41.2652 	EXP 	eyetracker.setRecordingState(False)
41.2744 	EXP 	eyetracker.setRecordingState(False)
41.2835 	EXP 	eyetracker.setRecordingState(False)
41.2920 	EXP 	eyetracker.setRecordingState(False)
41.3012 	EXP 	eyetracker.setRecordingState(False)
41.3116 	EXP 	eyetracker.setRecordingState(False)
41.3214 	EXP 	eyetracker.setRecordingState(False)
41.3301 	EXP 	eyetracker.setRecordingState(False)
41.3391 	EXP 	eyetracker.setRecordingState(False)
41.3475 	EXP 	eyetracker.setRecordingState(False)
41.3553 	EXP 	eyetracker.setRecordingState(False)
41.3636 	EXP 	eyetracker.setRecordingState(False)
41.3716 	EXP 	eyetracker.setRecordingState(False)
41.3794 	EXP 	eyetracker.setRecordingState(False)
41.3872 	EXP 	eyetracker.setRecordingState(False)
41.3956 	EXP 	eyetracker.setRecordingState(False)
41.4049 	EXP 	eyetracker.setRecordingState(False)
41.4119 	EXP 	eyetracker.setRecordingState(False)
41.4192 	EXP 	eyetracker.setRecordingState(False)
41.4284 	EXP 	eyetracker.setRecordingState(False)
41.4385 	EXP 	eyetracker.setRecordingState(False)
41.4473 	EXP 	eyetracker.setRecordingState(False)
41.4563 	EXP 	eyetracker.setRecordingState(False)
41.4648 	EXP 	eyetracker.setRecordingState(False)
41.4733 	EXP 	eyetracker.setRecordingState(False)
41.4833 	EXP 	eyetracker.setRecordingState(False)
41.4922 	EXP 	eyetracker.setRecordingState(False)
41.5014 	EXP 	eyetracker.setRecordingState(False)
41.5102 	EXP 	eyetracker.setRecordingState(False)
41.5188 	EXP 	eyetracker.setRecordingState(False)
41.5264 	EXP 	eyetracker.setRecordingState(False)
41.5360 	EXP 	eyetracker.setRecordingState(False)
41.5444 	EXP 	eyetracker.setRecordingState(False)
41.5536 	EXP 	eyetracker.setRecordingState(False)
41.5625 	EXP 	eyetracker.setRecordingState(False)
41.5712 	EXP 	eyetracker.setRecordingState(False)
41.5796 	EXP 	eyetracker.setRecordingState(False)
41.5900 	EXP 	eyetracker.setRecordingState(False)
41.5999 	EXP 	eyetracker.setRecordingState(False)
41.6085 	EXP 	eyetracker.setRecordingState(False)
41.6183 	EXP 	eyetracker.setRecordingState(False)
41.6296 	EXP 	eyetracker.setRecordingState(False)
41.6408 	EXP 	eyetracker.setRecordingState(False)
41.6525 	EXP 	eyetracker.setRecordingState(False)
41.6644 	EXP 	eyetracker.setRecordingState(False)
41.6749 	EXP 	eyetracker.setRecordingState(False)
41.6866 	EXP 	eyetracker.setRecordingState(False)
41.6973 	EXP 	eyetracker.setRecordingState(False)
41.7085 	EXP 	eyetracker.setRecordingState(False)
41.7191 	EXP 	eyetracker.setRecordingState(False)
41.7292 	EXP 	eyetracker.setRecordingState(False)
41.7386 	EXP 	eyetracker.setRecordingState(False)
41.7468 	EXP 	eyetracker.setRecordingState(False)
41.7577 	EXP 	eyetracker.setRecordingState(False)
41.7673 	EXP 	eyetracker.setRecordingState(False)
41.7776 	EXP 	eyetracker.setRecordingState(False)
41.7882 	EXP 	eyetracker.setRecordingState(False)
41.7992 	EXP 	eyetracker.setRecordingState(False)
41.8098 	EXP 	eyetracker.setRecordingState(False)
41.8204 	EXP 	eyetracker.setRecordingState(False)
41.8289 	EXP 	eyetracker.setRecordingState(False)
41.8376 	EXP 	eyetracker.setRecordingState(False)
41.8476 	EXP 	eyetracker.setRecordingState(False)
41.8561 	EXP 	eyetracker.setRecordingState(False)
41.8661 	EXP 	eyetracker.setRecordingState(False)
41.8758 	EXP 	eyetracker.setRecordingState(False)
41.8863 	EXP 	eyetracker.setRecordingState(False)
41.8974 	EXP 	eyetracker.setRecordingState(False)
41.9071 	EXP 	eyetracker.setRecordingState(False)
41.9157 	EXP 	eyetracker.setRecordingState(False)
41.9251 	EXP 	eyetracker.setRecordingState(False)
41.9344 	EXP 	eyetracker.setRecordingState(False)
41.9451 	EXP 	eyetracker.setRecordingState(False)
41.9550 	EXP 	eyetracker.setRecordingState(False)
41.9650 	EXP 	eyetracker.setRecordingState(False)
41.9746 	EXP 	eyetracker.setRecordingState(False)
41.9844 	EXP 	eyetracker.setRecordingState(False)
41.9943 	EXP 	eyetracker.setRecordingState(False)
42.0036 	EXP 	eyetracker.setRecordingState(False)
42.0126 	EXP 	eyetracker.setRecordingState(False)
42.0228 	EXP 	eyetracker.setRecordingState(False)
42.0309 	EXP 	eyetracker.setRecordingState(False)
42.0408 	EXP 	eyetracker.setRecordingState(False)
42.0483 	EXP 	eyetracker.setRecordingState(False)
42.0559 	EXP 	eyetracker.setRecordingState(False)
42.0628 	EXP 	eyetracker.setRecordingState(False)
42.0712 	EXP 	eyetracker.setRecordingState(False)
42.0782 	EXP 	eyetracker.setRecordingState(False)
42.0861 	EXP 	eyetracker.setRecordingState(False)
42.0937 	EXP 	eyetracker.setRecordingState(False)
42.1013 	EXP 	eyetracker.setRecordingState(False)
42.1089 	EXP 	eyetracker.setRecordingState(False)
42.1179 	EXP 	eyetracker.setRecordingState(False)
42.1258 	EXP 	eyetracker.setRecordingState(False)
42.1340 	EXP 	eyetracker.setRecordingState(False)
42.1417 	EXP 	eyetracker.setRecordingState(False)
42.1495 	EXP 	eyetracker.setRecordingState(False)
42.1576 	EXP 	eyetracker.setRecordingState(False)
42.1673 	EXP 	eyetracker.setRecordingState(False)
42.1768 	EXP 	eyetracker.setRecordingState(False)
42.1873 	EXP 	eyetracker.setRecordingState(False)
42.1967 	EXP 	eyetracker.setRecordingState(False)
42.2061 	EXP 	eyetracker.setRecordingState(False)
42.2156 	EXP 	eyetracker.setRecordingState(False)
42.2273 	EXP 	eyetracker.setRecordingState(False)
42.2387 	EXP 	eyetracker.setRecordingState(False)
42.2487 	EXP 	eyetracker.setRecordingState(False)
42.2586 	EXP 	eyetracker.setRecordingState(False)
42.2677 	EXP 	eyetracker.setRecordingState(False)
42.2793 	EXP 	eyetracker.setRecordingState(False)
42.2915 	EXP 	eyetracker.setRecordingState(False)
42.3018 	EXP 	eyetracker.setRecordingState(False)
42.3122 	EXP 	eyetracker.setRecordingState(False)
42.3224 	EXP 	eyetracker.setRecordingState(False)
42.3339 	EXP 	eyetracker.setRecordingState(False)
42.3437 	EXP 	eyetracker.setRecordingState(False)
42.3528 	EXP 	eyetracker.setRecordingState(False)
42.3611 	EXP 	eyetracker.setRecordingState(False)
42.3703 	EXP 	eyetracker.setRecordingState(False)
42.3791 	EXP 	eyetracker.setRecordingState(False)
42.3888 	EXP 	eyetracker.setRecordingState(False)
42.4006 	EXP 	eyetracker.setRecordingState(False)
42.4128 	EXP 	eyetracker.setRecordingState(False)
42.4248 	EXP 	eyetracker.setRecordingState(False)
42.4378 	EXP 	eyetracker.setRecordingState(False)
42.4490 	EXP 	eyetracker.setRecordingState(False)
42.4593 	EXP 	eyetracker.setRecordingState(False)
42.4690 	EXP 	eyetracker.setRecordingState(False)
42.4800 	EXP 	eyetracker.setRecordingState(False)
42.4901 	EXP 	eyetracker.setRecordingState(False)
42.5015 	EXP 	eyetracker.setRecordingState(False)
42.5112 	EXP 	eyetracker.setRecordingState(False)
42.5204 	EXP 	eyetracker.setRecordingState(False)
42.5295 	EXP 	eyetracker.setRecordingState(False)
42.5383 	EXP 	eyetracker.setRecordingState(False)
42.5494 	EXP 	eyetracker.setRecordingState(False)
42.5581 	EXP 	eyetracker.setRecordingState(False)
42.5668 	EXP 	eyetracker.setRecordingState(False)
42.5760 	EXP 	eyetracker.setRecordingState(False)
42.5861 	EXP 	eyetracker.setRecordingState(False)
42.5959 	EXP 	eyetracker.setRecordingState(False)
42.6055 	EXP 	eyetracker.setRecordingState(False)
42.6154 	EXP 	eyetracker.setRecordingState(False)
42.6251 	EXP 	eyetracker.setRecordingState(False)
42.6368 	EXP 	eyetracker.setRecordingState(False)
42.6479 	EXP 	eyetracker.setRecordingState(False)
42.6579 	EXP 	eyetracker.setRecordingState(False)
42.6688 	EXP 	eyetracker.setRecordingState(False)
42.6786 	EXP 	eyetracker.setRecordingState(False)
42.6877 	EXP 	eyetracker.setRecordingState(False)
42.6980 	EXP 	eyetracker.setRecordingState(False)
42.7085 	EXP 	eyetracker.setRecordingState(False)
42.7178 	EXP 	eyetracker.setRecordingState(False)
42.7275 	EXP 	eyetracker.setRecordingState(False)
42.7375 	EXP 	eyetracker.setRecordingState(False)
42.7478 	EXP 	eyetracker.setRecordingState(False)
42.7586 	EXP 	eyetracker.setRecordingState(False)
42.7693 	EXP 	eyetracker.setRecordingState(False)
42.7789 	EXP 	eyetracker.setRecordingState(False)
42.7886 	EXP 	eyetracker.setRecordingState(False)
42.7993 	EXP 	eyetracker.setRecordingState(False)
42.8078 	EXP 	eyetracker.setRecordingState(False)
42.8155 	EXP 	eyetracker.setRecordingState(False)
42.8232 	EXP 	eyetracker.setRecordingState(False)
42.8322 	EXP 	eyetracker.setRecordingState(False)
42.8407 	EXP 	eyetracker.setRecordingState(False)
42.8504 	EXP 	eyetracker.setRecordingState(False)
42.8592 	EXP 	eyetracker.setRecordingState(False)
42.8674 	EXP 	eyetracker.setRecordingState(False)
42.8772 	EXP 	eyetracker.setRecordingState(False)
42.8866 	EXP 	eyetracker.setRecordingState(False)
42.8951 	EXP 	eyetracker.setRecordingState(False)
42.9056 	EXP 	eyetracker.setRecordingState(False)
42.9148 	EXP 	eyetracker.setRecordingState(False)
42.9239 	EXP 	eyetracker.setRecordingState(False)
42.9337 	EXP 	eyetracker.setRecordingState(False)
42.9441 	EXP 	eyetracker.setRecordingState(False)
42.9548 	EXP 	eyetracker.setRecordingState(False)
42.9653 	EXP 	eyetracker.setRecordingState(False)
42.9763 	EXP 	eyetracker.setRecordingState(False)
42.9874 	EXP 	eyetracker.setRecordingState(False)
42.9974 	EXP 	eyetracker.setRecordingState(False)
43.0073 	EXP 	eyetracker.setRecordingState(False)
43.0162 	EXP 	eyetracker.setRecordingState(False)
43.0244 	EXP 	eyetracker.setRecordingState(False)
43.0333 	EXP 	eyetracker.setRecordingState(False)
43.0423 	EXP 	eyetracker.setRecordingState(False)
43.0517 	EXP 	eyetracker.setRecordingState(False)
43.0599 	EXP 	eyetracker.setRecordingState(False)
43.0694 	EXP 	eyetracker.setRecordingState(False)
43.0797 	EXP 	eyetracker.setRecordingState(False)
43.0920 	EXP 	eyetracker.setRecordingState(False)
43.1016 	EXP 	eyetracker.setRecordingState(False)
43.1121 	EXP 	eyetracker.setRecordingState(False)
43.1226 	EXP 	eyetracker.setRecordingState(False)
43.1331 	EXP 	eyetracker.setRecordingState(False)
43.1439 	EXP 	eyetracker.setRecordingState(False)
43.1557 	EXP 	eyetracker.setRecordingState(False)
43.1668 	EXP 	eyetracker.setRecordingState(False)
43.1793 	EXP 	eyetracker.setRecordingState(False)
43.1892 	EXP 	eyetracker.setRecordingState(False)
43.1978 	EXP 	eyetracker.setRecordingState(False)
43.2082 	EXP 	eyetracker.setRecordingState(False)
43.2178 	EXP 	eyetracker.setRecordingState(False)
43.2278 	EXP 	eyetracker.setRecordingState(False)
43.2387 	EXP 	eyetracker.setRecordingState(False)
43.2476 	EXP 	eyetracker.setRecordingState(False)
43.2568 	EXP 	eyetracker.setRecordingState(False)
43.2669 	EXP 	eyetracker.setRecordingState(False)
43.2780 	EXP 	eyetracker.setRecordingState(False)
43.2879 	EXP 	eyetracker.setRecordingState(False)
43.2996 	EXP 	eyetracker.setRecordingState(False)
43.3097 	EXP 	eyetracker.setRecordingState(False)
43.3204 	EXP 	eyetracker.setRecordingState(False)
43.3308 	EXP 	eyetracker.setRecordingState(False)
43.3416 	EXP 	eyetracker.setRecordingState(False)
43.3530 	EXP 	eyetracker.setRecordingState(False)
43.3626 	EXP 	eyetracker.setRecordingState(False)
43.3729 	EXP 	eyetracker.setRecordingState(False)
43.3818 	EXP 	eyetracker.setRecordingState(False)
43.3900 	EXP 	eyetracker.setRecordingState(False)
43.3995 	EXP 	eyetracker.setRecordingState(False)
43.4063 	EXP 	eyetracker.setRecordingState(False)
43.4142 	EXP 	eyetracker.setRecordingState(False)
43.4220 	EXP 	eyetracker.setRecordingState(False)
43.4316 	EXP 	eyetracker.setRecordingState(False)
43.4409 	EXP 	eyetracker.setRecordingState(False)
43.4511 	EXP 	eyetracker.setRecordingState(False)
43.4603 	EXP 	eyetracker.setRecordingState(False)
43.4693 	EXP 	eyetracker.setRecordingState(False)
43.4790 	EXP 	eyetracker.setRecordingState(False)
43.4885 	EXP 	eyetracker.setRecordingState(False)
43.4981 	EXP 	eyetracker.setRecordingState(False)
43.5079 	EXP 	eyetracker.setRecordingState(False)
43.5171 	EXP 	eyetracker.setRecordingState(False)
43.5265 	EXP 	eyetracker.setRecordingState(False)
43.5372 	EXP 	eyetracker.setRecordingState(False)
43.5460 	EXP 	eyetracker.setRecordingState(False)
43.5573 	EXP 	eyetracker.setRecordingState(False)
43.5674 	EXP 	eyetracker.setRecordingState(False)
43.5771 	EXP 	eyetracker.setRecordingState(False)
43.5866 	EXP 	eyetracker.setRecordingState(False)
43.5964 	EXP 	eyetracker.setRecordingState(False)
43.6073 	EXP 	eyetracker.setRecordingState(False)
43.6183 	EXP 	eyetracker.setRecordingState(False)
43.6278 	EXP 	eyetracker.setRecordingState(False)
43.6371 	EXP 	eyetracker.setRecordingState(False)
43.6477 	EXP 	eyetracker.setRecordingState(False)
43.6579 	EXP 	eyetracker.setRecordingState(False)
43.6668 	EXP 	eyetracker.setRecordingState(False)
43.6748 	EXP 	eyetracker.setRecordingState(False)
43.6826 	EXP 	eyetracker.setRecordingState(False)
43.6900 	EXP 	eyetracker.setRecordingState(False)
43.6974 	EXP 	eyetracker.setRecordingState(False)
43.7054 	EXP 	eyetracker.setRecordingState(False)
43.7138 	EXP 	eyetracker.setRecordingState(False)
43.7238 	EXP 	eyetracker.setRecordingState(False)
43.7342 	EXP 	eyetracker.setRecordingState(False)
43.7456 	EXP 	eyetracker.setRecordingState(False)
43.7556 	EXP 	eyetracker.setRecordingState(False)
43.7648 	EXP 	eyetracker.setRecordingState(False)
43.7736 	EXP 	eyetracker.setRecordingState(False)
43.7821 	EXP 	eyetracker.setRecordingState(False)
43.7914 	EXP 	eyetracker.setRecordingState(False)
43.7999 	EXP 	eyetracker.setRecordingState(False)
43.8084 	EXP 	eyetracker.setRecordingState(False)
43.8175 	EXP 	eyetracker.setRecordingState(False)
43.8253 	EXP 	eyetracker.setRecordingState(False)
43.8333 	EXP 	eyetracker.setRecordingState(False)
43.8421 	EXP 	eyetracker.setRecordingState(False)
43.8488 	EXP 	eyetracker.setRecordingState(False)
43.8567 	EXP 	eyetracker.setRecordingState(False)
43.8654 	EXP 	eyetracker.setRecordingState(False)
43.8759 	EXP 	eyetracker.setRecordingState(False)
43.8854 	EXP 	eyetracker.setRecordingState(False)
43.8979 	EXP 	eyetracker.setRecordingState(False)
43.9063 	EXP 	eyetracker.setRecordingState(False)
43.9152 	EXP 	eyetracker.setRecordingState(False)
43.9226 	EXP 	eyetracker.setRecordingState(False)
43.9299 	EXP 	eyetracker.setRecordingState(False)
43.9383 	EXP 	eyetracker.setRecordingState(False)
43.9465 	EXP 	eyetracker.setRecordingState(False)
43.9539 	EXP 	eyetracker.setRecordingState(False)
43.9610 	EXP 	eyetracker.setRecordingState(False)
43.9688 	EXP 	eyetracker.setRecordingState(False)
43.9758 	EXP 	eyetracker.setRecordingState(False)
43.9827 	EXP 	eyetracker.setRecordingState(False)
43.9895 	EXP 	eyetracker.setRecordingState(False)
43.9973 	EXP 	eyetracker.setRecordingState(False)
44.0061 	EXP 	eyetracker.setRecordingState(False)
44.0148 	EXP 	eyetracker.setRecordingState(False)
44.0234 	EXP 	eyetracker.setRecordingState(False)
44.0330 	EXP 	eyetracker.setRecordingState(False)
44.0423 	EXP 	eyetracker.setRecordingState(False)
44.0524 	EXP 	eyetracker.setRecordingState(False)
44.0615 	EXP 	eyetracker.setRecordingState(False)
44.0716 	EXP 	eyetracker.setRecordingState(False)
44.0805 	EXP 	eyetracker.setRecordingState(False)
44.0908 	EXP 	eyetracker.setRecordingState(False)
44.1006 	EXP 	eyetracker.setRecordingState(False)
44.1121 	EXP 	eyetracker.setRecordingState(False)
44.1221 	EXP 	eyetracker.setRecordingState(False)
44.1306 	EXP 	eyetracker.setRecordingState(False)
44.1398 	EXP 	eyetracker.setRecordingState(False)
44.1484 	EXP 	eyetracker.setRecordingState(False)
44.1578 	EXP 	eyetracker.setRecordingState(False)
44.1674 	EXP 	eyetracker.setRecordingState(False)
44.1772 	EXP 	eyetracker.setRecordingState(False)
44.1867 	EXP 	eyetracker.setRecordingState(False)
44.1962 	EXP 	eyetracker.setRecordingState(False)
44.2058 	EXP 	eyetracker.setRecordingState(False)
44.2150 	EXP 	eyetracker.setRecordingState(False)
44.2251 	EXP 	eyetracker.setRecordingState(False)
44.2353 	EXP 	eyetracker.setRecordingState(False)
44.2449 	EXP 	eyetracker.setRecordingState(False)
44.2544 	EXP 	eyetracker.setRecordingState(False)
44.2635 	EXP 	eyetracker.setRecordingState(False)
44.2722 	EXP 	eyetracker.setRecordingState(False)
44.2803 	EXP 	eyetracker.setRecordingState(False)
44.2898 	EXP 	eyetracker.setRecordingState(False)
44.2982 	EXP 	eyetracker.setRecordingState(False)
44.3060 	EXP 	eyetracker.setRecordingState(False)
44.3141 	EXP 	eyetracker.setRecordingState(False)
44.3225 	EXP 	eyetracker.setRecordingState(False)
44.3308 	EXP 	eyetracker.setRecordingState(False)
44.3383 	EXP 	eyetracker.setRecordingState(False)
44.3464 	EXP 	eyetracker.setRecordingState(False)
44.3537 	EXP 	eyetracker.setRecordingState(False)
44.3611 	EXP 	eyetracker.setRecordingState(False)
44.3682 	EXP 	eyetracker.setRecordingState(False)
44.3751 	EXP 	eyetracker.setRecordingState(False)
44.3821 	EXP 	eyetracker.setRecordingState(False)
44.3882 	EXP 	eyetracker.setRecordingState(False)
44.3954 	EXP 	eyetracker.setRecordingState(False)
44.4029 	EXP 	eyetracker.setRecordingState(False)
44.4111 	EXP 	eyetracker.setRecordingState(False)
44.4181 	EXP 	eyetracker.setRecordingState(False)
44.4270 	EXP 	eyetracker.setRecordingState(False)
44.4354 	EXP 	eyetracker.setRecordingState(False)
44.4464 	EXP 	eyetracker.setRecordingState(False)
44.4548 	EXP 	eyetracker.setRecordingState(False)
44.4645 	EXP 	eyetracker.setRecordingState(False)
44.4747 	EXP 	eyetracker.setRecordingState(False)
44.4847 	EXP 	eyetracker.setRecordingState(False)
44.4956 	EXP 	eyetracker.setRecordingState(False)
44.5090 	EXP 	eyetracker.setRecordingState(False)
44.5187 	EXP 	eyetracker.setRecordingState(False)
44.5294 	EXP 	eyetracker.setRecordingState(False)
44.5385 	EXP 	eyetracker.setRecordingState(False)
44.5483 	EXP 	eyetracker.setRecordingState(False)
44.5579 	EXP 	eyetracker.setRecordingState(False)
44.5659 	EXP 	eyetracker.setRecordingState(False)
44.5726 	EXP 	eyetracker.setRecordingState(False)
44.5784 	EXP 	eyetracker.setRecordingState(False)
44.5858 	EXP 	eyetracker.setRecordingState(False)
44.5937 	EXP 	eyetracker.setRecordingState(False)
44.6042 	EXP 	eyetracker.setRecordingState(False)
44.6121 	EXP 	eyetracker.setRecordingState(False)
44.6191 	EXP 	eyetracker.setRecordingState(False)
44.6266 	EXP 	eyetracker.setRecordingState(False)
44.6337 	EXP 	eyetracker.setRecordingState(False)
44.6410 	EXP 	eyetracker.setRecordingState(False)
44.6491 	EXP 	eyetracker.setRecordingState(False)
44.6567 	EXP 	eyetracker.setRecordingState(False)
44.6679 	EXP 	eyetracker.setRecordingState(False)
44.6766 	EXP 	eyetracker.setRecordingState(False)
44.6844 	EXP 	eyetracker.setRecordingState(False)
44.6931 	EXP 	eyetracker.setRecordingState(False)
44.7037 	EXP 	eyetracker.setRecordingState(False)
44.7122 	EXP 	eyetracker.setRecordingState(False)
44.7203 	EXP 	eyetracker.setRecordingState(False)
44.7289 	EXP 	eyetracker.setRecordingState(False)
44.7386 	EXP 	eyetracker.setRecordingState(False)
44.7469 	EXP 	eyetracker.setRecordingState(False)
44.7557 	EXP 	eyetracker.setRecordingState(False)
44.7658 	EXP 	eyetracker.setRecordingState(False)
44.7748 	EXP 	eyetracker.setRecordingState(False)
44.7827 	EXP 	eyetracker.setRecordingState(False)
44.7896 	EXP 	eyetracker.setRecordingState(False)
44.7964 	EXP 	eyetracker.setRecordingState(False)
44.8023 	EXP 	eyetracker.setRecordingState(False)
44.8091 	EXP 	eyetracker.setRecordingState(False)
44.8171 	EXP 	eyetracker.setRecordingState(False)
44.8238 	EXP 	eyetracker.setRecordingState(False)
44.8318 	EXP 	eyetracker.setRecordingState(False)
44.8386 	EXP 	eyetracker.setRecordingState(False)
44.8458 	EXP 	eyetracker.setRecordingState(False)
44.8532 	EXP 	eyetracker.setRecordingState(False)
44.8597 	EXP 	eyetracker.setRecordingState(False)
44.8683 	EXP 	eyetracker.setRecordingState(False)
44.8767 	EXP 	eyetracker.setRecordingState(False)
44.8861 	EXP 	eyetracker.setRecordingState(False)
44.8941 	EXP 	eyetracker.setRecordingState(False)
44.9024 	EXP 	eyetracker.setRecordingState(False)
44.9139 	EXP 	eyetracker.setRecordingState(False)
44.9223 	EXP 	eyetracker.setRecordingState(False)
44.9332 	EXP 	eyetracker.setRecordingState(False)
44.9427 	EXP 	eyetracker.setRecordingState(False)
44.9526 	EXP 	eyetracker.setRecordingState(False)
44.9636 	EXP 	eyetracker.setRecordingState(False)
44.9756 	EXP 	eyetracker.setRecordingState(False)
44.9855 	EXP 	eyetracker.setRecordingState(False)
44.9984 	EXP 	eyetracker.setRecordingState(False)
45.0095 	EXP 	eyetracker.setRecordingState(False)
45.0198 	EXP 	eyetracker.setRecordingState(False)
45.0316 	EXP 	eyetracker.setRecordingState(False)
45.0461 	EXP 	eyetracker.setRecordingState(False)
45.0563 	EXP 	eyetracker.setRecordingState(False)
45.0662 	EXP 	eyetracker.setRecordingState(False)
45.0762 	EXP 	eyetracker.setRecordingState(False)
45.0870 	EXP 	eyetracker.setRecordingState(False)
45.0966 	EXP 	eyetracker.setRecordingState(False)
45.1076 	EXP 	eyetracker.setRecordingState(False)
45.1183 	EXP 	eyetracker.setRecordingState(False)
45.1306 	EXP 	eyetracker.setRecordingState(False)
45.1404 	EXP 	eyetracker.setRecordingState(False)
45.1520 	EXP 	eyetracker.setRecordingState(False)
45.1605 	EXP 	eyetracker.setRecordingState(False)
45.1705 	EXP 	eyetracker.setRecordingState(False)
45.1789 	EXP 	eyetracker.setRecordingState(False)
45.1888 	EXP 	eyetracker.setRecordingState(False)
45.1982 	EXP 	eyetracker.setRecordingState(False)
45.2076 	EXP 	eyetracker.setRecordingState(False)
45.2171 	EXP 	eyetracker.setRecordingState(False)
45.2281 	EXP 	eyetracker.setRecordingState(False)
45.2382 	EXP 	eyetracker.setRecordingState(False)
45.2481 	EXP 	eyetracker.setRecordingState(False)
45.2586 	EXP 	eyetracker.setRecordingState(False)
45.2691 	EXP 	eyetracker.setRecordingState(False)
45.2784 	EXP 	eyetracker.setRecordingState(False)
45.2875 	EXP 	eyetracker.setRecordingState(False)
45.2966 	EXP 	eyetracker.setRecordingState(False)
45.3048 	EXP 	eyetracker.setRecordingState(False)
45.3120 	EXP 	eyetracker.setRecordingState(False)
45.3184 	EXP 	eyetracker.setRecordingState(False)
45.3246 	EXP 	eyetracker.setRecordingState(False)
45.3312 	EXP 	eyetracker.setRecordingState(False)
45.3381 	EXP 	eyetracker.setRecordingState(False)
45.3444 	EXP 	eyetracker.setRecordingState(False)
45.3510 	EXP 	eyetracker.setRecordingState(False)
45.3575 	EXP 	eyetracker.setRecordingState(False)
45.3651 	EXP 	eyetracker.setRecordingState(False)
45.3726 	EXP 	eyetracker.setRecordingState(False)
45.3807 	EXP 	eyetracker.setRecordingState(False)
45.3885 	EXP 	eyetracker.setRecordingState(False)
45.3966 	EXP 	eyetracker.setRecordingState(False)
45.4042 	EXP 	eyetracker.setRecordingState(False)
45.4117 	EXP 	eyetracker.setRecordingState(False)
45.4178 	EXP 	eyetracker.setRecordingState(False)
45.4256 	EXP 	eyetracker.setRecordingState(False)
45.4313 	EXP 	eyetracker.setRecordingState(False)
45.4378 	EXP 	eyetracker.setRecordingState(False)
45.4437 	EXP 	eyetracker.setRecordingState(False)
45.4497 	EXP 	eyetracker.setRecordingState(False)
45.4567 	EXP 	eyetracker.setRecordingState(False)
45.4633 	EXP 	eyetracker.setRecordingState(False)
45.4698 	EXP 	eyetracker.setRecordingState(False)
45.4756 	EXP 	eyetracker.setRecordingState(False)
45.4827 	EXP 	eyetracker.setRecordingState(False)
45.4896 	EXP 	eyetracker.setRecordingState(False)
45.4952 	EXP 	eyetracker.setRecordingState(False)
45.5026 	EXP 	eyetracker.setRecordingState(False)
45.5094 	EXP 	eyetracker.setRecordingState(False)
45.5172 	EXP 	eyetracker.setRecordingState(False)
45.5243 	EXP 	eyetracker.setRecordingState(False)
45.5308 	EXP 	eyetracker.setRecordingState(False)
45.5379 	EXP 	eyetracker.setRecordingState(False)
45.5449 	EXP 	eyetracker.setRecordingState(False)
45.5523 	EXP 	eyetracker.setRecordingState(False)
45.5617 	EXP 	eyetracker.setRecordingState(False)
45.5693 	EXP 	eyetracker.setRecordingState(False)
45.5776 	EXP 	eyetracker.setRecordingState(False)
45.5841 	EXP 	eyetracker.setRecordingState(False)
45.5904 	EXP 	eyetracker.setRecordingState(False)
45.5971 	EXP 	eyetracker.setRecordingState(False)
45.6048 	EXP 	eyetracker.setRecordingState(False)
45.6131 	EXP 	eyetracker.setRecordingState(False)
45.6209 	EXP 	eyetracker.setRecordingState(False)
45.6287 	EXP 	eyetracker.setRecordingState(False)
45.6368 	EXP 	eyetracker.setRecordingState(False)
45.6450 	EXP 	eyetracker.setRecordingState(False)
45.6528 	EXP 	eyetracker.setRecordingState(False)
45.6609 	EXP 	eyetracker.setRecordingState(False)
45.6674 	EXP 	eyetracker.setRecordingState(False)
45.6757 	EXP 	eyetracker.setRecordingState(False)
45.6828 	EXP 	eyetracker.setRecordingState(False)
45.6932 	EXP 	eyetracker.setRecordingState(False)
45.7023 	EXP 	eyetracker.setRecordingState(False)
45.7116 	EXP 	eyetracker.setRecordingState(False)
45.7210 	EXP 	eyetracker.setRecordingState(False)
45.7301 	EXP 	eyetracker.setRecordingState(False)
45.7391 	EXP 	eyetracker.setRecordingState(False)
45.7480 	EXP 	eyetracker.setRecordingState(False)
45.7565 	EXP 	eyetracker.setRecordingState(False)
45.7658 	EXP 	eyetracker.setRecordingState(False)
45.7771 	EXP 	eyetracker.setRecordingState(False)
45.7869 	EXP 	eyetracker.setRecordingState(False)
45.7964 	EXP 	eyetracker.setRecordingState(False)
45.8065 	EXP 	eyetracker.setRecordingState(False)
45.8155 	EXP 	eyetracker.setRecordingState(False)
45.8260 	EXP 	eyetracker.setRecordingState(False)
45.8355 	EXP 	eyetracker.setRecordingState(False)
45.8451 	EXP 	eyetracker.setRecordingState(False)
45.8557 	EXP 	eyetracker.setRecordingState(False)
45.8648 	EXP 	eyetracker.setRecordingState(False)
45.8720 	EXP 	eyetracker.setRecordingState(False)
45.8796 	EXP 	eyetracker.setRecordingState(False)
45.8874 	EXP 	eyetracker.setRecordingState(False)
45.8962 	EXP 	eyetracker.setRecordingState(False)
45.9035 	EXP 	eyetracker.setRecordingState(False)
45.9107 	EXP 	eyetracker.setRecordingState(False)
45.9179 	EXP 	eyetracker.setRecordingState(False)
45.9252 	EXP 	eyetracker.setRecordingState(False)
45.9320 	EXP 	eyetracker.setRecordingState(False)
45.9382 	EXP 	eyetracker.setRecordingState(False)
45.9444 	EXP 	eyetracker.setRecordingState(False)
45.9512 	EXP 	eyetracker.setRecordingState(False)
45.9587 	EXP 	eyetracker.setRecordingState(False)
45.9659 	EXP 	eyetracker.setRecordingState(False)
45.9747 	EXP 	eyetracker.setRecordingState(False)
45.9847 	EXP 	eyetracker.setRecordingState(False)
45.9938 	EXP 	eyetracker.setRecordingState(False)
46.0028 	EXP 	eyetracker.setRecordingState(False)
46.0113 	EXP 	eyetracker.setRecordingState(False)
46.0203 	EXP 	eyetracker.setRecordingState(False)
46.0284 	EXP 	eyetracker.setRecordingState(False)
46.0372 	EXP 	eyetracker.setRecordingState(False)
46.0452 	EXP 	eyetracker.setRecordingState(False)
46.0554 	EXP 	eyetracker.setRecordingState(False)
46.0648 	EXP 	eyetracker.setRecordingState(False)
46.0734 	EXP 	eyetracker.setRecordingState(False)
46.0834 	EXP 	eyetracker.setRecordingState(False)
46.0917 	EXP 	eyetracker.setRecordingState(False)
46.0998 	EXP 	eyetracker.setRecordingState(False)
46.1079 	EXP 	eyetracker.setRecordingState(False)
46.1188 	EXP 	eyetracker.setRecordingState(False)
46.1270 	EXP 	eyetracker.setRecordingState(False)
46.1348 	EXP 	eyetracker.setRecordingState(False)
46.1415 	EXP 	eyetracker.setRecordingState(False)
46.1497 	EXP 	eyetracker.setRecordingState(False)
46.1590 	EXP 	eyetracker.setRecordingState(False)
46.1679 	EXP 	eyetracker.setRecordingState(False)
46.1771 	EXP 	eyetracker.setRecordingState(False)
46.1861 	EXP 	eyetracker.setRecordingState(False)
46.1963 	EXP 	eyetracker.setRecordingState(False)
46.2073 	EXP 	eyetracker.setRecordingState(False)
46.2167 	EXP 	eyetracker.setRecordingState(False)
46.2265 	EXP 	eyetracker.setRecordingState(False)
46.2361 	EXP 	eyetracker.setRecordingState(False)
46.2475 	EXP 	eyetracker.setRecordingState(False)
46.2569 	EXP 	eyetracker.setRecordingState(False)
46.2658 	EXP 	eyetracker.setRecordingState(False)
46.2742 	EXP 	eyetracker.setRecordingState(False)
46.2818 	EXP 	eyetracker.setRecordingState(False)
46.2886 	EXP 	eyetracker.setRecordingState(False)
46.2961 	EXP 	eyetracker.setRecordingState(False)
46.3026 	EXP 	eyetracker.setRecordingState(False)
46.3081 	EXP 	eyetracker.setRecordingState(False)
46.3133 	EXP 	eyetracker.setRecordingState(False)
46.3191 	EXP 	eyetracker.setRecordingState(False)
46.3243 	EXP 	eyetracker.setRecordingState(False)
46.3304 	EXP 	eyetracker.setRecordingState(False)
46.3374 	EXP 	eyetracker.setRecordingState(False)
46.3442 	EXP 	eyetracker.setRecordingState(False)
46.3520 	EXP 	eyetracker.setRecordingState(False)
46.3600 	EXP 	eyetracker.setRecordingState(False)
46.3691 	EXP 	eyetracker.setRecordingState(False)
46.3801 	EXP 	eyetracker.setRecordingState(False)
46.3890 	EXP 	eyetracker.setRecordingState(False)
46.3988 	EXP 	eyetracker.setRecordingState(False)
46.4079 	EXP 	eyetracker.setRecordingState(False)
46.4149 	EXP 	eyetracker.setRecordingState(False)
46.4226 	EXP 	eyetracker.setRecordingState(False)
46.4298 	EXP 	eyetracker.setRecordingState(False)
46.4370 	EXP 	eyetracker.setRecordingState(False)
46.4445 	EXP 	eyetracker.setRecordingState(False)
46.4525 	EXP 	eyetracker.setRecordingState(False)
46.4598 	EXP 	eyetracker.setRecordingState(False)
46.4682 	EXP 	eyetracker.setRecordingState(False)
46.4760 	EXP 	eyetracker.setRecordingState(False)
46.4840 	EXP 	eyetracker.setRecordingState(False)
46.4929 	EXP 	eyetracker.setRecordingState(False)
46.5004 	EXP 	eyetracker.setRecordingState(False)
46.5078 	EXP 	eyetracker.setRecordingState(False)
46.5164 	EXP 	eyetracker.setRecordingState(False)
46.5265 	EXP 	eyetracker.setRecordingState(False)
46.5345 	EXP 	eyetracker.setRecordingState(False)
46.5428 	EXP 	eyetracker.setRecordingState(False)
46.5498 	EXP 	eyetracker.setRecordingState(False)
46.5574 	EXP 	eyetracker.setRecordingState(False)
46.5662 	EXP 	eyetracker.setRecordingState(False)
46.5748 	EXP 	eyetracker.setRecordingState(False)
46.5826 	EXP 	eyetracker.setRecordingState(False)
46.5923 	EXP 	eyetracker.setRecordingState(False)
46.6005 	EXP 	eyetracker.setRecordingState(False)
46.6090 	EXP 	eyetracker.setRecordingState(False)
46.6177 	EXP 	eyetracker.setRecordingState(False)
46.6264 	EXP 	eyetracker.setRecordingState(False)
46.6375 	EXP 	eyetracker.setRecordingState(False)
46.6465 	EXP 	eyetracker.setRecordingState(False)
46.6584 	EXP 	eyetracker.setRecordingState(False)
46.6678 	EXP 	eyetracker.setRecordingState(False)
46.6780 	EXP 	eyetracker.setRecordingState(False)
46.6881 	EXP 	eyetracker.setRecordingState(False)
46.6963 	EXP 	eyetracker.setRecordingState(False)
46.7061 	EXP 	eyetracker.setRecordingState(False)
46.7160 	EXP 	eyetracker.setRecordingState(False)
46.7247 	EXP 	eyetracker.setRecordingState(False)
46.7348 	EXP 	eyetracker.setRecordingState(False)
46.7437 	EXP 	eyetracker.setRecordingState(False)
46.7531 	EXP 	eyetracker.setRecordingState(False)
46.7624 	EXP 	eyetracker.setRecordingState(False)
46.7717 	EXP 	eyetracker.setRecordingState(False)
46.7807 	EXP 	eyetracker.setRecordingState(False)
46.7928 	EXP 	eyetracker.setRecordingState(False)
46.8018 	EXP 	eyetracker.setRecordingState(False)
46.8116 	EXP 	eyetracker.setRecordingState(False)
46.8201 	EXP 	eyetracker.setRecordingState(False)
46.8281 	EXP 	eyetracker.setRecordingState(False)
46.8371 	EXP 	eyetracker.setRecordingState(False)
46.8490 	EXP 	eyetracker.setRecordingState(False)
46.8575 	EXP 	eyetracker.setRecordingState(False)
46.8661 	EXP 	eyetracker.setRecordingState(False)
46.8746 	EXP 	eyetracker.setRecordingState(False)
46.8831 	EXP 	eyetracker.setRecordingState(False)
46.8906 	EXP 	eyetracker.setRecordingState(False)
46.8982 	EXP 	eyetracker.setRecordingState(False)
46.9064 	EXP 	eyetracker.setRecordingState(False)
46.9143 	EXP 	eyetracker.setRecordingState(False)
46.9225 	EXP 	eyetracker.setRecordingState(False)
46.9295 	EXP 	eyetracker.setRecordingState(False)
46.9381 	EXP 	eyetracker.setRecordingState(False)
46.9469 	EXP 	eyetracker.setRecordingState(False)
46.9544 	EXP 	eyetracker.setRecordingState(False)
46.9635 	EXP 	eyetracker.setRecordingState(False)
46.9731 	EXP 	eyetracker.setRecordingState(False)
46.9801 	EXP 	eyetracker.setRecordingState(False)
46.9876 	EXP 	eyetracker.setRecordingState(False)
46.9948 	EXP 	eyetracker.setRecordingState(False)
47.0019 	EXP 	eyetracker.setRecordingState(False)
47.0090 	EXP 	eyetracker.setRecordingState(False)
47.0164 	EXP 	eyetracker.setRecordingState(False)
47.0233 	EXP 	eyetracker.setRecordingState(False)
47.0308 	EXP 	eyetracker.setRecordingState(False)
47.0387 	EXP 	eyetracker.setRecordingState(False)
47.0470 	EXP 	eyetracker.setRecordingState(False)
47.0567 	EXP 	eyetracker.setRecordingState(False)
47.0654 	EXP 	eyetracker.setRecordingState(False)
47.0751 	EXP 	eyetracker.setRecordingState(False)
47.0845 	EXP 	eyetracker.setRecordingState(False)
47.0927 	EXP 	eyetracker.setRecordingState(False)
47.1015 	EXP 	eyetracker.setRecordingState(False)
47.1093 	EXP 	eyetracker.setRecordingState(False)
47.1181 	EXP 	eyetracker.setRecordingState(False)
47.1249 	EXP 	eyetracker.setRecordingState(False)
47.1323 	EXP 	eyetracker.setRecordingState(False)
47.1388 	EXP 	eyetracker.setRecordingState(False)
47.1469 	EXP 	eyetracker.setRecordingState(False)
47.1539 	EXP 	eyetracker.setRecordingState(False)
47.1613 	EXP 	eyetracker.setRecordingState(False)
47.1684 	EXP 	eyetracker.setRecordingState(False)
47.1753 	EXP 	eyetracker.setRecordingState(False)
47.1823 	EXP 	eyetracker.setRecordingState(False)
47.1896 	EXP 	eyetracker.setRecordingState(False)
47.1964 	EXP 	eyetracker.setRecordingState(False)
47.2028 	EXP 	eyetracker.setRecordingState(False)
47.2098 	EXP 	eyetracker.setRecordingState(False)
47.2172 	EXP 	eyetracker.setRecordingState(False)
47.2261 	EXP 	eyetracker.setRecordingState(False)
47.2338 	EXP 	eyetracker.setRecordingState(False)
47.2417 	EXP 	eyetracker.setRecordingState(False)
47.2493 	EXP 	eyetracker.setRecordingState(False)
47.2577 	EXP 	eyetracker.setRecordingState(False)
47.2641 	EXP 	eyetracker.setRecordingState(False)
47.2717 	EXP 	eyetracker.setRecordingState(False)
47.2781 	EXP 	eyetracker.setRecordingState(False)
47.2857 	EXP 	eyetracker.setRecordingState(False)
47.2918 	EXP 	eyetracker.setRecordingState(False)
47.2979 	EXP 	eyetracker.setRecordingState(False)
47.3049 	EXP 	eyetracker.setRecordingState(False)
47.3111 	EXP 	eyetracker.setRecordingState(False)
47.3198 	EXP 	eyetracker.setRecordingState(False)
47.3275 	EXP 	eyetracker.setRecordingState(False)
47.3362 	EXP 	eyetracker.setRecordingState(False)
47.3437 	EXP 	eyetracker.setRecordingState(False)
47.3516 	EXP 	eyetracker.setRecordingState(False)
47.3582 	EXP 	eyetracker.setRecordingState(False)
47.3654 	EXP 	eyetracker.setRecordingState(False)
47.3720 	EXP 	eyetracker.setRecordingState(False)
47.3795 	EXP 	eyetracker.setRecordingState(False)
47.3855 	EXP 	eyetracker.setRecordingState(False)
47.3917 	EXP 	eyetracker.setRecordingState(False)
47.3985 	EXP 	eyetracker.setRecordingState(False)
47.4031 	EXP 	eyetracker.setRecordingState(False)
47.4089 	EXP 	eyetracker.setRecordingState(False)
47.4146 	EXP 	eyetracker.setRecordingState(False)
47.4199 	EXP 	eyetracker.setRecordingState(False)
47.4265 	EXP 	eyetracker.setRecordingState(False)
47.4333 	EXP 	eyetracker.setRecordingState(False)
47.4405 	EXP 	eyetracker.setRecordingState(False)
47.4481 	EXP 	eyetracker.setRecordingState(False)
47.4545 	EXP 	eyetracker.setRecordingState(False)
47.4613 	EXP 	eyetracker.setRecordingState(False)
47.4685 	EXP 	eyetracker.setRecordingState(False)
47.4766 	EXP 	eyetracker.setRecordingState(False)
47.4837 	EXP 	eyetracker.setRecordingState(False)
47.4915 	EXP 	eyetracker.setRecordingState(False)
47.5018 	EXP 	eyetracker.setRecordingState(False)
47.5117 	EXP 	eyetracker.setRecordingState(False)
47.5216 	EXP 	eyetracker.setRecordingState(False)
47.5314 	EXP 	eyetracker.setRecordingState(False)
47.5413 	EXP 	eyetracker.setRecordingState(False)
47.5522 	EXP 	eyetracker.setRecordingState(False)
47.5600 	EXP 	eyetracker.setRecordingState(False)
47.5678 	EXP 	eyetracker.setRecordingState(False)
47.5774 	EXP 	eyetracker.setRecordingState(False)
47.5857 	EXP 	eyetracker.setRecordingState(False)
47.5930 	EXP 	eyetracker.setRecordingState(False)
47.6004 	EXP 	eyetracker.setRecordingState(False)
47.6076 	EXP 	eyetracker.setRecordingState(False)
47.6153 	EXP 	eyetracker.setRecordingState(False)
47.6221 	EXP 	eyetracker.setRecordingState(False)
47.6293 	EXP 	eyetracker.setRecordingState(False)
47.6362 	EXP 	eyetracker.setRecordingState(False)
47.6430 	EXP 	eyetracker.setRecordingState(False)
47.6495 	EXP 	eyetracker.setRecordingState(False)
47.6560 	EXP 	eyetracker.setRecordingState(False)
47.6628 	EXP 	eyetracker.setRecordingState(False)
47.6696 	EXP 	eyetracker.setRecordingState(False)
47.6780 	EXP 	eyetracker.setRecordingState(False)
47.6852 	EXP 	eyetracker.setRecordingState(False)
47.6919 	EXP 	eyetracker.setRecordingState(False)
47.7010 	EXP 	eyetracker.setRecordingState(False)
47.7089 	EXP 	eyetracker.setRecordingState(False)
47.7154 	EXP 	eyetracker.setRecordingState(False)
47.7223 	EXP 	eyetracker.setRecordingState(False)
47.7289 	EXP 	eyetracker.setRecordingState(False)
47.7364 	EXP 	eyetracker.setRecordingState(False)
47.7447 	EXP 	eyetracker.setRecordingState(False)
47.7544 	EXP 	eyetracker.setRecordingState(False)
47.7630 	EXP 	eyetracker.setRecordingState(False)
47.7725 	EXP 	eyetracker.setRecordingState(False)
47.7829 	EXP 	eyetracker.setRecordingState(False)
47.7910 	EXP 	eyetracker.setRecordingState(False)
47.7991 	EXP 	eyetracker.setRecordingState(False)
47.8066 	EXP 	eyetracker.setRecordingState(False)
47.8139 	EXP 	eyetracker.setRecordingState(False)
47.8227 	EXP 	eyetracker.setRecordingState(False)
47.8311 	EXP 	eyetracker.setRecordingState(False)
47.8387 	EXP 	eyetracker.setRecordingState(False)
47.8461 	EXP 	eyetracker.setRecordingState(False)
47.8537 	EXP 	eyetracker.setRecordingState(False)
47.8610 	EXP 	eyetracker.setRecordingState(False)
47.8701 	EXP 	eyetracker.setRecordingState(False)
47.8801 	EXP 	eyetracker.setRecordingState(False)
47.8877 	EXP 	eyetracker.setRecordingState(False)
47.8945 	EXP 	eyetracker.setRecordingState(False)
47.9011 	EXP 	eyetracker.setRecordingState(False)
47.9073 	EXP 	eyetracker.setRecordingState(False)
47.9142 	EXP 	eyetracker.setRecordingState(False)
47.9222 	EXP 	eyetracker.setRecordingState(False)
47.9296 	EXP 	eyetracker.setRecordingState(False)
47.9366 	EXP 	eyetracker.setRecordingState(False)
47.9442 	EXP 	eyetracker.setRecordingState(False)
47.9522 	EXP 	eyetracker.setRecordingState(False)
47.9626 	EXP 	eyetracker.setRecordingState(False)
47.9696 	EXP 	eyetracker.setRecordingState(False)
47.9771 	EXP 	eyetracker.setRecordingState(False)
47.9853 	EXP 	eyetracker.setRecordingState(False)
47.9932 	EXP 	eyetracker.setRecordingState(False)
48.0009 	EXP 	eyetracker.setRecordingState(False)
48.0101 	EXP 	eyetracker.setRecordingState(False)
48.0173 	EXP 	eyetracker.setRecordingState(False)
48.0269 	EXP 	eyetracker.setRecordingState(False)
48.0340 	EXP 	eyetracker.setRecordingState(False)
48.0414 	EXP 	eyetracker.setRecordingState(False)
48.0483 	EXP 	eyetracker.setRecordingState(False)
48.0561 	EXP 	eyetracker.setRecordingState(False)
48.0625 	EXP 	eyetracker.setRecordingState(False)
48.0693 	EXP 	eyetracker.setRecordingState(False)
48.0760 	EXP 	eyetracker.setRecordingState(False)
48.0824 	EXP 	eyetracker.setRecordingState(False)
48.0897 	EXP 	eyetracker.setRecordingState(False)
48.0969 	EXP 	eyetracker.setRecordingState(False)
48.1037 	EXP 	eyetracker.setRecordingState(False)
48.1101 	EXP 	eyetracker.setRecordingState(False)
48.1179 	EXP 	eyetracker.setRecordingState(False)
48.1257 	EXP 	eyetracker.setRecordingState(False)
48.1361 	EXP 	eyetracker.setRecordingState(False)
48.1446 	EXP 	eyetracker.setRecordingState(False)
48.1533 	EXP 	eyetracker.setRecordingState(False)
48.1631 	EXP 	eyetracker.setRecordingState(False)
48.1723 	EXP 	eyetracker.setRecordingState(False)
48.1803 	EXP 	eyetracker.setRecordingState(False)
48.1888 	EXP 	eyetracker.setRecordingState(False)
48.1976 	EXP 	eyetracker.setRecordingState(False)
48.2058 	EXP 	eyetracker.setRecordingState(False)
48.2142 	EXP 	eyetracker.setRecordingState(False)
48.2224 	EXP 	eyetracker.setRecordingState(False)
48.2308 	EXP 	eyetracker.setRecordingState(False)
48.2388 	EXP 	eyetracker.setRecordingState(False)
48.2472 	EXP 	eyetracker.setRecordingState(False)
48.2561 	EXP 	eyetracker.setRecordingState(False)
48.2654 	EXP 	eyetracker.setRecordingState(False)
48.2753 	EXP 	eyetracker.setRecordingState(False)
48.2845 	EXP 	eyetracker.setRecordingState(False)
48.2946 	EXP 	eyetracker.setRecordingState(False)
48.3047 	EXP 	eyetracker.setRecordingState(False)
48.3153 	EXP 	eyetracker.setRecordingState(False)
48.3268 	EXP 	eyetracker.setRecordingState(False)
48.3370 	EXP 	eyetracker.setRecordingState(False)
48.3463 	EXP 	eyetracker.setRecordingState(False)
48.3566 	EXP 	eyetracker.setRecordingState(False)
48.3653 	EXP 	eyetracker.setRecordingState(False)
48.3736 	EXP 	eyetracker.setRecordingState(False)
48.3829 	EXP 	eyetracker.setRecordingState(False)
48.3923 	EXP 	eyetracker.setRecordingState(False)
48.4020 	EXP 	eyetracker.setRecordingState(False)
48.4100 	EXP 	eyetracker.setRecordingState(False)
48.4190 	EXP 	eyetracker.setRecordingState(False)
48.4279 	EXP 	eyetracker.setRecordingState(False)
48.4372 	EXP 	eyetracker.setRecordingState(False)
48.4460 	EXP 	eyetracker.setRecordingState(False)
48.4543 	EXP 	eyetracker.setRecordingState(False)
48.4634 	EXP 	eyetracker.setRecordingState(False)
48.4726 	EXP 	eyetracker.setRecordingState(False)
48.4818 	EXP 	eyetracker.setRecordingState(False)
48.4909 	EXP 	eyetracker.setRecordingState(False)
48.5016 	EXP 	eyetracker.setRecordingState(False)
48.5108 	EXP 	eyetracker.setRecordingState(False)
48.5211 	EXP 	eyetracker.setRecordingState(False)
48.5316 	EXP 	eyetracker.setRecordingState(False)
48.5398 	EXP 	eyetracker.setRecordingState(False)
48.5481 	EXP 	eyetracker.setRecordingState(False)
48.5563 	EXP 	eyetracker.setRecordingState(False)
48.5650 	EXP 	eyetracker.setRecordingState(False)
48.5745 	EXP 	eyetracker.setRecordingState(False)
48.5848 	EXP 	eyetracker.setRecordingState(False)
48.5957 	EXP 	eyetracker.setRecordingState(False)
48.6065 	EXP 	eyetracker.setRecordingState(False)
48.6101 	DATA 	Mouse: Left button down, pos=(441,453)
48.6166 	EXP 	eyetracker.setRecordingState(False)
48.6195 	EXP 	eyetracker.setRecordingState(False)
48.6358 	INFO 	Keyboard events cleared
48.6350 	EXP 	text_12: autoDraw = False
48.6350 	EXP 	fortune: autoDraw = False
48.6350 	EXP 	marina: autoDraw = False
48.6350 	EXP 	Njoy: autoDraw = False
48.6350 	EXP 	text_13: autoDraw = False
48.6350 	EXP 	text_14: autoDraw = False
48.6350 	EXP 	text_15: autoDraw = False
48.6350 	EXP 	text_instr: autoDraw = True
48.6350 	EXP 	kandos: autoDraw = True
48.6350 	EXP 	ritzbury: autoDraw = True
48.6350 	EXP 	revello: autoDraw = True
48.6350 	EXP 	cadbury: autoDraw = True
48.6350 	EXP 	text_20: autoDraw = True
48.6350 	EXP 	text_21: autoDraw = True
48.6350 	EXP 	text_22: autoDraw = True
48.6350 	EXP 	text_23: autoDraw = True
48.6374 	EXP 	eyetracker.setRecordingState(False)
48.6443 	EXP 	eyetracker.setRecordingState(False)
48.6511 	EXP 	eyetracker.setRecordingState(False)
48.6581 	EXP 	eyetracker.setRecordingState(False)
48.6678 	EXP 	eyetracker.setRecordingState(False)
48.6767 	EXP 	eyetracker.setRecordingState(False)
48.6855 	EXP 	eyetracker.setRecordingState(False)
48.6954 	EXP 	eyetracker.setRecordingState(False)
48.7056 	EXP 	eyetracker.setRecordingState(False)
48.7142 	EXP 	eyetracker.setRecordingState(False)
48.7229 	EXP 	eyetracker.setRecordingState(False)
48.7317 	EXP 	eyetracker.setRecordingState(False)
48.7412 	EXP 	eyetracker.setRecordingState(False)
48.7507 	EXP 	eyetracker.setRecordingState(False)
48.7602 	EXP 	eyetracker.setRecordingState(False)
48.7698 	EXP 	eyetracker.setRecordingState(False)
48.7790 	EXP 	eyetracker.setRecordingState(False)
48.7901 	EXP 	eyetracker.setRecordingState(False)
48.8000 	EXP 	eyetracker.setRecordingState(False)
48.8087 	EXP 	eyetracker.setRecordingState(False)
48.8183 	EXP 	eyetracker.setRecordingState(False)
48.8274 	EXP 	eyetracker.setRecordingState(False)
48.8316 	DATA 	Mouse:  Left button up, pos=(441,453)
48.8365 	EXP 	eyetracker.setRecordingState(False)
48.8462 	EXP 	eyetracker.setRecordingState(False)
48.8551 	EXP 	eyetracker.setRecordingState(False)
48.8657 	EXP 	eyetracker.setRecordingState(False)
48.8749 	EXP 	eyetracker.setRecordingState(False)
48.8844 	EXP 	eyetracker.setRecordingState(False)
48.8944 	EXP 	eyetracker.setRecordingState(False)
48.9032 	EXP 	eyetracker.setRecordingState(False)
48.9117 	EXP 	eyetracker.setRecordingState(False)
48.9209 	EXP 	eyetracker.setRecordingState(False)
48.9298 	EXP 	eyetracker.setRecordingState(False)
48.9389 	EXP 	eyetracker.setRecordingState(False)
48.9491 	EXP 	eyetracker.setRecordingState(False)
48.9596 	EXP 	eyetracker.setRecordingState(False)
48.9723 	EXP 	eyetracker.setRecordingState(False)
48.9827 	EXP 	eyetracker.setRecordingState(False)
48.9916 	EXP 	eyetracker.setRecordingState(False)
49.0015 	EXP 	eyetracker.setRecordingState(False)
49.0124 	EXP 	eyetracker.setRecordingState(False)
49.0232 	EXP 	eyetracker.setRecordingState(False)
49.0332 	EXP 	eyetracker.setRecordingState(False)
49.0443 	EXP 	eyetracker.setRecordingState(False)
49.0569 	EXP 	eyetracker.setRecordingState(False)
49.0673 	EXP 	eyetracker.setRecordingState(False)
49.0782 	EXP 	eyetracker.setRecordingState(False)
49.0889 	EXP 	eyetracker.setRecordingState(False)
49.0998 	EXP 	eyetracker.setRecordingState(False)
49.1108 	EXP 	eyetracker.setRecordingState(False)
49.1210 	EXP 	eyetracker.setRecordingState(False)
49.1316 	EXP 	eyetracker.setRecordingState(False)
49.1419 	EXP 	eyetracker.setRecordingState(False)
49.1520 	EXP 	eyetracker.setRecordingState(False)
49.1626 	EXP 	eyetracker.setRecordingState(False)
49.1727 	EXP 	eyetracker.setRecordingState(False)
49.1825 	EXP 	eyetracker.setRecordingState(False)
49.1931 	EXP 	eyetracker.setRecordingState(False)
49.2039 	EXP 	eyetracker.setRecordingState(False)
49.2132 	EXP 	eyetracker.setRecordingState(False)
49.2236 	EXP 	eyetracker.setRecordingState(False)
49.2342 	EXP 	eyetracker.setRecordingState(False)
49.2446 	EXP 	eyetracker.setRecordingState(False)
49.2551 	EXP 	eyetracker.setRecordingState(False)
49.2656 	EXP 	eyetracker.setRecordingState(False)
49.2765 	EXP 	eyetracker.setRecordingState(False)
49.2879 	EXP 	eyetracker.setRecordingState(False)
49.2985 	EXP 	eyetracker.setRecordingState(False)
49.3085 	EXP 	eyetracker.setRecordingState(False)
49.3184 	EXP 	eyetracker.setRecordingState(False)
49.3292 	EXP 	eyetracker.setRecordingState(False)
49.3396 	EXP 	eyetracker.setRecordingState(False)
49.3490 	EXP 	eyetracker.setRecordingState(False)
49.3581 	EXP 	eyetracker.setRecordingState(False)
49.3687 	EXP 	eyetracker.setRecordingState(False)
49.3777 	EXP 	eyetracker.setRecordingState(False)
49.3862 	EXP 	eyetracker.setRecordingState(False)
49.3969 	EXP 	eyetracker.setRecordingState(False)
49.4050 	EXP 	eyetracker.setRecordingState(False)
49.4134 	EXP 	eyetracker.setRecordingState(False)
49.4208 	EXP 	eyetracker.setRecordingState(False)
49.4303 	EXP 	eyetracker.setRecordingState(False)
49.4398 	EXP 	eyetracker.setRecordingState(False)
49.4492 	EXP 	eyetracker.setRecordingState(False)
49.4580 	EXP 	eyetracker.setRecordingState(False)
49.4672 	EXP 	eyetracker.setRecordingState(False)
49.4778 	EXP 	eyetracker.setRecordingState(False)
49.4877 	EXP 	eyetracker.setRecordingState(False)
49.4961 	EXP 	eyetracker.setRecordingState(False)
49.5048 	EXP 	eyetracker.setRecordingState(False)
49.5135 	EXP 	eyetracker.setRecordingState(False)
49.5255 	EXP 	eyetracker.setRecordingState(False)
49.5352 	EXP 	eyetracker.setRecordingState(False)
49.5440 	EXP 	eyetracker.setRecordingState(False)
49.5551 	EXP 	eyetracker.setRecordingState(False)
49.5641 	EXP 	eyetracker.setRecordingState(False)
49.5760 	EXP 	eyetracker.setRecordingState(False)
49.5845 	EXP 	eyetracker.setRecordingState(False)
49.5930 	EXP 	eyetracker.setRecordingState(False)
49.6039 	EXP 	eyetracker.setRecordingState(False)
49.6151 	EXP 	eyetracker.setRecordingState(False)
49.6230 	EXP 	eyetracker.setRecordingState(False)
49.6332 	EXP 	eyetracker.setRecordingState(False)
49.6423 	EXP 	eyetracker.setRecordingState(False)
49.6523 	EXP 	eyetracker.setRecordingState(False)
49.6616 	EXP 	eyetracker.setRecordingState(False)
49.6718 	EXP 	eyetracker.setRecordingState(False)
49.6833 	EXP 	eyetracker.setRecordingState(False)
49.6956 	EXP 	eyetracker.setRecordingState(False)
49.7073 	EXP 	eyetracker.setRecordingState(False)
49.7198 	EXP 	eyetracker.setRecordingState(False)
49.7311 	EXP 	eyetracker.setRecordingState(False)
49.7426 	EXP 	eyetracker.setRecordingState(False)
49.7522 	EXP 	eyetracker.setRecordingState(False)
49.7633 	EXP 	eyetracker.setRecordingState(False)
49.7739 	EXP 	eyetracker.setRecordingState(False)
49.7854 	EXP 	eyetracker.setRecordingState(False)
49.7962 	EXP 	eyetracker.setRecordingState(False)
49.8082 	EXP 	eyetracker.setRecordingState(False)
49.8199 	EXP 	eyetracker.setRecordingState(False)
49.8312 	EXP 	eyetracker.setRecordingState(False)
49.8427 	EXP 	eyetracker.setRecordingState(False)
49.8524 	EXP 	eyetracker.setRecordingState(False)
49.8636 	EXP 	eyetracker.setRecordingState(False)
49.8740 	EXP 	eyetracker.setRecordingState(False)
49.8848 	EXP 	eyetracker.setRecordingState(False)
49.8953 	EXP 	eyetracker.setRecordingState(False)
49.9061 	EXP 	eyetracker.setRecordingState(False)
49.9172 	EXP 	eyetracker.setRecordingState(False)
49.9292 	EXP 	eyetracker.setRecordingState(False)
49.9401 	EXP 	eyetracker.setRecordingState(False)
49.9500 	EXP 	eyetracker.setRecordingState(False)
49.9597 	EXP 	eyetracker.setRecordingState(False)
49.9686 	EXP 	eyetracker.setRecordingState(False)
49.9774 	EXP 	eyetracker.setRecordingState(False)
49.9898 	EXP 	eyetracker.setRecordingState(False)
49.9996 	EXP 	eyetracker.setRecordingState(False)
50.0090 	EXP 	eyetracker.setRecordingState(False)
50.0193 	EXP 	eyetracker.setRecordingState(False)
50.0299 	EXP 	eyetracker.setRecordingState(False)
50.0399 	EXP 	eyetracker.setRecordingState(False)
50.0508 	EXP 	eyetracker.setRecordingState(False)
50.0605 	EXP 	eyetracker.setRecordingState(False)
50.0712 	EXP 	eyetracker.setRecordingState(False)
50.0815 	EXP 	eyetracker.setRecordingState(False)
50.0910 	EXP 	eyetracker.setRecordingState(False)
50.1000 	EXP 	eyetracker.setRecordingState(False)
50.1112 	EXP 	eyetracker.setRecordingState(False)
50.1218 	EXP 	eyetracker.setRecordingState(False)
50.1322 	EXP 	eyetracker.setRecordingState(False)
50.1418 	EXP 	eyetracker.setRecordingState(False)
50.1522 	EXP 	eyetracker.setRecordingState(False)
50.1623 	EXP 	eyetracker.setRecordingState(False)
50.1728 	EXP 	eyetracker.setRecordingState(False)
50.1843 	EXP 	eyetracker.setRecordingState(False)
50.1942 	EXP 	eyetracker.setRecordingState(False)
50.2041 	EXP 	eyetracker.setRecordingState(False)
50.2150 	EXP 	eyetracker.setRecordingState(False)
50.2254 	EXP 	eyetracker.setRecordingState(False)
50.2365 	EXP 	eyetracker.setRecordingState(False)
50.2480 	EXP 	eyetracker.setRecordingState(False)
50.2594 	EXP 	eyetracker.setRecordingState(False)
50.2712 	EXP 	eyetracker.setRecordingState(False)
50.2840 	EXP 	eyetracker.setRecordingState(False)
50.2953 	EXP 	eyetracker.setRecordingState(False)
50.3064 	EXP 	eyetracker.setRecordingState(False)
50.3185 	EXP 	eyetracker.setRecordingState(False)
50.3295 	EXP 	eyetracker.setRecordingState(False)
50.3422 	EXP 	eyetracker.setRecordingState(False)
50.3539 	EXP 	eyetracker.setRecordingState(False)
50.3660 	EXP 	eyetracker.setRecordingState(False)
50.3785 	EXP 	eyetracker.setRecordingState(False)
50.3895 	EXP 	eyetracker.setRecordingState(False)
50.4002 	EXP 	eyetracker.setRecordingState(False)
50.4112 	EXP 	eyetracker.setRecordingState(False)
50.4225 	EXP 	eyetracker.setRecordingState(False)
50.4338 	EXP 	eyetracker.setRecordingState(False)
50.4458 	EXP 	eyetracker.setRecordingState(False)
50.4574 	EXP 	eyetracker.setRecordingState(False)
50.4712 	EXP 	eyetracker.setRecordingState(False)
50.4834 	EXP 	eyetracker.setRecordingState(False)
50.4959 	EXP 	eyetracker.setRecordingState(False)
50.5073 	EXP 	eyetracker.setRecordingState(False)
50.5165 	EXP 	eyetracker.setRecordingState(False)
50.5252 	EXP 	eyetracker.setRecordingState(False)
50.5362 	EXP 	eyetracker.setRecordingState(False)
50.5446 	EXP 	eyetracker.setRecordingState(False)
50.5543 	EXP 	eyetracker.setRecordingState(False)
50.5657 	EXP 	eyetracker.setRecordingState(False)
50.5759 	EXP 	eyetracker.setRecordingState(False)
50.5865 	EXP 	eyetracker.setRecordingState(False)
50.5967 	EXP 	eyetracker.setRecordingState(False)
50.6073 	EXP 	eyetracker.setRecordingState(False)
50.6193 	EXP 	eyetracker.setRecordingState(False)
50.6324 	EXP 	eyetracker.setRecordingState(False)
50.6437 	EXP 	eyetracker.setRecordingState(False)
50.6546 	EXP 	eyetracker.setRecordingState(False)
50.6672 	EXP 	eyetracker.setRecordingState(False)
50.6799 	EXP 	eyetracker.setRecordingState(False)
50.6909 	EXP 	eyetracker.setRecordingState(False)
50.7017 	EXP 	eyetracker.setRecordingState(False)
50.7129 	EXP 	eyetracker.setRecordingState(False)
50.7282 	EXP 	eyetracker.setRecordingState(False)
50.7417 	EXP 	eyetracker.setRecordingState(False)
50.7530 	EXP 	eyetracker.setRecordingState(False)
50.7640 	EXP 	eyetracker.setRecordingState(False)
50.7737 	EXP 	eyetracker.setRecordingState(False)
50.7838 	EXP 	eyetracker.setRecordingState(False)
50.7950 	EXP 	eyetracker.setRecordingState(False)
50.8059 	EXP 	eyetracker.setRecordingState(False)
50.8166 	EXP 	eyetracker.setRecordingState(False)
50.8259 	EXP 	eyetracker.setRecordingState(False)
50.8358 	EXP 	eyetracker.setRecordingState(False)
50.8479 	EXP 	eyetracker.setRecordingState(False)
50.8573 	EXP 	eyetracker.setRecordingState(False)
50.8671 	EXP 	eyetracker.setRecordingState(False)
50.8766 	EXP 	eyetracker.setRecordingState(False)
50.8882 	EXP 	eyetracker.setRecordingState(False)
50.8985 	EXP 	eyetracker.setRecordingState(False)
50.9090 	EXP 	eyetracker.setRecordingState(False)
50.9191 	EXP 	eyetracker.setRecordingState(False)
50.9295 	EXP 	eyetracker.setRecordingState(False)
50.9394 	EXP 	eyetracker.setRecordingState(False)
50.9493 	EXP 	eyetracker.setRecordingState(False)
50.9579 	EXP 	eyetracker.setRecordingState(False)
50.9672 	EXP 	eyetracker.setRecordingState(False)
50.9789 	EXP 	eyetracker.setRecordingState(False)
50.9876 	EXP 	eyetracker.setRecordingState(False)
50.9970 	EXP 	eyetracker.setRecordingState(False)
51.0079 	EXP 	eyetracker.setRecordingState(False)
51.0176 	EXP 	eyetracker.setRecordingState(False)
51.0273 	EXP 	eyetracker.setRecordingState(False)
51.0371 	EXP 	eyetracker.setRecordingState(False)
51.0462 	EXP 	eyetracker.setRecordingState(False)
51.0577 	EXP 	eyetracker.setRecordingState(False)
51.0681 	EXP 	eyetracker.setRecordingState(False)
51.0791 	EXP 	eyetracker.setRecordingState(False)
51.0916 	EXP 	eyetracker.setRecordingState(False)
51.1030 	EXP 	eyetracker.setRecordingState(False)
51.1140 	EXP 	eyetracker.setRecordingState(False)
51.1247 	EXP 	eyetracker.setRecordingState(False)
51.1348 	EXP 	eyetracker.setRecordingState(False)
51.1441 	EXP 	eyetracker.setRecordingState(False)
51.1546 	EXP 	eyetracker.setRecordingState(False)
51.1652 	EXP 	eyetracker.setRecordingState(False)
51.1757 	EXP 	eyetracker.setRecordingState(False)
51.1854 	EXP 	eyetracker.setRecordingState(False)
51.1951 	EXP 	eyetracker.setRecordingState(False)
51.2047 	EXP 	eyetracker.setRecordingState(False)
51.2147 	EXP 	eyetracker.setRecordingState(False)
51.2238 	EXP 	eyetracker.setRecordingState(False)
51.2344 	EXP 	eyetracker.setRecordingState(False)
51.2449 	EXP 	eyetracker.setRecordingState(False)
51.2560 	EXP 	eyetracker.setRecordingState(False)
51.2669 	EXP 	eyetracker.setRecordingState(False)
51.2783 	EXP 	eyetracker.setRecordingState(False)
51.2893 	EXP 	eyetracker.setRecordingState(False)
51.3010 	EXP 	eyetracker.setRecordingState(False)
51.3119 	EXP 	eyetracker.setRecordingState(False)
51.3221 	EXP 	eyetracker.setRecordingState(False)
51.3324 	EXP 	eyetracker.setRecordingState(False)
51.3431 	EXP 	eyetracker.setRecordingState(False)
51.3543 	EXP 	eyetracker.setRecordingState(False)
51.3654 	EXP 	eyetracker.setRecordingState(False)
51.3749 	EXP 	eyetracker.setRecordingState(False)
51.3836 	EXP 	eyetracker.setRecordingState(False)
51.3932 	EXP 	eyetracker.setRecordingState(False)
51.4029 	EXP 	eyetracker.setRecordingState(False)
51.4106 	EXP 	eyetracker.setRecordingState(False)
51.4176 	EXP 	eyetracker.setRecordingState(False)
51.4248 	EXP 	eyetracker.setRecordingState(False)
51.4317 	EXP 	eyetracker.setRecordingState(False)
51.4394 	EXP 	eyetracker.setRecordingState(False)
51.4484 	EXP 	eyetracker.setRecordingState(False)
51.4584 	EXP 	eyetracker.setRecordingState(False)
51.4667 	EXP 	eyetracker.setRecordingState(False)
51.4750 	EXP 	eyetracker.setRecordingState(False)
51.4824 	EXP 	eyetracker.setRecordingState(False)
51.4899 	EXP 	eyetracker.setRecordingState(False)
51.4975 	EXP 	eyetracker.setRecordingState(False)
51.5059 	EXP 	eyetracker.setRecordingState(False)
51.5140 	EXP 	eyetracker.setRecordingState(False)
51.5223 	EXP 	eyetracker.setRecordingState(False)
51.5305 	EXP 	eyetracker.setRecordingState(False)
51.5382 	EXP 	eyetracker.setRecordingState(False)
51.5461 	EXP 	eyetracker.setRecordingState(False)
51.5535 	EXP 	eyetracker.setRecordingState(False)
51.5607 	EXP 	eyetracker.setRecordingState(False)
51.5694 	EXP 	eyetracker.setRecordingState(False)
51.5779 	EXP 	eyetracker.setRecordingState(False)
51.5869 	EXP 	eyetracker.setRecordingState(False)
51.5975 	EXP 	eyetracker.setRecordingState(False)
51.6062 	EXP 	eyetracker.setRecordingState(False)
51.6152 	EXP 	eyetracker.setRecordingState(False)
51.6240 	EXP 	eyetracker.setRecordingState(False)
51.6350 	EXP 	eyetracker.setRecordingState(False)
51.6445 	EXP 	eyetracker.setRecordingState(False)
51.6528 	EXP 	eyetracker.setRecordingState(False)
51.6626 	EXP 	eyetracker.setRecordingState(False)
51.6703 	EXP 	eyetracker.setRecordingState(False)
51.6790 	EXP 	eyetracker.setRecordingState(False)
51.6881 	EXP 	eyetracker.setRecordingState(False)
51.6976 	EXP 	eyetracker.setRecordingState(False)
51.7093 	EXP 	eyetracker.setRecordingState(False)
51.7187 	EXP 	eyetracker.setRecordingState(False)
51.7292 	EXP 	eyetracker.setRecordingState(False)
51.7428 	EXP 	eyetracker.setRecordingState(False)
51.7535 	EXP 	eyetracker.setRecordingState(False)
51.7649 	EXP 	eyetracker.setRecordingState(False)
51.7751 	EXP 	eyetracker.setRecordingState(False)
51.7848 	EXP 	eyetracker.setRecordingState(False)
51.7939 	EXP 	eyetracker.setRecordingState(False)
51.8047 	EXP 	eyetracker.setRecordingState(False)
51.8148 	EXP 	eyetracker.setRecordingState(False)
51.8246 	EXP 	eyetracker.setRecordingState(False)
51.8354 	EXP 	eyetracker.setRecordingState(False)
51.8455 	EXP 	eyetracker.setRecordingState(False)
51.8554 	EXP 	eyetracker.setRecordingState(False)
51.8647 	EXP 	eyetracker.setRecordingState(False)
51.8741 	EXP 	eyetracker.setRecordingState(False)
51.8824 	EXP 	eyetracker.setRecordingState(False)
51.8916 	EXP 	eyetracker.setRecordingState(False)
51.9014 	EXP 	eyetracker.setRecordingState(False)
51.9117 	EXP 	eyetracker.setRecordingState(False)
51.9231 	EXP 	eyetracker.setRecordingState(False)
51.9333 	EXP 	eyetracker.setRecordingState(False)
51.9422 	EXP 	eyetracker.setRecordingState(False)
51.9508 	EXP 	eyetracker.setRecordingState(False)
51.9611 	EXP 	eyetracker.setRecordingState(False)
51.9702 	EXP 	eyetracker.setRecordingState(False)
51.9788 	EXP 	eyetracker.setRecordingState(False)
51.9872 	EXP 	eyetracker.setRecordingState(False)
51.9952 	EXP 	eyetracker.setRecordingState(False)
52.0032 	EXP 	eyetracker.setRecordingState(False)
52.0111 	EXP 	eyetracker.setRecordingState(False)
52.0204 	EXP 	eyetracker.setRecordingState(False)
52.0294 	EXP 	eyetracker.setRecordingState(False)
52.0399 	EXP 	eyetracker.setRecordingState(False)
52.0496 	EXP 	eyetracker.setRecordingState(False)
52.0601 	EXP 	eyetracker.setRecordingState(False)
52.0707 	EXP 	eyetracker.setRecordingState(False)
52.0801 	EXP 	eyetracker.setRecordingState(False)
52.0907 	EXP 	eyetracker.setRecordingState(False)
52.1014 	EXP 	eyetracker.setRecordingState(False)
52.1098 	EXP 	eyetracker.setRecordingState(False)
52.1196 	EXP 	eyetracker.setRecordingState(False)
52.1289 	EXP 	eyetracker.setRecordingState(False)
52.1383 	EXP 	eyetracker.setRecordingState(False)
52.1483 	EXP 	eyetracker.setRecordingState(False)
52.1585 	EXP 	eyetracker.setRecordingState(False)
52.1696 	EXP 	eyetracker.setRecordingState(False)
52.1817 	EXP 	eyetracker.setRecordingState(False)
52.1923 	EXP 	eyetracker.setRecordingState(False)
52.2009 	EXP 	eyetracker.setRecordingState(False)
52.2097 	EXP 	eyetracker.setRecordingState(False)
52.2182 	EXP 	eyetracker.setRecordingState(False)
52.2278 	EXP 	eyetracker.setRecordingState(False)
52.2378 	EXP 	eyetracker.setRecordingState(False)
52.2478 	EXP 	eyetracker.setRecordingState(False)
52.2579 	EXP 	eyetracker.setRecordingState(False)
52.2698 	EXP 	eyetracker.setRecordingState(False)
52.2805 	EXP 	eyetracker.setRecordingState(False)
52.2935 	EXP 	eyetracker.setRecordingState(False)
52.3047 	EXP 	eyetracker.setRecordingState(False)
52.3139 	EXP 	eyetracker.setRecordingState(False)
52.3235 	EXP 	eyetracker.setRecordingState(False)
52.3329 	EXP 	eyetracker.setRecordingState(False)
52.3417 	EXP 	eyetracker.setRecordingState(False)
52.3503 	EXP 	eyetracker.setRecordingState(False)
52.3610 	EXP 	eyetracker.setRecordingState(False)
52.3732 	EXP 	eyetracker.setRecordingState(False)
52.3847 	EXP 	eyetracker.setRecordingState(False)
52.3967 	EXP 	eyetracker.setRecordingState(False)
52.4088 	EXP 	eyetracker.setRecordingState(False)
52.4186 	EXP 	eyetracker.setRecordingState(False)
52.4286 	EXP 	eyetracker.setRecordingState(False)
52.4389 	EXP 	eyetracker.setRecordingState(False)
52.4479 	EXP 	eyetracker.setRecordingState(False)
52.4571 	EXP 	eyetracker.setRecordingState(False)
52.4664 	EXP 	eyetracker.setRecordingState(False)
52.4772 	EXP 	eyetracker.setRecordingState(False)
52.4869 	EXP 	eyetracker.setRecordingState(False)
52.4970 	EXP 	eyetracker.setRecordingState(False)
52.5092 	EXP 	eyetracker.setRecordingState(False)
52.5203 	EXP 	eyetracker.setRecordingState(False)
52.5322 	EXP 	eyetracker.setRecordingState(False)
52.5440 	EXP 	eyetracker.setRecordingState(False)
52.5552 	EXP 	eyetracker.setRecordingState(False)
52.5666 	EXP 	eyetracker.setRecordingState(False)
52.5778 	EXP 	eyetracker.setRecordingState(False)
52.5888 	EXP 	eyetracker.setRecordingState(False)
52.6016 	EXP 	eyetracker.setRecordingState(False)
52.6126 	EXP 	eyetracker.setRecordingState(False)
52.6241 	EXP 	eyetracker.setRecordingState(False)
52.6349 	EXP 	eyetracker.setRecordingState(False)
52.6474 	EXP 	eyetracker.setRecordingState(False)
52.6571 	EXP 	eyetracker.setRecordingState(False)
52.6668 	EXP 	eyetracker.setRecordingState(False)
52.6761 	EXP 	eyetracker.setRecordingState(False)
52.6864 	EXP 	eyetracker.setRecordingState(False)
52.6960 	EXP 	eyetracker.setRecordingState(False)
52.7087 	EXP 	eyetracker.setRecordingState(False)
52.7196 	EXP 	eyetracker.setRecordingState(False)
52.7297 	EXP 	eyetracker.setRecordingState(False)
52.7392 	EXP 	eyetracker.setRecordingState(False)
52.7500 	EXP 	eyetracker.setRecordingState(False)
52.7605 	EXP 	eyetracker.setRecordingState(False)
52.7709 	EXP 	eyetracker.setRecordingState(False)
52.7806 	EXP 	eyetracker.setRecordingState(False)
52.7898 	EXP 	eyetracker.setRecordingState(False)
52.7994 	EXP 	eyetracker.setRecordingState(False)
52.8102 	EXP 	eyetracker.setRecordingState(False)
52.8197 	EXP 	eyetracker.setRecordingState(False)
52.8286 	EXP 	eyetracker.setRecordingState(False)
52.8385 	EXP 	eyetracker.setRecordingState(False)
52.8483 	EXP 	eyetracker.setRecordingState(False)
52.8585 	EXP 	eyetracker.setRecordingState(False)
52.8698 	EXP 	eyetracker.setRecordingState(False)
52.8809 	EXP 	eyetracker.setRecordingState(False)
52.8897 	EXP 	eyetracker.setRecordingState(False)
52.8981 	EXP 	eyetracker.setRecordingState(False)
52.9062 	EXP 	eyetracker.setRecordingState(False)
52.9141 	EXP 	eyetracker.setRecordingState(False)
52.9226 	EXP 	eyetracker.setRecordingState(False)
52.9323 	EXP 	eyetracker.setRecordingState(False)
52.9420 	EXP 	eyetracker.setRecordingState(False)
52.9506 	EXP 	eyetracker.setRecordingState(False)
52.9598 	EXP 	eyetracker.setRecordingState(False)
52.9695 	EXP 	eyetracker.setRecordingState(False)
52.9797 	EXP 	eyetracker.setRecordingState(False)
52.9906 	EXP 	eyetracker.setRecordingState(False)
53.0013 	EXP 	eyetracker.setRecordingState(False)
53.0131 	EXP 	eyetracker.setRecordingState(False)
53.0271 	EXP 	eyetracker.setRecordingState(False)
53.0380 	EXP 	eyetracker.setRecordingState(False)
53.0477 	EXP 	eyetracker.setRecordingState(False)
53.0573 	EXP 	eyetracker.setRecordingState(False)
53.0684 	EXP 	eyetracker.setRecordingState(False)
53.0791 	EXP 	eyetracker.setRecordingState(False)
53.0888 	EXP 	eyetracker.setRecordingState(False)
53.0987 	EXP 	eyetracker.setRecordingState(False)
53.1089 	EXP 	eyetracker.setRecordingState(False)
53.1200 	EXP 	eyetracker.setRecordingState(False)
53.1316 	EXP 	eyetracker.setRecordingState(False)
53.1427 	EXP 	eyetracker.setRecordingState(False)
53.1545 	EXP 	eyetracker.setRecordingState(False)
53.1665 	EXP 	eyetracker.setRecordingState(False)
53.1777 	EXP 	eyetracker.setRecordingState(False)
53.1896 	EXP 	eyetracker.setRecordingState(False)
53.2011 	EXP 	eyetracker.setRecordingState(False)
53.2118 	EXP 	eyetracker.setRecordingState(False)
53.2239 	EXP 	eyetracker.setRecordingState(False)
53.2338 	EXP 	eyetracker.setRecordingState(False)
53.2446 	EXP 	eyetracker.setRecordingState(False)
53.2558 	EXP 	eyetracker.setRecordingState(False)
53.2657 	EXP 	eyetracker.setRecordingState(False)
53.2774 	EXP 	eyetracker.setRecordingState(False)
53.2883 	EXP 	eyetracker.setRecordingState(False)
53.2986 	EXP 	eyetracker.setRecordingState(False)
53.3085 	EXP 	eyetracker.setRecordingState(False)
53.3196 	EXP 	eyetracker.setRecordingState(False)
53.3300 	EXP 	eyetracker.setRecordingState(False)
53.3416 	EXP 	eyetracker.setRecordingState(False)
53.3522 	EXP 	eyetracker.setRecordingState(False)
53.3619 	EXP 	eyetracker.setRecordingState(False)
53.3738 	EXP 	eyetracker.setRecordingState(False)
53.3857 	EXP 	eyetracker.setRecordingState(False)
53.3962 	EXP 	eyetracker.setRecordingState(False)
53.4043 	EXP 	eyetracker.setRecordingState(False)
53.4138 	EXP 	eyetracker.setRecordingState(False)
53.4220 	EXP 	eyetracker.setRecordingState(False)
53.4327 	EXP 	eyetracker.setRecordingState(False)
53.4422 	EXP 	eyetracker.setRecordingState(False)
53.4513 	EXP 	eyetracker.setRecordingState(False)
53.4611 	EXP 	eyetracker.setRecordingState(False)
53.4722 	EXP 	eyetracker.setRecordingState(False)
53.4846 	EXP 	eyetracker.setRecordingState(False)
53.4968 	EXP 	eyetracker.setRecordingState(False)
53.5084 	EXP 	eyetracker.setRecordingState(False)
53.5198 	EXP 	eyetracker.setRecordingState(False)
53.5309 	EXP 	eyetracker.setRecordingState(False)
53.5420 	EXP 	eyetracker.setRecordingState(False)
53.5522 	EXP 	eyetracker.setRecordingState(False)
53.5623 	EXP 	eyetracker.setRecordingState(False)
53.5726 	EXP 	eyetracker.setRecordingState(False)
53.5822 	EXP 	eyetracker.setRecordingState(False)
53.5927 	EXP 	eyetracker.setRecordingState(False)
53.6044 	EXP 	eyetracker.setRecordingState(False)
53.6146 	EXP 	eyetracker.setRecordingState(False)
53.6255 	EXP 	eyetracker.setRecordingState(False)
53.6352 	EXP 	eyetracker.setRecordingState(False)
53.6454 	EXP 	eyetracker.setRecordingState(False)
53.6556 	EXP 	eyetracker.setRecordingState(False)
53.6647 	EXP 	eyetracker.setRecordingState(False)
53.6738 	EXP 	eyetracker.setRecordingState(False)
53.6830 	EXP 	eyetracker.setRecordingState(False)
53.6918 	EXP 	eyetracker.setRecordingState(False)
53.7025 	EXP 	eyetracker.setRecordingState(False)
53.7128 	EXP 	eyetracker.setRecordingState(False)
53.7244 	EXP 	eyetracker.setRecordingState(False)
53.7367 	EXP 	eyetracker.setRecordingState(False)
53.7466 	EXP 	eyetracker.setRecordingState(False)
53.7566 	EXP 	eyetracker.setRecordingState(False)
53.7668 	EXP 	eyetracker.setRecordingState(False)
53.7786 	EXP 	eyetracker.setRecordingState(False)
53.7877 	EXP 	eyetracker.setRecordingState(False)
53.7999 	EXP 	eyetracker.setRecordingState(False)
53.8091 	EXP 	eyetracker.setRecordingState(False)
53.8214 	EXP 	eyetracker.setRecordingState(False)
53.8338 	EXP 	eyetracker.setRecordingState(False)
53.8438 	EXP 	eyetracker.setRecordingState(False)
53.8563 	EXP 	eyetracker.setRecordingState(False)
53.8698 	EXP 	eyetracker.setRecordingState(False)
53.8792 	EXP 	eyetracker.setRecordingState(False)
53.8888 	EXP 	eyetracker.setRecordingState(False)
53.8983 	EXP 	eyetracker.setRecordingState(False)
53.9083 	EXP 	eyetracker.setRecordingState(False)
53.9191 	EXP 	eyetracker.setRecordingState(False)
53.9279 	EXP 	eyetracker.setRecordingState(False)
53.9363 	EXP 	eyetracker.setRecordingState(False)
53.9455 	EXP 	eyetracker.setRecordingState(False)
53.9551 	EXP 	eyetracker.setRecordingState(False)
53.9630 	EXP 	eyetracker.setRecordingState(False)
53.9715 	EXP 	eyetracker.setRecordingState(False)
53.9824 	EXP 	eyetracker.setRecordingState(False)
53.9911 	EXP 	eyetracker.setRecordingState(False)
54.0000 	EXP 	eyetracker.setRecordingState(False)
54.0082 	EXP 	eyetracker.setRecordingState(False)
54.0176 	EXP 	eyetracker.setRecordingState(False)
54.0258 	EXP 	eyetracker.setRecordingState(False)
54.0366 	EXP 	eyetracker.setRecordingState(False)
54.0457 	EXP 	eyetracker.setRecordingState(False)
54.0543 	EXP 	eyetracker.setRecordingState(False)
54.0625 	EXP 	eyetracker.setRecordingState(False)
54.0714 	EXP 	eyetracker.setRecordingState(False)
54.0807 	EXP 	eyetracker.setRecordingState(False)
54.0885 	EXP 	eyetracker.setRecordingState(False)
54.1007 	EXP 	eyetracker.setRecordingState(False)
54.1095 	EXP 	eyetracker.setRecordingState(False)
54.1174 	EXP 	eyetracker.setRecordingState(False)
54.1286 	EXP 	eyetracker.setRecordingState(False)
54.1370 	EXP 	eyetracker.setRecordingState(False)
54.1447 	EXP 	eyetracker.setRecordingState(False)
54.1539 	EXP 	eyetracker.setRecordingState(False)
54.1640 	EXP 	eyetracker.setRecordingState(False)
54.1717 	EXP 	eyetracker.setRecordingState(False)
54.1792 	EXP 	eyetracker.setRecordingState(False)
54.1869 	EXP 	eyetracker.setRecordingState(False)
54.1960 	EXP 	eyetracker.setRecordingState(False)
54.2045 	EXP 	eyetracker.setRecordingState(False)
54.2140 	EXP 	eyetracker.setRecordingState(False)
54.2240 	EXP 	eyetracker.setRecordingState(False)
54.2327 	EXP 	eyetracker.setRecordingState(False)
54.2404 	EXP 	eyetracker.setRecordingState(False)
54.2498 	EXP 	eyetracker.setRecordingState(False)
54.2594 	EXP 	eyetracker.setRecordingState(False)
54.2676 	EXP 	eyetracker.setRecordingState(False)
54.2741 	EXP 	eyetracker.setRecordingState(False)
54.2818 	EXP 	eyetracker.setRecordingState(False)
54.2893 	EXP 	eyetracker.setRecordingState(False)
54.2968 	EXP 	eyetracker.setRecordingState(False)
54.3044 	EXP 	eyetracker.setRecordingState(False)
54.3113 	EXP 	eyetracker.setRecordingState(False)
54.3182 	EXP 	eyetracker.setRecordingState(False)
54.3259 	EXP 	eyetracker.setRecordingState(False)
54.3358 	EXP 	eyetracker.setRecordingState(False)
54.3451 	EXP 	eyetracker.setRecordingState(False)
54.3539 	EXP 	eyetracker.setRecordingState(False)
54.3625 	EXP 	eyetracker.setRecordingState(False)
54.3713 	EXP 	eyetracker.setRecordingState(False)
54.3815 	EXP 	eyetracker.setRecordingState(False)
54.3901 	EXP 	eyetracker.setRecordingState(False)
54.4009 	EXP 	eyetracker.setRecordingState(False)
54.4093 	EXP 	eyetracker.setRecordingState(False)
54.4176 	EXP 	eyetracker.setRecordingState(False)
54.4259 	EXP 	eyetracker.setRecordingState(False)
54.4334 	EXP 	eyetracker.setRecordingState(False)
54.4420 	EXP 	eyetracker.setRecordingState(False)
54.4495 	EXP 	eyetracker.setRecordingState(False)
54.4588 	EXP 	eyetracker.setRecordingState(False)
54.4675 	EXP 	eyetracker.setRecordingState(False)
54.4790 	EXP 	eyetracker.setRecordingState(False)
54.4890 	EXP 	eyetracker.setRecordingState(False)
54.4992 	EXP 	eyetracker.setRecordingState(False)
54.5075 	EXP 	eyetracker.setRecordingState(False)
54.5173 	EXP 	eyetracker.setRecordingState(False)
54.5257 	EXP 	eyetracker.setRecordingState(False)
54.5347 	EXP 	eyetracker.setRecordingState(False)
54.5426 	EXP 	eyetracker.setRecordingState(False)
54.5526 	EXP 	eyetracker.setRecordingState(False)
54.5603 	EXP 	eyetracker.setRecordingState(False)
54.5694 	EXP 	eyetracker.setRecordingState(False)
54.5766 	EXP 	eyetracker.setRecordingState(False)
54.5836 	EXP 	eyetracker.setRecordingState(False)
54.5916 	EXP 	eyetracker.setRecordingState(False)
54.6007 	EXP 	eyetracker.setRecordingState(False)
54.6091 	EXP 	eyetracker.setRecordingState(False)
54.6179 	EXP 	eyetracker.setRecordingState(False)
54.6251 	EXP 	eyetracker.setRecordingState(False)
54.6336 	EXP 	eyetracker.setRecordingState(False)
54.6405 	EXP 	eyetracker.setRecordingState(False)
54.6485 	EXP 	eyetracker.setRecordingState(False)
54.6562 	EXP 	eyetracker.setRecordingState(False)
54.6663 	EXP 	eyetracker.setRecordingState(False)
54.6739 	EXP 	eyetracker.setRecordingState(False)
54.6819 	EXP 	eyetracker.setRecordingState(False)
54.6888 	EXP 	eyetracker.setRecordingState(False)
54.6973 	EXP 	eyetracker.setRecordingState(False)
54.7083 	EXP 	eyetracker.setRecordingState(False)
54.7172 	EXP 	eyetracker.setRecordingState(False)
54.7267 	EXP 	eyetracker.setRecordingState(False)
54.7382 	EXP 	eyetracker.setRecordingState(False)
54.7472 	EXP 	eyetracker.setRecordingState(False)
54.7563 	EXP 	eyetracker.setRecordingState(False)
54.7649 	EXP 	eyetracker.setRecordingState(False)
54.7783 	EXP 	eyetracker.setRecordingState(False)
54.7880 	EXP 	eyetracker.setRecordingState(False)
54.7962 	EXP 	eyetracker.setRecordingState(False)
54.8055 	EXP 	eyetracker.setRecordingState(False)
54.8137 	EXP 	eyetracker.setRecordingState(False)
54.8227 	EXP 	eyetracker.setRecordingState(False)
54.8320 	EXP 	eyetracker.setRecordingState(False)
54.8410 	EXP 	eyetracker.setRecordingState(False)
54.8512 	EXP 	eyetracker.setRecordingState(False)
54.8620 	EXP 	eyetracker.setRecordingState(False)
54.8733 	EXP 	eyetracker.setRecordingState(False)
54.8847 	EXP 	eyetracker.setRecordingState(False)
54.8960 	EXP 	eyetracker.setRecordingState(False)
54.9043 	EXP 	eyetracker.setRecordingState(False)
54.9129 	EXP 	eyetracker.setRecordingState(False)
54.9201 	EXP 	eyetracker.setRecordingState(False)
54.9307 	EXP 	eyetracker.setRecordingState(False)
54.9402 	EXP 	eyetracker.setRecordingState(False)
54.9497 	EXP 	eyetracker.setRecordingState(False)
54.9607 	EXP 	eyetracker.setRecordingState(False)
54.9697 	EXP 	eyetracker.setRecordingState(False)
54.9797 	EXP 	eyetracker.setRecordingState(False)
54.9890 	EXP 	eyetracker.setRecordingState(False)
55.0003 	EXP 	eyetracker.setRecordingState(False)
55.0090 	EXP 	eyetracker.setRecordingState(False)
55.0171 	EXP 	eyetracker.setRecordingState(False)
55.0291 	EXP 	eyetracker.setRecordingState(False)
55.0386 	EXP 	eyetracker.setRecordingState(False)
55.0491 	EXP 	eyetracker.setRecordingState(False)
55.0581 	EXP 	eyetracker.setRecordingState(False)
55.0658 	EXP 	eyetracker.setRecordingState(False)
55.0722 	EXP 	eyetracker.setRecordingState(False)
55.0790 	EXP 	eyetracker.setRecordingState(False)
55.0869 	EXP 	eyetracker.setRecordingState(False)
55.0943 	EXP 	eyetracker.setRecordingState(False)
55.1018 	EXP 	eyetracker.setRecordingState(False)
55.1096 	EXP 	eyetracker.setRecordingState(False)
55.1190 	EXP 	eyetracker.setRecordingState(False)
55.1288 	EXP 	eyetracker.setRecordingState(False)
55.1384 	EXP 	eyetracker.setRecordingState(False)
55.1493 	EXP 	eyetracker.setRecordingState(False)
55.1585 	EXP 	eyetracker.setRecordingState(False)
55.1677 	EXP 	eyetracker.setRecordingState(False)
55.1772 	EXP 	eyetracker.setRecordingState(False)
55.1863 	EXP 	eyetracker.setRecordingState(False)
55.1971 	EXP 	eyetracker.setRecordingState(False)
55.2069 	EXP 	eyetracker.setRecordingState(False)
55.2178 	EXP 	eyetracker.setRecordingState(False)
55.2281 	EXP 	eyetracker.setRecordingState(False)
55.2382 	EXP 	eyetracker.setRecordingState(False)
55.2472 	EXP 	eyetracker.setRecordingState(False)
55.2580 	EXP 	eyetracker.setRecordingState(False)
55.2657 	EXP 	eyetracker.setRecordingState(False)
55.2755 	EXP 	eyetracker.setRecordingState(False)
55.2858 	EXP 	eyetracker.setRecordingState(False)
55.2953 	EXP 	eyetracker.setRecordingState(False)
55.3051 	EXP 	eyetracker.setRecordingState(False)
55.3143 	EXP 	eyetracker.setRecordingState(False)
55.3229 	EXP 	eyetracker.setRecordingState(False)
55.3302 	EXP 	eyetracker.setRecordingState(False)
55.3384 	EXP 	eyetracker.setRecordingState(False)
55.3461 	EXP 	eyetracker.setRecordingState(False)
55.3531 	EXP 	eyetracker.setRecordingState(False)
55.3624 	EXP 	eyetracker.setRecordingState(False)
55.3725 	EXP 	eyetracker.setRecordingState(False)
55.3810 	EXP 	eyetracker.setRecordingState(False)
55.3912 	EXP 	eyetracker.setRecordingState(False)
55.4042 	EXP 	eyetracker.setRecordingState(False)
55.4131 	EXP 	eyetracker.setRecordingState(False)
55.4216 	EXP 	eyetracker.setRecordingState(False)
55.4319 	EXP 	eyetracker.setRecordingState(False)
55.4402 	EXP 	eyetracker.setRecordingState(False)
55.4471 	EXP 	eyetracker.setRecordingState(False)
55.4536 	EXP 	eyetracker.setRecordingState(False)
55.4608 	EXP 	eyetracker.setRecordingState(False)
55.4686 	EXP 	eyetracker.setRecordingState(False)
55.4766 	EXP 	eyetracker.setRecordingState(False)
55.4839 	EXP 	eyetracker.setRecordingState(False)
55.4907 	EXP 	eyetracker.setRecordingState(False)
55.4979 	EXP 	eyetracker.setRecordingState(False)
55.5056 	EXP 	eyetracker.setRecordingState(False)
55.5132 	EXP 	eyetracker.setRecordingState(False)
55.5208 	EXP 	eyetracker.setRecordingState(False)
55.5273 	EXP 	eyetracker.setRecordingState(False)
55.5336 	EXP 	eyetracker.setRecordingState(False)
55.5397 	EXP 	eyetracker.setRecordingState(False)
55.5469 	EXP 	eyetracker.setRecordingState(False)
55.5533 	EXP 	eyetracker.setRecordingState(False)
55.5597 	EXP 	eyetracker.setRecordingState(False)
55.5661 	EXP 	eyetracker.setRecordingState(False)
55.5730 	EXP 	eyetracker.setRecordingState(False)
55.5807 	EXP 	eyetracker.setRecordingState(False)
55.5874 	EXP 	eyetracker.setRecordingState(False)
55.5944 	EXP 	eyetracker.setRecordingState(False)
55.6012 	EXP 	eyetracker.setRecordingState(False)
55.6080 	EXP 	eyetracker.setRecordingState(False)
55.6153 	EXP 	eyetracker.setRecordingState(False)
55.6234 	EXP 	eyetracker.setRecordingState(False)
55.6305 	EXP 	eyetracker.setRecordingState(False)
55.6385 	EXP 	eyetracker.setRecordingState(False)
55.6457 	EXP 	eyetracker.setRecordingState(False)
55.6528 	EXP 	eyetracker.setRecordingState(False)
55.6605 	EXP 	eyetracker.setRecordingState(False)
55.6664 	EXP 	eyetracker.setRecordingState(False)
55.6730 	EXP 	eyetracker.setRecordingState(False)
55.6801 	EXP 	eyetracker.setRecordingState(False)
55.6885 	EXP 	eyetracker.setRecordingState(False)
55.6955 	EXP 	eyetracker.setRecordingState(False)
55.7038 	EXP 	eyetracker.setRecordingState(False)
55.7126 	EXP 	eyetracker.setRecordingState(False)
55.7221 	EXP 	eyetracker.setRecordingState(False)
55.7297 	EXP 	eyetracker.setRecordingState(False)
55.7382 	EXP 	eyetracker.setRecordingState(False)
55.7460 	EXP 	eyetracker.setRecordingState(False)
55.7555 	EXP 	eyetracker.setRecordingState(False)
55.7633 	EXP 	eyetracker.setRecordingState(False)
55.7724 	EXP 	eyetracker.setRecordingState(False)
55.7838 	EXP 	eyetracker.setRecordingState(False)
55.7941 	EXP 	eyetracker.setRecordingState(False)
55.8038 	EXP 	eyetracker.setRecordingState(False)
55.8124 	EXP 	eyetracker.setRecordingState(False)
55.8216 	EXP 	eyetracker.setRecordingState(False)
55.8327 	EXP 	eyetracker.setRecordingState(False)
55.8436 	EXP 	eyetracker.setRecordingState(False)
55.8537 	EXP 	eyetracker.setRecordingState(False)
55.8640 	EXP 	eyetracker.setRecordingState(False)
55.8728 	EXP 	eyetracker.setRecordingState(False)
55.8823 	EXP 	eyetracker.setRecordingState(False)
55.8911 	EXP 	eyetracker.setRecordingState(False)
55.9021 	EXP 	eyetracker.setRecordingState(False)
55.9121 	EXP 	eyetracker.setRecordingState(False)
55.9217 	EXP 	eyetracker.setRecordingState(False)
55.9315 	EXP 	eyetracker.setRecordingState(False)
55.9422 	EXP 	eyetracker.setRecordingState(False)
55.9503 	EXP 	eyetracker.setRecordingState(False)
55.9582 	EXP 	eyetracker.setRecordingState(False)
55.9660 	EXP 	eyetracker.setRecordingState(False)
55.9754 	EXP 	eyetracker.setRecordingState(False)
55.9839 	EXP 	eyetracker.setRecordingState(False)
55.9918 	EXP 	eyetracker.setRecordingState(False)
55.9990 	EXP 	eyetracker.setRecordingState(False)
56.0066 	EXP 	eyetracker.setRecordingState(False)
56.0134 	EXP 	eyetracker.setRecordingState(False)
56.0203 	EXP 	eyetracker.setRecordingState(False)
56.0276 	EXP 	eyetracker.setRecordingState(False)
56.0356 	EXP 	eyetracker.setRecordingState(False)
56.0434 	EXP 	eyetracker.setRecordingState(False)
56.0521 	EXP 	eyetracker.setRecordingState(False)
56.0612 	EXP 	eyetracker.setRecordingState(False)
56.0704 	EXP 	eyetracker.setRecordingState(False)
56.0799 	EXP 	eyetracker.setRecordingState(False)
56.0907 	EXP 	eyetracker.setRecordingState(False)
56.0998 	EXP 	eyetracker.setRecordingState(False)
56.1082 	EXP 	eyetracker.setRecordingState(False)
56.1173 	EXP 	eyetracker.setRecordingState(False)
56.1261 	EXP 	eyetracker.setRecordingState(False)
56.1383 	EXP 	eyetracker.setRecordingState(False)
56.1473 	EXP 	eyetracker.setRecordingState(False)
56.1569 	EXP 	eyetracker.setRecordingState(False)
56.1684 	EXP 	eyetracker.setRecordingState(False)
56.1777 	EXP 	eyetracker.setRecordingState(False)
56.1867 	EXP 	eyetracker.setRecordingState(False)
56.1976 	EXP 	eyetracker.setRecordingState(False)
56.2086 	EXP 	eyetracker.setRecordingState(False)
56.2178 	EXP 	eyetracker.setRecordingState(False)
56.2305 	EXP 	eyetracker.setRecordingState(False)
56.2398 	EXP 	eyetracker.setRecordingState(False)
56.2494 	EXP 	eyetracker.setRecordingState(False)
56.2604 	EXP 	eyetracker.setRecordingState(False)
56.2721 	EXP 	eyetracker.setRecordingState(False)
56.2811 	EXP 	eyetracker.setRecordingState(False)
56.2912 	EXP 	eyetracker.setRecordingState(False)
56.3013 	EXP 	eyetracker.setRecordingState(False)
56.3106 	EXP 	eyetracker.setRecordingState(False)
56.3219 	EXP 	eyetracker.setRecordingState(False)
56.3311 	EXP 	eyetracker.setRecordingState(False)
56.3429 	EXP 	eyetracker.setRecordingState(False)
56.3521 	EXP 	eyetracker.setRecordingState(False)
56.3634 	EXP 	eyetracker.setRecordingState(False)
56.3721 	EXP 	eyetracker.setRecordingState(False)
56.3831 	EXP 	eyetracker.setRecordingState(False)
56.3938 	EXP 	eyetracker.setRecordingState(False)
56.4041 	EXP 	eyetracker.setRecordingState(False)
56.4140 	EXP 	eyetracker.setRecordingState(False)
56.4244 	EXP 	eyetracker.setRecordingState(False)
56.4332 	EXP 	eyetracker.setRecordingState(False)
56.4418 	EXP 	eyetracker.setRecordingState(False)
56.4506 	EXP 	eyetracker.setRecordingState(False)
56.4604 	EXP 	eyetracker.setRecordingState(False)
56.4697 	EXP 	eyetracker.setRecordingState(False)
56.4824 	EXP 	eyetracker.setRecordingState(False)
56.4921 	EXP 	eyetracker.setRecordingState(False)
56.5027 	EXP 	eyetracker.setRecordingState(False)
56.5131 	EXP 	eyetracker.setRecordingState(False)
56.5249 	EXP 	eyetracker.setRecordingState(False)
56.5333 	EXP 	eyetracker.setRecordingState(False)
56.5431 	EXP 	eyetracker.setRecordingState(False)
56.5523 	EXP 	eyetracker.setRecordingState(False)
56.5604 	EXP 	eyetracker.setRecordingState(False)
56.5704 	EXP 	eyetracker.setRecordingState(False)
56.5799 	EXP 	eyetracker.setRecordingState(False)
56.5883 	EXP 	eyetracker.setRecordingState(False)
56.5967 	EXP 	eyetracker.setRecordingState(False)
56.6074 	EXP 	eyetracker.setRecordingState(False)
56.6146 	EXP 	eyetracker.setRecordingState(False)
56.6216 	EXP 	eyetracker.setRecordingState(False)
56.6281 	EXP 	eyetracker.setRecordingState(False)
56.6356 	EXP 	eyetracker.setRecordingState(False)
56.6430 	EXP 	eyetracker.setRecordingState(False)
56.6505 	EXP 	eyetracker.setRecordingState(False)
56.6585 	EXP 	eyetracker.setRecordingState(False)
56.6676 	EXP 	eyetracker.setRecordingState(False)
56.6782 	EXP 	eyetracker.setRecordingState(False)
56.6883 	EXP 	eyetracker.setRecordingState(False)
56.6954 	EXP 	eyetracker.setRecordingState(False)
56.7029 	EXP 	eyetracker.setRecordingState(False)
56.7110 	EXP 	eyetracker.setRecordingState(False)
56.7194 	EXP 	eyetracker.setRecordingState(False)
56.7276 	EXP 	eyetracker.setRecordingState(False)
56.7389 	EXP 	eyetracker.setRecordingState(False)
56.7475 	EXP 	eyetracker.setRecordingState(False)
56.7569 	EXP 	eyetracker.setRecordingState(False)
56.7688 	EXP 	eyetracker.setRecordingState(False)
56.7773 	EXP 	eyetracker.setRecordingState(False)
56.7853 	EXP 	eyetracker.setRecordingState(False)
56.7945 	EXP 	eyetracker.setRecordingState(False)
56.8036 	EXP 	eyetracker.setRecordingState(False)
56.8128 	EXP 	eyetracker.setRecordingState(False)
56.8223 	EXP 	eyetracker.setRecordingState(False)
56.8301 	EXP 	eyetracker.setRecordingState(False)
56.8381 	EXP 	eyetracker.setRecordingState(False)
56.8473 	EXP 	eyetracker.setRecordingState(False)
56.8571 	EXP 	eyetracker.setRecordingState(False)
56.8681 	EXP 	eyetracker.setRecordingState(False)
56.8765 	EXP 	eyetracker.setRecordingState(False)
56.8844 	EXP 	eyetracker.setRecordingState(False)
56.8921 	EXP 	eyetracker.setRecordingState(False)
56.8993 	EXP 	eyetracker.setRecordingState(False)
56.9072 	EXP 	eyetracker.setRecordingState(False)
56.9147 	EXP 	eyetracker.setRecordingState(False)
56.9224 	EXP 	eyetracker.setRecordingState(False)
56.9304 	EXP 	eyetracker.setRecordingState(False)
56.9380 	EXP 	eyetracker.setRecordingState(False)
56.9472 	EXP 	eyetracker.setRecordingState(False)
56.9551 	EXP 	eyetracker.setRecordingState(False)
56.9645 	EXP 	eyetracker.setRecordingState(False)
56.9754 	EXP 	eyetracker.setRecordingState(False)
56.9847 	EXP 	eyetracker.setRecordingState(False)
56.9922 	EXP 	eyetracker.setRecordingState(False)
56.9992 	EXP 	eyetracker.setRecordingState(False)
57.0079 	EXP 	eyetracker.setRecordingState(False)
57.0141 	EXP 	eyetracker.setRecordingState(False)
57.0215 	EXP 	eyetracker.setRecordingState(False)
57.0281 	EXP 	eyetracker.setRecordingState(False)
57.0367 	EXP 	eyetracker.setRecordingState(False)
57.0450 	EXP 	eyetracker.setRecordingState(False)
57.0551 	EXP 	eyetracker.setRecordingState(False)
57.0635 	EXP 	eyetracker.setRecordingState(False)
57.0743 	EXP 	eyetracker.setRecordingState(False)
57.0830 	EXP 	eyetracker.setRecordingState(False)
57.0904 	EXP 	eyetracker.setRecordingState(False)
57.0997 	EXP 	eyetracker.setRecordingState(False)
57.1107 	EXP 	eyetracker.setRecordingState(False)
57.1190 	EXP 	eyetracker.setRecordingState(False)
57.1273 	EXP 	eyetracker.setRecordingState(False)
57.1350 	EXP 	eyetracker.setRecordingState(False)
57.1432 	EXP 	eyetracker.setRecordingState(False)
57.1522 	EXP 	eyetracker.setRecordingState(False)
57.1611 	EXP 	eyetracker.setRecordingState(False)
57.1693 	EXP 	eyetracker.setRecordingState(False)
57.1801 	EXP 	eyetracker.setRecordingState(False)
57.1912 	EXP 	eyetracker.setRecordingState(False)
57.2017 	EXP 	eyetracker.setRecordingState(False)
57.2132 	EXP 	eyetracker.setRecordingState(False)
57.2233 	EXP 	eyetracker.setRecordingState(False)
57.2355 	EXP 	eyetracker.setRecordingState(False)
57.2447 	EXP 	eyetracker.setRecordingState(False)
57.2540 	EXP 	eyetracker.setRecordingState(False)
57.2631 	EXP 	eyetracker.setRecordingState(False)
57.2741 	EXP 	eyetracker.setRecordingState(False)
57.2812 	EXP 	eyetracker.setRecordingState(False)
57.2909 	EXP 	eyetracker.setRecordingState(False)
57.2993 	EXP 	eyetracker.setRecordingState(False)
57.3093 	EXP 	eyetracker.setRecordingState(False)
57.3166 	EXP 	eyetracker.setRecordingState(False)
57.3254 	EXP 	eyetracker.setRecordingState(False)
57.3339 	EXP 	eyetracker.setRecordingState(False)
57.3412 	EXP 	eyetracker.setRecordingState(False)
57.3491 	EXP 	eyetracker.setRecordingState(False)
57.3568 	EXP 	eyetracker.setRecordingState(False)
57.3669 	EXP 	eyetracker.setRecordingState(False)
57.3781 	EXP 	eyetracker.setRecordingState(False)
57.3895 	EXP 	eyetracker.setRecordingState(False)
57.4015 	EXP 	eyetracker.setRecordingState(False)
57.4102 	EXP 	eyetracker.setRecordingState(False)
57.4185 	EXP 	eyetracker.setRecordingState(False)
57.4277 	EXP 	eyetracker.setRecordingState(False)
57.4370 	EXP 	eyetracker.setRecordingState(False)
57.4465 	EXP 	eyetracker.setRecordingState(False)
57.4586 	EXP 	eyetracker.setRecordingState(False)
57.4672 	EXP 	eyetracker.setRecordingState(False)
57.4764 	EXP 	eyetracker.setRecordingState(False)
57.4856 	EXP 	eyetracker.setRecordingState(False)
57.4957 	EXP 	eyetracker.setRecordingState(False)
57.5074 	EXP 	eyetracker.setRecordingState(False)
57.5160 	EXP 	eyetracker.setRecordingState(False)
57.5253 	EXP 	eyetracker.setRecordingState(False)
57.5350 	EXP 	eyetracker.setRecordingState(False)
57.5428 	EXP 	eyetracker.setRecordingState(False)
57.5522 	EXP 	eyetracker.setRecordingState(False)
57.5626 	EXP 	eyetracker.setRecordingState(False)
57.5722 	EXP 	eyetracker.setRecordingState(False)
57.5840 	EXP 	eyetracker.setRecordingState(False)
57.5931 	EXP 	eyetracker.setRecordingState(False)
57.6020 	EXP 	eyetracker.setRecordingState(False)
57.6149 	EXP 	eyetracker.setRecordingState(False)
57.6257 	EXP 	eyetracker.setRecordingState(False)
57.6349 	EXP 	eyetracker.setRecordingState(False)
57.6477 	EXP 	eyetracker.setRecordingState(False)
57.6564 	EXP 	eyetracker.setRecordingState(False)
57.6670 	EXP 	eyetracker.setRecordingState(False)
57.6776 	EXP 	eyetracker.setRecordingState(False)
57.6890 	EXP 	eyetracker.setRecordingState(False)
57.6996 	EXP 	eyetracker.setRecordingState(False)
57.7092 	EXP 	eyetracker.setRecordingState(False)
57.7181 	EXP 	eyetracker.setRecordingState(False)
57.7303 	EXP 	eyetracker.setRecordingState(False)
57.7396 	EXP 	eyetracker.setRecordingState(False)
57.7492 	EXP 	eyetracker.setRecordingState(False)
57.7609 	EXP 	eyetracker.setRecordingState(False)
57.7719 	EXP 	eyetracker.setRecordingState(False)
57.7804 	EXP 	eyetracker.setRecordingState(False)
57.7883 	EXP 	eyetracker.setRecordingState(False)
57.7964 	EXP 	eyetracker.setRecordingState(False)
57.8052 	EXP 	eyetracker.setRecordingState(False)
57.8151 	EXP 	eyetracker.setRecordingState(False)
57.8240 	EXP 	eyetracker.setRecordingState(False)
57.8347 	EXP 	eyetracker.setRecordingState(False)
57.8434 	EXP 	eyetracker.setRecordingState(False)
57.8518 	EXP 	eyetracker.setRecordingState(False)
57.8600 	EXP 	eyetracker.setRecordingState(False)
57.8708 	EXP 	eyetracker.setRecordingState(False)
57.8797 	EXP 	eyetracker.setRecordingState(False)
57.8907 	EXP 	eyetracker.setRecordingState(False)
57.8998 	EXP 	eyetracker.setRecordingState(False)
57.9092 	EXP 	eyetracker.setRecordingState(False)
57.9190 	EXP 	eyetracker.setRecordingState(False)
57.9261 	EXP 	eyetracker.setRecordingState(False)
57.9339 	EXP 	eyetracker.setRecordingState(False)
57.9413 	EXP 	eyetracker.setRecordingState(False)
57.9492 	EXP 	eyetracker.setRecordingState(False)
57.9602 	EXP 	eyetracker.setRecordingState(False)
57.9690 	EXP 	eyetracker.setRecordingState(False)
57.9767 	EXP 	eyetracker.setRecordingState(False)
57.9837 	EXP 	eyetracker.setRecordingState(False)
57.9923 	EXP 	eyetracker.setRecordingState(False)
58.0006 	EXP 	eyetracker.setRecordingState(False)
58.0100 	EXP 	eyetracker.setRecordingState(False)
58.0175 	EXP 	eyetracker.setRecordingState(False)
58.0249 	EXP 	eyetracker.setRecordingState(False)
58.0313 	EXP 	eyetracker.setRecordingState(False)
58.0386 	EXP 	eyetracker.setRecordingState(False)
58.0455 	EXP 	eyetracker.setRecordingState(False)
58.0536 	EXP 	eyetracker.setRecordingState(False)
58.0629 	EXP 	eyetracker.setRecordingState(False)
58.0717 	EXP 	eyetracker.setRecordingState(False)
58.0800 	EXP 	eyetracker.setRecordingState(False)
58.0882 	EXP 	eyetracker.setRecordingState(False)
58.0966 	EXP 	eyetracker.setRecordingState(False)
58.1041 	EXP 	eyetracker.setRecordingState(False)
58.1114 	EXP 	eyetracker.setRecordingState(False)
58.1217 	EXP 	eyetracker.setRecordingState(False)
58.1320 	EXP 	eyetracker.setRecordingState(False)
58.1418 	EXP 	eyetracker.setRecordingState(False)
58.1517 	EXP 	eyetracker.setRecordingState(False)
58.1603 	EXP 	eyetracker.setRecordingState(False)
58.1696 	EXP 	eyetracker.setRecordingState(False)
58.1784 	EXP 	eyetracker.setRecordingState(False)
58.1869 	EXP 	eyetracker.setRecordingState(False)
58.1961 	EXP 	eyetracker.setRecordingState(False)
58.2049 	EXP 	eyetracker.setRecordingState(False)
58.2143 	EXP 	eyetracker.setRecordingState(False)
58.2232 	EXP 	eyetracker.setRecordingState(False)
58.2324 	EXP 	eyetracker.setRecordingState(False)
58.2413 	EXP 	eyetracker.setRecordingState(False)
58.2494 	EXP 	eyetracker.setRecordingState(False)
58.2575 	EXP 	eyetracker.setRecordingState(False)
58.2667 	EXP 	eyetracker.setRecordingState(False)
58.2781 	EXP 	eyetracker.setRecordingState(False)
58.2881 	EXP 	eyetracker.setRecordingState(False)
58.2973 	EXP 	eyetracker.setRecordingState(False)
58.3077 	EXP 	eyetracker.setRecordingState(False)
58.3175 	EXP 	eyetracker.setRecordingState(False)
58.3280 	EXP 	eyetracker.setRecordingState(False)
58.3361 	EXP 	eyetracker.setRecordingState(False)
58.3447 	EXP 	eyetracker.setRecordingState(False)
58.3551 	EXP 	eyetracker.setRecordingState(False)
58.3662 	EXP 	eyetracker.setRecordingState(False)
58.3757 	EXP 	eyetracker.setRecordingState(False)
58.3873 	EXP 	eyetracker.setRecordingState(False)
58.3982 	EXP 	eyetracker.setRecordingState(False)
58.4090 	EXP 	eyetracker.setRecordingState(False)
58.4179 	EXP 	eyetracker.setRecordingState(False)
58.4267 	EXP 	eyetracker.setRecordingState(False)
58.4337 	EXP 	eyetracker.setRecordingState(False)
58.4429 	EXP 	eyetracker.setRecordingState(False)
58.4498 	EXP 	eyetracker.setRecordingState(False)
58.4568 	EXP 	eyetracker.setRecordingState(False)
58.4632 	EXP 	eyetracker.setRecordingState(False)
58.4706 	EXP 	eyetracker.setRecordingState(False)
58.4772 	EXP 	eyetracker.setRecordingState(False)
58.4845 	EXP 	eyetracker.setRecordingState(False)
58.4937 	EXP 	eyetracker.setRecordingState(False)
58.5032 	EXP 	eyetracker.setRecordingState(False)
58.5146 	EXP 	eyetracker.setRecordingState(False)
58.5251 	EXP 	eyetracker.setRecordingState(False)
58.5343 	EXP 	eyetracker.setRecordingState(False)
58.5417 	EXP 	eyetracker.setRecordingState(False)
58.5492 	EXP 	eyetracker.setRecordingState(False)
58.5580 	EXP 	eyetracker.setRecordingState(False)
58.5652 	EXP 	eyetracker.setRecordingState(False)
58.5738 	EXP 	eyetracker.setRecordingState(False)
58.5819 	EXP 	eyetracker.setRecordingState(False)
58.5893 	EXP 	eyetracker.setRecordingState(False)
58.5984 	EXP 	eyetracker.setRecordingState(False)
58.6061 	EXP 	eyetracker.setRecordingState(False)
58.6138 	EXP 	eyetracker.setRecordingState(False)
58.6200 	EXP 	eyetracker.setRecordingState(False)
58.6282 	EXP 	eyetracker.setRecordingState(False)
58.6351 	EXP 	eyetracker.setRecordingState(False)
58.6438 	EXP 	eyetracker.setRecordingState(False)
58.6520 	EXP 	eyetracker.setRecordingState(False)
58.6611 	EXP 	eyetracker.setRecordingState(False)
58.6696 	EXP 	eyetracker.setRecordingState(False)
58.6800 	EXP 	eyetracker.setRecordingState(False)
58.6897 	EXP 	eyetracker.setRecordingState(False)
58.7002 	EXP 	eyetracker.setRecordingState(False)
58.7096 	EXP 	eyetracker.setRecordingState(False)
58.7194 	EXP 	eyetracker.setRecordingState(False)
58.7284 	EXP 	eyetracker.setRecordingState(False)
58.7379 	EXP 	eyetracker.setRecordingState(False)
58.7469 	EXP 	eyetracker.setRecordingState(False)
58.7588 	EXP 	eyetracker.setRecordingState(False)
58.7703 	EXP 	eyetracker.setRecordingState(False)
58.7801 	EXP 	eyetracker.setRecordingState(False)
58.7928 	EXP 	eyetracker.setRecordingState(False)
58.8028 	EXP 	eyetracker.setRecordingState(False)
58.8125 	EXP 	eyetracker.setRecordingState(False)
58.8269 	EXP 	eyetracker.setRecordingState(False)
58.8380 	EXP 	eyetracker.setRecordingState(False)
58.8480 	EXP 	eyetracker.setRecordingState(False)
58.8571 	EXP 	eyetracker.setRecordingState(False)
58.8676 	EXP 	eyetracker.setRecordingState(False)
58.8778 	EXP 	eyetracker.setRecordingState(False)
58.8896 	EXP 	eyetracker.setRecordingState(False)
58.9025 	EXP 	eyetracker.setRecordingState(False)
58.9129 	EXP 	eyetracker.setRecordingState(False)
58.9231 	EXP 	eyetracker.setRecordingState(False)
58.9350 	EXP 	eyetracker.setRecordingState(False)
58.9461 	EXP 	eyetracker.setRecordingState(False)
58.9564 	EXP 	eyetracker.setRecordingState(False)
58.9669 	EXP 	eyetracker.setRecordingState(False)
58.9758 	EXP 	eyetracker.setRecordingState(False)
58.9847 	EXP 	eyetracker.setRecordingState(False)
58.9955 	EXP 	eyetracker.setRecordingState(False)
59.0064 	EXP 	eyetracker.setRecordingState(False)
59.0169 	EXP 	eyetracker.setRecordingState(False)
59.0273 	EXP 	eyetracker.setRecordingState(False)
59.0380 	EXP 	eyetracker.setRecordingState(False)
59.0493 	EXP 	eyetracker.setRecordingState(False)
59.0586 	EXP 	eyetracker.setRecordingState(False)
59.0680 	EXP 	eyetracker.setRecordingState(False)
59.0784 	EXP 	eyetracker.setRecordingState(False)
59.0877 	EXP 	eyetracker.setRecordingState(False)
59.1000 	EXP 	eyetracker.setRecordingState(False)
59.1112 	EXP 	eyetracker.setRecordingState(False)
59.1228 	EXP 	eyetracker.setRecordingState(False)
59.1388 	EXP 	eyetracker.setRecordingState(False)
59.1540 	EXP 	eyetracker.setRecordingState(False)
59.1705 	EXP 	eyetracker.setRecordingState(False)
59.1825 	EXP 	eyetracker.setRecordingState(False)
59.1963 	EXP 	eyetracker.setRecordingState(False)
59.2063 	EXP 	eyetracker.setRecordingState(False)
59.2178 	EXP 	eyetracker.setRecordingState(False)
59.2313 	EXP 	eyetracker.setRecordingState(False)
59.2442 	EXP 	eyetracker.setRecordingState(False)
59.2562 	EXP 	eyetracker.setRecordingState(False)
59.2698 	EXP 	eyetracker.setRecordingState(False)
59.2820 	EXP 	eyetracker.setRecordingState(False)
59.2923 	EXP 	eyetracker.setRecordingState(False)
59.3044 	EXP 	eyetracker.setRecordingState(False)
59.3152 	EXP 	eyetracker.setRecordingState(False)
59.3259 	EXP 	eyetracker.setRecordingState(False)
59.3372 	EXP 	eyetracker.setRecordingState(False)
59.3666 	EXP 	eyetracker.setRecordingState(False)
59.3991 	EXP 	eyetracker.setRecordingState(False)
59.4198 	EXP 	eyetracker.setRecordingState(False)
59.4360 	EXP 	eyetracker.setRecordingState(False)
59.4532 	EXP 	eyetracker.setRecordingState(False)
59.4682 	EXP 	eyetracker.setRecordingState(False)
59.4847 	EXP 	eyetracker.setRecordingState(False)
59.5010 	EXP 	eyetracker.setRecordingState(False)
59.5163 	EXP 	eyetracker.setRecordingState(False)
59.5288 	EXP 	eyetracker.setRecordingState(False)
59.5422 	EXP 	eyetracker.setRecordingState(False)
59.5543 	EXP 	eyetracker.setRecordingState(False)
59.5603 	EXP 	eyetracker.setRecordingState(False)
59.5741 	EXP 	eyetracker.setRecordingState(False)
59.5859 	EXP 	eyetracker.setRecordingState(False)
59.5974 	EXP 	eyetracker.setRecordingState(False)
59.6073 	EXP 	eyetracker.setRecordingState(False)
59.6192 	EXP 	eyetracker.setRecordingState(False)
59.6298 	EXP 	eyetracker.setRecordingState(False)
59.6409 	EXP 	eyetracker.setRecordingState(False)
59.6511 	EXP 	eyetracker.setRecordingState(False)
59.6609 	EXP 	eyetracker.setRecordingState(False)
59.6726 	EXP 	eyetracker.setRecordingState(False)
59.6826 	EXP 	eyetracker.setRecordingState(False)
59.6944 	EXP 	eyetracker.setRecordingState(False)
59.7059 	EXP 	eyetracker.setRecordingState(False)
59.7196 	EXP 	eyetracker.setRecordingState(False)
59.7335 	EXP 	eyetracker.setRecordingState(False)
59.7445 	EXP 	eyetracker.setRecordingState(False)
59.7551 	EXP 	eyetracker.setRecordingState(False)
59.7666 	EXP 	eyetracker.setRecordingState(False)
59.7776 	EXP 	eyetracker.setRecordingState(False)
59.7872 	EXP 	eyetracker.setRecordingState(False)
59.7968 	EXP 	eyetracker.setRecordingState(False)
59.8081 	EXP 	eyetracker.setRecordingState(False)
59.8191 	EXP 	eyetracker.setRecordingState(False)
59.8288 	EXP 	eyetracker.setRecordingState(False)
59.8392 	EXP 	eyetracker.setRecordingState(False)
59.8484 	EXP 	eyetracker.setRecordingState(False)
59.8584 	EXP 	eyetracker.setRecordingState(False)
59.8715 	EXP 	eyetracker.setRecordingState(False)
59.8834 	EXP 	eyetracker.setRecordingState(False)
59.8967 	EXP 	eyetracker.setRecordingState(False)
59.9127 	EXP 	eyetracker.setRecordingState(False)
59.9255 	EXP 	eyetracker.setRecordingState(False)
59.9415 	EXP 	eyetracker.setRecordingState(False)
59.9596 	EXP 	eyetracker.setRecordingState(False)
59.9746 	EXP 	eyetracker.setRecordingState(False)
59.9881 	EXP 	eyetracker.setRecordingState(False)
60.0043 	EXP 	eyetracker.setRecordingState(False)
60.0177 	EXP 	eyetracker.setRecordingState(False)
60.0334 	EXP 	eyetracker.setRecordingState(False)
60.0464 	EXP 	eyetracker.setRecordingState(False)
60.0630 	EXP 	eyetracker.setRecordingState(False)
60.0753 	EXP 	eyetracker.setRecordingState(False)
60.0897 	EXP 	eyetracker.setRecordingState(False)
60.1062 	EXP 	eyetracker.setRecordingState(False)
60.1245 	EXP 	eyetracker.setRecordingState(False)
60.1423 	EXP 	eyetracker.setRecordingState(False)
60.1556 	EXP 	eyetracker.setRecordingState(False)
60.1695 	EXP 	eyetracker.setRecordingState(False)
60.1839 	EXP 	eyetracker.setRecordingState(False)
60.1969 	EXP 	eyetracker.setRecordingState(False)
60.2099 	EXP 	eyetracker.setRecordingState(False)
60.2222 	EXP 	eyetracker.setRecordingState(False)
60.2338 	EXP 	eyetracker.setRecordingState(False)
60.2456 	EXP 	eyetracker.setRecordingState(False)
60.2574 	EXP 	eyetracker.setRecordingState(False)
60.2678 	EXP 	eyetracker.setRecordingState(False)
60.2805 	EXP 	eyetracker.setRecordingState(False)
60.2922 	EXP 	eyetracker.setRecordingState(False)
60.3014 	EXP 	eyetracker.setRecordingState(False)
60.3110 	EXP 	eyetracker.setRecordingState(False)
60.3218 	EXP 	eyetracker.setRecordingState(False)
60.3337 	EXP 	eyetracker.setRecordingState(False)
60.3437 	EXP 	eyetracker.setRecordingState(False)
60.3537 	EXP 	eyetracker.setRecordingState(False)
60.3646 	EXP 	eyetracker.setRecordingState(False)
60.3750 	EXP 	eyetracker.setRecordingState(False)
60.3858 	EXP 	eyetracker.setRecordingState(False)
60.3969 	EXP 	eyetracker.setRecordingState(False)
60.4062 	EXP 	eyetracker.setRecordingState(False)
60.4169 	EXP 	eyetracker.setRecordingState(False)
60.4273 	EXP 	eyetracker.setRecordingState(False)
60.4364 	EXP 	eyetracker.setRecordingState(False)
60.4455 	EXP 	eyetracker.setRecordingState(False)
60.4543 	EXP 	eyetracker.setRecordingState(False)
60.4619 	EXP 	eyetracker.setRecordingState(False)
60.4711 	EXP 	eyetracker.setRecordingState(False)
60.4812 	EXP 	eyetracker.setRecordingState(False)
60.4885 	EXP 	eyetracker.setRecordingState(False)
60.4960 	EXP 	eyetracker.setRecordingState(False)
60.5030 	EXP 	eyetracker.setRecordingState(False)
60.5113 	EXP 	eyetracker.setRecordingState(False)
60.5216 	EXP 	eyetracker.setRecordingState(False)
60.5325 	EXP 	eyetracker.setRecordingState(False)
60.5426 	EXP 	eyetracker.setRecordingState(False)
60.5529 	EXP 	eyetracker.setRecordingState(False)
60.5644 	EXP 	eyetracker.setRecordingState(False)
60.5732 	EXP 	eyetracker.setRecordingState(False)
60.5838 	EXP 	eyetracker.setRecordingState(False)
60.5943 	EXP 	eyetracker.setRecordingState(False)
60.6082 	EXP 	eyetracker.setRecordingState(False)
60.6211 	EXP 	eyetracker.setRecordingState(False)
60.6350 	EXP 	eyetracker.setRecordingState(False)
60.6488 	EXP 	eyetracker.setRecordingState(False)
60.6591 	EXP 	eyetracker.setRecordingState(False)
60.6675 	EXP 	eyetracker.setRecordingState(False)
60.6791 	EXP 	eyetracker.setRecordingState(False)
60.6928 	EXP 	eyetracker.setRecordingState(False)
60.7038 	EXP 	eyetracker.setRecordingState(False)
60.7141 	EXP 	eyetracker.setRecordingState(False)
60.7252 	EXP 	eyetracker.setRecordingState(False)
60.7369 	EXP 	eyetracker.setRecordingState(False)
60.7480 	EXP 	eyetracker.setRecordingState(False)
60.7589 	EXP 	eyetracker.setRecordingState(False)
60.7717 	EXP 	eyetracker.setRecordingState(False)
60.7836 	EXP 	eyetracker.setRecordingState(False)
60.7936 	EXP 	eyetracker.setRecordingState(False)
60.8070 	EXP 	eyetracker.setRecordingState(False)
60.8195 	EXP 	eyetracker.setRecordingState(False)
60.8299 	EXP 	eyetracker.setRecordingState(False)
60.8408 	EXP 	eyetracker.setRecordingState(False)
60.8596 	EXP 	eyetracker.setRecordingState(False)
60.8728 	EXP 	eyetracker.setRecordingState(False)
60.8862 	EXP 	eyetracker.setRecordingState(False)
60.8964 	EXP 	eyetracker.setRecordingState(False)
60.9112 	EXP 	eyetracker.setRecordingState(False)
60.9200 	EXP 	eyetracker.setRecordingState(False)
60.9291 	EXP 	eyetracker.setRecordingState(False)
60.9391 	EXP 	eyetracker.setRecordingState(False)
60.9503 	EXP 	eyetracker.setRecordingState(False)
60.9642 	EXP 	eyetracker.setRecordingState(False)
60.9768 	EXP 	eyetracker.setRecordingState(False)
60.9867 	EXP 	eyetracker.setRecordingState(False)
60.9960 	EXP 	eyetracker.setRecordingState(False)
61.0062 	EXP 	eyetracker.setRecordingState(False)
61.0172 	EXP 	eyetracker.setRecordingState(False)
61.0268 	EXP 	eyetracker.setRecordingState(False)
61.0385 	EXP 	eyetracker.setRecordingState(False)
61.0507 	EXP 	eyetracker.setRecordingState(False)
61.0614 	EXP 	eyetracker.setRecordingState(False)
61.0734 	EXP 	eyetracker.setRecordingState(False)
61.0838 	EXP 	eyetracker.setRecordingState(False)
61.0955 	EXP 	eyetracker.setRecordingState(False)
61.1060 	EXP 	eyetracker.setRecordingState(False)
61.1192 	EXP 	eyetracker.setRecordingState(False)
61.1322 	EXP 	eyetracker.setRecordingState(False)
61.1417 	EXP 	eyetracker.setRecordingState(False)
61.1517 	EXP 	eyetracker.setRecordingState(False)
61.1609 	EXP 	eyetracker.setRecordingState(False)
61.1716 	EXP 	eyetracker.setRecordingState(False)
61.1803 	EXP 	eyetracker.setRecordingState(False)
61.1889 	EXP 	eyetracker.setRecordingState(False)
61.2009 	EXP 	eyetracker.setRecordingState(False)
61.2107 	EXP 	eyetracker.setRecordingState(False)
61.2222 	EXP 	eyetracker.setRecordingState(False)
61.2323 	EXP 	eyetracker.setRecordingState(False)
61.2433 	EXP 	eyetracker.setRecordingState(False)
61.2505 	EXP 	eyetracker.setRecordingState(False)
61.2587 	EXP 	eyetracker.setRecordingState(False)
61.2658 	EXP 	eyetracker.setRecordingState(False)
61.2768 	EXP 	eyetracker.setRecordingState(False)
61.2854 	EXP 	eyetracker.setRecordingState(False)
61.2971 	EXP 	eyetracker.setRecordingState(False)
61.3064 	EXP 	eyetracker.setRecordingState(False)
61.3145 	EXP 	eyetracker.setRecordingState(False)
61.3245 	EXP 	eyetracker.setRecordingState(False)
61.3345 	EXP 	eyetracker.setRecordingState(False)
61.3441 	EXP 	eyetracker.setRecordingState(False)
61.3551 	EXP 	eyetracker.setRecordingState(False)
61.3675 	EXP 	eyetracker.setRecordingState(False)
61.3775 	EXP 	eyetracker.setRecordingState(False)
61.3879 	EXP 	eyetracker.setRecordingState(False)
61.3969 	EXP 	eyetracker.setRecordingState(False)
61.4062 	EXP 	eyetracker.setRecordingState(False)
61.4145 	EXP 	eyetracker.setRecordingState(False)
61.4232 	EXP 	eyetracker.setRecordingState(False)
61.4327 	EXP 	eyetracker.setRecordingState(False)
61.4477 	EXP 	eyetracker.setRecordingState(False)
61.4585 	EXP 	eyetracker.setRecordingState(False)
61.4681 	EXP 	eyetracker.setRecordingState(False)
61.4795 	EXP 	eyetracker.setRecordingState(False)
61.4903 	EXP 	eyetracker.setRecordingState(False)
61.5015 	EXP 	eyetracker.setRecordingState(False)
61.5140 	EXP 	eyetracker.setRecordingState(False)
61.5221 	EXP 	eyetracker.setRecordingState(False)
61.5303 	EXP 	eyetracker.setRecordingState(False)
61.5416 	EXP 	eyetracker.setRecordingState(False)
61.5513 	EXP 	eyetracker.setRecordingState(False)
61.5618 	EXP 	eyetracker.setRecordingState(False)
61.5732 	EXP 	eyetracker.setRecordingState(False)
61.5863 	EXP 	eyetracker.setRecordingState(False)
61.6003 	EXP 	eyetracker.setRecordingState(False)
61.6120 	EXP 	eyetracker.setRecordingState(False)
61.6207 	EXP 	eyetracker.setRecordingState(False)
61.6294 	EXP 	eyetracker.setRecordingState(False)
61.6376 	EXP 	eyetracker.setRecordingState(False)
61.6481 	EXP 	eyetracker.setRecordingState(False)
61.6600 	EXP 	eyetracker.setRecordingState(False)
61.6690 	EXP 	eyetracker.setRecordingState(False)
61.6787 	EXP 	eyetracker.setRecordingState(False)
61.6898 	EXP 	eyetracker.setRecordingState(False)
61.7015 	EXP 	eyetracker.setRecordingState(False)
61.7109 	EXP 	eyetracker.setRecordingState(False)
61.7217 	EXP 	eyetracker.setRecordingState(False)
61.7318 	EXP 	eyetracker.setRecordingState(False)
61.7434 	EXP 	eyetracker.setRecordingState(False)
61.7537 	EXP 	eyetracker.setRecordingState(False)
61.7628 	EXP 	eyetracker.setRecordingState(False)
61.7753 	EXP 	eyetracker.setRecordingState(False)
61.7857 	EXP 	eyetracker.setRecordingState(False)
61.7945 	EXP 	eyetracker.setRecordingState(False)
61.8067 	EXP 	eyetracker.setRecordingState(False)
61.8157 	EXP 	eyetracker.setRecordingState(False)
61.8236 	EXP 	eyetracker.setRecordingState(False)
61.8356 	EXP 	eyetracker.setRecordingState(False)
61.8450 	EXP 	eyetracker.setRecordingState(False)
61.8563 	EXP 	eyetracker.setRecordingState(False)
61.8730 	EXP 	eyetracker.setRecordingState(False)
61.8844 	EXP 	eyetracker.setRecordingState(False)
61.8952 	EXP 	eyetracker.setRecordingState(False)
61.9045 	EXP 	eyetracker.setRecordingState(False)
61.9142 	EXP 	eyetracker.setRecordingState(False)
61.9258 	EXP 	eyetracker.setRecordingState(False)
61.9348 	EXP 	eyetracker.setRecordingState(False)
61.9477 	EXP 	eyetracker.setRecordingState(False)
61.9597 	EXP 	eyetracker.setRecordingState(False)
61.9704 	EXP 	eyetracker.setRecordingState(False)
61.9806 	EXP 	eyetracker.setRecordingState(False)
61.9912 	EXP 	eyetracker.setRecordingState(False)
62.0022 	EXP 	eyetracker.setRecordingState(False)
62.0121 	EXP 	eyetracker.setRecordingState(False)
62.0255 	EXP 	eyetracker.setRecordingState(False)
62.0395 	EXP 	eyetracker.setRecordingState(False)
62.0576 	EXP 	eyetracker.setRecordingState(False)
62.0731 	EXP 	eyetracker.setRecordingState(False)
62.0961 	EXP 	eyetracker.setRecordingState(False)
62.1113 	EXP 	eyetracker.setRecordingState(False)
62.1228 	EXP 	eyetracker.setRecordingState(False)
62.1344 	EXP 	eyetracker.setRecordingState(False)
62.1445 	EXP 	eyetracker.setRecordingState(False)
62.1589 	EXP 	eyetracker.setRecordingState(False)
62.1686 	EXP 	eyetracker.setRecordingState(False)
62.1811 	EXP 	eyetracker.setRecordingState(False)
62.1912 	EXP 	eyetracker.setRecordingState(False)
62.2012 	EXP 	eyetracker.setRecordingState(False)
62.2158 	EXP 	eyetracker.setRecordingState(False)
62.2258 	EXP 	eyetracker.setRecordingState(False)
62.2363 	EXP 	eyetracker.setRecordingState(False)
62.2501 	EXP 	eyetracker.setRecordingState(False)
62.2625 	EXP 	eyetracker.setRecordingState(False)
62.2793 	EXP 	eyetracker.setRecordingState(False)
62.2934 	EXP 	eyetracker.setRecordingState(False)
62.3076 	EXP 	eyetracker.setRecordingState(False)
62.3233 	EXP 	eyetracker.setRecordingState(False)
62.3394 	EXP 	eyetracker.setRecordingState(False)
62.3541 	EXP 	eyetracker.setRecordingState(False)
62.3691 	EXP 	eyetracker.setRecordingState(False)
62.3841 	EXP 	eyetracker.setRecordingState(False)
62.3985 	EXP 	eyetracker.setRecordingState(False)
62.4145 	EXP 	eyetracker.setRecordingState(False)
62.4295 	EXP 	eyetracker.setRecordingState(False)
62.4459 	EXP 	eyetracker.setRecordingState(False)
62.4617 	EXP 	eyetracker.setRecordingState(False)
62.4750 	EXP 	eyetracker.setRecordingState(False)
62.4894 	EXP 	eyetracker.setRecordingState(False)
62.5050 	EXP 	eyetracker.setRecordingState(False)
62.5193 	EXP 	eyetracker.setRecordingState(False)
62.5362 	EXP 	eyetracker.setRecordingState(False)
62.5486 	EXP 	eyetracker.setRecordingState(False)
62.5615 	EXP 	eyetracker.setRecordingState(False)
62.5710 	EXP 	eyetracker.setRecordingState(False)
62.5798 	EXP 	eyetracker.setRecordingState(False)
62.5916 	EXP 	eyetracker.setRecordingState(False)
62.6016 	EXP 	eyetracker.setRecordingState(False)
62.6131 	EXP 	eyetracker.setRecordingState(False)
62.6237 	EXP 	eyetracker.setRecordingState(False)
62.6331 	EXP 	eyetracker.setRecordingState(False)
62.6411 	EXP 	eyetracker.setRecordingState(False)
62.6512 	EXP 	eyetracker.setRecordingState(False)
62.6607 	EXP 	eyetracker.setRecordingState(False)
62.6698 	EXP 	eyetracker.setRecordingState(False)
62.6808 	EXP 	eyetracker.setRecordingState(False)
62.6907 	EXP 	eyetracker.setRecordingState(False)
62.7001 	EXP 	eyetracker.setRecordingState(False)
62.7096 	EXP 	eyetracker.setRecordingState(False)
62.7184 	EXP 	eyetracker.setRecordingState(False)
62.7276 	EXP 	eyetracker.setRecordingState(False)
62.7375 	EXP 	eyetracker.setRecordingState(False)
62.7479 	EXP 	eyetracker.setRecordingState(False)
62.7589 	EXP 	eyetracker.setRecordingState(False)
62.7707 	EXP 	eyetracker.setRecordingState(False)
62.7809 	EXP 	eyetracker.setRecordingState(False)
62.7924 	EXP 	eyetracker.setRecordingState(False)
62.8023 	EXP 	eyetracker.setRecordingState(False)
62.8135 	EXP 	eyetracker.setRecordingState(False)
62.8225 	EXP 	eyetracker.setRecordingState(False)
62.8333 	EXP 	eyetracker.setRecordingState(False)
62.8433 	EXP 	eyetracker.setRecordingState(False)
62.8539 	EXP 	eyetracker.setRecordingState(False)
62.8625 	EXP 	eyetracker.setRecordingState(False)
62.8711 	EXP 	eyetracker.setRecordingState(False)
62.8826 	EXP 	eyetracker.setRecordingState(False)
62.8922 	EXP 	eyetracker.setRecordingState(False)
62.9011 	EXP 	eyetracker.setRecordingState(False)
62.9114 	EXP 	eyetracker.setRecordingState(False)
62.9211 	EXP 	eyetracker.setRecordingState(False)
62.9304 	EXP 	eyetracker.setRecordingState(False)
62.9400 	EXP 	eyetracker.setRecordingState(False)
62.9497 	EXP 	eyetracker.setRecordingState(False)
62.9613 	EXP 	eyetracker.setRecordingState(False)
62.9730 	EXP 	eyetracker.setRecordingState(False)
62.9826 	EXP 	eyetracker.setRecordingState(False)
62.9923 	EXP 	eyetracker.setRecordingState(False)
63.0007 	EXP 	eyetracker.setRecordingState(False)
63.0088 	EXP 	eyetracker.setRecordingState(False)
63.0163 	EXP 	eyetracker.setRecordingState(False)
63.0227 	EXP 	eyetracker.setRecordingState(False)
63.0290 	EXP 	eyetracker.setRecordingState(False)
63.0359 	EXP 	eyetracker.setRecordingState(False)
63.0435 	EXP 	eyetracker.setRecordingState(False)
63.0510 	EXP 	eyetracker.setRecordingState(False)
63.0581 	EXP 	eyetracker.setRecordingState(False)
63.0670 	EXP 	eyetracker.setRecordingState(False)
63.0749 	EXP 	eyetracker.setRecordingState(False)
63.0851 	EXP 	eyetracker.setRecordingState(False)
63.0932 	EXP 	eyetracker.setRecordingState(False)
63.1013 	EXP 	eyetracker.setRecordingState(False)
63.1086 	EXP 	eyetracker.setRecordingState(False)
63.1174 	EXP 	eyetracker.setRecordingState(False)
63.1262 	EXP 	eyetracker.setRecordingState(False)
63.1345 	EXP 	eyetracker.setRecordingState(False)
63.1418 	EXP 	eyetracker.setRecordingState(False)
63.1489 	EXP 	eyetracker.setRecordingState(False)
63.1572 	EXP 	eyetracker.setRecordingState(False)
63.1654 	EXP 	eyetracker.setRecordingState(False)
63.1725 	EXP 	eyetracker.setRecordingState(False)
63.1805 	EXP 	eyetracker.setRecordingState(False)
63.1887 	EXP 	eyetracker.setRecordingState(False)
63.1959 	EXP 	eyetracker.setRecordingState(False)
63.2045 	EXP 	eyetracker.setRecordingState(False)
63.2128 	EXP 	eyetracker.setRecordingState(False)
63.2238 	EXP 	eyetracker.setRecordingState(False)
63.2324 	EXP 	eyetracker.setRecordingState(False)
63.2404 	EXP 	eyetracker.setRecordingState(False)
63.2493 	EXP 	eyetracker.setRecordingState(False)
63.2602 	EXP 	eyetracker.setRecordingState(False)
63.2689 	EXP 	eyetracker.setRecordingState(False)
63.2771 	EXP 	eyetracker.setRecordingState(False)
63.2870 	EXP 	eyetracker.setRecordingState(False)
63.2962 	EXP 	eyetracker.setRecordingState(False)
63.3054 	EXP 	eyetracker.setRecordingState(False)
63.3165 	EXP 	eyetracker.setRecordingState(False)
63.3249 	EXP 	eyetracker.setRecordingState(False)
63.3336 	EXP 	eyetracker.setRecordingState(False)
63.3413 	EXP 	eyetracker.setRecordingState(False)
63.3502 	EXP 	eyetracker.setRecordingState(False)
63.3577 	EXP 	eyetracker.setRecordingState(False)
63.3663 	EXP 	eyetracker.setRecordingState(False)
63.3731 	EXP 	eyetracker.setRecordingState(False)
63.3817 	EXP 	eyetracker.setRecordingState(False)
63.3897 	EXP 	eyetracker.setRecordingState(False)
63.4002 	EXP 	eyetracker.setRecordingState(False)
63.4082 	EXP 	eyetracker.setRecordingState(False)
63.4153 	EXP 	eyetracker.setRecordingState(False)
63.4222 	EXP 	eyetracker.setRecordingState(False)
63.4300 	EXP 	eyetracker.setRecordingState(False)
63.4371 	EXP 	eyetracker.setRecordingState(False)
63.4466 	EXP 	eyetracker.setRecordingState(False)
63.4547 	EXP 	eyetracker.setRecordingState(False)
63.4629 	EXP 	eyetracker.setRecordingState(False)
63.4733 	EXP 	eyetracker.setRecordingState(False)
63.4835 	EXP 	eyetracker.setRecordingState(False)
63.4923 	EXP 	eyetracker.setRecordingState(False)
63.5004 	EXP 	eyetracker.setRecordingState(False)
63.5095 	EXP 	eyetracker.setRecordingState(False)
63.5196 	EXP 	eyetracker.setRecordingState(False)
63.5279 	EXP 	eyetracker.setRecordingState(False)
63.5394 	EXP 	eyetracker.setRecordingState(False)
63.5487 	EXP 	eyetracker.setRecordingState(False)
63.5573 	EXP 	eyetracker.setRecordingState(False)
63.5675 	EXP 	eyetracker.setRecordingState(False)
63.5775 	EXP 	eyetracker.setRecordingState(False)
63.5874 	EXP 	eyetracker.setRecordingState(False)
63.5971 	EXP 	eyetracker.setRecordingState(False)
63.6074 	EXP 	eyetracker.setRecordingState(False)
63.6165 	EXP 	eyetracker.setRecordingState(False)
63.6255 	EXP 	eyetracker.setRecordingState(False)
63.6375 	EXP 	eyetracker.setRecordingState(False)
63.6470 	EXP 	eyetracker.setRecordingState(False)
63.6553 	EXP 	eyetracker.setRecordingState(False)
63.6635 	EXP 	eyetracker.setRecordingState(False)
63.6704 	EXP 	eyetracker.setRecordingState(False)
63.6776 	EXP 	eyetracker.setRecordingState(False)
63.6857 	EXP 	eyetracker.setRecordingState(False)
63.6933 	EXP 	eyetracker.setRecordingState(False)
63.7008 	EXP 	eyetracker.setRecordingState(False)
63.7083 	EXP 	eyetracker.setRecordingState(False)
63.7161 	EXP 	eyetracker.setRecordingState(False)
63.7272 	EXP 	eyetracker.setRecordingState(False)
63.7357 	EXP 	eyetracker.setRecordingState(False)
63.7443 	EXP 	eyetracker.setRecordingState(False)
63.7539 	EXP 	eyetracker.setRecordingState(False)
63.7635 	EXP 	eyetracker.setRecordingState(False)
63.7726 	EXP 	eyetracker.setRecordingState(False)
63.7818 	EXP 	eyetracker.setRecordingState(False)
63.7899 	EXP 	eyetracker.setRecordingState(False)
63.7979 	EXP 	eyetracker.setRecordingState(False)
63.8068 	EXP 	eyetracker.setRecordingState(False)
63.8160 	EXP 	eyetracker.setRecordingState(False)
63.8253 	EXP 	eyetracker.setRecordingState(False)
63.8328 	EXP 	eyetracker.setRecordingState(False)
63.8398 	EXP 	eyetracker.setRecordingState(False)
63.8484 	EXP 	eyetracker.setRecordingState(False)
63.8579 	EXP 	eyetracker.setRecordingState(False)
63.8664 	EXP 	eyetracker.setRecordingState(False)
63.8753 	EXP 	eyetracker.setRecordingState(False)
63.8851 	EXP 	eyetracker.setRecordingState(False)
63.8943 	EXP 	eyetracker.setRecordingState(False)
63.9035 	EXP 	eyetracker.setRecordingState(False)
63.9125 	EXP 	eyetracker.setRecordingState(False)
63.9216 	EXP 	eyetracker.setRecordingState(False)
63.9312 	EXP 	eyetracker.setRecordingState(False)
63.9403 	EXP 	eyetracker.setRecordingState(False)
63.9510 	EXP 	eyetracker.setRecordingState(False)
63.9608 	EXP 	eyetracker.setRecordingState(False)
63.9712 	EXP 	eyetracker.setRecordingState(False)
63.9831 	EXP 	eyetracker.setRecordingState(False)
63.9942 	EXP 	eyetracker.setRecordingState(False)
64.0042 	EXP 	eyetracker.setRecordingState(False)
64.0145 	EXP 	eyetracker.setRecordingState(False)
64.0223 	EXP 	eyetracker.setRecordingState(False)
64.0300 	EXP 	eyetracker.setRecordingState(False)
64.0382 	EXP 	eyetracker.setRecordingState(False)
64.0474 	EXP 	eyetracker.setRecordingState(False)
64.0560 	EXP 	eyetracker.setRecordingState(False)
64.0638 	EXP 	eyetracker.setRecordingState(False)
64.0723 	EXP 	eyetracker.setRecordingState(False)
64.0803 	EXP 	eyetracker.setRecordingState(False)
64.0889 	EXP 	eyetracker.setRecordingState(False)
64.0978 	EXP 	eyetracker.setRecordingState(False)
64.1063 	EXP 	eyetracker.setRecordingState(False)
64.1150 	EXP 	eyetracker.setRecordingState(False)
64.1245 	EXP 	eyetracker.setRecordingState(False)
64.1345 	EXP 	eyetracker.setRecordingState(False)
64.1435 	EXP 	eyetracker.setRecordingState(False)
64.1523 	EXP 	eyetracker.setRecordingState(False)
64.1622 	EXP 	eyetracker.setRecordingState(False)
64.1704 	EXP 	eyetracker.setRecordingState(False)
64.1786 	EXP 	eyetracker.setRecordingState(False)
64.1884 	EXP 	eyetracker.setRecordingState(False)
64.1973 	EXP 	eyetracker.setRecordingState(False)
64.2062 	EXP 	eyetracker.setRecordingState(False)
64.2147 	EXP 	eyetracker.setRecordingState(False)
64.2227 	EXP 	eyetracker.setRecordingState(False)
64.2301 	EXP 	eyetracker.setRecordingState(False)
64.2369 	EXP 	eyetracker.setRecordingState(False)
64.2437 	EXP 	eyetracker.setRecordingState(False)
64.2506 	EXP 	eyetracker.setRecordingState(False)
64.2589 	EXP 	eyetracker.setRecordingState(False)
64.2685 	EXP 	eyetracker.setRecordingState(False)
64.2818 	EXP 	eyetracker.setRecordingState(False)
64.2946 	EXP 	eyetracker.setRecordingState(False)
64.3037 	EXP 	eyetracker.setRecordingState(False)
64.3141 	EXP 	eyetracker.setRecordingState(False)
64.3220 	EXP 	eyetracker.setRecordingState(False)
64.3288 	EXP 	eyetracker.setRecordingState(False)
64.3350 	EXP 	eyetracker.setRecordingState(False)
64.3418 	EXP 	eyetracker.setRecordingState(False)
64.3492 	EXP 	eyetracker.setRecordingState(False)
64.3559 	EXP 	eyetracker.setRecordingState(False)
64.3630 	EXP 	eyetracker.setRecordingState(False)
64.3703 	EXP 	eyetracker.setRecordingState(False)
64.3786 	EXP 	eyetracker.setRecordingState(False)
64.3859 	EXP 	eyetracker.setRecordingState(False)
64.3941 	EXP 	eyetracker.setRecordingState(False)
64.4021 	EXP 	eyetracker.setRecordingState(False)
64.4108 	EXP 	eyetracker.setRecordingState(False)
64.4202 	EXP 	eyetracker.setRecordingState(False)
64.4282 	EXP 	eyetracker.setRecordingState(False)
64.4398 	EXP 	eyetracker.setRecordingState(False)
64.4481 	EXP 	eyetracker.setRecordingState(False)
64.4584 	EXP 	eyetracker.setRecordingState(False)
64.4667 	EXP 	eyetracker.setRecordingState(False)
64.4752 	EXP 	eyetracker.setRecordingState(False)
64.4837 	EXP 	eyetracker.setRecordingState(False)
64.4919 	EXP 	eyetracker.setRecordingState(False)
64.5001 	EXP 	eyetracker.setRecordingState(False)
64.5079 	EXP 	eyetracker.setRecordingState(False)
64.5150 	EXP 	eyetracker.setRecordingState(False)
64.5240 	EXP 	eyetracker.setRecordingState(False)
64.5339 	EXP 	eyetracker.setRecordingState(False)
64.5424 	EXP 	eyetracker.setRecordingState(False)
64.5513 	EXP 	eyetracker.setRecordingState(False)
64.5587 	EXP 	eyetracker.setRecordingState(False)
64.5667 	EXP 	eyetracker.setRecordingState(False)
64.5746 	EXP 	eyetracker.setRecordingState(False)
64.5846 	EXP 	eyetracker.setRecordingState(False)
64.5924 	EXP 	eyetracker.setRecordingState(False)
64.6004 	EXP 	eyetracker.setRecordingState(False)
64.6093 	EXP 	eyetracker.setRecordingState(False)
64.6174 	EXP 	eyetracker.setRecordingState(False)
64.6251 	EXP 	eyetracker.setRecordingState(False)
64.6334 	EXP 	eyetracker.setRecordingState(False)
64.6422 	EXP 	eyetracker.setRecordingState(False)
64.6509 	EXP 	eyetracker.setRecordingState(False)
64.6602 	EXP 	eyetracker.setRecordingState(False)
64.6686 	EXP 	eyetracker.setRecordingState(False)
64.6790 	EXP 	eyetracker.setRecordingState(False)
64.6879 	EXP 	eyetracker.setRecordingState(False)
64.6977 	EXP 	eyetracker.setRecordingState(False)
64.7084 	EXP 	eyetracker.setRecordingState(False)
64.7185 	EXP 	eyetracker.setRecordingState(False)
64.7275 	EXP 	eyetracker.setRecordingState(False)
64.7362 	EXP 	eyetracker.setRecordingState(False)
64.7437 	EXP 	eyetracker.setRecordingState(False)
64.7525 	EXP 	eyetracker.setRecordingState(False)
64.7620 	EXP 	eyetracker.setRecordingState(False)
64.7707 	EXP 	eyetracker.setRecordingState(False)
64.7782 	EXP 	eyetracker.setRecordingState(False)
64.7892 	EXP 	eyetracker.setRecordingState(False)
64.7988 	EXP 	eyetracker.setRecordingState(False)
64.8071 	EXP 	eyetracker.setRecordingState(False)
64.8172 	EXP 	eyetracker.setRecordingState(False)
64.8280 	EXP 	eyetracker.setRecordingState(False)
64.8385 	EXP 	eyetracker.setRecordingState(False)
64.8492 	EXP 	eyetracker.setRecordingState(False)
64.8580 	EXP 	eyetracker.setRecordingState(False)
64.8684 	EXP 	eyetracker.setRecordingState(False)
64.8781 	EXP 	eyetracker.setRecordingState(False)
64.8863 	EXP 	eyetracker.setRecordingState(False)
64.8962 	EXP 	eyetracker.setRecordingState(False)
64.9070 	EXP 	eyetracker.setRecordingState(False)
64.9175 	EXP 	eyetracker.setRecordingState(False)
64.9293 	EXP 	eyetracker.setRecordingState(False)
64.9393 	EXP 	eyetracker.setRecordingState(False)
64.9498 	EXP 	eyetracker.setRecordingState(False)
64.9642 	EXP 	eyetracker.setRecordingState(False)
64.9754 	EXP 	eyetracker.setRecordingState(False)
64.9839 	EXP 	eyetracker.setRecordingState(False)
64.9933 	EXP 	eyetracker.setRecordingState(False)
65.0054 	EXP 	eyetracker.setRecordingState(False)
65.0137 	EXP 	eyetracker.setRecordingState(False)
65.0264 	EXP 	eyetracker.setRecordingState(False)
65.0353 	EXP 	eyetracker.setRecordingState(False)
65.0441 	EXP 	eyetracker.setRecordingState(False)
65.0540 	EXP 	eyetracker.setRecordingState(False)
65.0634 	EXP 	eyetracker.setRecordingState(False)
65.0735 	EXP 	eyetracker.setRecordingState(False)
65.0838 	EXP 	eyetracker.setRecordingState(False)
65.0945 	EXP 	eyetracker.setRecordingState(False)
65.1043 	EXP 	eyetracker.setRecordingState(False)
65.1131 	EXP 	eyetracker.setRecordingState(False)
65.1223 	EXP 	eyetracker.setRecordingState(False)
65.1311 	EXP 	eyetracker.setRecordingState(False)
65.1390 	EXP 	eyetracker.setRecordingState(False)
65.1479 	EXP 	eyetracker.setRecordingState(False)
65.1567 	EXP 	eyetracker.setRecordingState(False)
65.1653 	EXP 	eyetracker.setRecordingState(False)
65.1732 	EXP 	eyetracker.setRecordingState(False)
65.1809 	EXP 	eyetracker.setRecordingState(False)
65.1879 	EXP 	eyetracker.setRecordingState(False)
65.1950 	EXP 	eyetracker.setRecordingState(False)
65.2018 	EXP 	eyetracker.setRecordingState(False)
65.2086 	EXP 	eyetracker.setRecordingState(False)
65.2161 	EXP 	eyetracker.setRecordingState(False)
65.2233 	EXP 	eyetracker.setRecordingState(False)
65.2318 	EXP 	eyetracker.setRecordingState(False)
65.2419 	EXP 	eyetracker.setRecordingState(False)
65.2505 	EXP 	eyetracker.setRecordingState(False)
65.2591 	EXP 	eyetracker.setRecordingState(False)
65.2687 	EXP 	eyetracker.setRecordingState(False)
65.2772 	EXP 	eyetracker.setRecordingState(False)
65.2849 	EXP 	eyetracker.setRecordingState(False)
65.2925 	EXP 	eyetracker.setRecordingState(False)
65.3017 	EXP 	eyetracker.setRecordingState(False)
65.3108 	EXP 	eyetracker.setRecordingState(False)
65.3189 	EXP 	eyetracker.setRecordingState(False)
65.3266 	EXP 	eyetracker.setRecordingState(False)
65.3332 	EXP 	eyetracker.setRecordingState(False)
65.3397 	EXP 	eyetracker.setRecordingState(False)
65.3466 	EXP 	eyetracker.setRecordingState(False)
65.3536 	EXP 	eyetracker.setRecordingState(False)
65.3602 	EXP 	eyetracker.setRecordingState(False)
65.3667 	EXP 	eyetracker.setRecordingState(False)
65.3745 	EXP 	eyetracker.setRecordingState(False)
65.3827 	EXP 	eyetracker.setRecordingState(False)
65.3919 	EXP 	eyetracker.setRecordingState(False)
65.4016 	EXP 	eyetracker.setRecordingState(False)
65.4102 	EXP 	eyetracker.setRecordingState(False)
65.4190 	EXP 	eyetracker.setRecordingState(False)
65.4297 	EXP 	eyetracker.setRecordingState(False)
65.4389 	EXP 	eyetracker.setRecordingState(False)
65.4493 	EXP 	eyetracker.setRecordingState(False)
65.4593 	EXP 	eyetracker.setRecordingState(False)
65.4684 	EXP 	eyetracker.setRecordingState(False)
65.4777 	EXP 	eyetracker.setRecordingState(False)
65.4858 	EXP 	eyetracker.setRecordingState(False)
65.4941 	EXP 	eyetracker.setRecordingState(False)
65.5015 	EXP 	eyetracker.setRecordingState(False)
65.5108 	EXP 	eyetracker.setRecordingState(False)
65.5205 	EXP 	eyetracker.setRecordingState(False)
65.5280 	EXP 	eyetracker.setRecordingState(False)
65.5349 	EXP 	eyetracker.setRecordingState(False)
65.5433 	EXP 	eyetracker.setRecordingState(False)
65.5510 	EXP 	eyetracker.setRecordingState(False)
65.5598 	EXP 	eyetracker.setRecordingState(False)
65.5710 	EXP 	eyetracker.setRecordingState(False)
65.5790 	EXP 	eyetracker.setRecordingState(False)
65.5877 	EXP 	eyetracker.setRecordingState(False)
65.5968 	EXP 	eyetracker.setRecordingState(False)
65.6046 	EXP 	eyetracker.setRecordingState(False)
65.6125 	EXP 	eyetracker.setRecordingState(False)
65.6219 	EXP 	eyetracker.setRecordingState(False)
65.6317 	EXP 	eyetracker.setRecordingState(False)
65.6411 	EXP 	eyetracker.setRecordingState(False)
65.6509 	EXP 	eyetracker.setRecordingState(False)
65.6617 	EXP 	eyetracker.setRecordingState(False)
65.6703 	EXP 	eyetracker.setRecordingState(False)
65.6820 	EXP 	eyetracker.setRecordingState(False)
65.6905 	EXP 	eyetracker.setRecordingState(False)
65.7004 	EXP 	eyetracker.setRecordingState(False)
65.7109 	EXP 	eyetracker.setRecordingState(False)
65.7227 	EXP 	eyetracker.setRecordingState(False)
65.7308 	EXP 	eyetracker.setRecordingState(False)
65.7384 	EXP 	eyetracker.setRecordingState(False)
65.7467 	EXP 	eyetracker.setRecordingState(False)
65.7555 	EXP 	eyetracker.setRecordingState(False)
65.7659 	EXP 	eyetracker.setRecordingState(False)
65.7751 	EXP 	eyetracker.setRecordingState(False)
65.7862 	EXP 	eyetracker.setRecordingState(False)
65.7941 	EXP 	eyetracker.setRecordingState(False)
65.8020 	EXP 	eyetracker.setRecordingState(False)
65.8100 	EXP 	eyetracker.setRecordingState(False)
65.8202 	EXP 	eyetracker.setRecordingState(False)
65.8286 	EXP 	eyetracker.setRecordingState(False)
65.8375 	EXP 	eyetracker.setRecordingState(False)
65.8449 	EXP 	eyetracker.setRecordingState(False)
65.8531 	EXP 	eyetracker.setRecordingState(False)
65.8608 	EXP 	eyetracker.setRecordingState(False)
65.8704 	EXP 	eyetracker.setRecordingState(False)
65.8785 	EXP 	eyetracker.setRecordingState(False)
65.8871 	EXP 	eyetracker.setRecordingState(False)
65.8981 	EXP 	eyetracker.setRecordingState(False)
65.9086 	EXP 	eyetracker.setRecordingState(False)
65.9201 	EXP 	eyetracker.setRecordingState(False)
65.9287 	EXP 	eyetracker.setRecordingState(False)
65.9389 	EXP 	eyetracker.setRecordingState(False)
65.9488 	EXP 	eyetracker.setRecordingState(False)
65.9597 	EXP 	eyetracker.setRecordingState(False)
65.9694 	EXP 	eyetracker.setRecordingState(False)
65.9808 	EXP 	eyetracker.setRecordingState(False)
65.9908 	EXP 	eyetracker.setRecordingState(False)
66.0009 	EXP 	eyetracker.setRecordingState(False)
66.0104 	EXP 	eyetracker.setRecordingState(False)
66.0193 	EXP 	eyetracker.setRecordingState(False)
66.0277 	EXP 	eyetracker.setRecordingState(False)
66.0365 	EXP 	eyetracker.setRecordingState(False)
66.0451 	EXP 	eyetracker.setRecordingState(False)
66.0542 	EXP 	eyetracker.setRecordingState(False)
66.0649 	EXP 	eyetracker.setRecordingState(False)
66.0748 	EXP 	eyetracker.setRecordingState(False)
66.0853 	EXP 	eyetracker.setRecordingState(False)
66.0946 	EXP 	eyetracker.setRecordingState(False)
66.1027 	EXP 	eyetracker.setRecordingState(False)
66.1105 	EXP 	eyetracker.setRecordingState(False)
66.1212 	EXP 	eyetracker.setRecordingState(False)
66.1299 	EXP 	eyetracker.setRecordingState(False)
66.1386 	EXP 	eyetracker.setRecordingState(False)
66.1464 	EXP 	eyetracker.setRecordingState(False)
66.1555 	EXP 	eyetracker.setRecordingState(False)
66.1642 	EXP 	eyetracker.setRecordingState(False)
66.1741 	EXP 	eyetracker.setRecordingState(False)
66.1831 	EXP 	eyetracker.setRecordingState(False)
66.1922 	EXP 	eyetracker.setRecordingState(False)
66.2024 	EXP 	eyetracker.setRecordingState(False)
66.2119 	EXP 	eyetracker.setRecordingState(False)
66.2215 	EXP 	eyetracker.setRecordingState(False)
66.2317 	EXP 	eyetracker.setRecordingState(False)
66.2438 	EXP 	eyetracker.setRecordingState(False)
66.2522 	EXP 	eyetracker.setRecordingState(False)
66.2610 	EXP 	eyetracker.setRecordingState(False)
66.2693 	EXP 	eyetracker.setRecordingState(False)
66.2775 	EXP 	eyetracker.setRecordingState(False)
66.2869 	EXP 	eyetracker.setRecordingState(False)
66.2963 	EXP 	eyetracker.setRecordingState(False)
66.3072 	EXP 	eyetracker.setRecordingState(False)
66.3201 	EXP 	eyetracker.setRecordingState(False)
66.3304 	EXP 	eyetracker.setRecordingState(False)
66.3423 	EXP 	eyetracker.setRecordingState(False)
66.3530 	EXP 	eyetracker.setRecordingState(False)
66.3635 	EXP 	eyetracker.setRecordingState(False)
66.3741 	EXP 	eyetracker.setRecordingState(False)
66.3843 	EXP 	eyetracker.setRecordingState(False)
66.3955 	EXP 	eyetracker.setRecordingState(False)
66.4080 	EXP 	eyetracker.setRecordingState(False)
66.4175 	EXP 	eyetracker.setRecordingState(False)
66.4283 	DATA 	Mouse: Left button down, pos=(1181,491)
66.4312 	EXP 	eyetracker.setRecordingState(False)
66.4338 	EXP 	eyetracker.setRecordingState(False)
66.4533 	INFO 	Keyboard events cleared
66.4525 	EXP 	text_instr: autoDraw = False
66.4525 	EXP 	kandos: autoDraw = False
66.4525 	EXP 	ritzbury: autoDraw = False
66.4525 	EXP 	revello: autoDraw = False
66.4525 	EXP 	cadbury: autoDraw = False
66.4525 	EXP 	text_20: autoDraw = False
66.4525 	EXP 	text_21: autoDraw = False
66.4525 	EXP 	text_22: autoDraw = False
66.4525 	EXP 	text_23: autoDraw = False
66.4525 	EXP 	text_instr_2: autoDraw = True
66.4525 	EXP 	goldi: autoDraw = True
66.4525 	EXP 	elephanthouse: autoDraw = True
66.4525 	EXP 	krest: autoDraw = True
66.4525 	EXP 	pussalla: autoDraw = True
66.4525 	EXP 	text_16: autoDraw = True
66.4525 	EXP 	text_17: autoDraw = True
66.4525 	EXP 	text_18: autoDraw = True
66.4525 	EXP 	text_19: autoDraw = True
66.4548 	EXP 	eyetracker.setRecordingState(False)
66.4615 	EXP 	eyetracker.setRecordingState(False)
66.4696 	EXP 	eyetracker.setRecordingState(False)
66.4786 	EXP 	eyetracker.setRecordingState(False)
66.4886 	EXP 	eyetracker.setRecordingState(False)
66.4979 	EXP 	eyetracker.setRecordingState(False)
66.5076 	EXP 	eyetracker.setRecordingState(False)
66.5167 	EXP 	eyetracker.setRecordingState(False)
66.5272 	EXP 	eyetracker.setRecordingState(False)
66.5393 	EXP 	eyetracker.setRecordingState(False)
66.5499 	EXP 	eyetracker.setRecordingState(False)
66.5600 	EXP 	eyetracker.setRecordingState(False)
66.5709 	EXP 	eyetracker.setRecordingState(False)
66.5831 	EXP 	eyetracker.setRecordingState(False)
66.5943 	EXP 	eyetracker.setRecordingState(False)
66.6061 	EXP 	eyetracker.setRecordingState(False)
66.6184 	EXP 	eyetracker.setRecordingState(False)
66.6291 	EXP 	eyetracker.setRecordingState(False)
66.6382 	EXP 	eyetracker.setRecordingState(False)
66.6482 	DATA 	Mouse:  Left button up, pos=(1181,491)
66.6505 	EXP 	eyetracker.setRecordingState(False)
66.6613 	EXP 	eyetracker.setRecordingState(False)
66.6731 	EXP 	eyetracker.setRecordingState(False)
66.6851 	EXP 	eyetracker.setRecordingState(False)
66.6986 	EXP 	eyetracker.setRecordingState(False)
66.7110 	EXP 	eyetracker.setRecordingState(False)
66.7234 	EXP 	eyetracker.setRecordingState(False)
66.7342 	EXP 	eyetracker.setRecordingState(False)
66.7457 	EXP 	eyetracker.setRecordingState(False)
66.7565 	EXP 	eyetracker.setRecordingState(False)
66.7665 	EXP 	eyetracker.setRecordingState(False)
66.7772 	EXP 	eyetracker.setRecordingState(False)
66.7878 	EXP 	eyetracker.setRecordingState(False)
66.8017 	EXP 	eyetracker.setRecordingState(False)
66.8130 	EXP 	eyetracker.setRecordingState(False)
66.8282 	EXP 	eyetracker.setRecordingState(False)
66.8446 	EXP 	eyetracker.setRecordingState(False)
66.8622 	EXP 	eyetracker.setRecordingState(False)
66.8781 	EXP 	eyetracker.setRecordingState(False)
66.8930 	EXP 	eyetracker.setRecordingState(False)
66.9078 	EXP 	eyetracker.setRecordingState(False)
66.9237 	EXP 	eyetracker.setRecordingState(False)
66.9361 	EXP 	eyetracker.setRecordingState(False)
66.9471 	EXP 	eyetracker.setRecordingState(False)
66.9618 	EXP 	eyetracker.setRecordingState(False)
66.9781 	EXP 	eyetracker.setRecordingState(False)
66.9957 	EXP 	eyetracker.setRecordingState(False)
67.0127 	EXP 	eyetracker.setRecordingState(False)
67.0298 	EXP 	eyetracker.setRecordingState(False)
67.0480 	EXP 	eyetracker.setRecordingState(False)
67.0645 	EXP 	eyetracker.setRecordingState(False)
67.0784 	EXP 	eyetracker.setRecordingState(False)
67.0926 	EXP 	eyetracker.setRecordingState(False)
67.1072 	EXP 	eyetracker.setRecordingState(False)
67.1213 	EXP 	eyetracker.setRecordingState(False)
67.1340 	EXP 	eyetracker.setRecordingState(False)
67.1457 	EXP 	eyetracker.setRecordingState(False)
67.1560 	EXP 	eyetracker.setRecordingState(False)
67.1672 	EXP 	eyetracker.setRecordingState(False)
67.1803 	EXP 	eyetracker.setRecordingState(False)
67.1943 	EXP 	eyetracker.setRecordingState(False)
67.2042 	EXP 	eyetracker.setRecordingState(False)
67.2136 	EXP 	eyetracker.setRecordingState(False)
67.2236 	EXP 	eyetracker.setRecordingState(False)
67.2331 	EXP 	eyetracker.setRecordingState(False)
67.2436 	EXP 	eyetracker.setRecordingState(False)
67.2538 	EXP 	eyetracker.setRecordingState(False)
67.2642 	EXP 	eyetracker.setRecordingState(False)
67.2762 	EXP 	eyetracker.setRecordingState(False)
67.2871 	EXP 	eyetracker.setRecordingState(False)
67.2967 	EXP 	eyetracker.setRecordingState(False)
67.3064 	EXP 	eyetracker.setRecordingState(False)
67.3156 	EXP 	eyetracker.setRecordingState(False)
67.3252 	EXP 	eyetracker.setRecordingState(False)
67.3357 	EXP 	eyetracker.setRecordingState(False)
67.3473 	EXP 	eyetracker.setRecordingState(False)
67.3576 	EXP 	eyetracker.setRecordingState(False)
67.3689 	EXP 	eyetracker.setRecordingState(False)
67.3798 	EXP 	eyetracker.setRecordingState(False)
67.3903 	EXP 	eyetracker.setRecordingState(False)
67.4019 	EXP 	eyetracker.setRecordingState(False)
67.4108 	EXP 	eyetracker.setRecordingState(False)
67.4202 	EXP 	eyetracker.setRecordingState(False)
67.4302 	EXP 	eyetracker.setRecordingState(False)
67.4402 	EXP 	eyetracker.setRecordingState(False)
67.4515 	EXP 	eyetracker.setRecordingState(False)
67.4630 	EXP 	eyetracker.setRecordingState(False)
67.4745 	EXP 	eyetracker.setRecordingState(False)
67.4848 	EXP 	eyetracker.setRecordingState(False)
67.4960 	EXP 	eyetracker.setRecordingState(False)
67.5075 	EXP 	eyetracker.setRecordingState(False)
67.5183 	EXP 	eyetracker.setRecordingState(False)
67.5291 	EXP 	eyetracker.setRecordingState(False)
67.5401 	EXP 	eyetracker.setRecordingState(False)
67.5521 	EXP 	eyetracker.setRecordingState(False)
67.5633 	EXP 	eyetracker.setRecordingState(False)
67.5746 	EXP 	eyetracker.setRecordingState(False)
67.5859 	EXP 	eyetracker.setRecordingState(False)
67.5977 	EXP 	eyetracker.setRecordingState(False)
67.6094 	EXP 	eyetracker.setRecordingState(False)
67.6213 	EXP 	eyetracker.setRecordingState(False)
67.6317 	EXP 	eyetracker.setRecordingState(False)
67.6410 	EXP 	eyetracker.setRecordingState(False)
67.6502 	EXP 	eyetracker.setRecordingState(False)
67.6607 	EXP 	eyetracker.setRecordingState(False)
67.6687 	EXP 	eyetracker.setRecordingState(False)
67.6779 	EXP 	eyetracker.setRecordingState(False)
67.6872 	EXP 	eyetracker.setRecordingState(False)
67.6952 	EXP 	eyetracker.setRecordingState(False)
67.7029 	EXP 	eyetracker.setRecordingState(False)
67.7104 	EXP 	eyetracker.setRecordingState(False)
67.7171 	EXP 	eyetracker.setRecordingState(False)
67.7234 	EXP 	eyetracker.setRecordingState(False)
67.7299 	EXP 	eyetracker.setRecordingState(False)
67.7369 	EXP 	eyetracker.setRecordingState(False)
67.7436 	EXP 	eyetracker.setRecordingState(False)
67.7509 	EXP 	eyetracker.setRecordingState(False)
67.7577 	EXP 	eyetracker.setRecordingState(False)
67.7639 	EXP 	eyetracker.setRecordingState(False)
67.7704 	EXP 	eyetracker.setRecordingState(False)
67.7767 	EXP 	eyetracker.setRecordingState(False)
67.7831 	EXP 	eyetracker.setRecordingState(False)
67.7902 	EXP 	eyetracker.setRecordingState(False)
67.7992 	EXP 	eyetracker.setRecordingState(False)
67.8084 	EXP 	eyetracker.setRecordingState(False)
67.8176 	EXP 	eyetracker.setRecordingState(False)
67.8264 	EXP 	eyetracker.setRecordingState(False)
67.8367 	EXP 	eyetracker.setRecordingState(False)
67.8470 	EXP 	eyetracker.setRecordingState(False)
67.8569 	EXP 	eyetracker.setRecordingState(False)
67.8685 	EXP 	eyetracker.setRecordingState(False)
67.8785 	EXP 	eyetracker.setRecordingState(False)
67.8887 	EXP 	eyetracker.setRecordingState(False)
67.9005 	EXP 	eyetracker.setRecordingState(False)
67.9115 	EXP 	eyetracker.setRecordingState(False)
67.9239 	EXP 	eyetracker.setRecordingState(False)
67.9384 	EXP 	eyetracker.setRecordingState(False)
67.9506 	EXP 	eyetracker.setRecordingState(False)
67.9592 	EXP 	eyetracker.setRecordingState(False)
67.9677 	EXP 	eyetracker.setRecordingState(False)
67.9792 	EXP 	eyetracker.setRecordingState(False)
67.9907 	EXP 	eyetracker.setRecordingState(False)
68.0037 	EXP 	eyetracker.setRecordingState(False)
68.0161 	EXP 	eyetracker.setRecordingState(False)
68.0306 	EXP 	eyetracker.setRecordingState(False)
68.0486 	EXP 	eyetracker.setRecordingState(False)
68.0640 	EXP 	eyetracker.setRecordingState(False)
68.0795 	EXP 	eyetracker.setRecordingState(False)
68.0941 	EXP 	eyetracker.setRecordingState(False)
68.1081 	EXP 	eyetracker.setRecordingState(False)
68.1227 	EXP 	eyetracker.setRecordingState(False)
68.1349 	EXP 	eyetracker.setRecordingState(False)
68.1465 	EXP 	eyetracker.setRecordingState(False)
68.1582 	EXP 	eyetracker.setRecordingState(False)
68.1693 	EXP 	eyetracker.setRecordingState(False)
68.1809 	EXP 	eyetracker.setRecordingState(False)
68.1917 	EXP 	eyetracker.setRecordingState(False)
68.2031 	EXP 	eyetracker.setRecordingState(False)
68.2126 	EXP 	eyetracker.setRecordingState(False)
68.2239 	EXP 	eyetracker.setRecordingState(False)
68.2348 	EXP 	eyetracker.setRecordingState(False)
68.2460 	EXP 	eyetracker.setRecordingState(False)
68.2553 	EXP 	eyetracker.setRecordingState(False)
68.2639 	EXP 	eyetracker.setRecordingState(False)
68.2737 	EXP 	eyetracker.setRecordingState(False)
68.2852 	EXP 	eyetracker.setRecordingState(False)
68.2956 	EXP 	eyetracker.setRecordingState(False)
68.3059 	EXP 	eyetracker.setRecordingState(False)
68.3153 	EXP 	eyetracker.setRecordingState(False)
68.3260 	EXP 	eyetracker.setRecordingState(False)
68.3367 	EXP 	eyetracker.setRecordingState(False)
68.3482 	EXP 	eyetracker.setRecordingState(False)
68.3585 	EXP 	eyetracker.setRecordingState(False)
68.3701 	EXP 	eyetracker.setRecordingState(False)
68.3803 	EXP 	eyetracker.setRecordingState(False)
68.3893 	EXP 	eyetracker.setRecordingState(False)
68.4016 	EXP 	eyetracker.setRecordingState(False)
68.4128 	EXP 	eyetracker.setRecordingState(False)
68.4249 	EXP 	eyetracker.setRecordingState(False)
68.4367 	EXP 	eyetracker.setRecordingState(False)
68.4468 	EXP 	eyetracker.setRecordingState(False)
68.4567 	EXP 	eyetracker.setRecordingState(False)
68.4664 	EXP 	eyetracker.setRecordingState(False)
68.4774 	EXP 	eyetracker.setRecordingState(False)
68.4928 	EXP 	eyetracker.setRecordingState(False)
68.5069 	EXP 	eyetracker.setRecordingState(False)
68.5185 	EXP 	eyetracker.setRecordingState(False)
68.5325 	EXP 	eyetracker.setRecordingState(False)
68.5447 	EXP 	eyetracker.setRecordingState(False)
68.5558 	EXP 	eyetracker.setRecordingState(False)
68.5673 	EXP 	eyetracker.setRecordingState(False)
68.5776 	EXP 	eyetracker.setRecordingState(False)
68.5882 	EXP 	eyetracker.setRecordingState(False)
68.5975 	EXP 	eyetracker.setRecordingState(False)
68.6066 	EXP 	eyetracker.setRecordingState(False)
68.6164 	EXP 	eyetracker.setRecordingState(False)
68.6284 	EXP 	eyetracker.setRecordingState(False)
68.6396 	EXP 	eyetracker.setRecordingState(False)
68.6501 	EXP 	eyetracker.setRecordingState(False)
68.6614 	EXP 	eyetracker.setRecordingState(False)
68.6720 	EXP 	eyetracker.setRecordingState(False)
68.6823 	EXP 	eyetracker.setRecordingState(False)
68.6921 	EXP 	eyetracker.setRecordingState(False)
68.7018 	EXP 	eyetracker.setRecordingState(False)
68.7120 	EXP 	eyetracker.setRecordingState(False)
68.7233 	EXP 	eyetracker.setRecordingState(False)
68.7333 	EXP 	eyetracker.setRecordingState(False)
68.7441 	EXP 	eyetracker.setRecordingState(False)
68.7549 	EXP 	eyetracker.setRecordingState(False)
68.7646 	EXP 	eyetracker.setRecordingState(False)
68.7764 	EXP 	eyetracker.setRecordingState(False)
68.7898 	EXP 	eyetracker.setRecordingState(False)
68.8039 	EXP 	eyetracker.setRecordingState(False)
68.8199 	EXP 	eyetracker.setRecordingState(False)
68.8334 	EXP 	eyetracker.setRecordingState(False)
68.8458 	EXP 	eyetracker.setRecordingState(False)
68.8588 	EXP 	eyetracker.setRecordingState(False)
68.8698 	EXP 	eyetracker.setRecordingState(False)
68.8833 	EXP 	eyetracker.setRecordingState(False)
68.8931 	EXP 	eyetracker.setRecordingState(False)
68.9036 	EXP 	eyetracker.setRecordingState(False)
68.9143 	EXP 	eyetracker.setRecordingState(False)
68.9238 	EXP 	eyetracker.setRecordingState(False)
68.9340 	EXP 	eyetracker.setRecordingState(False)
68.9451 	EXP 	eyetracker.setRecordingState(False)
68.9546 	EXP 	eyetracker.setRecordingState(False)
68.9643 	EXP 	eyetracker.setRecordingState(False)
68.9753 	EXP 	eyetracker.setRecordingState(False)
68.9849 	EXP 	eyetracker.setRecordingState(False)
68.9949 	EXP 	eyetracker.setRecordingState(False)
69.0046 	EXP 	eyetracker.setRecordingState(False)
69.0135 	EXP 	eyetracker.setRecordingState(False)
69.0252 	EXP 	eyetracker.setRecordingState(False)
69.0377 	EXP 	eyetracker.setRecordingState(False)
69.0485 	EXP 	eyetracker.setRecordingState(False)
69.0579 	EXP 	eyetracker.setRecordingState(False)
69.0672 	EXP 	eyetracker.setRecordingState(False)
69.0761 	EXP 	eyetracker.setRecordingState(False)
69.0866 	EXP 	eyetracker.setRecordingState(False)
69.0963 	EXP 	eyetracker.setRecordingState(False)
69.1053 	EXP 	eyetracker.setRecordingState(False)
69.1146 	EXP 	eyetracker.setRecordingState(False)
69.1232 	EXP 	eyetracker.setRecordingState(False)
69.1318 	EXP 	eyetracker.setRecordingState(False)
69.1408 	EXP 	eyetracker.setRecordingState(False)
69.1499 	EXP 	eyetracker.setRecordingState(False)
69.1590 	EXP 	eyetracker.setRecordingState(False)
69.1669 	EXP 	eyetracker.setRecordingState(False)
69.1739 	EXP 	eyetracker.setRecordingState(False)
69.1819 	EXP 	eyetracker.setRecordingState(False)
69.1919 	EXP 	eyetracker.setRecordingState(False)
69.2007 	EXP 	eyetracker.setRecordingState(False)
69.2077 	EXP 	eyetracker.setRecordingState(False)
69.2134 	EXP 	eyetracker.setRecordingState(False)
69.2198 	EXP 	eyetracker.setRecordingState(False)
69.2282 	EXP 	eyetracker.setRecordingState(False)
69.2366 	EXP 	eyetracker.setRecordingState(False)
69.2476 	EXP 	eyetracker.setRecordingState(False)
69.2571 	EXP 	eyetracker.setRecordingState(False)
69.2662 	EXP 	eyetracker.setRecordingState(False)
69.2776 	EXP 	eyetracker.setRecordingState(False)
69.2893 	EXP 	eyetracker.setRecordingState(False)
69.2997 	EXP 	eyetracker.setRecordingState(False)
69.3120 	EXP 	eyetracker.setRecordingState(False)
69.3232 	EXP 	eyetracker.setRecordingState(False)
69.3335 	EXP 	eyetracker.setRecordingState(False)
69.3430 	EXP 	eyetracker.setRecordingState(False)
69.3542 	EXP 	eyetracker.setRecordingState(False)
69.3649 	EXP 	eyetracker.setRecordingState(False)
69.3748 	EXP 	eyetracker.setRecordingState(False)
69.3843 	EXP 	eyetracker.setRecordingState(False)
69.3960 	EXP 	eyetracker.setRecordingState(False)
69.4090 	EXP 	eyetracker.setRecordingState(False)
69.4175 	EXP 	eyetracker.setRecordingState(False)
69.4265 	EXP 	eyetracker.setRecordingState(False)
69.4375 	EXP 	eyetracker.setRecordingState(False)
69.4471 	EXP 	eyetracker.setRecordingState(False)
69.4588 	EXP 	eyetracker.setRecordingState(False)
69.4678 	EXP 	eyetracker.setRecordingState(False)
69.4790 	EXP 	eyetracker.setRecordingState(False)
69.4893 	EXP 	eyetracker.setRecordingState(False)
69.4979 	EXP 	eyetracker.setRecordingState(False)
69.5079 	EXP 	eyetracker.setRecordingState(False)
69.5168 	EXP 	eyetracker.setRecordingState(False)
69.5259 	EXP 	eyetracker.setRecordingState(False)
69.5362 	EXP 	eyetracker.setRecordingState(False)
69.5470 	EXP 	eyetracker.setRecordingState(False)
69.5564 	EXP 	eyetracker.setRecordingState(False)
69.5688 	EXP 	eyetracker.setRecordingState(False)
69.5772 	EXP 	eyetracker.setRecordingState(False)
69.5848 	EXP 	eyetracker.setRecordingState(False)
69.5931 	EXP 	eyetracker.setRecordingState(False)
69.6049 	EXP 	eyetracker.setRecordingState(False)
69.6147 	EXP 	eyetracker.setRecordingState(False)
69.6257 	EXP 	eyetracker.setRecordingState(False)
69.6377 	EXP 	eyetracker.setRecordingState(False)
69.6487 	EXP 	eyetracker.setRecordingState(False)
69.6591 	EXP 	eyetracker.setRecordingState(False)
69.6700 	EXP 	eyetracker.setRecordingState(False)
69.6834 	EXP 	eyetracker.setRecordingState(False)
69.6954 	EXP 	eyetracker.setRecordingState(False)
69.7073 	EXP 	eyetracker.setRecordingState(False)
69.7178 	EXP 	eyetracker.setRecordingState(False)
69.7314 	EXP 	eyetracker.setRecordingState(False)
69.7403 	EXP 	eyetracker.setRecordingState(False)
69.7519 	EXP 	eyetracker.setRecordingState(False)
69.7632 	EXP 	eyetracker.setRecordingState(False)
69.7741 	EXP 	eyetracker.setRecordingState(False)
69.7867 	EXP 	eyetracker.setRecordingState(False)
69.7980 	EXP 	eyetracker.setRecordingState(False)
69.8081 	EXP 	eyetracker.setRecordingState(False)
69.8210 	EXP 	eyetracker.setRecordingState(False)
69.8302 	EXP 	eyetracker.setRecordingState(False)
69.8402 	EXP 	eyetracker.setRecordingState(False)
69.8499 	EXP 	eyetracker.setRecordingState(False)
69.8580 	EXP 	eyetracker.setRecordingState(False)
69.8677 	EXP 	eyetracker.setRecordingState(False)
69.8763 	EXP 	eyetracker.setRecordingState(False)
69.8868 	EXP 	eyetracker.setRecordingState(False)
69.8962 	EXP 	eyetracker.setRecordingState(False)
69.9051 	EXP 	eyetracker.setRecordingState(False)
69.9137 	EXP 	eyetracker.setRecordingState(False)
69.9236 	EXP 	eyetracker.setRecordingState(False)
69.9344 	EXP 	eyetracker.setRecordingState(False)
69.9445 	EXP 	eyetracker.setRecordingState(False)
69.9536 	EXP 	eyetracker.setRecordingState(False)
69.9610 	EXP 	eyetracker.setRecordingState(False)
69.9686 	EXP 	eyetracker.setRecordingState(False)
69.9784 	EXP 	eyetracker.setRecordingState(False)
69.9878 	EXP 	eyetracker.setRecordingState(False)
69.9982 	EXP 	eyetracker.setRecordingState(False)
70.0087 	EXP 	eyetracker.setRecordingState(False)
70.0179 	EXP 	eyetracker.setRecordingState(False)
70.0284 	EXP 	eyetracker.setRecordingState(False)
70.0376 	EXP 	eyetracker.setRecordingState(False)
70.0472 	EXP 	eyetracker.setRecordingState(False)
70.0587 	EXP 	eyetracker.setRecordingState(False)
70.0734 	EXP 	eyetracker.setRecordingState(False)
70.0852 	EXP 	eyetracker.setRecordingState(False)
70.0941 	EXP 	eyetracker.setRecordingState(False)
70.1032 	EXP 	eyetracker.setRecordingState(False)
70.1123 	EXP 	eyetracker.setRecordingState(False)
70.1212 	EXP 	eyetracker.setRecordingState(False)
70.1320 	EXP 	eyetracker.setRecordingState(False)
70.1416 	EXP 	eyetracker.setRecordingState(False)
70.1508 	EXP 	eyetracker.setRecordingState(False)
70.1621 	EXP 	eyetracker.setRecordingState(False)
70.1732 	EXP 	eyetracker.setRecordingState(False)
70.1832 	EXP 	eyetracker.setRecordingState(False)
70.1914 	EXP 	eyetracker.setRecordingState(False)
70.1986 	EXP 	eyetracker.setRecordingState(False)
70.2057 	EXP 	eyetracker.setRecordingState(False)
70.2138 	EXP 	eyetracker.setRecordingState(False)
70.2225 	EXP 	eyetracker.setRecordingState(False)
70.2310 	EXP 	eyetracker.setRecordingState(False)
70.2385 	EXP 	eyetracker.setRecordingState(False)
70.2459 	EXP 	eyetracker.setRecordingState(False)
70.2538 	EXP 	eyetracker.setRecordingState(False)
70.2617 	EXP 	eyetracker.setRecordingState(False)
70.2714 	EXP 	eyetracker.setRecordingState(False)
70.2814 	EXP 	eyetracker.setRecordingState(False)
70.2897 	EXP 	eyetracker.setRecordingState(False)
70.2991 	EXP 	eyetracker.setRecordingState(False)
70.3083 	EXP 	eyetracker.setRecordingState(False)
70.3161 	EXP 	eyetracker.setRecordingState(False)
70.3240 	EXP 	eyetracker.setRecordingState(False)
70.3317 	EXP 	eyetracker.setRecordingState(False)
70.3398 	EXP 	eyetracker.setRecordingState(False)
70.3482 	EXP 	eyetracker.setRecordingState(False)
70.3561 	EXP 	eyetracker.setRecordingState(False)
70.3634 	EXP 	eyetracker.setRecordingState(False)
70.3717 	EXP 	eyetracker.setRecordingState(False)
70.3795 	EXP 	eyetracker.setRecordingState(False)
70.3882 	EXP 	eyetracker.setRecordingState(False)
70.3985 	EXP 	eyetracker.setRecordingState(False)
70.4064 	EXP 	eyetracker.setRecordingState(False)
70.4133 	EXP 	eyetracker.setRecordingState(False)
70.4194 	EXP 	eyetracker.setRecordingState(False)
70.4264 	EXP 	eyetracker.setRecordingState(False)
70.4337 	EXP 	eyetracker.setRecordingState(False)
70.4405 	EXP 	eyetracker.setRecordingState(False)
70.4477 	EXP 	eyetracker.setRecordingState(False)
70.4547 	EXP 	eyetracker.setRecordingState(False)
70.4616 	EXP 	eyetracker.setRecordingState(False)
70.4684 	EXP 	eyetracker.setRecordingState(False)
70.4756 	EXP 	eyetracker.setRecordingState(False)
70.4825 	EXP 	eyetracker.setRecordingState(False)
70.4905 	EXP 	eyetracker.setRecordingState(False)
70.4978 	EXP 	eyetracker.setRecordingState(False)
70.5048 	EXP 	eyetracker.setRecordingState(False)
70.5114 	EXP 	eyetracker.setRecordingState(False)
70.5183 	EXP 	eyetracker.setRecordingState(False)
70.5250 	EXP 	eyetracker.setRecordingState(False)
70.5323 	EXP 	eyetracker.setRecordingState(False)
70.5392 	EXP 	eyetracker.setRecordingState(False)
70.5460 	EXP 	eyetracker.setRecordingState(False)
70.5529 	EXP 	eyetracker.setRecordingState(False)
70.5599 	EXP 	eyetracker.setRecordingState(False)
70.5674 	EXP 	eyetracker.setRecordingState(False)
70.5744 	EXP 	eyetracker.setRecordingState(False)
70.5808 	EXP 	eyetracker.setRecordingState(False)
70.5876 	EXP 	eyetracker.setRecordingState(False)
70.5940 	EXP 	eyetracker.setRecordingState(False)
70.6019 	EXP 	eyetracker.setRecordingState(False)
70.6095 	EXP 	eyetracker.setRecordingState(False)
70.6164 	EXP 	eyetracker.setRecordingState(False)
70.6242 	EXP 	eyetracker.setRecordingState(False)
70.6322 	EXP 	eyetracker.setRecordingState(False)
70.6415 	EXP 	eyetracker.setRecordingState(False)
70.6516 	EXP 	eyetracker.setRecordingState(False)
70.6600 	EXP 	eyetracker.setRecordingState(False)
70.6687 	EXP 	eyetracker.setRecordingState(False)
70.6800 	EXP 	eyetracker.setRecordingState(False)
70.6897 	EXP 	eyetracker.setRecordingState(False)
70.7002 	EXP 	eyetracker.setRecordingState(False)
70.7089 	EXP 	eyetracker.setRecordingState(False)
70.7177 	EXP 	eyetracker.setRecordingState(False)
70.7279 	EXP 	eyetracker.setRecordingState(False)
70.7362 	EXP 	eyetracker.setRecordingState(False)
70.7440 	EXP 	eyetracker.setRecordingState(False)
70.7527 	EXP 	eyetracker.setRecordingState(False)
70.7637 	EXP 	eyetracker.setRecordingState(False)
70.7729 	EXP 	eyetracker.setRecordingState(False)
70.7819 	EXP 	eyetracker.setRecordingState(False)
70.7919 	EXP 	eyetracker.setRecordingState(False)
70.8012 	EXP 	eyetracker.setRecordingState(False)
70.8104 	EXP 	eyetracker.setRecordingState(False)
70.8198 	EXP 	eyetracker.setRecordingState(False)
70.8302 	EXP 	eyetracker.setRecordingState(False)
70.8410 	EXP 	eyetracker.setRecordingState(False)
70.8538 	EXP 	eyetracker.setRecordingState(False)
70.8664 	EXP 	eyetracker.setRecordingState(False)
70.8767 	EXP 	eyetracker.setRecordingState(False)
70.8869 	EXP 	eyetracker.setRecordingState(False)
70.8981 	EXP 	eyetracker.setRecordingState(False)
70.9096 	EXP 	eyetracker.setRecordingState(False)
70.9186 	EXP 	eyetracker.setRecordingState(False)
70.9302 	EXP 	eyetracker.setRecordingState(False)
70.9390 	EXP 	eyetracker.setRecordingState(False)
70.9475 	EXP 	eyetracker.setRecordingState(False)
70.9590 	EXP 	eyetracker.setRecordingState(False)
70.9674 	EXP 	eyetracker.setRecordingState(False)
70.9763 	EXP 	eyetracker.setRecordingState(False)
70.9853 	EXP 	eyetracker.setRecordingState(False)
70.9948 	EXP 	eyetracker.setRecordingState(False)
71.0056 	EXP 	eyetracker.setRecordingState(False)
71.0147 	EXP 	eyetracker.setRecordingState(False)
71.0245 	EXP 	eyetracker.setRecordingState(False)
71.0351 	EXP 	eyetracker.setRecordingState(False)
71.0449 	EXP 	eyetracker.setRecordingState(False)
71.0562 	EXP 	eyetracker.setRecordingState(False)
71.0660 	EXP 	eyetracker.setRecordingState(False)
71.0773 	EXP 	eyetracker.setRecordingState(False)
71.0873 	EXP 	eyetracker.setRecordingState(False)
71.0985 	EXP 	eyetracker.setRecordingState(False)
71.1083 	EXP 	eyetracker.setRecordingState(False)
71.1190 	EXP 	eyetracker.setRecordingState(False)
71.1286 	EXP 	eyetracker.setRecordingState(False)
71.1403 	EXP 	eyetracker.setRecordingState(False)
71.1518 	EXP 	eyetracker.setRecordingState(False)
71.1608 	EXP 	eyetracker.setRecordingState(False)
71.1684 	EXP 	eyetracker.setRecordingState(False)
71.1757 	EXP 	eyetracker.setRecordingState(False)
71.1826 	EXP 	eyetracker.setRecordingState(False)
71.1905 	EXP 	eyetracker.setRecordingState(False)
71.2015 	EXP 	eyetracker.setRecordingState(False)
71.2101 	EXP 	eyetracker.setRecordingState(False)
71.2180 	EXP 	eyetracker.setRecordingState(False)
71.2259 	EXP 	eyetracker.setRecordingState(False)
71.2334 	EXP 	eyetracker.setRecordingState(False)
71.2416 	EXP 	eyetracker.setRecordingState(False)
71.2500 	EXP 	eyetracker.setRecordingState(False)
71.2585 	EXP 	eyetracker.setRecordingState(False)
71.2665 	EXP 	eyetracker.setRecordingState(False)
71.2753 	EXP 	eyetracker.setRecordingState(False)
71.2850 	EXP 	eyetracker.setRecordingState(False)
71.2945 	EXP 	eyetracker.setRecordingState(False)
71.3028 	EXP 	eyetracker.setRecordingState(False)
71.3120 	EXP 	eyetracker.setRecordingState(False)
71.3206 	EXP 	eyetracker.setRecordingState(False)
71.3291 	EXP 	eyetracker.setRecordingState(False)
71.3368 	EXP 	eyetracker.setRecordingState(False)
71.3444 	EXP 	eyetracker.setRecordingState(False)
71.3534 	EXP 	eyetracker.setRecordingState(False)
71.3615 	EXP 	eyetracker.setRecordingState(False)
71.3690 	EXP 	eyetracker.setRecordingState(False)
71.3770 	EXP 	eyetracker.setRecordingState(False)
71.3849 	EXP 	eyetracker.setRecordingState(False)
71.3928 	EXP 	eyetracker.setRecordingState(False)
71.4012 	EXP 	eyetracker.setRecordingState(False)
71.4077 	EXP 	eyetracker.setRecordingState(False)
71.4140 	EXP 	eyetracker.setRecordingState(False)
71.4220 	EXP 	eyetracker.setRecordingState(False)
71.4288 	EXP 	eyetracker.setRecordingState(False)
71.4382 	EXP 	eyetracker.setRecordingState(False)
71.4463 	EXP 	eyetracker.setRecordingState(False)
71.4534 	EXP 	eyetracker.setRecordingState(False)
71.4610 	EXP 	eyetracker.setRecordingState(False)
71.4676 	EXP 	eyetracker.setRecordingState(False)
71.4747 	EXP 	eyetracker.setRecordingState(False)
71.4815 	EXP 	eyetracker.setRecordingState(False)
71.4888 	EXP 	eyetracker.setRecordingState(False)
71.4954 	EXP 	eyetracker.setRecordingState(False)
71.5025 	EXP 	eyetracker.setRecordingState(False)
71.5099 	EXP 	eyetracker.setRecordingState(False)
71.5167 	EXP 	eyetracker.setRecordingState(False)
71.5233 	EXP 	eyetracker.setRecordingState(False)
71.5295 	EXP 	eyetracker.setRecordingState(False)
71.5362 	EXP 	eyetracker.setRecordingState(False)
71.5434 	EXP 	eyetracker.setRecordingState(False)
71.5506 	EXP 	eyetracker.setRecordingState(False)
71.5579 	EXP 	eyetracker.setRecordingState(False)
71.5653 	EXP 	eyetracker.setRecordingState(False)
71.5727 	EXP 	eyetracker.setRecordingState(False)
71.5811 	EXP 	eyetracker.setRecordingState(False)
71.5886 	EXP 	eyetracker.setRecordingState(False)
71.5981 	EXP 	eyetracker.setRecordingState(False)
71.6075 	EXP 	eyetracker.setRecordingState(False)
71.6176 	EXP 	eyetracker.setRecordingState(False)
71.6286 	EXP 	eyetracker.setRecordingState(False)
71.6383 	EXP 	eyetracker.setRecordingState(False)
71.6493 	EXP 	eyetracker.setRecordingState(False)
71.6574 	EXP 	eyetracker.setRecordingState(False)
71.6657 	EXP 	eyetracker.setRecordingState(False)
71.6753 	EXP 	eyetracker.setRecordingState(False)
71.6832 	EXP 	eyetracker.setRecordingState(False)
71.6906 	EXP 	eyetracker.setRecordingState(False)
71.6982 	EXP 	eyetracker.setRecordingState(False)
71.7065 	EXP 	eyetracker.setRecordingState(False)
71.7147 	EXP 	eyetracker.setRecordingState(False)
71.7237 	EXP 	eyetracker.setRecordingState(False)
71.7335 	EXP 	eyetracker.setRecordingState(False)
71.7426 	EXP 	eyetracker.setRecordingState(False)
71.7512 	EXP 	eyetracker.setRecordingState(False)
71.7615 	EXP 	eyetracker.setRecordingState(False)
71.7699 	EXP 	eyetracker.setRecordingState(False)
71.7778 	EXP 	eyetracker.setRecordingState(False)
71.7852 	EXP 	eyetracker.setRecordingState(False)
71.7926 	EXP 	eyetracker.setRecordingState(False)
71.8020 	EXP 	eyetracker.setRecordingState(False)
71.8100 	EXP 	eyetracker.setRecordingState(False)
71.8178 	EXP 	eyetracker.setRecordingState(False)
71.8273 	EXP 	eyetracker.setRecordingState(False)
71.8387 	EXP 	eyetracker.setRecordingState(False)
71.8501 	EXP 	eyetracker.setRecordingState(False)
71.8608 	EXP 	eyetracker.setRecordingState(False)
71.8735 	EXP 	eyetracker.setRecordingState(False)
71.8841 	EXP 	eyetracker.setRecordingState(False)
71.8951 	EXP 	eyetracker.setRecordingState(False)
71.9073 	EXP 	eyetracker.setRecordingState(False)
71.9177 	EXP 	eyetracker.setRecordingState(False)
71.9285 	EXP 	eyetracker.setRecordingState(False)
71.9384 	EXP 	eyetracker.setRecordingState(False)
71.9506 	EXP 	eyetracker.setRecordingState(False)
71.9608 	EXP 	eyetracker.setRecordingState(False)
71.9703 	EXP 	eyetracker.setRecordingState(False)
71.9822 	EXP 	eyetracker.setRecordingState(False)
71.9924 	EXP 	eyetracker.setRecordingState(False)
72.0006 	EXP 	eyetracker.setRecordingState(False)
72.0122 	EXP 	eyetracker.setRecordingState(False)
72.0215 	EXP 	eyetracker.setRecordingState(False)
72.0308 	EXP 	eyetracker.setRecordingState(False)
72.0403 	EXP 	eyetracker.setRecordingState(False)
72.0493 	EXP 	eyetracker.setRecordingState(False)
72.0616 	EXP 	eyetracker.setRecordingState(False)
72.0708 	EXP 	eyetracker.setRecordingState(False)
72.0798 	EXP 	eyetracker.setRecordingState(False)
72.0913 	EXP 	eyetracker.setRecordingState(False)
72.1012 	EXP 	eyetracker.setRecordingState(False)
72.1108 	EXP 	eyetracker.setRecordingState(False)
72.1208 	EXP 	eyetracker.setRecordingState(False)
72.1322 	EXP 	eyetracker.setRecordingState(False)
72.1434 	EXP 	eyetracker.setRecordingState(False)
72.1548 	EXP 	eyetracker.setRecordingState(False)
72.1645 	EXP 	eyetracker.setRecordingState(False)
72.1744 	EXP 	eyetracker.setRecordingState(False)
72.1852 	EXP 	eyetracker.setRecordingState(False)
72.1945 	EXP 	eyetracker.setRecordingState(False)
72.2041 	EXP 	eyetracker.setRecordingState(False)
72.2147 	EXP 	eyetracker.setRecordingState(False)
72.2247 	EXP 	eyetracker.setRecordingState(False)
72.2369 	EXP 	eyetracker.setRecordingState(False)
72.2459 	EXP 	eyetracker.setRecordingState(False)
72.2546 	EXP 	eyetracker.setRecordingState(False)
72.2621 	EXP 	eyetracker.setRecordingState(False)
72.2712 	EXP 	eyetracker.setRecordingState(False)
72.2813 	EXP 	eyetracker.setRecordingState(False)
72.2931 	EXP 	eyetracker.setRecordingState(False)
72.3064 	EXP 	eyetracker.setRecordingState(False)
72.3175 	EXP 	eyetracker.setRecordingState(False)
72.3260 	EXP 	eyetracker.setRecordingState(False)
72.3345 	EXP 	eyetracker.setRecordingState(False)
72.3438 	EXP 	eyetracker.setRecordingState(False)
72.3529 	EXP 	eyetracker.setRecordingState(False)
72.3606 	EXP 	eyetracker.setRecordingState(False)
72.3686 	EXP 	eyetracker.setRecordingState(False)
72.3757 	EXP 	eyetracker.setRecordingState(False)
72.3830 	EXP 	eyetracker.setRecordingState(False)
72.3903 	EXP 	eyetracker.setRecordingState(False)
72.3976 	EXP 	eyetracker.setRecordingState(False)
72.4048 	EXP 	eyetracker.setRecordingState(False)
72.4127 	EXP 	eyetracker.setRecordingState(False)
72.4199 	EXP 	eyetracker.setRecordingState(False)
72.4280 	EXP 	eyetracker.setRecordingState(False)
72.4363 	EXP 	eyetracker.setRecordingState(False)
72.4441 	EXP 	eyetracker.setRecordingState(False)
72.4525 	EXP 	eyetracker.setRecordingState(False)
72.4605 	EXP 	eyetracker.setRecordingState(False)
72.4681 	EXP 	eyetracker.setRecordingState(False)
72.4778 	EXP 	eyetracker.setRecordingState(False)
72.4871 	EXP 	eyetracker.setRecordingState(False)
72.4961 	EXP 	eyetracker.setRecordingState(False)
72.5063 	EXP 	eyetracker.setRecordingState(False)
72.5150 	EXP 	eyetracker.setRecordingState(False)
72.5232 	EXP 	eyetracker.setRecordingState(False)
72.5350 	EXP 	eyetracker.setRecordingState(False)
72.5433 	EXP 	eyetracker.setRecordingState(False)
72.5538 	EXP 	eyetracker.setRecordingState(False)
72.5638 	EXP 	eyetracker.setRecordingState(False)
72.5724 	EXP 	eyetracker.setRecordingState(False)
72.5827 	EXP 	eyetracker.setRecordingState(False)
72.5911 	EXP 	eyetracker.setRecordingState(False)
72.5993 	EXP 	eyetracker.setRecordingState(False)
72.6074 	EXP 	eyetracker.setRecordingState(False)
72.6153 	EXP 	eyetracker.setRecordingState(False)
72.6229 	EXP 	eyetracker.setRecordingState(False)
72.6324 	EXP 	eyetracker.setRecordingState(False)
72.6410 	EXP 	eyetracker.setRecordingState(False)
72.6499 	EXP 	eyetracker.setRecordingState(False)
72.6607 	EXP 	eyetracker.setRecordingState(False)
72.6698 	EXP 	eyetracker.setRecordingState(False)
72.6788 	EXP 	eyetracker.setRecordingState(False)
72.6877 	EXP 	eyetracker.setRecordingState(False)
72.6993 	EXP 	eyetracker.setRecordingState(False)
72.7091 	EXP 	eyetracker.setRecordingState(False)
72.7186 	EXP 	eyetracker.setRecordingState(False)
72.7308 	EXP 	eyetracker.setRecordingState(False)
72.7404 	EXP 	eyetracker.setRecordingState(False)
72.7498 	EXP 	eyetracker.setRecordingState(False)
72.7584 	EXP 	eyetracker.setRecordingState(False)
72.7676 	EXP 	eyetracker.setRecordingState(False)
72.7735 	EXP 	eyetracker.setRecordingState(False)
72.7812 	EXP 	eyetracker.setRecordingState(False)
72.7872 	EXP 	eyetracker.setRecordingState(False)
72.7933 	EXP 	eyetracker.setRecordingState(False)
72.7996 	EXP 	eyetracker.setRecordingState(False)
72.8060 	EXP 	eyetracker.setRecordingState(False)
72.8132 	EXP 	eyetracker.setRecordingState(False)
72.8201 	EXP 	eyetracker.setRecordingState(False)
72.8271 	EXP 	eyetracker.setRecordingState(False)
72.8348 	EXP 	eyetracker.setRecordingState(False)
72.8425 	EXP 	eyetracker.setRecordingState(False)
72.8498 	EXP 	eyetracker.setRecordingState(False)
72.8577 	EXP 	eyetracker.setRecordingState(False)
72.8692 	EXP 	eyetracker.setRecordingState(False)
72.8789 	EXP 	eyetracker.setRecordingState(False)
72.8873 	EXP 	eyetracker.setRecordingState(False)
72.8965 	EXP 	eyetracker.setRecordingState(False)
72.9060 	EXP 	eyetracker.setRecordingState(False)
72.9142 	EXP 	eyetracker.setRecordingState(False)
72.9227 	EXP 	eyetracker.setRecordingState(False)
72.9337 	EXP 	eyetracker.setRecordingState(False)
72.9424 	EXP 	eyetracker.setRecordingState(False)
72.9508 	EXP 	eyetracker.setRecordingState(False)
72.9610 	EXP 	eyetracker.setRecordingState(False)
72.9720 	EXP 	eyetracker.setRecordingState(False)
72.9825 	EXP 	eyetracker.setRecordingState(False)
72.9920 	EXP 	eyetracker.setRecordingState(False)
73.0025 	EXP 	eyetracker.setRecordingState(False)
73.0117 	EXP 	eyetracker.setRecordingState(False)
73.0227 	EXP 	eyetracker.setRecordingState(False)
73.0325 	EXP 	eyetracker.setRecordingState(False)
73.0438 	EXP 	eyetracker.setRecordingState(False)
73.0532 	EXP 	eyetracker.setRecordingState(False)
73.0624 	EXP 	eyetracker.setRecordingState(False)
73.0720 	EXP 	eyetracker.setRecordingState(False)
73.0821 	EXP 	eyetracker.setRecordingState(False)
73.0925 	EXP 	eyetracker.setRecordingState(False)
73.1000 	EXP 	eyetracker.setRecordingState(False)
73.1085 	EXP 	eyetracker.setRecordingState(False)
73.1167 	EXP 	eyetracker.setRecordingState(False)
73.1251 	EXP 	eyetracker.setRecordingState(False)
73.1365 	EXP 	eyetracker.setRecordingState(False)
73.1471 	EXP 	eyetracker.setRecordingState(False)
73.1558 	EXP 	eyetracker.setRecordingState(False)
73.1646 	EXP 	eyetracker.setRecordingState(False)
73.1733 	EXP 	eyetracker.setRecordingState(False)
73.1828 	EXP 	eyetracker.setRecordingState(False)
73.1927 	EXP 	eyetracker.setRecordingState(False)
73.2007 	EXP 	eyetracker.setRecordingState(False)
73.2117 	EXP 	eyetracker.setRecordingState(False)
73.2201 	EXP 	eyetracker.setRecordingState(False)
73.2291 	EXP 	eyetracker.setRecordingState(False)
73.2367 	EXP 	eyetracker.setRecordingState(False)
73.2460 	EXP 	eyetracker.setRecordingState(False)
73.2561 	EXP 	eyetracker.setRecordingState(False)
73.2638 	EXP 	eyetracker.setRecordingState(False)
73.2711 	EXP 	eyetracker.setRecordingState(False)
73.2800 	EXP 	eyetracker.setRecordingState(False)
73.2889 	EXP 	eyetracker.setRecordingState(False)
73.2966 	EXP 	eyetracker.setRecordingState(False)
73.3051 	EXP 	eyetracker.setRecordingState(False)
73.3143 	EXP 	eyetracker.setRecordingState(False)
73.3234 	EXP 	eyetracker.setRecordingState(False)
73.3309 	EXP 	eyetracker.setRecordingState(False)
73.3390 	EXP 	eyetracker.setRecordingState(False)
73.3477 	EXP 	eyetracker.setRecordingState(False)
73.3556 	EXP 	eyetracker.setRecordingState(False)
73.3658 	EXP 	eyetracker.setRecordingState(False)
73.3743 	EXP 	eyetracker.setRecordingState(False)
73.3852 	EXP 	eyetracker.setRecordingState(False)
73.3949 	EXP 	eyetracker.setRecordingState(False)
73.4016 	EXP 	eyetracker.setRecordingState(False)
73.4083 	EXP 	eyetracker.setRecordingState(False)
73.4150 	EXP 	eyetracker.setRecordingState(False)
73.4208 	EXP 	eyetracker.setRecordingState(False)
73.4274 	EXP 	eyetracker.setRecordingState(False)
73.4337 	EXP 	eyetracker.setRecordingState(False)
73.4414 	EXP 	eyetracker.setRecordingState(False)
73.4496 	EXP 	eyetracker.setRecordingState(False)
73.4570 	EXP 	eyetracker.setRecordingState(False)
73.4637 	EXP 	eyetracker.setRecordingState(False)
73.4721 	EXP 	eyetracker.setRecordingState(False)
73.4788 	EXP 	eyetracker.setRecordingState(False)
73.4850 	EXP 	eyetracker.setRecordingState(False)
73.4921 	EXP 	eyetracker.setRecordingState(False)
73.4990 	EXP 	eyetracker.setRecordingState(False)
73.5066 	EXP 	eyetracker.setRecordingState(False)
73.5136 	EXP 	eyetracker.setRecordingState(False)
73.5217 	EXP 	eyetracker.setRecordingState(False)
73.5307 	EXP 	eyetracker.setRecordingState(False)
73.5413 	EXP 	eyetracker.setRecordingState(False)
73.5504 	EXP 	eyetracker.setRecordingState(False)
73.5590 	EXP 	eyetracker.setRecordingState(False)
73.5688 	EXP 	eyetracker.setRecordingState(False)
73.5772 	EXP 	eyetracker.setRecordingState(False)
73.5859 	EXP 	eyetracker.setRecordingState(False)
73.5971 	EXP 	eyetracker.setRecordingState(False)
73.6063 	EXP 	eyetracker.setRecordingState(False)
73.6159 	EXP 	eyetracker.setRecordingState(False)
73.6246 	EXP 	eyetracker.setRecordingState(False)
73.6329 	EXP 	eyetracker.setRecordingState(False)
73.6400 	EXP 	eyetracker.setRecordingState(False)
73.6493 	EXP 	eyetracker.setRecordingState(False)
73.6587 	EXP 	eyetracker.setRecordingState(False)
73.6684 	EXP 	eyetracker.setRecordingState(False)
73.6775 	EXP 	eyetracker.setRecordingState(False)
73.6860 	EXP 	eyetracker.setRecordingState(False)
73.6944 	EXP 	eyetracker.setRecordingState(False)
73.7020 	EXP 	eyetracker.setRecordingState(False)
73.7099 	EXP 	eyetracker.setRecordingState(False)
73.7192 	EXP 	eyetracker.setRecordingState(False)
73.7296 	EXP 	eyetracker.setRecordingState(False)
73.7387 	EXP 	eyetracker.setRecordingState(False)
73.7481 	EXP 	eyetracker.setRecordingState(False)
73.7570 	EXP 	eyetracker.setRecordingState(False)
73.7644 	EXP 	eyetracker.setRecordingState(False)
73.7715 	EXP 	eyetracker.setRecordingState(False)
73.7780 	EXP 	eyetracker.setRecordingState(False)
73.7848 	EXP 	eyetracker.setRecordingState(False)
73.7929 	EXP 	eyetracker.setRecordingState(False)
73.8000 	EXP 	eyetracker.setRecordingState(False)
73.8071 	EXP 	eyetracker.setRecordingState(False)
73.8134 	EXP 	eyetracker.setRecordingState(False)
73.8199 	EXP 	eyetracker.setRecordingState(False)
73.8263 	EXP 	eyetracker.setRecordingState(False)
73.8334 	EXP 	eyetracker.setRecordingState(False)
73.8410 	EXP 	eyetracker.setRecordingState(False)
73.8493 	EXP 	eyetracker.setRecordingState(False)
73.8583 	EXP 	eyetracker.setRecordingState(False)
73.8677 	EXP 	eyetracker.setRecordingState(False)
73.8769 	EXP 	eyetracker.setRecordingState(False)
73.8870 	EXP 	eyetracker.setRecordingState(False)
73.8961 	EXP 	eyetracker.setRecordingState(False)
73.9032 	EXP 	eyetracker.setRecordingState(False)
73.9108 	EXP 	eyetracker.setRecordingState(False)
73.9198 	EXP 	eyetracker.setRecordingState(False)
73.9289 	EXP 	eyetracker.setRecordingState(False)
73.9366 	EXP 	eyetracker.setRecordingState(False)
73.9446 	EXP 	eyetracker.setRecordingState(False)
73.9521 	EXP 	eyetracker.setRecordingState(False)
73.9598 	EXP 	eyetracker.setRecordingState(False)
73.9682 	EXP 	eyetracker.setRecordingState(False)
73.9789 	EXP 	eyetracker.setRecordingState(False)
73.9872 	EXP 	eyetracker.setRecordingState(False)
73.9948 	EXP 	eyetracker.setRecordingState(False)
74.0025 	EXP 	eyetracker.setRecordingState(False)
74.0102 	EXP 	eyetracker.setRecordingState(False)
74.0188 	EXP 	eyetracker.setRecordingState(False)
74.0264 	EXP 	eyetracker.setRecordingState(False)
74.0351 	EXP 	eyetracker.setRecordingState(False)
74.0435 	EXP 	eyetracker.setRecordingState(False)
74.0525 	EXP 	eyetracker.setRecordingState(False)
74.0625 	EXP 	eyetracker.setRecordingState(False)
74.0717 	EXP 	eyetracker.setRecordingState(False)
74.0790 	EXP 	eyetracker.setRecordingState(False)
74.0880 	EXP 	eyetracker.setRecordingState(False)
74.0964 	EXP 	eyetracker.setRecordingState(False)
74.1043 	EXP 	eyetracker.setRecordingState(False)
74.1111 	EXP 	eyetracker.setRecordingState(False)
74.1174 	EXP 	eyetracker.setRecordingState(False)
74.1245 	EXP 	eyetracker.setRecordingState(False)
74.1323 	EXP 	eyetracker.setRecordingState(False)
74.1392 	EXP 	eyetracker.setRecordingState(False)
74.1468 	EXP 	eyetracker.setRecordingState(False)
74.1543 	EXP 	eyetracker.setRecordingState(False)
74.1621 	EXP 	eyetracker.setRecordingState(False)
74.1707 	EXP 	eyetracker.setRecordingState(False)
74.1815 	EXP 	eyetracker.setRecordingState(False)
74.1907 	EXP 	eyetracker.setRecordingState(False)
74.2004 	EXP 	eyetracker.setRecordingState(False)
74.2108 	EXP 	eyetracker.setRecordingState(False)
74.2205 	EXP 	eyetracker.setRecordingState(False)
74.2304 	EXP 	eyetracker.setRecordingState(False)
74.2394 	EXP 	eyetracker.setRecordingState(False)
74.2480 	EXP 	eyetracker.setRecordingState(False)
74.2574 	EXP 	eyetracker.setRecordingState(False)
74.2670 	EXP 	eyetracker.setRecordingState(False)
74.2774 	EXP 	eyetracker.setRecordingState(False)
74.2883 	EXP 	eyetracker.setRecordingState(False)
74.2976 	EXP 	eyetracker.setRecordingState(False)
74.3084 	EXP 	eyetracker.setRecordingState(False)
74.3191 	EXP 	eyetracker.setRecordingState(False)
74.3281 	EXP 	eyetracker.setRecordingState(False)
74.3378 	EXP 	eyetracker.setRecordingState(False)
74.3499 	EXP 	eyetracker.setRecordingState(False)
74.3593 	EXP 	eyetracker.setRecordingState(False)
74.3717 	EXP 	eyetracker.setRecordingState(False)
74.3813 	EXP 	eyetracker.setRecordingState(False)
74.3928 	EXP 	eyetracker.setRecordingState(False)
74.4039 	EXP 	eyetracker.setRecordingState(False)
74.4128 	EXP 	eyetracker.setRecordingState(False)
74.4220 	EXP 	eyetracker.setRecordingState(False)
74.4335 	EXP 	eyetracker.setRecordingState(False)
74.4425 	EXP 	eyetracker.setRecordingState(False)
74.4530 	EXP 	eyetracker.setRecordingState(False)
74.4624 	EXP 	eyetracker.setRecordingState(False)
74.4707 	EXP 	eyetracker.setRecordingState(False)
74.4779 	EXP 	eyetracker.setRecordingState(False)
74.4848 	EXP 	eyetracker.setRecordingState(False)
74.4913 	EXP 	eyetracker.setRecordingState(False)
74.4974 	EXP 	eyetracker.setRecordingState(False)
74.5041 	EXP 	eyetracker.setRecordingState(False)
74.5108 	EXP 	eyetracker.setRecordingState(False)
74.5193 	EXP 	eyetracker.setRecordingState(False)
74.5277 	EXP 	eyetracker.setRecordingState(False)
74.5389 	EXP 	eyetracker.setRecordingState(False)
74.5470 	EXP 	eyetracker.setRecordingState(False)
74.5546 	EXP 	eyetracker.setRecordingState(False)
74.5627 	EXP 	eyetracker.setRecordingState(False)
74.5717 	EXP 	eyetracker.setRecordingState(False)
74.5779 	EXP 	eyetracker.setRecordingState(False)
74.5849 	EXP 	eyetracker.setRecordingState(False)
74.5912 	EXP 	eyetracker.setRecordingState(False)
74.5979 	EXP 	eyetracker.setRecordingState(False)
74.6042 	EXP 	eyetracker.setRecordingState(False)
74.6134 	EXP 	eyetracker.setRecordingState(False)
74.6207 	EXP 	eyetracker.setRecordingState(False)
74.6279 	EXP 	eyetracker.setRecordingState(False)
74.6348 	EXP 	eyetracker.setRecordingState(False)
74.6429 	EXP 	eyetracker.setRecordingState(False)
74.6503 	EXP 	eyetracker.setRecordingState(False)
74.6572 	EXP 	eyetracker.setRecordingState(False)
74.6647 	EXP 	eyetracker.setRecordingState(False)
74.6729 	EXP 	eyetracker.setRecordingState(False)
74.6813 	EXP 	eyetracker.setRecordingState(False)
74.6878 	EXP 	eyetracker.setRecordingState(False)
74.6942 	EXP 	eyetracker.setRecordingState(False)
74.7011 	EXP 	eyetracker.setRecordingState(False)
74.7081 	EXP 	eyetracker.setRecordingState(False)
74.7146 	EXP 	eyetracker.setRecordingState(False)
74.7202 	EXP 	eyetracker.setRecordingState(False)
74.7264 	EXP 	eyetracker.setRecordingState(False)
74.7328 	EXP 	eyetracker.setRecordingState(False)
74.7396 	EXP 	eyetracker.setRecordingState(False)
74.7460 	EXP 	eyetracker.setRecordingState(False)
74.7532 	EXP 	eyetracker.setRecordingState(False)
74.7604 	EXP 	eyetracker.setRecordingState(False)
74.7672 	EXP 	eyetracker.setRecordingState(False)
74.7741 	EXP 	eyetracker.setRecordingState(False)
74.7814 	EXP 	eyetracker.setRecordingState(False)
74.7885 	EXP 	eyetracker.setRecordingState(False)
74.7954 	EXP 	eyetracker.setRecordingState(False)
74.8025 	EXP 	eyetracker.setRecordingState(False)
74.8093 	EXP 	eyetracker.setRecordingState(False)
74.8168 	EXP 	eyetracker.setRecordingState(False)
74.8242 	EXP 	eyetracker.setRecordingState(False)
74.8336 	EXP 	eyetracker.setRecordingState(False)
74.8427 	EXP 	eyetracker.setRecordingState(False)
74.8520 	EXP 	eyetracker.setRecordingState(False)
74.8614 	EXP 	eyetracker.setRecordingState(False)
74.8711 	EXP 	eyetracker.setRecordingState(False)
74.8811 	EXP 	eyetracker.setRecordingState(False)
74.8907 	EXP 	eyetracker.setRecordingState(False)
74.9020 	EXP 	eyetracker.setRecordingState(False)
74.9109 	EXP 	eyetracker.setRecordingState(False)
74.9200 	EXP 	eyetracker.setRecordingState(False)
74.9302 	EXP 	eyetracker.setRecordingState(False)
74.9392 	EXP 	eyetracker.setRecordingState(False)
74.9501 	EXP 	eyetracker.setRecordingState(False)
74.9590 	EXP 	eyetracker.setRecordingState(False)
74.9679 	EXP 	eyetracker.setRecordingState(False)
74.9785 	EXP 	eyetracker.setRecordingState(False)
74.9883 	EXP 	eyetracker.setRecordingState(False)
74.9995 	EXP 	eyetracker.setRecordingState(False)
75.0110 	EXP 	eyetracker.setRecordingState(False)
75.0216 	EXP 	eyetracker.setRecordingState(False)
75.0316 	EXP 	eyetracker.setRecordingState(False)
75.0419 	EXP 	eyetracker.setRecordingState(False)
75.0510 	EXP 	eyetracker.setRecordingState(False)
75.0614 	EXP 	eyetracker.setRecordingState(False)
75.0735 	EXP 	eyetracker.setRecordingState(False)
75.0829 	EXP 	eyetracker.setRecordingState(False)
75.0915 	EXP 	eyetracker.setRecordingState(False)
75.0995 	EXP 	eyetracker.setRecordingState(False)
75.1090 	EXP 	eyetracker.setRecordingState(False)
75.1178 	EXP 	eyetracker.setRecordingState(False)
75.1263 	EXP 	eyetracker.setRecordingState(False)
75.1377 	EXP 	eyetracker.setRecordingState(False)
75.1474 	EXP 	eyetracker.setRecordingState(False)
75.1576 	EXP 	eyetracker.setRecordingState(False)
75.1678 	EXP 	eyetracker.setRecordingState(False)
75.1782 	EXP 	eyetracker.setRecordingState(False)
75.1880 	EXP 	eyetracker.setRecordingState(False)
75.1979 	EXP 	eyetracker.setRecordingState(False)
75.2086 	EXP 	eyetracker.setRecordingState(False)
75.2206 	EXP 	eyetracker.setRecordingState(False)
75.2307 	EXP 	eyetracker.setRecordingState(False)
75.2401 	EXP 	eyetracker.setRecordingState(False)
75.2489 	EXP 	eyetracker.setRecordingState(False)
75.2565 	EXP 	eyetracker.setRecordingState(False)
75.2639 	EXP 	eyetracker.setRecordingState(False)
75.2724 	EXP 	eyetracker.setRecordingState(False)
75.2810 	EXP 	eyetracker.setRecordingState(False)
75.2895 	EXP 	eyetracker.setRecordingState(False)
75.2970 	EXP 	eyetracker.setRecordingState(False)
75.3063 	EXP 	eyetracker.setRecordingState(False)
75.3143 	EXP 	eyetracker.setRecordingState(False)
75.3241 	EXP 	eyetracker.setRecordingState(False)
75.3351 	EXP 	eyetracker.setRecordingState(False)
75.3457 	EXP 	eyetracker.setRecordingState(False)
75.3555 	EXP 	eyetracker.setRecordingState(False)
75.3635 	EXP 	eyetracker.setRecordingState(False)
75.3729 	EXP 	eyetracker.setRecordingState(False)
75.3832 	EXP 	eyetracker.setRecordingState(False)
75.3946 	EXP 	eyetracker.setRecordingState(False)
75.4045 	EXP 	eyetracker.setRecordingState(False)
75.4147 	EXP 	eyetracker.setRecordingState(False)
75.4240 	EXP 	eyetracker.setRecordingState(False)
75.4322 	EXP 	eyetracker.setRecordingState(False)
75.4402 	EXP 	eyetracker.setRecordingState(False)
75.4498 	EXP 	eyetracker.setRecordingState(False)
75.4602 	EXP 	eyetracker.setRecordingState(False)
75.4709 	EXP 	eyetracker.setRecordingState(False)
75.4814 	EXP 	eyetracker.setRecordingState(False)
75.4906 	EXP 	eyetracker.setRecordingState(False)
75.5005 	EXP 	eyetracker.setRecordingState(False)
75.5090 	EXP 	eyetracker.setRecordingState(False)
75.5201 	EXP 	eyetracker.setRecordingState(False)
75.5288 	EXP 	eyetracker.setRecordingState(False)
75.5377 	EXP 	eyetracker.setRecordingState(False)
75.5475 	EXP 	eyetracker.setRecordingState(False)
75.5582 	EXP 	eyetracker.setRecordingState(False)
75.5691 	EXP 	eyetracker.setRecordingState(False)
75.5788 	EXP 	eyetracker.setRecordingState(False)
75.5898 	EXP 	eyetracker.setRecordingState(False)
75.6040 	EXP 	eyetracker.setRecordingState(False)
75.6138 	EXP 	eyetracker.setRecordingState(False)
75.6246 	EXP 	eyetracker.setRecordingState(False)
75.6353 	EXP 	eyetracker.setRecordingState(False)
75.6444 	EXP 	eyetracker.setRecordingState(False)
75.6542 	EXP 	eyetracker.setRecordingState(False)
75.6640 	EXP 	eyetracker.setRecordingState(False)
75.6723 	EXP 	eyetracker.setRecordingState(False)
75.6828 	EXP 	eyetracker.setRecordingState(False)
75.6914 	EXP 	eyetracker.setRecordingState(False)
75.6999 	EXP 	eyetracker.setRecordingState(False)
75.7094 	EXP 	eyetracker.setRecordingState(False)
75.7176 	EXP 	eyetracker.setRecordingState(False)
75.7264 	EXP 	eyetracker.setRecordingState(False)
75.7333 	EXP 	eyetracker.setRecordingState(False)
75.7408 	EXP 	eyetracker.setRecordingState(False)
75.7477 	EXP 	eyetracker.setRecordingState(False)
75.7572 	EXP 	eyetracker.setRecordingState(False)
75.7659 	EXP 	eyetracker.setRecordingState(False)
75.7752 	EXP 	eyetracker.setRecordingState(False)
75.7859 	EXP 	eyetracker.setRecordingState(False)
75.7954 	EXP 	eyetracker.setRecordingState(False)
75.8048 	EXP 	eyetracker.setRecordingState(False)
75.8160 	EXP 	eyetracker.setRecordingState(False)
75.8247 	EXP 	eyetracker.setRecordingState(False)
75.8339 	EXP 	eyetracker.setRecordingState(False)
75.8433 	EXP 	eyetracker.setRecordingState(False)
75.8515 	EXP 	eyetracker.setRecordingState(False)
75.8606 	EXP 	eyetracker.setRecordingState(False)
75.8708 	EXP 	eyetracker.setRecordingState(False)
75.8792 	EXP 	eyetracker.setRecordingState(False)
75.8866 	EXP 	eyetracker.setRecordingState(False)
75.8956 	EXP 	eyetracker.setRecordingState(False)
75.9044 	EXP 	eyetracker.setRecordingState(False)
75.9115 	EXP 	eyetracker.setRecordingState(False)
75.9194 	EXP 	eyetracker.setRecordingState(False)
75.9283 	EXP 	eyetracker.setRecordingState(False)
75.9372 	EXP 	eyetracker.setRecordingState(False)
75.9462 	EXP 	eyetracker.setRecordingState(False)
75.9560 	EXP 	eyetracker.setRecordingState(False)
75.9650 	EXP 	eyetracker.setRecordingState(False)
75.9761 	EXP 	eyetracker.setRecordingState(False)
75.9858 	EXP 	eyetracker.setRecordingState(False)
75.9956 	EXP 	eyetracker.setRecordingState(False)
76.0038 	EXP 	eyetracker.setRecordingState(False)
76.0118 	EXP 	eyetracker.setRecordingState(False)
76.0201 	EXP 	eyetracker.setRecordingState(False)
76.0293 	EXP 	eyetracker.setRecordingState(False)
76.0391 	EXP 	eyetracker.setRecordingState(False)
76.0508 	EXP 	eyetracker.setRecordingState(False)
76.0614 	EXP 	eyetracker.setRecordingState(False)
76.0732 	EXP 	eyetracker.setRecordingState(False)
76.0836 	EXP 	eyetracker.setRecordingState(False)
76.0941 	EXP 	eyetracker.setRecordingState(False)
76.1045 	EXP 	eyetracker.setRecordingState(False)
76.1175 	EXP 	eyetracker.setRecordingState(False)
76.1285 	EXP 	eyetracker.setRecordingState(False)
76.1385 	EXP 	eyetracker.setRecordingState(False)
76.1487 	EXP 	eyetracker.setRecordingState(False)
76.1589 	EXP 	eyetracker.setRecordingState(False)
76.1705 	EXP 	eyetracker.setRecordingState(False)
76.1804 	EXP 	eyetracker.setRecordingState(False)
76.1917 	EXP 	eyetracker.setRecordingState(False)
76.2023 	EXP 	eyetracker.setRecordingState(False)
76.2126 	EXP 	eyetracker.setRecordingState(False)
76.2234 	EXP 	eyetracker.setRecordingState(False)
76.2340 	EXP 	eyetracker.setRecordingState(False)
76.2438 	EXP 	eyetracker.setRecordingState(False)
76.2549 	EXP 	eyetracker.setRecordingState(False)
76.2657 	EXP 	eyetracker.setRecordingState(False)
76.2761 	EXP 	eyetracker.setRecordingState(False)
76.2853 	EXP 	eyetracker.setRecordingState(False)
76.2945 	EXP 	eyetracker.setRecordingState(False)
76.3049 	EXP 	eyetracker.setRecordingState(False)
76.3143 	EXP 	eyetracker.setRecordingState(False)
76.3250 	EXP 	eyetracker.setRecordingState(False)
76.3352 	EXP 	eyetracker.setRecordingState(False)
76.3454 	EXP 	eyetracker.setRecordingState(False)
76.3558 	EXP 	eyetracker.setRecordingState(False)
76.3649 	EXP 	eyetracker.setRecordingState(False)
76.3745 	EXP 	eyetracker.setRecordingState(False)
76.3829 	EXP 	eyetracker.setRecordingState(False)
76.3895 	EXP 	eyetracker.setRecordingState(False)
76.3992 	EXP 	eyetracker.setRecordingState(False)
76.4072 	EXP 	eyetracker.setRecordingState(False)
76.4150 	EXP 	eyetracker.setRecordingState(False)
76.4227 	EXP 	eyetracker.setRecordingState(False)
76.4294 	EXP 	eyetracker.setRecordingState(False)
76.4357 	EXP 	eyetracker.setRecordingState(False)
76.4427 	EXP 	eyetracker.setRecordingState(False)
76.4499 	EXP 	eyetracker.setRecordingState(False)
76.4580 	EXP 	eyetracker.setRecordingState(False)
76.4667 	EXP 	eyetracker.setRecordingState(False)
76.4779 	EXP 	eyetracker.setRecordingState(False)
76.4873 	EXP 	eyetracker.setRecordingState(False)
76.4964 	EXP 	eyetracker.setRecordingState(False)
76.5066 	EXP 	eyetracker.setRecordingState(False)
76.5165 	EXP 	eyetracker.setRecordingState(False)
76.5268 	EXP 	eyetracker.setRecordingState(False)
76.5368 	EXP 	eyetracker.setRecordingState(False)
76.5480 	EXP 	eyetracker.setRecordingState(False)
76.5577 	EXP 	eyetracker.setRecordingState(False)
76.5684 	EXP 	eyetracker.setRecordingState(False)
76.5775 	EXP 	eyetracker.setRecordingState(False)
76.5878 	EXP 	eyetracker.setRecordingState(False)
76.5986 	EXP 	eyetracker.setRecordingState(False)
76.6108 	EXP 	eyetracker.setRecordingState(False)
76.6228 	EXP 	eyetracker.setRecordingState(False)
76.6337 	EXP 	eyetracker.setRecordingState(False)
76.6442 	EXP 	eyetracker.setRecordingState(False)
76.6542 	EXP 	eyetracker.setRecordingState(False)
76.6654 	EXP 	eyetracker.setRecordingState(False)
76.6743 	EXP 	eyetracker.setRecordingState(False)
76.6832 	EXP 	eyetracker.setRecordingState(False)
76.6915 	EXP 	eyetracker.setRecordingState(False)
76.7024 	EXP 	eyetracker.setRecordingState(False)
76.7117 	EXP 	eyetracker.setRecordingState(False)
76.7219 	EXP 	eyetracker.setRecordingState(False)
76.7310 	EXP 	eyetracker.setRecordingState(False)
76.7396 	EXP 	eyetracker.setRecordingState(False)
76.7478 	EXP 	eyetracker.setRecordingState(False)
76.7570 	EXP 	eyetracker.setRecordingState(False)
76.7663 	EXP 	eyetracker.setRecordingState(False)
76.7759 	EXP 	eyetracker.setRecordingState(False)
76.7857 	EXP 	eyetracker.setRecordingState(False)
76.7957 	EXP 	eyetracker.setRecordingState(False)
76.8076 	EXP 	eyetracker.setRecordingState(False)
76.8204 	EXP 	eyetracker.setRecordingState(False)
76.8309 	EXP 	eyetracker.setRecordingState(False)
76.8424 	EXP 	eyetracker.setRecordingState(False)
76.8521 	EXP 	eyetracker.setRecordingState(False)
76.8631 	EXP 	eyetracker.setRecordingState(False)
76.8727 	EXP 	eyetracker.setRecordingState(False)
76.8839 	EXP 	eyetracker.setRecordingState(False)
76.8942 	EXP 	eyetracker.setRecordingState(False)
76.9049 	EXP 	eyetracker.setRecordingState(False)
76.9158 	EXP 	eyetracker.setRecordingState(False)
76.9255 	EXP 	eyetracker.setRecordingState(False)
76.9346 	EXP 	eyetracker.setRecordingState(False)
76.9444 	EXP 	eyetracker.setRecordingState(False)
76.9544 	EXP 	eyetracker.setRecordingState(False)
76.9658 	EXP 	eyetracker.setRecordingState(False)
76.9762 	EXP 	eyetracker.setRecordingState(False)
76.9891 	EXP 	eyetracker.setRecordingState(False)
77.0002 	EXP 	eyetracker.setRecordingState(False)
77.0106 	EXP 	eyetracker.setRecordingState(False)
77.0206 	EXP 	eyetracker.setRecordingState(False)
77.0311 	EXP 	eyetracker.setRecordingState(False)
77.0409 	EXP 	eyetracker.setRecordingState(False)
77.0512 	EXP 	eyetracker.setRecordingState(False)
77.0611 	EXP 	eyetracker.setRecordingState(False)
77.0716 	EXP 	eyetracker.setRecordingState(False)
77.0814 	EXP 	eyetracker.setRecordingState(False)
77.0906 	EXP 	eyetracker.setRecordingState(False)
77.0995 	EXP 	eyetracker.setRecordingState(False)
77.1091 	EXP 	eyetracker.setRecordingState(False)
77.1183 	EXP 	eyetracker.setRecordingState(False)
77.1279 	EXP 	eyetracker.setRecordingState(False)
77.1381 	EXP 	eyetracker.setRecordingState(False)
77.1488 	EXP 	eyetracker.setRecordingState(False)
77.1584 	EXP 	eyetracker.setRecordingState(False)
77.1700 	EXP 	eyetracker.setRecordingState(False)
77.1793 	EXP 	eyetracker.setRecordingState(False)
77.1880 	EXP 	eyetracker.setRecordingState(False)
77.1980 	EXP 	eyetracker.setRecordingState(False)
77.2100 	EXP 	eyetracker.setRecordingState(False)
77.2194 	EXP 	eyetracker.setRecordingState(False)
77.2286 	EXP 	eyetracker.setRecordingState(False)
77.2392 	EXP 	eyetracker.setRecordingState(False)
77.2483 	EXP 	eyetracker.setRecordingState(False)
77.2594 	EXP 	eyetracker.setRecordingState(False)
77.2705 	EXP 	eyetracker.setRecordingState(False)
77.2804 	EXP 	eyetracker.setRecordingState(False)
77.2892 	EXP 	eyetracker.setRecordingState(False)
77.2975 	EXP 	eyetracker.setRecordingState(False)
77.3049 	EXP 	eyetracker.setRecordingState(False)
77.3139 	EXP 	eyetracker.setRecordingState(False)
77.3231 	EXP 	eyetracker.setRecordingState(False)
77.3344 	EXP 	eyetracker.setRecordingState(False)
77.3432 	EXP 	eyetracker.setRecordingState(False)
77.3524 	EXP 	eyetracker.setRecordingState(False)
77.3629 	EXP 	eyetracker.setRecordingState(False)
77.3725 	EXP 	eyetracker.setRecordingState(False)
77.3831 	EXP 	eyetracker.setRecordingState(False)
77.3925 	EXP 	eyetracker.setRecordingState(False)
77.4021 	EXP 	eyetracker.setRecordingState(False)
77.4110 	EXP 	eyetracker.setRecordingState(False)
77.4194 	EXP 	eyetracker.setRecordingState(False)
77.4288 	EXP 	eyetracker.setRecordingState(False)
77.4392 	EXP 	eyetracker.setRecordingState(False)
77.4481 	EXP 	eyetracker.setRecordingState(False)
77.4603 	EXP 	eyetracker.setRecordingState(False)
77.4699 	EXP 	eyetracker.setRecordingState(False)
77.4797 	EXP 	eyetracker.setRecordingState(False)
77.4919 	EXP 	eyetracker.setRecordingState(False)
77.5041 	EXP 	eyetracker.setRecordingState(False)
77.5145 	EXP 	eyetracker.setRecordingState(False)
77.5261 	EXP 	eyetracker.setRecordingState(False)
77.5374 	EXP 	eyetracker.setRecordingState(False)
77.5481 	EXP 	eyetracker.setRecordingState(False)
77.5596 	EXP 	eyetracker.setRecordingState(False)
77.5706 	EXP 	eyetracker.setRecordingState(False)
77.5808 	EXP 	eyetracker.setRecordingState(False)
77.5908 	EXP 	eyetracker.setRecordingState(False)
77.6037 	EXP 	eyetracker.setRecordingState(False)
77.6151 	EXP 	eyetracker.setRecordingState(False)
77.6255 	EXP 	eyetracker.setRecordingState(False)
77.6372 	EXP 	eyetracker.setRecordingState(False)
77.6472 	EXP 	eyetracker.setRecordingState(False)
77.6584 	EXP 	eyetracker.setRecordingState(False)
77.6675 	EXP 	eyetracker.setRecordingState(False)
77.6765 	EXP 	eyetracker.setRecordingState(False)
77.6855 	EXP 	eyetracker.setRecordingState(False)
77.6932 	EXP 	eyetracker.setRecordingState(False)
77.7021 	EXP 	eyetracker.setRecordingState(False)
77.7127 	EXP 	eyetracker.setRecordingState(False)
77.7233 	EXP 	eyetracker.setRecordingState(False)
77.7322 	EXP 	eyetracker.setRecordingState(False)
77.7435 	EXP 	eyetracker.setRecordingState(False)
77.7515 	EXP 	eyetracker.setRecordingState(False)
77.7616 	EXP 	eyetracker.setRecordingState(False)
77.7725 	EXP 	eyetracker.setRecordingState(False)
77.7834 	EXP 	eyetracker.setRecordingState(False)
77.7935 	EXP 	eyetracker.setRecordingState(False)
77.8040 	EXP 	eyetracker.setRecordingState(False)
77.8131 	EXP 	eyetracker.setRecordingState(False)
77.8232 	EXP 	eyetracker.setRecordingState(False)
77.8354 	EXP 	eyetracker.setRecordingState(False)
77.8460 	EXP 	eyetracker.setRecordingState(False)
77.8558 	EXP 	eyetracker.setRecordingState(False)
77.8669 	EXP 	eyetracker.setRecordingState(False)
77.8772 	EXP 	eyetracker.setRecordingState(False)
77.8886 	EXP 	eyetracker.setRecordingState(False)
77.8991 	EXP 	eyetracker.setRecordingState(False)
77.9113 	EXP 	eyetracker.setRecordingState(False)
77.9199 	EXP 	eyetracker.setRecordingState(False)
77.9293 	EXP 	eyetracker.setRecordingState(False)
77.9380 	EXP 	eyetracker.setRecordingState(False)
77.9458 	EXP 	eyetracker.setRecordingState(False)
77.9534 	EXP 	eyetracker.setRecordingState(False)
77.9613 	EXP 	eyetracker.setRecordingState(False)
77.9694 	EXP 	eyetracker.setRecordingState(False)
77.9767 	EXP 	eyetracker.setRecordingState(False)
77.9828 	EXP 	eyetracker.setRecordingState(False)
77.9895 	EXP 	eyetracker.setRecordingState(False)
77.9981 	EXP 	eyetracker.setRecordingState(False)
78.0079 	EXP 	eyetracker.setRecordingState(False)
78.0184 	EXP 	eyetracker.setRecordingState(False)
78.0282 	EXP 	eyetracker.setRecordingState(False)
78.0388 	EXP 	eyetracker.setRecordingState(False)
78.0476 	EXP 	eyetracker.setRecordingState(False)
78.0580 	EXP 	eyetracker.setRecordingState(False)
78.0720 	EXP 	eyetracker.setRecordingState(False)
78.0807 	EXP 	eyetracker.setRecordingState(False)
78.0918 	EXP 	eyetracker.setRecordingState(False)
78.1010 	EXP 	eyetracker.setRecordingState(False)
78.1120 	EXP 	eyetracker.setRecordingState(False)
78.1274 	EXP 	eyetracker.setRecordingState(False)
78.1402 	EXP 	eyetracker.setRecordingState(False)
78.1527 	EXP 	eyetracker.setRecordingState(False)
78.1680 	EXP 	eyetracker.setRecordingState(False)
78.1881 	EXP 	eyetracker.setRecordingState(False)
78.2019 	EXP 	eyetracker.setRecordingState(False)
78.2191 	EXP 	eyetracker.setRecordingState(False)
78.2376 	EXP 	eyetracker.setRecordingState(False)
78.2510 	EXP 	eyetracker.setRecordingState(False)
78.2645 	EXP 	eyetracker.setRecordingState(False)
78.2774 	EXP 	eyetracker.setRecordingState(False)
78.2895 	EXP 	eyetracker.setRecordingState(False)
78.3036 	EXP 	eyetracker.setRecordingState(False)
78.3171 	EXP 	eyetracker.setRecordingState(False)
78.3327 	EXP 	eyetracker.setRecordingState(False)
78.3470 	EXP 	eyetracker.setRecordingState(False)
78.3628 	EXP 	eyetracker.setRecordingState(False)
78.3769 	EXP 	eyetracker.setRecordingState(False)
78.3910 	EXP 	eyetracker.setRecordingState(False)
78.4032 	EXP 	eyetracker.setRecordingState(False)
78.4148 	EXP 	eyetracker.setRecordingState(False)
78.4277 	EXP 	eyetracker.setRecordingState(False)
78.4401 	EXP 	eyetracker.setRecordingState(False)
78.4514 	EXP 	eyetracker.setRecordingState(False)
78.4633 	EXP 	eyetracker.setRecordingState(False)
78.4755 	EXP 	eyetracker.setRecordingState(False)
78.4878 	EXP 	eyetracker.setRecordingState(False)
78.5015 	EXP 	eyetracker.setRecordingState(False)
78.5151 	EXP 	eyetracker.setRecordingState(False)
78.5266 	EXP 	eyetracker.setRecordingState(False)
78.5375 	EXP 	eyetracker.setRecordingState(False)
78.5480 	EXP 	eyetracker.setRecordingState(False)
78.5606 	EXP 	eyetracker.setRecordingState(False)
78.5705 	EXP 	eyetracker.setRecordingState(False)
78.5809 	EXP 	eyetracker.setRecordingState(False)
78.5910 	EXP 	eyetracker.setRecordingState(False)
78.6022 	EXP 	eyetracker.setRecordingState(False)
78.6115 	EXP 	eyetracker.setRecordingState(False)
78.6207 	EXP 	eyetracker.setRecordingState(False)
78.6299 	EXP 	eyetracker.setRecordingState(False)
78.6397 	EXP 	eyetracker.setRecordingState(False)
78.6494 	EXP 	eyetracker.setRecordingState(False)
78.6573 	EXP 	eyetracker.setRecordingState(False)
78.6670 	EXP 	eyetracker.setRecordingState(False)
78.6760 	EXP 	eyetracker.setRecordingState(False)
78.6852 	EXP 	eyetracker.setRecordingState(False)
78.6936 	EXP 	eyetracker.setRecordingState(False)
78.7014 	EXP 	eyetracker.setRecordingState(False)
78.7080 	EXP 	eyetracker.setRecordingState(False)
78.7155 	EXP 	eyetracker.setRecordingState(False)
78.7237 	EXP 	eyetracker.setRecordingState(False)
78.7341 	EXP 	eyetracker.setRecordingState(False)
78.7419 	EXP 	eyetracker.setRecordingState(False)
78.7526 	EXP 	eyetracker.setRecordingState(False)
78.7615 	EXP 	eyetracker.setRecordingState(False)
78.7719 	EXP 	eyetracker.setRecordingState(False)
78.7811 	EXP 	eyetracker.setRecordingState(False)
78.7913 	EXP 	eyetracker.setRecordingState(False)
78.8051 	EXP 	eyetracker.setRecordingState(False)
78.8137 	EXP 	eyetracker.setRecordingState(False)
78.8235 	EXP 	eyetracker.setRecordingState(False)
78.8328 	EXP 	eyetracker.setRecordingState(False)
78.8444 	EXP 	eyetracker.setRecordingState(False)
78.8538 	EXP 	eyetracker.setRecordingState(False)
78.8658 	EXP 	eyetracker.setRecordingState(False)
78.8738 	EXP 	eyetracker.setRecordingState(False)
78.8821 	EXP 	eyetracker.setRecordingState(False)
78.8908 	EXP 	eyetracker.setRecordingState(False)
78.9023 	EXP 	eyetracker.setRecordingState(False)
78.9111 	EXP 	eyetracker.setRecordingState(False)
78.9211 	EXP 	eyetracker.setRecordingState(False)
78.9319 	EXP 	eyetracker.setRecordingState(False)
78.9426 	EXP 	eyetracker.setRecordingState(False)
78.9511 	EXP 	eyetracker.setRecordingState(False)
78.9590 	EXP 	eyetracker.setRecordingState(False)
78.9682 	EXP 	eyetracker.setRecordingState(False)
78.9779 	EXP 	eyetracker.setRecordingState(False)
78.9864 	EXP 	eyetracker.setRecordingState(False)
78.9959 	EXP 	eyetracker.setRecordingState(False)
79.0063 	EXP 	eyetracker.setRecordingState(False)
79.0170 	EXP 	eyetracker.setRecordingState(False)
79.0257 	EXP 	eyetracker.setRecordingState(False)
79.0334 	EXP 	eyetracker.setRecordingState(False)
79.0411 	EXP 	eyetracker.setRecordingState(False)
79.0487 	EXP 	eyetracker.setRecordingState(False)
79.0588 	EXP 	eyetracker.setRecordingState(False)
79.0693 	EXP 	eyetracker.setRecordingState(False)
79.0776 	EXP 	eyetracker.setRecordingState(False)
79.0862 	EXP 	eyetracker.setRecordingState(False)
79.0958 	EXP 	eyetracker.setRecordingState(False)
79.1043 	EXP 	eyetracker.setRecordingState(False)
79.1140 	EXP 	eyetracker.setRecordingState(False)
79.1239 	EXP 	eyetracker.setRecordingState(False)
79.1331 	EXP 	eyetracker.setRecordingState(False)
79.1415 	EXP 	eyetracker.setRecordingState(False)
79.1508 	EXP 	eyetracker.setRecordingState(False)
79.1600 	EXP 	eyetracker.setRecordingState(False)
79.1681 	EXP 	eyetracker.setRecordingState(False)
79.1754 	EXP 	eyetracker.setRecordingState(False)
79.1839 	EXP 	eyetracker.setRecordingState(False)
79.1925 	EXP 	eyetracker.setRecordingState(False)
79.2017 	EXP 	eyetracker.setRecordingState(False)
79.2091 	EXP 	eyetracker.setRecordingState(False)
79.2167 	EXP 	eyetracker.setRecordingState(False)
79.2233 	EXP 	eyetracker.setRecordingState(False)
79.2297 	EXP 	eyetracker.setRecordingState(False)
79.2357 	EXP 	eyetracker.setRecordingState(False)
79.2427 	EXP 	eyetracker.setRecordingState(False)
79.2497 	EXP 	eyetracker.setRecordingState(False)
79.2564 	EXP 	eyetracker.setRecordingState(False)
79.2639 	EXP 	eyetracker.setRecordingState(False)
79.2710 	EXP 	eyetracker.setRecordingState(False)
79.2785 	EXP 	eyetracker.setRecordingState(False)
79.2859 	EXP 	eyetracker.setRecordingState(False)
79.2936 	EXP 	eyetracker.setRecordingState(False)
79.3013 	EXP 	eyetracker.setRecordingState(False)
79.3116 	EXP 	eyetracker.setRecordingState(False)
79.3198 	EXP 	eyetracker.setRecordingState(False)
79.3281 	EXP 	eyetracker.setRecordingState(False)
79.3371 	EXP 	eyetracker.setRecordingState(False)
79.3482 	EXP 	eyetracker.setRecordingState(False)
79.3567 	EXP 	eyetracker.setRecordingState(False)
79.3670 	EXP 	eyetracker.setRecordingState(False)
79.3761 	EXP 	eyetracker.setRecordingState(False)
79.3843 	EXP 	eyetracker.setRecordingState(False)
79.3927 	EXP 	eyetracker.setRecordingState(False)
79.4012 	EXP 	eyetracker.setRecordingState(False)
79.4096 	EXP 	eyetracker.setRecordingState(False)
79.4171 	EXP 	eyetracker.setRecordingState(False)
79.4240 	EXP 	eyetracker.setRecordingState(False)
79.4313 	EXP 	eyetracker.setRecordingState(False)
79.4385 	EXP 	eyetracker.setRecordingState(False)
79.4458 	EXP 	eyetracker.setRecordingState(False)
79.4527 	EXP 	eyetracker.setRecordingState(False)
79.4594 	EXP 	eyetracker.setRecordingState(False)
79.4671 	EXP 	eyetracker.setRecordingState(False)
79.4741 	EXP 	eyetracker.setRecordingState(False)
79.4808 	EXP 	eyetracker.setRecordingState(False)
79.4875 	EXP 	eyetracker.setRecordingState(False)
79.4942 	EXP 	eyetracker.setRecordingState(False)
79.5010 	EXP 	eyetracker.setRecordingState(False)
79.5082 	EXP 	eyetracker.setRecordingState(False)
79.5156 	EXP 	eyetracker.setRecordingState(False)
79.5236 	EXP 	eyetracker.setRecordingState(False)
79.5308 	EXP 	eyetracker.setRecordingState(False)
79.5366 	EXP 	eyetracker.setRecordingState(False)
79.5434 	EXP 	eyetracker.setRecordingState(False)
79.5501 	EXP 	eyetracker.setRecordingState(False)
79.5582 	EXP 	eyetracker.setRecordingState(False)
79.5650 	EXP 	eyetracker.setRecordingState(False)
79.6862 	EXP 	eyetracker.setRecordingState(False)
79.6952 	EXP 	eyetracker.setRecordingState(False)
79.7038 	EXP 	eyetracker.setRecordingState(False)
79.7137 	EXP 	eyetracker.setRecordingState(False)
79.7215 	EXP 	eyetracker.setRecordingState(False)
79.7298 	EXP 	eyetracker.setRecordingState(False)
79.7378 	EXP 	eyetracker.setRecordingState(False)
79.7469 	EXP 	eyetracker.setRecordingState(False)
79.7551 	EXP 	eyetracker.setRecordingState(False)
79.7638 	EXP 	eyetracker.setRecordingState(False)
79.7719 	EXP 	eyetracker.setRecordingState(False)
79.7795 	EXP 	eyetracker.setRecordingState(False)
79.7868 	EXP 	eyetracker.setRecordingState(False)
79.7962 	EXP 	eyetracker.setRecordingState(False)
79.8047 	EXP 	eyetracker.setRecordingState(False)
79.8147 	EXP 	eyetracker.setRecordingState(False)
79.8237 	EXP 	eyetracker.setRecordingState(False)
79.8325 	EXP 	eyetracker.setRecordingState(False)
79.8421 	EXP 	eyetracker.setRecordingState(False)
79.8501 	EXP 	eyetracker.setRecordingState(False)
79.8575 	EXP 	eyetracker.setRecordingState(False)
79.8655 	EXP 	eyetracker.setRecordingState(False)
79.8729 	EXP 	eyetracker.setRecordingState(False)
79.8795 	EXP 	eyetracker.setRecordingState(False)
79.8868 	EXP 	eyetracker.setRecordingState(False)
79.8943 	EXP 	eyetracker.setRecordingState(False)
79.9014 	EXP 	eyetracker.setRecordingState(False)
79.9082 	EXP 	eyetracker.setRecordingState(False)
79.9156 	EXP 	eyetracker.setRecordingState(False)
79.9232 	EXP 	eyetracker.setRecordingState(False)
79.9308 	EXP 	eyetracker.setRecordingState(False)
79.9392 	EXP 	eyetracker.setRecordingState(False)
79.9474 	EXP 	eyetracker.setRecordingState(False)
79.9541 	EXP 	eyetracker.setRecordingState(False)
79.9609 	EXP 	eyetracker.setRecordingState(False)
79.9686 	EXP 	eyetracker.setRecordingState(False)
79.9761 	EXP 	eyetracker.setRecordingState(False)
79.9837 	EXP 	eyetracker.setRecordingState(False)
79.9913 	EXP 	eyetracker.setRecordingState(False)
79.9986 	EXP 	eyetracker.setRecordingState(False)
80.0057 	EXP 	eyetracker.setRecordingState(False)
80.0133 	EXP 	eyetracker.setRecordingState(False)
80.0218 	EXP 	eyetracker.setRecordingState(False)
80.0293 	EXP 	eyetracker.setRecordingState(False)
80.0371 	EXP 	eyetracker.setRecordingState(False)
80.0440 	EXP 	eyetracker.setRecordingState(False)
80.0528 	EXP 	eyetracker.setRecordingState(False)
80.0608 	EXP 	eyetracker.setRecordingState(False)
80.0686 	EXP 	eyetracker.setRecordingState(False)
80.0763 	EXP 	eyetracker.setRecordingState(False)
80.0831 	EXP 	eyetracker.setRecordingState(False)
80.0905 	EXP 	eyetracker.setRecordingState(False)
80.0974 	EXP 	eyetracker.setRecordingState(False)
80.1045 	EXP 	eyetracker.setRecordingState(False)
80.1118 	EXP 	eyetracker.setRecordingState(False)
80.1191 	EXP 	eyetracker.setRecordingState(False)
80.1283 	EXP 	eyetracker.setRecordingState(False)
80.1365 	EXP 	eyetracker.setRecordingState(False)
80.1445 	EXP 	eyetracker.setRecordingState(False)
80.1523 	EXP 	eyetracker.setRecordingState(False)
80.1604 	EXP 	eyetracker.setRecordingState(False)
80.1689 	EXP 	eyetracker.setRecordingState(False)
80.1771 	EXP 	eyetracker.setRecordingState(False)
80.1848 	EXP 	eyetracker.setRecordingState(False)
80.1927 	EXP 	eyetracker.setRecordingState(False)
80.1996 	EXP 	eyetracker.setRecordingState(False)
80.2067 	EXP 	eyetracker.setRecordingState(False)
80.2152 	EXP 	eyetracker.setRecordingState(False)
80.2236 	EXP 	eyetracker.setRecordingState(False)
80.2304 	EXP 	eyetracker.setRecordingState(False)
80.2387 	EXP 	eyetracker.setRecordingState(False)
80.2472 	EXP 	eyetracker.setRecordingState(False)
80.2539 	EXP 	eyetracker.setRecordingState(False)
80.2612 	EXP 	eyetracker.setRecordingState(False)
80.2699 	EXP 	eyetracker.setRecordingState(False)
80.2769 	EXP 	eyetracker.setRecordingState(False)
80.2835 	EXP 	eyetracker.setRecordingState(False)
80.2906 	EXP 	eyetracker.setRecordingState(False)
80.2972 	EXP 	eyetracker.setRecordingState(False)
80.3039 	EXP 	eyetracker.setRecordingState(False)
80.3109 	EXP 	eyetracker.setRecordingState(False)
80.3185 	EXP 	eyetracker.setRecordingState(False)
80.3249 	EXP 	eyetracker.setRecordingState(False)
80.3304 	EXP 	eyetracker.setRecordingState(False)
80.3362 	EXP 	eyetracker.setRecordingState(False)
80.3424 	EXP 	eyetracker.setRecordingState(False)
80.3494 	EXP 	eyetracker.setRecordingState(False)
80.3574 	EXP 	eyetracker.setRecordingState(False)
80.3642 	EXP 	eyetracker.setRecordingState(False)
80.3720 	EXP 	eyetracker.setRecordingState(False)
80.3785 	EXP 	eyetracker.setRecordingState(False)
80.3861 	EXP 	eyetracker.setRecordingState(False)
80.3936 	EXP 	eyetracker.setRecordingState(False)
80.4018 	EXP 	eyetracker.setRecordingState(False)
80.4087 	EXP 	eyetracker.setRecordingState(False)
80.4159 	EXP 	eyetracker.setRecordingState(False)
80.4232 	EXP 	eyetracker.setRecordingState(False)
80.4300 	EXP 	eyetracker.setRecordingState(False)
80.4374 	EXP 	eyetracker.setRecordingState(False)
80.4449 	EXP 	eyetracker.setRecordingState(False)
80.4520 	EXP 	eyetracker.setRecordingState(False)
80.4589 	EXP 	eyetracker.setRecordingState(False)
80.4662 	EXP 	eyetracker.setRecordingState(False)
80.4727 	EXP 	eyetracker.setRecordingState(False)
80.4792 	EXP 	eyetracker.setRecordingState(False)
80.4858 	EXP 	eyetracker.setRecordingState(False)
80.4928 	EXP 	eyetracker.setRecordingState(False)
80.5002 	EXP 	eyetracker.setRecordingState(False)
80.5068 	EXP 	eyetracker.setRecordingState(False)
80.5141 	EXP 	eyetracker.setRecordingState(False)
80.5214 	EXP 	eyetracker.setRecordingState(False)
80.5287 	EXP 	eyetracker.setRecordingState(False)
80.5354 	EXP 	eyetracker.setRecordingState(False)
80.5420 	EXP 	eyetracker.setRecordingState(False)
80.5488 	EXP 	eyetracker.setRecordingState(False)
80.5565 	EXP 	eyetracker.setRecordingState(False)
80.5634 	EXP 	eyetracker.setRecordingState(False)
80.5704 	EXP 	eyetracker.setRecordingState(False)
80.5775 	EXP 	eyetracker.setRecordingState(False)
80.5841 	EXP 	eyetracker.setRecordingState(False)
80.5902 	EXP 	eyetracker.setRecordingState(False)
80.5969 	EXP 	eyetracker.setRecordingState(False)
80.6035 	EXP 	eyetracker.setRecordingState(False)
80.6107 	EXP 	eyetracker.setRecordingState(False)
80.6183 	EXP 	eyetracker.setRecordingState(False)
80.6254 	EXP 	eyetracker.setRecordingState(False)
80.6325 	EXP 	eyetracker.setRecordingState(False)
80.6403 	EXP 	eyetracker.setRecordingState(False)
80.6477 	EXP 	eyetracker.setRecordingState(False)
80.6548 	EXP 	eyetracker.setRecordingState(False)
80.6624 	EXP 	eyetracker.setRecordingState(False)
80.6712 	EXP 	eyetracker.setRecordingState(False)
80.6799 	EXP 	eyetracker.setRecordingState(False)
80.6884 	EXP 	eyetracker.setRecordingState(False)
80.6967 	EXP 	eyetracker.setRecordingState(False)
80.7050 	EXP 	eyetracker.setRecordingState(False)
80.7132 	EXP 	eyetracker.setRecordingState(False)
80.7215 	EXP 	eyetracker.setRecordingState(False)
80.7290 	EXP 	eyetracker.setRecordingState(False)
80.7369 	EXP 	eyetracker.setRecordingState(False)
80.7447 	EXP 	eyetracker.setRecordingState(False)
80.7532 	EXP 	eyetracker.setRecordingState(False)
80.7607 	EXP 	eyetracker.setRecordingState(False)
80.7699 	EXP 	eyetracker.setRecordingState(False)
80.7770 	EXP 	eyetracker.setRecordingState(False)
80.7851 	EXP 	eyetracker.setRecordingState(False)
80.7929 	EXP 	eyetracker.setRecordingState(False)
80.8011 	EXP 	eyetracker.setRecordingState(False)
80.8096 	EXP 	eyetracker.setRecordingState(False)
80.8173 	EXP 	eyetracker.setRecordingState(False)
80.8250 	EXP 	eyetracker.setRecordingState(False)
80.8337 	EXP 	eyetracker.setRecordingState(False)
80.8423 	EXP 	eyetracker.setRecordingState(False)
80.8500 	EXP 	eyetracker.setRecordingState(False)
80.8585 	EXP 	eyetracker.setRecordingState(False)
80.8661 	EXP 	eyetracker.setRecordingState(False)
80.8731 	EXP 	eyetracker.setRecordingState(False)
80.8823 	EXP 	eyetracker.setRecordingState(False)
80.8901 	EXP 	eyetracker.setRecordingState(False)
80.8979 	EXP 	eyetracker.setRecordingState(False)
80.9054 	EXP 	eyetracker.setRecordingState(False)
80.9125 	EXP 	eyetracker.setRecordingState(False)
80.9200 	EXP 	eyetracker.setRecordingState(False)
80.9276 	EXP 	eyetracker.setRecordingState(False)
80.9381 	EXP 	eyetracker.setRecordingState(False)
80.9457 	EXP 	eyetracker.setRecordingState(False)
80.9534 	EXP 	eyetracker.setRecordingState(False)
80.9609 	EXP 	eyetracker.setRecordingState(False)
80.9685 	EXP 	eyetracker.setRecordingState(False)
80.9761 	EXP 	eyetracker.setRecordingState(False)
80.9837 	EXP 	eyetracker.setRecordingState(False)
80.9921 	EXP 	eyetracker.setRecordingState(False)
81.0007 	EXP 	eyetracker.setRecordingState(False)
81.0076 	EXP 	eyetracker.setRecordingState(False)
81.0151 	EXP 	eyetracker.setRecordingState(False)
81.0221 	EXP 	eyetracker.setRecordingState(False)
81.0299 	EXP 	eyetracker.setRecordingState(False)
81.0374 	EXP 	eyetracker.setRecordingState(False)
81.0455 	EXP 	eyetracker.setRecordingState(False)
81.0537 	EXP 	eyetracker.setRecordingState(False)
81.0620 	EXP 	eyetracker.setRecordingState(False)
81.0693 	EXP 	eyetracker.setRecordingState(False)
81.0779 	EXP 	eyetracker.setRecordingState(False)
81.0858 	EXP 	eyetracker.setRecordingState(False)
81.0939 	EXP 	eyetracker.setRecordingState(False)
81.1021 	EXP 	eyetracker.setRecordingState(False)
81.1106 	EXP 	eyetracker.setRecordingState(False)
81.1190 	EXP 	eyetracker.setRecordingState(False)
81.1279 	EXP 	eyetracker.setRecordingState(False)
81.1360 	EXP 	eyetracker.setRecordingState(False)
81.1454 	EXP 	eyetracker.setRecordingState(False)
81.1530 	EXP 	eyetracker.setRecordingState(False)
81.1598 	EXP 	eyetracker.setRecordingState(False)
81.1667 	EXP 	eyetracker.setRecordingState(False)
81.1719 	EXP 	eyetracker.setRecordingState(False)
81.1776 	EXP 	eyetracker.setRecordingState(False)
81.1833 	EXP 	eyetracker.setRecordingState(False)
81.1902 	EXP 	eyetracker.setRecordingState(False)
81.1978 	EXP 	eyetracker.setRecordingState(False)
81.2052 	EXP 	eyetracker.setRecordingState(False)
81.2123 	EXP 	eyetracker.setRecordingState(False)
81.2193 	EXP 	eyetracker.setRecordingState(False)
81.2265 	EXP 	eyetracker.setRecordingState(False)
81.2341 	EXP 	eyetracker.setRecordingState(False)
81.2416 	EXP 	eyetracker.setRecordingState(False)
81.2500 	EXP 	eyetracker.setRecordingState(False)
81.2573 	EXP 	eyetracker.setRecordingState(False)
81.2645 	EXP 	eyetracker.setRecordingState(False)
81.2740 	EXP 	eyetracker.setRecordingState(False)
81.2828 	EXP 	eyetracker.setRecordingState(False)
81.2914 	EXP 	eyetracker.setRecordingState(False)
81.3013 	EXP 	eyetracker.setRecordingState(False)
81.3093 	EXP 	eyetracker.setRecordingState(False)
81.3173 	EXP 	eyetracker.setRecordingState(False)
81.3240 	EXP 	eyetracker.setRecordingState(False)
81.3300 	EXP 	eyetracker.setRecordingState(False)
81.3367 	EXP 	eyetracker.setRecordingState(False)
81.3431 	EXP 	eyetracker.setRecordingState(False)
81.3497 	EXP 	eyetracker.setRecordingState(False)
81.3566 	EXP 	eyetracker.setRecordingState(False)
81.3637 	EXP 	eyetracker.setRecordingState(False)
81.3713 	EXP 	eyetracker.setRecordingState(False)
81.3793 	EXP 	eyetracker.setRecordingState(False)
81.3873 	EXP 	eyetracker.setRecordingState(False)
81.3952 	EXP 	eyetracker.setRecordingState(False)
81.4045 	EXP 	eyetracker.setRecordingState(False)
81.4142 	EXP 	eyetracker.setRecordingState(False)
81.4228 	EXP 	eyetracker.setRecordingState(False)
81.4306 	EXP 	eyetracker.setRecordingState(False)
81.4397 	EXP 	eyetracker.setRecordingState(False)
81.4492 	EXP 	eyetracker.setRecordingState(False)
81.4590 	EXP 	eyetracker.setRecordingState(False)
81.4692 	EXP 	eyetracker.setRecordingState(False)
81.4776 	EXP 	eyetracker.setRecordingState(False)
81.4874 	EXP 	eyetracker.setRecordingState(False)
81.4969 	EXP 	eyetracker.setRecordingState(False)
81.5052 	EXP 	eyetracker.setRecordingState(False)
81.5131 	EXP 	eyetracker.setRecordingState(False)
81.5202 	EXP 	eyetracker.setRecordingState(False)
81.5268 	EXP 	eyetracker.setRecordingState(False)
81.5335 	EXP 	eyetracker.setRecordingState(False)
81.5403 	EXP 	eyetracker.setRecordingState(False)
81.5477 	EXP 	eyetracker.setRecordingState(False)
81.5546 	EXP 	eyetracker.setRecordingState(False)
81.5618 	EXP 	eyetracker.setRecordingState(False)
81.5682 	EXP 	eyetracker.setRecordingState(False)
81.5748 	EXP 	eyetracker.setRecordingState(False)
81.5815 	EXP 	eyetracker.setRecordingState(False)
81.5882 	EXP 	eyetracker.setRecordingState(False)
81.5952 	EXP 	eyetracker.setRecordingState(False)
81.6019 	EXP 	eyetracker.setRecordingState(False)
81.6093 	EXP 	eyetracker.setRecordingState(False)
81.6165 	EXP 	eyetracker.setRecordingState(False)
81.6247 	EXP 	eyetracker.setRecordingState(False)
81.6322 	EXP 	eyetracker.setRecordingState(False)
81.6399 	EXP 	eyetracker.setRecordingState(False)
81.6480 	EXP 	eyetracker.setRecordingState(False)
81.6582 	EXP 	eyetracker.setRecordingState(False)
81.6663 	EXP 	eyetracker.setRecordingState(False)
81.6743 	EXP 	eyetracker.setRecordingState(False)
81.6828 	EXP 	eyetracker.setRecordingState(False)
81.6929 	EXP 	eyetracker.setRecordingState(False)
81.7006 	EXP 	eyetracker.setRecordingState(False)
81.7085 	EXP 	eyetracker.setRecordingState(False)
81.7182 	EXP 	eyetracker.setRecordingState(False)
81.7254 	EXP 	eyetracker.setRecordingState(False)
81.7323 	EXP 	eyetracker.setRecordingState(False)
81.7388 	EXP 	eyetracker.setRecordingState(False)
81.7455 	EXP 	eyetracker.setRecordingState(False)
81.7513 	EXP 	eyetracker.setRecordingState(False)
81.7578 	EXP 	eyetracker.setRecordingState(False)
81.7630 	EXP 	eyetracker.setRecordingState(False)
81.7687 	EXP 	eyetracker.setRecordingState(False)
81.7739 	EXP 	eyetracker.setRecordingState(False)
81.7806 	EXP 	eyetracker.setRecordingState(False)
81.7873 	EXP 	eyetracker.setRecordingState(False)
81.7948 	EXP 	eyetracker.setRecordingState(False)
81.8022 	EXP 	eyetracker.setRecordingState(False)
81.8102 	EXP 	eyetracker.setRecordingState(False)
81.8184 	EXP 	eyetracker.setRecordingState(False)
81.8272 	EXP 	eyetracker.setRecordingState(False)
81.8359 	EXP 	eyetracker.setRecordingState(False)
81.8455 	EXP 	eyetracker.setRecordingState(False)
81.8544 	EXP 	eyetracker.setRecordingState(False)
81.8624 	EXP 	eyetracker.setRecordingState(False)
81.8716 	EXP 	eyetracker.setRecordingState(False)
81.8807 	EXP 	eyetracker.setRecordingState(False)
81.8881 	EXP 	eyetracker.setRecordingState(False)
81.8949 	EXP 	eyetracker.setRecordingState(False)
81.9026 	EXP 	eyetracker.setRecordingState(False)
81.9097 	EXP 	eyetracker.setRecordingState(False)
81.9171 	EXP 	eyetracker.setRecordingState(False)
81.9241 	EXP 	eyetracker.setRecordingState(False)
81.9309 	EXP 	eyetracker.setRecordingState(False)
81.9382 	EXP 	eyetracker.setRecordingState(False)
81.9458 	EXP 	eyetracker.setRecordingState(False)
81.9538 	EXP 	eyetracker.setRecordingState(False)
81.9637 	EXP 	eyetracker.setRecordingState(False)
81.9716 	EXP 	eyetracker.setRecordingState(False)
81.9801 	EXP 	eyetracker.setRecordingState(False)
81.9876 	EXP 	eyetracker.setRecordingState(False)
81.9955 	EXP 	eyetracker.setRecordingState(False)
82.0038 	EXP 	eyetracker.setRecordingState(False)
82.0117 	EXP 	eyetracker.setRecordingState(False)
82.0205 	EXP 	eyetracker.setRecordingState(False)
82.0291 	EXP 	eyetracker.setRecordingState(False)
82.0385 	EXP 	eyetracker.setRecordingState(False)
82.0479 	EXP 	eyetracker.setRecordingState(False)
82.0572 	EXP 	eyetracker.setRecordingState(False)
82.0666 	EXP 	eyetracker.setRecordingState(False)
82.0760 	EXP 	eyetracker.setRecordingState(False)
82.0850 	EXP 	eyetracker.setRecordingState(False)
82.0950 	EXP 	eyetracker.setRecordingState(False)
82.1038 	EXP 	eyetracker.setRecordingState(False)
82.1120 	EXP 	eyetracker.setRecordingState(False)
82.1200 	EXP 	eyetracker.setRecordingState(False)
82.1283 	EXP 	eyetracker.setRecordingState(False)
82.1363 	EXP 	eyetracker.setRecordingState(False)
82.1456 	EXP 	eyetracker.setRecordingState(False)
82.1546 	EXP 	eyetracker.setRecordingState(False)
82.1624 	EXP 	eyetracker.setRecordingState(False)
82.1708 	EXP 	eyetracker.setRecordingState(False)
82.1783 	EXP 	eyetracker.setRecordingState(False)
82.1874 	EXP 	eyetracker.setRecordingState(False)
82.1954 	EXP 	eyetracker.setRecordingState(False)
82.2030 	EXP 	eyetracker.setRecordingState(False)
82.2104 	EXP 	eyetracker.setRecordingState(False)
82.2176 	EXP 	eyetracker.setRecordingState(False)
82.2250 	EXP 	eyetracker.setRecordingState(False)
82.2324 	EXP 	eyetracker.setRecordingState(False)
82.2399 	EXP 	eyetracker.setRecordingState(False)
82.2473 	EXP 	eyetracker.setRecordingState(False)
82.2548 	EXP 	eyetracker.setRecordingState(False)
82.2642 	EXP 	eyetracker.setRecordingState(False)
82.2718 	EXP 	eyetracker.setRecordingState(False)
82.2796 	EXP 	eyetracker.setRecordingState(False)
82.2867 	EXP 	eyetracker.setRecordingState(False)
82.2946 	EXP 	eyetracker.setRecordingState(False)
82.3019 	EXP 	eyetracker.setRecordingState(False)
82.3095 	EXP 	eyetracker.setRecordingState(False)
82.3172 	EXP 	eyetracker.setRecordingState(False)
82.3248 	EXP 	eyetracker.setRecordingState(False)
82.3326 	EXP 	eyetracker.setRecordingState(False)
82.3387 	EXP 	eyetracker.setRecordingState(False)
82.3456 	EXP 	eyetracker.setRecordingState(False)
82.3521 	EXP 	eyetracker.setRecordingState(False)
82.3585 	EXP 	eyetracker.setRecordingState(False)
82.3643 	EXP 	eyetracker.setRecordingState(False)
82.3709 	EXP 	eyetracker.setRecordingState(False)
82.3783 	EXP 	eyetracker.setRecordingState(False)
82.3861 	EXP 	eyetracker.setRecordingState(False)
82.3942 	EXP 	eyetracker.setRecordingState(False)
82.4037 	EXP 	eyetracker.setRecordingState(False)
82.4124 	EXP 	eyetracker.setRecordingState(False)
82.4203 	EXP 	eyetracker.setRecordingState(False)
82.4281 	EXP 	eyetracker.setRecordingState(False)
82.4361 	EXP 	eyetracker.setRecordingState(False)
82.4444 	EXP 	eyetracker.setRecordingState(False)
82.4534 	EXP 	eyetracker.setRecordingState(False)
82.4608 	EXP 	eyetracker.setRecordingState(False)
82.4685 	EXP 	eyetracker.setRecordingState(False)
82.4756 	EXP 	eyetracker.setRecordingState(False)
82.4827 	EXP 	eyetracker.setRecordingState(False)
82.4898 	EXP 	eyetracker.setRecordingState(False)
82.4969 	EXP 	eyetracker.setRecordingState(False)
82.5043 	EXP 	eyetracker.setRecordingState(False)
82.5110 	EXP 	eyetracker.setRecordingState(False)
82.5170 	EXP 	eyetracker.setRecordingState(False)
82.5233 	EXP 	eyetracker.setRecordingState(False)
82.5299 	EXP 	eyetracker.setRecordingState(False)
82.5366 	EXP 	eyetracker.setRecordingState(False)
82.5432 	EXP 	eyetracker.setRecordingState(False)
82.5502 	EXP 	eyetracker.setRecordingState(False)
82.5573 	EXP 	eyetracker.setRecordingState(False)
82.5649 	EXP 	eyetracker.setRecordingState(False)
82.5719 	EXP 	eyetracker.setRecordingState(False)
82.5794 	EXP 	eyetracker.setRecordingState(False)
82.5867 	EXP 	eyetracker.setRecordingState(False)
82.5941 	EXP 	eyetracker.setRecordingState(False)
82.6015 	EXP 	eyetracker.setRecordingState(False)
82.6092 	EXP 	eyetracker.setRecordingState(False)
82.6172 	EXP 	eyetracker.setRecordingState(False)
82.6271 	EXP 	eyetracker.setRecordingState(False)
82.6359 	EXP 	eyetracker.setRecordingState(False)
82.6437 	EXP 	eyetracker.setRecordingState(False)
82.6526 	EXP 	eyetracker.setRecordingState(False)
82.6617 	EXP 	eyetracker.setRecordingState(False)
82.6695 	EXP 	eyetracker.setRecordingState(False)
82.6777 	EXP 	eyetracker.setRecordingState(False)
82.6857 	EXP 	eyetracker.setRecordingState(False)
82.6928 	EXP 	eyetracker.setRecordingState(False)
82.6998 	EXP 	eyetracker.setRecordingState(False)
82.7068 	EXP 	eyetracker.setRecordingState(False)
82.7131 	EXP 	eyetracker.setRecordingState(False)
82.7197 	EXP 	eyetracker.setRecordingState(False)
82.7258 	EXP 	eyetracker.setRecordingState(False)
82.7331 	EXP 	eyetracker.setRecordingState(False)
82.7397 	EXP 	eyetracker.setRecordingState(False)
82.7467 	EXP 	eyetracker.setRecordingState(False)
82.7538 	EXP 	eyetracker.setRecordingState(False)
82.7615 	EXP 	eyetracker.setRecordingState(False)
82.7683 	EXP 	eyetracker.setRecordingState(False)
82.7759 	EXP 	eyetracker.setRecordingState(False)
82.7836 	EXP 	eyetracker.setRecordingState(False)
82.7903 	EXP 	eyetracker.setRecordingState(False)
82.7973 	EXP 	eyetracker.setRecordingState(False)
82.8047 	EXP 	eyetracker.setRecordingState(False)
82.8117 	EXP 	eyetracker.setRecordingState(False)
82.8186 	EXP 	eyetracker.setRecordingState(False)
82.8274 	EXP 	eyetracker.setRecordingState(False)
82.8380 	EXP 	eyetracker.setRecordingState(False)
82.8452 	EXP 	eyetracker.setRecordingState(False)
82.8521 	EXP 	eyetracker.setRecordingState(False)
82.8589 	EXP 	eyetracker.setRecordingState(False)
82.8661 	EXP 	eyetracker.setRecordingState(False)
82.8730 	EXP 	eyetracker.setRecordingState(False)
82.8804 	EXP 	eyetracker.setRecordingState(False)
82.8877 	EXP 	eyetracker.setRecordingState(False)
82.8948 	EXP 	eyetracker.setRecordingState(False)
82.9011 	EXP 	eyetracker.setRecordingState(False)
82.9079 	EXP 	eyetracker.setRecordingState(False)
82.9162 	EXP 	eyetracker.setRecordingState(False)
82.9234 	EXP 	eyetracker.setRecordingState(False)
82.9301 	EXP 	eyetracker.setRecordingState(False)
82.9378 	EXP 	eyetracker.setRecordingState(False)
82.9444 	EXP 	eyetracker.setRecordingState(False)
82.9508 	EXP 	eyetracker.setRecordingState(False)
82.9569 	EXP 	eyetracker.setRecordingState(False)
82.9635 	EXP 	eyetracker.setRecordingState(False)
82.9709 	EXP 	eyetracker.setRecordingState(False)
82.9774 	EXP 	eyetracker.setRecordingState(False)
82.9843 	EXP 	eyetracker.setRecordingState(False)
82.9901 	EXP 	eyetracker.setRecordingState(False)
82.9967 	EXP 	eyetracker.setRecordingState(False)
83.0028 	EXP 	eyetracker.setRecordingState(False)
83.0097 	EXP 	eyetracker.setRecordingState(False)
83.0174 	EXP 	eyetracker.setRecordingState(False)
83.0260 	EXP 	eyetracker.setRecordingState(False)
83.0329 	EXP 	eyetracker.setRecordingState(False)
83.0398 	EXP 	eyetracker.setRecordingState(False)
83.0467 	EXP 	eyetracker.setRecordingState(False)
83.0535 	EXP 	eyetracker.setRecordingState(False)
83.0603 	EXP 	eyetracker.setRecordingState(False)
83.0678 	EXP 	eyetracker.setRecordingState(False)
83.0760 	EXP 	eyetracker.setRecordingState(False)
83.0838 	EXP 	eyetracker.setRecordingState(False)
83.0911 	EXP 	eyetracker.setRecordingState(False)
83.1001 	EXP 	eyetracker.setRecordingState(False)
83.1068 	EXP 	eyetracker.setRecordingState(False)
83.1169 	EXP 	eyetracker.setRecordingState(False)
83.1246 	EXP 	eyetracker.setRecordingState(False)
83.1314 	EXP 	eyetracker.setRecordingState(False)
83.1383 	EXP 	eyetracker.setRecordingState(False)
83.1461 	EXP 	eyetracker.setRecordingState(False)
83.1538 	EXP 	eyetracker.setRecordingState(False)
83.1613 	EXP 	eyetracker.setRecordingState(False)
83.1701 	EXP 	eyetracker.setRecordingState(False)
83.1801 	EXP 	eyetracker.setRecordingState(False)
83.1869 	EXP 	eyetracker.setRecordingState(False)
83.1946 	EXP 	eyetracker.setRecordingState(False)
83.2030 	EXP 	eyetracker.setRecordingState(False)
83.2122 	EXP 	eyetracker.setRecordingState(False)
83.2192 	EXP 	eyetracker.setRecordingState(False)
83.2267 	EXP 	eyetracker.setRecordingState(False)
83.2346 	EXP 	eyetracker.setRecordingState(False)
83.2421 	EXP 	eyetracker.setRecordingState(False)
83.2499 	EXP 	eyetracker.setRecordingState(False)
83.2583 	EXP 	eyetracker.setRecordingState(False)
83.2684 	EXP 	eyetracker.setRecordingState(False)
83.2774 	EXP 	eyetracker.setRecordingState(False)
83.2855 	EXP 	eyetracker.setRecordingState(False)
83.2945 	EXP 	eyetracker.setRecordingState(False)
83.3034 	EXP 	eyetracker.setRecordingState(False)
83.3118 	EXP 	eyetracker.setRecordingState(False)
83.3196 	EXP 	eyetracker.setRecordingState(False)
83.3265 	EXP 	eyetracker.setRecordingState(False)
83.3330 	EXP 	eyetracker.setRecordingState(False)
83.3394 	EXP 	eyetracker.setRecordingState(False)
83.3472 	EXP 	eyetracker.setRecordingState(False)
83.3532 	EXP 	eyetracker.setRecordingState(False)
83.3596 	EXP 	eyetracker.setRecordingState(False)
83.3658 	EXP 	eyetracker.setRecordingState(False)
83.3728 	EXP 	eyetracker.setRecordingState(False)
83.3807 	EXP 	eyetracker.setRecordingState(False)
83.3879 	EXP 	eyetracker.setRecordingState(False)
83.3959 	EXP 	eyetracker.setRecordingState(False)
83.4023 	EXP 	eyetracker.setRecordingState(False)
83.4089 	EXP 	eyetracker.setRecordingState(False)
83.4166 	EXP 	eyetracker.setRecordingState(False)
83.4235 	EXP 	eyetracker.setRecordingState(False)
83.4312 	EXP 	eyetracker.setRecordingState(False)
83.4417 	EXP 	eyetracker.setRecordingState(False)
83.4496 	EXP 	eyetracker.setRecordingState(False)
83.4585 	EXP 	eyetracker.setRecordingState(False)
83.4654 	EXP 	eyetracker.setRecordingState(False)
83.4731 	EXP 	eyetracker.setRecordingState(False)
83.4821 	EXP 	eyetracker.setRecordingState(False)
83.4944 	EXP 	eyetracker.setRecordingState(False)
83.5050 	EXP 	eyetracker.setRecordingState(False)
83.5157 	EXP 	eyetracker.setRecordingState(False)
83.5296 	EXP 	eyetracker.setRecordingState(False)
83.5410 	EXP 	eyetracker.setRecordingState(False)
83.5529 	EXP 	eyetracker.setRecordingState(False)
83.5665 	EXP 	eyetracker.setRecordingState(False)
83.5786 	EXP 	eyetracker.setRecordingState(False)
83.5900 	EXP 	eyetracker.setRecordingState(False)
83.5986 	EXP 	eyetracker.setRecordingState(False)
83.6068 	EXP 	eyetracker.setRecordingState(False)
83.6159 	EXP 	eyetracker.setRecordingState(False)
83.6246 	EXP 	eyetracker.setRecordingState(False)
83.6328 	EXP 	eyetracker.setRecordingState(False)
83.6407 	EXP 	eyetracker.setRecordingState(False)
83.6479 	EXP 	eyetracker.setRecordingState(False)
83.6549 	EXP 	eyetracker.setRecordingState(False)
83.6618 	EXP 	eyetracker.setRecordingState(False)
83.6689 	EXP 	eyetracker.setRecordingState(False)
83.6786 	EXP 	eyetracker.setRecordingState(False)
83.6879 	EXP 	eyetracker.setRecordingState(False)
83.6951 	EXP 	eyetracker.setRecordingState(False)
83.7033 	EXP 	eyetracker.setRecordingState(False)
83.7104 	EXP 	eyetracker.setRecordingState(False)
83.7178 	EXP 	eyetracker.setRecordingState(False)
83.7266 	EXP 	eyetracker.setRecordingState(False)
83.7344 	EXP 	eyetracker.setRecordingState(False)
83.7452 	EXP 	eyetracker.setRecordingState(False)
83.7528 	EXP 	eyetracker.setRecordingState(False)
83.7626 	EXP 	eyetracker.setRecordingState(False)
83.7720 	EXP 	eyetracker.setRecordingState(False)
83.7797 	EXP 	eyetracker.setRecordingState(False)
83.7875 	EXP 	eyetracker.setRecordingState(False)
83.7951 	EXP 	eyetracker.setRecordingState(False)
83.8025 	EXP 	eyetracker.setRecordingState(False)
83.8098 	EXP 	eyetracker.setRecordingState(False)
83.8167 	EXP 	eyetracker.setRecordingState(False)
83.8238 	EXP 	eyetracker.setRecordingState(False)
83.8304 	EXP 	eyetracker.setRecordingState(False)
83.8364 	EXP 	eyetracker.setRecordingState(False)
83.8430 	EXP 	eyetracker.setRecordingState(False)
83.8500 	EXP 	eyetracker.setRecordingState(False)
83.8572 	EXP 	eyetracker.setRecordingState(False)
83.8650 	EXP 	eyetracker.setRecordingState(False)
83.8735 	EXP 	eyetracker.setRecordingState(False)
83.8835 	EXP 	eyetracker.setRecordingState(False)
83.8921 	EXP 	eyetracker.setRecordingState(False)
83.8995 	EXP 	eyetracker.setRecordingState(False)
83.9062 	EXP 	eyetracker.setRecordingState(False)
83.9132 	EXP 	eyetracker.setRecordingState(False)
83.9202 	EXP 	eyetracker.setRecordingState(False)
83.9274 	EXP 	eyetracker.setRecordingState(False)
83.9347 	EXP 	eyetracker.setRecordingState(False)
83.9422 	EXP 	eyetracker.setRecordingState(False)
83.9502 	EXP 	eyetracker.setRecordingState(False)
83.9587 	EXP 	eyetracker.setRecordingState(False)
83.9688 	EXP 	eyetracker.setRecordingState(False)
83.9764 	EXP 	eyetracker.setRecordingState(False)
83.9838 	EXP 	eyetracker.setRecordingState(False)
83.9905 	EXP 	eyetracker.setRecordingState(False)
83.9971 	EXP 	eyetracker.setRecordingState(False)
84.0038 	EXP 	eyetracker.setRecordingState(False)
84.0112 	EXP 	eyetracker.setRecordingState(False)
84.0179 	EXP 	eyetracker.setRecordingState(False)
84.0255 	EXP 	eyetracker.setRecordingState(False)
84.0334 	EXP 	eyetracker.setRecordingState(False)
84.0405 	EXP 	eyetracker.setRecordingState(False)
84.0488 	EXP 	eyetracker.setRecordingState(False)
84.0588 	EXP 	eyetracker.setRecordingState(False)
84.0659 	EXP 	eyetracker.setRecordingState(False)
84.0737 	EXP 	eyetracker.setRecordingState(False)
84.0822 	EXP 	eyetracker.setRecordingState(False)
84.0901 	EXP 	eyetracker.setRecordingState(False)
84.1004 	EXP 	eyetracker.setRecordingState(False)
84.1088 	EXP 	eyetracker.setRecordingState(False)
84.1174 	EXP 	eyetracker.setRecordingState(False)
84.1256 	EXP 	eyetracker.setRecordingState(False)
84.1361 	EXP 	eyetracker.setRecordingState(False)
84.1439 	EXP 	eyetracker.setRecordingState(False)
84.1518 	EXP 	eyetracker.setRecordingState(False)
84.1597 	EXP 	eyetracker.setRecordingState(False)
84.1681 	EXP 	eyetracker.setRecordingState(False)
84.1781 	EXP 	eyetracker.setRecordingState(False)
84.1857 	EXP 	eyetracker.setRecordingState(False)
84.1931 	EXP 	eyetracker.setRecordingState(False)
84.2009 	EXP 	eyetracker.setRecordingState(False)
84.2097 	EXP 	eyetracker.setRecordingState(False)
84.2202 	EXP 	eyetracker.setRecordingState(False)
84.2280 	EXP 	eyetracker.setRecordingState(False)
84.2355 	EXP 	eyetracker.setRecordingState(False)
84.2439 	EXP 	eyetracker.setRecordingState(False)
84.2512 	EXP 	eyetracker.setRecordingState(False)
84.2590 	EXP 	eyetracker.setRecordingState(False)
84.2676 	EXP 	eyetracker.setRecordingState(False)
84.2754 	EXP 	eyetracker.setRecordingState(False)
84.2829 	EXP 	eyetracker.setRecordingState(False)
84.2899 	EXP 	eyetracker.setRecordingState(False)
84.2970 	EXP 	eyetracker.setRecordingState(False)
84.3041 	EXP 	eyetracker.setRecordingState(False)
84.3109 	EXP 	eyetracker.setRecordingState(False)
84.3178 	EXP 	eyetracker.setRecordingState(False)
84.3249 	EXP 	eyetracker.setRecordingState(False)
84.3318 	EXP 	eyetracker.setRecordingState(False)
84.3396 	EXP 	eyetracker.setRecordingState(False)
84.3471 	EXP 	eyetracker.setRecordingState(False)
84.3530 	EXP 	eyetracker.setRecordingState(False)
84.3597 	EXP 	eyetracker.setRecordingState(False)
84.3658 	EXP 	eyetracker.setRecordingState(False)
84.3725 	EXP 	eyetracker.setRecordingState(False)
84.3790 	EXP 	eyetracker.setRecordingState(False)
84.3860 	EXP 	eyetracker.setRecordingState(False)
84.3926 	EXP 	eyetracker.setRecordingState(False)
84.3995 	EXP 	eyetracker.setRecordingState(False)
84.4069 	EXP 	eyetracker.setRecordingState(False)
84.4162 	EXP 	eyetracker.setRecordingState(False)
84.4230 	EXP 	eyetracker.setRecordingState(False)
84.4293 	EXP 	eyetracker.setRecordingState(False)
84.4363 	EXP 	eyetracker.setRecordingState(False)
84.4431 	EXP 	eyetracker.setRecordingState(False)
84.4505 	EXP 	eyetracker.setRecordingState(False)
84.4574 	EXP 	eyetracker.setRecordingState(False)
84.4647 	EXP 	eyetracker.setRecordingState(False)
84.4728 	EXP 	eyetracker.setRecordingState(False)
84.4799 	EXP 	eyetracker.setRecordingState(False)
84.4868 	EXP 	eyetracker.setRecordingState(False)
84.4936 	EXP 	eyetracker.setRecordingState(False)
84.5008 	EXP 	eyetracker.setRecordingState(False)
84.5079 	EXP 	eyetracker.setRecordingState(False)
84.5142 	EXP 	eyetracker.setRecordingState(False)
84.5208 	EXP 	eyetracker.setRecordingState(False)
84.5276 	EXP 	eyetracker.setRecordingState(False)
84.5344 	EXP 	eyetracker.setRecordingState(False)
84.5412 	EXP 	eyetracker.setRecordingState(False)
84.5479 	EXP 	eyetracker.setRecordingState(False)
84.5545 	EXP 	eyetracker.setRecordingState(False)
84.5609 	EXP 	eyetracker.setRecordingState(False)
84.5681 	EXP 	eyetracker.setRecordingState(False)
84.5753 	EXP 	eyetracker.setRecordingState(False)
84.5821 	EXP 	eyetracker.setRecordingState(False)
84.5892 	EXP 	eyetracker.setRecordingState(False)
84.5970 	EXP 	eyetracker.setRecordingState(False)
84.6038 	EXP 	eyetracker.setRecordingState(False)
84.6112 	EXP 	eyetracker.setRecordingState(False)
84.6183 	EXP 	eyetracker.setRecordingState(False)
84.6252 	EXP 	eyetracker.setRecordingState(False)
84.6319 	EXP 	eyetracker.setRecordingState(False)
84.6391 	EXP 	eyetracker.setRecordingState(False)
84.6458 	EXP 	eyetracker.setRecordingState(False)
84.6527 	EXP 	eyetracker.setRecordingState(False)
84.6604 	EXP 	eyetracker.setRecordingState(False)
84.6678 	EXP 	eyetracker.setRecordingState(False)
84.6769 	EXP 	eyetracker.setRecordingState(False)
84.6858 	EXP 	eyetracker.setRecordingState(False)
84.6937 	EXP 	eyetracker.setRecordingState(False)
84.7009 	EXP 	eyetracker.setRecordingState(False)
84.7081 	EXP 	eyetracker.setRecordingState(False)
84.7153 	EXP 	eyetracker.setRecordingState(False)
84.7218 	EXP 	eyetracker.setRecordingState(False)
84.7282 	EXP 	eyetracker.setRecordingState(False)
84.7349 	EXP 	eyetracker.setRecordingState(False)
84.7421 	EXP 	eyetracker.setRecordingState(False)
84.7495 	EXP 	eyetracker.setRecordingState(False)
84.7561 	EXP 	eyetracker.setRecordingState(False)
84.7634 	EXP 	eyetracker.setRecordingState(False)
84.7707 	EXP 	eyetracker.setRecordingState(False)
84.7779 	EXP 	eyetracker.setRecordingState(False)
84.7854 	EXP 	eyetracker.setRecordingState(False)
84.7929 	EXP 	eyetracker.setRecordingState(False)
84.7995 	EXP 	eyetracker.setRecordingState(False)
84.8062 	EXP 	eyetracker.setRecordingState(False)
84.8134 	EXP 	eyetracker.setRecordingState(False)
84.8192 	EXP 	eyetracker.setRecordingState(False)
84.8260 	EXP 	eyetracker.setRecordingState(False)
84.8328 	EXP 	eyetracker.setRecordingState(False)
84.8391 	EXP 	eyetracker.setRecordingState(False)
84.8468 	EXP 	eyetracker.setRecordingState(False)
84.8538 	EXP 	eyetracker.setRecordingState(False)
84.8611 	EXP 	eyetracker.setRecordingState(False)
84.8683 	EXP 	eyetracker.setRecordingState(False)
84.8760 	EXP 	eyetracker.setRecordingState(False)
84.8825 	EXP 	eyetracker.setRecordingState(False)
84.8884 	EXP 	eyetracker.setRecordingState(False)
84.8947 	EXP 	eyetracker.setRecordingState(False)
84.9022 	EXP 	eyetracker.setRecordingState(False)
84.9098 	EXP 	eyetracker.setRecordingState(False)
84.9165 	EXP 	eyetracker.setRecordingState(False)
84.9238 	EXP 	eyetracker.setRecordingState(False)
84.9307 	EXP 	eyetracker.setRecordingState(False)
84.9388 	EXP 	eyetracker.setRecordingState(False)
84.9459 	EXP 	eyetracker.setRecordingState(False)
84.9535 	EXP 	eyetracker.setRecordingState(False)
84.9612 	EXP 	eyetracker.setRecordingState(False)
84.9688 	EXP 	eyetracker.setRecordingState(False)
84.9784 	EXP 	eyetracker.setRecordingState(False)
84.9869 	EXP 	eyetracker.setRecordingState(False)
84.9952 	EXP 	eyetracker.setRecordingState(False)
85.0038 	EXP 	eyetracker.setRecordingState(False)
85.0122 	EXP 	eyetracker.setRecordingState(False)
85.0210 	EXP 	eyetracker.setRecordingState(False)
85.0298 	EXP 	eyetracker.setRecordingState(False)
85.0388 	EXP 	eyetracker.setRecordingState(False)
85.0488 	EXP 	eyetracker.setRecordingState(False)
85.0576 	EXP 	eyetracker.setRecordingState(False)
85.0664 	EXP 	eyetracker.setRecordingState(False)
85.0744 	EXP 	eyetracker.setRecordingState(False)
85.0836 	EXP 	eyetracker.setRecordingState(False)
85.0917 	EXP 	eyetracker.setRecordingState(False)
85.0987 	EXP 	eyetracker.setRecordingState(False)
85.1057 	EXP 	eyetracker.setRecordingState(False)
85.1127 	EXP 	eyetracker.setRecordingState(False)
85.1195 	EXP 	eyetracker.setRecordingState(False)
85.1273 	EXP 	eyetracker.setRecordingState(False)
85.1345 	EXP 	eyetracker.setRecordingState(False)
85.1416 	EXP 	eyetracker.setRecordingState(False)
85.1488 	EXP 	eyetracker.setRecordingState(False)
85.1554 	EXP 	eyetracker.setRecordingState(False)
85.1624 	EXP 	eyetracker.setRecordingState(False)
85.1694 	EXP 	eyetracker.setRecordingState(False)
85.1757 	EXP 	eyetracker.setRecordingState(False)
85.1826 	EXP 	eyetracker.setRecordingState(False)
85.1894 	EXP 	eyetracker.setRecordingState(False)
85.1962 	EXP 	eyetracker.setRecordingState(False)
85.2036 	EXP 	eyetracker.setRecordingState(False)
85.2104 	EXP 	eyetracker.setRecordingState(False)
85.2179 	EXP 	eyetracker.setRecordingState(False)
85.2253 	EXP 	eyetracker.setRecordingState(False)
85.2322 	EXP 	eyetracker.setRecordingState(False)
85.2391 	EXP 	eyetracker.setRecordingState(False)
85.2450 	EXP 	eyetracker.setRecordingState(False)
85.2521 	EXP 	eyetracker.setRecordingState(False)
85.2589 	EXP 	eyetracker.setRecordingState(False)
85.2664 	EXP 	eyetracker.setRecordingState(False)
85.2738 	EXP 	eyetracker.setRecordingState(False)
85.2812 	EXP 	eyetracker.setRecordingState(False)
85.2880 	EXP 	eyetracker.setRecordingState(False)
85.2950 	EXP 	eyetracker.setRecordingState(False)
85.3018 	EXP 	eyetracker.setRecordingState(False)
85.3088 	EXP 	eyetracker.setRecordingState(False)
85.3173 	EXP 	eyetracker.setRecordingState(False)
85.3249 	EXP 	eyetracker.setRecordingState(False)
85.3309 	EXP 	eyetracker.setRecordingState(False)
85.3379 	EXP 	eyetracker.setRecordingState(False)
85.3450 	EXP 	eyetracker.setRecordingState(False)
85.3515 	EXP 	eyetracker.setRecordingState(False)
85.3573 	EXP 	eyetracker.setRecordingState(False)
85.3640 	EXP 	eyetracker.setRecordingState(False)
85.3704 	EXP 	eyetracker.setRecordingState(False)
85.3777 	EXP 	eyetracker.setRecordingState(False)
85.3847 	EXP 	eyetracker.setRecordingState(False)
85.3907 	EXP 	eyetracker.setRecordingState(False)
85.3974 	EXP 	eyetracker.setRecordingState(False)
85.4034 	EXP 	eyetracker.setRecordingState(False)
85.4105 	EXP 	eyetracker.setRecordingState(False)
85.4182 	EXP 	eyetracker.setRecordingState(False)
85.4251 	EXP 	eyetracker.setRecordingState(False)
85.4320 	EXP 	eyetracker.setRecordingState(False)
85.4393 	EXP 	eyetracker.setRecordingState(False)
85.4474 	EXP 	eyetracker.setRecordingState(False)
85.4545 	EXP 	eyetracker.setRecordingState(False)
85.4620 	EXP 	eyetracker.setRecordingState(False)
85.4698 	EXP 	eyetracker.setRecordingState(False)
85.4768 	EXP 	eyetracker.setRecordingState(False)
85.4841 	EXP 	eyetracker.setRecordingState(False)
85.4914 	EXP 	eyetracker.setRecordingState(False)
85.5003 	EXP 	eyetracker.setRecordingState(False)
85.5090 	EXP 	eyetracker.setRecordingState(False)
85.5168 	EXP 	eyetracker.setRecordingState(False)
85.5232 	EXP 	eyetracker.setRecordingState(False)
85.5316 	EXP 	eyetracker.setRecordingState(False)
85.5391 	EXP 	eyetracker.setRecordingState(False)
85.5466 	EXP 	eyetracker.setRecordingState(False)
85.5537 	EXP 	eyetracker.setRecordingState(False)
85.5607 	EXP 	eyetracker.setRecordingState(False)
85.5685 	EXP 	eyetracker.setRecordingState(False)
85.5761 	EXP 	eyetracker.setRecordingState(False)
85.5840 	EXP 	eyetracker.setRecordingState(False)
85.5927 	EXP 	eyetracker.setRecordingState(False)
85.6009 	EXP 	eyetracker.setRecordingState(False)
85.6082 	EXP 	eyetracker.setRecordingState(False)
85.6160 	EXP 	eyetracker.setRecordingState(False)
85.6232 	EXP 	eyetracker.setRecordingState(False)
85.6302 	EXP 	eyetracker.setRecordingState(False)
85.6370 	EXP 	eyetracker.setRecordingState(False)
85.6447 	EXP 	eyetracker.setRecordingState(False)
85.6523 	EXP 	eyetracker.setRecordingState(False)
85.6601 	EXP 	eyetracker.setRecordingState(False)
85.6682 	EXP 	eyetracker.setRecordingState(False)
85.6764 	EXP 	eyetracker.setRecordingState(False)
85.6845 	EXP 	eyetracker.setRecordingState(False)
85.6919 	EXP 	eyetracker.setRecordingState(False)
85.6991 	EXP 	eyetracker.setRecordingState(False)
85.7062 	EXP 	eyetracker.setRecordingState(False)
85.7133 	EXP 	eyetracker.setRecordingState(False)
85.7212 	EXP 	eyetracker.setRecordingState(False)
85.7297 	EXP 	eyetracker.setRecordingState(False)
85.7370 	EXP 	eyetracker.setRecordingState(False)
85.7445 	EXP 	eyetracker.setRecordingState(False)
85.7535 	EXP 	eyetracker.setRecordingState(False)
85.7616 	EXP 	eyetracker.setRecordingState(False)
85.7689 	EXP 	eyetracker.setRecordingState(False)
85.7761 	EXP 	eyetracker.setRecordingState(False)
85.7832 	EXP 	eyetracker.setRecordingState(False)
85.7903 	EXP 	eyetracker.setRecordingState(False)
85.7968 	EXP 	eyetracker.setRecordingState(False)
85.8037 	EXP 	eyetracker.setRecordingState(False)
85.8113 	EXP 	eyetracker.setRecordingState(False)
85.8187 	EXP 	eyetracker.setRecordingState(False)
85.8262 	EXP 	eyetracker.setRecordingState(False)
85.8342 	EXP 	eyetracker.setRecordingState(False)
85.8418 	EXP 	eyetracker.setRecordingState(False)
85.8505 	EXP 	eyetracker.setRecordingState(False)
85.8578 	EXP 	eyetracker.setRecordingState(False)
85.8667 	EXP 	eyetracker.setRecordingState(False)
85.8748 	EXP 	eyetracker.setRecordingState(False)
85.8833 	EXP 	eyetracker.setRecordingState(False)
85.8916 	EXP 	eyetracker.setRecordingState(False)
85.8996 	EXP 	eyetracker.setRecordingState(False)
85.9085 	EXP 	eyetracker.setRecordingState(False)
85.9162 	EXP 	eyetracker.setRecordingState(False)
85.9234 	EXP 	eyetracker.setRecordingState(False)
85.9308 	EXP 	eyetracker.setRecordingState(False)
85.9382 	EXP 	eyetracker.setRecordingState(False)
85.9472 	EXP 	eyetracker.setRecordingState(False)
85.9541 	EXP 	eyetracker.setRecordingState(False)
85.9620 	EXP 	eyetracker.setRecordingState(False)
85.9689 	EXP 	eyetracker.setRecordingState(False)
85.9766 	EXP 	eyetracker.setRecordingState(False)
85.9847 	EXP 	eyetracker.setRecordingState(False)
85.9925 	EXP 	eyetracker.setRecordingState(False)
86.0005 	EXP 	eyetracker.setRecordingState(False)
86.0085 	EXP 	eyetracker.setRecordingState(False)
86.0172 	EXP 	eyetracker.setRecordingState(False)
86.0260 	EXP 	eyetracker.setRecordingState(False)
86.0341 	EXP 	eyetracker.setRecordingState(False)
86.0422 	EXP 	eyetracker.setRecordingState(False)
86.0495 	EXP 	eyetracker.setRecordingState(False)
86.0564 	EXP 	eyetracker.setRecordingState(False)
86.0631 	EXP 	eyetracker.setRecordingState(False)
86.0695 	EXP 	eyetracker.setRecordingState(False)
86.0762 	EXP 	eyetracker.setRecordingState(False)
86.0833 	EXP 	eyetracker.setRecordingState(False)
86.0901 	EXP 	eyetracker.setRecordingState(False)
86.0971 	EXP 	eyetracker.setRecordingState(False)
86.1041 	EXP 	eyetracker.setRecordingState(False)
86.1102 	EXP 	eyetracker.setRecordingState(False)
86.1171 	EXP 	eyetracker.setRecordingState(False)
86.1260 	EXP 	eyetracker.setRecordingState(False)
86.1342 	EXP 	eyetracker.setRecordingState(False)
86.1424 	EXP 	eyetracker.setRecordingState(False)
86.1534 	EXP 	eyetracker.setRecordingState(False)
86.1652 	EXP 	eyetracker.setRecordingState(False)
86.1726 	EXP 	eyetracker.setRecordingState(False)
86.1809 	EXP 	eyetracker.setRecordingState(False)
86.1893 	EXP 	eyetracker.setRecordingState(False)
86.1983 	EXP 	eyetracker.setRecordingState(False)
86.2086 	EXP 	eyetracker.setRecordingState(False)
86.2171 	EXP 	eyetracker.setRecordingState(False)
86.2247 	EXP 	eyetracker.setRecordingState(False)
86.2331 	EXP 	eyetracker.setRecordingState(False)
86.2433 	EXP 	eyetracker.setRecordingState(False)
86.2513 	EXP 	eyetracker.setRecordingState(False)
86.2593 	EXP 	eyetracker.setRecordingState(False)
86.2672 	EXP 	eyetracker.setRecordingState(False)
86.2790 	EXP 	eyetracker.setRecordingState(False)
86.2875 	EXP 	eyetracker.setRecordingState(False)
86.2955 	EXP 	eyetracker.setRecordingState(False)
86.3045 	EXP 	eyetracker.setRecordingState(False)
86.3134 	EXP 	eyetracker.setRecordingState(False)
86.3209 	EXP 	eyetracker.setRecordingState(False)
86.3282 	EXP 	eyetracker.setRecordingState(False)
86.3365 	EXP 	eyetracker.setRecordingState(False)
86.3451 	EXP 	eyetracker.setRecordingState(False)
86.3539 	EXP 	eyetracker.setRecordingState(False)
86.3619 	EXP 	eyetracker.setRecordingState(False)
86.3674 	EXP 	eyetracker.setRecordingState(False)
86.3735 	EXP 	eyetracker.setRecordingState(False)
86.3795 	EXP 	eyetracker.setRecordingState(False)
86.3867 	EXP 	eyetracker.setRecordingState(False)
86.3927 	EXP 	eyetracker.setRecordingState(False)
86.3984 	EXP 	eyetracker.setRecordingState(False)
86.4053 	EXP 	eyetracker.setRecordingState(False)
86.4125 	EXP 	eyetracker.setRecordingState(False)
86.4193 	EXP 	eyetracker.setRecordingState(False)
86.4266 	EXP 	eyetracker.setRecordingState(False)
86.4333 	EXP 	eyetracker.setRecordingState(False)
86.4405 	EXP 	eyetracker.setRecordingState(False)
86.4472 	EXP 	eyetracker.setRecordingState(False)
86.4546 	EXP 	eyetracker.setRecordingState(False)
86.4613 	EXP 	eyetracker.setRecordingState(False)
86.4681 	EXP 	eyetracker.setRecordingState(False)
86.4755 	EXP 	eyetracker.setRecordingState(False)
86.4822 	EXP 	eyetracker.setRecordingState(False)
86.4892 	EXP 	eyetracker.setRecordingState(False)
86.4962 	EXP 	eyetracker.setRecordingState(False)
86.5030 	EXP 	eyetracker.setRecordingState(False)
86.5102 	EXP 	eyetracker.setRecordingState(False)
86.5174 	EXP 	eyetracker.setRecordingState(False)
86.5243 	EXP 	eyetracker.setRecordingState(False)
86.5311 	EXP 	eyetracker.setRecordingState(False)
86.5382 	EXP 	eyetracker.setRecordingState(False)
86.5449 	EXP 	eyetracker.setRecordingState(False)
86.5519 	EXP 	eyetracker.setRecordingState(False)
86.5584 	EXP 	eyetracker.setRecordingState(False)
86.5662 	EXP 	eyetracker.setRecordingState(False)
86.5737 	EXP 	eyetracker.setRecordingState(False)
86.5802 	EXP 	eyetracker.setRecordingState(False)
86.5875 	EXP 	eyetracker.setRecordingState(False)
86.5942 	EXP 	eyetracker.setRecordingState(False)
86.6018 	EXP 	eyetracker.setRecordingState(False)
86.6093 	EXP 	eyetracker.setRecordingState(False)
86.6172 	EXP 	eyetracker.setRecordingState(False)
86.6242 	EXP 	eyetracker.setRecordingState(False)
86.6320 	EXP 	eyetracker.setRecordingState(False)
86.6403 	EXP 	eyetracker.setRecordingState(False)
86.6496 	EXP 	eyetracker.setRecordingState(False)
86.6570 	EXP 	eyetracker.setRecordingState(False)
86.6655 	EXP 	eyetracker.setRecordingState(False)
86.6731 	EXP 	eyetracker.setRecordingState(False)
86.6806 	EXP 	eyetracker.setRecordingState(False)
86.6881 	EXP 	eyetracker.setRecordingState(False)
86.6960 	EXP 	eyetracker.setRecordingState(False)
86.7038 	EXP 	eyetracker.setRecordingState(False)
86.7113 	EXP 	eyetracker.setRecordingState(False)
86.7185 	EXP 	eyetracker.setRecordingState(False)
86.7274 	EXP 	eyetracker.setRecordingState(False)
86.7348 	EXP 	eyetracker.setRecordingState(False)
86.7418 	EXP 	eyetracker.setRecordingState(False)
86.7487 	EXP 	eyetracker.setRecordingState(False)
86.7554 	EXP 	eyetracker.setRecordingState(False)
86.7621 	EXP 	eyetracker.setRecordingState(False)
86.7687 	EXP 	eyetracker.setRecordingState(False)
86.7753 	EXP 	eyetracker.setRecordingState(False)
86.7818 	EXP 	eyetracker.setRecordingState(False)
86.7892 	EXP 	eyetracker.setRecordingState(False)
86.7967 	EXP 	eyetracker.setRecordingState(False)
86.8043 	EXP 	eyetracker.setRecordingState(False)
86.8126 	EXP 	eyetracker.setRecordingState(False)
86.8225 	EXP 	eyetracker.setRecordingState(False)
86.8309 	EXP 	eyetracker.setRecordingState(False)
86.8397 	EXP 	eyetracker.setRecordingState(False)
86.8480 	EXP 	eyetracker.setRecordingState(False)
86.8567 	EXP 	eyetracker.setRecordingState(False)
86.8671 	EXP 	eyetracker.setRecordingState(False)
86.8769 	EXP 	eyetracker.setRecordingState(False)
86.8881 	EXP 	eyetracker.setRecordingState(False)
86.8954 	EXP 	eyetracker.setRecordingState(False)
86.9030 	EXP 	eyetracker.setRecordingState(False)
86.9106 	EXP 	eyetracker.setRecordingState(False)
86.9178 	EXP 	eyetracker.setRecordingState(False)
86.9268 	EXP 	eyetracker.setRecordingState(False)
86.9339 	EXP 	eyetracker.setRecordingState(False)
86.9422 	EXP 	eyetracker.setRecordingState(False)
86.9489 	EXP 	eyetracker.setRecordingState(False)
86.9572 	EXP 	eyetracker.setRecordingState(False)
86.9647 	EXP 	eyetracker.setRecordingState(False)
86.9723 	EXP 	eyetracker.setRecordingState(False)
86.9798 	EXP 	eyetracker.setRecordingState(False)
86.9869 	EXP 	eyetracker.setRecordingState(False)
86.9949 	EXP 	eyetracker.setRecordingState(False)
87.0017 	EXP 	eyetracker.setRecordingState(False)
87.0099 	EXP 	eyetracker.setRecordingState(False)
87.0186 	EXP 	eyetracker.setRecordingState(False)
87.0265 	EXP 	eyetracker.setRecordingState(False)
87.0340 	EXP 	eyetracker.setRecordingState(False)
87.0412 	EXP 	eyetracker.setRecordingState(False)
87.0483 	EXP 	eyetracker.setRecordingState(False)
87.0563 	EXP 	eyetracker.setRecordingState(False)
87.0633 	EXP 	eyetracker.setRecordingState(False)
87.0702 	EXP 	eyetracker.setRecordingState(False)
87.0770 	EXP 	eyetracker.setRecordingState(False)
87.0848 	EXP 	eyetracker.setRecordingState(False)
87.0927 	EXP 	eyetracker.setRecordingState(False)
87.1019 	EXP 	eyetracker.setRecordingState(False)
87.1112 	EXP 	eyetracker.setRecordingState(False)
87.1188 	EXP 	eyetracker.setRecordingState(False)
87.1268 	EXP 	eyetracker.setRecordingState(False)
87.1370 	EXP 	eyetracker.setRecordingState(False)
87.1482 	EXP 	eyetracker.setRecordingState(False)
87.1615 	EXP 	eyetracker.setRecordingState(False)
87.1734 	EXP 	eyetracker.setRecordingState(False)
87.1845 	EXP 	eyetracker.setRecordingState(False)
87.1960 	EXP 	eyetracker.setRecordingState(False)
87.2126 	EXP 	eyetracker.setRecordingState(False)
87.2251 	EXP 	eyetracker.setRecordingState(False)
87.2377 	EXP 	eyetracker.setRecordingState(False)
87.2493 	EXP 	eyetracker.setRecordingState(False)
87.2596 	EXP 	eyetracker.setRecordingState(False)
87.2722 	EXP 	eyetracker.setRecordingState(False)
87.2816 	EXP 	eyetracker.setRecordingState(False)
87.2937 	EXP 	eyetracker.setRecordingState(False)
87.3034 	EXP 	eyetracker.setRecordingState(False)
87.3133 	EXP 	eyetracker.setRecordingState(False)
87.3239 	EXP 	eyetracker.setRecordingState(False)
87.3347 	EXP 	eyetracker.setRecordingState(False)
87.3431 	EXP 	eyetracker.setRecordingState(False)
87.3523 	EXP 	eyetracker.setRecordingState(False)
87.3593 	EXP 	eyetracker.setRecordingState(False)
87.3661 	EXP 	eyetracker.setRecordingState(False)
87.3732 	EXP 	eyetracker.setRecordingState(False)
87.3816 	EXP 	eyetracker.setRecordingState(False)
87.3889 	EXP 	eyetracker.setRecordingState(False)
87.3955 	EXP 	eyetracker.setRecordingState(False)
87.4025 	EXP 	eyetracker.setRecordingState(False)
87.4098 	EXP 	eyetracker.setRecordingState(False)
87.4185 	EXP 	eyetracker.setRecordingState(False)
87.4255 	EXP 	eyetracker.setRecordingState(False)
87.4325 	EXP 	eyetracker.setRecordingState(False)
87.4395 	EXP 	eyetracker.setRecordingState(False)
87.4463 	EXP 	eyetracker.setRecordingState(False)
87.4529 	EXP 	eyetracker.setRecordingState(False)
87.4600 	EXP 	eyetracker.setRecordingState(False)
87.4669 	EXP 	eyetracker.setRecordingState(False)
87.4744 	EXP 	eyetracker.setRecordingState(False)
87.4814 	EXP 	eyetracker.setRecordingState(False)
87.4889 	EXP 	eyetracker.setRecordingState(False)
87.4959 	EXP 	eyetracker.setRecordingState(False)
87.5027 	EXP 	eyetracker.setRecordingState(False)
87.5104 	EXP 	eyetracker.setRecordingState(False)
87.5180 	EXP 	eyetracker.setRecordingState(False)
87.5267 	EXP 	eyetracker.setRecordingState(False)
87.5365 	EXP 	eyetracker.setRecordingState(False)
87.5439 	EXP 	eyetracker.setRecordingState(False)
87.5510 	EXP 	eyetracker.setRecordingState(False)
87.5583 	EXP 	eyetracker.setRecordingState(False)
87.5649 	EXP 	eyetracker.setRecordingState(False)
87.5719 	EXP 	eyetracker.setRecordingState(False)
87.5788 	EXP 	eyetracker.setRecordingState(False)
87.5876 	EXP 	eyetracker.setRecordingState(False)
87.5941 	EXP 	eyetracker.setRecordingState(False)
87.6000 	EXP 	eyetracker.setRecordingState(False)
87.6064 	EXP 	eyetracker.setRecordingState(False)
87.6119 	EXP 	eyetracker.setRecordingState(False)
87.6185 	EXP 	eyetracker.setRecordingState(False)
87.6257 	EXP 	eyetracker.setRecordingState(False)
87.6333 	EXP 	eyetracker.setRecordingState(False)
87.6409 	EXP 	eyetracker.setRecordingState(False)
87.6472 	EXP 	eyetracker.setRecordingState(False)
87.6539 	EXP 	eyetracker.setRecordingState(False)
87.6608 	EXP 	eyetracker.setRecordingState(False)
87.6673 	EXP 	eyetracker.setRecordingState(False)
87.6736 	EXP 	eyetracker.setRecordingState(False)
87.6806 	EXP 	eyetracker.setRecordingState(False)
87.6875 	EXP 	eyetracker.setRecordingState(False)
87.6944 	EXP 	eyetracker.setRecordingState(False)
87.7010 	EXP 	eyetracker.setRecordingState(False)
87.7074 	EXP 	eyetracker.setRecordingState(False)
87.7154 	EXP 	eyetracker.setRecordingState(False)
87.7237 	EXP 	eyetracker.setRecordingState(False)
87.7310 	EXP 	eyetracker.setRecordingState(False)
87.7387 	EXP 	eyetracker.setRecordingState(False)
87.7469 	EXP 	eyetracker.setRecordingState(False)
87.7538 	EXP 	eyetracker.setRecordingState(False)
87.7614 	EXP 	eyetracker.setRecordingState(False)
87.7686 	EXP 	eyetracker.setRecordingState(False)
87.7761 	EXP 	eyetracker.setRecordingState(False)
87.7854 	EXP 	eyetracker.setRecordingState(False)
87.7927 	EXP 	eyetracker.setRecordingState(False)
87.8008 	EXP 	eyetracker.setRecordingState(False)
87.8081 	EXP 	eyetracker.setRecordingState(False)
87.8153 	EXP 	eyetracker.setRecordingState(False)
87.8227 	EXP 	eyetracker.setRecordingState(False)
87.8308 	EXP 	eyetracker.setRecordingState(False)
87.8393 	EXP 	eyetracker.setRecordingState(False)
87.8489 	EXP 	eyetracker.setRecordingState(False)
87.8565 	EXP 	eyetracker.setRecordingState(False)
87.8641 	EXP 	eyetracker.setRecordingState(False)
87.8716 	EXP 	eyetracker.setRecordingState(False)
87.8787 	EXP 	eyetracker.setRecordingState(False)
87.8850 	EXP 	eyetracker.setRecordingState(False)
87.8917 	EXP 	eyetracker.setRecordingState(False)
87.8986 	EXP 	eyetracker.setRecordingState(False)
87.9057 	EXP 	eyetracker.setRecordingState(False)
87.9129 	EXP 	eyetracker.setRecordingState(False)
87.9195 	EXP 	eyetracker.setRecordingState(False)
87.9271 	EXP 	eyetracker.setRecordingState(False)
87.9351 	EXP 	eyetracker.setRecordingState(False)
87.9421 	EXP 	eyetracker.setRecordingState(False)
87.9485 	EXP 	eyetracker.setRecordingState(False)
87.9551 	EXP 	eyetracker.setRecordingState(False)
87.9612 	EXP 	eyetracker.setRecordingState(False)
87.9685 	EXP 	eyetracker.setRecordingState(False)
87.9758 	EXP 	eyetracker.setRecordingState(False)
87.9824 	EXP 	eyetracker.setRecordingState(False)
87.9901 	EXP 	eyetracker.setRecordingState(False)
87.9977 	EXP 	eyetracker.setRecordingState(False)
88.0044 	EXP 	eyetracker.setRecordingState(False)
88.0113 	EXP 	eyetracker.setRecordingState(False)
88.0179 	EXP 	eyetracker.setRecordingState(False)
88.0244 	EXP 	eyetracker.setRecordingState(False)
88.0317 	EXP 	eyetracker.setRecordingState(False)
88.0400 	EXP 	eyetracker.setRecordingState(False)
88.0471 	EXP 	eyetracker.setRecordingState(False)
88.0539 	EXP 	eyetracker.setRecordingState(False)
88.0606 	EXP 	eyetracker.setRecordingState(False)
88.0677 	EXP 	eyetracker.setRecordingState(False)
88.0744 	EXP 	eyetracker.setRecordingState(False)
88.0816 	EXP 	eyetracker.setRecordingState(False)
88.0896 	EXP 	eyetracker.setRecordingState(False)
88.0969 	EXP 	eyetracker.setRecordingState(False)
88.1050 	EXP 	eyetracker.setRecordingState(False)
88.1143 	EXP 	eyetracker.setRecordingState(False)
88.1220 	EXP 	eyetracker.setRecordingState(False)
88.1297 	EXP 	eyetracker.setRecordingState(False)
88.1375 	EXP 	eyetracker.setRecordingState(False)
88.1459 	EXP 	eyetracker.setRecordingState(False)
88.1540 	EXP 	eyetracker.setRecordingState(False)
88.1614 	EXP 	eyetracker.setRecordingState(False)
88.1688 	EXP 	eyetracker.setRecordingState(False)
88.1786 	EXP 	eyetracker.setRecordingState(False)
88.1864 	EXP 	eyetracker.setRecordingState(False)
88.1946 	EXP 	eyetracker.setRecordingState(False)
88.2033 	EXP 	eyetracker.setRecordingState(False)
88.2127 	EXP 	eyetracker.setRecordingState(False)
88.2207 	EXP 	eyetracker.setRecordingState(False)
88.2278 	EXP 	eyetracker.setRecordingState(False)
88.2353 	EXP 	eyetracker.setRecordingState(False)
88.2430 	EXP 	eyetracker.setRecordingState(False)
88.2506 	EXP 	eyetracker.setRecordingState(False)
88.2580 	EXP 	eyetracker.setRecordingState(False)
88.2662 	EXP 	eyetracker.setRecordingState(False)
88.2744 	EXP 	eyetracker.setRecordingState(False)
88.2833 	EXP 	eyetracker.setRecordingState(False)
88.2920 	EXP 	eyetracker.setRecordingState(False)
88.2996 	EXP 	eyetracker.setRecordingState(False)
88.3082 	EXP 	eyetracker.setRecordingState(False)
88.3173 	EXP 	eyetracker.setRecordingState(False)
88.3251 	EXP 	eyetracker.setRecordingState(False)
88.3324 	EXP 	eyetracker.setRecordingState(False)
88.3402 	EXP 	eyetracker.setRecordingState(False)
88.3473 	EXP 	eyetracker.setRecordingState(False)
88.3555 	EXP 	eyetracker.setRecordingState(False)
88.3625 	EXP 	eyetracker.setRecordingState(False)
88.3703 	EXP 	eyetracker.setRecordingState(False)
88.3796 	EXP 	eyetracker.setRecordingState(False)
88.3876 	EXP 	eyetracker.setRecordingState(False)
88.3945 	EXP 	eyetracker.setRecordingState(False)
88.4018 	EXP 	eyetracker.setRecordingState(False)
88.4091 	EXP 	eyetracker.setRecordingState(False)
88.4168 	EXP 	eyetracker.setRecordingState(False)
88.4248 	EXP 	eyetracker.setRecordingState(False)
88.4321 	EXP 	eyetracker.setRecordingState(False)
88.4391 	EXP 	eyetracker.setRecordingState(False)
88.4472 	EXP 	eyetracker.setRecordingState(False)
88.4547 	EXP 	eyetracker.setRecordingState(False)
88.4636 	EXP 	eyetracker.setRecordingState(False)
88.4715 	EXP 	eyetracker.setRecordingState(False)
88.4803 	EXP 	eyetracker.setRecordingState(False)
88.4884 	EXP 	eyetracker.setRecordingState(False)
88.4960 	EXP 	eyetracker.setRecordingState(False)
88.5060 	EXP 	eyetracker.setRecordingState(False)
88.5140 	EXP 	eyetracker.setRecordingState(False)
88.5210 	EXP 	eyetracker.setRecordingState(False)
88.5284 	EXP 	eyetracker.setRecordingState(False)
88.5361 	EXP 	eyetracker.setRecordingState(False)
88.5433 	EXP 	eyetracker.setRecordingState(False)
88.5514 	EXP 	eyetracker.setRecordingState(False)
88.5603 	EXP 	eyetracker.setRecordingState(False)
88.5704 	EXP 	eyetracker.setRecordingState(False)
88.5780 	EXP 	eyetracker.setRecordingState(False)
88.5875 	EXP 	eyetracker.setRecordingState(False)
88.5969 	EXP 	eyetracker.setRecordingState(False)
88.6048 	EXP 	eyetracker.setRecordingState(False)
88.6124 	EXP 	eyetracker.setRecordingState(False)
88.6200 	EXP 	eyetracker.setRecordingState(False)
88.6272 	EXP 	eyetracker.setRecordingState(False)
88.6348 	EXP 	eyetracker.setRecordingState(False)
88.6416 	EXP 	eyetracker.setRecordingState(False)
88.6493 	EXP 	eyetracker.setRecordingState(False)
88.6572 	EXP 	eyetracker.setRecordingState(False)
88.6656 	EXP 	eyetracker.setRecordingState(False)
88.6731 	EXP 	eyetracker.setRecordingState(False)
88.6817 	EXP 	eyetracker.setRecordingState(False)
88.6894 	EXP 	eyetracker.setRecordingState(False)
88.6978 	EXP 	eyetracker.setRecordingState(False)
88.7056 	EXP 	eyetracker.setRecordingState(False)
88.7143 	EXP 	eyetracker.setRecordingState(False)
88.7227 	EXP 	eyetracker.setRecordingState(False)
88.7307 	EXP 	eyetracker.setRecordingState(False)
88.7379 	EXP 	eyetracker.setRecordingState(False)
88.7450 	EXP 	eyetracker.setRecordingState(False)
88.7524 	EXP 	eyetracker.setRecordingState(False)
88.7593 	EXP 	eyetracker.setRecordingState(False)
88.7664 	EXP 	eyetracker.setRecordingState(False)
88.7745 	EXP 	eyetracker.setRecordingState(False)
88.7814 	EXP 	eyetracker.setRecordingState(False)
88.7899 	EXP 	eyetracker.setRecordingState(False)
88.7974 	EXP 	eyetracker.setRecordingState(False)
88.8063 	EXP 	eyetracker.setRecordingState(False)
88.8138 	EXP 	eyetracker.setRecordingState(False)
88.8218 	EXP 	eyetracker.setRecordingState(False)
88.8290 	EXP 	eyetracker.setRecordingState(False)
88.8375 	EXP 	eyetracker.setRecordingState(False)
88.8460 	EXP 	eyetracker.setRecordingState(False)
88.8550 	EXP 	eyetracker.setRecordingState(False)
88.8630 	EXP 	eyetracker.setRecordingState(False)
88.8706 	EXP 	eyetracker.setRecordingState(False)
88.8781 	EXP 	eyetracker.setRecordingState(False)
88.8850 	EXP 	eyetracker.setRecordingState(False)
88.8921 	EXP 	eyetracker.setRecordingState(False)
88.8987 	EXP 	eyetracker.setRecordingState(False)
88.9059 	EXP 	eyetracker.setRecordingState(False)
88.9142 	EXP 	eyetracker.setRecordingState(False)
88.9220 	EXP 	eyetracker.setRecordingState(False)
88.9313 	EXP 	eyetracker.setRecordingState(False)
88.9415 	EXP 	eyetracker.setRecordingState(False)
88.9492 	EXP 	eyetracker.setRecordingState(False)
88.9583 	EXP 	eyetracker.setRecordingState(False)
88.9655 	EXP 	eyetracker.setRecordingState(False)
88.9743 	EXP 	eyetracker.setRecordingState(False)
88.9825 	EXP 	eyetracker.setRecordingState(False)
88.9902 	EXP 	eyetracker.setRecordingState(False)
88.9973 	EXP 	eyetracker.setRecordingState(False)
89.0053 	EXP 	eyetracker.setRecordingState(False)
89.0126 	EXP 	eyetracker.setRecordingState(False)
89.0201 	EXP 	eyetracker.setRecordingState(False)
89.0275 	EXP 	eyetracker.setRecordingState(False)
89.0366 	EXP 	eyetracker.setRecordingState(False)
89.0443 	EXP 	eyetracker.setRecordingState(False)
89.0520 	EXP 	eyetracker.setRecordingState(False)
89.0595 	EXP 	eyetracker.setRecordingState(False)
89.0660 	EXP 	eyetracker.setRecordingState(False)
89.0729 	EXP 	eyetracker.setRecordingState(False)
89.0800 	EXP 	eyetracker.setRecordingState(False)
89.0867 	EXP 	eyetracker.setRecordingState(False)
89.0942 	EXP 	eyetracker.setRecordingState(False)
89.1014 	EXP 	eyetracker.setRecordingState(False)
89.1079 	EXP 	eyetracker.setRecordingState(False)
89.1153 	EXP 	eyetracker.setRecordingState(False)
89.1226 	EXP 	eyetracker.setRecordingState(False)
89.1293 	EXP 	eyetracker.setRecordingState(False)
89.1367 	EXP 	eyetracker.setRecordingState(False)
89.1438 	EXP 	eyetracker.setRecordingState(False)
89.1512 	EXP 	eyetracker.setRecordingState(False)
89.1580 	EXP 	eyetracker.setRecordingState(False)
89.1647 	EXP 	eyetracker.setRecordingState(False)
89.1720 	EXP 	eyetracker.setRecordingState(False)
89.1797 	EXP 	eyetracker.setRecordingState(False)
89.1875 	EXP 	eyetracker.setRecordingState(False)
89.1961 	EXP 	eyetracker.setRecordingState(False)
89.2044 	EXP 	eyetracker.setRecordingState(False)
89.2115 	EXP 	eyetracker.setRecordingState(False)
89.2203 	EXP 	eyetracker.setRecordingState(False)
89.2286 	EXP 	eyetracker.setRecordingState(False)
89.2372 	EXP 	eyetracker.setRecordingState(False)
89.2465 	EXP 	eyetracker.setRecordingState(False)
89.2557 	EXP 	eyetracker.setRecordingState(False)
89.2637 	EXP 	eyetracker.setRecordingState(False)
89.2733 	EXP 	eyetracker.setRecordingState(False)
89.2832 	EXP 	eyetracker.setRecordingState(False)
89.2920 	EXP 	eyetracker.setRecordingState(False)
89.3006 	EXP 	eyetracker.setRecordingState(False)
89.3107 	EXP 	eyetracker.setRecordingState(False)
89.3203 	EXP 	eyetracker.setRecordingState(False)
89.3283 	EXP 	eyetracker.setRecordingState(False)
89.3378 	EXP 	eyetracker.setRecordingState(False)
89.3465 	EXP 	eyetracker.setRecordingState(False)
89.3545 	EXP 	eyetracker.setRecordingState(False)
89.3631 	EXP 	eyetracker.setRecordingState(False)
89.3720 	EXP 	eyetracker.setRecordingState(False)
89.3806 	EXP 	eyetracker.setRecordingState(False)
89.3885 	EXP 	eyetracker.setRecordingState(False)
89.3975 	EXP 	eyetracker.setRecordingState(False)
89.4049 	EXP 	eyetracker.setRecordingState(False)
89.4131 	EXP 	eyetracker.setRecordingState(False)
89.4218 	EXP 	eyetracker.setRecordingState(False)
89.4320 	EXP 	eyetracker.setRecordingState(False)
89.4429 	EXP 	eyetracker.setRecordingState(False)
89.4520 	EXP 	eyetracker.setRecordingState(False)
89.4622 	EXP 	eyetracker.setRecordingState(False)
89.4710 	EXP 	eyetracker.setRecordingState(False)
89.4795 	EXP 	eyetracker.setRecordingState(False)
89.4881 	EXP 	eyetracker.setRecordingState(False)
89.4984 	EXP 	eyetracker.setRecordingState(False)
89.5071 	EXP 	eyetracker.setRecordingState(False)
89.5152 	EXP 	eyetracker.setRecordingState(False)
89.5256 	EXP 	eyetracker.setRecordingState(False)
89.5354 	EXP 	eyetracker.setRecordingState(False)
89.5448 	EXP 	eyetracker.setRecordingState(False)
89.5543 	EXP 	eyetracker.setRecordingState(False)
89.5648 	EXP 	eyetracker.setRecordingState(False)
89.5745 	EXP 	eyetracker.setRecordingState(False)
89.5841 	EXP 	eyetracker.setRecordingState(False)
89.5935 	EXP 	eyetracker.setRecordingState(False)
89.6041 	EXP 	eyetracker.setRecordingState(False)
89.6136 	EXP 	eyetracker.setRecordingState(False)
89.6237 	EXP 	eyetracker.setRecordingState(False)
89.6338 	EXP 	eyetracker.setRecordingState(False)
89.6442 	EXP 	eyetracker.setRecordingState(False)
89.6546 	EXP 	eyetracker.setRecordingState(False)
89.6651 	EXP 	eyetracker.setRecordingState(False)
89.6751 	EXP 	eyetracker.setRecordingState(False)
89.6849 	EXP 	eyetracker.setRecordingState(False)
89.6947 	EXP 	eyetracker.setRecordingState(False)
89.7041 	EXP 	eyetracker.setRecordingState(False)
89.7138 	EXP 	eyetracker.setRecordingState(False)
89.7236 	EXP 	eyetracker.setRecordingState(False)
89.7336 	EXP 	eyetracker.setRecordingState(False)
89.7441 	EXP 	eyetracker.setRecordingState(False)
89.7545 	EXP 	eyetracker.setRecordingState(False)
89.7650 	EXP 	eyetracker.setRecordingState(False)
89.7738 	EXP 	eyetracker.setRecordingState(False)
89.7823 	EXP 	eyetracker.setRecordingState(False)
89.7916 	EXP 	eyetracker.setRecordingState(False)
89.8008 	EXP 	eyetracker.setRecordingState(False)
89.8112 	EXP 	eyetracker.setRecordingState(False)
89.8200 	EXP 	eyetracker.setRecordingState(False)
89.8284 	EXP 	eyetracker.setRecordingState(False)
89.8386 	EXP 	eyetracker.setRecordingState(False)
89.8472 	EXP 	eyetracker.setRecordingState(False)
89.8559 	EXP 	eyetracker.setRecordingState(False)
89.8632 	EXP 	eyetracker.setRecordingState(False)
89.8720 	EXP 	eyetracker.setRecordingState(False)
89.8803 	EXP 	eyetracker.setRecordingState(False)
89.8886 	EXP 	eyetracker.setRecordingState(False)
89.8954 	EXP 	eyetracker.setRecordingState(False)
89.9028 	EXP 	eyetracker.setRecordingState(False)
89.9098 	EXP 	eyetracker.setRecordingState(False)
89.9195 	EXP 	eyetracker.setRecordingState(False)
89.9264 	EXP 	eyetracker.setRecordingState(False)
89.9352 	EXP 	eyetracker.setRecordingState(False)
89.9432 	EXP 	eyetracker.setRecordingState(False)
89.9509 	EXP 	eyetracker.setRecordingState(False)
89.9593 	EXP 	eyetracker.setRecordingState(False)
89.9678 	EXP 	eyetracker.setRecordingState(False)
89.9768 	EXP 	eyetracker.setRecordingState(False)
89.9853 	EXP 	eyetracker.setRecordingState(False)
89.9935 	EXP 	eyetracker.setRecordingState(False)
90.0013 	EXP 	eyetracker.setRecordingState(False)
90.0113 	EXP 	eyetracker.setRecordingState(False)
90.0202 	EXP 	eyetracker.setRecordingState(False)
90.0285 	EXP 	eyetracker.setRecordingState(False)
90.0364 	EXP 	eyetracker.setRecordingState(False)
90.0440 	EXP 	eyetracker.setRecordingState(False)
90.0511 	EXP 	eyetracker.setRecordingState(False)
90.0585 	EXP 	eyetracker.setRecordingState(False)
90.0662 	EXP 	eyetracker.setRecordingState(False)
90.0767 	EXP 	eyetracker.setRecordingState(False)
90.0847 	EXP 	eyetracker.setRecordingState(False)
90.0919 	EXP 	eyetracker.setRecordingState(False)
90.0986 	EXP 	eyetracker.setRecordingState(False)
90.1056 	EXP 	eyetracker.setRecordingState(False)
90.1130 	EXP 	eyetracker.setRecordingState(False)
90.1203 	EXP 	eyetracker.setRecordingState(False)
90.1281 	EXP 	eyetracker.setRecordingState(False)
90.1364 	EXP 	eyetracker.setRecordingState(False)
90.1446 	EXP 	eyetracker.setRecordingState(False)
90.1530 	EXP 	eyetracker.setRecordingState(False)
90.1610 	EXP 	eyetracker.setRecordingState(False)
90.1683 	EXP 	eyetracker.setRecordingState(False)
90.1750 	EXP 	eyetracker.setRecordingState(False)
90.1821 	EXP 	eyetracker.setRecordingState(False)
90.1897 	EXP 	eyetracker.setRecordingState(False)
90.1963 	EXP 	eyetracker.setRecordingState(False)
90.2032 	EXP 	eyetracker.setRecordingState(False)
90.2113 	EXP 	eyetracker.setRecordingState(False)
90.2189 	EXP 	eyetracker.setRecordingState(False)
90.2254 	EXP 	eyetracker.setRecordingState(False)
90.2325 	EXP 	eyetracker.setRecordingState(False)
90.2399 	EXP 	eyetracker.setRecordingState(False)
90.2492 	EXP 	eyetracker.setRecordingState(False)
90.2575 	EXP 	eyetracker.setRecordingState(False)
90.2648 	EXP 	eyetracker.setRecordingState(False)
90.2729 	EXP 	eyetracker.setRecordingState(False)
90.2810 	EXP 	eyetracker.setRecordingState(False)
90.2886 	EXP 	eyetracker.setRecordingState(False)
90.2966 	EXP 	eyetracker.setRecordingState(False)
90.3041 	EXP 	eyetracker.setRecordingState(False)
90.3123 	EXP 	eyetracker.setRecordingState(False)
90.3208 	EXP 	eyetracker.setRecordingState(False)
90.3282 	EXP 	eyetracker.setRecordingState(False)
90.3367 	EXP 	eyetracker.setRecordingState(False)
90.3445 	EXP 	eyetracker.setRecordingState(False)
90.3550 	EXP 	eyetracker.setRecordingState(False)
90.3630 	EXP 	eyetracker.setRecordingState(False)
90.3711 	EXP 	eyetracker.setRecordingState(False)
90.3790 	EXP 	eyetracker.setRecordingState(False)
90.3882 	EXP 	eyetracker.setRecordingState(False)
90.3961 	EXP 	eyetracker.setRecordingState(False)
90.4030 	EXP 	eyetracker.setRecordingState(False)
90.4117 	EXP 	eyetracker.setRecordingState(False)
90.4188 	EXP 	eyetracker.setRecordingState(False)
90.4273 	EXP 	eyetracker.setRecordingState(False)
90.4353 	EXP 	eyetracker.setRecordingState(False)
90.4464 	EXP 	eyetracker.setRecordingState(False)
90.4553 	EXP 	eyetracker.setRecordingState(False)
90.4636 	EXP 	eyetracker.setRecordingState(False)
90.4753 	EXP 	eyetracker.setRecordingState(False)
90.4838 	EXP 	eyetracker.setRecordingState(False)
90.4912 	EXP 	eyetracker.setRecordingState(False)
90.4992 	EXP 	eyetracker.setRecordingState(False)
90.5093 	EXP 	eyetracker.setRecordingState(False)
90.5175 	EXP 	eyetracker.setRecordingState(False)
90.5252 	EXP 	eyetracker.setRecordingState(False)
90.5346 	EXP 	eyetracker.setRecordingState(False)
90.5423 	EXP 	eyetracker.setRecordingState(False)
90.5503 	EXP 	eyetracker.setRecordingState(False)
90.5597 	EXP 	eyetracker.setRecordingState(False)
90.5681 	EXP 	eyetracker.setRecordingState(False)
90.5765 	EXP 	eyetracker.setRecordingState(False)
90.5865 	EXP 	eyetracker.setRecordingState(False)
90.5960 	EXP 	eyetracker.setRecordingState(False)
90.6043 	EXP 	eyetracker.setRecordingState(False)
90.6143 	EXP 	eyetracker.setRecordingState(False)
90.6245 	EXP 	eyetracker.setRecordingState(False)
90.6341 	EXP 	eyetracker.setRecordingState(False)
90.6435 	EXP 	eyetracker.setRecordingState(False)
90.6521 	EXP 	eyetracker.setRecordingState(False)
90.6610 	EXP 	eyetracker.setRecordingState(False)
90.6718 	EXP 	eyetracker.setRecordingState(False)
90.6804 	EXP 	eyetracker.setRecordingState(False)
90.6892 	EXP 	eyetracker.setRecordingState(False)
90.6990 	EXP 	eyetracker.setRecordingState(False)
90.7076 	EXP 	eyetracker.setRecordingState(False)
90.7166 	EXP 	eyetracker.setRecordingState(False)
90.7276 	EXP 	eyetracker.setRecordingState(False)
90.7364 	EXP 	eyetracker.setRecordingState(False)
90.7462 	EXP 	eyetracker.setRecordingState(False)
90.7573 	EXP 	eyetracker.setRecordingState(False)
90.7661 	EXP 	eyetracker.setRecordingState(False)
90.7762 	EXP 	eyetracker.setRecordingState(False)
90.7854 	EXP 	eyetracker.setRecordingState(False)
90.7949 	EXP 	eyetracker.setRecordingState(False)
90.8049 	EXP 	eyetracker.setRecordingState(False)
90.8164 	EXP 	eyetracker.setRecordingState(False)
90.8261 	EXP 	eyetracker.setRecordingState(False)
90.8367 	EXP 	eyetracker.setRecordingState(False)
90.8459 	EXP 	eyetracker.setRecordingState(False)
90.8546 	EXP 	eyetracker.setRecordingState(False)
90.8634 	EXP 	eyetracker.setRecordingState(False)
90.8722 	EXP 	eyetracker.setRecordingState(False)
90.8825 	EXP 	eyetracker.setRecordingState(False)
90.8920 	EXP 	eyetracker.setRecordingState(False)
90.9022 	EXP 	eyetracker.setRecordingState(False)
90.9100 	EXP 	eyetracker.setRecordingState(False)
90.9174 	EXP 	eyetracker.setRecordingState(False)
90.9252 	EXP 	eyetracker.setRecordingState(False)
90.9340 	EXP 	eyetracker.setRecordingState(False)
90.9419 	EXP 	eyetracker.setRecordingState(False)
90.9515 	EXP 	eyetracker.setRecordingState(False)
90.9610 	EXP 	eyetracker.setRecordingState(False)
90.9727 	EXP 	eyetracker.setRecordingState(False)
90.9837 	EXP 	eyetracker.setRecordingState(False)
90.9941 	EXP 	eyetracker.setRecordingState(False)
91.0043 	EXP 	eyetracker.setRecordingState(False)
91.0135 	EXP 	eyetracker.setRecordingState(False)
91.0224 	EXP 	eyetracker.setRecordingState(False)
91.0312 	EXP 	eyetracker.setRecordingState(False)
91.0397 	EXP 	eyetracker.setRecordingState(False)
91.0484 	EXP 	eyetracker.setRecordingState(False)
91.0582 	EXP 	eyetracker.setRecordingState(False)
91.0707 	EXP 	eyetracker.setRecordingState(False)
91.0813 	EXP 	eyetracker.setRecordingState(False)
91.0934 	EXP 	eyetracker.setRecordingState(False)
91.1056 	EXP 	eyetracker.setRecordingState(False)
91.1166 	EXP 	eyetracker.setRecordingState(False)
91.1270 	EXP 	eyetracker.setRecordingState(False)
91.1377 	EXP 	eyetracker.setRecordingState(False)
91.1478 	EXP 	eyetracker.setRecordingState(False)
91.1591 	EXP 	eyetracker.setRecordingState(False)
91.1690 	EXP 	eyetracker.setRecordingState(False)
91.1792 	EXP 	eyetracker.setRecordingState(False)
91.1882 	EXP 	eyetracker.setRecordingState(False)
91.1971 	EXP 	eyetracker.setRecordingState(False)
91.2081 	EXP 	eyetracker.setRecordingState(False)
91.2162 	EXP 	eyetracker.setRecordingState(False)
91.2258 	EXP 	eyetracker.setRecordingState(False)
91.2365 	EXP 	eyetracker.setRecordingState(False)
91.2455 	EXP 	eyetracker.setRecordingState(False)
91.2538 	EXP 	eyetracker.setRecordingState(False)
91.2618 	EXP 	eyetracker.setRecordingState(False)
91.2736 	EXP 	eyetracker.setRecordingState(False)
91.2816 	EXP 	eyetracker.setRecordingState(False)
91.2888 	EXP 	eyetracker.setRecordingState(False)
91.2983 	EXP 	eyetracker.setRecordingState(False)
91.3077 	EXP 	eyetracker.setRecordingState(False)
91.3168 	EXP 	eyetracker.setRecordingState(False)
91.3260 	EXP 	eyetracker.setRecordingState(False)
91.3374 	EXP 	eyetracker.setRecordingState(False)
91.3485 	EXP 	eyetracker.setRecordingState(False)
91.3582 	EXP 	eyetracker.setRecordingState(False)
91.3664 	EXP 	eyetracker.setRecordingState(False)
91.3757 	EXP 	eyetracker.setRecordingState(False)
91.3852 	EXP 	eyetracker.setRecordingState(False)
91.3955 	EXP 	eyetracker.setRecordingState(False)
91.4048 	EXP 	eyetracker.setRecordingState(False)
91.4135 	EXP 	eyetracker.setRecordingState(False)
91.4233 	EXP 	eyetracker.setRecordingState(False)
91.4338 	EXP 	eyetracker.setRecordingState(False)
91.4466 	EXP 	eyetracker.setRecordingState(False)
91.4583 	EXP 	eyetracker.setRecordingState(False)
91.4701 	EXP 	eyetracker.setRecordingState(False)
91.4827 	EXP 	eyetracker.setRecordingState(False)
91.4952 	EXP 	eyetracker.setRecordingState(False)
91.5081 	EXP 	eyetracker.setRecordingState(False)
91.5188 	EXP 	eyetracker.setRecordingState(False)
91.5285 	EXP 	eyetracker.setRecordingState(False)
91.5396 	EXP 	eyetracker.setRecordingState(False)
91.5501 	EXP 	eyetracker.setRecordingState(False)
91.5605 	EXP 	eyetracker.setRecordingState(False)
91.5702 	EXP 	eyetracker.setRecordingState(False)
91.5804 	EXP 	eyetracker.setRecordingState(False)
91.5914 	EXP 	eyetracker.setRecordingState(False)
91.6014 	EXP 	eyetracker.setRecordingState(False)
91.6116 	EXP 	eyetracker.setRecordingState(False)
91.6217 	EXP 	eyetracker.setRecordingState(False)
91.6309 	EXP 	eyetracker.setRecordingState(False)
91.6392 	EXP 	eyetracker.setRecordingState(False)
91.6486 	EXP 	eyetracker.setRecordingState(False)
91.6578 	EXP 	eyetracker.setRecordingState(False)
91.6668 	EXP 	eyetracker.setRecordingState(False)
91.6769 	EXP 	eyetracker.setRecordingState(False)
91.6862 	EXP 	eyetracker.setRecordingState(False)
91.6945 	EXP 	eyetracker.setRecordingState(False)
91.7043 	EXP 	eyetracker.setRecordingState(False)
91.7133 	EXP 	eyetracker.setRecordingState(False)
91.7233 	EXP 	eyetracker.setRecordingState(False)
91.7342 	EXP 	eyetracker.setRecordingState(False)
91.7442 	EXP 	eyetracker.setRecordingState(False)
91.7538 	EXP 	eyetracker.setRecordingState(False)
91.7619 	EXP 	eyetracker.setRecordingState(False)
91.7699 	EXP 	eyetracker.setRecordingState(False)
91.7772 	EXP 	eyetracker.setRecordingState(False)
91.7849 	EXP 	eyetracker.setRecordingState(False)
91.7949 	EXP 	eyetracker.setRecordingState(False)
91.8033 	EXP 	eyetracker.setRecordingState(False)
91.8111 	EXP 	eyetracker.setRecordingState(False)
91.8192 	EXP 	eyetracker.setRecordingState(False)
91.8294 	EXP 	eyetracker.setRecordingState(False)
91.8385 	EXP 	eyetracker.setRecordingState(False)
91.8465 	EXP 	eyetracker.setRecordingState(False)
91.8551 	EXP 	eyetracker.setRecordingState(False)
91.8649 	EXP 	eyetracker.setRecordingState(False)
91.8734 	EXP 	eyetracker.setRecordingState(False)
91.8815 	EXP 	eyetracker.setRecordingState(False)
91.8893 	EXP 	eyetracker.setRecordingState(False)
91.8978 	EXP 	eyetracker.setRecordingState(False)
91.9065 	EXP 	eyetracker.setRecordingState(False)
91.9171 	EXP 	eyetracker.setRecordingState(False)
91.9265 	EXP 	eyetracker.setRecordingState(False)
91.9354 	EXP 	eyetracker.setRecordingState(False)
91.9437 	EXP 	eyetracker.setRecordingState(False)
91.9510 	EXP 	eyetracker.setRecordingState(False)
91.9592 	EXP 	eyetracker.setRecordingState(False)
91.9666 	EXP 	eyetracker.setRecordingState(False)
91.9739 	EXP 	eyetracker.setRecordingState(False)
91.9839 	EXP 	eyetracker.setRecordingState(False)
91.9918 	EXP 	eyetracker.setRecordingState(False)
92.0007 	EXP 	eyetracker.setRecordingState(False)
92.0112 	EXP 	eyetracker.setRecordingState(False)
92.0193 	EXP 	eyetracker.setRecordingState(False)
92.0268 	EXP 	eyetracker.setRecordingState(False)
92.0337 	EXP 	eyetracker.setRecordingState(False)
92.0403 	EXP 	eyetracker.setRecordingState(False)
92.0477 	EXP 	eyetracker.setRecordingState(False)
92.0557 	EXP 	eyetracker.setRecordingState(False)
92.0636 	EXP 	eyetracker.setRecordingState(False)
92.0742 	EXP 	eyetracker.setRecordingState(False)
92.0821 	EXP 	eyetracker.setRecordingState(False)
92.0899 	EXP 	eyetracker.setRecordingState(False)
92.0970 	EXP 	eyetracker.setRecordingState(False)
92.1049 	EXP 	eyetracker.setRecordingState(False)
92.1119 	EXP 	eyetracker.setRecordingState(False)
92.1188 	EXP 	eyetracker.setRecordingState(False)
92.1252 	EXP 	eyetracker.setRecordingState(False)
92.1320 	EXP 	eyetracker.setRecordingState(False)
92.1387 	EXP 	eyetracker.setRecordingState(False)
92.1457 	EXP 	eyetracker.setRecordingState(False)
92.1540 	EXP 	eyetracker.setRecordingState(False)
92.1604 	EXP 	eyetracker.setRecordingState(False)
92.1680 	EXP 	eyetracker.setRecordingState(False)
92.1761 	EXP 	eyetracker.setRecordingState(False)
92.1866 	EXP 	eyetracker.setRecordingState(False)
92.1951 	EXP 	eyetracker.setRecordingState(False)
92.2038 	EXP 	eyetracker.setRecordingState(False)
92.2125 	EXP 	eyetracker.setRecordingState(False)
92.2227 	EXP 	eyetracker.setRecordingState(False)
92.2322 	EXP 	eyetracker.setRecordingState(False)
92.2442 	EXP 	eyetracker.setRecordingState(False)
92.2596 	EXP 	eyetracker.setRecordingState(False)
92.2681 	EXP 	eyetracker.setRecordingState(False)
92.2794 	EXP 	eyetracker.setRecordingState(False)
92.2880 	EXP 	eyetracker.setRecordingState(False)
92.2983 	EXP 	eyetracker.setRecordingState(False)
92.3097 	EXP 	eyetracker.setRecordingState(False)
92.3211 	EXP 	eyetracker.setRecordingState(False)
92.3345 	EXP 	eyetracker.setRecordingState(False)
92.3426 	EXP 	eyetracker.setRecordingState(False)
92.3508 	EXP 	eyetracker.setRecordingState(False)
92.3582 	EXP 	eyetracker.setRecordingState(False)
92.3691 	EXP 	eyetracker.setRecordingState(False)
92.3772 	EXP 	eyetracker.setRecordingState(False)
92.3853 	EXP 	eyetracker.setRecordingState(False)
92.3934 	EXP 	eyetracker.setRecordingState(False)
92.4019 	EXP 	eyetracker.setRecordingState(False)
92.4093 	EXP 	eyetracker.setRecordingState(False)
92.4174 	EXP 	eyetracker.setRecordingState(False)
92.4249 	EXP 	eyetracker.setRecordingState(False)
92.4325 	EXP 	eyetracker.setRecordingState(False)
92.4401 	EXP 	eyetracker.setRecordingState(False)
92.4477 	EXP 	eyetracker.setRecordingState(False)
92.4560 	EXP 	eyetracker.setRecordingState(False)
92.4658 	EXP 	eyetracker.setRecordingState(False)
92.4752 	EXP 	eyetracker.setRecordingState(False)
92.4839 	EXP 	eyetracker.setRecordingState(False)
92.4955 	EXP 	eyetracker.setRecordingState(False)
92.5060 	EXP 	eyetracker.setRecordingState(False)
92.5176 	EXP 	eyetracker.setRecordingState(False)
92.5316 	EXP 	eyetracker.setRecordingState(False)
92.5438 	EXP 	eyetracker.setRecordingState(False)
92.5528 	EXP 	eyetracker.setRecordingState(False)
92.5630 	EXP 	eyetracker.setRecordingState(False)
92.5727 	EXP 	eyetracker.setRecordingState(False)
92.5836 	EXP 	eyetracker.setRecordingState(False)
92.5920 	EXP 	eyetracker.setRecordingState(False)
92.5992 	EXP 	eyetracker.setRecordingState(False)
92.6064 	EXP 	eyetracker.setRecordingState(False)
92.6150 	EXP 	eyetracker.setRecordingState(False)
92.6236 	EXP 	eyetracker.setRecordingState(False)
92.6349 	EXP 	eyetracker.setRecordingState(False)
92.6431 	EXP 	eyetracker.setRecordingState(False)
92.6525 	EXP 	eyetracker.setRecordingState(False)
92.6635 	EXP 	eyetracker.setRecordingState(False)
92.6724 	EXP 	eyetracker.setRecordingState(False)
92.6800 	EXP 	eyetracker.setRecordingState(False)
92.6871 	EXP 	eyetracker.setRecordingState(False)
92.6947 	EXP 	eyetracker.setRecordingState(False)
92.7029 	EXP 	eyetracker.setRecordingState(False)
92.7105 	EXP 	eyetracker.setRecordingState(False)
92.7190 	EXP 	eyetracker.setRecordingState(False)
92.7270 	EXP 	eyetracker.setRecordingState(False)
92.7354 	EXP 	eyetracker.setRecordingState(False)
92.7422 	EXP 	eyetracker.setRecordingState(False)
92.7512 	EXP 	eyetracker.setRecordingState(False)
92.7583 	EXP 	eyetracker.setRecordingState(False)
92.7657 	EXP 	eyetracker.setRecordingState(False)
92.7734 	EXP 	eyetracker.setRecordingState(False)
92.7810 	EXP 	eyetracker.setRecordingState(False)
92.7881 	EXP 	eyetracker.setRecordingState(False)
92.7959 	EXP 	eyetracker.setRecordingState(False)
92.8031 	EXP 	eyetracker.setRecordingState(False)
92.8112 	EXP 	eyetracker.setRecordingState(False)
92.8184 	EXP 	eyetracker.setRecordingState(False)
92.8266 	EXP 	eyetracker.setRecordingState(False)
92.8359 	EXP 	eyetracker.setRecordingState(False)
92.8464 	EXP 	eyetracker.setRecordingState(False)
92.8571 	EXP 	eyetracker.setRecordingState(False)
92.8658 	EXP 	eyetracker.setRecordingState(False)
92.8740 	EXP 	eyetracker.setRecordingState(False)
92.8824 	EXP 	eyetracker.setRecordingState(False)
92.8910 	EXP 	eyetracker.setRecordingState(False)
92.9015 	EXP 	eyetracker.setRecordingState(False)
92.9103 	EXP 	eyetracker.setRecordingState(False)
92.9198 	EXP 	eyetracker.setRecordingState(False)
92.9299 	EXP 	eyetracker.setRecordingState(False)
92.9393 	EXP 	eyetracker.setRecordingState(False)
92.9503 	EXP 	eyetracker.setRecordingState(False)
92.9626 	EXP 	eyetracker.setRecordingState(False)
92.9731 	EXP 	eyetracker.setRecordingState(False)
92.9820 	EXP 	eyetracker.setRecordingState(False)
92.9922 	EXP 	eyetracker.setRecordingState(False)
93.0043 	EXP 	eyetracker.setRecordingState(False)
93.0139 	EXP 	eyetracker.setRecordingState(False)
93.0241 	EXP 	eyetracker.setRecordingState(False)
93.0361 	EXP 	eyetracker.setRecordingState(False)
93.0454 	EXP 	eyetracker.setRecordingState(False)
93.0550 	EXP 	eyetracker.setRecordingState(False)
93.0636 	EXP 	eyetracker.setRecordingState(False)
93.0732 	EXP 	eyetracker.setRecordingState(False)
93.0825 	EXP 	eyetracker.setRecordingState(False)
93.0910 	EXP 	eyetracker.setRecordingState(False)
93.1005 	EXP 	eyetracker.setRecordingState(False)
93.1094 	EXP 	eyetracker.setRecordingState(False)
93.1181 	EXP 	eyetracker.setRecordingState(False)
93.1289 	EXP 	eyetracker.setRecordingState(False)
93.1386 	EXP 	eyetracker.setRecordingState(False)
93.1494 	EXP 	eyetracker.setRecordingState(False)
93.1592 	EXP 	eyetracker.setRecordingState(False)
93.1678 	EXP 	eyetracker.setRecordingState(False)
93.1781 	EXP 	eyetracker.setRecordingState(False)
93.1873 	EXP 	eyetracker.setRecordingState(False)
93.1966 	EXP 	eyetracker.setRecordingState(False)
93.2055 	EXP 	eyetracker.setRecordingState(False)
93.2136 	EXP 	eyetracker.setRecordingState(False)
93.2223 	EXP 	eyetracker.setRecordingState(False)
93.2304 	EXP 	eyetracker.setRecordingState(False)
93.2392 	EXP 	eyetracker.setRecordingState(False)
93.2488 	EXP 	eyetracker.setRecordingState(False)
93.2588 	EXP 	eyetracker.setRecordingState(False)
93.2701 	EXP 	eyetracker.setRecordingState(False)
93.2805 	EXP 	eyetracker.setRecordingState(False)
93.2916 	EXP 	eyetracker.setRecordingState(False)
93.3030 	EXP 	eyetracker.setRecordingState(False)
93.3135 	EXP 	eyetracker.setRecordingState(False)
93.3230 	EXP 	eyetracker.setRecordingState(False)
93.3330 	EXP 	eyetracker.setRecordingState(False)
93.3431 	EXP 	eyetracker.setRecordingState(False)
93.3531 	EXP 	eyetracker.setRecordingState(False)
93.3628 	EXP 	eyetracker.setRecordingState(False)
93.3730 	EXP 	eyetracker.setRecordingState(False)
93.3827 	EXP 	eyetracker.setRecordingState(False)
93.3920 	EXP 	eyetracker.setRecordingState(False)
93.4013 	EXP 	eyetracker.setRecordingState(False)
93.4096 	EXP 	eyetracker.setRecordingState(False)
93.4187 	EXP 	eyetracker.setRecordingState(False)
93.4277 	EXP 	eyetracker.setRecordingState(False)
93.4378 	EXP 	eyetracker.setRecordingState(False)
93.4465 	EXP 	eyetracker.setRecordingState(False)
93.4558 	EXP 	eyetracker.setRecordingState(False)
93.4666 	EXP 	eyetracker.setRecordingState(False)
93.4778 	EXP 	eyetracker.setRecordingState(False)
93.4877 	EXP 	eyetracker.setRecordingState(False)
93.4978 	EXP 	eyetracker.setRecordingState(False)
93.5086 	EXP 	eyetracker.setRecordingState(False)
93.5195 	EXP 	eyetracker.setRecordingState(False)
93.5299 	EXP 	eyetracker.setRecordingState(False)
93.5410 	EXP 	eyetracker.setRecordingState(False)
93.5510 	EXP 	eyetracker.setRecordingState(False)
93.5622 	EXP 	eyetracker.setRecordingState(False)
93.5726 	EXP 	eyetracker.setRecordingState(False)
93.5815 	EXP 	eyetracker.setRecordingState(False)
93.5899 	EXP 	eyetracker.setRecordingState(False)
93.5984 	EXP 	eyetracker.setRecordingState(False)
93.6078 	EXP 	eyetracker.setRecordingState(False)
93.6182 	EXP 	eyetracker.setRecordingState(False)
93.6276 	EXP 	eyetracker.setRecordingState(False)
93.6387 	EXP 	eyetracker.setRecordingState(False)
93.6480 	EXP 	eyetracker.setRecordingState(False)
93.6577 	EXP 	eyetracker.setRecordingState(False)
93.6681 	EXP 	eyetracker.setRecordingState(False)
93.6778 	EXP 	eyetracker.setRecordingState(False)
93.6882 	EXP 	eyetracker.setRecordingState(False)
93.6974 	EXP 	eyetracker.setRecordingState(False)
93.7087 	EXP 	eyetracker.setRecordingState(False)
93.7161 	EXP 	eyetracker.setRecordingState(False)
93.7239 	EXP 	eyetracker.setRecordingState(False)
93.7313 	EXP 	eyetracker.setRecordingState(False)
93.7395 	EXP 	eyetracker.setRecordingState(False)
93.7478 	EXP 	eyetracker.setRecordingState(False)
93.7558 	EXP 	eyetracker.setRecordingState(False)
93.7647 	EXP 	eyetracker.setRecordingState(False)
93.7727 	EXP 	eyetracker.setRecordingState(False)
93.7798 	EXP 	eyetracker.setRecordingState(False)
93.7869 	EXP 	eyetracker.setRecordingState(False)
93.7944 	EXP 	eyetracker.setRecordingState(False)
93.8017 	EXP 	eyetracker.setRecordingState(False)
93.8083 	EXP 	eyetracker.setRecordingState(False)
93.8148 	EXP 	eyetracker.setRecordingState(False)
93.8218 	EXP 	eyetracker.setRecordingState(False)
93.8285 	EXP 	eyetracker.setRecordingState(False)
93.8363 	EXP 	eyetracker.setRecordingState(False)
93.8435 	EXP 	eyetracker.setRecordingState(False)
93.8513 	EXP 	eyetracker.setRecordingState(False)
93.8596 	EXP 	eyetracker.setRecordingState(False)
93.8673 	EXP 	eyetracker.setRecordingState(False)
93.8750 	EXP 	eyetracker.setRecordingState(False)
93.8840 	EXP 	eyetracker.setRecordingState(False)
93.8918 	EXP 	eyetracker.setRecordingState(False)
93.8999 	EXP 	eyetracker.setRecordingState(False)
93.9082 	EXP 	eyetracker.setRecordingState(False)
93.9177 	EXP 	eyetracker.setRecordingState(False)
93.9278 	EXP 	eyetracker.setRecordingState(False)
93.9374 	EXP 	eyetracker.setRecordingState(False)
93.9481 	EXP 	eyetracker.setRecordingState(False)
93.9577 	EXP 	eyetracker.setRecordingState(False)
93.9682 	EXP 	eyetracker.setRecordingState(False)
93.9778 	EXP 	eyetracker.setRecordingState(False)
93.9866 	EXP 	eyetracker.setRecordingState(False)
93.9966 	EXP 	eyetracker.setRecordingState(False)
94.0061 	EXP 	eyetracker.setRecordingState(False)
94.0159 	EXP 	eyetracker.setRecordingState(False)
94.0254 	EXP 	eyetracker.setRecordingState(False)
94.0340 	EXP 	eyetracker.setRecordingState(False)
94.0427 	EXP 	eyetracker.setRecordingState(False)
94.0512 	EXP 	eyetracker.setRecordingState(False)
94.0599 	EXP 	eyetracker.setRecordingState(False)
94.0683 	EXP 	eyetracker.setRecordingState(False)
94.0777 	EXP 	eyetracker.setRecordingState(False)
94.0875 	EXP 	eyetracker.setRecordingState(False)
94.0975 	EXP 	eyetracker.setRecordingState(False)
94.1072 	EXP 	eyetracker.setRecordingState(False)
94.1170 	EXP 	eyetracker.setRecordingState(False)
94.1275 	EXP 	eyetracker.setRecordingState(False)
94.1373 	EXP 	eyetracker.setRecordingState(False)
94.1475 	EXP 	eyetracker.setRecordingState(False)
94.1570 	EXP 	eyetracker.setRecordingState(False)
94.1660 	EXP 	eyetracker.setRecordingState(False)
94.1751 	EXP 	eyetracker.setRecordingState(False)
94.1846 	EXP 	eyetracker.setRecordingState(False)
94.1933 	EXP 	eyetracker.setRecordingState(False)
94.2042 	EXP 	eyetracker.setRecordingState(False)
94.2153 	EXP 	eyetracker.setRecordingState(False)
94.2261 	EXP 	eyetracker.setRecordingState(False)
94.2346 	EXP 	eyetracker.setRecordingState(False)
94.2431 	EXP 	eyetracker.setRecordingState(False)
94.2506 	EXP 	eyetracker.setRecordingState(False)
94.2596 	EXP 	eyetracker.setRecordingState(False)
94.2681 	EXP 	eyetracker.setRecordingState(False)
94.2764 	EXP 	eyetracker.setRecordingState(False)
94.2858 	EXP 	eyetracker.setRecordingState(False)
94.2942 	EXP 	eyetracker.setRecordingState(False)
94.3040 	EXP 	eyetracker.setRecordingState(False)
94.3126 	EXP 	eyetracker.setRecordingState(False)
94.3216 	EXP 	eyetracker.setRecordingState(False)
94.3321 	EXP 	eyetracker.setRecordingState(False)
94.3421 	EXP 	eyetracker.setRecordingState(False)
94.3525 	EXP 	eyetracker.setRecordingState(False)
94.3608 	EXP 	eyetracker.setRecordingState(False)
94.3693 	EXP 	eyetracker.setRecordingState(False)
94.3795 	EXP 	eyetracker.setRecordingState(False)
94.3891 	EXP 	eyetracker.setRecordingState(False)
94.3980 	EXP 	eyetracker.setRecordingState(False)
94.4063 	EXP 	eyetracker.setRecordingState(False)
94.4157 	EXP 	eyetracker.setRecordingState(False)
94.4238 	EXP 	eyetracker.setRecordingState(False)
94.4318 	EXP 	eyetracker.setRecordingState(False)
94.4418 	EXP 	eyetracker.setRecordingState(False)
94.4511 	EXP 	eyetracker.setRecordingState(False)
94.4606 	EXP 	eyetracker.setRecordingState(False)
94.4715 	EXP 	eyetracker.setRecordingState(False)
94.4815 	EXP 	eyetracker.setRecordingState(False)
94.4925 	EXP 	eyetracker.setRecordingState(False)
94.5055 	EXP 	eyetracker.setRecordingState(False)
94.5167 	EXP 	eyetracker.setRecordingState(False)
94.5284 	EXP 	eyetracker.setRecordingState(False)
94.5403 	EXP 	eyetracker.setRecordingState(False)
94.5513 	EXP 	eyetracker.setRecordingState(False)
94.5616 	EXP 	eyetracker.setRecordingState(False)
94.5723 	EXP 	eyetracker.setRecordingState(False)
94.5827 	EXP 	eyetracker.setRecordingState(False)
94.5919 	EXP 	eyetracker.setRecordingState(False)
94.6026 	EXP 	eyetracker.setRecordingState(False)
94.6118 	EXP 	eyetracker.setRecordingState(False)
94.6206 	EXP 	eyetracker.setRecordingState(False)
94.6304 	EXP 	eyetracker.setRecordingState(False)
94.6405 	EXP 	eyetracker.setRecordingState(False)
94.6530 	EXP 	eyetracker.setRecordingState(False)
94.6652 	EXP 	eyetracker.setRecordingState(False)
94.6748 	EXP 	eyetracker.setRecordingState(False)
94.6864 	EXP 	eyetracker.setRecordingState(False)
94.6960 	EXP 	eyetracker.setRecordingState(False)
94.7046 	EXP 	eyetracker.setRecordingState(False)
94.7141 	EXP 	eyetracker.setRecordingState(False)
94.7243 	EXP 	eyetracker.setRecordingState(False)
94.7333 	EXP 	eyetracker.setRecordingState(False)
94.7427 	EXP 	eyetracker.setRecordingState(False)
94.7523 	EXP 	eyetracker.setRecordingState(False)
94.7625 	EXP 	eyetracker.setRecordingState(False)
94.7712 	EXP 	eyetracker.setRecordingState(False)
94.7799 	EXP 	eyetracker.setRecordingState(False)
94.7898 	EXP 	eyetracker.setRecordingState(False)
94.7987 	EXP 	eyetracker.setRecordingState(False)
94.8105 	EXP 	eyetracker.setRecordingState(False)
94.8194 	EXP 	eyetracker.setRecordingState(False)
94.8282 	EXP 	eyetracker.setRecordingState(False)
94.8373 	EXP 	eyetracker.setRecordingState(False)
94.8479 	EXP 	eyetracker.setRecordingState(False)
94.8581 	EXP 	eyetracker.setRecordingState(False)
94.8729 	EXP 	eyetracker.setRecordingState(False)
94.8833 	EXP 	eyetracker.setRecordingState(False)
94.8922 	EXP 	eyetracker.setRecordingState(False)
94.9027 	EXP 	eyetracker.setRecordingState(False)
94.9120 	EXP 	eyetracker.setRecordingState(False)
94.9231 	EXP 	eyetracker.setRecordingState(False)
94.9323 	EXP 	eyetracker.setRecordingState(False)
94.9409 	EXP 	eyetracker.setRecordingState(False)
94.9522 	EXP 	eyetracker.setRecordingState(False)
94.9608 	EXP 	eyetracker.setRecordingState(False)
94.9697 	EXP 	eyetracker.setRecordingState(False)
94.9801 	EXP 	eyetracker.setRecordingState(False)
94.9893 	EXP 	eyetracker.setRecordingState(False)
94.9998 	EXP 	eyetracker.setRecordingState(False)
95.0099 	EXP 	eyetracker.setRecordingState(False)
95.0229 	EXP 	eyetracker.setRecordingState(False)
95.0316 	EXP 	eyetracker.setRecordingState(False)
95.0441 	EXP 	eyetracker.setRecordingState(False)
95.0525 	EXP 	eyetracker.setRecordingState(False)
95.0605 	EXP 	eyetracker.setRecordingState(False)
95.0716 	EXP 	eyetracker.setRecordingState(False)
95.0788 	EXP 	eyetracker.setRecordingState(False)
95.0856 	EXP 	eyetracker.setRecordingState(False)
95.0920 	EXP 	eyetracker.setRecordingState(False)
95.0996 	EXP 	eyetracker.setRecordingState(False)
95.1070 	EXP 	eyetracker.setRecordingState(False)
95.1148 	EXP 	eyetracker.setRecordingState(False)
95.1235 	EXP 	eyetracker.setRecordingState(False)
95.1346 	EXP 	eyetracker.setRecordingState(False)
95.1422 	EXP 	eyetracker.setRecordingState(False)
95.1491 	EXP 	eyetracker.setRecordingState(False)
95.1555 	EXP 	eyetracker.setRecordingState(False)
95.1620 	EXP 	eyetracker.setRecordingState(False)
95.1682 	EXP 	eyetracker.setRecordingState(False)
95.1755 	EXP 	eyetracker.setRecordingState(False)
95.1832 	EXP 	eyetracker.setRecordingState(False)
95.1911 	EXP 	eyetracker.setRecordingState(False)
95.1982 	EXP 	eyetracker.setRecordingState(False)
95.2055 	EXP 	eyetracker.setRecordingState(False)
95.2127 	EXP 	eyetracker.setRecordingState(False)
95.2200 	EXP 	eyetracker.setRecordingState(False)
95.2276 	EXP 	eyetracker.setRecordingState(False)
95.2348 	EXP 	eyetracker.setRecordingState(False)
95.2442 	EXP 	eyetracker.setRecordingState(False)
95.2529 	EXP 	eyetracker.setRecordingState(False)
95.2612 	EXP 	eyetracker.setRecordingState(False)
95.2688 	EXP 	eyetracker.setRecordingState(False)
95.2767 	EXP 	eyetracker.setRecordingState(False)
95.2864 	EXP 	eyetracker.setRecordingState(False)
95.2947 	EXP 	eyetracker.setRecordingState(False)
95.3024 	EXP 	eyetracker.setRecordingState(False)
95.3106 	EXP 	eyetracker.setRecordingState(False)
95.3213 	EXP 	eyetracker.setRecordingState(False)
95.3303 	EXP 	eyetracker.setRecordingState(False)
95.3379 	EXP 	eyetracker.setRecordingState(False)
95.3495 	EXP 	eyetracker.setRecordingState(False)
95.3579 	EXP 	eyetracker.setRecordingState(False)
95.3660 	EXP 	eyetracker.setRecordingState(False)
95.3736 	EXP 	eyetracker.setRecordingState(False)
95.3817 	EXP 	eyetracker.setRecordingState(False)
95.3898 	EXP 	eyetracker.setRecordingState(False)
95.3980 	EXP 	eyetracker.setRecordingState(False)
95.4050 	EXP 	eyetracker.setRecordingState(False)
95.4141 	EXP 	eyetracker.setRecordingState(False)
95.4215 	EXP 	eyetracker.setRecordingState(False)
95.4279 	EXP 	eyetracker.setRecordingState(False)
95.4351 	EXP 	eyetracker.setRecordingState(False)
95.4428 	EXP 	eyetracker.setRecordingState(False)
95.4516 	EXP 	eyetracker.setRecordingState(False)
95.4677 	EXP 	eyetracker.setRecordingState(False)
95.4782 	EXP 	eyetracker.setRecordingState(False)
95.4905 	EXP 	eyetracker.setRecordingState(False)
95.5028 	EXP 	eyetracker.setRecordingState(False)
95.5149 	EXP 	eyetracker.setRecordingState(False)
95.5304 	EXP 	eyetracker.setRecordingState(False)
95.5431 	EXP 	eyetracker.setRecordingState(False)
95.5563 	EXP 	eyetracker.setRecordingState(False)
95.5685 	EXP 	eyetracker.setRecordingState(False)
95.5817 	EXP 	eyetracker.setRecordingState(False)
95.5936 	EXP 	eyetracker.setRecordingState(False)
95.6060 	EXP 	eyetracker.setRecordingState(False)
95.6179 	EXP 	eyetracker.setRecordingState(False)
95.6296 	EXP 	eyetracker.setRecordingState(False)
95.6404 	EXP 	eyetracker.setRecordingState(False)
95.6523 	EXP 	eyetracker.setRecordingState(False)
95.6627 	EXP 	eyetracker.setRecordingState(False)
95.6729 	EXP 	eyetracker.setRecordingState(False)
95.6829 	EXP 	eyetracker.setRecordingState(False)
95.6929 	EXP 	eyetracker.setRecordingState(False)
95.7023 	EXP 	eyetracker.setRecordingState(False)
95.7116 	EXP 	eyetracker.setRecordingState(False)
95.7202 	EXP 	eyetracker.setRecordingState(False)
95.7290 	EXP 	eyetracker.setRecordingState(False)
95.7369 	EXP 	eyetracker.setRecordingState(False)
95.7450 	EXP 	eyetracker.setRecordingState(False)
95.7538 	EXP 	eyetracker.setRecordingState(False)
95.7624 	EXP 	eyetracker.setRecordingState(False)
95.7727 	EXP 	eyetracker.setRecordingState(False)
95.7797 	DATA 	Mouse: Left button down, pos=(827,475)
95.7819 	EXP 	eyetracker.setRecordingState(False)
95.7854 	EXP 	text_instr_2: autoDraw = False
95.7854 	EXP 	goldi: autoDraw = False
95.7854 	EXP 	elephanthouse: autoDraw = False
95.7854 	EXP 	krest: autoDraw = False
95.7854 	EXP 	pussalla: autoDraw = False
95.7854 	EXP 	text_16: autoDraw = False
95.7854 	EXP 	text_17: autoDraw = False
95.7854 	EXP 	text_18: autoDraw = False
95.7854 	EXP 	text_19: autoDraw = False
95.7856 	EXP 	Cheese: status = STOPPED
95.9392 	INFO 	saved data to 'C:\\Users\\M S I\\OneDrive\\Documents\\GitHub\\Research-Project\\data\\223831_Cheese_2026-03-09_14h04.06.622.csv'
95.9404 	INFO 	saved data to C:\Users\M S I\OneDrive\Documents\GitHub\Research-Project\data\223831_Cheese_2026-03-09_14h04.06.622.psydat
