22.8829 	INFO 	Loaded monitor calibration from ['2025_12_23 12:18']
22.9589 	WARNING 	User requested fullscreen with size [1024  768], but screen is actually [1920, 1080]. Using actual size
26.8732 	INFO 	Using renderer 'Intel(R) UHD Graphics' for graphics
26.8733 	INFO 	OpenGL version supported by driver is 4..
26.9658 	EXP 	Created window1 = Window(allowGUI=True, allowStencil=False, autoLog=True, backendConf=UNKNOWN, backgroundFit=<method-wrapper '__getattribute__' of attributeSetter object at 0x000001545DEEE9E0>, backgroundImage=<method-wrapper '__getattribute__' of attributeSetter object at 0x000001545DEEEA70>, bitsMode=UNKNOWN, blendMode='avg', bpc=(8, 8, 8), color=array([-1., -1., -1.]), colorSpace='rgb', depthBits=8, fullscr=True, gamma=None, gammaErrorPolicy='raise', infoMsg=UNKNOWN, lms=UNKNOWN, monitor=<psychopy.monitors.calibTools.Monitor object at 0x00000154679D1450>, multiSample=False, name='window1', numSamples=2, pos=[np.float64(0.0), np.float64(0.0)], screen=0, size=array([1920, 1080]), stencilBits=0, stereo=False, title='PsychoPy', units='height', useFBO=True, useRetina=False, viewOri=0.0, viewPos=None, viewScale=None, waitBlanking=True, winType='pyglet')
26.9662 	EXP 	window1: backgroundImage = ''
26.9662 	EXP 	window1: backgroundFit = 'none'
27.5226 	EXP 	window1: Attempting to measure frame rate of screen (0) ...
27.5226 	EXP 	window1: recordFrameIntervals = False
27.5988 	EXP 	window1: recordFrameIntervals = True
27.7085 	EXP 	Screen (0) actual frame rate measured at 106.94Hz
27.7086 	EXP 	window1: recordFrameIntervals = False
42.8468 	INFO 	keyboard.Keyboard is using iohub backend.
42.8469 	EXP 	Cheese: status = STARTED
44.8774 	EXP 	Created text = TextStim(__class__=<class 'psychopy.visual.text.TextStim'>, alignHoriz=method-wrapper(...), alignText='center', alignVert=method-wrapper(...), anchorHoriz='center', anchorVert='center', antialias=True, autoDraw=False, autoLog=True, bold=False, color=array([1., 1., 1.]), colorSpace='rgb', contrast=1.0, depth=0.0, draggable=False, flipHoriz=False, flipVert=False, font='Arial', fontFiles=[], height=0.05, italic=False, languageStyle='LTR', name='text', opacity=1, ori=0.0, pos=array([0. , 0.3]), rgb=UNKNOWN, text='', units='height', win=Window(...), wrapWidth=1)
44.9354 	EXP 	Created ambewela = ImageStim(__class__=<class 'psychopy.visual.image.ImageStim'>, anchor=('center', 'center'), autoLog=True, color=array([1., 1., 1.]), colorSpace='rgb', contrast=1.0, depth=-1.0, draggable=False, flipHoriz=np.False_, flipVert=np.False_, image='default.png', interpolate=True, mask=None, maskParams=None, name='ambewela', opacity=1.0, ori=0.0, pos=array([-0.6,  0. ]), size=array([0.2, 0.2]), texRes=128.0, units='height', win=Window(...))
44.9455 	EXP 	Created kothmale = ImageStim(__class__=<class 'psychopy.visual.image.ImageStim'>, anchor=('center', 'center'), autoLog=True, color=array([1., 1., 1.]), colorSpace='rgb', contrast=1.0, depth=-2.0, draggable=False, flipHoriz=np.False_, flipVert=np.False_, image='default.png', interpolate=True, mask=None, maskParams=None, name='kothmale', opacity=1.0, ori=0.0, pos=array([-0.3,  0. ]), size=array([0.2, 0.2]), texRes=128.0, units='height', win=Window(...))
44.9556 	EXP 	Created happycow = ImageStim(__class__=<class 'psychopy.visual.image.ImageStim'>, anchor=('center', 'center'), autoLog=True, color=array([1., 1., 1.]), colorSpace='rgb', contrast=1.0, depth=-3.0, draggable=False, flipHoriz=np.False_, flipVert=np.False_, image='default.png', interpolate=True, mask=None, maskParams=None, name='happycow', opacity=1.0, ori=0.0, pos=array([0., 0.]), size=array([0.2, 0.2]), texRes=128.0, units='height', win=Window(...))
44.9644 	EXP 	Created kraft = ImageStim(__class__=<class 'psychopy.visual.image.ImageStim'>, anchor=('center', 'center'), autoLog=True, color=array([1., 1., 1.]), colorSpace='rgb', contrast=1.0, depth=-4.0, draggable=False, flipHoriz=np.False_, flipVert=np.False_, image='default.png', interpolate=True, mask=None, maskParams=None, name='kraft', opacity=1.0, ori=0.0, pos=array([0.3, 0. ]), size=array([0.2, 0.2]), texRes=128.0, units='height', win=Window(...))
44.9732 	EXP 	Created richlife = ImageStim(__class__=<class 'psychopy.visual.image.ImageStim'>, anchor=('center', 'center'), autoLog=True, color=array([1., 1., 1.]), colorSpace='rgb', contrast=1.0, depth=-5.0, draggable=False, flipHoriz=np.False_, flipVert=np.False_, image='default.png', interpolate=True, mask=None, maskParams=None, name='richlife', opacity=1.0, ori=0.0, pos=array([0.6, 0. ]), size=array([0.2, 0.2]), texRes=128.0, units='height', win=Window(...))
45.7299 	EXP 	Created text_2 = TextStim(__class__=<class 'psychopy.visual.text.TextStim'>, alignHoriz=method-wrapper(...), alignText='center', alignVert=method-wrapper(...), anchorHoriz='center', anchorVert='center', antialias=True, autoDraw=False, autoLog=True, bold=False, color=array([1., 1., 1.]), colorSpace='rgb', contrast=1.0, depth=-6.0, draggable=False, flipHoriz=False, flipVert=False, font='Arial', fontFiles=[], height=np.float64(0.02), italic=False, languageStyle='LTR', name='text_2', opacity=1, ori=0.0, pos=array([-0.6, -0.3]), rgb=UNKNOWN, text=str(...), units='height', win=Window(...), wrapWidth=1)
45.7659 	EXP 	Created text_3 = TextStim(__class__=<class 'psychopy.visual.text.TextStim'>, alignHoriz=method-wrapper(...), alignText='center', alignVert=method-wrapper(...), anchorHoriz='center', anchorVert='center', antialias=True, autoDraw=False, autoLog=True, bold=False, color=array([1., 1., 1.]), colorSpace='rgb', contrast=1.0, depth=-7.0, draggable=False, flipHoriz=False, flipVert=False, font='Arial', fontFiles=[], height=np.float64(0.02), italic=False, languageStyle='LTR', name='text_3', opacity=1, ori=0.0, pos=array([-0.3, -0.3]), rgb=UNKNOWN, text='Kothmale Cheddar\n250 g \nRs 1300', units='height', win=Window(...), wrapWidth=1)
45.7954 	EXP 	Created text_4 = TextStim(__class__=<class 'psychopy.visual.text.TextStim'>, alignHoriz=method-wrapper(...), alignText='center', alignVert=method-wrapper(...), anchorHoriz='center', anchorVert='center', antialias=True, autoDraw=False, autoLog=True, bold=False, color=array([1., 1., 1.]), colorSpace='rgb', contrast=1.0, depth=-8.0, draggable=False, flipHoriz=False, flipVert=False, font='Arial', fontFiles=[], height=np.float64(0.02), italic=False, languageStyle='LTR', name='text_4', opacity=1, ori=0.0, pos=array([ 0. , -0.3]), rgb=UNKNOWN, text='HappyCow Cheese\n340 g\nRs 1200', units='height', win=Window(...), wrapWidth=1)
45.8134 	EXP 	Created text_5 = TextStim(__class__=<class 'psychopy.visual.text.TextStim'>, alignHoriz=method-wrapper(...), alignText='center', alignVert=method-wrapper(...), anchorHoriz='center', anchorVert='center', antialias=True, autoDraw=False, autoLog=True, bold=False, color=array([1., 1., 1.]), colorSpace='rgb', contrast=1.0, depth=-9.0, draggable=False, flipHoriz=False, flipVert=False, font='Arial', fontFiles=[], height=np.float64(0.02), italic=False, languageStyle='LTR', name='text_5', opacity=1, ori=0.0, pos=array([ 0.3, -0.3]), rgb=UNKNOWN, text='Kraft Cheddar Cheese\n250 g\nRs 2590', units='height', win=Window(...), wrapWidth=1)
45.8267 	EXP 	Created text_6 = TextStim(__class__=<class 'psychopy.visual.text.TextStim'>, alignHoriz=method-wrapper(...), alignText='center', alignVert=method-wrapper(...), anchorHoriz='center', anchorVert='center', antialias=True, autoDraw=False, autoLog=True, bold=False, color=array([1., 1., 1.]), colorSpace='rgb', contrast=1.0, depth=-10.0, draggable=False, flipHoriz=False, flipVert=False, font='Arial', fontFiles=[], height=np.float64(0.02), italic=False, languageStyle='LTR', name='text_6', opacity=1, ori=0.0, pos=array([ 0.6, -0.3]), rgb=UNKNOWN, text='Rich Life Cheddar Cheese\n100 g\nRs 625', units='height', win=Window(...), wrapWidth=1)
45.8762 	EXP 	Created text_7 = TextStim(__class__=<class 'psychopy.visual.text.TextStim'>, alignHoriz=method-wrapper(...), alignText='center', alignVert=method-wrapper(...), anchorHoriz='center', anchorVert='center', antialias=True, autoDraw=False, autoLog=True, bold=False, color=array([1., 1., 1.]), colorSpace='rgb', contrast=1.0, depth=0.0, draggable=False, flipHoriz=False, flipVert=False, font='Arial', fontFiles=[], height=np.float64(0.05), italic=False, languageStyle='LTR', name='text_7', opacity=1, ori=0.0, pos=array([0. , 0.3]), rgb=UNKNOWN, text='Which one are you going to buy ?', units='height', win=Window(...), wrapWidth=1)
45.9133 	EXP 	Created highlandYoghurt = ImageStim(__class__=<class 'psychopy.visual.image.ImageStim'>, anchor=('center', 'center'), autoLog=True, color=array([1., 1., 1.]), colorSpace='rgb', contrast=1.0, depth=-1.0, draggable=False, flipHoriz=np.False_, flipVert=np.False_, image='Highland yp.jpg', interpolate=True, mask=None, maskParams=None, name='highlandYoghurt', opacity=1, ori=0.0, pos=array([-0.4,  0. ]), size=array([0.2, 0.2]), texRes=128.0, units='height', win=Window(...))
45.9438 	EXP 	Created anchoryoghurt = ImageStim(__class__=<class 'psychopy.visual.image.ImageStim'>, anchor=('center', 'center'), autoLog=True, color=array([1., 1., 1.]), colorSpace='rgb', contrast=1.0, depth=-2.0, draggable=False, flipHoriz=np.False_, flipVert=np.False_, image='anchor youghurt.jpg', interpolate=True, mask=None, maskParams=None, name='anchoryoghurt', opacity=1, ori=0.0, pos=array([-0.1,  0. ]), size=array([0.2, 0.2]), texRes=128.0, units='height', win=Window(...))
45.9741 	EXP 	Created ambewelayoghurt = ImageStim(__class__=<class 'psychopy.visual.image.ImageStim'>, anchor=('center', 'center'), autoLog=True, color=array([1., 1., 1.]), colorSpace='rgb', contrast=1.0, depth=-3.0, draggable=False, flipHoriz=np.False_, flipVert=np.False_, image='ambewela yoghurt.jpg', interpolate=True, mask=None, maskParams=None, name='ambewelayoghurt', opacity=1, ori=0.0, pos=array([0.2, 0. ]), size=array([0.2, 0.2]), texRes=128.0, units='height', win=Window(...))
46.0089 	EXP 	Created pelawatteyoghurt = ImageStim(__class__=<class 'psychopy.visual.image.ImageStim'>, anchor=('center', 'center'), autoLog=True, color=array([1., 1., 1.]), colorSpace='rgb', contrast=1.0, depth=-4.0, draggable=False, flipHoriz=np.False_, flipVert=np.False_, image='pelawatteypughurt.jpeg', interpolate=True, mask=None, maskParams=None, name='pelawatteyoghurt', opacity=1, ori=0.0, pos=array([0.5, 0. ]), size=array([0.2, 0.2]), texRes=128.0, units='height', win=Window(...))
46.0456 	EXP 	Created text_8 = TextStim(__class__=<class 'psychopy.visual.text.TextStim'>, alignHoriz=method-wrapper(...), alignText='center', alignVert=method-wrapper(...), anchorHoriz='center', anchorVert='center', antialias=True, autoDraw=False, autoLog=True, bold=False, color=array([1., 1., 1.]), colorSpace='rgb', contrast=1.0, depth=-5.0, draggable=False, flipHoriz=False, flipVert=False, font='Arial', fontFiles=[], height=np.float64(0.02), italic=False, languageStyle='LTR', name='text_8', opacity=1, ori=0.0, pos=array([-0.4, -0.3]), rgb=UNKNOWN, text=str(...), units='height', win=Window(...), wrapWidth=1)
46.0574 	EXP 	Created text_9 = TextStim(__class__=<class 'psychopy.visual.text.TextStim'>, alignHoriz=method-wrapper(...), alignText='center', alignVert=method-wrapper(...), anchorHoriz='center', anchorVert='center', antialias=True, autoDraw=False, autoLog=True, bold=False, color=array([1., 1., 1.]), colorSpace='rgb', contrast=1.0, depth=-6.0, draggable=False, flipHoriz=False, flipVert=False, font='Arial', fontFiles=[], height=np.float64(0.02), italic=False, languageStyle='LTR', name='text_9', opacity=1, ori=0.0, pos=array([-0.1, -0.3]), rgb=UNKNOWN, text='Anchor Yoghurt\n     80 g\n   Rs 70', units='height', win=Window(...), wrapWidth=1)
46.0673 	EXP 	Created text_10 = TextStim(__class__=<class 'psychopy.visual.text.TextStim'>, alignHoriz=method-wrapper(...), alignText='center', alignVert=method-wrapper(...), anchorHoriz='center', anchorVert='center', antialias=True, autoDraw=False, autoLog=True, bold=False, color=array([1., 1., 1.]), colorSpace='rgb', contrast=1.0, depth=-7.0, draggable=False, flipHoriz=False, flipVert=False, font='Arial', fontFiles=[], height=np.float64(0.02), italic=False, languageStyle='LTR', name='text_10', opacity=1, ori=0.0, pos=array([ 0.2, -0.3]), rgb=UNKNOWN, text='Ambewela Yoghurt\n      80 g\n     Rs 70', units='height', win=Window(...), wrapWidth=1)
46.0772 	EXP 	Created text_11 = TextStim(__class__=<class 'psychopy.visual.text.TextStim'>, alignHoriz=method-wrapper(...), alignText='center', alignVert=method-wrapper(...), anchorHoriz='center', anchorVert='center', antialias=True, autoDraw=False, autoLog=True, bold=False, color=array([1., 1., 1.]), colorSpace='rgb', contrast=1.0, depth=-8.0, draggable=False, flipHoriz=False, flipVert=False, font='Arial', fontFiles=[], height=np.float64(0.02), italic=False, languageStyle='LTR', name='text_11', opacity=1, ori=0.0, pos=array([ 0.5, -0.3]), rgb=UNKNOWN, text='Pelawatte Yoghurt\n       80 g\n      Rs  50', units='height', win=Window(...), wrapWidth=1)
46.0847 	EXP 	Created text_12 = TextStim(__class__=<class 'psychopy.visual.text.TextStim'>, alignHoriz=method-wrapper(...), alignText='center', alignVert=method-wrapper(...), anchorHoriz='center', anchorVert='center', antialias=True, autoDraw=False, autoLog=True, bold=False, color=array([1., 1., 1.]), colorSpace='rgb', contrast=1.0, depth=0.0, draggable=False, flipHoriz=False, flipVert=False, font='Arial', fontFiles=[], height=np.float64(0.05), italic=False, languageStyle='LTR', name='text_12', opacity=1, ori=0.0, pos=array([0. , 0.3]), rgb=UNKNOWN, text='Which one are you going to buy?', units='height', win=Window(...), wrapWidth=1)
46.1735 	EXP 	Created fortune = ImageStim(__class__=<class 'psychopy.visual.image.ImageStim'>, anchor=('center', 'center'), autoLog=True, color=array([1., 1., 1.]), colorSpace='rgb', contrast=1.0, depth=-1.0, draggable=False, flipHoriz=np.False_, flipVert=np.False_, image='fortune.jpg', interpolate=True, mask=None, maskParams=None, name='fortune', opacity=1, ori=0.0, pos=array([-0.5,  0. ]), size=array([0.2, 0.2]), texRes=128.0, units='height', win=Window(...))
46.2378 	EXP 	Created marina = ImageStim(__class__=<class 'psychopy.visual.image.ImageStim'>, anchor=('center', 'center'), autoLog=True, color=array([1., 1., 1.]), colorSpace='rgb', contrast=1.0, depth=-2.0, draggable=False, flipHoriz=np.False_, flipVert=np.False_, image='marina.jpeg', interpolate=True, mask=None, maskParams=None, name='marina', opacity=1, ori=0.0, pos=array([0., 0.]), size=array([0.2, 0.2]), texRes=128.0, units='height', win=Window(...))
46.3426 	EXP 	Created Njoy = ImageStim(__class__=<class 'psychopy.visual.image.ImageStim'>, anchor=('center', 'center'), autoLog=True, color=array([1., 1., 1.]), colorSpace='rgb', contrast=1.0, depth=-3.0, draggable=False, flipHoriz=np.False_, flipVert=np.False_, image='Njoy.jpg', interpolate=True, mask=None, maskParams=None, name='Njoy', opacity=1, ori=0.0, pos=array([0.5, 0. ]), size=array([0.2, 0.2]), texRes=128.0, units='height', win=Window(...))
46.3622 	EXP 	Created text_13 = TextStim(__class__=<class 'psychopy.visual.text.TextStim'>, alignHoriz=method-wrapper(...), alignText='center', alignVert=method-wrapper(...), anchorHoriz='center', anchorVert='center', antialias=True, autoDraw=False, autoLog=True, bold=False, color=array([1., 1., 1.]), colorSpace='rgb', contrast=1.0, depth=-4.0, draggable=False, flipHoriz=False, flipVert=False, font='Arial', fontFiles=[], height=np.float64(0.02), italic=False, languageStyle='LTR', name='text_13', opacity=1, ori=0.0, pos=array([-0.5, -0.3]), rgb=UNKNOWN, text=str(...), units='height', win=Window(...), wrapWidth=1)
46.3806 	EXP 	Created text_14 = TextStim(__class__=<class 'psychopy.visual.text.TextStim'>, alignHoriz=method-wrapper(...), alignText='center', alignVert=method-wrapper(...), anchorHoriz='center', anchorVert='center', antialias=True, autoDraw=False, autoLog=True, bold=False, color=array([1., 1., 1.]), colorSpace='rgb', contrast=1.0, depth=-5.0, draggable=False, flipHoriz=False, flipVert=False, font='Arial', fontFiles=[], height=np.float64(0.02), italic=False, languageStyle='LTR', name='text_14', opacity=1, ori=0.0, pos=array([ 0. , -0.3]), rgb=UNKNOWN, text=str(...), units='height', win=Window(...), wrapWidth=1)
46.3927 	EXP 	Created text_15 = TextStim(__class__=<class 'psychopy.visual.text.TextStim'>, alignHoriz=method-wrapper(...), alignText='center', alignVert=method-wrapper(...), anchorHoriz='center', anchorVert='center', antialias=True, autoDraw=False, autoLog=True, bold=False, color=array([1., 1., 1.]), colorSpace='rgb', contrast=1.0, depth=-6.0, draggable=False, flipHoriz=False, flipVert=False, font='Arial', fontFiles=[], height=np.float64(0.02), italic=False, languageStyle='LTR', name='text_15', opacity=1, ori=0.0, pos=array([ 0.5, -0.3]), rgb=UNKNOWN, text=str(...), units='height', win=Window(...), wrapWidth=1)
46.4513 	EXP 	Created text_instr = TextStim(__class__=<class 'psychopy.visual.text.TextStim'>, alignHoriz=method-wrapper(...), alignText='center', alignVert=method-wrapper(...), anchorHoriz='center', anchorVert='center', antialias=True, autoDraw=False, autoLog=True, bold=False, color=array([1., 1., 1.]), colorSpace='rgb', contrast=1.0, depth=0.0, draggable=False, flipHoriz=False, flipVert=False, font='Arial', fontFiles=[], height=np.float64(0.04), italic=False, languageStyle='LTR', name='text_instr', opacity=1, ori=0.0, pos=array([0. , 0.3]), rgb=UNKNOWN, text='Which one are you going to buy?', units='height', win=Window(...), wrapWidth=1)
46.4987 	EXP 	Created kandos = ImageStim(__class__=<class 'psychopy.visual.image.ImageStim'>, anchor=('center', 'center'), autoLog=True, color=array([1., 1., 1.]), colorSpace='rgb', contrast=1.0, depth=-1.0, draggable=False, flipHoriz=np.False_, flipVert=np.False_, image='Kandos.jpeg', interpolate=True, mask=None, maskParams=None, name='kandos', opacity=1, ori=0.0, pos=array([-0.4,  0. ]), size=array([0.2, 0.2]), texRes=128.0, units='height', win=Window(...))
46.5257 	EXP 	Created ritzbury = ImageStim(__class__=<class 'psychopy.visual.image.ImageStim'>, anchor=('center', 'center'), autoLog=True, color=array([1., 1., 1.]), colorSpace='rgb', contrast=1.0, depth=-2.0, draggable=False, flipHoriz=np.False_, flipVert=np.False_, image='ritzbury.jpg', interpolate=True, mask=None, maskParams=None, name='ritzbury', opacity=1.0, ori=0.0, pos=array([-0.1,  0. ]), size=array([0.2, 0.2]), texRes=128.0, units='height', win=Window(...))
46.5637 	EXP 	Created revello = ImageStim(__class__=<class 'psychopy.visual.image.ImageStim'>, anchor=('center', 'center'), autoLog=True, color=array([1., 1., 1.]), colorSpace='rgb', contrast=1.0, depth=-3.0, draggable=False, flipHoriz=np.False_, flipVert=np.False_, image='revello.jpg', interpolate=True, mask=None, maskParams=None, name='revello', opacity=1, ori=0.0, pos=array([0.2, 0. ]), size=array([0.2, 0.2]), texRes=128.0, units='height', win=Window(...))
46.6178 	EXP 	Created cadbury = ImageStim(__class__=<class 'psychopy.visual.image.ImageStim'>, anchor=('center', 'center'), autoLog=True, color=array([1., 1., 1.]), colorSpace='rgb', contrast=1.0, depth=-4.0, draggable=False, flipHoriz=np.False_, flipVert=np.False_, image='cadbury.jpg', interpolate=True, mask=None, maskParams=None, name='cadbury', opacity=1, ori=0.0, pos=array([0.5, 0. ]), size=array([0.2, 0.2]), texRes=128.0, units='height', win=Window(...))
46.6711 	EXP 	Created text_20 = TextStim(__class__=<class 'psychopy.visual.text.TextStim'>, alignHoriz=method-wrapper(...), alignText='center', alignVert=method-wrapper(...), anchorHoriz='center', anchorVert='center', antialias=True, autoDraw=False, autoLog=True, bold=False, color=array([1., 1., 1.]), colorSpace='rgb', contrast=1.0, depth=-8.0, draggable=False, flipHoriz=False, flipVert=False, font='Arial', fontFiles=[], height=np.float64(0.02), italic=False, languageStyle='LTR', name='text_20', opacity=1, ori=0.0, pos=array([-0.4, -0.3]), rgb=UNKNOWN, text='Kandos Chocolate\n        90 g\n    Rs  600', units='height', win=Window(...), wrapWidth=1)
46.7028 	EXP 	Created text_21 = TextStim(__class__=<class 'psychopy.visual.text.TextStim'>, alignHoriz=method-wrapper(...), alignText='center', alignVert=method-wrapper(...), anchorHoriz='center', anchorVert='center', antialias=True, autoDraw=False, autoLog=True, bold=False, color=array([1., 1., 1.]), colorSpace='rgb', contrast=1.0, depth=-9.0, draggable=False, flipHoriz=False, flipVert=False, font='Arial', fontFiles=[], height=np.float64(0.02), italic=False, languageStyle='LTR', name='text_21', opacity=1, ori=0.0, pos=array([-0.1, -0.3]), rgb=UNKNOWN, text=str(...), units='height', win=Window(...), wrapWidth=1)
46.7177 	EXP 	Created text_22 = TextStim(__class__=<class 'psychopy.visual.text.TextStim'>, alignHoriz=method-wrapper(...), alignText='center', alignVert=method-wrapper(...), anchorHoriz='center', anchorVert='center', antialias=True, autoDraw=False, autoLog=True, bold=False, color=array([1., 1., 1.]), colorSpace='rgb', contrast=1.0, depth=-10.0, draggable=False, flipHoriz=False, flipVert=False, font='Arial', fontFiles=[], height=np.float64(0.02), italic=False, languageStyle='LTR', name='text_22', opacity=1, ori=0.0, pos=array([ 0.2, -0.3]), rgb=UNKNOWN, text=str(...), units='height', win=Window(...), wrapWidth=1)
46.7288 	EXP 	Created text_23 = TextStim(__class__=<class 'psychopy.visual.text.TextStim'>, alignHoriz=method-wrapper(...), alignText='center', alignVert=method-wrapper(...), anchorHoriz='center', anchorVert='center', antialias=True, autoDraw=False, autoLog=True, bold=False, color=array([1., 1., 1.]), colorSpace='rgb', contrast=1.0, depth=-11.0, draggable=False, flipHoriz=False, flipVert=False, font='Arial', fontFiles=[], height=np.float64(0.02), italic=False, languageStyle='LTR', name='text_23', opacity=1, ori=0.0, pos=array([ 0.5, -0.3]), rgb=UNKNOWN, text=str(...), units='height', win=Window(...), wrapWidth=1)
46.7366 	EXP 	Created text_instr_2 = TextStim(__class__=<class 'psychopy.visual.text.TextStim'>, alignHoriz=method-wrapper(...), alignText='center', alignVert=method-wrapper(...), anchorHoriz='center', anchorVert='center', antialias=True, autoDraw=False, autoLog=True, bold=False, color=array([1., 1., 1.]), colorSpace='rgb', contrast=1.0, depth=0.0, draggable=False, flipHoriz=False, flipVert=False, font='Arial', fontFiles=[], height=np.float64(0.04), italic=False, languageStyle='LTR', name='text_instr_2', opacity=1, ori=0.0, pos=array([0. , 0.3]), rgb=UNKNOWN, text='Which one are going to buy', units='height', win=Window(...), wrapWidth=1)
46.7587 	EXP 	Created goldi = ImageStim(__class__=<class 'psychopy.visual.image.ImageStim'>, anchor=('center', 'center'), autoLog=True, color=array([1., 1., 1.]), colorSpace='rgb', contrast=1.0, depth=-1.0, draggable=False, flipHoriz=np.False_, flipVert=np.False_, image='goldi.jpg', interpolate=True, mask=None, maskParams=None, name='goldi', opacity=1, ori=0.0, pos=array([-0.4,  0. ]), size=array([0.2, 0.2]), texRes=128.0, units='height', win=Window(...))
46.8284 	EXP 	Created elephanthouse = ImageStim(__class__=<class 'psychopy.visual.image.ImageStim'>, anchor=('center', 'center'), autoLog=True, color=array([1., 1., 1.]), colorSpace='rgb', contrast=1.0, depth=-2.0, draggable=False, flipHoriz=np.False_, flipVert=np.False_, image='elephanthousre.jpg', interpolate=True, mask=None, maskParams=None, name='elephanthouse', opacity=1, ori=0.0, pos=array([-0.1,  0. ]), size=array([0.2, 0.2]), texRes=128.0, units='height', win=Window(...))
46.8492 	EXP 	Created krest = ImageStim(__class__=<class 'psychopy.visual.image.ImageStim'>, anchor=('center', 'center'), autoLog=True, color=array([1., 1., 1.]), colorSpace='rgb', contrast=1.0, depth=-3.0, draggable=False, flipHoriz=np.False_, flipVert=np.False_, image='krest.jpg', interpolate=True, mask=None, maskParams=None, name='krest', opacity=1, ori=0.0, pos=array([0.2, 0. ]), size=array([0.2, 0.2]), texRes=128.0, units='height', win=Window(...))
46.8779 	EXP 	Created pussalla = ImageStim(__class__=<class 'psychopy.visual.image.ImageStim'>, anchor=('center', 'center'), autoLog=True, color=array([1., 1., 1.]), colorSpace='rgb', contrast=1.0, depth=-4.0, draggable=False, flipHoriz=np.False_, flipVert=np.False_, image='pussalla.jpeg', interpolate=True, mask=None, maskParams=None, name='pussalla', opacity=1, ori=0.0, pos=array([0.5, 0. ]), size=array([0.2, 0.2]), texRes=128.0, units='height', win=Window(...))
46.8982 	EXP 	Created text_16 = TextStim(__class__=<class 'psychopy.visual.text.TextStim'>, alignHoriz=method-wrapper(...), alignText='center', alignVert=method-wrapper(...), anchorHoriz='center', anchorVert='center', antialias=True, autoDraw=False, autoLog=True, bold=False, color=array([1., 1., 1.]), colorSpace='rgb', contrast=1.0, depth=-6.0, draggable=False, flipHoriz=False, flipVert=False, font='Arial', fontFiles=[], height=np.float64(0.02), italic=False, languageStyle='LTR', name='text_16', opacity=1, ori=0.0, pos=array([-0.4, -0.3]), rgb=UNKNOWN, text=str(...), units='height', win=Window(...), wrapWidth=1)
46.9137 	EXP 	Created text_17 = TextStim(__class__=<class 'psychopy.visual.text.TextStim'>, alignHoriz=method-wrapper(...), alignText='center', alignVert=method-wrapper(...), anchorHoriz='center', anchorVert='center', antialias=True, autoDraw=False, autoLog=True, bold=False, color=array([1., 1., 1.]), colorSpace='rgb', contrast=1.0, depth=-7.0, draggable=False, flipHoriz=False, flipVert=False, font='Arial', fontFiles=[], height=np.float64(0.02), italic=False, languageStyle='LTR', name='text_17', opacity=1, ori=0.0, pos=array([-0.1, -0.3]), rgb=UNKNOWN, text=str(...), units='height', win=Window(...), wrapWidth=1)
46.9230 	EXP 	Created text_18 = TextStim(__class__=<class 'psychopy.visual.text.TextStim'>, alignHoriz=method-wrapper(...), alignText='center', alignVert=method-wrapper(...), anchorHoriz='center', anchorVert='center', antialias=True, autoDraw=False, autoLog=True, bold=False, color=array([1., 1., 1.]), colorSpace='rgb', contrast=1.0, depth=-8.0, draggable=False, flipHoriz=False, flipVert=False, font='Arial', fontFiles=[], height=np.float64(0.02), italic=False, languageStyle='LTR', name='text_18', opacity=1, ori=0.0, pos=array([ 0.2, -0.3]), rgb=UNKNOWN, text=str(...), units='height', win=Window(...), wrapWidth=1)
46.9372 	EXP 	Created text_19 = TextStim(__class__=<class 'psychopy.visual.text.TextStim'>, alignHoriz=method-wrapper(...), alignText='center', alignVert=method-wrapper(...), anchorHoriz='center', anchorVert='center', antialias=True, autoDraw=False, autoLog=True, bold=False, color=array([1., 1., 1.]), colorSpace='rgb', contrast=1.0, depth=-9.0, draggable=False, flipHoriz=False, flipVert=False, font='Arial', fontFiles=[], height=np.float64(0.02), italic=False, languageStyle='LTR', name='text_19', opacity=1, ori=0.0, pos=array([ 0.5, -0.3]), rgb=UNKNOWN, text=str(...), units='height', win=Window(...), wrapWidth=1)
1.5262 	EXP 	eyetracker.setRecordingState(True)
1.5267 	EXP 	eyetracker.setRecordingState(False)
1.8839 	INFO 	Keyboard events cleared
1.8833 	EXP 	ambewela: image = 'ambewelacheese.jpg'
1.8833 	EXP 	kothmale: image = 'kothmale cheese.jpg'
1.8833 	EXP 	happycow: image = 'happycow.jpeg'
1.8833 	EXP 	kraft: image = 'Kraft cheese.jpeg'
1.8833 	EXP 	richlife: image = 'richlifecheese.jpg'
1.8833 	EXP 	text: autoDraw = True
1.8833 	EXP 	ambewela: autoDraw = True
1.8833 	EXP 	kothmale: autoDraw = True
1.8833 	EXP 	happycow: autoDraw = True
1.8833 	EXP 	kraft: autoDraw = True
1.8833 	EXP 	richlife: autoDraw = True
1.8833 	EXP 	text_2: autoDraw = True
1.8833 	EXP 	text_3: autoDraw = True
1.8833 	EXP 	text_4: autoDraw = True
1.8833 	EXP 	text_5: autoDraw = True
1.8833 	EXP 	text_6: autoDraw = True
1.8833 	EXP 	text: height = np.float64(0.05)
1.8833 	EXP 	text: height = np.float64(0.05)
1.8833 	EXP 	text: height = np.float64(0.05)
1.8833 	EXP 	text: text = 'Which one are you going to buy?'
1.8997 	EXP 	eyetracker.setRecordingState(False)
1.9080 	EXP 	text: height = np.float64(0.05)
1.9080 	EXP 	text: height = np.float64(0.05)
1.9080 	EXP 	text: height = np.float64(0.05)
1.9080 	EXP 	text: text = 'Which one are you going to buy?'
1.9091 	EXP 	eyetracker.setRecordingState(False)
1.9165 	EXP 	text: height = np.float64(0.05)
1.9165 	EXP 	text: height = np.float64(0.05)
1.9165 	EXP 	text: height = np.float64(0.05)
1.9165 	EXP 	text: text = 'Which one are you going to buy?'
1.9173 	EXP 	eyetracker.setRecordingState(False)
1.9258 	EXP 	text: height = np.float64(0.05)
1.9258 	EXP 	text: height = np.float64(0.05)
1.9258 	EXP 	text: height = np.float64(0.05)
1.9258 	EXP 	text: text = 'Which one are you going to buy?'
1.9270 	EXP 	eyetracker.setRecordingState(False)
1.9346 	EXP 	text: height = np.float64(0.05)
1.9346 	EXP 	text: height = np.float64(0.05)
1.9346 	EXP 	text: height = np.float64(0.05)
1.9346 	EXP 	text: text = 'Which one are you going to buy?'
1.9356 	EXP 	eyetracker.setRecordingState(False)
1.9439 	EXP 	text: height = np.float64(0.05)
1.9439 	EXP 	text: height = np.float64(0.05)
1.9439 	EXP 	text: height = np.float64(0.05)
1.9439 	EXP 	text: text = 'Which one are you going to buy?'
1.9447 	EXP 	eyetracker.setRecordingState(False)
1.9529 	EXP 	text: height = np.float64(0.05)
1.9529 	EXP 	text: height = np.float64(0.05)
1.9529 	EXP 	text: height = np.float64(0.05)
1.9529 	EXP 	text: text = 'Which one are you going to buy?'
1.9538 	EXP 	eyetracker.setRecordingState(False)
1.9609 	EXP 	text: height = np.float64(0.05)
1.9609 	EXP 	text: height = np.float64(0.05)
1.9609 	EXP 	text: height = np.float64(0.05)
1.9609 	EXP 	text: text = 'Which one are you going to buy?'
1.9618 	EXP 	eyetracker.setRecordingState(False)
1.9696 	EXP 	text: height = np.float64(0.05)
1.9696 	EXP 	text: height = np.float64(0.05)
1.9696 	EXP 	text: height = np.float64(0.05)
1.9696 	EXP 	text: text = 'Which one are you going to buy?'
1.9704 	EXP 	eyetracker.setRecordingState(False)
1.9813 	EXP 	text: height = np.float64(0.05)
1.9813 	EXP 	text: height = np.float64(0.05)
1.9813 	EXP 	text: height = np.float64(0.05)
1.9813 	EXP 	text: text = 'Which one are you going to buy?'
1.9821 	EXP 	eyetracker.setRecordingState(False)
1.9900 	EXP 	text: height = np.float64(0.05)
1.9900 	EXP 	text: height = np.float64(0.05)
1.9900 	EXP 	text: height = np.float64(0.05)
1.9900 	EXP 	text: text = 'Which one are you going to buy?'
1.9910 	EXP 	eyetracker.setRecordingState(False)
1.9991 	EXP 	text: height = np.float64(0.05)
1.9991 	EXP 	text: height = np.float64(0.05)
1.9991 	EXP 	text: height = np.float64(0.05)
1.9991 	EXP 	text: text = 'Which one are you going to buy?'
2.0001 	EXP 	eyetracker.setRecordingState(False)
2.0091 	EXP 	text: height = np.float64(0.05)
2.0091 	EXP 	text: height = np.float64(0.05)
2.0091 	EXP 	text: height = np.float64(0.05)
2.0091 	EXP 	text: text = 'Which one are you going to buy?'
2.0100 	EXP 	eyetracker.setRecordingState(False)
2.0173 	EXP 	text: height = np.float64(0.05)
2.0173 	EXP 	text: height = np.float64(0.05)
2.0173 	EXP 	text: height = np.float64(0.05)
2.0173 	EXP 	text: text = 'Which one are you going to buy?'
2.0182 	EXP 	eyetracker.setRecordingState(False)
2.0254 	EXP 	text: height = np.float64(0.05)
2.0254 	EXP 	text: height = np.float64(0.05)
2.0254 	EXP 	text: height = np.float64(0.05)
2.0254 	EXP 	text: text = 'Which one are you going to buy?'
2.0265 	EXP 	eyetracker.setRecordingState(False)
2.0341 	EXP 	text: height = np.float64(0.05)
2.0341 	EXP 	text: height = np.float64(0.05)
2.0341 	EXP 	text: height = np.float64(0.05)
2.0341 	EXP 	text: text = 'Which one are you going to buy?'
2.0350 	EXP 	eyetracker.setRecordingState(False)
2.0426 	EXP 	text: height = np.float64(0.05)
2.0426 	EXP 	text: height = np.float64(0.05)
2.0426 	EXP 	text: height = np.float64(0.05)
2.0426 	EXP 	text: text = 'Which one are you going to buy?'
2.0436 	EXP 	eyetracker.setRecordingState(False)
2.0539 	EXP 	text: height = np.float64(0.05)
2.0539 	EXP 	text: height = np.float64(0.05)
2.0539 	EXP 	text: height = np.float64(0.05)
2.0539 	EXP 	text: text = 'Which one are you going to buy?'
2.0547 	EXP 	eyetracker.setRecordingState(False)
2.0635 	EXP 	text: height = np.float64(0.05)
2.0635 	EXP 	text: height = np.float64(0.05)
2.0635 	EXP 	text: height = np.float64(0.05)
2.0635 	EXP 	text: text = 'Which one are you going to buy?'
2.0642 	EXP 	eyetracker.setRecordingState(False)
2.0734 	EXP 	text: height = np.float64(0.05)
2.0734 	EXP 	text: height = np.float64(0.05)
2.0734 	EXP 	text: height = np.float64(0.05)
2.0734 	EXP 	text: text = 'Which one are you going to buy?'
2.0742 	EXP 	eyetracker.setRecordingState(False)
2.0830 	EXP 	text: height = np.float64(0.05)
2.0830 	EXP 	text: height = np.float64(0.05)
2.0830 	EXP 	text: height = np.float64(0.05)
2.0830 	EXP 	text: text = 'Which one are you going to buy?'
2.0838 	EXP 	eyetracker.setRecordingState(False)
2.0945 	EXP 	text: height = np.float64(0.05)
2.0945 	EXP 	text: height = np.float64(0.05)
2.0945 	EXP 	text: height = np.float64(0.05)
2.0945 	EXP 	text: text = 'Which one are you going to buy?'
2.0956 	EXP 	eyetracker.setRecordingState(False)
2.1040 	EXP 	text: height = np.float64(0.05)
2.1040 	EXP 	text: height = np.float64(0.05)
2.1040 	EXP 	text: height = np.float64(0.05)
2.1040 	EXP 	text: text = 'Which one are you going to buy?'
2.1048 	EXP 	eyetracker.setRecordingState(False)
2.1132 	EXP 	text: height = np.float64(0.05)
2.1132 	EXP 	text: height = np.float64(0.05)
2.1132 	EXP 	text: height = np.float64(0.05)
2.1132 	EXP 	text: text = 'Which one are you going to buy?'
2.1140 	EXP 	eyetracker.setRecordingState(False)
2.1253 	EXP 	text: height = np.float64(0.05)
2.1253 	EXP 	text: height = np.float64(0.05)
2.1253 	EXP 	text: height = np.float64(0.05)
2.1253 	EXP 	text: text = 'Which one are you going to buy?'
2.1260 	EXP 	eyetracker.setRecordingState(False)
2.1341 	EXP 	text: height = np.float64(0.05)
2.1341 	EXP 	text: height = np.float64(0.05)
2.1341 	EXP 	text: height = np.float64(0.05)
2.1341 	EXP 	text: text = 'Which one are you going to buy?'
2.1349 	EXP 	eyetracker.setRecordingState(False)
2.1437 	EXP 	text: height = np.float64(0.05)
2.1437 	EXP 	text: height = np.float64(0.05)
2.1437 	EXP 	text: height = np.float64(0.05)
2.1437 	EXP 	text: text = 'Which one are you going to buy?'
2.1446 	EXP 	eyetracker.setRecordingState(False)
2.1519 	EXP 	text: height = np.float64(0.05)
2.1519 	EXP 	text: height = np.float64(0.05)
2.1519 	EXP 	text: height = np.float64(0.05)
2.1519 	EXP 	text: text = 'Which one are you going to buy?'
2.1527 	EXP 	eyetracker.setRecordingState(False)
2.1606 	EXP 	text: height = np.float64(0.05)
2.1606 	EXP 	text: height = np.float64(0.05)
2.1606 	EXP 	text: height = np.float64(0.05)
2.1606 	EXP 	text: text = 'Which one are you going to buy?'
2.1613 	EXP 	eyetracker.setRecordingState(False)
2.1695 	EXP 	text: height = np.float64(0.05)
2.1695 	EXP 	text: height = np.float64(0.05)
2.1695 	EXP 	text: height = np.float64(0.05)
2.1695 	EXP 	text: text = 'Which one are you going to buy?'
2.1702 	EXP 	eyetracker.setRecordingState(False)
2.1781 	EXP 	text: height = np.float64(0.05)
2.1781 	EXP 	text: height = np.float64(0.05)
2.1781 	EXP 	text: height = np.float64(0.05)
2.1781 	EXP 	text: text = 'Which one are you going to buy?'
2.1788 	EXP 	eyetracker.setRecordingState(False)
2.1860 	EXP 	text: height = np.float64(0.05)
2.1860 	EXP 	text: height = np.float64(0.05)
2.1860 	EXP 	text: height = np.float64(0.05)
2.1860 	EXP 	text: text = 'Which one are you going to buy?'
2.1866 	EXP 	eyetracker.setRecordingState(False)
2.1940 	EXP 	text: height = np.float64(0.05)
2.1940 	EXP 	text: height = np.float64(0.05)
2.1940 	EXP 	text: height = np.float64(0.05)
2.1940 	EXP 	text: text = 'Which one are you going to buy?'
2.1946 	EXP 	eyetracker.setRecordingState(False)
2.2022 	EXP 	text: height = np.float64(0.05)
2.2022 	EXP 	text: height = np.float64(0.05)
2.2022 	EXP 	text: height = np.float64(0.05)
2.2022 	EXP 	text: text = 'Which one are you going to buy?'
2.2030 	EXP 	eyetracker.setRecordingState(False)
2.2111 	EXP 	text: height = np.float64(0.05)
2.2111 	EXP 	text: height = np.float64(0.05)
2.2111 	EXP 	text: height = np.float64(0.05)
2.2111 	EXP 	text: text = 'Which one are you going to buy?'
2.2118 	EXP 	eyetracker.setRecordingState(False)
2.2203 	EXP 	text: height = np.float64(0.05)
2.2203 	EXP 	text: height = np.float64(0.05)
2.2203 	EXP 	text: height = np.float64(0.05)
2.2203 	EXP 	text: text = 'Which one are you going to buy?'
2.2212 	EXP 	eyetracker.setRecordingState(False)
2.2289 	EXP 	text: height = np.float64(0.05)
2.2289 	EXP 	text: height = np.float64(0.05)
2.2289 	EXP 	text: height = np.float64(0.05)
2.2289 	EXP 	text: text = 'Which one are you going to buy?'
2.2296 	EXP 	eyetracker.setRecordingState(False)
2.2376 	EXP 	text: height = np.float64(0.05)
2.2376 	EXP 	text: height = np.float64(0.05)
2.2376 	EXP 	text: height = np.float64(0.05)
2.2376 	EXP 	text: text = 'Which one are you going to buy?'
2.2384 	EXP 	eyetracker.setRecordingState(False)
2.2473 	EXP 	text: height = np.float64(0.05)
2.2473 	EXP 	text: height = np.float64(0.05)
2.2473 	EXP 	text: height = np.float64(0.05)
2.2473 	EXP 	text: text = 'Which one are you going to buy?'
2.2482 	EXP 	eyetracker.setRecordingState(False)
2.2556 	EXP 	text: height = np.float64(0.05)
2.2556 	EXP 	text: height = np.float64(0.05)
2.2556 	EXP 	text: height = np.float64(0.05)
2.2556 	EXP 	text: text = 'Which one are you going to buy?'
2.2562 	EXP 	eyetracker.setRecordingState(False)
2.2629 	EXP 	text: height = np.float64(0.05)
2.2629 	EXP 	text: height = np.float64(0.05)
2.2629 	EXP 	text: height = np.float64(0.05)
2.2629 	EXP 	text: text = 'Which one are you going to buy?'
2.2640 	EXP 	eyetracker.setRecordingState(False)
2.2724 	EXP 	text: height = np.float64(0.05)
2.2724 	EXP 	text: height = np.float64(0.05)
2.2724 	EXP 	text: height = np.float64(0.05)
2.2724 	EXP 	text: text = 'Which one are you going to buy?'
2.2732 	EXP 	eyetracker.setRecordingState(False)
2.2810 	EXP 	text: height = np.float64(0.05)
2.2810 	EXP 	text: height = np.float64(0.05)
2.2810 	EXP 	text: height = np.float64(0.05)
2.2810 	EXP 	text: text = 'Which one are you going to buy?'
2.2817 	EXP 	eyetracker.setRecordingState(False)
2.2899 	EXP 	text: height = np.float64(0.05)
2.2899 	EXP 	text: height = np.float64(0.05)
2.2899 	EXP 	text: height = np.float64(0.05)
2.2899 	EXP 	text: text = 'Which one are you going to buy?'
2.2907 	EXP 	eyetracker.setRecordingState(False)
2.2999 	EXP 	text: height = np.float64(0.05)
2.2999 	EXP 	text: height = np.float64(0.05)
2.2999 	EXP 	text: height = np.float64(0.05)
2.2999 	EXP 	text: text = 'Which one are you going to buy?'
2.3006 	EXP 	eyetracker.setRecordingState(False)
2.3094 	EXP 	text: height = np.float64(0.05)
2.3094 	EXP 	text: height = np.float64(0.05)
2.3094 	EXP 	text: height = np.float64(0.05)
2.3094 	EXP 	text: text = 'Which one are you going to buy?'
2.3101 	EXP 	eyetracker.setRecordingState(False)
2.3169 	EXP 	text: height = np.float64(0.05)
2.3169 	EXP 	text: height = np.float64(0.05)
2.3169 	EXP 	text: height = np.float64(0.05)
2.3169 	EXP 	text: text = 'Which one are you going to buy?'
2.3179 	EXP 	eyetracker.setRecordingState(False)
2.3268 	EXP 	text: height = np.float64(0.05)
2.3268 	EXP 	text: height = np.float64(0.05)
2.3268 	EXP 	text: height = np.float64(0.05)
2.3268 	EXP 	text: text = 'Which one are you going to buy?'
2.3275 	EXP 	eyetracker.setRecordingState(False)
2.3358 	EXP 	text: height = np.float64(0.05)
2.3358 	EXP 	text: height = np.float64(0.05)
2.3358 	EXP 	text: height = np.float64(0.05)
2.3358 	EXP 	text: text = 'Which one are you going to buy?'
2.3365 	EXP 	eyetracker.setRecordingState(False)
2.3449 	EXP 	text: height = np.float64(0.05)
2.3449 	EXP 	text: height = np.float64(0.05)
2.3449 	EXP 	text: height = np.float64(0.05)
2.3449 	EXP 	text: text = 'Which one are you going to buy?'
2.3456 	EXP 	eyetracker.setRecordingState(False)
2.3544 	EXP 	text: height = np.float64(0.05)
2.3544 	EXP 	text: height = np.float64(0.05)
2.3544 	EXP 	text: height = np.float64(0.05)
2.3544 	EXP 	text: text = 'Which one are you going to buy?'
2.3551 	EXP 	eyetracker.setRecordingState(False)
2.3622 	EXP 	text: height = np.float64(0.05)
2.3622 	EXP 	text: height = np.float64(0.05)
2.3622 	EXP 	text: height = np.float64(0.05)
2.3622 	EXP 	text: text = 'Which one are you going to buy?'
2.3630 	EXP 	eyetracker.setRecordingState(False)
2.3714 	EXP 	text: height = np.float64(0.05)
2.3714 	EXP 	text: height = np.float64(0.05)
2.3714 	EXP 	text: height = np.float64(0.05)
2.3714 	EXP 	text: text = 'Which one are you going to buy?'
2.3721 	EXP 	eyetracker.setRecordingState(False)
2.3799 	EXP 	text: height = np.float64(0.05)
2.3799 	EXP 	text: height = np.float64(0.05)
2.3799 	EXP 	text: height = np.float64(0.05)
2.3799 	EXP 	text: text = 'Which one are you going to buy?'
2.3806 	EXP 	eyetracker.setRecordingState(False)
2.3878 	EXP 	text: height = np.float64(0.05)
2.3878 	EXP 	text: height = np.float64(0.05)
2.3878 	EXP 	text: height = np.float64(0.05)
2.3878 	EXP 	text: text = 'Which one are you going to buy?'
2.3885 	EXP 	eyetracker.setRecordingState(False)
2.3959 	EXP 	text: height = np.float64(0.05)
2.3959 	EXP 	text: height = np.float64(0.05)
2.3959 	EXP 	text: height = np.float64(0.05)
2.3959 	EXP 	text: text = 'Which one are you going to buy?'
2.3966 	EXP 	eyetracker.setRecordingState(False)
2.4047 	EXP 	text: height = np.float64(0.05)
2.4047 	EXP 	text: height = np.float64(0.05)
2.4047 	EXP 	text: height = np.float64(0.05)
2.4047 	EXP 	text: text = 'Which one are you going to buy?'
2.4054 	EXP 	eyetracker.setRecordingState(False)
2.4135 	EXP 	text: height = np.float64(0.05)
2.4135 	EXP 	text: height = np.float64(0.05)
2.4135 	EXP 	text: height = np.float64(0.05)
2.4135 	EXP 	text: text = 'Which one are you going to buy?'
2.4144 	EXP 	eyetracker.setRecordingState(False)
2.4228 	EXP 	text: height = np.float64(0.05)
2.4228 	EXP 	text: height = np.float64(0.05)
2.4228 	EXP 	text: height = np.float64(0.05)
2.4228 	EXP 	text: text = 'Which one are you going to buy?'
2.4236 	EXP 	eyetracker.setRecordingState(False)
2.4313 	EXP 	text: height = np.float64(0.05)
2.4313 	EXP 	text: height = np.float64(0.05)
2.4313 	EXP 	text: height = np.float64(0.05)
2.4313 	EXP 	text: text = 'Which one are you going to buy?'
2.4320 	EXP 	eyetracker.setRecordingState(False)
2.4408 	EXP 	text: height = np.float64(0.05)
2.4408 	EXP 	text: height = np.float64(0.05)
2.4408 	EXP 	text: height = np.float64(0.05)
2.4408 	EXP 	text: text = 'Which one are you going to buy?'
2.4415 	EXP 	eyetracker.setRecordingState(False)
2.4498 	EXP 	text: height = np.float64(0.05)
2.4498 	EXP 	text: height = np.float64(0.05)
2.4498 	EXP 	text: height = np.float64(0.05)
2.4498 	EXP 	text: text = 'Which one are you going to buy?'
2.4506 	EXP 	eyetracker.setRecordingState(False)
2.4601 	EXP 	text: height = np.float64(0.05)
2.4601 	EXP 	text: height = np.float64(0.05)
2.4601 	EXP 	text: height = np.float64(0.05)
2.4601 	EXP 	text: text = 'Which one are you going to buy?'
2.4608 	EXP 	eyetracker.setRecordingState(False)
2.4684 	EXP 	text: height = np.float64(0.05)
2.4684 	EXP 	text: height = np.float64(0.05)
2.4684 	EXP 	text: height = np.float64(0.05)
2.4684 	EXP 	text: text = 'Which one are you going to buy?'
2.4695 	EXP 	eyetracker.setRecordingState(False)
2.4793 	EXP 	text: height = np.float64(0.05)
2.4793 	EXP 	text: height = np.float64(0.05)
2.4793 	EXP 	text: height = np.float64(0.05)
2.4793 	EXP 	text: text = 'Which one are you going to buy?'
2.4802 	EXP 	eyetracker.setRecordingState(False)
2.4892 	EXP 	text: height = np.float64(0.05)
2.4892 	EXP 	text: height = np.float64(0.05)
2.4892 	EXP 	text: height = np.float64(0.05)
2.4892 	EXP 	text: text = 'Which one are you going to buy?'
2.4900 	EXP 	eyetracker.setRecordingState(False)
2.4987 	EXP 	text: height = np.float64(0.05)
2.4987 	EXP 	text: height = np.float64(0.05)
2.4987 	EXP 	text: height = np.float64(0.05)
2.4987 	EXP 	text: text = 'Which one are you going to buy?'
2.4995 	EXP 	eyetracker.setRecordingState(False)
2.5090 	EXP 	text: height = np.float64(0.05)
2.5090 	EXP 	text: height = np.float64(0.05)
2.5090 	EXP 	text: height = np.float64(0.05)
2.5090 	EXP 	text: text = 'Which one are you going to buy?'
2.5098 	EXP 	eyetracker.setRecordingState(False)
2.5178 	EXP 	text: height = np.float64(0.05)
2.5178 	EXP 	text: height = np.float64(0.05)
2.5178 	EXP 	text: height = np.float64(0.05)
2.5178 	EXP 	text: text = 'Which one are you going to buy?'
2.5186 	EXP 	eyetracker.setRecordingState(False)
2.5274 	EXP 	text: height = np.float64(0.05)
2.5274 	EXP 	text: height = np.float64(0.05)
2.5274 	EXP 	text: height = np.float64(0.05)
2.5274 	EXP 	text: text = 'Which one are you going to buy?'
2.5285 	EXP 	eyetracker.setRecordingState(False)
2.5368 	EXP 	text: height = np.float64(0.05)
2.5368 	EXP 	text: height = np.float64(0.05)
2.5368 	EXP 	text: height = np.float64(0.05)
2.5368 	EXP 	text: text = 'Which one are you going to buy?'
2.5375 	EXP 	eyetracker.setRecordingState(False)
2.5484 	EXP 	text: height = np.float64(0.05)
2.5484 	EXP 	text: height = np.float64(0.05)
2.5484 	EXP 	text: height = np.float64(0.05)
2.5484 	EXP 	text: text = 'Which one are you going to buy?'
2.5492 	EXP 	eyetracker.setRecordingState(False)
2.5586 	EXP 	text: height = np.float64(0.05)
2.5586 	EXP 	text: height = np.float64(0.05)
2.5586 	EXP 	text: height = np.float64(0.05)
2.5586 	EXP 	text: text = 'Which one are you going to buy?'
2.5595 	EXP 	eyetracker.setRecordingState(False)
2.5684 	EXP 	text: height = np.float64(0.05)
2.5684 	EXP 	text: height = np.float64(0.05)
2.5684 	EXP 	text: height = np.float64(0.05)
2.5684 	EXP 	text: text = 'Which one are you going to buy?'
2.5693 	EXP 	eyetracker.setRecordingState(False)
2.5797 	EXP 	text: height = np.float64(0.05)
2.5797 	EXP 	text: height = np.float64(0.05)
2.5797 	EXP 	text: height = np.float64(0.05)
2.5797 	EXP 	text: text = 'Which one are you going to buy?'
2.5804 	EXP 	eyetracker.setRecordingState(False)
2.5890 	EXP 	text: height = np.float64(0.05)
2.5890 	EXP 	text: height = np.float64(0.05)
2.5890 	EXP 	text: height = np.float64(0.05)
2.5890 	EXP 	text: text = 'Which one are you going to buy?'
2.5897 	EXP 	eyetracker.setRecordingState(False)
2.5986 	EXP 	text: height = np.float64(0.05)
2.5986 	EXP 	text: height = np.float64(0.05)
2.5986 	EXP 	text: height = np.float64(0.05)
2.5986 	EXP 	text: text = 'Which one are you going to buy?'
2.5995 	EXP 	eyetracker.setRecordingState(False)
2.6086 	EXP 	text: height = np.float64(0.05)
2.6086 	EXP 	text: height = np.float64(0.05)
2.6086 	EXP 	text: height = np.float64(0.05)
2.6086 	EXP 	text: text = 'Which one are you going to buy?'
2.6093 	EXP 	eyetracker.setRecordingState(False)
2.6180 	EXP 	text: height = np.float64(0.05)
2.6180 	EXP 	text: height = np.float64(0.05)
2.6180 	EXP 	text: height = np.float64(0.05)
2.6180 	EXP 	text: text = 'Which one are you going to buy?'
2.6187 	EXP 	eyetracker.setRecordingState(False)
2.6273 	EXP 	text: height = np.float64(0.05)
2.6273 	EXP 	text: height = np.float64(0.05)
2.6273 	EXP 	text: height = np.float64(0.05)
2.6273 	EXP 	text: text = 'Which one are you going to buy?'
2.6282 	EXP 	eyetracker.setRecordingState(False)
2.6362 	EXP 	text: height = np.float64(0.05)
2.6362 	EXP 	text: height = np.float64(0.05)
2.6362 	EXP 	text: height = np.float64(0.05)
2.6362 	EXP 	text: text = 'Which one are you going to buy?'
2.6370 	EXP 	eyetracker.setRecordingState(False)
2.6450 	EXP 	text: height = np.float64(0.05)
2.6450 	EXP 	text: height = np.float64(0.05)
2.6450 	EXP 	text: height = np.float64(0.05)
2.6450 	EXP 	text: text = 'Which one are you going to buy?'
2.6457 	EXP 	eyetracker.setRecordingState(False)
2.6534 	EXP 	text: height = np.float64(0.05)
2.6534 	EXP 	text: height = np.float64(0.05)
2.6534 	EXP 	text: height = np.float64(0.05)
2.6534 	EXP 	text: text = 'Which one are you going to buy?'
2.6542 	EXP 	eyetracker.setRecordingState(False)
2.6637 	EXP 	text: height = np.float64(0.05)
2.6637 	EXP 	text: height = np.float64(0.05)
2.6637 	EXP 	text: height = np.float64(0.05)
2.6637 	EXP 	text: text = 'Which one are you going to buy?'
2.6643 	EXP 	eyetracker.setRecordingState(False)
2.6717 	EXP 	text: height = np.float64(0.05)
2.6717 	EXP 	text: height = np.float64(0.05)
2.6717 	EXP 	text: height = np.float64(0.05)
2.6717 	EXP 	text: text = 'Which one are you going to buy?'
2.6722 	EXP 	eyetracker.setRecordingState(False)
2.6791 	EXP 	text: height = np.float64(0.05)
2.6791 	EXP 	text: height = np.float64(0.05)
2.6791 	EXP 	text: height = np.float64(0.05)
2.6791 	EXP 	text: text = 'Which one are you going to buy?'
2.6797 	EXP 	eyetracker.setRecordingState(False)
2.6881 	EXP 	text: height = np.float64(0.05)
2.6881 	EXP 	text: height = np.float64(0.05)
2.6881 	EXP 	text: height = np.float64(0.05)
2.6881 	EXP 	text: text = 'Which one are you going to buy?'
2.6888 	EXP 	eyetracker.setRecordingState(False)
2.6972 	EXP 	text: height = np.float64(0.05)
2.6972 	EXP 	text: height = np.float64(0.05)
2.6972 	EXP 	text: height = np.float64(0.05)
2.6972 	EXP 	text: text = 'Which one are you going to buy?'
2.6977 	EXP 	eyetracker.setRecordingState(False)
2.7049 	EXP 	text: height = np.float64(0.05)
2.7049 	EXP 	text: height = np.float64(0.05)
2.7049 	EXP 	text: height = np.float64(0.05)
2.7049 	EXP 	text: text = 'Which one are you going to buy?'
2.7055 	EXP 	eyetracker.setRecordingState(False)
2.7129 	EXP 	text: height = np.float64(0.05)
2.7129 	EXP 	text: height = np.float64(0.05)
2.7129 	EXP 	text: height = np.float64(0.05)
2.7129 	EXP 	text: text = 'Which one are you going to buy?'
2.7136 	EXP 	eyetracker.setRecordingState(False)
2.7206 	EXP 	text: height = np.float64(0.05)
2.7206 	EXP 	text: height = np.float64(0.05)
2.7206 	EXP 	text: height = np.float64(0.05)
2.7206 	EXP 	text: text = 'Which one are you going to buy?'
2.7214 	EXP 	eyetracker.setRecordingState(False)
2.7286 	EXP 	text: height = np.float64(0.05)
2.7286 	EXP 	text: height = np.float64(0.05)
2.7286 	EXP 	text: height = np.float64(0.05)
2.7286 	EXP 	text: text = 'Which one are you going to buy?'
2.7292 	EXP 	eyetracker.setRecordingState(False)
2.7356 	EXP 	text: height = np.float64(0.05)
2.7356 	EXP 	text: height = np.float64(0.05)
2.7356 	EXP 	text: height = np.float64(0.05)
2.7356 	EXP 	text: text = 'Which one are you going to buy?'
2.7361 	EXP 	eyetracker.setRecordingState(False)
2.7428 	EXP 	text: height = np.float64(0.05)
2.7428 	EXP 	text: height = np.float64(0.05)
2.7428 	EXP 	text: height = np.float64(0.05)
2.7428 	EXP 	text: text = 'Which one are you going to buy?'
2.7435 	EXP 	eyetracker.setRecordingState(False)
2.7501 	EXP 	text: height = np.float64(0.05)
2.7501 	EXP 	text: height = np.float64(0.05)
2.7501 	EXP 	text: height = np.float64(0.05)
2.7501 	EXP 	text: text = 'Which one are you going to buy?'
2.7508 	EXP 	eyetracker.setRecordingState(False)
2.7589 	EXP 	text: height = np.float64(0.05)
2.7589 	EXP 	text: height = np.float64(0.05)
2.7589 	EXP 	text: height = np.float64(0.05)
2.7589 	EXP 	text: text = 'Which one are you going to buy?'
2.7596 	EXP 	eyetracker.setRecordingState(False)
2.7675 	EXP 	text: height = np.float64(0.05)
2.7675 	EXP 	text: height = np.float64(0.05)
2.7675 	EXP 	text: height = np.float64(0.05)
2.7675 	EXP 	text: text = 'Which one are you going to buy?'
2.7682 	EXP 	eyetracker.setRecordingState(False)
2.7778 	EXP 	text: height = np.float64(0.05)
2.7778 	EXP 	text: height = np.float64(0.05)
2.7778 	EXP 	text: height = np.float64(0.05)
2.7778 	EXP 	text: text = 'Which one are you going to buy?'
2.7786 	EXP 	eyetracker.setRecordingState(False)
2.7877 	EXP 	text: height = np.float64(0.05)
2.7877 	EXP 	text: height = np.float64(0.05)
2.7877 	EXP 	text: height = np.float64(0.05)
2.7877 	EXP 	text: text = 'Which one are you going to buy?'
2.7883 	EXP 	eyetracker.setRecordingState(False)
2.7953 	EXP 	text: height = np.float64(0.05)
2.7953 	EXP 	text: height = np.float64(0.05)
2.7953 	EXP 	text: height = np.float64(0.05)
2.7953 	EXP 	text: text = 'Which one are you going to buy?'
2.7959 	EXP 	eyetracker.setRecordingState(False)
2.8026 	EXP 	text: height = np.float64(0.05)
2.8026 	EXP 	text: height = np.float64(0.05)
2.8026 	EXP 	text: height = np.float64(0.05)
2.8026 	EXP 	text: text = 'Which one are you going to buy?'
2.8032 	EXP 	eyetracker.setRecordingState(False)
2.8118 	EXP 	text: height = np.float64(0.05)
2.8118 	EXP 	text: height = np.float64(0.05)
2.8118 	EXP 	text: height = np.float64(0.05)
2.8118 	EXP 	text: text = 'Which one are you going to buy?'
2.8124 	EXP 	eyetracker.setRecordingState(False)
2.8191 	EXP 	text: height = np.float64(0.05)
2.8191 	EXP 	text: height = np.float64(0.05)
2.8191 	EXP 	text: height = np.float64(0.05)
2.8191 	EXP 	text: text = 'Which one are you going to buy?'
2.8197 	EXP 	eyetracker.setRecordingState(False)
2.8264 	EXP 	text: height = np.float64(0.05)
2.8264 	EXP 	text: height = np.float64(0.05)
2.8264 	EXP 	text: height = np.float64(0.05)
2.8264 	EXP 	text: text = 'Which one are you going to buy?'
2.8269 	EXP 	eyetracker.setRecordingState(False)
2.8353 	EXP 	text: height = np.float64(0.05)
2.8353 	EXP 	text: height = np.float64(0.05)
2.8353 	EXP 	text: height = np.float64(0.05)
2.8353 	EXP 	text: text = 'Which one are you going to buy?'
2.8359 	EXP 	eyetracker.setRecordingState(False)
2.8427 	EXP 	text: height = np.float64(0.05)
2.8427 	EXP 	text: height = np.float64(0.05)
2.8427 	EXP 	text: height = np.float64(0.05)
2.8427 	EXP 	text: text = 'Which one are you going to buy?'
2.8432 	EXP 	eyetracker.setRecordingState(False)
2.8504 	EXP 	text: height = np.float64(0.05)
2.8504 	EXP 	text: height = np.float64(0.05)
2.8504 	EXP 	text: height = np.float64(0.05)
2.8504 	EXP 	text: text = 'Which one are you going to buy?'
2.8510 	EXP 	eyetracker.setRecordingState(False)
2.8580 	EXP 	text: height = np.float64(0.05)
2.8580 	EXP 	text: height = np.float64(0.05)
2.8580 	EXP 	text: height = np.float64(0.05)
2.8580 	EXP 	text: text = 'Which one are you going to buy?'
2.8585 	EXP 	eyetracker.setRecordingState(False)
2.8650 	EXP 	text: height = np.float64(0.05)
2.8650 	EXP 	text: height = np.float64(0.05)
2.8650 	EXP 	text: height = np.float64(0.05)
2.8650 	EXP 	text: text = 'Which one are you going to buy?'
2.8655 	EXP 	eyetracker.setRecordingState(False)
2.8719 	EXP 	text: height = np.float64(0.05)
2.8719 	EXP 	text: height = np.float64(0.05)
2.8719 	EXP 	text: height = np.float64(0.05)
2.8719 	EXP 	text: text = 'Which one are you going to buy?'
2.8726 	EXP 	eyetracker.setRecordingState(False)
2.8791 	EXP 	text: height = np.float64(0.05)
2.8791 	EXP 	text: height = np.float64(0.05)
2.8791 	EXP 	text: height = np.float64(0.05)
2.8791 	EXP 	text: text = 'Which one are you going to buy?'
2.8796 	EXP 	eyetracker.setRecordingState(False)
2.8877 	EXP 	text: height = np.float64(0.05)
2.8877 	EXP 	text: height = np.float64(0.05)
2.8877 	EXP 	text: height = np.float64(0.05)
2.8877 	EXP 	text: text = 'Which one are you going to buy?'
2.8883 	EXP 	eyetracker.setRecordingState(False)
2.8948 	EXP 	text: height = np.float64(0.05)
2.8948 	EXP 	text: height = np.float64(0.05)
2.8948 	EXP 	text: height = np.float64(0.05)
2.8948 	EXP 	text: text = 'Which one are you going to buy?'
2.8954 	EXP 	eyetracker.setRecordingState(False)
2.9022 	EXP 	text: height = np.float64(0.05)
2.9022 	EXP 	text: height = np.float64(0.05)
2.9022 	EXP 	text: height = np.float64(0.05)
2.9022 	EXP 	text: text = 'Which one are you going to buy?'
2.9027 	EXP 	eyetracker.setRecordingState(False)
2.9092 	EXP 	text: height = np.float64(0.05)
2.9092 	EXP 	text: height = np.float64(0.05)
2.9092 	EXP 	text: height = np.float64(0.05)
2.9092 	EXP 	text: text = 'Which one are you going to buy?'
2.9098 	EXP 	eyetracker.setRecordingState(False)
2.9179 	EXP 	text: height = np.float64(0.05)
2.9179 	EXP 	text: height = np.float64(0.05)
2.9179 	EXP 	text: height = np.float64(0.05)
2.9179 	EXP 	text: text = 'Which one are you going to buy?'
2.9185 	EXP 	eyetracker.setRecordingState(False)
2.9252 	EXP 	text: height = np.float64(0.05)
2.9252 	EXP 	text: height = np.float64(0.05)
2.9252 	EXP 	text: height = np.float64(0.05)
2.9252 	EXP 	text: text = 'Which one are you going to buy?'
2.9258 	EXP 	eyetracker.setRecordingState(False)
2.9326 	EXP 	text: height = np.float64(0.05)
2.9326 	EXP 	text: height = np.float64(0.05)
2.9326 	EXP 	text: height = np.float64(0.05)
2.9326 	EXP 	text: text = 'Which one are you going to buy?'
2.9332 	EXP 	eyetracker.setRecordingState(False)
2.9398 	EXP 	text: height = np.float64(0.05)
2.9398 	EXP 	text: height = np.float64(0.05)
2.9398 	EXP 	text: height = np.float64(0.05)
2.9398 	EXP 	text: text = 'Which one are you going to buy?'
2.9404 	EXP 	eyetracker.setRecordingState(False)
2.9478 	EXP 	text: height = np.float64(0.05)
2.9478 	EXP 	text: height = np.float64(0.05)
2.9478 	EXP 	text: height = np.float64(0.05)
2.9478 	EXP 	text: text = 'Which one are you going to buy?'
2.9485 	EXP 	eyetracker.setRecordingState(False)
2.9550 	EXP 	text: height = np.float64(0.05)
2.9550 	EXP 	text: height = np.float64(0.05)
2.9550 	EXP 	text: height = np.float64(0.05)
2.9550 	EXP 	text: text = 'Which one are you going to buy?'
2.9556 	EXP 	eyetracker.setRecordingState(False)
2.9622 	EXP 	text: height = np.float64(0.05)
2.9622 	EXP 	text: height = np.float64(0.05)
2.9622 	EXP 	text: height = np.float64(0.05)
2.9622 	EXP 	text: text = 'Which one are you going to buy?'
2.9628 	EXP 	eyetracker.setRecordingState(False)
2.9718 	EXP 	text: height = np.float64(0.05)
2.9718 	EXP 	text: height = np.float64(0.05)
2.9718 	EXP 	text: height = np.float64(0.05)
2.9718 	EXP 	text: text = 'Which one are you going to buy?'
2.9724 	EXP 	eyetracker.setRecordingState(False)
2.9808 	EXP 	text: height = np.float64(0.05)
2.9808 	EXP 	text: height = np.float64(0.05)
2.9808 	EXP 	text: height = np.float64(0.05)
2.9808 	EXP 	text: text = 'Which one are you going to buy?'
2.9818 	EXP 	eyetracker.setRecordingState(False)
2.9944 	EXP 	text: height = np.float64(0.05)
2.9944 	EXP 	text: height = np.float64(0.05)
2.9944 	EXP 	text: height = np.float64(0.05)
2.9944 	EXP 	text: text = 'Which one are you going to buy?'
2.9951 	EXP 	eyetracker.setRecordingState(False)
3.0023 	EXP 	text: height = np.float64(0.05)
3.0023 	EXP 	text: height = np.float64(0.05)
3.0023 	EXP 	text: height = np.float64(0.05)
3.0023 	EXP 	text: text = 'Which one are you going to buy?'
3.0030 	EXP 	eyetracker.setRecordingState(False)
3.0103 	EXP 	text: height = np.float64(0.05)
3.0103 	EXP 	text: height = np.float64(0.05)
3.0103 	EXP 	text: height = np.float64(0.05)
3.0103 	EXP 	text: text = 'Which one are you going to buy?'
3.0111 	EXP 	eyetracker.setRecordingState(False)
3.0177 	EXP 	text: height = np.float64(0.05)
3.0177 	EXP 	text: height = np.float64(0.05)
3.0177 	EXP 	text: height = np.float64(0.05)
3.0177 	EXP 	text: text = 'Which one are you going to buy?'
3.0183 	EXP 	eyetracker.setRecordingState(False)
3.0252 	EXP 	text: height = np.float64(0.05)
3.0252 	EXP 	text: height = np.float64(0.05)
3.0252 	EXP 	text: height = np.float64(0.05)
3.0252 	EXP 	text: text = 'Which one are you going to buy?'
3.0259 	EXP 	eyetracker.setRecordingState(False)
3.0330 	EXP 	text: height = np.float64(0.05)
3.0330 	EXP 	text: height = np.float64(0.05)
3.0330 	EXP 	text: height = np.float64(0.05)
3.0330 	EXP 	text: text = 'Which one are you going to buy?'
3.0336 	EXP 	eyetracker.setRecordingState(False)
3.0411 	EXP 	text: height = np.float64(0.05)
3.0411 	EXP 	text: height = np.float64(0.05)
3.0411 	EXP 	text: height = np.float64(0.05)
3.0411 	EXP 	text: text = 'Which one are you going to buy?'
3.0419 	EXP 	eyetracker.setRecordingState(False)
3.0507 	EXP 	text: height = np.float64(0.05)
3.0507 	EXP 	text: height = np.float64(0.05)
3.0507 	EXP 	text: height = np.float64(0.05)
3.0507 	EXP 	text: text = 'Which one are you going to buy?'
3.0517 	EXP 	eyetracker.setRecordingState(False)
3.0621 	EXP 	text: height = np.float64(0.05)
3.0621 	EXP 	text: height = np.float64(0.05)
3.0621 	EXP 	text: height = np.float64(0.05)
3.0621 	EXP 	text: text = 'Which one are you going to buy?'
3.0633 	EXP 	eyetracker.setRecordingState(False)
3.0765 	EXP 	text: height = np.float64(0.05)
3.0765 	EXP 	text: height = np.float64(0.05)
3.0765 	EXP 	text: height = np.float64(0.05)
3.0765 	EXP 	text: text = 'Which one are you going to buy?'
3.0778 	EXP 	eyetracker.setRecordingState(False)
3.0907 	EXP 	text: height = np.float64(0.05)
3.0907 	EXP 	text: height = np.float64(0.05)
3.0907 	EXP 	text: height = np.float64(0.05)
3.0907 	EXP 	text: text = 'Which one are you going to buy?'
3.0922 	EXP 	eyetracker.setRecordingState(False)
3.1065 	EXP 	text: height = np.float64(0.05)
3.1065 	EXP 	text: height = np.float64(0.05)
3.1065 	EXP 	text: height = np.float64(0.05)
3.1065 	EXP 	text: text = 'Which one are you going to buy?'
3.1077 	EXP 	eyetracker.setRecordingState(False)
3.1179 	EXP 	text: height = np.float64(0.05)
3.1179 	EXP 	text: height = np.float64(0.05)
3.1179 	EXP 	text: height = np.float64(0.05)
3.1179 	EXP 	text: text = 'Which one are you going to buy?'
3.1189 	EXP 	eyetracker.setRecordingState(False)
3.1263 	EXP 	text: height = np.float64(0.05)
3.1263 	EXP 	text: height = np.float64(0.05)
3.1263 	EXP 	text: height = np.float64(0.05)
3.1263 	EXP 	text: text = 'Which one are you going to buy?'
3.1268 	EXP 	eyetracker.setRecordingState(False)
3.1340 	EXP 	text: height = np.float64(0.05)
3.1340 	EXP 	text: height = np.float64(0.05)
3.1340 	EXP 	text: height = np.float64(0.05)
3.1340 	EXP 	text: text = 'Which one are you going to buy?'
3.1346 	EXP 	eyetracker.setRecordingState(False)
3.1417 	EXP 	text: height = np.float64(0.05)
3.1417 	EXP 	text: height = np.float64(0.05)
3.1417 	EXP 	text: height = np.float64(0.05)
3.1417 	EXP 	text: text = 'Which one are you going to buy?'
3.1424 	EXP 	eyetracker.setRecordingState(False)
3.1494 	EXP 	text: height = np.float64(0.05)
3.1494 	EXP 	text: height = np.float64(0.05)
3.1494 	EXP 	text: height = np.float64(0.05)
3.1494 	EXP 	text: text = 'Which one are you going to buy?'
3.1501 	EXP 	eyetracker.setRecordingState(False)
3.1569 	EXP 	text: height = np.float64(0.05)
3.1569 	EXP 	text: height = np.float64(0.05)
3.1569 	EXP 	text: height = np.float64(0.05)
3.1569 	EXP 	text: text = 'Which one are you going to buy?'
3.1575 	EXP 	eyetracker.setRecordingState(False)
3.1642 	EXP 	text: height = np.float64(0.05)
3.1642 	EXP 	text: height = np.float64(0.05)
3.1642 	EXP 	text: height = np.float64(0.05)
3.1642 	EXP 	text: text = 'Which one are you going to buy?'
3.1650 	EXP 	eyetracker.setRecordingState(False)
3.1727 	EXP 	text: height = np.float64(0.05)
3.1727 	EXP 	text: height = np.float64(0.05)
3.1727 	EXP 	text: height = np.float64(0.05)
3.1727 	EXP 	text: text = 'Which one are you going to buy?'
3.1733 	EXP 	eyetracker.setRecordingState(False)
3.1806 	EXP 	text: height = np.float64(0.05)
3.1806 	EXP 	text: height = np.float64(0.05)
3.1806 	EXP 	text: height = np.float64(0.05)
3.1806 	EXP 	text: text = 'Which one are you going to buy?'
3.1814 	EXP 	eyetracker.setRecordingState(False)
3.1897 	EXP 	text: height = np.float64(0.05)
3.1897 	EXP 	text: height = np.float64(0.05)
3.1897 	EXP 	text: height = np.float64(0.05)
3.1897 	EXP 	text: text = 'Which one are you going to buy?'
3.1904 	EXP 	eyetracker.setRecordingState(False)
3.1995 	EXP 	text: height = np.float64(0.05)
3.1995 	EXP 	text: height = np.float64(0.05)
3.1995 	EXP 	text: height = np.float64(0.05)
3.1995 	EXP 	text: text = 'Which one are you going to buy?'
3.2002 	EXP 	eyetracker.setRecordingState(False)
3.2072 	EXP 	text: height = np.float64(0.05)
3.2072 	EXP 	text: height = np.float64(0.05)
3.2072 	EXP 	text: height = np.float64(0.05)
3.2072 	EXP 	text: text = 'Which one are you going to buy?'
3.2079 	EXP 	eyetracker.setRecordingState(False)
3.2153 	EXP 	text: height = np.float64(0.05)
3.2153 	EXP 	text: height = np.float64(0.05)
3.2153 	EXP 	text: height = np.float64(0.05)
3.2153 	EXP 	text: text = 'Which one are you going to buy?'
3.2161 	EXP 	eyetracker.setRecordingState(False)
3.2230 	EXP 	text: height = np.float64(0.05)
3.2230 	EXP 	text: height = np.float64(0.05)
3.2230 	EXP 	text: height = np.float64(0.05)
3.2230 	EXP 	text: text = 'Which one are you going to buy?'
3.2236 	EXP 	eyetracker.setRecordingState(False)
3.2317 	EXP 	text: height = np.float64(0.05)
3.2317 	EXP 	text: height = np.float64(0.05)
3.2317 	EXP 	text: height = np.float64(0.05)
3.2317 	EXP 	text: text = 'Which one are you going to buy?'
3.2325 	EXP 	eyetracker.setRecordingState(False)
3.2399 	EXP 	text: height = np.float64(0.05)
3.2399 	EXP 	text: height = np.float64(0.05)
3.2399 	EXP 	text: height = np.float64(0.05)
3.2399 	EXP 	text: text = 'Which one are you going to buy?'
3.2405 	EXP 	eyetracker.setRecordingState(False)
3.2478 	EXP 	text: height = np.float64(0.05)
3.2478 	EXP 	text: height = np.float64(0.05)
3.2478 	EXP 	text: height = np.float64(0.05)
3.2478 	EXP 	text: text = 'Which one are you going to buy?'
3.2487 	EXP 	eyetracker.setRecordingState(False)
3.2571 	EXP 	text: height = np.float64(0.05)
3.2571 	EXP 	text: height = np.float64(0.05)
3.2571 	EXP 	text: height = np.float64(0.05)
3.2571 	EXP 	text: text = 'Which one are you going to buy?'
3.2579 	EXP 	eyetracker.setRecordingState(False)
3.2652 	EXP 	text: height = np.float64(0.05)
3.2652 	EXP 	text: height = np.float64(0.05)
3.2652 	EXP 	text: height = np.float64(0.05)
3.2652 	EXP 	text: text = 'Which one are you going to buy?'
3.2659 	EXP 	eyetracker.setRecordingState(False)
3.2726 	EXP 	text: height = np.float64(0.05)
3.2726 	EXP 	text: height = np.float64(0.05)
3.2726 	EXP 	text: height = np.float64(0.05)
3.2726 	EXP 	text: text = 'Which one are you going to buy?'
3.2735 	EXP 	eyetracker.setRecordingState(False)
3.2819 	EXP 	text: height = np.float64(0.05)
3.2819 	EXP 	text: height = np.float64(0.05)
3.2819 	EXP 	text: height = np.float64(0.05)
3.2819 	EXP 	text: text = 'Which one are you going to buy?'
3.2826 	EXP 	eyetracker.setRecordingState(False)
3.2910 	EXP 	text: height = np.float64(0.05)
3.2910 	EXP 	text: height = np.float64(0.05)
3.2910 	EXP 	text: height = np.float64(0.05)
3.2910 	EXP 	text: text = 'Which one are you going to buy?'
3.2917 	EXP 	eyetracker.setRecordingState(False)
3.2999 	EXP 	text: height = np.float64(0.05)
3.2999 	EXP 	text: height = np.float64(0.05)
3.2999 	EXP 	text: height = np.float64(0.05)
3.2999 	EXP 	text: text = 'Which one are you going to buy?'
3.3006 	EXP 	eyetracker.setRecordingState(False)
3.3089 	EXP 	text: height = np.float64(0.05)
3.3089 	EXP 	text: height = np.float64(0.05)
3.3089 	EXP 	text: height = np.float64(0.05)
3.3089 	EXP 	text: text = 'Which one are you going to buy?'
3.3098 	EXP 	eyetracker.setRecordingState(False)
3.3172 	EXP 	text: height = np.float64(0.05)
3.3172 	EXP 	text: height = np.float64(0.05)
3.3172 	EXP 	text: height = np.float64(0.05)
3.3172 	EXP 	text: text = 'Which one are you going to buy?'
3.3180 	EXP 	eyetracker.setRecordingState(False)
3.3270 	EXP 	text: height = np.float64(0.05)
3.3270 	EXP 	text: height = np.float64(0.05)
3.3270 	EXP 	text: height = np.float64(0.05)
3.3270 	EXP 	text: text = 'Which one are you going to buy?'
3.3278 	EXP 	eyetracker.setRecordingState(False)
3.3357 	EXP 	text: height = np.float64(0.05)
3.3357 	EXP 	text: height = np.float64(0.05)
3.3357 	EXP 	text: height = np.float64(0.05)
3.3357 	EXP 	text: text = 'Which one are you going to buy?'
3.3364 	EXP 	eyetracker.setRecordingState(False)
3.3441 	EXP 	text: height = np.float64(0.05)
3.3441 	EXP 	text: height = np.float64(0.05)
3.3441 	EXP 	text: height = np.float64(0.05)
3.3441 	EXP 	text: text = 'Which one are you going to buy?'
3.3447 	EXP 	eyetracker.setRecordingState(False)
3.3517 	EXP 	text: height = np.float64(0.05)
3.3517 	EXP 	text: height = np.float64(0.05)
3.3517 	EXP 	text: height = np.float64(0.05)
3.3517 	EXP 	text: text = 'Which one are you going to buy?'
3.3526 	EXP 	eyetracker.setRecordingState(False)
3.3598 	EXP 	text: height = np.float64(0.05)
3.3598 	EXP 	text: height = np.float64(0.05)
3.3598 	EXP 	text: height = np.float64(0.05)
3.3598 	EXP 	text: text = 'Which one are you going to buy?'
3.3606 	EXP 	eyetracker.setRecordingState(False)
3.3686 	EXP 	text: height = np.float64(0.05)
3.3686 	EXP 	text: height = np.float64(0.05)
3.3686 	EXP 	text: height = np.float64(0.05)
3.3686 	EXP 	text: text = 'Which one are you going to buy?'
3.3694 	EXP 	eyetracker.setRecordingState(False)
3.3773 	EXP 	text: height = np.float64(0.05)
3.3773 	EXP 	text: height = np.float64(0.05)
3.3773 	EXP 	text: height = np.float64(0.05)
3.3773 	EXP 	text: text = 'Which one are you going to buy?'
3.3780 	EXP 	eyetracker.setRecordingState(False)
3.3846 	EXP 	text: height = np.float64(0.05)
3.3846 	EXP 	text: height = np.float64(0.05)
3.3846 	EXP 	text: height = np.float64(0.05)
3.3846 	EXP 	text: text = 'Which one are you going to buy?'
3.3852 	EXP 	eyetracker.setRecordingState(False)
3.3916 	EXP 	text: height = np.float64(0.05)
3.3916 	EXP 	text: height = np.float64(0.05)
3.3916 	EXP 	text: height = np.float64(0.05)
3.3916 	EXP 	text: text = 'Which one are you going to buy?'
3.3923 	EXP 	eyetracker.setRecordingState(False)
3.3998 	EXP 	text: height = np.float64(0.05)
3.3998 	EXP 	text: height = np.float64(0.05)
3.3998 	EXP 	text: height = np.float64(0.05)
3.3998 	EXP 	text: text = 'Which one are you going to buy?'
3.4005 	EXP 	eyetracker.setRecordingState(False)
3.4070 	EXP 	text: height = np.float64(0.05)
3.4070 	EXP 	text: height = np.float64(0.05)
3.4070 	EXP 	text: height = np.float64(0.05)
3.4070 	EXP 	text: text = 'Which one are you going to buy?'
3.4077 	EXP 	eyetracker.setRecordingState(False)
3.4154 	EXP 	text: height = np.float64(0.05)
3.4154 	EXP 	text: height = np.float64(0.05)
3.4154 	EXP 	text: height = np.float64(0.05)
3.4154 	EXP 	text: text = 'Which one are you going to buy?'
3.4162 	EXP 	eyetracker.setRecordingState(False)
3.4242 	EXP 	text: height = np.float64(0.05)
3.4242 	EXP 	text: height = np.float64(0.05)
3.4242 	EXP 	text: height = np.float64(0.05)
3.4242 	EXP 	text: text = 'Which one are you going to buy?'
3.4248 	EXP 	eyetracker.setRecordingState(False)
3.4323 	EXP 	text: height = np.float64(0.05)
3.4323 	EXP 	text: height = np.float64(0.05)
3.4323 	EXP 	text: height = np.float64(0.05)
3.4323 	EXP 	text: text = 'Which one are you going to buy?'
3.4330 	EXP 	eyetracker.setRecordingState(False)
3.4404 	EXP 	text: height = np.float64(0.05)
3.4404 	EXP 	text: height = np.float64(0.05)
3.4404 	EXP 	text: height = np.float64(0.05)
3.4404 	EXP 	text: text = 'Which one are you going to buy?'
3.4412 	EXP 	eyetracker.setRecordingState(False)
3.4491 	EXP 	text: height = np.float64(0.05)
3.4491 	EXP 	text: height = np.float64(0.05)
3.4491 	EXP 	text: height = np.float64(0.05)
3.4491 	EXP 	text: text = 'Which one are you going to buy?'
3.4498 	EXP 	eyetracker.setRecordingState(False)
3.4569 	EXP 	text: height = np.float64(0.05)
3.4569 	EXP 	text: height = np.float64(0.05)
3.4569 	EXP 	text: height = np.float64(0.05)
3.4569 	EXP 	text: text = 'Which one are you going to buy?'
3.4576 	EXP 	eyetracker.setRecordingState(False)
3.4673 	EXP 	text: height = np.float64(0.05)
3.4673 	EXP 	text: height = np.float64(0.05)
3.4673 	EXP 	text: height = np.float64(0.05)
3.4673 	EXP 	text: text = 'Which one are you going to buy?'
3.4679 	EXP 	eyetracker.setRecordingState(False)
3.4774 	EXP 	text: height = np.float64(0.05)
3.4774 	EXP 	text: height = np.float64(0.05)
3.4774 	EXP 	text: height = np.float64(0.05)
3.4774 	EXP 	text: text = 'Which one are you going to buy?'
3.4783 	EXP 	eyetracker.setRecordingState(False)
3.4877 	EXP 	text: height = np.float64(0.05)
3.4877 	EXP 	text: height = np.float64(0.05)
3.4877 	EXP 	text: height = np.float64(0.05)
3.4877 	EXP 	text: text = 'Which one are you going to buy?'
3.4886 	EXP 	eyetracker.setRecordingState(False)
3.4985 	EXP 	text: height = np.float64(0.05)
3.4985 	EXP 	text: height = np.float64(0.05)
3.4985 	EXP 	text: height = np.float64(0.05)
3.4985 	EXP 	text: text = 'Which one are you going to buy?'
3.4993 	EXP 	eyetracker.setRecordingState(False)
3.5095 	EXP 	text: height = np.float64(0.05)
3.5095 	EXP 	text: height = np.float64(0.05)
3.5095 	EXP 	text: height = np.float64(0.05)
3.5095 	EXP 	text: text = 'Which one are you going to buy?'
3.5102 	EXP 	eyetracker.setRecordingState(False)
3.5198 	EXP 	text: height = np.float64(0.05)
3.5198 	EXP 	text: height = np.float64(0.05)
3.5198 	EXP 	text: height = np.float64(0.05)
3.5198 	EXP 	text: text = 'Which one are you going to buy?'
3.5207 	EXP 	eyetracker.setRecordingState(False)
3.5276 	EXP 	text: height = np.float64(0.05)
3.5276 	EXP 	text: height = np.float64(0.05)
3.5276 	EXP 	text: height = np.float64(0.05)
3.5276 	EXP 	text: text = 'Which one are you going to buy?'
3.5284 	EXP 	eyetracker.setRecordingState(False)
3.5351 	EXP 	text: height = np.float64(0.05)
3.5351 	EXP 	text: height = np.float64(0.05)
3.5351 	EXP 	text: height = np.float64(0.05)
3.5351 	EXP 	text: text = 'Which one are you going to buy?'
3.5359 	EXP 	eyetracker.setRecordingState(False)
3.5453 	EXP 	text: height = np.float64(0.05)
3.5453 	EXP 	text: height = np.float64(0.05)
3.5453 	EXP 	text: height = np.float64(0.05)
3.5453 	EXP 	text: text = 'Which one are you going to buy?'
3.5460 	EXP 	eyetracker.setRecordingState(False)
3.5549 	EXP 	text: height = np.float64(0.05)
3.5549 	EXP 	text: height = np.float64(0.05)
3.5549 	EXP 	text: height = np.float64(0.05)
3.5549 	EXP 	text: text = 'Which one are you going to buy?'
3.5557 	EXP 	eyetracker.setRecordingState(False)
3.5651 	EXP 	text: height = np.float64(0.05)
3.5651 	EXP 	text: height = np.float64(0.05)
3.5651 	EXP 	text: height = np.float64(0.05)
3.5651 	EXP 	text: text = 'Which one are you going to buy?'
3.5659 	EXP 	eyetracker.setRecordingState(False)
3.5749 	EXP 	text: height = np.float64(0.05)
3.5749 	EXP 	text: height = np.float64(0.05)
3.5749 	EXP 	text: height = np.float64(0.05)
3.5749 	EXP 	text: text = 'Which one are you going to buy?'
3.5758 	EXP 	eyetracker.setRecordingState(False)
3.5850 	EXP 	text: height = np.float64(0.05)
3.5850 	EXP 	text: height = np.float64(0.05)
3.5850 	EXP 	text: height = np.float64(0.05)
3.5850 	EXP 	text: text = 'Which one are you going to buy?'
3.5858 	EXP 	eyetracker.setRecordingState(False)
3.5961 	EXP 	text: height = np.float64(0.05)
3.5961 	EXP 	text: height = np.float64(0.05)
3.5961 	EXP 	text: height = np.float64(0.05)
3.5961 	EXP 	text: text = 'Which one are you going to buy?'
3.5969 	EXP 	eyetracker.setRecordingState(False)
3.6046 	EXP 	text: height = np.float64(0.05)
3.6046 	EXP 	text: height = np.float64(0.05)
3.6046 	EXP 	text: height = np.float64(0.05)
3.6046 	EXP 	text: text = 'Which one are you going to buy?'
3.6054 	EXP 	eyetracker.setRecordingState(False)
3.6157 	EXP 	text: height = np.float64(0.05)
3.6157 	EXP 	text: height = np.float64(0.05)
3.6157 	EXP 	text: height = np.float64(0.05)
3.6157 	EXP 	text: text = 'Which one are you going to buy?'
3.6164 	EXP 	eyetracker.setRecordingState(False)
3.6291 	EXP 	text: height = np.float64(0.05)
3.6291 	EXP 	text: height = np.float64(0.05)
3.6291 	EXP 	text: height = np.float64(0.05)
3.6291 	EXP 	text: text = 'Which one are you going to buy?'
3.6299 	EXP 	eyetracker.setRecordingState(False)
3.6378 	EXP 	text: height = np.float64(0.05)
3.6378 	EXP 	text: height = np.float64(0.05)
3.6378 	EXP 	text: height = np.float64(0.05)
3.6378 	EXP 	text: text = 'Which one are you going to buy?'
3.6386 	EXP 	eyetracker.setRecordingState(False)
3.6459 	EXP 	text: height = np.float64(0.05)
3.6459 	EXP 	text: height = np.float64(0.05)
3.6459 	EXP 	text: height = np.float64(0.05)
3.6459 	EXP 	text: text = 'Which one are you going to buy?'
3.6466 	EXP 	eyetracker.setRecordingState(False)
3.6542 	EXP 	text: height = np.float64(0.05)
3.6542 	EXP 	text: height = np.float64(0.05)
3.6542 	EXP 	text: height = np.float64(0.05)
3.6542 	EXP 	text: text = 'Which one are you going to buy?'
3.6550 	EXP 	eyetracker.setRecordingState(False)
3.6630 	EXP 	text: height = np.float64(0.05)
3.6630 	EXP 	text: height = np.float64(0.05)
3.6630 	EXP 	text: height = np.float64(0.05)
3.6630 	EXP 	text: text = 'Which one are you going to buy?'
3.6637 	EXP 	eyetracker.setRecordingState(False)
3.6715 	EXP 	text: height = np.float64(0.05)
3.6715 	EXP 	text: height = np.float64(0.05)
3.6715 	EXP 	text: height = np.float64(0.05)
3.6715 	EXP 	text: text = 'Which one are you going to buy?'
3.6724 	EXP 	eyetracker.setRecordingState(False)
3.6818 	EXP 	text: height = np.float64(0.05)
3.6818 	EXP 	text: height = np.float64(0.05)
3.6818 	EXP 	text: height = np.float64(0.05)
3.6818 	EXP 	text: text = 'Which one are you going to buy?'
3.6825 	EXP 	eyetracker.setRecordingState(False)
3.6894 	EXP 	text: height = np.float64(0.05)
3.6894 	EXP 	text: height = np.float64(0.05)
3.6894 	EXP 	text: height = np.float64(0.05)
3.6894 	EXP 	text: text = 'Which one are you going to buy?'
3.6903 	EXP 	eyetracker.setRecordingState(False)
3.6982 	EXP 	text: height = np.float64(0.05)
3.6982 	EXP 	text: height = np.float64(0.05)
3.6982 	EXP 	text: height = np.float64(0.05)
3.6982 	EXP 	text: text = 'Which one are you going to buy?'
3.6989 	EXP 	eyetracker.setRecordingState(False)
3.7057 	EXP 	text: height = np.float64(0.05)
3.7057 	EXP 	text: height = np.float64(0.05)
3.7057 	EXP 	text: height = np.float64(0.05)
3.7057 	EXP 	text: text = 'Which one are you going to buy?'
3.7063 	EXP 	eyetracker.setRecordingState(False)
3.7137 	EXP 	text: height = np.float64(0.05)
3.7137 	EXP 	text: height = np.float64(0.05)
3.7137 	EXP 	text: height = np.float64(0.05)
3.7137 	EXP 	text: text = 'Which one are you going to buy?'
3.7146 	EXP 	eyetracker.setRecordingState(False)
3.7240 	EXP 	text: height = np.float64(0.05)
3.7240 	EXP 	text: height = np.float64(0.05)
3.7240 	EXP 	text: height = np.float64(0.05)
3.7240 	EXP 	text: text = 'Which one are you going to buy?'
3.7251 	EXP 	eyetracker.setRecordingState(False)
3.7380 	EXP 	text: height = np.float64(0.05)
3.7380 	EXP 	text: height = np.float64(0.05)
3.7380 	EXP 	text: height = np.float64(0.05)
3.7380 	EXP 	text: text = 'Which one are you going to buy?'
3.7392 	EXP 	eyetracker.setRecordingState(False)
3.7549 	EXP 	text: height = np.float64(0.05)
3.7549 	EXP 	text: height = np.float64(0.05)
3.7549 	EXP 	text: height = np.float64(0.05)
3.7549 	EXP 	text: text = 'Which one are you going to buy?'
3.7561 	EXP 	eyetracker.setRecordingState(False)
3.7697 	EXP 	text: height = np.float64(0.05)
3.7697 	EXP 	text: height = np.float64(0.05)
3.7697 	EXP 	text: height = np.float64(0.05)
3.7697 	EXP 	text: text = 'Which one are you going to buy?'
3.7710 	EXP 	eyetracker.setRecordingState(False)
3.7824 	EXP 	text: height = np.float64(0.05)
3.7824 	EXP 	text: height = np.float64(0.05)
3.7824 	EXP 	text: height = np.float64(0.05)
3.7824 	EXP 	text: text = 'Which one are you going to buy?'
3.7832 	EXP 	eyetracker.setRecordingState(False)
3.7906 	EXP 	text: height = np.float64(0.05)
3.7906 	EXP 	text: height = np.float64(0.05)
3.7906 	EXP 	text: height = np.float64(0.05)
3.7906 	EXP 	text: text = 'Which one are you going to buy?'
3.7913 	EXP 	eyetracker.setRecordingState(False)
3.7981 	EXP 	text: height = np.float64(0.05)
3.7981 	EXP 	text: height = np.float64(0.05)
3.7981 	EXP 	text: height = np.float64(0.05)
3.7981 	EXP 	text: text = 'Which one are you going to buy?'
3.7987 	EXP 	eyetracker.setRecordingState(False)
3.8056 	EXP 	text: height = np.float64(0.05)
3.8056 	EXP 	text: height = np.float64(0.05)
3.8056 	EXP 	text: height = np.float64(0.05)
3.8056 	EXP 	text: text = 'Which one are you going to buy?'
3.8062 	EXP 	eyetracker.setRecordingState(False)
3.8140 	EXP 	text: height = np.float64(0.05)
3.8140 	EXP 	text: height = np.float64(0.05)
3.8140 	EXP 	text: height = np.float64(0.05)
3.8140 	EXP 	text: text = 'Which one are you going to buy?'
3.8147 	EXP 	eyetracker.setRecordingState(False)
3.8212 	EXP 	text: height = np.float64(0.05)
3.8212 	EXP 	text: height = np.float64(0.05)
3.8212 	EXP 	text: height = np.float64(0.05)
3.8212 	EXP 	text: text = 'Which one are you going to buy?'
3.8218 	EXP 	eyetracker.setRecordingState(False)
3.8296 	EXP 	text: height = np.float64(0.05)
3.8296 	EXP 	text: height = np.float64(0.05)
3.8296 	EXP 	text: height = np.float64(0.05)
3.8296 	EXP 	text: text = 'Which one are you going to buy?'
3.8302 	EXP 	eyetracker.setRecordingState(False)
3.8373 	EXP 	text: height = np.float64(0.05)
3.8373 	EXP 	text: height = np.float64(0.05)
3.8373 	EXP 	text: height = np.float64(0.05)
3.8373 	EXP 	text: text = 'Which one are you going to buy?'
3.8379 	EXP 	eyetracker.setRecordingState(False)
3.8447 	EXP 	text: height = np.float64(0.05)
3.8447 	EXP 	text: height = np.float64(0.05)
3.8447 	EXP 	text: height = np.float64(0.05)
3.8447 	EXP 	text: text = 'Which one are you going to buy?'
3.8453 	EXP 	eyetracker.setRecordingState(False)
3.8525 	EXP 	text: height = np.float64(0.05)
3.8525 	EXP 	text: height = np.float64(0.05)
3.8525 	EXP 	text: height = np.float64(0.05)
3.8525 	EXP 	text: text = 'Which one are you going to buy?'
3.8532 	EXP 	eyetracker.setRecordingState(False)
3.8611 	EXP 	text: height = np.float64(0.05)
3.8611 	EXP 	text: height = np.float64(0.05)
3.8611 	EXP 	text: height = np.float64(0.05)
3.8611 	EXP 	text: text = 'Which one are you going to buy?'
3.8620 	EXP 	eyetracker.setRecordingState(False)
3.8735 	EXP 	text: height = np.float64(0.05)
3.8735 	EXP 	text: height = np.float64(0.05)
3.8735 	EXP 	text: height = np.float64(0.05)
3.8735 	EXP 	text: text = 'Which one are you going to buy?'
3.8745 	EXP 	eyetracker.setRecordingState(False)
3.8866 	EXP 	text: height = np.float64(0.05)
3.8866 	EXP 	text: height = np.float64(0.05)
3.8866 	EXP 	text: height = np.float64(0.05)
3.8866 	EXP 	text: text = 'Which one are you going to buy?'
3.8873 	EXP 	eyetracker.setRecordingState(False)
3.8971 	EXP 	text: height = np.float64(0.05)
3.8971 	EXP 	text: height = np.float64(0.05)
3.8971 	EXP 	text: height = np.float64(0.05)
3.8971 	EXP 	text: text = 'Which one are you going to buy?'
3.8977 	EXP 	eyetracker.setRecordingState(False)
3.9079 	EXP 	text: height = np.float64(0.05)
3.9079 	EXP 	text: height = np.float64(0.05)
3.9079 	EXP 	text: height = np.float64(0.05)
3.9079 	EXP 	text: text = 'Which one are you going to buy?'
3.9097 	EXP 	eyetracker.setRecordingState(False)
3.9275 	EXP 	text: height = np.float64(0.05)
3.9275 	EXP 	text: height = np.float64(0.05)
3.9275 	EXP 	text: height = np.float64(0.05)
3.9275 	EXP 	text: text = 'Which one are you going to buy?'
3.9289 	EXP 	eyetracker.setRecordingState(False)
3.9474 	EXP 	text: height = np.float64(0.05)
3.9474 	EXP 	text: height = np.float64(0.05)
3.9474 	EXP 	text: height = np.float64(0.05)
3.9474 	EXP 	text: text = 'Which one are you going to buy?'
3.9494 	EXP 	eyetracker.setRecordingState(False)
3.9658 	EXP 	text: height = np.float64(0.05)
3.9658 	EXP 	text: height = np.float64(0.05)
3.9658 	EXP 	text: height = np.float64(0.05)
3.9658 	EXP 	text: text = 'Which one are you going to buy?'
3.9672 	EXP 	eyetracker.setRecordingState(False)
3.9846 	EXP 	text: height = np.float64(0.05)
3.9846 	EXP 	text: height = np.float64(0.05)
3.9846 	EXP 	text: height = np.float64(0.05)
3.9846 	EXP 	text: text = 'Which one are you going to buy?'
3.9867 	EXP 	eyetracker.setRecordingState(False)
4.0077 	EXP 	text: height = np.float64(0.05)
4.0077 	EXP 	text: height = np.float64(0.05)
4.0077 	EXP 	text: height = np.float64(0.05)
4.0077 	EXP 	text: text = 'Which one are you going to buy?'
4.0088 	EXP 	eyetracker.setRecordingState(False)
4.0258 	EXP 	text: height = np.float64(0.05)
4.0258 	EXP 	text: height = np.float64(0.05)
4.0258 	EXP 	text: height = np.float64(0.05)
4.0258 	EXP 	text: text = 'Which one are you going to buy?'
4.0275 	EXP 	eyetracker.setRecordingState(False)
4.0466 	EXP 	text: height = np.float64(0.05)
4.0466 	EXP 	text: height = np.float64(0.05)
4.0466 	EXP 	text: height = np.float64(0.05)
4.0466 	EXP 	text: text = 'Which one are you going to buy?'
4.0475 	EXP 	eyetracker.setRecordingState(False)
4.0662 	EXP 	text: height = np.float64(0.05)
4.0662 	EXP 	text: height = np.float64(0.05)
4.0662 	EXP 	text: height = np.float64(0.05)
4.0662 	EXP 	text: text = 'Which one are you going to buy?'
4.0670 	EXP 	eyetracker.setRecordingState(False)
4.0856 	EXP 	text: height = np.float64(0.05)
4.0856 	EXP 	text: height = np.float64(0.05)
4.0856 	EXP 	text: height = np.float64(0.05)
4.0856 	EXP 	text: text = 'Which one are you going to buy?'
4.0869 	EXP 	eyetracker.setRecordingState(False)
4.1035 	EXP 	text: height = np.float64(0.05)
4.1035 	EXP 	text: height = np.float64(0.05)
4.1035 	EXP 	text: height = np.float64(0.05)
4.1035 	EXP 	text: text = 'Which one are you going to buy?'
4.1056 	EXP 	eyetracker.setRecordingState(False)
4.1247 	EXP 	text: height = np.float64(0.05)
4.1247 	EXP 	text: height = np.float64(0.05)
4.1247 	EXP 	text: height = np.float64(0.05)
4.1247 	EXP 	text: text = 'Which one are you going to buy?'
4.1271 	EXP 	eyetracker.setRecordingState(False)
4.1442 	EXP 	text: height = np.float64(0.05)
4.1442 	EXP 	text: height = np.float64(0.05)
4.1442 	EXP 	text: height = np.float64(0.05)
4.1442 	EXP 	text: text = 'Which one are you going to buy?'
4.1462 	EXP 	eyetracker.setRecordingState(False)
4.1651 	EXP 	text: height = np.float64(0.05)
4.1651 	EXP 	text: height = np.float64(0.05)
4.1651 	EXP 	text: height = np.float64(0.05)
4.1651 	EXP 	text: text = 'Which one are you going to buy?'
4.1668 	EXP 	eyetracker.setRecordingState(False)
4.1848 	EXP 	text: height = np.float64(0.05)
4.1848 	EXP 	text: height = np.float64(0.05)
4.1848 	EXP 	text: height = np.float64(0.05)
4.1848 	EXP 	text: text = 'Which one are you going to buy?'
4.1867 	EXP 	eyetracker.setRecordingState(False)
4.2097 	EXP 	text: height = np.float64(0.05)
4.2097 	EXP 	text: height = np.float64(0.05)
4.2097 	EXP 	text: height = np.float64(0.05)
4.2097 	EXP 	text: text = 'Which one are you going to buy?'
4.2115 	EXP 	eyetracker.setRecordingState(False)
4.2362 	EXP 	text: height = np.float64(0.05)
4.2362 	EXP 	text: height = np.float64(0.05)
4.2362 	EXP 	text: height = np.float64(0.05)
4.2362 	EXP 	text: text = 'Which one are you going to buy?'
4.2370 	EXP 	eyetracker.setRecordingState(False)
4.2581 	EXP 	text: height = np.float64(0.05)
4.2581 	EXP 	text: height = np.float64(0.05)
4.2581 	EXP 	text: height = np.float64(0.05)
4.2581 	EXP 	text: text = 'Which one are you going to buy?'
4.2600 	EXP 	eyetracker.setRecordingState(False)
4.2826 	EXP 	text: height = np.float64(0.05)
4.2826 	EXP 	text: height = np.float64(0.05)
4.2826 	EXP 	text: height = np.float64(0.05)
4.2826 	EXP 	text: text = 'Which one are you going to buy?'
4.2852 	EXP 	eyetracker.setRecordingState(False)
4.3093 	EXP 	text: height = np.float64(0.05)
4.3093 	EXP 	text: height = np.float64(0.05)
4.3093 	EXP 	text: height = np.float64(0.05)
4.3093 	EXP 	text: text = 'Which one are you going to buy?'
4.3112 	EXP 	eyetracker.setRecordingState(False)
4.3269 	EXP 	text: height = np.float64(0.05)
4.3269 	EXP 	text: height = np.float64(0.05)
4.3269 	EXP 	text: height = np.float64(0.05)
4.3269 	EXP 	text: text = 'Which one are you going to buy?'
4.3292 	EXP 	eyetracker.setRecordingState(False)
4.3515 	EXP 	text: height = np.float64(0.05)
4.3515 	EXP 	text: height = np.float64(0.05)
4.3515 	EXP 	text: height = np.float64(0.05)
4.3515 	EXP 	text: text = 'Which one are you going to buy?'
4.3540 	EXP 	eyetracker.setRecordingState(False)
4.3779 	EXP 	text: height = np.float64(0.05)
4.3779 	EXP 	text: height = np.float64(0.05)
4.3779 	EXP 	text: height = np.float64(0.05)
4.3779 	EXP 	text: text = 'Which one are you going to buy?'
4.3802 	EXP 	eyetracker.setRecordingState(False)
4.4044 	EXP 	text: height = np.float64(0.05)
4.4044 	EXP 	text: height = np.float64(0.05)
4.4044 	EXP 	text: height = np.float64(0.05)
4.4044 	EXP 	text: text = 'Which one are you going to buy?'
4.4072 	EXP 	eyetracker.setRecordingState(False)
4.4291 	EXP 	text: height = np.float64(0.05)
4.4291 	EXP 	text: height = np.float64(0.05)
4.4291 	EXP 	text: height = np.float64(0.05)
4.4291 	EXP 	text: text = 'Which one are you going to buy?'
4.4311 	EXP 	eyetracker.setRecordingState(False)
4.4482 	EXP 	text: height = np.float64(0.05)
4.4482 	EXP 	text: height = np.float64(0.05)
4.4482 	EXP 	text: height = np.float64(0.05)
4.4482 	EXP 	text: text = 'Which one are you going to buy?'
4.4498 	EXP 	eyetracker.setRecordingState(False)
4.4688 	EXP 	text: height = np.float64(0.05)
4.4688 	EXP 	text: height = np.float64(0.05)
4.4688 	EXP 	text: height = np.float64(0.05)
4.4688 	EXP 	text: text = 'Which one are you going to buy?'
4.4711 	EXP 	eyetracker.setRecordingState(False)
4.4942 	EXP 	text: height = np.float64(0.05)
4.4942 	EXP 	text: height = np.float64(0.05)
4.4942 	EXP 	text: height = np.float64(0.05)
4.4942 	EXP 	text: text = 'Which one are you going to buy?'
4.4957 	EXP 	eyetracker.setRecordingState(False)
4.5162 	EXP 	text: height = np.float64(0.05)
4.5162 	EXP 	text: height = np.float64(0.05)
4.5162 	EXP 	text: height = np.float64(0.05)
4.5162 	EXP 	text: text = 'Which one are you going to buy?'
4.5188 	EXP 	eyetracker.setRecordingState(False)
4.5469 	EXP 	text: height = np.float64(0.05)
4.5469 	EXP 	text: height = np.float64(0.05)
4.5469 	EXP 	text: height = np.float64(0.05)
4.5469 	EXP 	text: text = 'Which one are you going to buy?'
4.5486 	EXP 	eyetracker.setRecordingState(False)
4.5696 	EXP 	text: height = np.float64(0.05)
4.5696 	EXP 	text: height = np.float64(0.05)
4.5696 	EXP 	text: height = np.float64(0.05)
4.5696 	EXP 	text: text = 'Which one are you going to buy?'
4.5721 	EXP 	eyetracker.setRecordingState(False)
4.5949 	EXP 	text: height = np.float64(0.05)
4.5949 	EXP 	text: height = np.float64(0.05)
4.5949 	EXP 	text: height = np.float64(0.05)
4.5949 	EXP 	text: text = 'Which one are you going to buy?'
4.5971 	EXP 	eyetracker.setRecordingState(False)
4.6187 	EXP 	text: height = np.float64(0.05)
4.6187 	EXP 	text: height = np.float64(0.05)
4.6187 	EXP 	text: height = np.float64(0.05)
4.6187 	EXP 	text: text = 'Which one are you going to buy?'
4.6210 	EXP 	eyetracker.setRecordingState(False)
4.6359 	EXP 	text: height = np.float64(0.05)
4.6359 	EXP 	text: height = np.float64(0.05)
4.6359 	EXP 	text: height = np.float64(0.05)
4.6359 	EXP 	text: text = 'Which one are you going to buy?'
4.6374 	EXP 	eyetracker.setRecordingState(False)
4.6549 	EXP 	text: height = np.float64(0.05)
4.6549 	EXP 	text: height = np.float64(0.05)
4.6549 	EXP 	text: height = np.float64(0.05)
4.6549 	EXP 	text: text = 'Which one are you going to buy?'
4.6568 	EXP 	eyetracker.setRecordingState(False)
4.6749 	EXP 	text: height = np.float64(0.05)
4.6749 	EXP 	text: height = np.float64(0.05)
4.6749 	EXP 	text: height = np.float64(0.05)
4.6749 	EXP 	text: text = 'Which one are you going to buy?'
4.6757 	EXP 	eyetracker.setRecordingState(False)
4.6857 	EXP 	text: height = np.float64(0.05)
4.6857 	EXP 	text: height = np.float64(0.05)
4.6857 	EXP 	text: height = np.float64(0.05)
4.6857 	EXP 	text: text = 'Which one are you going to buy?'
4.6870 	EXP 	eyetracker.setRecordingState(False)
4.7046 	EXP 	text: height = np.float64(0.05)
4.7046 	EXP 	text: height = np.float64(0.05)
4.7046 	EXP 	text: height = np.float64(0.05)
4.7046 	EXP 	text: text = 'Which one are you going to buy?'
4.7060 	EXP 	eyetracker.setRecordingState(False)
4.7190 	EXP 	text: height = np.float64(0.05)
4.7190 	EXP 	text: height = np.float64(0.05)
4.7190 	EXP 	text: height = np.float64(0.05)
4.7190 	EXP 	text: text = 'Which one are you going to buy?'
4.7200 	EXP 	eyetracker.setRecordingState(False)
4.7297 	EXP 	text: height = np.float64(0.05)
4.7297 	EXP 	text: height = np.float64(0.05)
4.7297 	EXP 	text: height = np.float64(0.05)
4.7297 	EXP 	text: text = 'Which one are you going to buy?'
4.7308 	EXP 	eyetracker.setRecordingState(False)
4.7394 	EXP 	text: height = np.float64(0.05)
4.7394 	EXP 	text: height = np.float64(0.05)
4.7394 	EXP 	text: height = np.float64(0.05)
4.7394 	EXP 	text: text = 'Which one are you going to buy?'
4.7408 	EXP 	eyetracker.setRecordingState(False)
4.7539 	EXP 	text: height = np.float64(0.05)
4.7539 	EXP 	text: height = np.float64(0.05)
4.7539 	EXP 	text: height = np.float64(0.05)
4.7539 	EXP 	text: text = 'Which one are you going to buy?'
4.7551 	EXP 	eyetracker.setRecordingState(False)
4.7771 	EXP 	text: height = np.float64(0.05)
4.7771 	EXP 	text: height = np.float64(0.05)
4.7771 	EXP 	text: height = np.float64(0.05)
4.7771 	EXP 	text: text = 'Which one are you going to buy?'
4.7801 	EXP 	eyetracker.setRecordingState(False)
4.8036 	EXP 	text: height = np.float64(0.05)
4.8036 	EXP 	text: height = np.float64(0.05)
4.8036 	EXP 	text: height = np.float64(0.05)
4.8036 	EXP 	text: text = 'Which one are you going to buy?'
4.8064 	EXP 	eyetracker.setRecordingState(False)
4.8343 	EXP 	text: height = np.float64(0.05)
4.8343 	EXP 	text: height = np.float64(0.05)
4.8343 	EXP 	text: height = np.float64(0.05)
4.8343 	EXP 	text: text = 'Which one are you going to buy?'
4.8366 	EXP 	eyetracker.setRecordingState(False)
4.8600 	EXP 	text: height = np.float64(0.05)
4.8600 	EXP 	text: height = np.float64(0.05)
4.8600 	EXP 	text: height = np.float64(0.05)
4.8600 	EXP 	text: text = 'Which one are you going to buy?'
4.8630 	EXP 	eyetracker.setRecordingState(False)
4.8929 	EXP 	text: height = np.float64(0.05)
4.8929 	EXP 	text: height = np.float64(0.05)
4.8929 	EXP 	text: height = np.float64(0.05)
4.8929 	EXP 	text: text = 'Which one are you going to buy?'
4.8957 	EXP 	eyetracker.setRecordingState(False)
4.9178 	EXP 	text: height = np.float64(0.05)
4.9178 	EXP 	text: height = np.float64(0.05)
4.9178 	EXP 	text: height = np.float64(0.05)
4.9178 	EXP 	text: text = 'Which one are you going to buy?'
4.9204 	EXP 	eyetracker.setRecordingState(False)
4.9386 	EXP 	text: height = np.float64(0.05)
4.9386 	EXP 	text: height = np.float64(0.05)
4.9386 	EXP 	text: height = np.float64(0.05)
4.9386 	EXP 	text: text = 'Which one are you going to buy?'
4.9409 	EXP 	eyetracker.setRecordingState(False)
4.9687 	EXP 	text: height = np.float64(0.05)
4.9687 	EXP 	text: height = np.float64(0.05)
4.9687 	EXP 	text: height = np.float64(0.05)
4.9687 	EXP 	text: text = 'Which one are you going to buy?'
4.9720 	EXP 	eyetracker.setRecordingState(False)
5.0010 	EXP 	text: height = np.float64(0.05)
5.0010 	EXP 	text: height = np.float64(0.05)
5.0010 	EXP 	text: height = np.float64(0.05)
5.0010 	EXP 	text: text = 'Which one are you going to buy?'
5.0031 	EXP 	eyetracker.setRecordingState(False)
5.0268 	EXP 	text: height = np.float64(0.05)
5.0268 	EXP 	text: height = np.float64(0.05)
5.0268 	EXP 	text: height = np.float64(0.05)
5.0268 	EXP 	text: text = 'Which one are you going to buy?'
5.0292 	EXP 	eyetracker.setRecordingState(False)
5.0504 	EXP 	text: height = np.float64(0.05)
5.0504 	EXP 	text: height = np.float64(0.05)
5.0504 	EXP 	text: height = np.float64(0.05)
5.0504 	EXP 	text: text = 'Which one are you going to buy?'
5.0525 	EXP 	eyetracker.setRecordingState(False)
5.0717 	EXP 	text: height = np.float64(0.05)
5.0717 	EXP 	text: height = np.float64(0.05)
5.0717 	EXP 	text: height = np.float64(0.05)
5.0717 	EXP 	text: text = 'Which one are you going to buy?'
5.0736 	EXP 	eyetracker.setRecordingState(False)
5.0908 	EXP 	text: height = np.float64(0.05)
5.0908 	EXP 	text: height = np.float64(0.05)
5.0908 	EXP 	text: height = np.float64(0.05)
5.0908 	EXP 	text: text = 'Which one are you going to buy?'
5.0924 	EXP 	eyetracker.setRecordingState(False)
5.1066 	EXP 	text: height = np.float64(0.05)
5.1066 	EXP 	text: height = np.float64(0.05)
5.1066 	EXP 	text: height = np.float64(0.05)
5.1066 	EXP 	text: text = 'Which one are you going to buy?'
5.1079 	EXP 	eyetracker.setRecordingState(False)
5.1216 	EXP 	text: height = np.float64(0.05)
5.1216 	EXP 	text: height = np.float64(0.05)
5.1216 	EXP 	text: height = np.float64(0.05)
5.1216 	EXP 	text: text = 'Which one are you going to buy?'
5.1236 	EXP 	eyetracker.setRecordingState(False)
5.1415 	EXP 	text: height = np.float64(0.05)
5.1415 	EXP 	text: height = np.float64(0.05)
5.1415 	EXP 	text: height = np.float64(0.05)
5.1415 	EXP 	text: text = 'Which one are you going to buy?'
5.1435 	EXP 	eyetracker.setRecordingState(False)
5.1605 	EXP 	text: height = np.float64(0.05)
5.1605 	EXP 	text: height = np.float64(0.05)
5.1605 	EXP 	text: height = np.float64(0.05)
5.1605 	EXP 	text: text = 'Which one are you going to buy?'
5.1623 	EXP 	eyetracker.setRecordingState(False)
5.1802 	EXP 	text: height = np.float64(0.05)
5.1802 	EXP 	text: height = np.float64(0.05)
5.1802 	EXP 	text: height = np.float64(0.05)
5.1802 	EXP 	text: text = 'Which one are you going to buy?'
5.1820 	EXP 	eyetracker.setRecordingState(False)
5.1988 	EXP 	text: height = np.float64(0.05)
5.1988 	EXP 	text: height = np.float64(0.05)
5.1988 	EXP 	text: height = np.float64(0.05)
5.1988 	EXP 	text: text = 'Which one are you going to buy?'
5.2005 	EXP 	eyetracker.setRecordingState(False)
5.2153 	EXP 	text: height = np.float64(0.05)
5.2153 	EXP 	text: height = np.float64(0.05)
5.2153 	EXP 	text: height = np.float64(0.05)
5.2153 	EXP 	text: text = 'Which one are you going to buy?'
5.2166 	EXP 	eyetracker.setRecordingState(False)
5.2321 	EXP 	text: height = np.float64(0.05)
5.2321 	EXP 	text: height = np.float64(0.05)
5.2321 	EXP 	text: height = np.float64(0.05)
5.2321 	EXP 	text: text = 'Which one are you going to buy?'
5.2341 	EXP 	eyetracker.setRecordingState(False)
5.2528 	EXP 	text: height = np.float64(0.05)
5.2528 	EXP 	text: height = np.float64(0.05)
5.2528 	EXP 	text: height = np.float64(0.05)
5.2528 	EXP 	text: text = 'Which one are you going to buy?'
5.2541 	EXP 	eyetracker.setRecordingState(False)
5.2684 	EXP 	text: height = np.float64(0.05)
5.2684 	EXP 	text: height = np.float64(0.05)
5.2684 	EXP 	text: height = np.float64(0.05)
5.2684 	EXP 	text: text = 'Which one are you going to buy?'
5.2695 	EXP 	eyetracker.setRecordingState(False)
5.2811 	EXP 	text: height = np.float64(0.05)
5.2811 	EXP 	text: height = np.float64(0.05)
5.2811 	EXP 	text: height = np.float64(0.05)
5.2811 	EXP 	text: text = 'Which one are you going to buy?'
5.2835 	EXP 	eyetracker.setRecordingState(False)
5.2965 	EXP 	text: height = np.float64(0.05)
5.2965 	EXP 	text: height = np.float64(0.05)
5.2965 	EXP 	text: height = np.float64(0.05)
5.2965 	EXP 	text: text = 'Which one are you going to buy?'
5.2976 	EXP 	eyetracker.setRecordingState(False)
5.3091 	EXP 	text: height = np.float64(0.05)
5.3091 	EXP 	text: height = np.float64(0.05)
5.3091 	EXP 	text: height = np.float64(0.05)
5.3091 	EXP 	text: text = 'Which one are you going to buy?'
5.3102 	EXP 	eyetracker.setRecordingState(False)
5.3204 	EXP 	text: height = np.float64(0.05)
5.3204 	EXP 	text: height = np.float64(0.05)
5.3204 	EXP 	text: height = np.float64(0.05)
5.3204 	EXP 	text: text = 'Which one are you going to buy?'
5.3213 	EXP 	eyetracker.setRecordingState(False)
5.3321 	EXP 	text: height = np.float64(0.05)
5.3321 	EXP 	text: height = np.float64(0.05)
5.3321 	EXP 	text: height = np.float64(0.05)
5.3321 	EXP 	text: text = 'Which one are you going to buy?'
5.3335 	EXP 	eyetracker.setRecordingState(False)
5.3447 	EXP 	text: height = np.float64(0.05)
5.3447 	EXP 	text: height = np.float64(0.05)
5.3447 	EXP 	text: height = np.float64(0.05)
5.3447 	EXP 	text: text = 'Which one are you going to buy?'
5.3457 	EXP 	eyetracker.setRecordingState(False)
5.3556 	EXP 	text: height = np.float64(0.05)
5.3556 	EXP 	text: height = np.float64(0.05)
5.3556 	EXP 	text: height = np.float64(0.05)
5.3556 	EXP 	text: text = 'Which one are you going to buy?'
5.3565 	EXP 	eyetracker.setRecordingState(False)
5.3645 	EXP 	text: height = np.float64(0.05)
5.3645 	EXP 	text: height = np.float64(0.05)
5.3645 	EXP 	text: height = np.float64(0.05)
5.3645 	EXP 	text: text = 'Which one are you going to buy?'
5.3652 	EXP 	eyetracker.setRecordingState(False)
5.3732 	EXP 	text: height = np.float64(0.05)
5.3732 	EXP 	text: height = np.float64(0.05)
5.3732 	EXP 	text: height = np.float64(0.05)
5.3732 	EXP 	text: text = 'Which one are you going to buy?'
5.3738 	EXP 	eyetracker.setRecordingState(False)
5.3814 	EXP 	text: height = np.float64(0.05)
5.3814 	EXP 	text: height = np.float64(0.05)
5.3814 	EXP 	text: height = np.float64(0.05)
5.3814 	EXP 	text: text = 'Which one are you going to buy?'
5.3822 	EXP 	eyetracker.setRecordingState(False)
5.3892 	EXP 	text: height = np.float64(0.05)
5.3892 	EXP 	text: height = np.float64(0.05)
5.3892 	EXP 	text: height = np.float64(0.05)
5.3892 	EXP 	text: text = 'Which one are you going to buy?'
5.3899 	EXP 	eyetracker.setRecordingState(False)
5.3971 	EXP 	text: height = np.float64(0.05)
5.3971 	EXP 	text: height = np.float64(0.05)
5.3971 	EXP 	text: height = np.float64(0.05)
5.3971 	EXP 	text: text = 'Which one are you going to buy?'
5.3977 	EXP 	eyetracker.setRecordingState(False)
5.4053 	EXP 	text: height = np.float64(0.05)
5.4053 	EXP 	text: height = np.float64(0.05)
5.4053 	EXP 	text: height = np.float64(0.05)
5.4053 	EXP 	text: text = 'Which one are you going to buy?'
5.4060 	EXP 	eyetracker.setRecordingState(False)
5.4138 	EXP 	text: height = np.float64(0.05)
5.4138 	EXP 	text: height = np.float64(0.05)
5.4138 	EXP 	text: height = np.float64(0.05)
5.4138 	EXP 	text: text = 'Which one are you going to buy?'
5.4144 	EXP 	eyetracker.setRecordingState(False)
5.4223 	EXP 	text: height = np.float64(0.05)
5.4223 	EXP 	text: height = np.float64(0.05)
5.4223 	EXP 	text: height = np.float64(0.05)
5.4223 	EXP 	text: text = 'Which one are you going to buy?'
5.4230 	EXP 	eyetracker.setRecordingState(False)
5.4306 	EXP 	text: height = np.float64(0.05)
5.4306 	EXP 	text: height = np.float64(0.05)
5.4306 	EXP 	text: height = np.float64(0.05)
5.4306 	EXP 	text: text = 'Which one are you going to buy?'
5.4312 	EXP 	eyetracker.setRecordingState(False)
5.4383 	EXP 	text: height = np.float64(0.05)
5.4383 	EXP 	text: height = np.float64(0.05)
5.4383 	EXP 	text: height = np.float64(0.05)
5.4383 	EXP 	text: text = 'Which one are you going to buy?'
5.4393 	EXP 	eyetracker.setRecordingState(False)
5.4473 	EXP 	text: height = np.float64(0.05)
5.4473 	EXP 	text: height = np.float64(0.05)
5.4473 	EXP 	text: height = np.float64(0.05)
5.4473 	EXP 	text: text = 'Which one are you going to buy?'
5.4479 	EXP 	eyetracker.setRecordingState(False)
5.4552 	EXP 	text: height = np.float64(0.05)
5.4552 	EXP 	text: height = np.float64(0.05)
5.4552 	EXP 	text: height = np.float64(0.05)
5.4552 	EXP 	text: text = 'Which one are you going to buy?'
5.4559 	EXP 	eyetracker.setRecordingState(False)
5.4634 	EXP 	text: height = np.float64(0.05)
5.4634 	EXP 	text: height = np.float64(0.05)
5.4634 	EXP 	text: height = np.float64(0.05)
5.4634 	EXP 	text: text = 'Which one are you going to buy?'
5.4641 	EXP 	eyetracker.setRecordingState(False)
5.4724 	EXP 	text: height = np.float64(0.05)
5.4724 	EXP 	text: height = np.float64(0.05)
5.4724 	EXP 	text: height = np.float64(0.05)
5.4724 	EXP 	text: text = 'Which one are you going to buy?'
5.4735 	EXP 	eyetracker.setRecordingState(False)
5.4815 	EXP 	text: height = np.float64(0.05)
5.4815 	EXP 	text: height = np.float64(0.05)
5.4815 	EXP 	text: height = np.float64(0.05)
5.4815 	EXP 	text: text = 'Which one are you going to buy?'
5.4822 	EXP 	eyetracker.setRecordingState(False)
5.4921 	EXP 	text: height = np.float64(0.05)
5.4921 	EXP 	text: height = np.float64(0.05)
5.4921 	EXP 	text: height = np.float64(0.05)
5.4921 	EXP 	text: text = 'Which one are you going to buy?'
5.4930 	EXP 	eyetracker.setRecordingState(False)
5.5028 	EXP 	text: height = np.float64(0.05)
5.5028 	EXP 	text: height = np.float64(0.05)
5.5028 	EXP 	text: height = np.float64(0.05)
5.5028 	EXP 	text: text = 'Which one are you going to buy?'
5.5037 	EXP 	eyetracker.setRecordingState(False)
5.5143 	EXP 	text: height = np.float64(0.05)
5.5143 	EXP 	text: height = np.float64(0.05)
5.5143 	EXP 	text: height = np.float64(0.05)
5.5143 	EXP 	text: text = 'Which one are you going to buy?'
5.5155 	EXP 	eyetracker.setRecordingState(False)
5.5279 	EXP 	text: height = np.float64(0.05)
5.5279 	EXP 	text: height = np.float64(0.05)
5.5279 	EXP 	text: height = np.float64(0.05)
5.5279 	EXP 	text: text = 'Which one are you going to buy?'
5.5294 	EXP 	eyetracker.setRecordingState(False)
5.5427 	EXP 	text: height = np.float64(0.05)
5.5427 	EXP 	text: height = np.float64(0.05)
5.5427 	EXP 	text: height = np.float64(0.05)
5.5427 	EXP 	text: text = 'Which one are you going to buy?'
5.5442 	EXP 	eyetracker.setRecordingState(False)
5.5582 	EXP 	text: height = np.float64(0.05)
5.5582 	EXP 	text: height = np.float64(0.05)
5.5582 	EXP 	text: height = np.float64(0.05)
5.5582 	EXP 	text: text = 'Which one are you going to buy?'
5.5595 	EXP 	eyetracker.setRecordingState(False)
5.5727 	EXP 	text: height = np.float64(0.05)
5.5727 	EXP 	text: height = np.float64(0.05)
5.5727 	EXP 	text: height = np.float64(0.05)
5.5727 	EXP 	text: text = 'Which one are you going to buy?'
5.5741 	EXP 	eyetracker.setRecordingState(False)
5.5863 	EXP 	text: height = np.float64(0.05)
5.5863 	EXP 	text: height = np.float64(0.05)
5.5863 	EXP 	text: height = np.float64(0.05)
5.5863 	EXP 	text: text = 'Which one are you going to buy?'
5.5877 	EXP 	eyetracker.setRecordingState(False)
5.6021 	EXP 	text: height = np.float64(0.05)
5.6021 	EXP 	text: height = np.float64(0.05)
5.6021 	EXP 	text: height = np.float64(0.05)
5.6021 	EXP 	text: text = 'Which one are you going to buy?'
5.6036 	EXP 	eyetracker.setRecordingState(False)
5.6159 	EXP 	text: height = np.float64(0.05)
5.6159 	EXP 	text: height = np.float64(0.05)
5.6159 	EXP 	text: height = np.float64(0.05)
5.6159 	EXP 	text: text = 'Which one are you going to buy?'
5.6169 	EXP 	eyetracker.setRecordingState(False)
5.6276 	EXP 	text: height = np.float64(0.05)
5.6276 	EXP 	text: height = np.float64(0.05)
5.6276 	EXP 	text: height = np.float64(0.05)
5.6276 	EXP 	text: text = 'Which one are you going to buy?'
5.6286 	EXP 	eyetracker.setRecordingState(False)
5.6393 	EXP 	text: height = np.float64(0.05)
5.6393 	EXP 	text: height = np.float64(0.05)
5.6393 	EXP 	text: height = np.float64(0.05)
5.6393 	EXP 	text: text = 'Which one are you going to buy?'
5.6407 	EXP 	eyetracker.setRecordingState(False)
5.6539 	EXP 	text: height = np.float64(0.05)
5.6539 	EXP 	text: height = np.float64(0.05)
5.6539 	EXP 	text: height = np.float64(0.05)
5.6539 	EXP 	text: text = 'Which one are you going to buy?'
5.6551 	EXP 	eyetracker.setRecordingState(False)
5.6685 	EXP 	text: height = np.float64(0.05)
5.6685 	EXP 	text: height = np.float64(0.05)
5.6685 	EXP 	text: height = np.float64(0.05)
5.6685 	EXP 	text: text = 'Which one are you going to buy?'
5.6696 	EXP 	eyetracker.setRecordingState(False)
5.6816 	EXP 	text: height = np.float64(0.05)
5.6816 	EXP 	text: height = np.float64(0.05)
5.6816 	EXP 	text: height = np.float64(0.05)
5.6816 	EXP 	text: text = 'Which one are you going to buy?'
5.6832 	EXP 	eyetracker.setRecordingState(False)
5.6988 	EXP 	text: height = np.float64(0.05)
5.6988 	EXP 	text: height = np.float64(0.05)
5.6988 	EXP 	text: height = np.float64(0.05)
5.6988 	EXP 	text: text = 'Which one are you going to buy?'
5.7008 	EXP 	eyetracker.setRecordingState(False)
5.7163 	EXP 	text: height = np.float64(0.05)
5.7163 	EXP 	text: height = np.float64(0.05)
5.7163 	EXP 	text: height = np.float64(0.05)
5.7163 	EXP 	text: text = 'Which one are you going to buy?'
5.7180 	EXP 	eyetracker.setRecordingState(False)
5.7354 	EXP 	text: height = np.float64(0.05)
5.7354 	EXP 	text: height = np.float64(0.05)
5.7354 	EXP 	text: height = np.float64(0.05)
5.7354 	EXP 	text: text = 'Which one are you going to buy?'
5.7377 	EXP 	eyetracker.setRecordingState(False)
5.7537 	EXP 	text: height = np.float64(0.05)
5.7537 	EXP 	text: height = np.float64(0.05)
5.7537 	EXP 	text: height = np.float64(0.05)
5.7537 	EXP 	text: text = 'Which one are you going to buy?'
5.7553 	EXP 	eyetracker.setRecordingState(False)
5.7694 	EXP 	text: height = np.float64(0.05)
5.7694 	EXP 	text: height = np.float64(0.05)
5.7694 	EXP 	text: height = np.float64(0.05)
5.7694 	EXP 	text: text = 'Which one are you going to buy?'
5.7716 	EXP 	eyetracker.setRecordingState(False)
5.7858 	EXP 	text: height = np.float64(0.05)
5.7858 	EXP 	text: height = np.float64(0.05)
5.7858 	EXP 	text: height = np.float64(0.05)
5.7858 	EXP 	text: text = 'Which one are you going to buy?'
5.7872 	EXP 	eyetracker.setRecordingState(False)
5.8001 	EXP 	text: height = np.float64(0.05)
5.8001 	EXP 	text: height = np.float64(0.05)
5.8001 	EXP 	text: height = np.float64(0.05)
5.8001 	EXP 	text: text = 'Which one are you going to buy?'
5.8019 	EXP 	eyetracker.setRecordingState(False)
5.8180 	EXP 	text: height = np.float64(0.05)
5.8180 	EXP 	text: height = np.float64(0.05)
5.8180 	EXP 	text: height = np.float64(0.05)
5.8180 	EXP 	text: text = 'Which one are you going to buy?'
5.8194 	EXP 	eyetracker.setRecordingState(False)
5.8337 	EXP 	text: height = np.float64(0.05)
5.8337 	EXP 	text: height = np.float64(0.05)
5.8337 	EXP 	text: height = np.float64(0.05)
5.8337 	EXP 	text: text = 'Which one are you going to buy?'
5.8355 	EXP 	eyetracker.setRecordingState(False)
5.8508 	EXP 	text: height = np.float64(0.05)
5.8508 	EXP 	text: height = np.float64(0.05)
5.8508 	EXP 	text: height = np.float64(0.05)
5.8508 	EXP 	text: text = 'Which one are you going to buy?'
5.8521 	EXP 	eyetracker.setRecordingState(False)
5.8647 	EXP 	text: height = np.float64(0.05)
5.8647 	EXP 	text: height = np.float64(0.05)
5.8647 	EXP 	text: height = np.float64(0.05)
5.8647 	EXP 	text: text = 'Which one are you going to buy?'
5.8657 	EXP 	eyetracker.setRecordingState(False)
5.8764 	EXP 	text: height = np.float64(0.05)
5.8764 	EXP 	text: height = np.float64(0.05)
5.8764 	EXP 	text: height = np.float64(0.05)
5.8764 	EXP 	text: text = 'Which one are you going to buy?'
5.8776 	EXP 	eyetracker.setRecordingState(False)
5.8884 	EXP 	text: height = np.float64(0.05)
5.8884 	EXP 	text: height = np.float64(0.05)
5.8884 	EXP 	text: height = np.float64(0.05)
5.8884 	EXP 	text: text = 'Which one are you going to buy?'
5.8893 	EXP 	eyetracker.setRecordingState(False)
5.8995 	EXP 	text: height = np.float64(0.05)
5.8995 	EXP 	text: height = np.float64(0.05)
5.8995 	EXP 	text: height = np.float64(0.05)
5.8995 	EXP 	text: text = 'Which one are you going to buy?'
5.9010 	EXP 	eyetracker.setRecordingState(False)
5.9143 	EXP 	text: height = np.float64(0.05)
5.9143 	EXP 	text: height = np.float64(0.05)
5.9143 	EXP 	text: height = np.float64(0.05)
5.9143 	EXP 	text: text = 'Which one are you going to buy?'
5.9154 	EXP 	eyetracker.setRecordingState(False)
5.9277 	EXP 	text: height = np.float64(0.05)
5.9277 	EXP 	text: height = np.float64(0.05)
5.9277 	EXP 	text: height = np.float64(0.05)
5.9277 	EXP 	text: text = 'Which one are you going to buy?'
5.9298 	EXP 	eyetracker.setRecordingState(False)
5.9454 	EXP 	text: height = np.float64(0.05)
5.9454 	EXP 	text: height = np.float64(0.05)
5.9454 	EXP 	text: height = np.float64(0.05)
5.9454 	EXP 	text: text = 'Which one are you going to buy?'
5.9470 	EXP 	eyetracker.setRecordingState(False)
5.9593 	EXP 	text: height = np.float64(0.05)
5.9593 	EXP 	text: height = np.float64(0.05)
5.9593 	EXP 	text: height = np.float64(0.05)
5.9593 	EXP 	text: text = 'Which one are you going to buy?'
5.9607 	EXP 	eyetracker.setRecordingState(False)
5.9718 	EXP 	text: height = np.float64(0.05)
5.9718 	EXP 	text: height = np.float64(0.05)
5.9718 	EXP 	text: height = np.float64(0.05)
5.9718 	EXP 	text: text = 'Which one are you going to buy?'
5.9734 	EXP 	eyetracker.setRecordingState(False)
5.9871 	EXP 	text: height = np.float64(0.05)
5.9871 	EXP 	text: height = np.float64(0.05)
5.9871 	EXP 	text: height = np.float64(0.05)
5.9871 	EXP 	text: text = 'Which one are you going to buy?'
5.9888 	EXP 	eyetracker.setRecordingState(False)
6.0060 	EXP 	text: height = np.float64(0.05)
6.0060 	EXP 	text: height = np.float64(0.05)
6.0060 	EXP 	text: height = np.float64(0.05)
6.0060 	EXP 	text: text = 'Which one are you going to buy?'
6.0076 	EXP 	eyetracker.setRecordingState(False)
6.0204 	EXP 	text: height = np.float64(0.05)
6.0204 	EXP 	text: height = np.float64(0.05)
6.0204 	EXP 	text: height = np.float64(0.05)
6.0204 	EXP 	text: text = 'Which one are you going to buy?'
6.0214 	EXP 	eyetracker.setRecordingState(False)
6.0328 	EXP 	text: height = np.float64(0.05)
6.0328 	EXP 	text: height = np.float64(0.05)
6.0328 	EXP 	text: height = np.float64(0.05)
6.0328 	EXP 	text: text = 'Which one are you going to buy?'
6.0339 	EXP 	eyetracker.setRecordingState(False)
6.0480 	EXP 	text: height = np.float64(0.05)
6.0480 	EXP 	text: height = np.float64(0.05)
6.0480 	EXP 	text: height = np.float64(0.05)
6.0480 	EXP 	text: text = 'Which one are you going to buy?'
6.0497 	EXP 	eyetracker.setRecordingState(False)
6.0649 	EXP 	text: height = np.float64(0.05)
6.0649 	EXP 	text: height = np.float64(0.05)
6.0649 	EXP 	text: height = np.float64(0.05)
6.0649 	EXP 	text: text = 'Which one are you going to buy?'
6.0667 	EXP 	eyetracker.setRecordingState(False)
6.0832 	EXP 	text: height = np.float64(0.05)
6.0832 	EXP 	text: height = np.float64(0.05)
6.0832 	EXP 	text: height = np.float64(0.05)
6.0832 	EXP 	text: text = 'Which one are you going to buy?'
6.0846 	EXP 	eyetracker.setRecordingState(False)
6.0995 	EXP 	text: height = np.float64(0.05)
6.0995 	EXP 	text: height = np.float64(0.05)
6.0995 	EXP 	text: height = np.float64(0.05)
6.0995 	EXP 	text: text = 'Which one are you going to buy?'
6.1011 	EXP 	eyetracker.setRecordingState(False)
6.1165 	EXP 	text: height = np.float64(0.05)
6.1165 	EXP 	text: height = np.float64(0.05)
6.1165 	EXP 	text: height = np.float64(0.05)
6.1165 	EXP 	text: text = 'Which one are you going to buy?'
6.1180 	EXP 	eyetracker.setRecordingState(False)
6.1299 	EXP 	text: height = np.float64(0.05)
6.1299 	EXP 	text: height = np.float64(0.05)
6.1299 	EXP 	text: height = np.float64(0.05)
6.1299 	EXP 	text: text = 'Which one are you going to buy?'
6.1309 	EXP 	eyetracker.setRecordingState(False)
6.1429 	EXP 	text: height = np.float64(0.05)
6.1429 	EXP 	text: height = np.float64(0.05)
6.1429 	EXP 	text: height = np.float64(0.05)
6.1429 	EXP 	text: text = 'Which one are you going to buy?'
6.1445 	EXP 	eyetracker.setRecordingState(False)
6.1591 	EXP 	text: height = np.float64(0.05)
6.1591 	EXP 	text: height = np.float64(0.05)
6.1591 	EXP 	text: height = np.float64(0.05)
6.1591 	EXP 	text: text = 'Which one are you going to buy?'
6.1612 	EXP 	eyetracker.setRecordingState(False)
6.1765 	EXP 	text: height = np.float64(0.05)
6.1765 	EXP 	text: height = np.float64(0.05)
6.1765 	EXP 	text: height = np.float64(0.05)
6.1765 	EXP 	text: text = 'Which one are you going to buy?'
6.1779 	EXP 	eyetracker.setRecordingState(False)
6.1933 	EXP 	text: height = np.float64(0.05)
6.1933 	EXP 	text: height = np.float64(0.05)
6.1933 	EXP 	text: height = np.float64(0.05)
6.1933 	EXP 	text: text = 'Which one are you going to buy?'
6.1950 	EXP 	eyetracker.setRecordingState(False)
6.2113 	EXP 	text: height = np.float64(0.05)
6.2113 	EXP 	text: height = np.float64(0.05)
6.2113 	EXP 	text: height = np.float64(0.05)
6.2113 	EXP 	text: text = 'Which one are you going to buy?'
6.2129 	EXP 	eyetracker.setRecordingState(False)
6.2280 	EXP 	text: height = np.float64(0.05)
6.2280 	EXP 	text: height = np.float64(0.05)
6.2280 	EXP 	text: height = np.float64(0.05)
6.2280 	EXP 	text: text = 'Which one are you going to buy?'
6.2298 	EXP 	eyetracker.setRecordingState(False)
6.2436 	EXP 	text: height = np.float64(0.05)
6.2436 	EXP 	text: height = np.float64(0.05)
6.2436 	EXP 	text: height = np.float64(0.05)
6.2436 	EXP 	text: text = 'Which one are you going to buy?'
6.2460 	EXP 	eyetracker.setRecordingState(False)
6.2607 	EXP 	text: height = np.float64(0.05)
6.2607 	EXP 	text: height = np.float64(0.05)
6.2607 	EXP 	text: height = np.float64(0.05)
6.2607 	EXP 	text: text = 'Which one are you going to buy?'
6.2621 	EXP 	eyetracker.setRecordingState(False)
6.2759 	EXP 	text: height = np.float64(0.05)
6.2759 	EXP 	text: height = np.float64(0.05)
6.2759 	EXP 	text: height = np.float64(0.05)
6.2759 	EXP 	text: text = 'Which one are you going to buy?'
6.2779 	EXP 	eyetracker.setRecordingState(False)
6.2930 	EXP 	text: height = np.float64(0.05)
6.2930 	EXP 	text: height = np.float64(0.05)
6.2930 	EXP 	text: height = np.float64(0.05)
6.2930 	EXP 	text: text = 'Which one are you going to buy?'
6.2944 	EXP 	eyetracker.setRecordingState(False)
6.3056 	EXP 	text: height = np.float64(0.05)
6.3056 	EXP 	text: height = np.float64(0.05)
6.3056 	EXP 	text: height = np.float64(0.05)
6.3056 	EXP 	text: text = 'Which one are you going to buy?'
6.3066 	EXP 	eyetracker.setRecordingState(False)
6.3193 	EXP 	text: height = np.float64(0.05)
6.3193 	EXP 	text: height = np.float64(0.05)
6.3193 	EXP 	text: height = np.float64(0.05)
6.3193 	EXP 	text: text = 'Which one are you going to buy?'
6.3210 	EXP 	eyetracker.setRecordingState(False)
6.3345 	EXP 	text: height = np.float64(0.05)
6.3345 	EXP 	text: height = np.float64(0.05)
6.3345 	EXP 	text: height = np.float64(0.05)
6.3345 	EXP 	text: text = 'Which one are you going to buy?'
6.3358 	EXP 	eyetracker.setRecordingState(False)
6.3495 	EXP 	text: height = np.float64(0.05)
6.3495 	EXP 	text: height = np.float64(0.05)
6.3495 	EXP 	text: height = np.float64(0.05)
6.3495 	EXP 	text: text = 'Which one are you going to buy?'
6.3516 	EXP 	eyetracker.setRecordingState(False)
6.3671 	EXP 	text: height = np.float64(0.05)
6.3671 	EXP 	text: height = np.float64(0.05)
6.3671 	EXP 	text: height = np.float64(0.05)
6.3671 	EXP 	text: text = 'Which one are you going to buy?'
6.3687 	EXP 	eyetracker.setRecordingState(False)
6.3838 	EXP 	text: height = np.float64(0.05)
6.3838 	EXP 	text: height = np.float64(0.05)
6.3838 	EXP 	text: height = np.float64(0.05)
6.3838 	EXP 	text: text = 'Which one are you going to buy?'
6.3857 	EXP 	eyetracker.setRecordingState(False)
6.4011 	EXP 	text: height = np.float64(0.05)
6.4011 	EXP 	text: height = np.float64(0.05)
6.4011 	EXP 	text: height = np.float64(0.05)
6.4011 	EXP 	text: text = 'Which one are you going to buy?'
6.4028 	EXP 	eyetracker.setRecordingState(False)
6.4175 	EXP 	text: height = np.float64(0.05)
6.4175 	EXP 	text: height = np.float64(0.05)
6.4175 	EXP 	text: height = np.float64(0.05)
6.4175 	EXP 	text: text = 'Which one are you going to buy?'
6.4191 	EXP 	eyetracker.setRecordingState(False)
6.4334 	EXP 	text: height = np.float64(0.05)
6.4334 	EXP 	text: height = np.float64(0.05)
6.4334 	EXP 	text: height = np.float64(0.05)
6.4334 	EXP 	text: text = 'Which one are you going to buy?'
6.4352 	EXP 	eyetracker.setRecordingState(False)
6.4480 	EXP 	text: height = np.float64(0.05)
6.4480 	EXP 	text: height = np.float64(0.05)
6.4480 	EXP 	text: height = np.float64(0.05)
6.4480 	EXP 	text: text = 'Which one are you going to buy?'
6.4492 	EXP 	eyetracker.setRecordingState(False)
6.4623 	EXP 	text: height = np.float64(0.05)
6.4623 	EXP 	text: height = np.float64(0.05)
6.4623 	EXP 	text: height = np.float64(0.05)
6.4623 	EXP 	text: text = 'Which one are you going to buy?'
6.4639 	EXP 	eyetracker.setRecordingState(False)
6.4777 	EXP 	text: height = np.float64(0.05)
6.4777 	EXP 	text: height = np.float64(0.05)
6.4777 	EXP 	text: height = np.float64(0.05)
6.4777 	EXP 	text: text = 'Which one are you going to buy?'
6.4790 	EXP 	eyetracker.setRecordingState(False)
6.4921 	EXP 	text: height = np.float64(0.05)
6.4921 	EXP 	text: height = np.float64(0.05)
6.4921 	EXP 	text: height = np.float64(0.05)
6.4921 	EXP 	text: text = 'Which one are you going to buy?'
6.4933 	EXP 	eyetracker.setRecordingState(False)
6.5060 	EXP 	text: height = np.float64(0.05)
6.5060 	EXP 	text: height = np.float64(0.05)
6.5060 	EXP 	text: height = np.float64(0.05)
6.5060 	EXP 	text: text = 'Which one are you going to buy?'
6.5073 	EXP 	eyetracker.setRecordingState(False)
6.5212 	EXP 	text: height = np.float64(0.05)
6.5212 	EXP 	text: height = np.float64(0.05)
6.5212 	EXP 	text: height = np.float64(0.05)
6.5212 	EXP 	text: text = 'Which one are you going to buy?'
6.5224 	EXP 	eyetracker.setRecordingState(False)
6.5345 	EXP 	text: height = np.float64(0.05)
6.5345 	EXP 	text: height = np.float64(0.05)
6.5345 	EXP 	text: height = np.float64(0.05)
6.5345 	EXP 	text: text = 'Which one are you going to buy?'
6.5356 	EXP 	eyetracker.setRecordingState(False)
6.5482 	EXP 	text: height = np.float64(0.05)
6.5482 	EXP 	text: height = np.float64(0.05)
6.5482 	EXP 	text: height = np.float64(0.05)
6.5482 	EXP 	text: text = 'Which one are you going to buy?'
6.5502 	EXP 	eyetracker.setRecordingState(False)
6.5637 	EXP 	text: height = np.float64(0.05)
6.5637 	EXP 	text: height = np.float64(0.05)
6.5637 	EXP 	text: height = np.float64(0.05)
6.5637 	EXP 	text: text = 'Which one are you going to buy?'
6.5649 	EXP 	eyetracker.setRecordingState(False)
6.5769 	EXP 	text: height = np.float64(0.05)
6.5769 	EXP 	text: height = np.float64(0.05)
6.5769 	EXP 	text: height = np.float64(0.05)
6.5769 	EXP 	text: text = 'Which one are you going to buy?'
6.5783 	EXP 	eyetracker.setRecordingState(False)
6.5916 	EXP 	text: height = np.float64(0.05)
6.5916 	EXP 	text: height = np.float64(0.05)
6.5916 	EXP 	text: height = np.float64(0.05)
6.5916 	EXP 	text: text = 'Which one are you going to buy?'
6.5934 	EXP 	eyetracker.setRecordingState(False)
6.6068 	EXP 	text: height = np.float64(0.05)
6.6068 	EXP 	text: height = np.float64(0.05)
6.6068 	EXP 	text: height = np.float64(0.05)
6.6068 	EXP 	text: text = 'Which one are you going to buy?'
6.6080 	EXP 	eyetracker.setRecordingState(False)
6.6215 	EXP 	text: height = np.float64(0.05)
6.6215 	EXP 	text: height = np.float64(0.05)
6.6215 	EXP 	text: height = np.float64(0.05)
6.6215 	EXP 	text: text = 'Which one are you going to buy?'
6.6235 	EXP 	eyetracker.setRecordingState(False)
6.6404 	EXP 	text: height = np.float64(0.05)
6.6404 	EXP 	text: height = np.float64(0.05)
6.6404 	EXP 	text: height = np.float64(0.05)
6.6404 	EXP 	text: text = 'Which one are you going to buy?'
6.6423 	EXP 	eyetracker.setRecordingState(False)
6.6562 	EXP 	text: height = np.float64(0.05)
6.6562 	EXP 	text: height = np.float64(0.05)
6.6562 	EXP 	text: height = np.float64(0.05)
6.6562 	EXP 	text: text = 'Which one are you going to buy?'
6.6581 	EXP 	eyetracker.setRecordingState(False)
6.6731 	EXP 	text: height = np.float64(0.05)
6.6731 	EXP 	text: height = np.float64(0.05)
6.6731 	EXP 	text: height = np.float64(0.05)
6.6731 	EXP 	text: text = 'Which one are you going to buy?'
6.6747 	EXP 	eyetracker.setRecordingState(False)
6.6886 	EXP 	text: height = np.float64(0.05)
6.6886 	EXP 	text: height = np.float64(0.05)
6.6886 	EXP 	text: height = np.float64(0.05)
6.6886 	EXP 	text: text = 'Which one are you going to buy?'
6.6900 	EXP 	eyetracker.setRecordingState(False)
6.7027 	EXP 	text: height = np.float64(0.05)
6.7027 	EXP 	text: height = np.float64(0.05)
6.7027 	EXP 	text: height = np.float64(0.05)
6.7027 	EXP 	text: text = 'Which one are you going to buy?'
6.7039 	EXP 	eyetracker.setRecordingState(False)
6.7166 	EXP 	text: height = np.float64(0.05)
6.7166 	EXP 	text: height = np.float64(0.05)
6.7166 	EXP 	text: height = np.float64(0.05)
6.7166 	EXP 	text: text = 'Which one are you going to buy?'
6.7184 	EXP 	eyetracker.setRecordingState(False)
6.7343 	EXP 	text: height = np.float64(0.05)
6.7343 	EXP 	text: height = np.float64(0.05)
6.7343 	EXP 	text: height = np.float64(0.05)
6.7343 	EXP 	text: text = 'Which one are you going to buy?'
6.7357 	EXP 	eyetracker.setRecordingState(False)
6.7484 	EXP 	text: height = np.float64(0.05)
6.7484 	EXP 	text: height = np.float64(0.05)
6.7484 	EXP 	text: height = np.float64(0.05)
6.7484 	EXP 	text: text = 'Which one are you going to buy?'
6.7497 	EXP 	eyetracker.setRecordingState(False)
6.7627 	EXP 	text: height = np.float64(0.05)
6.7627 	EXP 	text: height = np.float64(0.05)
6.7627 	EXP 	text: height = np.float64(0.05)
6.7627 	EXP 	text: text = 'Which one are you going to buy?'
6.7645 	EXP 	eyetracker.setRecordingState(False)
6.7810 	EXP 	text: height = np.float64(0.05)
6.7810 	EXP 	text: height = np.float64(0.05)
6.7810 	EXP 	text: height = np.float64(0.05)
6.7810 	EXP 	text: text = 'Which one are you going to buy?'
6.7823 	EXP 	eyetracker.setRecordingState(False)
6.7956 	EXP 	text: height = np.float64(0.05)
6.7956 	EXP 	text: height = np.float64(0.05)
6.7956 	EXP 	text: height = np.float64(0.05)
6.7956 	EXP 	text: text = 'Which one are you going to buy?'
6.7967 	EXP 	eyetracker.setRecordingState(False)
6.8095 	EXP 	text: height = np.float64(0.05)
6.8095 	EXP 	text: height = np.float64(0.05)
6.8095 	EXP 	text: height = np.float64(0.05)
6.8095 	EXP 	text: text = 'Which one are you going to buy?'
6.8113 	EXP 	eyetracker.setRecordingState(False)
6.8268 	EXP 	text: height = np.float64(0.05)
6.8268 	EXP 	text: height = np.float64(0.05)
6.8268 	EXP 	text: height = np.float64(0.05)
6.8268 	EXP 	text: text = 'Which one are you going to buy?'
6.8284 	EXP 	eyetracker.setRecordingState(False)
6.8428 	EXP 	text: height = np.float64(0.05)
6.8428 	EXP 	text: height = np.float64(0.05)
6.8428 	EXP 	text: height = np.float64(0.05)
6.8428 	EXP 	text: text = 'Which one are you going to buy?'
6.8443 	EXP 	eyetracker.setRecordingState(False)
6.8607 	EXP 	text: height = np.float64(0.05)
6.8607 	EXP 	text: height = np.float64(0.05)
6.8607 	EXP 	text: height = np.float64(0.05)
6.8607 	EXP 	text: text = 'Which one are you going to buy?'
6.8619 	EXP 	eyetracker.setRecordingState(False)
6.8745 	EXP 	text: height = np.float64(0.05)
6.8745 	EXP 	text: height = np.float64(0.05)
6.8745 	EXP 	text: height = np.float64(0.05)
6.8745 	EXP 	text: text = 'Which one are you going to buy?'
6.8763 	EXP 	eyetracker.setRecordingState(False)
6.8909 	EXP 	text: height = np.float64(0.05)
6.8909 	EXP 	text: height = np.float64(0.05)
6.8909 	EXP 	text: height = np.float64(0.05)
6.8909 	EXP 	text: text = 'Which one are you going to buy?'
6.8922 	EXP 	eyetracker.setRecordingState(False)
6.9059 	EXP 	text: height = np.float64(0.05)
6.9059 	EXP 	text: height = np.float64(0.05)
6.9059 	EXP 	text: height = np.float64(0.05)
6.9059 	EXP 	text: text = 'Which one are you going to buy?'
6.9076 	EXP 	eyetracker.setRecordingState(False)
6.9291 	EXP 	text: height = np.float64(0.05)
6.9291 	EXP 	text: height = np.float64(0.05)
6.9291 	EXP 	text: height = np.float64(0.05)
6.9291 	EXP 	text: text = 'Which one are you going to buy?'
6.9310 	EXP 	eyetracker.setRecordingState(False)
6.9509 	EXP 	text: height = np.float64(0.05)
6.9509 	EXP 	text: height = np.float64(0.05)
6.9509 	EXP 	text: height = np.float64(0.05)
6.9509 	EXP 	text: text = 'Which one are you going to buy?'
6.9528 	EXP 	eyetracker.setRecordingState(False)
6.9736 	EXP 	text: height = np.float64(0.05)
6.9736 	EXP 	text: height = np.float64(0.05)
6.9736 	EXP 	text: height = np.float64(0.05)
6.9736 	EXP 	text: text = 'Which one are you going to buy?'
6.9754 	EXP 	eyetracker.setRecordingState(False)
6.9900 	EXP 	text: height = np.float64(0.05)
6.9900 	EXP 	text: height = np.float64(0.05)
6.9900 	EXP 	text: height = np.float64(0.05)
6.9900 	EXP 	text: text = 'Which one are you going to buy?'
6.9912 	EXP 	eyetracker.setRecordingState(False)
7.0036 	EXP 	text: height = np.float64(0.05)
7.0036 	EXP 	text: height = np.float64(0.05)
7.0036 	EXP 	text: height = np.float64(0.05)
7.0036 	EXP 	text: text = 'Which one are you going to buy?'
7.0047 	EXP 	eyetracker.setRecordingState(False)
7.0146 	EXP 	text: height = np.float64(0.05)
7.0146 	EXP 	text: height = np.float64(0.05)
7.0146 	EXP 	text: height = np.float64(0.05)
7.0146 	EXP 	text: text = 'Which one are you going to buy?'
7.0155 	EXP 	eyetracker.setRecordingState(False)
7.0263 	EXP 	text: height = np.float64(0.05)
7.0263 	EXP 	text: height = np.float64(0.05)
7.0263 	EXP 	text: height = np.float64(0.05)
7.0263 	EXP 	text: text = 'Which one are you going to buy?'
7.0277 	EXP 	eyetracker.setRecordingState(False)
7.0420 	EXP 	text: height = np.float64(0.05)
7.0420 	EXP 	text: height = np.float64(0.05)
7.0420 	EXP 	text: height = np.float64(0.05)
7.0420 	EXP 	text: text = 'Which one are you going to buy?'
7.0436 	EXP 	eyetracker.setRecordingState(False)
7.0616 	EXP 	text: height = np.float64(0.05)
7.0616 	EXP 	text: height = np.float64(0.05)
7.0616 	EXP 	text: height = np.float64(0.05)
7.0616 	EXP 	text: text = 'Which one are you going to buy?'
7.0637 	EXP 	eyetracker.setRecordingState(False)
7.0829 	EXP 	text: height = np.float64(0.05)
7.0829 	EXP 	text: height = np.float64(0.05)
7.0829 	EXP 	text: height = np.float64(0.05)
7.0829 	EXP 	text: text = 'Which one are you going to buy?'
7.0844 	EXP 	eyetracker.setRecordingState(False)
7.0984 	EXP 	text: height = np.float64(0.05)
7.0984 	EXP 	text: height = np.float64(0.05)
7.0984 	EXP 	text: height = np.float64(0.05)
7.0984 	EXP 	text: text = 'Which one are you going to buy?'
7.1005 	EXP 	eyetracker.setRecordingState(False)
7.1163 	EXP 	text: height = np.float64(0.05)
7.1163 	EXP 	text: height = np.float64(0.05)
7.1163 	EXP 	text: height = np.float64(0.05)
7.1163 	EXP 	text: text = 'Which one are you going to buy?'
7.1181 	EXP 	eyetracker.setRecordingState(False)
7.1342 	EXP 	text: height = np.float64(0.05)
7.1342 	EXP 	text: height = np.float64(0.05)
7.1342 	EXP 	text: height = np.float64(0.05)
7.1342 	EXP 	text: text = 'Which one are you going to buy?'
7.1359 	EXP 	eyetracker.setRecordingState(False)
7.1539 	EXP 	text: height = np.float64(0.05)
7.1539 	EXP 	text: height = np.float64(0.05)
7.1539 	EXP 	text: height = np.float64(0.05)
7.1539 	EXP 	text: text = 'Which one are you going to buy?'
7.1557 	EXP 	eyetracker.setRecordingState(False)
7.1704 	EXP 	text: height = np.float64(0.05)
7.1704 	EXP 	text: height = np.float64(0.05)
7.1704 	EXP 	text: height = np.float64(0.05)
7.1704 	EXP 	text: text = 'Which one are you going to buy?'
7.1716 	EXP 	eyetracker.setRecordingState(False)
7.1853 	EXP 	text: height = np.float64(0.05)
7.1853 	EXP 	text: height = np.float64(0.05)
7.1853 	EXP 	text: height = np.float64(0.05)
7.1853 	EXP 	text: text = 'Which one are you going to buy?'
7.1873 	EXP 	eyetracker.setRecordingState(False)
7.2032 	EXP 	text: height = np.float64(0.05)
7.2032 	EXP 	text: height = np.float64(0.05)
7.2032 	EXP 	text: height = np.float64(0.05)
7.2032 	EXP 	text: text = 'Which one are you going to buy?'
7.2054 	EXP 	eyetracker.setRecordingState(False)
7.2210 	EXP 	text: height = np.float64(0.05)
7.2210 	EXP 	text: height = np.float64(0.05)
7.2210 	EXP 	text: height = np.float64(0.05)
7.2210 	EXP 	text: text = 'Which one are you going to buy?'
7.2228 	EXP 	eyetracker.setRecordingState(False)
7.2378 	EXP 	text: height = np.float64(0.05)
7.2378 	EXP 	text: height = np.float64(0.05)
7.2378 	EXP 	text: height = np.float64(0.05)
7.2378 	EXP 	text: text = 'Which one are you going to buy?'
7.2396 	EXP 	eyetracker.setRecordingState(False)
7.2518 	EXP 	text: height = np.float64(0.05)
7.2518 	EXP 	text: height = np.float64(0.05)
7.2518 	EXP 	text: height = np.float64(0.05)
7.2518 	EXP 	text: text = 'Which one are you going to buy?'
7.2529 	EXP 	eyetracker.setRecordingState(False)
7.2648 	EXP 	text: height = np.float64(0.05)
7.2648 	EXP 	text: height = np.float64(0.05)
7.2648 	EXP 	text: height = np.float64(0.05)
7.2648 	EXP 	text: text = 'Which one are you going to buy?'
7.2661 	EXP 	eyetracker.setRecordingState(False)
7.2820 	EXP 	text: height = np.float64(0.05)
7.2820 	EXP 	text: height = np.float64(0.05)
7.2820 	EXP 	text: height = np.float64(0.05)
7.2820 	EXP 	text: text = 'Which one are you going to buy?'
7.2834 	EXP 	eyetracker.setRecordingState(False)
7.2981 	EXP 	text: height = np.float64(0.05)
7.2981 	EXP 	text: height = np.float64(0.05)
7.2981 	EXP 	text: height = np.float64(0.05)
7.2981 	EXP 	text: text = 'Which one are you going to buy?'
7.2999 	EXP 	eyetracker.setRecordingState(False)
7.3144 	EXP 	text: height = np.float64(0.05)
7.3144 	EXP 	text: height = np.float64(0.05)
7.3144 	EXP 	text: height = np.float64(0.05)
7.3144 	EXP 	text: text = 'Which one are you going to buy?'
7.3156 	EXP 	eyetracker.setRecordingState(False)
7.3277 	EXP 	text: height = np.float64(0.05)
7.3277 	EXP 	text: height = np.float64(0.05)
7.3277 	EXP 	text: height = np.float64(0.05)
7.3277 	EXP 	text: text = 'Which one are you going to buy?'
7.3290 	EXP 	eyetracker.setRecordingState(False)
7.3404 	EXP 	text: height = np.float64(0.05)
7.3404 	EXP 	text: height = np.float64(0.05)
7.3404 	EXP 	text: height = np.float64(0.05)
7.3404 	EXP 	text: text = 'Which one are you going to buy?'
7.3414 	EXP 	eyetracker.setRecordingState(False)
7.3516 	EXP 	text: height = np.float64(0.05)
7.3516 	EXP 	text: height = np.float64(0.05)
7.3516 	EXP 	text: height = np.float64(0.05)
7.3516 	EXP 	text: text = 'Which one are you going to buy?'
7.3527 	EXP 	eyetracker.setRecordingState(False)
7.3628 	EXP 	text: height = np.float64(0.05)
7.3628 	EXP 	text: height = np.float64(0.05)
7.3628 	EXP 	text: height = np.float64(0.05)
7.3628 	EXP 	text: text = 'Which one are you going to buy?'
7.3642 	EXP 	eyetracker.setRecordingState(False)
7.3742 	EXP 	text: height = np.float64(0.05)
7.3742 	EXP 	text: height = np.float64(0.05)
7.3742 	EXP 	text: height = np.float64(0.05)
7.3742 	EXP 	text: text = 'Which one are you going to buy?'
7.3757 	EXP 	eyetracker.setRecordingState(False)
7.3887 	EXP 	text: height = np.float64(0.05)
7.3887 	EXP 	text: height = np.float64(0.05)
7.3887 	EXP 	text: height = np.float64(0.05)
7.3887 	EXP 	text: text = 'Which one are you going to buy?'
7.3904 	EXP 	eyetracker.setRecordingState(False)
7.4066 	EXP 	text: height = np.float64(0.05)
7.4066 	EXP 	text: height = np.float64(0.05)
7.4066 	EXP 	text: height = np.float64(0.05)
7.4066 	EXP 	text: text = 'Which one are you going to buy?'
7.4082 	EXP 	eyetracker.setRecordingState(False)
7.4250 	EXP 	text: height = np.float64(0.05)
7.4250 	EXP 	text: height = np.float64(0.05)
7.4250 	EXP 	text: height = np.float64(0.05)
7.4250 	EXP 	text: text = 'Which one are you going to buy?'
7.4264 	EXP 	eyetracker.setRecordingState(False)
7.4384 	EXP 	text: height = np.float64(0.05)
7.4384 	EXP 	text: height = np.float64(0.05)
7.4384 	EXP 	text: height = np.float64(0.05)
7.4384 	EXP 	text: text = 'Which one are you going to buy?'
7.4394 	EXP 	eyetracker.setRecordingState(False)
7.4529 	EXP 	text: height = np.float64(0.05)
7.4529 	EXP 	text: height = np.float64(0.05)
7.4529 	EXP 	text: height = np.float64(0.05)
7.4529 	EXP 	text: text = 'Which one are you going to buy?'
7.4546 	EXP 	eyetracker.setRecordingState(False)
7.4708 	EXP 	text: height = np.float64(0.05)
7.4708 	EXP 	text: height = np.float64(0.05)
7.4708 	EXP 	text: height = np.float64(0.05)
7.4708 	EXP 	text: text = 'Which one are you going to buy?'
7.4724 	EXP 	eyetracker.setRecordingState(False)
7.4877 	EXP 	text: height = np.float64(0.05)
7.4877 	EXP 	text: height = np.float64(0.05)
7.4877 	EXP 	text: height = np.float64(0.05)
7.4877 	EXP 	text: text = 'Which one are you going to buy?'
7.4891 	EXP 	eyetracker.setRecordingState(False)
7.5039 	EXP 	text: height = np.float64(0.05)
7.5039 	EXP 	text: height = np.float64(0.05)
7.5039 	EXP 	text: height = np.float64(0.05)
7.5039 	EXP 	text: text = 'Which one are you going to buy?'
7.5057 	EXP 	eyetracker.setRecordingState(False)
7.5209 	EXP 	text: height = np.float64(0.05)
7.5209 	EXP 	text: height = np.float64(0.05)
7.5209 	EXP 	text: height = np.float64(0.05)
7.5209 	EXP 	text: text = 'Which one are you going to buy?'
7.5225 	EXP 	eyetracker.setRecordingState(False)
7.5376 	EXP 	text: height = np.float64(0.05)
7.5376 	EXP 	text: height = np.float64(0.05)
7.5376 	EXP 	text: height = np.float64(0.05)
7.5376 	EXP 	text: text = 'Which one are you going to buy?'
7.5395 	EXP 	eyetracker.setRecordingState(False)
7.5552 	EXP 	text: height = np.float64(0.05)
7.5552 	EXP 	text: height = np.float64(0.05)
7.5552 	EXP 	text: height = np.float64(0.05)
7.5552 	EXP 	text: text = 'Which one are you going to buy?'
7.5565 	EXP 	eyetracker.setRecordingState(False)
7.5694 	EXP 	text: height = np.float64(0.05)
7.5694 	EXP 	text: height = np.float64(0.05)
7.5694 	EXP 	text: height = np.float64(0.05)
7.5694 	EXP 	text: text = 'Which one are you going to buy?'
7.5711 	EXP 	eyetracker.setRecordingState(False)
7.5854 	EXP 	text: height = np.float64(0.05)
7.5854 	EXP 	text: height = np.float64(0.05)
7.5854 	EXP 	text: height = np.float64(0.05)
7.5854 	EXP 	text: text = 'Which one are you going to buy?'
7.5873 	EXP 	eyetracker.setRecordingState(False)
7.6019 	EXP 	text: height = np.float64(0.05)
7.6019 	EXP 	text: height = np.float64(0.05)
7.6019 	EXP 	text: height = np.float64(0.05)
7.6019 	EXP 	text: text = 'Which one are you going to buy?'
7.6035 	EXP 	eyetracker.setRecordingState(False)
7.6162 	EXP 	text: height = np.float64(0.05)
7.6162 	EXP 	text: height = np.float64(0.05)
7.6162 	EXP 	text: height = np.float64(0.05)
7.6162 	EXP 	text: text = 'Which one are you going to buy?'
7.6174 	EXP 	eyetracker.setRecordingState(False)
7.6288 	EXP 	text: height = np.float64(0.05)
7.6288 	EXP 	text: height = np.float64(0.05)
7.6288 	EXP 	text: height = np.float64(0.05)
7.6288 	EXP 	text: text = 'Which one are you going to buy?'
7.6300 	EXP 	eyetracker.setRecordingState(False)
7.6469 	EXP 	text: height = np.float64(0.05)
7.6469 	EXP 	text: height = np.float64(0.05)
7.6469 	EXP 	text: height = np.float64(0.05)
7.6469 	EXP 	text: text = 'Which one are you going to buy?'
7.6486 	EXP 	eyetracker.setRecordingState(False)
7.6632 	EXP 	text: height = np.float64(0.05)
7.6632 	EXP 	text: height = np.float64(0.05)
7.6632 	EXP 	text: height = np.float64(0.05)
7.6632 	EXP 	text: text = 'Which one are you going to buy?'
7.6649 	EXP 	eyetracker.setRecordingState(False)
7.6799 	EXP 	text: height = np.float64(0.05)
7.6799 	EXP 	text: height = np.float64(0.05)
7.6799 	EXP 	text: height = np.float64(0.05)
7.6799 	EXP 	text: text = 'Which one are you going to buy?'
7.6817 	EXP 	eyetracker.setRecordingState(False)
7.6980 	EXP 	text: height = np.float64(0.05)
7.6980 	EXP 	text: height = np.float64(0.05)
7.6980 	EXP 	text: height = np.float64(0.05)
7.6980 	EXP 	text: text = 'Which one are you going to buy?'
7.6997 	EXP 	eyetracker.setRecordingState(False)
7.7129 	EXP 	text: height = np.float64(0.05)
7.7129 	EXP 	text: height = np.float64(0.05)
7.7129 	EXP 	text: height = np.float64(0.05)
7.7129 	EXP 	text: text = 'Which one are you going to buy?'
7.7143 	EXP 	eyetracker.setRecordingState(False)
7.7256 	EXP 	text: height = np.float64(0.05)
7.7256 	EXP 	text: height = np.float64(0.05)
7.7256 	EXP 	text: height = np.float64(0.05)
7.7256 	EXP 	text: text = 'Which one are you going to buy?'
7.7266 	EXP 	eyetracker.setRecordingState(False)
7.7373 	EXP 	text: height = np.float64(0.05)
7.7373 	EXP 	text: height = np.float64(0.05)
7.7373 	EXP 	text: height = np.float64(0.05)
7.7373 	EXP 	text: text = 'Which one are you going to buy?'
7.7389 	EXP 	eyetracker.setRecordingState(False)
7.7537 	EXP 	text: height = np.float64(0.05)
7.7537 	EXP 	text: height = np.float64(0.05)
7.7537 	EXP 	text: height = np.float64(0.05)
7.7537 	EXP 	text: text = 'Which one are you going to buy?'
7.7554 	EXP 	eyetracker.setRecordingState(False)
7.7709 	EXP 	text: height = np.float64(0.05)
7.7709 	EXP 	text: height = np.float64(0.05)
7.7709 	EXP 	text: height = np.float64(0.05)
7.7709 	EXP 	text: text = 'Which one are you going to buy?'
7.7726 	EXP 	eyetracker.setRecordingState(False)
7.7901 	EXP 	text: height = np.float64(0.05)
7.7901 	EXP 	text: height = np.float64(0.05)
7.7901 	EXP 	text: height = np.float64(0.05)
7.7901 	EXP 	text: text = 'Which one are you going to buy?'
7.7917 	EXP 	eyetracker.setRecordingState(False)
7.8050 	EXP 	text: height = np.float64(0.05)
7.8050 	EXP 	text: height = np.float64(0.05)
7.8050 	EXP 	text: height = np.float64(0.05)
7.8050 	EXP 	text: text = 'Which one are you going to buy?'
7.8065 	EXP 	eyetracker.setRecordingState(False)
7.8191 	EXP 	text: height = np.float64(0.05)
7.8191 	EXP 	text: height = np.float64(0.05)
7.8191 	EXP 	text: height = np.float64(0.05)
7.8191 	EXP 	text: text = 'Which one are you going to buy?'
7.8205 	EXP 	eyetracker.setRecordingState(False)
7.8355 	EXP 	text: height = np.float64(0.05)
7.8355 	EXP 	text: height = np.float64(0.05)
7.8355 	EXP 	text: height = np.float64(0.05)
7.8355 	EXP 	text: text = 'Which one are you going to buy?'
7.8372 	EXP 	eyetracker.setRecordingState(False)
7.8539 	EXP 	text: height = np.float64(0.05)
7.8539 	EXP 	text: height = np.float64(0.05)
7.8539 	EXP 	text: height = np.float64(0.05)
7.8539 	EXP 	text: text = 'Which one are you going to buy?'
7.8560 	EXP 	eyetracker.setRecordingState(False)
7.8718 	EXP 	text: height = np.float64(0.05)
7.8718 	EXP 	text: height = np.float64(0.05)
7.8718 	EXP 	text: height = np.float64(0.05)
7.8718 	EXP 	text: text = 'Which one are you going to buy?'
7.8734 	EXP 	eyetracker.setRecordingState(False)
7.8880 	EXP 	text: height = np.float64(0.05)
7.8880 	EXP 	text: height = np.float64(0.05)
7.8880 	EXP 	text: height = np.float64(0.05)
7.8880 	EXP 	text: text = 'Which one are you going to buy?'
7.8897 	EXP 	eyetracker.setRecordingState(False)
7.9074 	EXP 	text: height = np.float64(0.05)
7.9074 	EXP 	text: height = np.float64(0.05)
7.9074 	EXP 	text: height = np.float64(0.05)
7.9074 	EXP 	text: text = 'Which one are you going to buy?'
7.9088 	EXP 	eyetracker.setRecordingState(False)
7.9233 	EXP 	text: height = np.float64(0.05)
7.9233 	EXP 	text: height = np.float64(0.05)
7.9233 	EXP 	text: height = np.float64(0.05)
7.9233 	EXP 	text: text = 'Which one are you going to buy?'
7.9250 	EXP 	eyetracker.setRecordingState(False)
7.9416 	EXP 	text: height = np.float64(0.05)
7.9416 	EXP 	text: height = np.float64(0.05)
7.9416 	EXP 	text: height = np.float64(0.05)
7.9416 	EXP 	text: text = 'Which one are you going to buy?'
7.9434 	EXP 	eyetracker.setRecordingState(False)
7.9590 	EXP 	text: height = np.float64(0.05)
7.9590 	EXP 	text: height = np.float64(0.05)
7.9590 	EXP 	text: height = np.float64(0.05)
7.9590 	EXP 	text: text = 'Which one are you going to buy?'
7.9612 	EXP 	eyetracker.setRecordingState(False)
7.9764 	EXP 	text: height = np.float64(0.05)
7.9764 	EXP 	text: height = np.float64(0.05)
7.9764 	EXP 	text: height = np.float64(0.05)
7.9764 	EXP 	text: text = 'Which one are you going to buy?'
7.9784 	EXP 	eyetracker.setRecordingState(False)
7.9946 	EXP 	text: height = np.float64(0.05)
7.9946 	EXP 	text: height = np.float64(0.05)
7.9946 	EXP 	text: height = np.float64(0.05)
7.9946 	EXP 	text: text = 'Which one are you going to buy?'
7.9961 	EXP 	eyetracker.setRecordingState(False)
8.0100 	EXP 	text: height = np.float64(0.05)
8.0100 	EXP 	text: height = np.float64(0.05)
8.0100 	EXP 	text: height = np.float64(0.05)
8.0100 	EXP 	text: text = 'Which one are you going to buy?'
8.0117 	EXP 	eyetracker.setRecordingState(False)
8.0268 	EXP 	text: height = np.float64(0.05)
8.0268 	EXP 	text: height = np.float64(0.05)
8.0268 	EXP 	text: height = np.float64(0.05)
8.0268 	EXP 	text: text = 'Which one are you going to buy?'
8.0285 	EXP 	eyetracker.setRecordingState(False)
8.0441 	EXP 	text: height = np.float64(0.05)
8.0441 	EXP 	text: height = np.float64(0.05)
8.0441 	EXP 	text: height = np.float64(0.05)
8.0441 	EXP 	text: text = 'Which one are you going to buy?'
8.0458 	EXP 	eyetracker.setRecordingState(False)
8.0585 	EXP 	text: height = np.float64(0.05)
8.0585 	EXP 	text: height = np.float64(0.05)
8.0585 	EXP 	text: height = np.float64(0.05)
8.0585 	EXP 	text: text = 'Which one are you going to buy?'
8.0602 	EXP 	eyetracker.setRecordingState(False)
8.0733 	EXP 	text: height = np.float64(0.05)
8.0733 	EXP 	text: height = np.float64(0.05)
8.0733 	EXP 	text: height = np.float64(0.05)
8.0733 	EXP 	text: text = 'Which one are you going to buy?'
8.0743 	EXP 	eyetracker.setRecordingState(False)
8.0866 	EXP 	text: height = np.float64(0.05)
8.0866 	EXP 	text: height = np.float64(0.05)
8.0866 	EXP 	text: height = np.float64(0.05)
8.0866 	EXP 	text: text = 'Which one are you going to buy?'
8.0883 	EXP 	eyetracker.setRecordingState(False)
8.1027 	EXP 	text: height = np.float64(0.05)
8.1027 	EXP 	text: height = np.float64(0.05)
8.1027 	EXP 	text: height = np.float64(0.05)
8.1027 	EXP 	text: text = 'Which one are you going to buy?'
8.1042 	EXP 	eyetracker.setRecordingState(False)
8.1181 	EXP 	text: height = np.float64(0.05)
8.1181 	EXP 	text: height = np.float64(0.05)
8.1181 	EXP 	text: height = np.float64(0.05)
8.1181 	EXP 	text: text = 'Which one are you going to buy?'
8.1197 	EXP 	eyetracker.setRecordingState(False)
8.1349 	EXP 	text: height = np.float64(0.05)
8.1349 	EXP 	text: height = np.float64(0.05)
8.1349 	EXP 	text: height = np.float64(0.05)
8.1349 	EXP 	text: text = 'Which one are you going to buy?'
8.1366 	EXP 	eyetracker.setRecordingState(False)
8.1513 	EXP 	text: height = np.float64(0.05)
8.1513 	EXP 	text: height = np.float64(0.05)
8.1513 	EXP 	text: height = np.float64(0.05)
8.1513 	EXP 	text: text = 'Which one are you going to buy?'
8.1528 	EXP 	eyetracker.setRecordingState(False)
8.1645 	EXP 	text: height = np.float64(0.05)
8.1645 	EXP 	text: height = np.float64(0.05)
8.1645 	EXP 	text: height = np.float64(0.05)
8.1645 	EXP 	text: text = 'Which one are you going to buy?'
8.1660 	EXP 	eyetracker.setRecordingState(False)
8.1805 	EXP 	text: height = np.float64(0.05)
8.1805 	EXP 	text: height = np.float64(0.05)
8.1805 	EXP 	text: height = np.float64(0.05)
8.1805 	EXP 	text: text = 'Which one are you going to buy?'
8.1824 	EXP 	eyetracker.setRecordingState(False)
8.1987 	EXP 	text: height = np.float64(0.05)
8.1987 	EXP 	text: height = np.float64(0.05)
8.1987 	EXP 	text: height = np.float64(0.05)
8.1987 	EXP 	text: text = 'Which one are you going to buy?'
8.2001 	EXP 	eyetracker.setRecordingState(False)
8.2141 	EXP 	text: height = np.float64(0.05)
8.2141 	EXP 	text: height = np.float64(0.05)
8.2141 	EXP 	text: height = np.float64(0.05)
8.2141 	EXP 	text: text = 'Which one are you going to buy?'
8.2159 	EXP 	eyetracker.setRecordingState(False)
8.2346 	EXP 	text: height = np.float64(0.05)
8.2346 	EXP 	text: height = np.float64(0.05)
8.2346 	EXP 	text: height = np.float64(0.05)
8.2346 	EXP 	text: text = 'Which one are you going to buy?'
8.2367 	EXP 	eyetracker.setRecordingState(False)
8.2559 	EXP 	text: height = np.float64(0.05)
8.2559 	EXP 	text: height = np.float64(0.05)
8.2559 	EXP 	text: height = np.float64(0.05)
8.2559 	EXP 	text: text = 'Which one are you going to buy?'
8.2578 	EXP 	eyetracker.setRecordingState(False)
8.2749 	EXP 	text: height = np.float64(0.05)
8.2749 	EXP 	text: height = np.float64(0.05)
8.2749 	EXP 	text: height = np.float64(0.05)
8.2749 	EXP 	text: text = 'Which one are you going to buy?'
8.2763 	EXP 	eyetracker.setRecordingState(False)
8.2923 	EXP 	text: height = np.float64(0.05)
8.2923 	EXP 	text: height = np.float64(0.05)
8.2923 	EXP 	text: height = np.float64(0.05)
8.2923 	EXP 	text: text = 'Which one are you going to buy?'
8.2941 	EXP 	eyetracker.setRecordingState(False)
8.3107 	EXP 	text: height = np.float64(0.05)
8.3107 	EXP 	text: height = np.float64(0.05)
8.3107 	EXP 	text: height = np.float64(0.05)
8.3107 	EXP 	text: text = 'Which one are you going to buy?'
8.3126 	EXP 	eyetracker.setRecordingState(False)
8.3297 	EXP 	text: height = np.float64(0.05)
8.3297 	EXP 	text: height = np.float64(0.05)
8.3297 	EXP 	text: height = np.float64(0.05)
8.3297 	EXP 	text: text = 'Which one are you going to buy?'
8.3310 	EXP 	eyetracker.setRecordingState(False)
8.3429 	EXP 	text: height = np.float64(0.05)
8.3429 	EXP 	text: height = np.float64(0.05)
8.3429 	EXP 	text: height = np.float64(0.05)
8.3429 	EXP 	text: text = 'Which one are you going to buy?'
8.3441 	EXP 	eyetracker.setRecordingState(False)
8.3551 	EXP 	text: height = np.float64(0.05)
8.3551 	EXP 	text: height = np.float64(0.05)
8.3551 	EXP 	text: height = np.float64(0.05)
8.3551 	EXP 	text: text = 'Which one are you going to buy?'
8.3562 	EXP 	eyetracker.setRecordingState(False)
8.3659 	EXP 	text: height = np.float64(0.05)
8.3659 	EXP 	text: height = np.float64(0.05)
8.3659 	EXP 	text: height = np.float64(0.05)
8.3659 	EXP 	text: text = 'Which one are you going to buy?'
8.3668 	EXP 	eyetracker.setRecordingState(False)
8.3786 	EXP 	text: height = np.float64(0.05)
8.3786 	EXP 	text: height = np.float64(0.05)
8.3786 	EXP 	text: height = np.float64(0.05)
8.3786 	EXP 	text: text = 'Which one are you going to buy?'
8.3801 	EXP 	eyetracker.setRecordingState(False)
8.3925 	EXP 	text: height = np.float64(0.05)
8.3925 	EXP 	text: height = np.float64(0.05)
8.3925 	EXP 	text: height = np.float64(0.05)
8.3925 	EXP 	text: text = 'Which one are you going to buy?'
8.3936 	EXP 	eyetracker.setRecordingState(False)
8.4044 	EXP 	text: height = np.float64(0.05)
8.4044 	EXP 	text: height = np.float64(0.05)
8.4044 	EXP 	text: height = np.float64(0.05)
8.4044 	EXP 	text: text = 'Which one are you going to buy?'
8.4056 	EXP 	eyetracker.setRecordingState(False)
8.4157 	EXP 	text: height = np.float64(0.05)
8.4157 	EXP 	text: height = np.float64(0.05)
8.4157 	EXP 	text: height = np.float64(0.05)
8.4157 	EXP 	text: text = 'Which one are you going to buy?'
8.4167 	EXP 	eyetracker.setRecordingState(False)
8.4270 	EXP 	text: height = np.float64(0.05)
8.4270 	EXP 	text: height = np.float64(0.05)
8.4270 	EXP 	text: height = np.float64(0.05)
8.4270 	EXP 	text: text = 'Which one are you going to buy?'
8.4282 	EXP 	eyetracker.setRecordingState(False)
8.4411 	EXP 	text: height = np.float64(0.05)
8.4411 	EXP 	text: height = np.float64(0.05)
8.4411 	EXP 	text: height = np.float64(0.05)
8.4411 	EXP 	text: text = 'Which one are you going to buy?'
8.4423 	EXP 	eyetracker.setRecordingState(False)
8.4527 	EXP 	text: height = np.float64(0.05)
8.4527 	EXP 	text: height = np.float64(0.05)
8.4527 	EXP 	text: height = np.float64(0.05)
8.4527 	EXP 	text: text = 'Which one are you going to buy?'
8.4538 	EXP 	eyetracker.setRecordingState(False)
8.4636 	EXP 	text: height = np.float64(0.05)
8.4636 	EXP 	text: height = np.float64(0.05)
8.4636 	EXP 	text: height = np.float64(0.05)
8.4636 	EXP 	text: text = 'Which one are you going to buy?'
8.4645 	EXP 	eyetracker.setRecordingState(False)
8.4743 	EXP 	text: height = np.float64(0.05)
8.4743 	EXP 	text: height = np.float64(0.05)
8.4743 	EXP 	text: height = np.float64(0.05)
8.4743 	EXP 	text: text = 'Which one are you going to buy?'
8.4752 	EXP 	eyetracker.setRecordingState(False)
8.4859 	EXP 	text: height = np.float64(0.05)
8.4859 	EXP 	text: height = np.float64(0.05)
8.4859 	EXP 	text: height = np.float64(0.05)
8.4859 	EXP 	text: text = 'Which one are you going to buy?'
8.4872 	EXP 	eyetracker.setRecordingState(False)
8.5005 	EXP 	text: height = np.float64(0.05)
8.5005 	EXP 	text: height = np.float64(0.05)
8.5005 	EXP 	text: height = np.float64(0.05)
8.5005 	EXP 	text: text = 'Which one are you going to buy?'
8.5025 	EXP 	eyetracker.setRecordingState(False)
8.5172 	EXP 	text: height = np.float64(0.05)
8.5172 	EXP 	text: height = np.float64(0.05)
8.5172 	EXP 	text: height = np.float64(0.05)
8.5172 	EXP 	text: text = 'Which one are you going to buy?'
8.5185 	EXP 	eyetracker.setRecordingState(False)
8.5310 	EXP 	text: height = np.float64(0.05)
8.5310 	EXP 	text: height = np.float64(0.05)
8.5310 	EXP 	text: height = np.float64(0.05)
8.5310 	EXP 	text: text = 'Which one are you going to buy?'
8.5327 	EXP 	eyetracker.setRecordingState(False)
8.5470 	EXP 	text: height = np.float64(0.05)
8.5470 	EXP 	text: height = np.float64(0.05)
8.5470 	EXP 	text: height = np.float64(0.05)
8.5470 	EXP 	text: text = 'Which one are you going to buy?'
8.5487 	EXP 	eyetracker.setRecordingState(False)
8.5650 	EXP 	text: height = np.float64(0.05)
8.5650 	EXP 	text: height = np.float64(0.05)
8.5650 	EXP 	text: height = np.float64(0.05)
8.5650 	EXP 	text: text = 'Which one are you going to buy?'
8.5670 	EXP 	eyetracker.setRecordingState(False)
8.5821 	EXP 	text: height = np.float64(0.05)
8.5821 	EXP 	text: height = np.float64(0.05)
8.5821 	EXP 	text: height = np.float64(0.05)
8.5821 	EXP 	text: text = 'Which one are you going to buy?'
8.5838 	EXP 	eyetracker.setRecordingState(False)
8.5970 	EXP 	text: height = np.float64(0.05)
8.5970 	EXP 	text: height = np.float64(0.05)
8.5970 	EXP 	text: height = np.float64(0.05)
8.5970 	EXP 	text: text = 'Which one are you going to buy?'
8.5983 	EXP 	eyetracker.setRecordingState(False)
8.6090 	EXP 	text: height = np.float64(0.05)
8.6090 	EXP 	text: height = np.float64(0.05)
8.6090 	EXP 	text: height = np.float64(0.05)
8.6090 	EXP 	text: text = 'Which one are you going to buy?'
8.6100 	EXP 	eyetracker.setRecordingState(False)
8.6205 	EXP 	text: height = np.float64(0.05)
8.6205 	EXP 	text: height = np.float64(0.05)
8.6205 	EXP 	text: height = np.float64(0.05)
8.6205 	EXP 	text: text = 'Which one are you going to buy?'
8.6214 	EXP 	eyetracker.setRecordingState(False)
8.6318 	EXP 	text: height = np.float64(0.05)
8.6318 	EXP 	text: height = np.float64(0.05)
8.6318 	EXP 	text: height = np.float64(0.05)
8.6318 	EXP 	text: text = 'Which one are you going to buy?'
8.6332 	EXP 	eyetracker.setRecordingState(False)
8.6459 	EXP 	text: height = np.float64(0.05)
8.6459 	EXP 	text: height = np.float64(0.05)
8.6459 	EXP 	text: height = np.float64(0.05)
8.6459 	EXP 	text: text = 'Which one are you going to buy?'
8.6471 	EXP 	eyetracker.setRecordingState(False)
8.6597 	EXP 	text: height = np.float64(0.05)
8.6597 	EXP 	text: height = np.float64(0.05)
8.6597 	EXP 	text: height = np.float64(0.05)
8.6597 	EXP 	text: text = 'Which one are you going to buy?'
8.6613 	EXP 	eyetracker.setRecordingState(False)
8.6756 	EXP 	text: height = np.float64(0.05)
8.6756 	EXP 	text: height = np.float64(0.05)
8.6756 	EXP 	text: height = np.float64(0.05)
8.6756 	EXP 	text: text = 'Which one are you going to buy?'
8.6772 	EXP 	eyetracker.setRecordingState(False)
8.6905 	EXP 	text: height = np.float64(0.05)
8.6905 	EXP 	text: height = np.float64(0.05)
8.6905 	EXP 	text: height = np.float64(0.05)
8.6905 	EXP 	text: text = 'Which one are you going to buy?'
8.6920 	EXP 	eyetracker.setRecordingState(False)
8.7047 	EXP 	text: height = np.float64(0.05)
8.7047 	EXP 	text: height = np.float64(0.05)
8.7047 	EXP 	text: height = np.float64(0.05)
8.7047 	EXP 	text: text = 'Which one are you going to buy?'
8.7063 	EXP 	eyetracker.setRecordingState(False)
8.7208 	EXP 	text: height = np.float64(0.05)
8.7208 	EXP 	text: height = np.float64(0.05)
8.7208 	EXP 	text: height = np.float64(0.05)
8.7208 	EXP 	text: text = 'Which one are you going to buy?'
8.7221 	EXP 	eyetracker.setRecordingState(False)
8.7357 	EXP 	text: height = np.float64(0.05)
8.7357 	EXP 	text: height = np.float64(0.05)
8.7357 	EXP 	text: height = np.float64(0.05)
8.7357 	EXP 	text: text = 'Which one are you going to buy?'
8.7374 	EXP 	eyetracker.setRecordingState(False)
8.7539 	EXP 	text: height = np.float64(0.05)
8.7539 	EXP 	text: height = np.float64(0.05)
8.7539 	EXP 	text: height = np.float64(0.05)
8.7539 	EXP 	text: text = 'Which one are you going to buy?'
8.7553 	EXP 	eyetracker.setRecordingState(False)
8.7674 	EXP 	text: height = np.float64(0.05)
8.7674 	EXP 	text: height = np.float64(0.05)
8.7674 	EXP 	text: height = np.float64(0.05)
8.7674 	EXP 	text: text = 'Which one are you going to buy?'
8.7685 	EXP 	eyetracker.setRecordingState(False)
8.7808 	EXP 	text: height = np.float64(0.05)
8.7808 	EXP 	text: height = np.float64(0.05)
8.7808 	EXP 	text: height = np.float64(0.05)
8.7808 	EXP 	text: text = 'Which one are you going to buy?'
8.7825 	EXP 	eyetracker.setRecordingState(False)
8.7976 	EXP 	text: height = np.float64(0.05)
8.7976 	EXP 	text: height = np.float64(0.05)
8.7976 	EXP 	text: height = np.float64(0.05)
8.7976 	EXP 	text: text = 'Which one are you going to buy?'
8.7994 	EXP 	eyetracker.setRecordingState(False)
8.8141 	EXP 	text: height = np.float64(0.05)
8.8141 	EXP 	text: height = np.float64(0.05)
8.8141 	EXP 	text: height = np.float64(0.05)
8.8141 	EXP 	text: text = 'Which one are you going to buy?'
8.8163 	EXP 	eyetracker.setRecordingState(False)
8.8326 	EXP 	text: height = np.float64(0.05)
8.8326 	EXP 	text: height = np.float64(0.05)
8.8326 	EXP 	text: height = np.float64(0.05)
8.8326 	EXP 	text: text = 'Which one are you going to buy?'
8.8342 	EXP 	eyetracker.setRecordingState(False)
8.8461 	EXP 	text: height = np.float64(0.05)
8.8461 	EXP 	text: height = np.float64(0.05)
8.8461 	EXP 	text: height = np.float64(0.05)
8.8461 	EXP 	text: text = 'Which one are you going to buy?'
8.8475 	EXP 	eyetracker.setRecordingState(False)
8.8587 	EXP 	text: height = np.float64(0.05)
8.8587 	EXP 	text: height = np.float64(0.05)
8.8587 	EXP 	text: height = np.float64(0.05)
8.8587 	EXP 	text: text = 'Which one are you going to buy?'
8.8601 	EXP 	eyetracker.setRecordingState(False)
8.8743 	EXP 	text: height = np.float64(0.05)
8.8743 	EXP 	text: height = np.float64(0.05)
8.8743 	EXP 	text: height = np.float64(0.05)
8.8743 	EXP 	text: text = 'Which one are you going to buy?'
8.8754 	EXP 	eyetracker.setRecordingState(False)
8.8889 	EXP 	text: height = np.float64(0.05)
8.8889 	EXP 	text: height = np.float64(0.05)
8.8889 	EXP 	text: height = np.float64(0.05)
8.8889 	EXP 	text: text = 'Which one are you going to buy?'
8.8904 	EXP 	eyetracker.setRecordingState(False)
8.9021 	EXP 	text: height = np.float64(0.05)
8.9021 	EXP 	text: height = np.float64(0.05)
8.9021 	EXP 	text: height = np.float64(0.05)
8.9021 	EXP 	text: text = 'Which one are you going to buy?'
8.9032 	EXP 	eyetracker.setRecordingState(False)
8.9172 	EXP 	text: height = np.float64(0.05)
8.9172 	EXP 	text: height = np.float64(0.05)
8.9172 	EXP 	text: height = np.float64(0.05)
8.9172 	EXP 	text: text = 'Which one are you going to buy?'
8.9188 	EXP 	eyetracker.setRecordingState(False)
8.9328 	EXP 	text: height = np.float64(0.05)
8.9328 	EXP 	text: height = np.float64(0.05)
8.9328 	EXP 	text: height = np.float64(0.05)
8.9328 	EXP 	text: text = 'Which one are you going to buy?'
8.9347 	EXP 	eyetracker.setRecordingState(False)
8.9517 	EXP 	text: height = np.float64(0.05)
8.9517 	EXP 	text: height = np.float64(0.05)
8.9517 	EXP 	text: height = np.float64(0.05)
8.9517 	EXP 	text: text = 'Which one are you going to buy?'
8.9535 	EXP 	eyetracker.setRecordingState(False)
8.9690 	EXP 	text: height = np.float64(0.05)
8.9690 	EXP 	text: height = np.float64(0.05)
8.9690 	EXP 	text: height = np.float64(0.05)
8.9690 	EXP 	text: text = 'Which one are you going to buy?'
8.9706 	EXP 	eyetracker.setRecordingState(False)
8.9889 	EXP 	text: height = np.float64(0.05)
8.9889 	EXP 	text: height = np.float64(0.05)
8.9889 	EXP 	text: height = np.float64(0.05)
8.9889 	EXP 	text: text = 'Which one are you going to buy?'
8.9907 	EXP 	eyetracker.setRecordingState(False)
9.0091 	EXP 	text: height = np.float64(0.05)
9.0091 	EXP 	text: height = np.float64(0.05)
9.0091 	EXP 	text: height = np.float64(0.05)
9.0091 	EXP 	text: text = 'Which one are you going to buy?'
9.0110 	EXP 	eyetracker.setRecordingState(False)
9.0284 	EXP 	text: height = np.float64(0.05)
9.0284 	EXP 	text: height = np.float64(0.05)
9.0284 	EXP 	text: height = np.float64(0.05)
9.0284 	EXP 	text: text = 'Which one are you going to buy?'
9.0304 	EXP 	eyetracker.setRecordingState(False)
9.0531 	EXP 	text: height = np.float64(0.05)
9.0531 	EXP 	text: height = np.float64(0.05)
9.0531 	EXP 	text: height = np.float64(0.05)
9.0531 	EXP 	text: text = 'Which one are you going to buy?'
9.0550 	EXP 	eyetracker.setRecordingState(False)
9.0703 	EXP 	text: height = np.float64(0.05)
9.0703 	EXP 	text: height = np.float64(0.05)
9.0703 	EXP 	text: height = np.float64(0.05)
9.0703 	EXP 	text: text = 'Which one are you going to buy?'
9.0714 	EXP 	eyetracker.setRecordingState(False)
9.0907 	EXP 	text: height = np.float64(0.05)
9.0907 	EXP 	text: height = np.float64(0.05)
9.0907 	EXP 	text: height = np.float64(0.05)
9.0907 	EXP 	text: text = 'Which one are you going to buy?'
9.0918 	EXP 	eyetracker.setRecordingState(False)
9.1041 	EXP 	text: height = np.float64(0.05)
9.1041 	EXP 	text: height = np.float64(0.05)
9.1041 	EXP 	text: height = np.float64(0.05)
9.1041 	EXP 	text: text = 'Which one are you going to buy?'
9.1051 	EXP 	eyetracker.setRecordingState(False)
9.1154 	EXP 	text: height = np.float64(0.05)
9.1154 	EXP 	text: height = np.float64(0.05)
9.1154 	EXP 	text: height = np.float64(0.05)
9.1154 	EXP 	text: text = 'Which one are you going to buy?'
9.1165 	EXP 	eyetracker.setRecordingState(False)
9.1268 	EXP 	text: height = np.float64(0.05)
9.1268 	EXP 	text: height = np.float64(0.05)
9.1268 	EXP 	text: height = np.float64(0.05)
9.1268 	EXP 	text: text = 'Which one are you going to buy?'
9.1277 	EXP 	eyetracker.setRecordingState(False)
9.1397 	EXP 	text: height = np.float64(0.05)
9.1397 	EXP 	text: height = np.float64(0.05)
9.1397 	EXP 	text: height = np.float64(0.05)
9.1397 	EXP 	text: text = 'Which one are you going to buy?'
9.1414 	EXP 	eyetracker.setRecordingState(False)
9.1581 	EXP 	text: height = np.float64(0.05)
9.1581 	EXP 	text: height = np.float64(0.05)
9.1581 	EXP 	text: height = np.float64(0.05)
9.1581 	EXP 	text: text = 'Which one are you going to buy?'
9.1599 	EXP 	eyetracker.setRecordingState(False)
9.1753 	EXP 	text: height = np.float64(0.05)
9.1753 	EXP 	text: height = np.float64(0.05)
9.1753 	EXP 	text: height = np.float64(0.05)
9.1753 	EXP 	text: text = 'Which one are you going to buy?'
9.1768 	EXP 	eyetracker.setRecordingState(False)
9.1901 	EXP 	text: height = np.float64(0.05)
9.1901 	EXP 	text: height = np.float64(0.05)
9.1901 	EXP 	text: height = np.float64(0.05)
9.1901 	EXP 	text: text = 'Which one are you going to buy?'
9.1914 	EXP 	eyetracker.setRecordingState(False)
9.2063 	EXP 	text: height = np.float64(0.05)
9.2063 	EXP 	text: height = np.float64(0.05)
9.2063 	EXP 	text: height = np.float64(0.05)
9.2063 	EXP 	text: text = 'Which one are you going to buy?'
9.2085 	EXP 	eyetracker.setRecordingState(False)
9.2255 	EXP 	text: height = np.float64(0.05)
9.2255 	EXP 	text: height = np.float64(0.05)
9.2255 	EXP 	text: height = np.float64(0.05)
9.2255 	EXP 	text: text = 'Which one are you going to buy?'
9.2274 	EXP 	eyetracker.setRecordingState(False)
9.2426 	EXP 	text: height = np.float64(0.05)
9.2426 	EXP 	text: height = np.float64(0.05)
9.2426 	EXP 	text: height = np.float64(0.05)
9.2426 	EXP 	text: text = 'Which one are you going to buy?'
9.2441 	EXP 	eyetracker.setRecordingState(False)
9.2562 	EXP 	text: height = np.float64(0.05)
9.2562 	EXP 	text: height = np.float64(0.05)
9.2562 	EXP 	text: height = np.float64(0.05)
9.2562 	EXP 	text: text = 'Which one are you going to buy?'
9.2573 	EXP 	eyetracker.setRecordingState(False)
9.2682 	EXP 	text: height = np.float64(0.05)
9.2682 	EXP 	text: height = np.float64(0.05)
9.2682 	EXP 	text: height = np.float64(0.05)
9.2682 	EXP 	text: text = 'Which one are you going to buy?'
9.2701 	EXP 	eyetracker.setRecordingState(False)
9.2854 	EXP 	text: height = np.float64(0.05)
9.2854 	EXP 	text: height = np.float64(0.05)
9.2854 	EXP 	text: height = np.float64(0.05)
9.2854 	EXP 	text: text = 'Which one are you going to buy?'
9.2869 	EXP 	eyetracker.setRecordingState(False)
9.3085 	EXP 	text: height = np.float64(0.05)
9.3085 	EXP 	text: height = np.float64(0.05)
9.3085 	EXP 	text: height = np.float64(0.05)
9.3085 	EXP 	text: text = 'Which one are you going to buy?'
9.3092 	EXP 	eyetracker.setRecordingState(False)
9.3358 	EXP 	text: height = np.float64(0.05)
9.3358 	EXP 	text: height = np.float64(0.05)
9.3358 	EXP 	text: height = np.float64(0.05)
9.3358 	EXP 	text: text = 'Which one are you going to buy?'
9.3388 	EXP 	eyetracker.setRecordingState(False)
9.3674 	EXP 	text: height = np.float64(0.05)
9.3674 	EXP 	text: height = np.float64(0.05)
9.3674 	EXP 	text: height = np.float64(0.05)
9.3674 	EXP 	text: text = 'Which one are you going to buy?'
9.3698 	EXP 	eyetracker.setRecordingState(False)
9.3952 	EXP 	text: height = np.float64(0.05)
9.3952 	EXP 	text: height = np.float64(0.05)
9.3952 	EXP 	text: height = np.float64(0.05)
9.3952 	EXP 	text: text = 'Which one are you going to buy?'
9.3976 	EXP 	eyetracker.setRecordingState(False)
9.4261 	EXP 	text: height = np.float64(0.05)
9.4261 	EXP 	text: height = np.float64(0.05)
9.4261 	EXP 	text: height = np.float64(0.05)
9.4261 	EXP 	text: text = 'Which one are you going to buy?'
9.4281 	EXP 	eyetracker.setRecordingState(False)
9.4596 	EXP 	text: height = np.float64(0.05)
9.4596 	EXP 	text: height = np.float64(0.05)
9.4596 	EXP 	text: height = np.float64(0.05)
9.4596 	EXP 	text: text = 'Which one are you going to buy?'
9.4626 	EXP 	eyetracker.setRecordingState(False)
9.4856 	EXP 	text: height = np.float64(0.05)
9.4856 	EXP 	text: height = np.float64(0.05)
9.4856 	EXP 	text: height = np.float64(0.05)
9.4856 	EXP 	text: text = 'Which one are you going to buy?'
9.4873 	EXP 	eyetracker.setRecordingState(False)
9.5048 	EXP 	text: height = np.float64(0.05)
9.5048 	EXP 	text: height = np.float64(0.05)
9.5048 	EXP 	text: height = np.float64(0.05)
9.5048 	EXP 	text: text = 'Which one are you going to buy?'
9.5061 	EXP 	eyetracker.setRecordingState(False)
9.5262 	EXP 	text: height = np.float64(0.05)
9.5262 	EXP 	text: height = np.float64(0.05)
9.5262 	EXP 	text: height = np.float64(0.05)
9.5262 	EXP 	text: text = 'Which one are you going to buy?'
9.5280 	EXP 	eyetracker.setRecordingState(False)
9.5446 	EXP 	text: height = np.float64(0.05)
9.5446 	EXP 	text: height = np.float64(0.05)
9.5446 	EXP 	text: height = np.float64(0.05)
9.5446 	EXP 	text: text = 'Which one are you going to buy?'
9.5458 	EXP 	eyetracker.setRecordingState(False)
9.5594 	EXP 	text: height = np.float64(0.05)
9.5594 	EXP 	text: height = np.float64(0.05)
9.5594 	EXP 	text: height = np.float64(0.05)
9.5594 	EXP 	text: text = 'Which one are you going to buy?'
9.5605 	EXP 	eyetracker.setRecordingState(False)
9.5734 	EXP 	text: height = np.float64(0.05)
9.5734 	EXP 	text: height = np.float64(0.05)
9.5734 	EXP 	text: height = np.float64(0.05)
9.5734 	EXP 	text: text = 'Which one are you going to buy?'
9.5756 	EXP 	eyetracker.setRecordingState(False)
9.5912 	EXP 	text: height = np.float64(0.05)
9.5912 	EXP 	text: height = np.float64(0.05)
9.5912 	EXP 	text: height = np.float64(0.05)
9.5912 	EXP 	text: text = 'Which one are you going to buy?'
9.5925 	EXP 	eyetracker.setRecordingState(False)
9.6075 	EXP 	text: height = np.float64(0.05)
9.6075 	EXP 	text: height = np.float64(0.05)
9.6075 	EXP 	text: height = np.float64(0.05)
9.6075 	EXP 	text: text = 'Which one are you going to buy?'
9.6094 	EXP 	eyetracker.setRecordingState(False)
9.6267 	EXP 	text: height = np.float64(0.05)
9.6267 	EXP 	text: height = np.float64(0.05)
9.6267 	EXP 	text: height = np.float64(0.05)
9.6267 	EXP 	text: text = 'Which one are you going to buy?'
9.6284 	EXP 	eyetracker.setRecordingState(False)
9.6466 	EXP 	text: height = np.float64(0.05)
9.6466 	EXP 	text: height = np.float64(0.05)
9.6466 	EXP 	text: height = np.float64(0.05)
9.6466 	EXP 	text: text = 'Which one are you going to buy?'
9.6485 	EXP 	eyetracker.setRecordingState(False)
9.6638 	EXP 	text: height = np.float64(0.05)
9.6638 	EXP 	text: height = np.float64(0.05)
9.6638 	EXP 	text: height = np.float64(0.05)
9.6638 	EXP 	text: text = 'Which one are you going to buy?'
9.6652 	EXP 	eyetracker.setRecordingState(False)
9.6777 	EXP 	text: height = np.float64(0.05)
9.6777 	EXP 	text: height = np.float64(0.05)
9.6777 	EXP 	text: height = np.float64(0.05)
9.6777 	EXP 	text: text = 'Which one are you going to buy?'
9.6788 	EXP 	eyetracker.setRecordingState(False)
9.6900 	EXP 	text: height = np.float64(0.05)
9.6900 	EXP 	text: height = np.float64(0.05)
9.6900 	EXP 	text: height = np.float64(0.05)
9.6900 	EXP 	text: text = 'Which one are you going to buy?'
9.6911 	EXP 	eyetracker.setRecordingState(False)
9.7033 	EXP 	text: height = np.float64(0.05)
9.7033 	EXP 	text: height = np.float64(0.05)
9.7033 	EXP 	text: height = np.float64(0.05)
9.7033 	EXP 	text: text = 'Which one are you going to buy?'
9.7051 	EXP 	eyetracker.setRecordingState(False)
9.7212 	EXP 	text: height = np.float64(0.05)
9.7212 	EXP 	text: height = np.float64(0.05)
9.7212 	EXP 	text: height = np.float64(0.05)
9.7212 	EXP 	text: text = 'Which one are you going to buy?'
9.7225 	EXP 	eyetracker.setRecordingState(False)
9.7392 	EXP 	text: height = np.float64(0.05)
9.7392 	EXP 	text: height = np.float64(0.05)
9.7392 	EXP 	text: height = np.float64(0.05)
9.7392 	EXP 	text: text = 'Which one are you going to buy?'
9.7413 	EXP 	eyetracker.setRecordingState(False)
9.7573 	EXP 	text: height = np.float64(0.05)
9.7573 	EXP 	text: height = np.float64(0.05)
9.7573 	EXP 	text: height = np.float64(0.05)
9.7573 	EXP 	text: text = 'Which one are you going to buy?'
9.7594 	EXP 	eyetracker.setRecordingState(False)
9.7775 	EXP 	text: height = np.float64(0.05)
9.7775 	EXP 	text: height = np.float64(0.05)
9.7775 	EXP 	text: height = np.float64(0.05)
9.7775 	EXP 	text: text = 'Which one are you going to buy?'
9.7796 	EXP 	eyetracker.setRecordingState(False)
9.7954 	EXP 	text: height = np.float64(0.05)
9.7954 	EXP 	text: height = np.float64(0.05)
9.7954 	EXP 	text: height = np.float64(0.05)
9.7954 	EXP 	text: text = 'Which one are you going to buy?'
9.7971 	EXP 	eyetracker.setRecordingState(False)
9.8120 	EXP 	text: height = np.float64(0.05)
9.8120 	EXP 	text: height = np.float64(0.05)
9.8120 	EXP 	text: height = np.float64(0.05)
9.8120 	EXP 	text: text = 'Which one are you going to buy?'
9.8136 	EXP 	eyetracker.setRecordingState(False)
9.8297 	EXP 	text: height = np.float64(0.05)
9.8297 	EXP 	text: height = np.float64(0.05)
9.8297 	EXP 	text: height = np.float64(0.05)
9.8297 	EXP 	text: text = 'Which one are you going to buy?'
9.8315 	EXP 	eyetracker.setRecordingState(False)
9.8470 	EXP 	text: height = np.float64(0.05)
9.8470 	EXP 	text: height = np.float64(0.05)
9.8470 	EXP 	text: height = np.float64(0.05)
9.8470 	EXP 	text: text = 'Which one are you going to buy?'
9.8488 	EXP 	eyetracker.setRecordingState(False)
9.8666 	EXP 	text: height = np.float64(0.05)
9.8666 	EXP 	text: height = np.float64(0.05)
9.8666 	EXP 	text: height = np.float64(0.05)
9.8666 	EXP 	text: text = 'Which one are you going to buy?'
9.8690 	EXP 	eyetracker.setRecordingState(False)
9.8900 	EXP 	text: height = np.float64(0.05)
9.8900 	EXP 	text: height = np.float64(0.05)
9.8900 	EXP 	text: height = np.float64(0.05)
9.8900 	EXP 	text: text = 'Which one are you going to buy?'
9.8917 	EXP 	eyetracker.setRecordingState(False)
9.9131 	EXP 	text: height = np.float64(0.05)
9.9131 	EXP 	text: height = np.float64(0.05)
9.9131 	EXP 	text: height = np.float64(0.05)
9.9131 	EXP 	text: text = 'Which one are you going to buy?'
9.9154 	EXP 	eyetracker.setRecordingState(False)
9.9358 	EXP 	text: height = np.float64(0.05)
9.9358 	EXP 	text: height = np.float64(0.05)
9.9358 	EXP 	text: height = np.float64(0.05)
9.9358 	EXP 	text: text = 'Which one are you going to buy?'
9.9385 	EXP 	eyetracker.setRecordingState(False)
9.9680 	EXP 	text: height = np.float64(0.05)
9.9680 	EXP 	text: height = np.float64(0.05)
9.9680 	EXP 	text: height = np.float64(0.05)
9.9680 	EXP 	text: text = 'Which one are you going to buy?'
9.9724 	EXP 	eyetracker.setRecordingState(False)
9.9958 	EXP 	text: height = np.float64(0.05)
9.9958 	EXP 	text: height = np.float64(0.05)
9.9958 	EXP 	text: height = np.float64(0.05)
9.9958 	EXP 	text: text = 'Which one are you going to buy?'
9.9978 	EXP 	eyetracker.setRecordingState(False)
10.0132 	EXP 	text: height = np.float64(0.05)
10.0132 	EXP 	text: height = np.float64(0.05)
10.0132 	EXP 	text: height = np.float64(0.05)
10.0132 	EXP 	text: text = 'Which one are you going to buy?'
10.0145 	EXP 	eyetracker.setRecordingState(False)
10.0278 	EXP 	text: height = np.float64(0.05)
10.0278 	EXP 	text: height = np.float64(0.05)
10.0278 	EXP 	text: height = np.float64(0.05)
10.0278 	EXP 	text: text = 'Which one are you going to buy?'
10.0296 	EXP 	eyetracker.setRecordingState(False)
10.0464 	EXP 	text: height = np.float64(0.05)
10.0464 	EXP 	text: height = np.float64(0.05)
10.0464 	EXP 	text: height = np.float64(0.05)
10.0464 	EXP 	text: text = 'Which one are you going to buy?'
10.0487 	EXP 	eyetracker.setRecordingState(False)
10.0652 	EXP 	text: height = np.float64(0.05)
10.0652 	EXP 	text: height = np.float64(0.05)
10.0652 	EXP 	text: height = np.float64(0.05)
10.0652 	EXP 	text: text = 'Which one are you going to buy?'
10.0667 	EXP 	eyetracker.setRecordingState(False)
10.0831 	EXP 	text: height = np.float64(0.05)
10.0831 	EXP 	text: height = np.float64(0.05)
10.0831 	EXP 	text: height = np.float64(0.05)
10.0831 	EXP 	text: text = 'Which one are you going to buy?'
10.0852 	EXP 	eyetracker.setRecordingState(False)
10.1011 	EXP 	text: height = np.float64(0.05)
10.1011 	EXP 	text: height = np.float64(0.05)
10.1011 	EXP 	text: height = np.float64(0.05)
10.1011 	EXP 	text: text = 'Which one are you going to buy?'
10.1024 	EXP 	eyetracker.setRecordingState(False)
10.1166 	EXP 	text: height = np.float64(0.05)
10.1166 	EXP 	text: height = np.float64(0.05)
10.1166 	EXP 	text: height = np.float64(0.05)
10.1166 	EXP 	text: text = 'Which one are you going to buy?'
10.1187 	EXP 	eyetracker.setRecordingState(False)
10.1344 	EXP 	text: height = np.float64(0.05)
10.1344 	EXP 	text: height = np.float64(0.05)
10.1344 	EXP 	text: height = np.float64(0.05)
10.1344 	EXP 	text: text = 'Which one are you going to buy?'
10.1358 	EXP 	eyetracker.setRecordingState(False)
10.1488 	EXP 	text: height = np.float64(0.05)
10.1488 	EXP 	text: height = np.float64(0.05)
10.1488 	EXP 	text: height = np.float64(0.05)
10.1488 	EXP 	text: text = 'Which one are you going to buy?'
10.1504 	EXP 	eyetracker.setRecordingState(False)
10.1651 	EXP 	text: height = np.float64(0.05)
10.1651 	EXP 	text: height = np.float64(0.05)
10.1651 	EXP 	text: height = np.float64(0.05)
10.1651 	EXP 	text: text = 'Which one are you going to buy?'
10.1662 	EXP 	eyetracker.setRecordingState(False)
10.1770 	EXP 	text: height = np.float64(0.05)
10.1770 	EXP 	text: height = np.float64(0.05)
10.1770 	EXP 	text: height = np.float64(0.05)
10.1770 	EXP 	text: text = 'Which one are you going to buy?'
10.1782 	EXP 	eyetracker.setRecordingState(False)
10.1898 	EXP 	text: height = np.float64(0.05)
10.1898 	EXP 	text: height = np.float64(0.05)
10.1898 	EXP 	text: height = np.float64(0.05)
10.1898 	EXP 	text: text = 'Which one are you going to buy?'
10.1913 	EXP 	eyetracker.setRecordingState(False)
10.2052 	EXP 	text: height = np.float64(0.05)
10.2052 	EXP 	text: height = np.float64(0.05)
10.2052 	EXP 	text: height = np.float64(0.05)
10.2052 	EXP 	text: text = 'Which one are you going to buy?'
10.2067 	EXP 	eyetracker.setRecordingState(False)
10.2226 	EXP 	text: height = np.float64(0.05)
10.2226 	EXP 	text: height = np.float64(0.05)
10.2226 	EXP 	text: height = np.float64(0.05)
10.2226 	EXP 	text: text = 'Which one are you going to buy?'
10.2244 	EXP 	eyetracker.setRecordingState(False)
10.2406 	EXP 	text: height = np.float64(0.05)
10.2406 	EXP 	text: height = np.float64(0.05)
10.2406 	EXP 	text: height = np.float64(0.05)
10.2406 	EXP 	text: text = 'Which one are you going to buy?'
10.2422 	EXP 	eyetracker.setRecordingState(False)
10.2574 	EXP 	text: height = np.float64(0.05)
10.2574 	EXP 	text: height = np.float64(0.05)
10.2574 	EXP 	text: height = np.float64(0.05)
10.2574 	EXP 	text: text = 'Which one are you going to buy?'
10.2592 	EXP 	eyetracker.setRecordingState(False)
10.2766 	EXP 	text: height = np.float64(0.05)
10.2766 	EXP 	text: height = np.float64(0.05)
10.2766 	EXP 	text: height = np.float64(0.05)
10.2766 	EXP 	text: text = 'Which one are you going to buy?'
10.2781 	EXP 	eyetracker.setRecordingState(False)
10.2937 	EXP 	text: height = np.float64(0.05)
10.2937 	EXP 	text: height = np.float64(0.05)
10.2937 	EXP 	text: height = np.float64(0.05)
10.2937 	EXP 	text: text = 'Which one are you going to buy?'
10.2954 	EXP 	eyetracker.setRecordingState(False)
10.3119 	EXP 	text: height = np.float64(0.05)
10.3119 	EXP 	text: height = np.float64(0.05)
10.3119 	EXP 	text: height = np.float64(0.05)
10.3119 	EXP 	text: text = 'Which one are you going to buy?'
10.3135 	EXP 	eyetracker.setRecordingState(False)
10.3276 	EXP 	text: height = np.float64(0.05)
10.3276 	EXP 	text: height = np.float64(0.05)
10.3276 	EXP 	text: height = np.float64(0.05)
10.3276 	EXP 	text: text = 'Which one are you going to buy?'
10.3295 	EXP 	eyetracker.setRecordingState(False)
10.3462 	EXP 	text: height = np.float64(0.05)
10.3462 	EXP 	text: height = np.float64(0.05)
10.3462 	EXP 	text: height = np.float64(0.05)
10.3462 	EXP 	text: text = 'Which one are you going to buy?'
10.3479 	EXP 	eyetracker.setRecordingState(False)
10.3645 	EXP 	text: height = np.float64(0.05)
10.3645 	EXP 	text: height = np.float64(0.05)
10.3645 	EXP 	text: height = np.float64(0.05)
10.3645 	EXP 	text: text = 'Which one are you going to buy?'
10.3660 	EXP 	eyetracker.setRecordingState(False)
10.3806 	EXP 	text: height = np.float64(0.05)
10.3806 	EXP 	text: height = np.float64(0.05)
10.3806 	EXP 	text: height = np.float64(0.05)
10.3806 	EXP 	text: text = 'Which one are you going to buy?'
10.3819 	EXP 	eyetracker.setRecordingState(False)
10.3935 	EXP 	text: height = np.float64(0.05)
10.3935 	EXP 	text: height = np.float64(0.05)
10.3935 	EXP 	text: height = np.float64(0.05)
10.3935 	EXP 	text: text = 'Which one are you going to buy?'
10.3945 	EXP 	eyetracker.setRecordingState(False)
10.4043 	EXP 	text: height = np.float64(0.05)
10.4043 	EXP 	text: height = np.float64(0.05)
10.4043 	EXP 	text: height = np.float64(0.05)
10.4043 	EXP 	text: text = 'Which one are you going to buy?'
10.4052 	EXP 	eyetracker.setRecordingState(False)
10.4149 	EXP 	text: height = np.float64(0.05)
10.4149 	EXP 	text: height = np.float64(0.05)
10.4149 	EXP 	text: height = np.float64(0.05)
10.4149 	EXP 	text: text = 'Which one are you going to buy?'
10.4159 	EXP 	eyetracker.setRecordingState(False)
10.4291 	EXP 	text: height = np.float64(0.05)
10.4291 	EXP 	text: height = np.float64(0.05)
10.4291 	EXP 	text: height = np.float64(0.05)
10.4291 	EXP 	text: text = 'Which one are you going to buy?'
10.4302 	EXP 	eyetracker.setRecordingState(False)
10.4430 	EXP 	text: height = np.float64(0.05)
10.4430 	EXP 	text: height = np.float64(0.05)
10.4430 	EXP 	text: height = np.float64(0.05)
10.4430 	EXP 	text: text = 'Which one are you going to buy?'
10.4447 	EXP 	eyetracker.setRecordingState(False)
10.4627 	EXP 	text: height = np.float64(0.05)
10.4627 	EXP 	text: height = np.float64(0.05)
10.4627 	EXP 	text: height = np.float64(0.05)
10.4627 	EXP 	text: text = 'Which one are you going to buy?'
10.4651 	EXP 	eyetracker.setRecordingState(False)
10.4850 	EXP 	text: height = np.float64(0.05)
10.4850 	EXP 	text: height = np.float64(0.05)
10.4850 	EXP 	text: height = np.float64(0.05)
10.4850 	EXP 	text: text = 'Which one are you going to buy?'
10.4867 	EXP 	eyetracker.setRecordingState(False)
10.5077 	EXP 	text: height = np.float64(0.05)
10.5077 	EXP 	text: height = np.float64(0.05)
10.5077 	EXP 	text: height = np.float64(0.05)
10.5077 	EXP 	text: text = 'Which one are you going to buy?'
10.5098 	EXP 	eyetracker.setRecordingState(False)
10.5297 	EXP 	text: height = np.float64(0.05)
10.5297 	EXP 	text: height = np.float64(0.05)
10.5297 	EXP 	text: height = np.float64(0.05)
10.5297 	EXP 	text: text = 'Which one are you going to buy?'
10.5314 	EXP 	eyetracker.setRecordingState(False)
10.5461 	EXP 	text: height = np.float64(0.05)
10.5461 	EXP 	text: height = np.float64(0.05)
10.5461 	EXP 	text: height = np.float64(0.05)
10.5461 	EXP 	text: text = 'Which one are you going to buy?'
10.5476 	EXP 	eyetracker.setRecordingState(False)
10.5594 	EXP 	text: height = np.float64(0.05)
10.5594 	EXP 	text: height = np.float64(0.05)
10.5594 	EXP 	text: height = np.float64(0.05)
10.5594 	EXP 	text: text = 'Which one are you going to buy?'
10.5615 	EXP 	eyetracker.setRecordingState(False)
10.5793 	EXP 	text: height = np.float64(0.05)
10.5793 	EXP 	text: height = np.float64(0.05)
10.5793 	EXP 	text: height = np.float64(0.05)
10.5793 	EXP 	text: text = 'Which one are you going to buy?'
10.5810 	EXP 	eyetracker.setRecordingState(False)
10.5959 	EXP 	text: height = np.float64(0.05)
10.5959 	EXP 	text: height = np.float64(0.05)
10.5959 	EXP 	text: height = np.float64(0.05)
10.5959 	EXP 	text: text = 'Which one are you going to buy?'
10.5976 	EXP 	eyetracker.setRecordingState(False)
10.6169 	EXP 	text: height = np.float64(0.05)
10.6169 	EXP 	text: height = np.float64(0.05)
10.6169 	EXP 	text: height = np.float64(0.05)
10.6169 	EXP 	text: text = 'Which one are you going to buy?'
10.6190 	EXP 	eyetracker.setRecordingState(False)
10.6391 	EXP 	text: height = np.float64(0.05)
10.6391 	EXP 	text: height = np.float64(0.05)
10.6391 	EXP 	text: height = np.float64(0.05)
10.6391 	EXP 	text: text = 'Which one are you going to buy?'
10.6409 	EXP 	eyetracker.setRecordingState(False)
10.6592 	EXP 	text: height = np.float64(0.05)
10.6592 	EXP 	text: height = np.float64(0.05)
10.6592 	EXP 	text: height = np.float64(0.05)
10.6592 	EXP 	text: text = 'Which one are you going to buy?'
10.6618 	EXP 	eyetracker.setRecordingState(False)
10.6798 	EXP 	text: height = np.float64(0.05)
10.6798 	EXP 	text: height = np.float64(0.05)
10.6798 	EXP 	text: height = np.float64(0.05)
10.6798 	EXP 	text: text = 'Which one are you going to buy?'
10.6814 	EXP 	eyetracker.setRecordingState(False)
10.6966 	EXP 	text: height = np.float64(0.05)
10.6966 	EXP 	text: height = np.float64(0.05)
10.6966 	EXP 	text: height = np.float64(0.05)
10.6966 	EXP 	text: text = 'Which one are you going to buy?'
10.6979 	EXP 	eyetracker.setRecordingState(False)
10.7109 	EXP 	text: height = np.float64(0.05)
10.7109 	EXP 	text: height = np.float64(0.05)
10.7109 	EXP 	text: height = np.float64(0.05)
10.7109 	EXP 	text: text = 'Which one are you going to buy?'
10.7123 	EXP 	eyetracker.setRecordingState(False)
10.7294 	EXP 	text: height = np.float64(0.05)
10.7294 	EXP 	text: height = np.float64(0.05)
10.7294 	EXP 	text: height = np.float64(0.05)
10.7294 	EXP 	text: text = 'Which one are you going to buy?'
10.7312 	EXP 	eyetracker.setRecordingState(False)
10.7472 	EXP 	text: height = np.float64(0.05)
10.7472 	EXP 	text: height = np.float64(0.05)
10.7472 	EXP 	text: height = np.float64(0.05)
10.7472 	EXP 	text: text = 'Which one are you going to buy?'
10.7488 	EXP 	eyetracker.setRecordingState(False)
10.7659 	EXP 	text: height = np.float64(0.05)
10.7659 	EXP 	text: height = np.float64(0.05)
10.7659 	EXP 	text: height = np.float64(0.05)
10.7659 	EXP 	text: text = 'Which one are you going to buy?'
10.7678 	EXP 	eyetracker.setRecordingState(False)
10.7945 	EXP 	text: height = np.float64(0.05)
10.7945 	EXP 	text: height = np.float64(0.05)
10.7945 	EXP 	text: height = np.float64(0.05)
10.7945 	EXP 	text: text = 'Which one are you going to buy?'
10.7973 	EXP 	eyetracker.setRecordingState(False)
10.8272 	EXP 	text: height = np.float64(0.05)
10.8272 	EXP 	text: height = np.float64(0.05)
10.8272 	EXP 	text: height = np.float64(0.05)
10.8272 	EXP 	text: text = 'Which one are you going to buy?'
10.8299 	EXP 	eyetracker.setRecordingState(False)
10.8561 	EXP 	text: height = np.float64(0.05)
10.8561 	EXP 	text: height = np.float64(0.05)
10.8561 	EXP 	text: height = np.float64(0.05)
10.8561 	EXP 	text: text = 'Which one are you going to buy?'
10.8579 	EXP 	eyetracker.setRecordingState(False)
10.8805 	EXP 	text: height = np.float64(0.05)
10.8805 	EXP 	text: height = np.float64(0.05)
10.8805 	EXP 	text: height = np.float64(0.05)
10.8805 	EXP 	text: text = 'Which one are you going to buy?'
10.8834 	EXP 	eyetracker.setRecordingState(False)
10.9087 	EXP 	text: height = np.float64(0.05)
10.9087 	EXP 	text: height = np.float64(0.05)
10.9087 	EXP 	text: height = np.float64(0.05)
10.9087 	EXP 	text: text = 'Which one are you going to buy?'
10.9105 	EXP 	eyetracker.setRecordingState(False)
10.9300 	EXP 	text: height = np.float64(0.05)
10.9300 	EXP 	text: height = np.float64(0.05)
10.9300 	EXP 	text: height = np.float64(0.05)
10.9300 	EXP 	text: text = 'Which one are you going to buy?'
10.9326 	EXP 	eyetracker.setRecordingState(False)
10.9507 	EXP 	text: height = np.float64(0.05)
10.9507 	EXP 	text: height = np.float64(0.05)
10.9507 	EXP 	text: height = np.float64(0.05)
10.9507 	EXP 	text: text = 'Which one are you going to buy?'
10.9524 	EXP 	eyetracker.setRecordingState(False)
10.9754 	EXP 	text: height = np.float64(0.05)
10.9754 	EXP 	text: height = np.float64(0.05)
10.9754 	EXP 	text: height = np.float64(0.05)
10.9754 	EXP 	text: text = 'Which one are you going to buy?'
10.9773 	EXP 	eyetracker.setRecordingState(False)
10.9943 	EXP 	text: height = np.float64(0.05)
10.9943 	EXP 	text: height = np.float64(0.05)
10.9943 	EXP 	text: height = np.float64(0.05)
10.9943 	EXP 	text: text = 'Which one are you going to buy?'
10.9963 	EXP 	eyetracker.setRecordingState(False)
11.0130 	EXP 	text: height = np.float64(0.05)
11.0130 	EXP 	text: height = np.float64(0.05)
11.0130 	EXP 	text: height = np.float64(0.05)
11.0130 	EXP 	text: text = 'Which one are you going to buy?'
11.0147 	EXP 	eyetracker.setRecordingState(False)
11.0285 	EXP 	text: height = np.float64(0.05)
11.0285 	EXP 	text: height = np.float64(0.05)
11.0285 	EXP 	text: height = np.float64(0.05)
11.0285 	EXP 	text: text = 'Which one are you going to buy?'
11.0298 	EXP 	eyetracker.setRecordingState(False)
11.0448 	EXP 	text: height = np.float64(0.05)
11.0448 	EXP 	text: height = np.float64(0.05)
11.0448 	EXP 	text: height = np.float64(0.05)
11.0448 	EXP 	text: text = 'Which one are you going to buy?'
11.0468 	EXP 	eyetracker.setRecordingState(False)
11.0625 	EXP 	text: height = np.float64(0.05)
11.0625 	EXP 	text: height = np.float64(0.05)
11.0625 	EXP 	text: height = np.float64(0.05)
11.0625 	EXP 	text: text = 'Which one are you going to buy?'
11.0644 	EXP 	eyetracker.setRecordingState(False)
11.0806 	EXP 	text: height = np.float64(0.05)
11.0806 	EXP 	text: height = np.float64(0.05)
11.0806 	EXP 	text: height = np.float64(0.05)
11.0806 	EXP 	text: text = 'Which one are you going to buy?'
11.0819 	EXP 	eyetracker.setRecordingState(False)
11.0941 	EXP 	text: height = np.float64(0.05)
11.0941 	EXP 	text: height = np.float64(0.05)
11.0941 	EXP 	text: height = np.float64(0.05)
11.0941 	EXP 	text: text = 'Which one are you going to buy?'
11.0952 	EXP 	eyetracker.setRecordingState(False)
11.1076 	EXP 	text: height = np.float64(0.05)
11.1076 	EXP 	text: height = np.float64(0.05)
11.1076 	EXP 	text: height = np.float64(0.05)
11.1076 	EXP 	text: text = 'Which one are you going to buy?'
11.1097 	EXP 	eyetracker.setRecordingState(False)
11.1257 	EXP 	text: height = np.float64(0.05)
11.1257 	EXP 	text: height = np.float64(0.05)
11.1257 	EXP 	text: height = np.float64(0.05)
11.1257 	EXP 	text: text = 'Which one are you going to buy?'
11.1273 	EXP 	eyetracker.setRecordingState(False)
11.1418 	EXP 	text: height = np.float64(0.05)
11.1418 	EXP 	text: height = np.float64(0.05)
11.1418 	EXP 	text: height = np.float64(0.05)
11.1418 	EXP 	text: text = 'Which one are you going to buy?'
11.1433 	EXP 	eyetracker.setRecordingState(False)
11.1564 	EXP 	text: height = np.float64(0.05)
11.1564 	EXP 	text: height = np.float64(0.05)
11.1564 	EXP 	text: height = np.float64(0.05)
11.1564 	EXP 	text: text = 'Which one are you going to buy?'
11.1577 	EXP 	eyetracker.setRecordingState(False)
11.1711 	EXP 	text: height = np.float64(0.05)
11.1711 	EXP 	text: height = np.float64(0.05)
11.1711 	EXP 	text: height = np.float64(0.05)
11.1711 	EXP 	text: text = 'Which one are you going to buy?'
11.1727 	EXP 	eyetracker.setRecordingState(False)
11.1872 	EXP 	text: height = np.float64(0.05)
11.1872 	EXP 	text: height = np.float64(0.05)
11.1872 	EXP 	text: height = np.float64(0.05)
11.1872 	EXP 	text: text = 'Which one are you going to buy?'
11.1884 	EXP 	eyetracker.setRecordingState(False)
11.2009 	EXP 	text: height = np.float64(0.05)
11.2009 	EXP 	text: height = np.float64(0.05)
11.2009 	EXP 	text: height = np.float64(0.05)
11.2009 	EXP 	text: text = 'Which one are you going to buy?'
11.2026 	EXP 	eyetracker.setRecordingState(False)
11.2187 	EXP 	text: height = np.float64(0.05)
11.2187 	EXP 	text: height = np.float64(0.05)
11.2187 	EXP 	text: height = np.float64(0.05)
11.2187 	EXP 	text: text = 'Which one are you going to buy?'
11.2206 	EXP 	eyetracker.setRecordingState(False)
11.2353 	EXP 	text: height = np.float64(0.05)
11.2353 	EXP 	text: height = np.float64(0.05)
11.2353 	EXP 	text: height = np.float64(0.05)
11.2353 	EXP 	text: text = 'Which one are you going to buy?'
11.2367 	EXP 	eyetracker.setRecordingState(False)
11.2519 	EXP 	text: height = np.float64(0.05)
11.2519 	EXP 	text: height = np.float64(0.05)
11.2519 	EXP 	text: height = np.float64(0.05)
11.2519 	EXP 	text: text = 'Which one are you going to buy?'
11.2535 	EXP 	eyetracker.setRecordingState(False)
11.2660 	EXP 	text: height = np.float64(0.05)
11.2660 	EXP 	text: height = np.float64(0.05)
11.2660 	EXP 	text: height = np.float64(0.05)
11.2660 	EXP 	text: text = 'Which one are you going to buy?'
11.2669 	EXP 	eyetracker.setRecordingState(False)
11.2791 	EXP 	text: height = np.float64(0.05)
11.2791 	EXP 	text: height = np.float64(0.05)
11.2791 	EXP 	text: height = np.float64(0.05)
11.2791 	EXP 	text: text = 'Which one are you going to buy?'
11.2799 	EXP 	eyetracker.setRecordingState(False)
11.2897 	EXP 	text: height = np.float64(0.05)
11.2897 	EXP 	text: height = np.float64(0.05)
11.2897 	EXP 	text: height = np.float64(0.05)
11.2897 	EXP 	text: text = 'Which one are you going to buy?'
11.2907 	EXP 	eyetracker.setRecordingState(False)
11.2999 	EXP 	text: height = np.float64(0.05)
11.2999 	EXP 	text: height = np.float64(0.05)
11.2999 	EXP 	text: height = np.float64(0.05)
11.2999 	EXP 	text: text = 'Which one are you going to buy?'
11.3008 	EXP 	eyetracker.setRecordingState(False)
11.3120 	EXP 	text: height = np.float64(0.05)
11.3120 	EXP 	text: height = np.float64(0.05)
11.3120 	EXP 	text: height = np.float64(0.05)
11.3120 	EXP 	text: text = 'Which one are you going to buy?'
11.3138 	EXP 	eyetracker.setRecordingState(False)
11.3254 	EXP 	text: height = np.float64(0.05)
11.3254 	EXP 	text: height = np.float64(0.05)
11.3254 	EXP 	text: height = np.float64(0.05)
11.3254 	EXP 	text: text = 'Which one are you going to buy?'
11.3262 	EXP 	eyetracker.setRecordingState(False)
11.3374 	EXP 	text: height = np.float64(0.05)
11.3374 	EXP 	text: height = np.float64(0.05)
11.3374 	EXP 	text: height = np.float64(0.05)
11.3374 	EXP 	text: text = 'Which one are you going to buy?'
11.3405 	EXP 	eyetracker.setRecordingState(False)
11.3528 	EXP 	text: height = np.float64(0.05)
11.3528 	EXP 	text: height = np.float64(0.05)
11.3528 	EXP 	text: height = np.float64(0.05)
11.3528 	EXP 	text: text = 'Which one are you going to buy?'
11.3543 	EXP 	eyetracker.setRecordingState(False)
11.3644 	EXP 	text: height = np.float64(0.05)
11.3644 	EXP 	text: height = np.float64(0.05)
11.3644 	EXP 	text: height = np.float64(0.05)
11.3644 	EXP 	text: text = 'Which one are you going to buy?'
11.3659 	EXP 	eyetracker.setRecordingState(False)
11.3778 	EXP 	text: height = np.float64(0.05)
11.3778 	EXP 	text: height = np.float64(0.05)
11.3778 	EXP 	text: height = np.float64(0.05)
11.3778 	EXP 	text: text = 'Which one are you going to buy?'
11.3787 	EXP 	eyetracker.setRecordingState(False)
11.3886 	EXP 	text: height = np.float64(0.05)
11.3886 	EXP 	text: height = np.float64(0.05)
11.3886 	EXP 	text: height = np.float64(0.05)
11.3886 	EXP 	text: text = 'Which one are you going to buy?'
11.3895 	EXP 	eyetracker.setRecordingState(False)
11.3991 	EXP 	text: height = np.float64(0.05)
11.3991 	EXP 	text: height = np.float64(0.05)
11.3991 	EXP 	text: height = np.float64(0.05)
11.3991 	EXP 	text: text = 'Which one are you going to buy?'
11.4004 	EXP 	eyetracker.setRecordingState(False)
11.4116 	EXP 	text: height = np.float64(0.05)
11.4116 	EXP 	text: height = np.float64(0.05)
11.4116 	EXP 	text: height = np.float64(0.05)
11.4116 	EXP 	text: text = 'Which one are you going to buy?'
11.4124 	EXP 	eyetracker.setRecordingState(False)
11.4219 	EXP 	text: height = np.float64(0.05)
11.4219 	EXP 	text: height = np.float64(0.05)
11.4219 	EXP 	text: height = np.float64(0.05)
11.4219 	EXP 	text: text = 'Which one are you going to buy?'
11.4233 	EXP 	eyetracker.setRecordingState(False)
11.4311 	EXP 	text: height = np.float64(0.05)
11.4311 	EXP 	text: height = np.float64(0.05)
11.4311 	EXP 	text: height = np.float64(0.05)
11.4311 	EXP 	text: text = 'Which one are you going to buy?'
11.4325 	EXP 	eyetracker.setRecordingState(False)
11.4442 	EXP 	text: height = np.float64(0.05)
11.4442 	EXP 	text: height = np.float64(0.05)
11.4442 	EXP 	text: height = np.float64(0.05)
11.4442 	EXP 	text: text = 'Which one are you going to buy?'
11.4451 	EXP 	eyetracker.setRecordingState(False)
11.4555 	EXP 	text: height = np.float64(0.05)
11.4555 	EXP 	text: height = np.float64(0.05)
11.4555 	EXP 	text: height = np.float64(0.05)
11.4555 	EXP 	text: text = 'Which one are you going to buy?'
11.4572 	EXP 	eyetracker.setRecordingState(False)
11.4690 	EXP 	text: height = np.float64(0.05)
11.4690 	EXP 	text: height = np.float64(0.05)
11.4690 	EXP 	text: height = np.float64(0.05)
11.4690 	EXP 	text: text = 'Which one are you going to buy?'
11.4702 	EXP 	eyetracker.setRecordingState(False)
11.4815 	EXP 	text: height = np.float64(0.05)
11.4815 	EXP 	text: height = np.float64(0.05)
11.4815 	EXP 	text: height = np.float64(0.05)
11.4815 	EXP 	text: text = 'Which one are you going to buy?'
11.4823 	EXP 	eyetracker.setRecordingState(False)
11.4915 	EXP 	text: height = np.float64(0.05)
11.4915 	EXP 	text: height = np.float64(0.05)
11.4915 	EXP 	text: height = np.float64(0.05)
11.4915 	EXP 	text: text = 'Which one are you going to buy?'
11.4931 	EXP 	eyetracker.setRecordingState(False)
11.5017 	EXP 	text: height = np.float64(0.05)
11.5017 	EXP 	text: height = np.float64(0.05)
11.5017 	EXP 	text: height = np.float64(0.05)
11.5017 	EXP 	text: text = 'Which one are you going to buy?'
11.5031 	EXP 	eyetracker.setRecordingState(False)
11.5143 	EXP 	text: height = np.float64(0.05)
11.5143 	EXP 	text: height = np.float64(0.05)
11.5143 	EXP 	text: height = np.float64(0.05)
11.5143 	EXP 	text: text = 'Which one are you going to buy?'
11.5158 	EXP 	eyetracker.setRecordingState(False)
11.5272 	EXP 	text: height = np.float64(0.05)
11.5272 	EXP 	text: height = np.float64(0.05)
11.5272 	EXP 	text: height = np.float64(0.05)
11.5272 	EXP 	text: text = 'Which one are you going to buy?'
11.5284 	EXP 	eyetracker.setRecordingState(False)
11.5376 	EXP 	text: height = np.float64(0.05)
11.5376 	EXP 	text: height = np.float64(0.05)
11.5376 	EXP 	text: height = np.float64(0.05)
11.5376 	EXP 	text: text = 'Which one are you going to buy?'
11.5387 	EXP 	eyetracker.setRecordingState(False)
11.5481 	EXP 	text: height = np.float64(0.05)
11.5481 	EXP 	text: height = np.float64(0.05)
11.5481 	EXP 	text: height = np.float64(0.05)
11.5481 	EXP 	text: text = 'Which one are you going to buy?'
11.5492 	EXP 	eyetracker.setRecordingState(False)
11.5602 	EXP 	text: height = np.float64(0.05)
11.5602 	EXP 	text: height = np.float64(0.05)
11.5602 	EXP 	text: height = np.float64(0.05)
11.5602 	EXP 	text: text = 'Which one are you going to buy?'
11.5611 	EXP 	eyetracker.setRecordingState(False)
11.5700 	EXP 	text: height = np.float64(0.05)
11.5700 	EXP 	text: height = np.float64(0.05)
11.5700 	EXP 	text: height = np.float64(0.05)
11.5700 	EXP 	text: text = 'Which one are you going to buy?'
11.5717 	EXP 	eyetracker.setRecordingState(False)
11.5813 	EXP 	text: height = np.float64(0.05)
11.5813 	EXP 	text: height = np.float64(0.05)
11.5813 	EXP 	text: height = np.float64(0.05)
11.5813 	EXP 	text: text = 'Which one are you going to buy?'
11.5834 	EXP 	eyetracker.setRecordingState(False)
11.5960 	EXP 	text: height = np.float64(0.05)
11.5960 	EXP 	text: height = np.float64(0.05)
11.5960 	EXP 	text: height = np.float64(0.05)
11.5960 	EXP 	text: text = 'Which one are you going to buy?'
11.5981 	EXP 	eyetracker.setRecordingState(False)
11.6107 	EXP 	text: height = np.float64(0.05)
11.6107 	EXP 	text: height = np.float64(0.05)
11.6107 	EXP 	text: height = np.float64(0.05)
11.6107 	EXP 	text: text = 'Which one are you going to buy?'
11.6127 	EXP 	eyetracker.setRecordingState(False)
11.6243 	EXP 	text: height = np.float64(0.05)
11.6243 	EXP 	text: height = np.float64(0.05)
11.6243 	EXP 	text: height = np.float64(0.05)
11.6243 	EXP 	text: text = 'Which one are you going to buy?'
11.6258 	EXP 	eyetracker.setRecordingState(False)
11.6392 	EXP 	text: height = np.float64(0.05)
11.6392 	EXP 	text: height = np.float64(0.05)
11.6392 	EXP 	text: height = np.float64(0.05)
11.6392 	EXP 	text: text = 'Which one are you going to buy?'
11.6412 	EXP 	eyetracker.setRecordingState(False)
11.6555 	EXP 	text: height = np.float64(0.05)
11.6555 	EXP 	text: height = np.float64(0.05)
11.6555 	EXP 	text: height = np.float64(0.05)
11.6555 	EXP 	text: text = 'Which one are you going to buy?'
11.6569 	EXP 	eyetracker.setRecordingState(False)
11.6698 	EXP 	text: height = np.float64(0.05)
11.6698 	EXP 	text: height = np.float64(0.05)
11.6698 	EXP 	text: height = np.float64(0.05)
11.6698 	EXP 	text: text = 'Which one are you going to buy?'
11.6712 	EXP 	eyetracker.setRecordingState(False)
11.6837 	EXP 	text: height = np.float64(0.05)
11.6837 	EXP 	text: height = np.float64(0.05)
11.6837 	EXP 	text: height = np.float64(0.05)
11.6837 	EXP 	text: text = 'Which one are you going to buy?'
11.6858 	EXP 	eyetracker.setRecordingState(False)
11.6974 	EXP 	text: height = np.float64(0.05)
11.6974 	EXP 	text: height = np.float64(0.05)
11.6974 	EXP 	text: height = np.float64(0.05)
11.6974 	EXP 	text: text = 'Which one are you going to buy?'
11.6983 	EXP 	eyetracker.setRecordingState(False)
11.7124 	EXP 	text: height = np.float64(0.05)
11.7124 	EXP 	text: height = np.float64(0.05)
11.7124 	EXP 	text: height = np.float64(0.05)
11.7124 	EXP 	text: text = 'Which one are you going to buy?'
11.7149 	EXP 	eyetracker.setRecordingState(False)
11.7289 	EXP 	text: height = np.float64(0.05)
11.7289 	EXP 	text: height = np.float64(0.05)
11.7289 	EXP 	text: height = np.float64(0.05)
11.7289 	EXP 	text: text = 'Which one are you going to buy?'
11.7309 	EXP 	eyetracker.setRecordingState(False)
11.7425 	EXP 	text: height = np.float64(0.05)
11.7425 	EXP 	text: height = np.float64(0.05)
11.7425 	EXP 	text: height = np.float64(0.05)
11.7425 	EXP 	text: text = 'Which one are you going to buy?'
11.7455 	EXP 	eyetracker.setRecordingState(False)
11.7588 	EXP 	text: height = np.float64(0.05)
11.7588 	EXP 	text: height = np.float64(0.05)
11.7588 	EXP 	text: height = np.float64(0.05)
11.7588 	EXP 	text: text = 'Which one are you going to buy?'
11.7603 	EXP 	eyetracker.setRecordingState(False)
11.7720 	EXP 	text: height = np.float64(0.05)
11.7720 	EXP 	text: height = np.float64(0.05)
11.7720 	EXP 	text: height = np.float64(0.05)
11.7720 	EXP 	text: text = 'Which one are you going to buy?'
11.7739 	EXP 	eyetracker.setRecordingState(False)
11.7882 	EXP 	text: height = np.float64(0.05)
11.7882 	EXP 	text: height = np.float64(0.05)
11.7882 	EXP 	text: height = np.float64(0.05)
11.7882 	EXP 	text: text = 'Which one are you going to buy?'
11.7897 	EXP 	eyetracker.setRecordingState(False)
11.8043 	EXP 	text: height = np.float64(0.05)
11.8043 	EXP 	text: height = np.float64(0.05)
11.8043 	EXP 	text: height = np.float64(0.05)
11.8043 	EXP 	text: text = 'Which one are you going to buy?'
11.8064 	EXP 	eyetracker.setRecordingState(False)
11.8206 	EXP 	text: height = np.float64(0.05)
11.8206 	EXP 	text: height = np.float64(0.05)
11.8206 	EXP 	text: height = np.float64(0.05)
11.8206 	EXP 	text: text = 'Which one are you going to buy?'
11.8239 	EXP 	eyetracker.setRecordingState(False)
11.8368 	EXP 	text: height = np.float64(0.05)
11.8368 	EXP 	text: height = np.float64(0.05)
11.8368 	EXP 	text: height = np.float64(0.05)
11.8368 	EXP 	text: text = 'Which one are you going to buy?'
11.8382 	EXP 	eyetracker.setRecordingState(False)
11.8505 	EXP 	text: height = np.float64(0.05)
11.8505 	EXP 	text: height = np.float64(0.05)
11.8505 	EXP 	text: height = np.float64(0.05)
11.8505 	EXP 	text: text = 'Which one are you going to buy?'
11.8520 	EXP 	eyetracker.setRecordingState(False)
11.8661 	EXP 	text: height = np.float64(0.05)
11.8661 	EXP 	text: height = np.float64(0.05)
11.8661 	EXP 	text: height = np.float64(0.05)
11.8661 	EXP 	text: text = 'Which one are you going to buy?'
11.8676 	EXP 	eyetracker.setRecordingState(False)
11.8823 	EXP 	text: height = np.float64(0.05)
11.8823 	EXP 	text: height = np.float64(0.05)
11.8823 	EXP 	text: height = np.float64(0.05)
11.8823 	EXP 	text: text = 'Which one are you going to buy?'
11.8840 	EXP 	eyetracker.setRecordingState(False)
11.8975 	EXP 	text: height = np.float64(0.05)
11.8975 	EXP 	text: height = np.float64(0.05)
11.8975 	EXP 	text: height = np.float64(0.05)
11.8975 	EXP 	text: text = 'Which one are you going to buy?'
11.8990 	EXP 	eyetracker.setRecordingState(False)
11.9123 	EXP 	text: height = np.float64(0.05)
11.9123 	EXP 	text: height = np.float64(0.05)
11.9123 	EXP 	text: height = np.float64(0.05)
11.9123 	EXP 	text: text = 'Which one are you going to buy?'
11.9136 	EXP 	eyetracker.setRecordingState(False)
11.9257 	EXP 	text: height = np.float64(0.05)
11.9257 	EXP 	text: height = np.float64(0.05)
11.9257 	EXP 	text: height = np.float64(0.05)
11.9257 	EXP 	text: text = 'Which one are you going to buy?'
11.9269 	EXP 	eyetracker.setRecordingState(False)
11.9398 	EXP 	text: height = np.float64(0.05)
11.9398 	EXP 	text: height = np.float64(0.05)
11.9398 	EXP 	text: height = np.float64(0.05)
11.9398 	EXP 	text: text = 'Which one are you going to buy?'
11.9411 	EXP 	eyetracker.setRecordingState(False)
11.9566 	EXP 	text: height = np.float64(0.05)
11.9566 	EXP 	text: height = np.float64(0.05)
11.9566 	EXP 	text: height = np.float64(0.05)
11.9566 	EXP 	text: text = 'Which one are you going to buy?'
11.9587 	EXP 	eyetracker.setRecordingState(False)
11.9756 	EXP 	text: height = np.float64(0.05)
11.9756 	EXP 	text: height = np.float64(0.05)
11.9756 	EXP 	text: height = np.float64(0.05)
11.9756 	EXP 	text: text = 'Which one are you going to buy?'
11.9777 	EXP 	eyetracker.setRecordingState(False)
11.9949 	EXP 	text: height = np.float64(0.05)
11.9949 	EXP 	text: height = np.float64(0.05)
11.9949 	EXP 	text: height = np.float64(0.05)
11.9949 	EXP 	text: text = 'Which one are you going to buy?'
11.9966 	EXP 	eyetracker.setRecordingState(False)
12.0108 	EXP 	text: height = np.float64(0.05)
12.0108 	EXP 	text: height = np.float64(0.05)
12.0108 	EXP 	text: height = np.float64(0.05)
12.0108 	EXP 	text: text = 'Which one are you going to buy?'
12.0125 	EXP 	eyetracker.setRecordingState(False)
12.0277 	EXP 	text: height = np.float64(0.05)
12.0277 	EXP 	text: height = np.float64(0.05)
12.0277 	EXP 	text: height = np.float64(0.05)
12.0277 	EXP 	text: text = 'Which one are you going to buy?'
12.0295 	EXP 	eyetracker.setRecordingState(False)
12.0457 	EXP 	text: height = np.float64(0.05)
12.0457 	EXP 	text: height = np.float64(0.05)
12.0457 	EXP 	text: height = np.float64(0.05)
12.0457 	EXP 	text: text = 'Which one are you going to buy?'
12.0474 	EXP 	eyetracker.setRecordingState(False)
12.0595 	EXP 	text: height = np.float64(0.05)
12.0595 	EXP 	text: height = np.float64(0.05)
12.0595 	EXP 	text: height = np.float64(0.05)
12.0595 	EXP 	text: text = 'Which one are you going to buy?'
12.0607 	EXP 	eyetracker.setRecordingState(False)
12.0744 	EXP 	text: height = np.float64(0.05)
12.0744 	EXP 	text: height = np.float64(0.05)
12.0744 	EXP 	text: height = np.float64(0.05)
12.0744 	EXP 	text: text = 'Which one are you going to buy?'
12.0763 	EXP 	eyetracker.setRecordingState(False)
12.0952 	EXP 	text: height = np.float64(0.05)
12.0952 	EXP 	text: height = np.float64(0.05)
12.0952 	EXP 	text: height = np.float64(0.05)
12.0952 	EXP 	text: text = 'Which one are you going to buy?'
12.0968 	EXP 	eyetracker.setRecordingState(False)
12.1076 	EXP 	text: height = np.float64(0.05)
12.1076 	EXP 	text: height = np.float64(0.05)
12.1076 	EXP 	text: height = np.float64(0.05)
12.1076 	EXP 	text: text = 'Which one are you going to buy?'
12.1093 	EXP 	eyetracker.setRecordingState(False)
12.1199 	EXP 	text: height = np.float64(0.05)
12.1199 	EXP 	text: height = np.float64(0.05)
12.1199 	EXP 	text: height = np.float64(0.05)
12.1199 	EXP 	text: text = 'Which one are you going to buy?'
12.1213 	EXP 	eyetracker.setRecordingState(False)
12.1369 	EXP 	text: height = np.float64(0.05)
12.1369 	EXP 	text: height = np.float64(0.05)
12.1369 	EXP 	text: height = np.float64(0.05)
12.1369 	EXP 	text: text = 'Which one are you going to buy?'
12.1381 	EXP 	eyetracker.setRecordingState(False)
12.1496 	EXP 	text: height = np.float64(0.05)
12.1496 	EXP 	text: height = np.float64(0.05)
12.1496 	EXP 	text: height = np.float64(0.05)
12.1496 	EXP 	text: text = 'Which one are you going to buy?'
12.1503 	EXP 	eyetracker.setRecordingState(False)
12.1615 	EXP 	text: height = np.float64(0.05)
12.1615 	EXP 	text: height = np.float64(0.05)
12.1615 	EXP 	text: height = np.float64(0.05)
12.1615 	EXP 	text: text = 'Which one are you going to buy?'
12.1625 	EXP 	eyetracker.setRecordingState(False)
12.1739 	EXP 	text: height = np.float64(0.05)
12.1739 	EXP 	text: height = np.float64(0.05)
12.1739 	EXP 	text: height = np.float64(0.05)
12.1739 	EXP 	text: text = 'Which one are you going to buy?'
12.1763 	EXP 	eyetracker.setRecordingState(False)
12.1925 	EXP 	text: height = np.float64(0.05)
12.1925 	EXP 	text: height = np.float64(0.05)
12.1925 	EXP 	text: height = np.float64(0.05)
12.1925 	EXP 	text: text = 'Which one are you going to buy?'
12.1938 	EXP 	eyetracker.setRecordingState(False)
12.2068 	EXP 	text: height = np.float64(0.05)
12.2068 	EXP 	text: height = np.float64(0.05)
12.2068 	EXP 	text: height = np.float64(0.05)
12.2068 	EXP 	text: text = 'Which one are you going to buy?'
12.2082 	EXP 	eyetracker.setRecordingState(False)
12.2206 	EXP 	text: height = np.float64(0.05)
12.2206 	EXP 	text: height = np.float64(0.05)
12.2206 	EXP 	text: height = np.float64(0.05)
12.2206 	EXP 	text: text = 'Which one are you going to buy?'
12.2224 	EXP 	eyetracker.setRecordingState(False)
12.2373 	EXP 	text: height = np.float64(0.05)
12.2373 	EXP 	text: height = np.float64(0.05)
12.2373 	EXP 	text: height = np.float64(0.05)
12.2373 	EXP 	text: text = 'Which one are you going to buy?'
12.2385 	EXP 	eyetracker.setRecordingState(False)
12.2493 	EXP 	text: height = np.float64(0.05)
12.2493 	EXP 	text: height = np.float64(0.05)
12.2493 	EXP 	text: height = np.float64(0.05)
12.2493 	EXP 	text: text = 'Which one are you going to buy?'
12.2504 	EXP 	eyetracker.setRecordingState(False)
12.2592 	EXP 	text: height = np.float64(0.05)
12.2592 	EXP 	text: height = np.float64(0.05)
12.2592 	EXP 	text: height = np.float64(0.05)
12.2592 	EXP 	text: text = 'Which one are you going to buy?'
12.2606 	EXP 	eyetracker.setRecordingState(False)
12.2729 	EXP 	text: height = np.float64(0.05)
12.2729 	EXP 	text: height = np.float64(0.05)
12.2729 	EXP 	text: height = np.float64(0.05)
12.2729 	EXP 	text: text = 'Which one are you going to buy?'
12.2743 	EXP 	eyetracker.setRecordingState(False)
12.2854 	EXP 	text: height = np.float64(0.05)
12.2854 	EXP 	text: height = np.float64(0.05)
12.2854 	EXP 	text: height = np.float64(0.05)
12.2854 	EXP 	text: text = 'Which one are you going to buy?'
12.2871 	EXP 	eyetracker.setRecordingState(False)
12.3022 	EXP 	text: height = np.float64(0.05)
12.3022 	EXP 	text: height = np.float64(0.05)
12.3022 	EXP 	text: height = np.float64(0.05)
12.3022 	EXP 	text: text = 'Which one are you going to buy?'
12.3031 	EXP 	eyetracker.setRecordingState(False)
12.3167 	EXP 	text: height = np.float64(0.05)
12.3167 	EXP 	text: height = np.float64(0.05)
12.3167 	EXP 	text: height = np.float64(0.05)
12.3167 	EXP 	text: text = 'Which one are you going to buy?'
12.3184 	EXP 	eyetracker.setRecordingState(False)
12.3307 	EXP 	text: height = np.float64(0.05)
12.3307 	EXP 	text: height = np.float64(0.05)
12.3307 	EXP 	text: height = np.float64(0.05)
12.3307 	EXP 	text: text = 'Which one are you going to buy?'
12.3323 	EXP 	eyetracker.setRecordingState(False)
12.3435 	EXP 	text: height = np.float64(0.05)
12.3435 	EXP 	text: height = np.float64(0.05)
12.3435 	EXP 	text: height = np.float64(0.05)
12.3435 	EXP 	text: text = 'Which one are you going to buy?'
12.3443 	EXP 	eyetracker.setRecordingState(False)
12.3535 	EXP 	text: height = np.float64(0.05)
12.3535 	EXP 	text: height = np.float64(0.05)
12.3535 	EXP 	text: height = np.float64(0.05)
12.3535 	EXP 	text: text = 'Which one are you going to buy?'
12.3546 	EXP 	eyetracker.setRecordingState(False)
12.3667 	EXP 	text: height = np.float64(0.05)
12.3667 	EXP 	text: height = np.float64(0.05)
12.3667 	EXP 	text: height = np.float64(0.05)
12.3667 	EXP 	text: text = 'Which one are you going to buy?'
12.3684 	EXP 	eyetracker.setRecordingState(False)
12.3834 	EXP 	text: height = np.float64(0.05)
12.3834 	EXP 	text: height = np.float64(0.05)
12.3834 	EXP 	text: height = np.float64(0.05)
12.3834 	EXP 	text: text = 'Which one are you going to buy?'
12.3853 	EXP 	eyetracker.setRecordingState(False)
12.4007 	EXP 	text: height = np.float64(0.05)
12.4007 	EXP 	text: height = np.float64(0.05)
12.4007 	EXP 	text: height = np.float64(0.05)
12.4007 	EXP 	text: text = 'Which one are you going to buy?'
12.4026 	EXP 	eyetracker.setRecordingState(False)
12.4205 	EXP 	text: height = np.float64(0.05)
12.4205 	EXP 	text: height = np.float64(0.05)
12.4205 	EXP 	text: height = np.float64(0.05)
12.4205 	EXP 	text: text = 'Which one are you going to buy?'
12.4233 	EXP 	eyetracker.setRecordingState(False)
12.4394 	EXP 	text: height = np.float64(0.05)
12.4394 	EXP 	text: height = np.float64(0.05)
12.4394 	EXP 	text: height = np.float64(0.05)
12.4394 	EXP 	text: text = 'Which one are you going to buy?'
12.4428 	EXP 	eyetracker.setRecordingState(False)
12.4582 	EXP 	text: height = np.float64(0.05)
12.4582 	EXP 	text: height = np.float64(0.05)
12.4582 	EXP 	text: height = np.float64(0.05)
12.4582 	EXP 	text: text = 'Which one are you going to buy?'
12.4594 	EXP 	eyetracker.setRecordingState(False)
12.4722 	EXP 	text: height = np.float64(0.05)
12.4722 	EXP 	text: height = np.float64(0.05)
12.4722 	EXP 	text: height = np.float64(0.05)
12.4722 	EXP 	text: text = 'Which one are you going to buy?'
12.4738 	EXP 	eyetracker.setRecordingState(False)
12.4871 	EXP 	text: height = np.float64(0.05)
12.4871 	EXP 	text: height = np.float64(0.05)
12.4871 	EXP 	text: height = np.float64(0.05)
12.4871 	EXP 	text: text = 'Which one are you going to buy?'
12.4904 	EXP 	eyetracker.setRecordingState(False)
12.5092 	EXP 	text: height = np.float64(0.05)
12.5092 	EXP 	text: height = np.float64(0.05)
12.5092 	EXP 	text: height = np.float64(0.05)
12.5092 	EXP 	text: text = 'Which one are you going to buy?'
12.5112 	EXP 	eyetracker.setRecordingState(False)
12.5275 	EXP 	text: height = np.float64(0.05)
12.5275 	EXP 	text: height = np.float64(0.05)
12.5275 	EXP 	text: height = np.float64(0.05)
12.5275 	EXP 	text: text = 'Which one are you going to buy?'
12.5287 	EXP 	eyetracker.setRecordingState(False)
12.5415 	EXP 	text: height = np.float64(0.05)
12.5415 	EXP 	text: height = np.float64(0.05)
12.5415 	EXP 	text: height = np.float64(0.05)
12.5415 	EXP 	text: text = 'Which one are you going to buy?'
12.5426 	EXP 	eyetracker.setRecordingState(False)
12.5562 	EXP 	text: height = np.float64(0.05)
12.5562 	EXP 	text: height = np.float64(0.05)
12.5562 	EXP 	text: height = np.float64(0.05)
12.5562 	EXP 	text: text = 'Which one are you going to buy?'
12.5573 	EXP 	eyetracker.setRecordingState(False)
12.5689 	EXP 	text: height = np.float64(0.05)
12.5689 	EXP 	text: height = np.float64(0.05)
12.5689 	EXP 	text: height = np.float64(0.05)
12.5689 	EXP 	text: text = 'Which one are you going to buy?'
12.5704 	EXP 	eyetracker.setRecordingState(False)
12.5835 	EXP 	text: height = np.float64(0.05)
12.5835 	EXP 	text: height = np.float64(0.05)
12.5835 	EXP 	text: height = np.float64(0.05)
12.5835 	EXP 	text: text = 'Which one are you going to buy?'
12.5847 	EXP 	eyetracker.setRecordingState(False)
12.5949 	EXP 	text: height = np.float64(0.05)
12.5949 	EXP 	text: height = np.float64(0.05)
12.5949 	EXP 	text: height = np.float64(0.05)
12.5949 	EXP 	text: text = 'Which one are you going to buy?'
12.5958 	EXP 	eyetracker.setRecordingState(False)
12.6052 	EXP 	text: height = np.float64(0.05)
12.6052 	EXP 	text: height = np.float64(0.05)
12.6052 	EXP 	text: height = np.float64(0.05)
12.6052 	EXP 	text: text = 'Which one are you going to buy?'
12.6059 	EXP 	eyetracker.setRecordingState(False)
12.6146 	EXP 	text: height = np.float64(0.05)
12.6146 	EXP 	text: height = np.float64(0.05)
12.6146 	EXP 	text: height = np.float64(0.05)
12.6146 	EXP 	text: text = 'Which one are you going to buy?'
12.6154 	EXP 	eyetracker.setRecordingState(False)
12.6238 	EXP 	text: height = np.float64(0.05)
12.6238 	EXP 	text: height = np.float64(0.05)
12.6238 	EXP 	text: height = np.float64(0.05)
12.6238 	EXP 	text: text = 'Which one are you going to buy?'
12.6248 	EXP 	eyetracker.setRecordingState(False)
12.6326 	EXP 	text: height = np.float64(0.05)
12.6326 	EXP 	text: height = np.float64(0.05)
12.6326 	EXP 	text: height = np.float64(0.05)
12.6326 	EXP 	text: text = 'Which one are you going to buy?'
12.6335 	EXP 	eyetracker.setRecordingState(False)
12.6414 	EXP 	text: height = np.float64(0.05)
12.6414 	EXP 	text: height = np.float64(0.05)
12.6414 	EXP 	text: height = np.float64(0.05)
12.6414 	EXP 	text: text = 'Which one are you going to buy?'
12.6429 	EXP 	eyetracker.setRecordingState(False)
12.6531 	EXP 	text: height = np.float64(0.05)
12.6531 	EXP 	text: height = np.float64(0.05)
12.6531 	EXP 	text: height = np.float64(0.05)
12.6531 	EXP 	text: text = 'Which one are you going to buy?'
12.6542 	EXP 	eyetracker.setRecordingState(False)
12.6673 	EXP 	text: height = np.float64(0.05)
12.6673 	EXP 	text: height = np.float64(0.05)
12.6673 	EXP 	text: height = np.float64(0.05)
12.6673 	EXP 	text: text = 'Which one are you going to buy?'
12.6691 	EXP 	eyetracker.setRecordingState(False)
12.6840 	EXP 	text: height = np.float64(0.05)
12.6840 	EXP 	text: height = np.float64(0.05)
12.6840 	EXP 	text: height = np.float64(0.05)
12.6840 	EXP 	text: text = 'Which one are you going to buy?'
12.6858 	EXP 	eyetracker.setRecordingState(False)
12.6998 	EXP 	text: height = np.float64(0.05)
12.6998 	EXP 	text: height = np.float64(0.05)
12.6998 	EXP 	text: height = np.float64(0.05)
12.6998 	EXP 	text: text = 'Which one are you going to buy?'
12.7016 	EXP 	eyetracker.setRecordingState(False)
12.7162 	EXP 	text: height = np.float64(0.05)
12.7162 	EXP 	text: height = np.float64(0.05)
12.7162 	EXP 	text: height = np.float64(0.05)
12.7162 	EXP 	text: text = 'Which one are you going to buy?'
12.7173 	EXP 	eyetracker.setRecordingState(False)
12.7328 	EXP 	text: height = np.float64(0.05)
12.7328 	EXP 	text: height = np.float64(0.05)
12.7328 	EXP 	text: height = np.float64(0.05)
12.7328 	EXP 	text: text = 'Which one are you going to buy?'
12.7344 	EXP 	eyetracker.setRecordingState(False)
12.7518 	EXP 	text: height = np.float64(0.05)
12.7518 	EXP 	text: height = np.float64(0.05)
12.7518 	EXP 	text: height = np.float64(0.05)
12.7518 	EXP 	text: text = 'Which one are you going to buy?'
12.7538 	EXP 	eyetracker.setRecordingState(False)
12.7711 	EXP 	text: height = np.float64(0.05)
12.7711 	EXP 	text: height = np.float64(0.05)
12.7711 	EXP 	text: height = np.float64(0.05)
12.7711 	EXP 	text: text = 'Which one are you going to buy?'
12.7732 	EXP 	eyetracker.setRecordingState(False)
12.7895 	EXP 	text: height = np.float64(0.05)
12.7895 	EXP 	text: height = np.float64(0.05)
12.7895 	EXP 	text: height = np.float64(0.05)
12.7895 	EXP 	text: text = 'Which one are you going to buy?'
12.7910 	EXP 	eyetracker.setRecordingState(False)
12.8066 	EXP 	text: height = np.float64(0.05)
12.8066 	EXP 	text: height = np.float64(0.05)
12.8066 	EXP 	text: height = np.float64(0.05)
12.8066 	EXP 	text: text = 'Which one are you going to buy?'
12.8083 	EXP 	eyetracker.setRecordingState(False)
12.8281 	EXP 	text: height = np.float64(0.05)
12.8281 	EXP 	text: height = np.float64(0.05)
12.8281 	EXP 	text: height = np.float64(0.05)
12.8281 	EXP 	text: text = 'Which one are you going to buy?'
12.8305 	EXP 	eyetracker.setRecordingState(False)
12.8492 	EXP 	text: height = np.float64(0.05)
12.8492 	EXP 	text: height = np.float64(0.05)
12.8492 	EXP 	text: height = np.float64(0.05)
12.8492 	EXP 	text: text = 'Which one are you going to buy?'
12.8508 	EXP 	eyetracker.setRecordingState(False)
12.8680 	EXP 	text: height = np.float64(0.05)
12.8680 	EXP 	text: height = np.float64(0.05)
12.8680 	EXP 	text: height = np.float64(0.05)
12.8680 	EXP 	text: text = 'Which one are you going to buy?'
12.8700 	EXP 	eyetracker.setRecordingState(False)
12.8881 	EXP 	text: height = np.float64(0.05)
12.8881 	EXP 	text: height = np.float64(0.05)
12.8881 	EXP 	text: height = np.float64(0.05)
12.8881 	EXP 	text: text = 'Which one are you going to buy?'
12.8900 	EXP 	eyetracker.setRecordingState(False)
12.9116 	EXP 	text: height = np.float64(0.05)
12.9116 	EXP 	text: height = np.float64(0.05)
12.9116 	EXP 	text: height = np.float64(0.05)
12.9116 	EXP 	text: text = 'Which one are you going to buy?'
12.9135 	EXP 	eyetracker.setRecordingState(False)
12.9338 	EXP 	text: height = np.float64(0.05)
12.9338 	EXP 	text: height = np.float64(0.05)
12.9338 	EXP 	text: height = np.float64(0.05)
12.9338 	EXP 	text: text = 'Which one are you going to buy?'
12.9357 	EXP 	eyetracker.setRecordingState(False)
12.9548 	EXP 	text: height = np.float64(0.05)
12.9548 	EXP 	text: height = np.float64(0.05)
12.9548 	EXP 	text: height = np.float64(0.05)
12.9548 	EXP 	text: text = 'Which one are you going to buy?'
12.9565 	EXP 	eyetracker.setRecordingState(False)
12.9718 	EXP 	text: height = np.float64(0.05)
12.9718 	EXP 	text: height = np.float64(0.05)
12.9718 	EXP 	text: height = np.float64(0.05)
12.9718 	EXP 	text: text = 'Which one are you going to buy?'
12.9733 	EXP 	eyetracker.setRecordingState(False)
12.9935 	EXP 	text: height = np.float64(0.05)
12.9935 	EXP 	text: height = np.float64(0.05)
12.9935 	EXP 	text: height = np.float64(0.05)
12.9935 	EXP 	text: text = 'Which one are you going to buy?'
12.9964 	EXP 	eyetracker.setRecordingState(False)
13.0170 	EXP 	text: height = np.float64(0.05)
13.0170 	EXP 	text: height = np.float64(0.05)
13.0170 	EXP 	text: height = np.float64(0.05)
13.0170 	EXP 	text: text = 'Which one are you going to buy?'
13.0189 	EXP 	eyetracker.setRecordingState(False)
13.0403 	EXP 	text: height = np.float64(0.05)
13.0403 	EXP 	text: height = np.float64(0.05)
13.0403 	EXP 	text: height = np.float64(0.05)
13.0403 	EXP 	text: text = 'Which one are you going to buy?'
13.0432 	EXP 	eyetracker.setRecordingState(False)
13.0693 	EXP 	text: height = np.float64(0.05)
13.0693 	EXP 	text: height = np.float64(0.05)
13.0693 	EXP 	text: height = np.float64(0.05)
13.0693 	EXP 	text: text = 'Which one are you going to buy?'
13.0710 	EXP 	eyetracker.setRecordingState(False)
13.0894 	EXP 	text: height = np.float64(0.05)
13.0894 	EXP 	text: height = np.float64(0.05)
13.0894 	EXP 	text: height = np.float64(0.05)
13.0894 	EXP 	text: text = 'Which one are you going to buy?'
13.0914 	EXP 	eyetracker.setRecordingState(False)
13.1175 	EXP 	text: height = np.float64(0.05)
13.1175 	EXP 	text: height = np.float64(0.05)
13.1175 	EXP 	text: height = np.float64(0.05)
13.1175 	EXP 	text: text = 'Which one are you going to buy?'
13.1213 	EXP 	eyetracker.setRecordingState(False)
13.1392 	EXP 	text: height = np.float64(0.05)
13.1392 	EXP 	text: height = np.float64(0.05)
13.1392 	EXP 	text: height = np.float64(0.05)
13.1392 	EXP 	text: text = 'Which one are you going to buy?'
13.1420 	EXP 	eyetracker.setRecordingState(False)
13.1636 	EXP 	text: height = np.float64(0.05)
13.1636 	EXP 	text: height = np.float64(0.05)
13.1636 	EXP 	text: height = np.float64(0.05)
13.1636 	EXP 	text: text = 'Which one are you going to buy?'
13.1662 	EXP 	eyetracker.setRecordingState(False)
13.1858 	EXP 	text: height = np.float64(0.05)
13.1858 	EXP 	text: height = np.float64(0.05)
13.1858 	EXP 	text: height = np.float64(0.05)
13.1858 	EXP 	text: text = 'Which one are you going to buy?'
13.1877 	EXP 	eyetracker.setRecordingState(False)
13.2051 	EXP 	text: height = np.float64(0.05)
13.2051 	EXP 	text: height = np.float64(0.05)
13.2051 	EXP 	text: height = np.float64(0.05)
13.2051 	EXP 	text: text = 'Which one are you going to buy?'
13.2063 	EXP 	eyetracker.setRecordingState(False)
13.2190 	EXP 	text: height = np.float64(0.05)
13.2190 	EXP 	text: height = np.float64(0.05)
13.2190 	EXP 	text: height = np.float64(0.05)
13.2190 	EXP 	text: text = 'Which one are you going to buy?'
13.2200 	EXP 	eyetracker.setRecordingState(False)
13.2296 	EXP 	text: height = np.float64(0.05)
13.2296 	EXP 	text: height = np.float64(0.05)
13.2296 	EXP 	text: height = np.float64(0.05)
13.2296 	EXP 	text: text = 'Which one are you going to buy?'
13.2310 	EXP 	eyetracker.setRecordingState(False)
13.2453 	EXP 	text: height = np.float64(0.05)
13.2453 	EXP 	text: height = np.float64(0.05)
13.2453 	EXP 	text: height = np.float64(0.05)
13.2453 	EXP 	text: text = 'Which one are you going to buy?'
13.2475 	EXP 	eyetracker.setRecordingState(False)
13.2585 	EXP 	text: height = np.float64(0.05)
13.2585 	EXP 	text: height = np.float64(0.05)
13.2585 	EXP 	text: height = np.float64(0.05)
13.2585 	EXP 	text: text = 'Which one are you going to buy?'
13.2606 	EXP 	eyetracker.setRecordingState(False)
13.2751 	EXP 	text: height = np.float64(0.05)
13.2751 	EXP 	text: height = np.float64(0.05)
13.2751 	EXP 	text: height = np.float64(0.05)
13.2751 	EXP 	text: text = 'Which one are you going to buy?'
13.2766 	EXP 	eyetracker.setRecordingState(False)
13.2913 	EXP 	text: height = np.float64(0.05)
13.2913 	EXP 	text: height = np.float64(0.05)
13.2913 	EXP 	text: height = np.float64(0.05)
13.2913 	EXP 	text: text = 'Which one are you going to buy?'
13.2925 	EXP 	eyetracker.setRecordingState(False)
13.3040 	EXP 	text: height = np.float64(0.05)
13.3040 	EXP 	text: height = np.float64(0.05)
13.3040 	EXP 	text: height = np.float64(0.05)
13.3040 	EXP 	text: text = 'Which one are you going to buy?'
13.3054 	EXP 	eyetracker.setRecordingState(False)
13.3196 	EXP 	text: height = np.float64(0.05)
13.3196 	EXP 	text: height = np.float64(0.05)
13.3196 	EXP 	text: height = np.float64(0.05)
13.3196 	EXP 	text: text = 'Which one are you going to buy?'
13.3208 	EXP 	eyetracker.setRecordingState(False)
13.3333 	EXP 	text: height = np.float64(0.05)
13.3333 	EXP 	text: height = np.float64(0.05)
13.3333 	EXP 	text: height = np.float64(0.05)
13.3333 	EXP 	text: text = 'Which one are you going to buy?'
13.3341 	EXP 	eyetracker.setRecordingState(False)
13.3447 	EXP 	text: height = np.float64(0.05)
13.3447 	EXP 	text: height = np.float64(0.05)
13.3447 	EXP 	text: height = np.float64(0.05)
13.3447 	EXP 	text: text = 'Which one are you going to buy?'
13.3461 	EXP 	eyetracker.setRecordingState(False)
13.3593 	EXP 	text: height = np.float64(0.05)
13.3593 	EXP 	text: height = np.float64(0.05)
13.3593 	EXP 	text: height = np.float64(0.05)
13.3593 	EXP 	text: text = 'Which one are you going to buy?'
13.3612 	EXP 	eyetracker.setRecordingState(False)
13.3784 	EXP 	text: height = np.float64(0.05)
13.3784 	EXP 	text: height = np.float64(0.05)
13.3784 	EXP 	text: height = np.float64(0.05)
13.3784 	EXP 	text: text = 'Which one are you going to buy?'
13.3798 	EXP 	eyetracker.setRecordingState(False)
13.3940 	EXP 	text: height = np.float64(0.05)
13.3940 	EXP 	text: height = np.float64(0.05)
13.3940 	EXP 	text: height = np.float64(0.05)
13.3940 	EXP 	text: text = 'Which one are you going to buy?'
13.3959 	EXP 	eyetracker.setRecordingState(False)
13.4099 	EXP 	text: height = np.float64(0.05)
13.4099 	EXP 	text: height = np.float64(0.05)
13.4099 	EXP 	text: height = np.float64(0.05)
13.4099 	EXP 	text: text = 'Which one are you going to buy?'
13.4113 	EXP 	eyetracker.setRecordingState(False)
13.4234 	EXP 	text: height = np.float64(0.05)
13.4234 	EXP 	text: height = np.float64(0.05)
13.4234 	EXP 	text: height = np.float64(0.05)
13.4234 	EXP 	text: text = 'Which one are you going to buy?'
13.4243 	EXP 	eyetracker.setRecordingState(False)
13.4340 	EXP 	text: height = np.float64(0.05)
13.4340 	EXP 	text: height = np.float64(0.05)
13.4340 	EXP 	text: height = np.float64(0.05)
13.4340 	EXP 	text: text = 'Which one are you going to buy?'
13.4353 	EXP 	eyetracker.setRecordingState(False)
13.4456 	EXP 	text: height = np.float64(0.05)
13.4456 	EXP 	text: height = np.float64(0.05)
13.4456 	EXP 	text: height = np.float64(0.05)
13.4456 	EXP 	text: text = 'Which one are you going to buy?'
13.4467 	EXP 	eyetracker.setRecordingState(False)
13.4591 	EXP 	text: height = np.float64(0.05)
13.4591 	EXP 	text: height = np.float64(0.05)
13.4591 	EXP 	text: height = np.float64(0.05)
13.4591 	EXP 	text: text = 'Which one are you going to buy?'
13.4600 	EXP 	eyetracker.setRecordingState(False)
13.4701 	EXP 	text: height = np.float64(0.05)
13.4701 	EXP 	text: height = np.float64(0.05)
13.4701 	EXP 	text: height = np.float64(0.05)
13.4701 	EXP 	text: text = 'Which one are you going to buy?'
13.4713 	EXP 	eyetracker.setRecordingState(False)
13.4804 	EXP 	text: height = np.float64(0.05)
13.4804 	EXP 	text: height = np.float64(0.05)
13.4804 	EXP 	text: height = np.float64(0.05)
13.4804 	EXP 	text: text = 'Which one are you going to buy?'
13.4813 	EXP 	eyetracker.setRecordingState(False)
13.4911 	EXP 	text: height = np.float64(0.05)
13.4911 	EXP 	text: height = np.float64(0.05)
13.4911 	EXP 	text: height = np.float64(0.05)
13.4911 	EXP 	text: text = 'Which one are you going to buy?'
13.4924 	EXP 	eyetracker.setRecordingState(False)
13.5010 	EXP 	text: height = np.float64(0.05)
13.5010 	EXP 	text: height = np.float64(0.05)
13.5010 	EXP 	text: height = np.float64(0.05)
13.5010 	EXP 	text: text = 'Which one are you going to buy?'
13.5019 	EXP 	eyetracker.setRecordingState(False)
13.5122 	EXP 	text: height = np.float64(0.05)
13.5122 	EXP 	text: height = np.float64(0.05)
13.5122 	EXP 	text: height = np.float64(0.05)
13.5122 	EXP 	text: text = 'Which one are you going to buy?'
13.5135 	EXP 	eyetracker.setRecordingState(False)
13.5238 	EXP 	text: height = np.float64(0.05)
13.5238 	EXP 	text: height = np.float64(0.05)
13.5238 	EXP 	text: height = np.float64(0.05)
13.5238 	EXP 	text: text = 'Which one are you going to buy?'
13.5248 	EXP 	eyetracker.setRecordingState(False)
13.5350 	EXP 	text: height = np.float64(0.05)
13.5350 	EXP 	text: height = np.float64(0.05)
13.5350 	EXP 	text: height = np.float64(0.05)
13.5350 	EXP 	text: text = 'Which one are you going to buy?'
13.5360 	EXP 	eyetracker.setRecordingState(False)
13.5496 	EXP 	text: height = np.float64(0.05)
13.5496 	EXP 	text: height = np.float64(0.05)
13.5496 	EXP 	text: height = np.float64(0.05)
13.5496 	EXP 	text: text = 'Which one are you going to buy?'
13.5517 	EXP 	eyetracker.setRecordingState(False)
13.5658 	EXP 	text: height = np.float64(0.05)
13.5658 	EXP 	text: height = np.float64(0.05)
13.5658 	EXP 	text: height = np.float64(0.05)
13.5658 	EXP 	text: text = 'Which one are you going to buy?'
13.5676 	EXP 	eyetracker.setRecordingState(False)
13.5820 	EXP 	text: height = np.float64(0.05)
13.5820 	EXP 	text: height = np.float64(0.05)
13.5820 	EXP 	text: height = np.float64(0.05)
13.5820 	EXP 	text: text = 'Which one are you going to buy?'
13.5845 	EXP 	eyetracker.setRecordingState(False)
13.6027 	EXP 	text: height = np.float64(0.05)
13.6027 	EXP 	text: height = np.float64(0.05)
13.6027 	EXP 	text: height = np.float64(0.05)
13.6027 	EXP 	text: text = 'Which one are you going to buy?'
13.6045 	EXP 	eyetracker.setRecordingState(False)
13.6186 	EXP 	text: height = np.float64(0.05)
13.6186 	EXP 	text: height = np.float64(0.05)
13.6186 	EXP 	text: height = np.float64(0.05)
13.6186 	EXP 	text: text = 'Which one are you going to buy?'
13.6202 	EXP 	eyetracker.setRecordingState(False)
13.6351 	EXP 	text: height = np.float64(0.05)
13.6351 	EXP 	text: height = np.float64(0.05)
13.6351 	EXP 	text: height = np.float64(0.05)
13.6351 	EXP 	text: text = 'Which one are you going to buy?'
13.6389 	EXP 	eyetracker.setRecordingState(False)
13.6566 	EXP 	text: height = np.float64(0.05)
13.6566 	EXP 	text: height = np.float64(0.05)
13.6566 	EXP 	text: height = np.float64(0.05)
13.6566 	EXP 	text: text = 'Which one are you going to buy?'
13.6597 	EXP 	eyetracker.setRecordingState(False)
13.6767 	EXP 	text: height = np.float64(0.05)
13.6767 	EXP 	text: height = np.float64(0.05)
13.6767 	EXP 	text: height = np.float64(0.05)
13.6767 	EXP 	text: text = 'Which one are you going to buy?'
13.6787 	EXP 	eyetracker.setRecordingState(False)
13.6923 	EXP 	text: height = np.float64(0.05)
13.6923 	EXP 	text: height = np.float64(0.05)
13.6923 	EXP 	text: height = np.float64(0.05)
13.6923 	EXP 	text: text = 'Which one are you going to buy?'
13.6937 	EXP 	eyetracker.setRecordingState(False)
13.7110 	EXP 	text: height = np.float64(0.05)
13.7110 	EXP 	text: height = np.float64(0.05)
13.7110 	EXP 	text: height = np.float64(0.05)
13.7110 	EXP 	text: text = 'Which one are you going to buy?'
13.7130 	EXP 	eyetracker.setRecordingState(False)
13.7271 	EXP 	text: height = np.float64(0.05)
13.7271 	EXP 	text: height = np.float64(0.05)
13.7271 	EXP 	text: height = np.float64(0.05)
13.7271 	EXP 	text: text = 'Which one are you going to buy?'
13.7285 	EXP 	eyetracker.setRecordingState(False)
13.7433 	EXP 	text: height = np.float64(0.05)
13.7433 	EXP 	text: height = np.float64(0.05)
13.7433 	EXP 	text: height = np.float64(0.05)
13.7433 	EXP 	text: text = 'Which one are you going to buy?'
13.7444 	EXP 	eyetracker.setRecordingState(False)
13.7578 	EXP 	text: height = np.float64(0.05)
13.7578 	EXP 	text: height = np.float64(0.05)
13.7578 	EXP 	text: height = np.float64(0.05)
13.7578 	EXP 	text: text = 'Which one are you going to buy?'
13.7590 	EXP 	eyetracker.setRecordingState(False)
13.7713 	EXP 	text: height = np.float64(0.05)
13.7713 	EXP 	text: height = np.float64(0.05)
13.7713 	EXP 	text: height = np.float64(0.05)
13.7713 	EXP 	text: text = 'Which one are you going to buy?'
13.7732 	EXP 	eyetracker.setRecordingState(False)
13.7842 	EXP 	text: height = np.float64(0.05)
13.7842 	EXP 	text: height = np.float64(0.05)
13.7842 	EXP 	text: height = np.float64(0.05)
13.7842 	EXP 	text: text = 'Which one are you going to buy?'
13.7856 	EXP 	eyetracker.setRecordingState(False)
13.8015 	EXP 	text: height = np.float64(0.05)
13.8015 	EXP 	text: height = np.float64(0.05)
13.8015 	EXP 	text: height = np.float64(0.05)
13.8015 	EXP 	text: text = 'Which one are you going to buy?'
13.8036 	EXP 	eyetracker.setRecordingState(False)
13.8218 	EXP 	text: height = np.float64(0.05)
13.8218 	EXP 	text: height = np.float64(0.05)
13.8218 	EXP 	text: height = np.float64(0.05)
13.8218 	EXP 	text: text = 'Which one are you going to buy?'
13.8236 	EXP 	eyetracker.setRecordingState(False)
13.8388 	EXP 	text: height = np.float64(0.05)
13.8388 	EXP 	text: height = np.float64(0.05)
13.8388 	EXP 	text: height = np.float64(0.05)
13.8388 	EXP 	text: text = 'Which one are you going to buy?'
13.8402 	EXP 	eyetracker.setRecordingState(False)
13.8549 	EXP 	text: height = np.float64(0.05)
13.8549 	EXP 	text: height = np.float64(0.05)
13.8549 	EXP 	text: height = np.float64(0.05)
13.8549 	EXP 	text: text = 'Which one are you going to buy?'
13.8566 	EXP 	eyetracker.setRecordingState(False)
13.8723 	EXP 	text: height = np.float64(0.05)
13.8723 	EXP 	text: height = np.float64(0.05)
13.8723 	EXP 	text: height = np.float64(0.05)
13.8723 	EXP 	text: text = 'Which one are you going to buy?'
13.8740 	EXP 	eyetracker.setRecordingState(False)
13.8885 	EXP 	text: height = np.float64(0.05)
13.8885 	EXP 	text: height = np.float64(0.05)
13.8885 	EXP 	text: height = np.float64(0.05)
13.8885 	EXP 	text: text = 'Which one are you going to buy?'
13.8900 	EXP 	eyetracker.setRecordingState(False)
13.9086 	EXP 	text: height = np.float64(0.05)
13.9086 	EXP 	text: height = np.float64(0.05)
13.9086 	EXP 	text: height = np.float64(0.05)
13.9086 	EXP 	text: text = 'Which one are you going to buy?'
13.9100 	EXP 	eyetracker.setRecordingState(False)
13.9221 	EXP 	text: height = np.float64(0.05)
13.9221 	EXP 	text: height = np.float64(0.05)
13.9221 	EXP 	text: height = np.float64(0.05)
13.9221 	EXP 	text: text = 'Which one are you going to buy?'
13.9231 	EXP 	eyetracker.setRecordingState(False)
13.9331 	EXP 	text: height = np.float64(0.05)
13.9331 	EXP 	text: height = np.float64(0.05)
13.9331 	EXP 	text: height = np.float64(0.05)
13.9331 	EXP 	text: text = 'Which one are you going to buy?'
13.9339 	EXP 	eyetracker.setRecordingState(False)
13.9442 	EXP 	text: height = np.float64(0.05)
13.9442 	EXP 	text: height = np.float64(0.05)
13.9442 	EXP 	text: height = np.float64(0.05)
13.9442 	EXP 	text: text = 'Which one are you going to buy?'
13.9453 	EXP 	eyetracker.setRecordingState(False)
13.9557 	EXP 	text: height = np.float64(0.05)
13.9557 	EXP 	text: height = np.float64(0.05)
13.9557 	EXP 	text: height = np.float64(0.05)
13.9557 	EXP 	text: text = 'Which one are you going to buy?'
13.9573 	EXP 	eyetracker.setRecordingState(False)
13.9667 	EXP 	text: height = np.float64(0.05)
13.9667 	EXP 	text: height = np.float64(0.05)
13.9667 	EXP 	text: height = np.float64(0.05)
13.9667 	EXP 	text: text = 'Which one are you going to buy?'
13.9679 	EXP 	eyetracker.setRecordingState(False)
13.9804 	EXP 	text: height = np.float64(0.05)
13.9804 	EXP 	text: height = np.float64(0.05)
13.9804 	EXP 	text: height = np.float64(0.05)
13.9804 	EXP 	text: text = 'Which one are you going to buy?'
13.9813 	EXP 	eyetracker.setRecordingState(False)
13.9920 	EXP 	text: height = np.float64(0.05)
13.9920 	EXP 	text: height = np.float64(0.05)
13.9920 	EXP 	text: height = np.float64(0.05)
13.9920 	EXP 	text: text = 'Which one are you going to buy?'
13.9931 	EXP 	eyetracker.setRecordingState(False)
14.0044 	EXP 	text: height = np.float64(0.05)
14.0044 	EXP 	text: height = np.float64(0.05)
14.0044 	EXP 	text: height = np.float64(0.05)
14.0044 	EXP 	text: text = 'Which one are you going to buy?'
14.0054 	EXP 	eyetracker.setRecordingState(False)
14.0179 	EXP 	text: height = np.float64(0.05)
14.0179 	EXP 	text: height = np.float64(0.05)
14.0179 	EXP 	text: height = np.float64(0.05)
14.0179 	EXP 	text: text = 'Which one are you going to buy?'
14.0203 	EXP 	eyetracker.setRecordingState(False)
14.0355 	EXP 	text: height = np.float64(0.05)
14.0355 	EXP 	text: height = np.float64(0.05)
14.0355 	EXP 	text: height = np.float64(0.05)
14.0355 	EXP 	text: text = 'Which one are you going to buy?'
14.0370 	EXP 	eyetracker.setRecordingState(False)
14.0491 	EXP 	text: height = np.float64(0.05)
14.0491 	EXP 	text: height = np.float64(0.05)
14.0491 	EXP 	text: height = np.float64(0.05)
14.0491 	EXP 	text: text = 'Which one are you going to buy?'
14.0503 	EXP 	eyetracker.setRecordingState(False)
14.0621 	EXP 	text: height = np.float64(0.05)
14.0621 	EXP 	text: height = np.float64(0.05)
14.0621 	EXP 	text: height = np.float64(0.05)
14.0621 	EXP 	text: text = 'Which one are you going to buy?'
14.0632 	EXP 	eyetracker.setRecordingState(False)
14.0732 	EXP 	text: height = np.float64(0.05)
14.0732 	EXP 	text: height = np.float64(0.05)
14.0732 	EXP 	text: height = np.float64(0.05)
14.0732 	EXP 	text: text = 'Which one are you going to buy?'
14.0741 	EXP 	eyetracker.setRecordingState(False)
14.0836 	EXP 	text: height = np.float64(0.05)
14.0836 	EXP 	text: height = np.float64(0.05)
14.0836 	EXP 	text: height = np.float64(0.05)
14.0836 	EXP 	text: text = 'Which one are you going to buy?'
14.0845 	EXP 	eyetracker.setRecordingState(False)
14.0941 	EXP 	text: height = np.float64(0.05)
14.0941 	EXP 	text: height = np.float64(0.05)
14.0941 	EXP 	text: height = np.float64(0.05)
14.0941 	EXP 	text: text = 'Which one are you going to buy?'
14.0955 	EXP 	eyetracker.setRecordingState(False)
14.1109 	EXP 	text: height = np.float64(0.05)
14.1109 	EXP 	text: height = np.float64(0.05)
14.1109 	EXP 	text: height = np.float64(0.05)
14.1109 	EXP 	text: text = 'Which one are you going to buy?'
14.1127 	EXP 	eyetracker.setRecordingState(False)
14.1295 	EXP 	text: height = np.float64(0.05)
14.1295 	EXP 	text: height = np.float64(0.05)
14.1295 	EXP 	text: height = np.float64(0.05)
14.1295 	EXP 	text: text = 'Which one are you going to buy?'
14.1317 	EXP 	eyetracker.setRecordingState(False)
14.1501 	EXP 	text: height = np.float64(0.05)
14.1501 	EXP 	text: height = np.float64(0.05)
14.1501 	EXP 	text: height = np.float64(0.05)
14.1501 	EXP 	text: text = 'Which one are you going to buy?'
14.1519 	EXP 	eyetracker.setRecordingState(False)
14.1669 	EXP 	text: height = np.float64(0.05)
14.1669 	EXP 	text: height = np.float64(0.05)
14.1669 	EXP 	text: height = np.float64(0.05)
14.1669 	EXP 	text: text = 'Which one are you going to buy?'
14.1687 	EXP 	eyetracker.setRecordingState(False)
14.1926 	EXP 	text: height = np.float64(0.05)
14.1926 	EXP 	text: height = np.float64(0.05)
14.1926 	EXP 	text: height = np.float64(0.05)
14.1926 	EXP 	text: text = 'Which one are you going to buy?'
14.1944 	EXP 	eyetracker.setRecordingState(False)
14.2101 	EXP 	text: height = np.float64(0.05)
14.2101 	EXP 	text: height = np.float64(0.05)
14.2101 	EXP 	text: height = np.float64(0.05)
14.2101 	EXP 	text: text = 'Which one are you going to buy?'
14.2114 	EXP 	eyetracker.setRecordingState(False)
14.2308 	EXP 	text: height = np.float64(0.05)
14.2308 	EXP 	text: height = np.float64(0.05)
14.2308 	EXP 	text: height = np.float64(0.05)
14.2308 	EXP 	text: text = 'Which one are you going to buy?'
14.2330 	EXP 	eyetracker.setRecordingState(False)
14.2533 	EXP 	text: height = np.float64(0.05)
14.2533 	EXP 	text: height = np.float64(0.05)
14.2533 	EXP 	text: height = np.float64(0.05)
14.2533 	EXP 	text: text = 'Which one are you going to buy?'
14.2554 	EXP 	eyetracker.setRecordingState(False)
14.2770 	EXP 	text: height = np.float64(0.05)
14.2770 	EXP 	text: height = np.float64(0.05)
14.2770 	EXP 	text: height = np.float64(0.05)
14.2770 	EXP 	text: text = 'Which one are you going to buy?'
14.2793 	EXP 	eyetracker.setRecordingState(False)
14.3030 	EXP 	text: height = np.float64(0.05)
14.3030 	EXP 	text: height = np.float64(0.05)
14.3030 	EXP 	text: height = np.float64(0.05)
14.3030 	EXP 	text: text = 'Which one are you going to buy?'
14.3055 	EXP 	eyetracker.setRecordingState(False)
14.3246 	EXP 	text: height = np.float64(0.05)
14.3246 	EXP 	text: height = np.float64(0.05)
14.3246 	EXP 	text: height = np.float64(0.05)
14.3246 	EXP 	text: text = 'Which one are you going to buy?'
14.3270 	EXP 	eyetracker.setRecordingState(False)
14.3475 	EXP 	text: height = np.float64(0.05)
14.3475 	EXP 	text: height = np.float64(0.05)
14.3475 	EXP 	text: height = np.float64(0.05)
14.3475 	EXP 	text: text = 'Which one are you going to buy?'
14.3493 	EXP 	eyetracker.setRecordingState(False)
14.3625 	EXP 	text: height = np.float64(0.05)
14.3625 	EXP 	text: height = np.float64(0.05)
14.3625 	EXP 	text: height = np.float64(0.05)
14.3625 	EXP 	text: text = 'Which one are you going to buy?'
14.3637 	EXP 	eyetracker.setRecordingState(False)
14.3747 	EXP 	text: height = np.float64(0.05)
14.3747 	EXP 	text: height = np.float64(0.05)
14.3747 	EXP 	text: height = np.float64(0.05)
14.3747 	EXP 	text: text = 'Which one are you going to buy?'
14.3757 	EXP 	eyetracker.setRecordingState(False)
14.3849 	EXP 	text: height = np.float64(0.05)
14.3849 	EXP 	text: height = np.float64(0.05)
14.3849 	EXP 	text: height = np.float64(0.05)
14.3849 	EXP 	text: text = 'Which one are you going to buy?'
14.3858 	EXP 	eyetracker.setRecordingState(False)
14.3955 	EXP 	text: height = np.float64(0.05)
14.3955 	EXP 	text: height = np.float64(0.05)
14.3955 	EXP 	text: height = np.float64(0.05)
14.3955 	EXP 	text: text = 'Which one are you going to buy?'
14.3963 	EXP 	eyetracker.setRecordingState(False)
14.4052 	EXP 	text: height = np.float64(0.05)
14.4052 	EXP 	text: height = np.float64(0.05)
14.4052 	EXP 	text: height = np.float64(0.05)
14.4052 	EXP 	text: text = 'Which one are you going to buy?'
14.4060 	EXP 	eyetracker.setRecordingState(False)
14.4152 	EXP 	text: height = np.float64(0.05)
14.4152 	EXP 	text: height = np.float64(0.05)
14.4152 	EXP 	text: height = np.float64(0.05)
14.4152 	EXP 	text: text = 'Which one are you going to buy?'
14.4160 	EXP 	eyetracker.setRecordingState(False)
14.4255 	EXP 	text: height = np.float64(0.05)
14.4255 	EXP 	text: height = np.float64(0.05)
14.4255 	EXP 	text: height = np.float64(0.05)
14.4255 	EXP 	text: text = 'Which one are you going to buy?'
14.4267 	EXP 	eyetracker.setRecordingState(False)
14.4379 	EXP 	text: height = np.float64(0.05)
14.4379 	EXP 	text: height = np.float64(0.05)
14.4379 	EXP 	text: height = np.float64(0.05)
14.4379 	EXP 	text: text = 'Which one are you going to buy?'
14.4390 	EXP 	eyetracker.setRecordingState(False)
14.4509 	EXP 	text: height = np.float64(0.05)
14.4509 	EXP 	text: height = np.float64(0.05)
14.4509 	EXP 	text: height = np.float64(0.05)
14.4509 	EXP 	text: text = 'Which one are you going to buy?'
14.4526 	EXP 	eyetracker.setRecordingState(False)
14.4641 	EXP 	text: height = np.float64(0.05)
14.4641 	EXP 	text: height = np.float64(0.05)
14.4641 	EXP 	text: height = np.float64(0.05)
14.4641 	EXP 	text: text = 'Which one are you going to buy?'
14.4654 	EXP 	eyetracker.setRecordingState(False)
14.4793 	EXP 	text: height = np.float64(0.05)
14.4793 	EXP 	text: height = np.float64(0.05)
14.4793 	EXP 	text: height = np.float64(0.05)
14.4793 	EXP 	text: text = 'Which one are you going to buy?'
14.4807 	EXP 	eyetracker.setRecordingState(False)
14.4940 	EXP 	text: height = np.float64(0.05)
14.4940 	EXP 	text: height = np.float64(0.05)
14.4940 	EXP 	text: height = np.float64(0.05)
14.4940 	EXP 	text: text = 'Which one are you going to buy?'
14.4948 	EXP 	eyetracker.setRecordingState(False)
14.5045 	EXP 	text: height = np.float64(0.05)
14.5045 	EXP 	text: height = np.float64(0.05)
14.5045 	EXP 	text: height = np.float64(0.05)
14.5045 	EXP 	text: text = 'Which one are you going to buy?'
14.5056 	DATA 	Mouse: Left button down, pos=(600,547)
14.5069 	EXP 	eyetracker.setRecordingState(False)
14.5091 	EXP 	eyetracker.setRecordingState(False)
14.5182 	INFO 	Keyboard events cleared
14.5177 	EXP 	text: autoDraw = False
14.5177 	EXP 	ambewela: autoDraw = False
14.5177 	EXP 	kothmale: autoDraw = False
14.5177 	EXP 	happycow: autoDraw = False
14.5177 	EXP 	kraft: autoDraw = False
14.5177 	EXP 	richlife: autoDraw = False
14.5177 	EXP 	text_2: autoDraw = False
14.5177 	EXP 	text_3: autoDraw = False
14.5177 	EXP 	text_4: autoDraw = False
14.5177 	EXP 	text_5: autoDraw = False
14.5177 	EXP 	text_6: autoDraw = False
14.5177 	EXP 	text_7: autoDraw = True
14.5177 	EXP 	highlandYoghurt: autoDraw = True
14.5177 	EXP 	anchoryoghurt: autoDraw = True
14.5177 	EXP 	ambewelayoghurt: autoDraw = True
14.5177 	EXP 	pelawatteyoghurt: autoDraw = True
14.5177 	EXP 	text_8: autoDraw = True
14.5177 	EXP 	text_9: autoDraw = True
14.5177 	EXP 	text_10: autoDraw = True
14.5177 	EXP 	text_11: autoDraw = True
14.5196 	EXP 	eyetracker.setRecordingState(False)
14.5258 	EXP 	eyetracker.setRecordingState(False)
14.5323 	EXP 	eyetracker.setRecordingState(False)
14.5404 	EXP 	eyetracker.setRecordingState(False)
14.5495 	EXP 	eyetracker.setRecordingState(False)
14.5577 	EXP 	eyetracker.setRecordingState(False)
14.5660 	EXP 	eyetracker.setRecordingState(False)
14.5749 	EXP 	eyetracker.setRecordingState(False)
14.5843 	EXP 	eyetracker.setRecordingState(False)
14.5944 	EXP 	eyetracker.setRecordingState(False)
14.6037 	EXP 	eyetracker.setRecordingState(False)
14.6124 	EXP 	eyetracker.setRecordingState(False)
14.6218 	EXP 	eyetracker.setRecordingState(False)
14.6315 	EXP 	eyetracker.setRecordingState(False)
14.6419 	EXP 	eyetracker.setRecordingState(False)
14.6537 	EXP 	eyetracker.setRecordingState(False)
14.6641 	EXP 	eyetracker.setRecordingState(False)
14.6745 	EXP 	eyetracker.setRecordingState(False)
14.6858 	EXP 	eyetracker.setRecordingState(False)
14.6974 	EXP 	eyetracker.setRecordingState(False)
14.7092 	EXP 	eyetracker.setRecordingState(False)
14.7218 	EXP 	eyetracker.setRecordingState(False)
14.7310 	DATA 	Mouse:  Left button up, pos=(600,547)
14.7332 	EXP 	eyetracker.setRecordingState(False)
14.7445 	EXP 	eyetracker.setRecordingState(False)
14.7564 	EXP 	eyetracker.setRecordingState(False)
14.7678 	EXP 	eyetracker.setRecordingState(False)
14.7782 	EXP 	eyetracker.setRecordingState(False)
14.7875 	EXP 	eyetracker.setRecordingState(False)
14.7988 	EXP 	eyetracker.setRecordingState(False)
14.8102 	EXP 	eyetracker.setRecordingState(False)
14.8203 	EXP 	eyetracker.setRecordingState(False)
14.8304 	EXP 	eyetracker.setRecordingState(False)
14.8404 	EXP 	eyetracker.setRecordingState(False)
14.8497 	EXP 	eyetracker.setRecordingState(False)
14.8596 	EXP 	eyetracker.setRecordingState(False)
14.8697 	EXP 	eyetracker.setRecordingState(False)
14.8793 	EXP 	eyetracker.setRecordingState(False)
14.8897 	EXP 	eyetracker.setRecordingState(False)
14.9000 	EXP 	eyetracker.setRecordingState(False)
14.9101 	EXP 	eyetracker.setRecordingState(False)
14.9198 	EXP 	eyetracker.setRecordingState(False)
14.9296 	EXP 	eyetracker.setRecordingState(False)
14.9393 	EXP 	eyetracker.setRecordingState(False)
14.9482 	EXP 	eyetracker.setRecordingState(False)
14.9581 	EXP 	eyetracker.setRecordingState(False)
14.9681 	EXP 	eyetracker.setRecordingState(False)
14.9797 	EXP 	eyetracker.setRecordingState(False)
14.9900 	EXP 	eyetracker.setRecordingState(False)
15.0000 	EXP 	eyetracker.setRecordingState(False)
15.0100 	EXP 	eyetracker.setRecordingState(False)
15.0210 	EXP 	eyetracker.setRecordingState(False)
15.0304 	EXP 	eyetracker.setRecordingState(False)
15.0401 	EXP 	eyetracker.setRecordingState(False)
15.0515 	EXP 	eyetracker.setRecordingState(False)
15.0625 	EXP 	eyetracker.setRecordingState(False)
15.0719 	EXP 	eyetracker.setRecordingState(False)
15.0813 	EXP 	eyetracker.setRecordingState(False)
15.0896 	EXP 	eyetracker.setRecordingState(False)
15.1009 	EXP 	eyetracker.setRecordingState(False)
15.1109 	EXP 	eyetracker.setRecordingState(False)
15.1201 	EXP 	eyetracker.setRecordingState(False)
15.1296 	EXP 	eyetracker.setRecordingState(False)
15.1388 	EXP 	eyetracker.setRecordingState(False)
15.1488 	EXP 	eyetracker.setRecordingState(False)
15.1599 	EXP 	eyetracker.setRecordingState(False)
15.1713 	EXP 	eyetracker.setRecordingState(False)
15.1822 	EXP 	eyetracker.setRecordingState(False)
15.1951 	EXP 	eyetracker.setRecordingState(False)
15.2079 	EXP 	eyetracker.setRecordingState(False)
15.2198 	EXP 	eyetracker.setRecordingState(False)
15.2309 	EXP 	eyetracker.setRecordingState(False)
15.2436 	EXP 	eyetracker.setRecordingState(False)
15.2555 	EXP 	eyetracker.setRecordingState(False)
15.2661 	EXP 	eyetracker.setRecordingState(False)
15.2790 	EXP 	eyetracker.setRecordingState(False)
15.2914 	EXP 	eyetracker.setRecordingState(False)
15.3034 	EXP 	eyetracker.setRecordingState(False)
15.3150 	EXP 	eyetracker.setRecordingState(False)
15.3262 	EXP 	eyetracker.setRecordingState(False)
15.3378 	EXP 	eyetracker.setRecordingState(False)
15.3504 	EXP 	eyetracker.setRecordingState(False)
15.3614 	EXP 	eyetracker.setRecordingState(False)
15.3723 	EXP 	eyetracker.setRecordingState(False)
15.3846 	EXP 	eyetracker.setRecordingState(False)
15.3949 	EXP 	eyetracker.setRecordingState(False)
15.4055 	EXP 	eyetracker.setRecordingState(False)
15.4155 	EXP 	eyetracker.setRecordingState(False)
15.4258 	EXP 	eyetracker.setRecordingState(False)
15.4390 	EXP 	eyetracker.setRecordingState(False)
15.4493 	EXP 	eyetracker.setRecordingState(False)
15.4589 	EXP 	eyetracker.setRecordingState(False)
15.4677 	EXP 	eyetracker.setRecordingState(False)
15.4774 	EXP 	eyetracker.setRecordingState(False)
15.4891 	EXP 	eyetracker.setRecordingState(False)
15.4990 	EXP 	eyetracker.setRecordingState(False)
15.5091 	EXP 	eyetracker.setRecordingState(False)
15.5179 	EXP 	eyetracker.setRecordingState(False)
15.5269 	EXP 	eyetracker.setRecordingState(False)
15.5375 	EXP 	eyetracker.setRecordingState(False)
15.5479 	EXP 	eyetracker.setRecordingState(False)
15.5596 	EXP 	eyetracker.setRecordingState(False)
15.5721 	EXP 	eyetracker.setRecordingState(False)
15.5830 	EXP 	eyetracker.setRecordingState(False)
15.5956 	EXP 	eyetracker.setRecordingState(False)
15.6113 	EXP 	eyetracker.setRecordingState(False)
15.6235 	EXP 	eyetracker.setRecordingState(False)
15.6391 	EXP 	eyetracker.setRecordingState(False)
15.6532 	EXP 	eyetracker.setRecordingState(False)
15.6675 	EXP 	eyetracker.setRecordingState(False)
15.6803 	EXP 	eyetracker.setRecordingState(False)
15.6920 	EXP 	eyetracker.setRecordingState(False)
15.7036 	EXP 	eyetracker.setRecordingState(False)
15.7155 	EXP 	eyetracker.setRecordingState(False)
15.7261 	EXP 	eyetracker.setRecordingState(False)
15.7364 	EXP 	eyetracker.setRecordingState(False)
15.7468 	EXP 	eyetracker.setRecordingState(False)
15.7569 	EXP 	eyetracker.setRecordingState(False)
15.7668 	EXP 	eyetracker.setRecordingState(False)
15.7770 	EXP 	eyetracker.setRecordingState(False)
15.7860 	EXP 	eyetracker.setRecordingState(False)
15.7957 	EXP 	eyetracker.setRecordingState(False)
15.8048 	EXP 	eyetracker.setRecordingState(False)
15.8144 	EXP 	eyetracker.setRecordingState(False)
15.8249 	EXP 	eyetracker.setRecordingState(False)
15.8348 	EXP 	eyetracker.setRecordingState(False)
15.8447 	EXP 	eyetracker.setRecordingState(False)
15.8541 	EXP 	eyetracker.setRecordingState(False)
15.8634 	EXP 	eyetracker.setRecordingState(False)
15.8748 	EXP 	eyetracker.setRecordingState(False)
15.8840 	EXP 	eyetracker.setRecordingState(False)
15.8941 	EXP 	eyetracker.setRecordingState(False)
15.9038 	EXP 	eyetracker.setRecordingState(False)
15.9142 	EXP 	eyetracker.setRecordingState(False)
15.9250 	EXP 	eyetracker.setRecordingState(False)
15.9348 	EXP 	eyetracker.setRecordingState(False)
15.9445 	EXP 	eyetracker.setRecordingState(False)
15.9572 	EXP 	eyetracker.setRecordingState(False)
15.9671 	EXP 	eyetracker.setRecordingState(False)
15.9779 	EXP 	eyetracker.setRecordingState(False)
15.9888 	EXP 	eyetracker.setRecordingState(False)
15.9998 	EXP 	eyetracker.setRecordingState(False)
16.0099 	EXP 	eyetracker.setRecordingState(False)
16.0205 	EXP 	eyetracker.setRecordingState(False)
16.0308 	EXP 	eyetracker.setRecordingState(False)
16.0406 	EXP 	eyetracker.setRecordingState(False)
16.0516 	EXP 	eyetracker.setRecordingState(False)
16.0640 	EXP 	eyetracker.setRecordingState(False)
16.0745 	EXP 	eyetracker.setRecordingState(False)
16.0846 	EXP 	eyetracker.setRecordingState(False)
16.0944 	EXP 	eyetracker.setRecordingState(False)
16.1044 	EXP 	eyetracker.setRecordingState(False)
16.1148 	EXP 	eyetracker.setRecordingState(False)
16.1258 	EXP 	eyetracker.setRecordingState(False)
16.1364 	EXP 	eyetracker.setRecordingState(False)
16.1468 	EXP 	eyetracker.setRecordingState(False)
16.1564 	EXP 	eyetracker.setRecordingState(False)
16.1657 	EXP 	eyetracker.setRecordingState(False)
16.1743 	EXP 	eyetracker.setRecordingState(False)
16.1836 	EXP 	eyetracker.setRecordingState(False)
16.1930 	EXP 	eyetracker.setRecordingState(False)
16.2038 	EXP 	eyetracker.setRecordingState(False)
16.2148 	EXP 	eyetracker.setRecordingState(False)
16.2253 	EXP 	eyetracker.setRecordingState(False)
16.2368 	EXP 	eyetracker.setRecordingState(False)
16.2480 	EXP 	eyetracker.setRecordingState(False)
16.2590 	EXP 	eyetracker.setRecordingState(False)
16.2695 	EXP 	eyetracker.setRecordingState(False)
16.2800 	EXP 	eyetracker.setRecordingState(False)
16.2903 	EXP 	eyetracker.setRecordingState(False)
16.3008 	EXP 	eyetracker.setRecordingState(False)
16.3114 	EXP 	eyetracker.setRecordingState(False)
16.3230 	EXP 	eyetracker.setRecordingState(False)
16.3340 	EXP 	eyetracker.setRecordingState(False)
16.3437 	EXP 	eyetracker.setRecordingState(False)
16.3553 	EXP 	eyetracker.setRecordingState(False)
16.3671 	EXP 	eyetracker.setRecordingState(False)
16.3775 	EXP 	eyetracker.setRecordingState(False)
16.3889 	EXP 	eyetracker.setRecordingState(False)
16.4003 	EXP 	eyetracker.setRecordingState(False)
16.4115 	EXP 	eyetracker.setRecordingState(False)
16.4236 	EXP 	eyetracker.setRecordingState(False)
16.4340 	EXP 	eyetracker.setRecordingState(False)
16.4438 	EXP 	eyetracker.setRecordingState(False)
16.4541 	EXP 	eyetracker.setRecordingState(False)
16.4647 	EXP 	eyetracker.setRecordingState(False)
16.4743 	EXP 	eyetracker.setRecordingState(False)
16.4856 	EXP 	eyetracker.setRecordingState(False)
16.4958 	EXP 	eyetracker.setRecordingState(False)
16.5054 	EXP 	eyetracker.setRecordingState(False)
16.5166 	EXP 	eyetracker.setRecordingState(False)
16.5263 	EXP 	eyetracker.setRecordingState(False)
16.5359 	EXP 	eyetracker.setRecordingState(False)
16.5458 	EXP 	eyetracker.setRecordingState(False)
16.5560 	EXP 	eyetracker.setRecordingState(False)
16.5644 	EXP 	eyetracker.setRecordingState(False)
16.5726 	EXP 	eyetracker.setRecordingState(False)
16.5808 	EXP 	eyetracker.setRecordingState(False)
16.5902 	EXP 	eyetracker.setRecordingState(False)
16.5994 	EXP 	eyetracker.setRecordingState(False)
16.6102 	EXP 	eyetracker.setRecordingState(False)
16.6210 	EXP 	eyetracker.setRecordingState(False)
16.6311 	EXP 	eyetracker.setRecordingState(False)
16.6416 	EXP 	eyetracker.setRecordingState(False)
16.6513 	EXP 	eyetracker.setRecordingState(False)
16.6614 	EXP 	eyetracker.setRecordingState(False)
16.6722 	EXP 	eyetracker.setRecordingState(False)
16.6821 	EXP 	eyetracker.setRecordingState(False)
16.6936 	EXP 	eyetracker.setRecordingState(False)
16.7038 	EXP 	eyetracker.setRecordingState(False)
16.7135 	EXP 	eyetracker.setRecordingState(False)
16.7242 	EXP 	eyetracker.setRecordingState(False)
16.7353 	EXP 	eyetracker.setRecordingState(False)
16.7463 	EXP 	eyetracker.setRecordingState(False)
16.7571 	EXP 	eyetracker.setRecordingState(False)
16.7681 	EXP 	eyetracker.setRecordingState(False)
16.7768 	EXP 	eyetracker.setRecordingState(False)
16.7857 	EXP 	eyetracker.setRecordingState(False)
16.7947 	EXP 	eyetracker.setRecordingState(False)
16.8043 	EXP 	eyetracker.setRecordingState(False)
16.8132 	EXP 	eyetracker.setRecordingState(False)
16.8227 	EXP 	eyetracker.setRecordingState(False)
16.8333 	EXP 	eyetracker.setRecordingState(False)
16.8429 	EXP 	eyetracker.setRecordingState(False)
16.8530 	EXP 	eyetracker.setRecordingState(False)
16.8628 	EXP 	eyetracker.setRecordingState(False)
16.8717 	EXP 	eyetracker.setRecordingState(False)
16.8815 	EXP 	eyetracker.setRecordingState(False)
16.8894 	EXP 	eyetracker.setRecordingState(False)
16.8976 	EXP 	eyetracker.setRecordingState(False)
16.9066 	EXP 	eyetracker.setRecordingState(False)
16.9159 	EXP 	eyetracker.setRecordingState(False)
16.9261 	EXP 	eyetracker.setRecordingState(False)
16.9364 	EXP 	eyetracker.setRecordingState(False)
16.9463 	EXP 	eyetracker.setRecordingState(False)
16.9563 	EXP 	eyetracker.setRecordingState(False)
16.9659 	EXP 	eyetracker.setRecordingState(False)
16.9750 	EXP 	eyetracker.setRecordingState(False)
16.9848 	EXP 	eyetracker.setRecordingState(False)
16.9943 	EXP 	eyetracker.setRecordingState(False)
17.0035 	EXP 	eyetracker.setRecordingState(False)
17.0131 	EXP 	eyetracker.setRecordingState(False)
17.0231 	EXP 	eyetracker.setRecordingState(False)
17.0327 	EXP 	eyetracker.setRecordingState(False)
17.0422 	EXP 	eyetracker.setRecordingState(False)
17.0533 	EXP 	eyetracker.setRecordingState(False)
17.0622 	EXP 	eyetracker.setRecordingState(False)
17.0713 	EXP 	eyetracker.setRecordingState(False)
17.0825 	EXP 	eyetracker.setRecordingState(False)
17.0936 	EXP 	eyetracker.setRecordingState(False)
17.1031 	EXP 	eyetracker.setRecordingState(False)
17.1131 	EXP 	eyetracker.setRecordingState(False)
17.1220 	EXP 	eyetracker.setRecordingState(False)
17.1306 	EXP 	eyetracker.setRecordingState(False)
17.1395 	EXP 	eyetracker.setRecordingState(False)
17.1504 	EXP 	eyetracker.setRecordingState(False)
17.1590 	EXP 	eyetracker.setRecordingState(False)
17.1661 	EXP 	eyetracker.setRecordingState(False)
17.1741 	EXP 	eyetracker.setRecordingState(False)
17.1818 	EXP 	eyetracker.setRecordingState(False)
17.1901 	EXP 	eyetracker.setRecordingState(False)
17.1984 	EXP 	eyetracker.setRecordingState(False)
17.2067 	EXP 	eyetracker.setRecordingState(False)
17.2151 	EXP 	eyetracker.setRecordingState(False)
17.2236 	EXP 	eyetracker.setRecordingState(False)
17.2337 	EXP 	eyetracker.setRecordingState(False)
17.2447 	EXP 	eyetracker.setRecordingState(False)
17.2543 	EXP 	eyetracker.setRecordingState(False)
17.2640 	EXP 	eyetracker.setRecordingState(False)
17.2747 	EXP 	eyetracker.setRecordingState(False)
17.2854 	EXP 	eyetracker.setRecordingState(False)
17.2956 	EXP 	eyetracker.setRecordingState(False)
17.3070 	EXP 	eyetracker.setRecordingState(False)
17.3184 	EXP 	eyetracker.setRecordingState(False)
17.3292 	EXP 	eyetracker.setRecordingState(False)
17.3394 	EXP 	eyetracker.setRecordingState(False)
17.3502 	EXP 	eyetracker.setRecordingState(False)
17.3608 	EXP 	eyetracker.setRecordingState(False)
17.3717 	EXP 	eyetracker.setRecordingState(False)
17.3828 	EXP 	eyetracker.setRecordingState(False)
17.3926 	EXP 	eyetracker.setRecordingState(False)
17.4023 	EXP 	eyetracker.setRecordingState(False)
17.4129 	EXP 	eyetracker.setRecordingState(False)
17.4230 	EXP 	eyetracker.setRecordingState(False)
17.4327 	EXP 	eyetracker.setRecordingState(False)
17.4421 	EXP 	eyetracker.setRecordingState(False)
17.4515 	EXP 	eyetracker.setRecordingState(False)
17.4632 	EXP 	eyetracker.setRecordingState(False)
17.4741 	EXP 	eyetracker.setRecordingState(False)
17.4845 	EXP 	eyetracker.setRecordingState(False)
17.4954 	EXP 	eyetracker.setRecordingState(False)
17.5068 	EXP 	eyetracker.setRecordingState(False)
17.5186 	EXP 	eyetracker.setRecordingState(False)
17.5319 	EXP 	eyetracker.setRecordingState(False)
17.5447 	EXP 	eyetracker.setRecordingState(False)
17.5579 	EXP 	eyetracker.setRecordingState(False)
17.5703 	EXP 	eyetracker.setRecordingState(False)
17.5837 	EXP 	eyetracker.setRecordingState(False)
17.6007 	EXP 	eyetracker.setRecordingState(False)
17.6161 	EXP 	eyetracker.setRecordingState(False)
17.6312 	EXP 	eyetracker.setRecordingState(False)
17.6426 	EXP 	eyetracker.setRecordingState(False)
17.6548 	EXP 	eyetracker.setRecordingState(False)
17.6660 	EXP 	eyetracker.setRecordingState(False)
17.6765 	EXP 	eyetracker.setRecordingState(False)
17.6878 	EXP 	eyetracker.setRecordingState(False)
17.6983 	EXP 	eyetracker.setRecordingState(False)
17.7087 	EXP 	eyetracker.setRecordingState(False)
17.7184 	EXP 	eyetracker.setRecordingState(False)
17.7289 	EXP 	eyetracker.setRecordingState(False)
17.7406 	EXP 	eyetracker.setRecordingState(False)
17.7525 	EXP 	eyetracker.setRecordingState(False)
17.7637 	EXP 	eyetracker.setRecordingState(False)
17.7746 	EXP 	eyetracker.setRecordingState(False)
17.7839 	EXP 	eyetracker.setRecordingState(False)
17.7951 	EXP 	eyetracker.setRecordingState(False)
17.8067 	EXP 	eyetracker.setRecordingState(False)
17.8178 	EXP 	eyetracker.setRecordingState(False)
17.8293 	EXP 	eyetracker.setRecordingState(False)
17.8420 	EXP 	eyetracker.setRecordingState(False)
17.8520 	EXP 	eyetracker.setRecordingState(False)
17.8608 	EXP 	eyetracker.setRecordingState(False)
17.8712 	EXP 	eyetracker.setRecordingState(False)
17.8804 	EXP 	eyetracker.setRecordingState(False)
17.8891 	EXP 	eyetracker.setRecordingState(False)
17.8990 	EXP 	eyetracker.setRecordingState(False)
17.9090 	EXP 	eyetracker.setRecordingState(False)
17.9214 	EXP 	eyetracker.setRecordingState(False)
17.9317 	EXP 	eyetracker.setRecordingState(False)
17.9408 	EXP 	eyetracker.setRecordingState(False)
17.9498 	EXP 	eyetracker.setRecordingState(False)
17.9589 	EXP 	eyetracker.setRecordingState(False)
17.9718 	EXP 	eyetracker.setRecordingState(False)
17.9829 	EXP 	eyetracker.setRecordingState(False)
17.9957 	EXP 	eyetracker.setRecordingState(False)
18.0073 	EXP 	eyetracker.setRecordingState(False)
18.0208 	EXP 	eyetracker.setRecordingState(False)
18.0317 	EXP 	eyetracker.setRecordingState(False)
18.0508 	EXP 	eyetracker.setRecordingState(False)
18.1338 	EXP 	eyetracker.setRecordingState(False)
18.1487 	EXP 	eyetracker.setRecordingState(False)
18.1670 	EXP 	eyetracker.setRecordingState(False)
18.1835 	EXP 	eyetracker.setRecordingState(False)
18.1995 	EXP 	eyetracker.setRecordingState(False)
18.2165 	EXP 	eyetracker.setRecordingState(False)
18.2313 	EXP 	eyetracker.setRecordingState(False)
18.2452 	EXP 	eyetracker.setRecordingState(False)
18.2615 	EXP 	eyetracker.setRecordingState(False)
18.2769 	EXP 	eyetracker.setRecordingState(False)
18.2909 	EXP 	eyetracker.setRecordingState(False)
18.3064 	EXP 	eyetracker.setRecordingState(False)
18.3227 	EXP 	eyetracker.setRecordingState(False)
18.3365 	EXP 	eyetracker.setRecordingState(False)
18.3491 	EXP 	eyetracker.setRecordingState(False)
18.3621 	EXP 	eyetracker.setRecordingState(False)
18.3759 	EXP 	eyetracker.setRecordingState(False)
18.3874 	EXP 	eyetracker.setRecordingState(False)
18.3977 	EXP 	eyetracker.setRecordingState(False)
18.4077 	EXP 	eyetracker.setRecordingState(False)
18.4177 	EXP 	eyetracker.setRecordingState(False)
18.4269 	EXP 	eyetracker.setRecordingState(False)
18.4362 	EXP 	eyetracker.setRecordingState(False)
18.4450 	EXP 	eyetracker.setRecordingState(False)
18.4558 	EXP 	eyetracker.setRecordingState(False)
18.4668 	EXP 	eyetracker.setRecordingState(False)
18.4769 	EXP 	eyetracker.setRecordingState(False)
18.4872 	EXP 	eyetracker.setRecordingState(False)
18.4984 	EXP 	eyetracker.setRecordingState(False)
18.5088 	EXP 	eyetracker.setRecordingState(False)
18.5190 	EXP 	eyetracker.setRecordingState(False)
18.5294 	EXP 	eyetracker.setRecordingState(False)
18.5395 	EXP 	eyetracker.setRecordingState(False)
18.5500 	EXP 	eyetracker.setRecordingState(False)
18.5601 	EXP 	eyetracker.setRecordingState(False)
18.5696 	EXP 	eyetracker.setRecordingState(False)
18.5779 	EXP 	eyetracker.setRecordingState(False)
18.5848 	EXP 	eyetracker.setRecordingState(False)
18.5909 	EXP 	eyetracker.setRecordingState(False)
18.5970 	EXP 	eyetracker.setRecordingState(False)
18.6040 	EXP 	eyetracker.setRecordingState(False)
18.6121 	EXP 	eyetracker.setRecordingState(False)
18.6201 	EXP 	eyetracker.setRecordingState(False)
18.6275 	EXP 	eyetracker.setRecordingState(False)
18.6355 	EXP 	eyetracker.setRecordingState(False)
18.6458 	EXP 	eyetracker.setRecordingState(False)
18.6545 	EXP 	eyetracker.setRecordingState(False)
18.6645 	EXP 	eyetracker.setRecordingState(False)
18.6748 	EXP 	eyetracker.setRecordingState(False)
18.6842 	EXP 	eyetracker.setRecordingState(False)
18.6937 	EXP 	eyetracker.setRecordingState(False)
18.7036 	EXP 	eyetracker.setRecordingState(False)
18.7127 	EXP 	eyetracker.setRecordingState(False)
18.7234 	EXP 	eyetracker.setRecordingState(False)
18.7326 	EXP 	eyetracker.setRecordingState(False)
18.7426 	EXP 	eyetracker.setRecordingState(False)
18.7533 	EXP 	eyetracker.setRecordingState(False)
18.7627 	EXP 	eyetracker.setRecordingState(False)
18.7718 	EXP 	eyetracker.setRecordingState(False)
18.7818 	EXP 	eyetracker.setRecordingState(False)
18.7923 	EXP 	eyetracker.setRecordingState(False)
18.8024 	EXP 	eyetracker.setRecordingState(False)
18.8136 	EXP 	eyetracker.setRecordingState(False)
18.8237 	EXP 	eyetracker.setRecordingState(False)
18.8336 	EXP 	eyetracker.setRecordingState(False)
18.8437 	EXP 	eyetracker.setRecordingState(False)
18.8539 	EXP 	eyetracker.setRecordingState(False)
18.8637 	EXP 	eyetracker.setRecordingState(False)
18.8740 	EXP 	eyetracker.setRecordingState(False)
18.8846 	EXP 	eyetracker.setRecordingState(False)
18.8941 	EXP 	eyetracker.setRecordingState(False)
18.9033 	EXP 	eyetracker.setRecordingState(False)
18.9126 	EXP 	eyetracker.setRecordingState(False)
18.9217 	EXP 	eyetracker.setRecordingState(False)
18.9319 	EXP 	eyetracker.setRecordingState(False)
18.9420 	EXP 	eyetracker.setRecordingState(False)
18.9518 	EXP 	eyetracker.setRecordingState(False)
18.9604 	EXP 	eyetracker.setRecordingState(False)
18.9684 	EXP 	eyetracker.setRecordingState(False)
18.9778 	EXP 	eyetracker.setRecordingState(False)
18.9825 	DATA 	Mouse: Left button down, pos=(512,550)
18.9897 	EXP 	eyetracker.setRecordingState(False)
18.9928 	EXP 	eyetracker.setRecordingState(False)
19.0122 	INFO 	Keyboard events cleared
19.0108 	EXP 	text_7: autoDraw = False
19.0108 	EXP 	highlandYoghurt: autoDraw = False
19.0108 	EXP 	anchoryoghurt: autoDraw = False
19.0108 	EXP 	ambewelayoghurt: autoDraw = False
19.0108 	EXP 	pelawatteyoghurt: autoDraw = False
19.0108 	EXP 	text_8: autoDraw = False
19.0108 	EXP 	text_9: autoDraw = False
19.0108 	EXP 	text_10: autoDraw = False
19.0108 	EXP 	text_11: autoDraw = False
19.0108 	EXP 	text_12: autoDraw = True
19.0108 	EXP 	fortune: autoDraw = True
19.0108 	EXP 	marina: autoDraw = True
19.0108 	EXP 	Njoy: autoDraw = True
19.0108 	EXP 	text_13: autoDraw = True
19.0108 	EXP 	text_14: autoDraw = True
19.0108 	EXP 	text_15: autoDraw = True
19.0147 	EXP 	eyetracker.setRecordingState(False)
19.0234 	EXP 	eyetracker.setRecordingState(False)
19.0320 	EXP 	eyetracker.setRecordingState(False)
19.0411 	EXP 	eyetracker.setRecordingState(False)
19.0503 	EXP 	eyetracker.setRecordingState(False)
19.0604 	EXP 	eyetracker.setRecordingState(False)
19.0700 	EXP 	eyetracker.setRecordingState(False)
19.0796 	EXP 	eyetracker.setRecordingState(False)
19.0896 	EXP 	eyetracker.setRecordingState(False)
19.0985 	EXP 	eyetracker.setRecordingState(False)
19.1085 	EXP 	eyetracker.setRecordingState(False)
19.1173 	EXP 	eyetracker.setRecordingState(False)
19.1276 	EXP 	eyetracker.setRecordingState(False)
19.1361 	EXP 	eyetracker.setRecordingState(False)
19.1443 	EXP 	eyetracker.setRecordingState(False)
19.1525 	EXP 	eyetracker.setRecordingState(False)
19.1605 	EXP 	eyetracker.setRecordingState(False)
19.1687 	EXP 	eyetracker.setRecordingState(False)
19.1766 	EXP 	eyetracker.setRecordingState(False)
19.1853 	EXP 	eyetracker.setRecordingState(False)
19.1938 	EXP 	eyetracker.setRecordingState(False)
19.2017 	DATA 	Mouse:  Left button up, pos=(512,550)
19.2040 	EXP 	eyetracker.setRecordingState(False)
19.2117 	EXP 	eyetracker.setRecordingState(False)
19.2217 	EXP 	eyetracker.setRecordingState(False)
19.2305 	EXP 	eyetracker.setRecordingState(False)
19.2385 	EXP 	eyetracker.setRecordingState(False)
19.2461 	EXP 	eyetracker.setRecordingState(False)
19.2569 	EXP 	eyetracker.setRecordingState(False)
19.2642 	EXP 	eyetracker.setRecordingState(False)
19.2736 	EXP 	eyetracker.setRecordingState(False)
19.2824 	EXP 	eyetracker.setRecordingState(False)
19.2933 	EXP 	eyetracker.setRecordingState(False)
19.3033 	EXP 	eyetracker.setRecordingState(False)
19.3135 	EXP 	eyetracker.setRecordingState(False)
19.3224 	EXP 	eyetracker.setRecordingState(False)
19.3316 	EXP 	eyetracker.setRecordingState(False)
19.3416 	EXP 	eyetracker.setRecordingState(False)
19.3521 	EXP 	eyetracker.setRecordingState(False)
19.3637 	EXP 	eyetracker.setRecordingState(False)
19.3765 	EXP 	eyetracker.setRecordingState(False)
19.3899 	EXP 	eyetracker.setRecordingState(False)
19.4047 	EXP 	eyetracker.setRecordingState(False)
19.4194 	EXP 	eyetracker.setRecordingState(False)
19.4340 	EXP 	eyetracker.setRecordingState(False)
19.4460 	EXP 	eyetracker.setRecordingState(False)
19.4597 	EXP 	eyetracker.setRecordingState(False)
19.4702 	EXP 	eyetracker.setRecordingState(False)
19.4826 	EXP 	eyetracker.setRecordingState(False)
19.4951 	EXP 	eyetracker.setRecordingState(False)
19.5058 	EXP 	eyetracker.setRecordingState(False)
19.5173 	EXP 	eyetracker.setRecordingState(False)
19.5296 	EXP 	eyetracker.setRecordingState(False)
19.5394 	EXP 	eyetracker.setRecordingState(False)
19.5476 	EXP 	eyetracker.setRecordingState(False)
19.5564 	EXP 	eyetracker.setRecordingState(False)
19.5638 	EXP 	eyetracker.setRecordingState(False)
19.5723 	EXP 	eyetracker.setRecordingState(False)
19.5801 	EXP 	eyetracker.setRecordingState(False)
19.5885 	EXP 	eyetracker.setRecordingState(False)
19.5984 	EXP 	eyetracker.setRecordingState(False)
19.6084 	EXP 	eyetracker.setRecordingState(False)
19.6193 	EXP 	eyetracker.setRecordingState(False)
19.6293 	EXP 	eyetracker.setRecordingState(False)
19.6391 	EXP 	eyetracker.setRecordingState(False)
19.6491 	EXP 	eyetracker.setRecordingState(False)
19.6593 	EXP 	eyetracker.setRecordingState(False)
19.6694 	EXP 	eyetracker.setRecordingState(False)
19.6796 	EXP 	eyetracker.setRecordingState(False)
19.6908 	EXP 	eyetracker.setRecordingState(False)
19.7019 	EXP 	eyetracker.setRecordingState(False)
19.7119 	EXP 	eyetracker.setRecordingState(False)
19.7218 	EXP 	eyetracker.setRecordingState(False)
19.7311 	EXP 	eyetracker.setRecordingState(False)
19.7401 	EXP 	eyetracker.setRecordingState(False)
19.7500 	EXP 	eyetracker.setRecordingState(False)
19.7589 	EXP 	eyetracker.setRecordingState(False)
19.7675 	EXP 	eyetracker.setRecordingState(False)
19.7763 	EXP 	eyetracker.setRecordingState(False)
19.7858 	EXP 	eyetracker.setRecordingState(False)
19.7952 	EXP 	eyetracker.setRecordingState(False)
19.8047 	EXP 	eyetracker.setRecordingState(False)
19.8142 	EXP 	eyetracker.setRecordingState(False)
19.8236 	EXP 	eyetracker.setRecordingState(False)
19.8327 	EXP 	eyetracker.setRecordingState(False)
19.8417 	EXP 	eyetracker.setRecordingState(False)
19.8519 	EXP 	eyetracker.setRecordingState(False)
19.8621 	EXP 	eyetracker.setRecordingState(False)
19.8735 	EXP 	eyetracker.setRecordingState(False)
19.8844 	EXP 	eyetracker.setRecordingState(False)
19.8948 	EXP 	eyetracker.setRecordingState(False)
19.9054 	EXP 	eyetracker.setRecordingState(False)
19.9155 	EXP 	eyetracker.setRecordingState(False)
19.9262 	EXP 	eyetracker.setRecordingState(False)
19.9364 	EXP 	eyetracker.setRecordingState(False)
19.9475 	EXP 	eyetracker.setRecordingState(False)
19.9588 	EXP 	eyetracker.setRecordingState(False)
19.9696 	EXP 	eyetracker.setRecordingState(False)
19.9829 	EXP 	eyetracker.setRecordingState(False)
19.9950 	EXP 	eyetracker.setRecordingState(False)
20.0051 	EXP 	eyetracker.setRecordingState(False)
20.0143 	EXP 	eyetracker.setRecordingState(False)
20.0262 	EXP 	eyetracker.setRecordingState(False)
20.0408 	EXP 	eyetracker.setRecordingState(False)
20.0511 	EXP 	eyetracker.setRecordingState(False)
20.0605 	EXP 	eyetracker.setRecordingState(False)
20.0711 	EXP 	eyetracker.setRecordingState(False)
20.0826 	EXP 	eyetracker.setRecordingState(False)
20.0936 	EXP 	eyetracker.setRecordingState(False)
20.1043 	EXP 	eyetracker.setRecordingState(False)
20.1146 	EXP 	eyetracker.setRecordingState(False)
20.1257 	EXP 	eyetracker.setRecordingState(False)
20.1424 	EXP 	eyetracker.setRecordingState(False)
20.1584 	EXP 	eyetracker.setRecordingState(False)
20.1765 	EXP 	eyetracker.setRecordingState(False)
20.1915 	EXP 	eyetracker.setRecordingState(False)
20.2059 	EXP 	eyetracker.setRecordingState(False)
20.2211 	EXP 	eyetracker.setRecordingState(False)
20.2376 	EXP 	eyetracker.setRecordingState(False)
20.2529 	EXP 	eyetracker.setRecordingState(False)
20.2649 	EXP 	eyetracker.setRecordingState(False)
20.2762 	EXP 	eyetracker.setRecordingState(False)
20.2861 	EXP 	eyetracker.setRecordingState(False)
20.2994 	EXP 	eyetracker.setRecordingState(False)
20.3096 	EXP 	eyetracker.setRecordingState(False)
20.3199 	EXP 	eyetracker.setRecordingState(False)
20.3306 	EXP 	eyetracker.setRecordingState(False)
20.3397 	EXP 	eyetracker.setRecordingState(False)
20.3492 	EXP 	eyetracker.setRecordingState(False)
20.3582 	EXP 	eyetracker.setRecordingState(False)
20.3673 	EXP 	eyetracker.setRecordingState(False)
20.3789 	EXP 	eyetracker.setRecordingState(False)
20.3878 	EXP 	eyetracker.setRecordingState(False)
20.3960 	EXP 	eyetracker.setRecordingState(False)
20.4043 	EXP 	eyetracker.setRecordingState(False)
20.4129 	EXP 	eyetracker.setRecordingState(False)
20.4220 	EXP 	eyetracker.setRecordingState(False)
20.4308 	EXP 	eyetracker.setRecordingState(False)
20.4402 	EXP 	eyetracker.setRecordingState(False)
20.4500 	EXP 	eyetracker.setRecordingState(False)
20.4593 	EXP 	eyetracker.setRecordingState(False)
20.4706 	EXP 	eyetracker.setRecordingState(False)
20.4817 	EXP 	eyetracker.setRecordingState(False)
20.4914 	EXP 	eyetracker.setRecordingState(False)
20.5017 	EXP 	eyetracker.setRecordingState(False)
20.5119 	EXP 	eyetracker.setRecordingState(False)
20.5226 	EXP 	eyetracker.setRecordingState(False)
20.5330 	EXP 	eyetracker.setRecordingState(False)
20.5431 	EXP 	eyetracker.setRecordingState(False)
20.5554 	EXP 	eyetracker.setRecordingState(False)
20.5648 	EXP 	eyetracker.setRecordingState(False)
20.5732 	EXP 	eyetracker.setRecordingState(False)
20.5825 	EXP 	eyetracker.setRecordingState(False)
20.5906 	EXP 	eyetracker.setRecordingState(False)
20.5984 	EXP 	eyetracker.setRecordingState(False)
20.6061 	EXP 	eyetracker.setRecordingState(False)
20.6137 	EXP 	eyetracker.setRecordingState(False)
20.6217 	EXP 	eyetracker.setRecordingState(False)
20.6305 	EXP 	eyetracker.setRecordingState(False)
20.6396 	EXP 	eyetracker.setRecordingState(False)
20.6489 	EXP 	eyetracker.setRecordingState(False)
20.6594 	EXP 	eyetracker.setRecordingState(False)
20.6719 	EXP 	eyetracker.setRecordingState(False)
20.6833 	EXP 	eyetracker.setRecordingState(False)
20.6937 	EXP 	eyetracker.setRecordingState(False)
20.7035 	EXP 	eyetracker.setRecordingState(False)
20.7127 	EXP 	eyetracker.setRecordingState(False)
20.7229 	EXP 	eyetracker.setRecordingState(False)
20.7332 	EXP 	eyetracker.setRecordingState(False)
20.7428 	EXP 	eyetracker.setRecordingState(False)
20.7524 	EXP 	eyetracker.setRecordingState(False)
20.7611 	EXP 	eyetracker.setRecordingState(False)
20.7714 	EXP 	eyetracker.setRecordingState(False)
20.7812 	EXP 	eyetracker.setRecordingState(False)
20.7916 	EXP 	eyetracker.setRecordingState(False)
20.8011 	EXP 	eyetracker.setRecordingState(False)
20.8096 	EXP 	eyetracker.setRecordingState(False)
20.8189 	EXP 	eyetracker.setRecordingState(False)
20.8290 	EXP 	eyetracker.setRecordingState(False)
20.8394 	EXP 	eyetracker.setRecordingState(False)
20.8499 	EXP 	eyetracker.setRecordingState(False)
20.8609 	EXP 	eyetracker.setRecordingState(False)
20.8713 	EXP 	eyetracker.setRecordingState(False)
20.8808 	EXP 	eyetracker.setRecordingState(False)
20.8912 	EXP 	eyetracker.setRecordingState(False)
20.9006 	EXP 	eyetracker.setRecordingState(False)
20.9117 	EXP 	eyetracker.setRecordingState(False)
20.9231 	EXP 	eyetracker.setRecordingState(False)
20.9334 	EXP 	eyetracker.setRecordingState(False)
20.9432 	EXP 	eyetracker.setRecordingState(False)
20.9532 	EXP 	eyetracker.setRecordingState(False)
20.9627 	EXP 	eyetracker.setRecordingState(False)
20.9732 	EXP 	eyetracker.setRecordingState(False)
20.9838 	EXP 	eyetracker.setRecordingState(False)
20.9934 	EXP 	eyetracker.setRecordingState(False)
21.0036 	EXP 	eyetracker.setRecordingState(False)
21.0144 	EXP 	eyetracker.setRecordingState(False)
21.0245 	EXP 	eyetracker.setRecordingState(False)
21.0347 	EXP 	eyetracker.setRecordingState(False)
21.0445 	EXP 	eyetracker.setRecordingState(False)
21.0551 	EXP 	eyetracker.setRecordingState(False)
21.0664 	EXP 	eyetracker.setRecordingState(False)
21.0758 	EXP 	eyetracker.setRecordingState(False)
21.0853 	EXP 	eyetracker.setRecordingState(False)
21.0945 	EXP 	eyetracker.setRecordingState(False)
21.1036 	EXP 	eyetracker.setRecordingState(False)
21.1129 	EXP 	eyetracker.setRecordingState(False)
21.1214 	EXP 	eyetracker.setRecordingState(False)
21.1306 	EXP 	eyetracker.setRecordingState(False)
21.1392 	EXP 	eyetracker.setRecordingState(False)
21.1480 	EXP 	eyetracker.setRecordingState(False)
21.1569 	EXP 	eyetracker.setRecordingState(False)
21.1664 	EXP 	eyetracker.setRecordingState(False)
21.1771 	EXP 	eyetracker.setRecordingState(False)
21.1864 	EXP 	eyetracker.setRecordingState(False)
21.1965 	EXP 	eyetracker.setRecordingState(False)
21.2079 	EXP 	eyetracker.setRecordingState(False)
21.2172 	EXP 	eyetracker.setRecordingState(False)
21.2266 	EXP 	eyetracker.setRecordingState(False)
21.2379 	EXP 	eyetracker.setRecordingState(False)
21.2482 	EXP 	eyetracker.setRecordingState(False)
21.2581 	EXP 	eyetracker.setRecordingState(False)
21.2675 	EXP 	eyetracker.setRecordingState(False)
21.2765 	EXP 	eyetracker.setRecordingState(False)
21.2860 	EXP 	eyetracker.setRecordingState(False)
21.2945 	EXP 	eyetracker.setRecordingState(False)
21.3030 	EXP 	eyetracker.setRecordingState(False)
21.3122 	EXP 	eyetracker.setRecordingState(False)
21.3210 	EXP 	eyetracker.setRecordingState(False)
21.3309 	EXP 	eyetracker.setRecordingState(False)
21.3391 	EXP 	eyetracker.setRecordingState(False)
21.3480 	EXP 	eyetracker.setRecordingState(False)
21.3564 	EXP 	eyetracker.setRecordingState(False)
21.3654 	EXP 	eyetracker.setRecordingState(False)
21.3761 	EXP 	eyetracker.setRecordingState(False)
21.3860 	EXP 	eyetracker.setRecordingState(False)
21.3968 	EXP 	eyetracker.setRecordingState(False)
21.4074 	EXP 	eyetracker.setRecordingState(False)
21.4174 	EXP 	eyetracker.setRecordingState(False)
21.4273 	EXP 	eyetracker.setRecordingState(False)
21.4374 	EXP 	eyetracker.setRecordingState(False)
21.4471 	EXP 	eyetracker.setRecordingState(False)
21.4570 	EXP 	eyetracker.setRecordingState(False)
21.4671 	EXP 	eyetracker.setRecordingState(False)
21.4770 	EXP 	eyetracker.setRecordingState(False)
21.4869 	EXP 	eyetracker.setRecordingState(False)
21.4966 	EXP 	eyetracker.setRecordingState(False)
21.5063 	EXP 	eyetracker.setRecordingState(False)
21.5156 	EXP 	eyetracker.setRecordingState(False)
21.5252 	EXP 	eyetracker.setRecordingState(False)
21.5345 	EXP 	eyetracker.setRecordingState(False)
21.5432 	EXP 	eyetracker.setRecordingState(False)
21.5528 	EXP 	eyetracker.setRecordingState(False)
21.5615 	EXP 	eyetracker.setRecordingState(False)
21.5718 	EXP 	eyetracker.setRecordingState(False)
21.5806 	EXP 	eyetracker.setRecordingState(False)
21.5892 	EXP 	eyetracker.setRecordingState(False)
21.5983 	EXP 	eyetracker.setRecordingState(False)
21.6067 	EXP 	eyetracker.setRecordingState(False)
21.6162 	EXP 	eyetracker.setRecordingState(False)
21.6243 	EXP 	eyetracker.setRecordingState(False)
21.6329 	EXP 	eyetracker.setRecordingState(False)
21.6425 	EXP 	eyetracker.setRecordingState(False)
21.6524 	EXP 	eyetracker.setRecordingState(False)
21.6623 	EXP 	eyetracker.setRecordingState(False)
21.6736 	EXP 	eyetracker.setRecordingState(False)
21.6840 	EXP 	eyetracker.setRecordingState(False)
21.6947 	EXP 	eyetracker.setRecordingState(False)
21.7058 	EXP 	eyetracker.setRecordingState(False)
21.7159 	EXP 	eyetracker.setRecordingState(False)
21.7253 	EXP 	eyetracker.setRecordingState(False)
21.7350 	EXP 	eyetracker.setRecordingState(False)
21.7456 	EXP 	eyetracker.setRecordingState(False)
21.7556 	EXP 	eyetracker.setRecordingState(False)
21.7662 	EXP 	eyetracker.setRecordingState(False)
21.7764 	EXP 	eyetracker.setRecordingState(False)
21.7849 	EXP 	eyetracker.setRecordingState(False)
21.7939 	EXP 	eyetracker.setRecordingState(False)
21.8024 	EXP 	eyetracker.setRecordingState(False)
21.8112 	EXP 	eyetracker.setRecordingState(False)
21.8202 	EXP 	eyetracker.setRecordingState(False)
21.8293 	EXP 	eyetracker.setRecordingState(False)
21.8388 	EXP 	eyetracker.setRecordingState(False)
21.8491 	EXP 	eyetracker.setRecordingState(False)
21.8578 	EXP 	eyetracker.setRecordingState(False)
21.8686 	EXP 	eyetracker.setRecordingState(False)
21.8792 	EXP 	eyetracker.setRecordingState(False)
21.8884 	EXP 	eyetracker.setRecordingState(False)
21.8995 	EXP 	eyetracker.setRecordingState(False)
21.9101 	EXP 	eyetracker.setRecordingState(False)
21.9194 	EXP 	eyetracker.setRecordingState(False)
21.9310 	EXP 	eyetracker.setRecordingState(False)
21.9423 	EXP 	eyetracker.setRecordingState(False)
21.9515 	EXP 	eyetracker.setRecordingState(False)
21.9633 	EXP 	eyetracker.setRecordingState(False)
21.9744 	EXP 	eyetracker.setRecordingState(False)
21.9849 	EXP 	eyetracker.setRecordingState(False)
21.9978 	EXP 	eyetracker.setRecordingState(False)
22.0102 	EXP 	eyetracker.setRecordingState(False)
22.0203 	EXP 	eyetracker.setRecordingState(False)
22.0291 	EXP 	eyetracker.setRecordingState(False)
22.0377 	EXP 	eyetracker.setRecordingState(False)
22.0456 	EXP 	eyetracker.setRecordingState(False)
22.0548 	EXP 	eyetracker.setRecordingState(False)
22.0633 	EXP 	eyetracker.setRecordingState(False)
22.0716 	EXP 	eyetracker.setRecordingState(False)
22.0803 	EXP 	eyetracker.setRecordingState(False)
22.0891 	EXP 	eyetracker.setRecordingState(False)
22.0974 	EXP 	eyetracker.setRecordingState(False)
22.1062 	EXP 	eyetracker.setRecordingState(False)
22.1159 	EXP 	eyetracker.setRecordingState(False)
22.1253 	EXP 	eyetracker.setRecordingState(False)
22.1361 	EXP 	eyetracker.setRecordingState(False)
22.1464 	EXP 	eyetracker.setRecordingState(False)
22.1566 	EXP 	eyetracker.setRecordingState(False)
22.1685 	EXP 	eyetracker.setRecordingState(False)
22.1804 	EXP 	eyetracker.setRecordingState(False)
22.1915 	EXP 	eyetracker.setRecordingState(False)
22.2033 	EXP 	eyetracker.setRecordingState(False)
22.2191 	EXP 	eyetracker.setRecordingState(False)
22.2325 	EXP 	eyetracker.setRecordingState(False)
22.2440 	EXP 	eyetracker.setRecordingState(False)
22.2548 	EXP 	eyetracker.setRecordingState(False)
22.2650 	EXP 	eyetracker.setRecordingState(False)
22.2754 	EXP 	eyetracker.setRecordingState(False)
22.2852 	EXP 	eyetracker.setRecordingState(False)
22.2950 	EXP 	eyetracker.setRecordingState(False)
22.3039 	EXP 	eyetracker.setRecordingState(False)
22.3126 	EXP 	eyetracker.setRecordingState(False)
22.3219 	EXP 	eyetracker.setRecordingState(False)
22.3301 	EXP 	eyetracker.setRecordingState(False)
22.3383 	EXP 	eyetracker.setRecordingState(False)
22.3465 	EXP 	eyetracker.setRecordingState(False)
22.3553 	EXP 	eyetracker.setRecordingState(False)
22.3651 	EXP 	eyetracker.setRecordingState(False)
22.3748 	EXP 	eyetracker.setRecordingState(False)
22.3846 	EXP 	eyetracker.setRecordingState(False)
22.3956 	EXP 	eyetracker.setRecordingState(False)
22.4059 	EXP 	eyetracker.setRecordingState(False)
22.4159 	EXP 	eyetracker.setRecordingState(False)
22.4258 	EXP 	eyetracker.setRecordingState(False)
22.4358 	EXP 	eyetracker.setRecordingState(False)
22.4452 	EXP 	eyetracker.setRecordingState(False)
22.4551 	EXP 	eyetracker.setRecordingState(False)
22.4643 	EXP 	eyetracker.setRecordingState(False)
22.4737 	EXP 	eyetracker.setRecordingState(False)
22.4837 	EXP 	eyetracker.setRecordingState(False)
22.4937 	EXP 	eyetracker.setRecordingState(False)
22.5042 	EXP 	eyetracker.setRecordingState(False)
22.5154 	EXP 	eyetracker.setRecordingState(False)
22.5261 	EXP 	eyetracker.setRecordingState(False)
22.5378 	EXP 	eyetracker.setRecordingState(False)
22.5499 	EXP 	eyetracker.setRecordingState(False)
22.5596 	EXP 	eyetracker.setRecordingState(False)
22.5692 	EXP 	eyetracker.setRecordingState(False)
22.5794 	EXP 	eyetracker.setRecordingState(False)
22.5890 	EXP 	eyetracker.setRecordingState(False)
22.5981 	EXP 	eyetracker.setRecordingState(False)
22.6067 	EXP 	eyetracker.setRecordingState(False)
22.6154 	EXP 	eyetracker.setRecordingState(False)
22.6251 	EXP 	eyetracker.setRecordingState(False)
22.6348 	EXP 	eyetracker.setRecordingState(False)
22.6468 	EXP 	eyetracker.setRecordingState(False)
22.6584 	EXP 	eyetracker.setRecordingState(False)
22.6690 	EXP 	eyetracker.setRecordingState(False)
22.6788 	EXP 	eyetracker.setRecordingState(False)
22.6897 	EXP 	eyetracker.setRecordingState(False)
22.6989 	EXP 	eyetracker.setRecordingState(False)
22.7096 	EXP 	eyetracker.setRecordingState(False)
22.7207 	EXP 	eyetracker.setRecordingState(False)
22.7318 	EXP 	eyetracker.setRecordingState(False)
22.7433 	EXP 	eyetracker.setRecordingState(False)
22.7541 	EXP 	eyetracker.setRecordingState(False)
22.7638 	EXP 	eyetracker.setRecordingState(False)
22.7737 	EXP 	eyetracker.setRecordingState(False)
22.7842 	EXP 	eyetracker.setRecordingState(False)
22.7936 	EXP 	eyetracker.setRecordingState(False)
22.8034 	EXP 	eyetracker.setRecordingState(False)
22.8152 	EXP 	eyetracker.setRecordingState(False)
22.8254 	EXP 	eyetracker.setRecordingState(False)
22.8354 	EXP 	eyetracker.setRecordingState(False)
22.8462 	EXP 	eyetracker.setRecordingState(False)
22.8562 	EXP 	eyetracker.setRecordingState(False)
22.8660 	EXP 	eyetracker.setRecordingState(False)
22.8781 	EXP 	eyetracker.setRecordingState(False)
22.8874 	EXP 	eyetracker.setRecordingState(False)
22.8970 	EXP 	eyetracker.setRecordingState(False)
22.9093 	EXP 	eyetracker.setRecordingState(False)
22.9193 	EXP 	eyetracker.setRecordingState(False)
22.9290 	EXP 	eyetracker.setRecordingState(False)
22.9398 	EXP 	eyetracker.setRecordingState(False)
22.9494 	EXP 	eyetracker.setRecordingState(False)
22.9601 	EXP 	eyetracker.setRecordingState(False)
22.9722 	EXP 	eyetracker.setRecordingState(False)
22.9819 	EXP 	eyetracker.setRecordingState(False)
22.9915 	EXP 	eyetracker.setRecordingState(False)
23.0014 	EXP 	eyetracker.setRecordingState(False)
23.0113 	EXP 	eyetracker.setRecordingState(False)
23.0218 	EXP 	eyetracker.setRecordingState(False)
23.0308 	EXP 	eyetracker.setRecordingState(False)
23.0399 	EXP 	eyetracker.setRecordingState(False)
23.0494 	EXP 	eyetracker.setRecordingState(False)
23.0578 	EXP 	eyetracker.setRecordingState(False)
23.0670 	EXP 	eyetracker.setRecordingState(False)
23.0763 	EXP 	eyetracker.setRecordingState(False)
23.0856 	EXP 	eyetracker.setRecordingState(False)
23.0958 	EXP 	eyetracker.setRecordingState(False)
23.1058 	EXP 	eyetracker.setRecordingState(False)
23.1161 	EXP 	eyetracker.setRecordingState(False)
23.1249 	EXP 	eyetracker.setRecordingState(False)
23.1343 	EXP 	eyetracker.setRecordingState(False)
23.1457 	EXP 	eyetracker.setRecordingState(False)
23.1549 	EXP 	eyetracker.setRecordingState(False)
23.1656 	EXP 	eyetracker.setRecordingState(False)
23.1768 	EXP 	eyetracker.setRecordingState(False)
23.1904 	EXP 	eyetracker.setRecordingState(False)
23.2041 	EXP 	eyetracker.setRecordingState(False)
23.2170 	EXP 	eyetracker.setRecordingState(False)
23.2302 	EXP 	eyetracker.setRecordingState(False)
23.2408 	EXP 	eyetracker.setRecordingState(False)
23.2516 	EXP 	eyetracker.setRecordingState(False)
23.2632 	EXP 	eyetracker.setRecordingState(False)
23.2756 	EXP 	eyetracker.setRecordingState(False)
23.2867 	EXP 	eyetracker.setRecordingState(False)
23.2977 	EXP 	eyetracker.setRecordingState(False)
23.3078 	EXP 	eyetracker.setRecordingState(False)
23.3185 	EXP 	eyetracker.setRecordingState(False)
23.3293 	EXP 	eyetracker.setRecordingState(False)
23.3400 	EXP 	eyetracker.setRecordingState(False)
23.3529 	EXP 	eyetracker.setRecordingState(False)
23.3640 	EXP 	eyetracker.setRecordingState(False)
23.3748 	EXP 	eyetracker.setRecordingState(False)
23.3862 	EXP 	eyetracker.setRecordingState(False)
23.3974 	EXP 	eyetracker.setRecordingState(False)
23.4081 	EXP 	eyetracker.setRecordingState(False)
23.4190 	EXP 	eyetracker.setRecordingState(False)
23.4312 	EXP 	eyetracker.setRecordingState(False)
23.4430 	EXP 	eyetracker.setRecordingState(False)
23.4535 	EXP 	eyetracker.setRecordingState(False)
23.4648 	EXP 	eyetracker.setRecordingState(False)
23.4764 	EXP 	eyetracker.setRecordingState(False)
23.4877 	EXP 	eyetracker.setRecordingState(False)
23.4990 	EXP 	eyetracker.setRecordingState(False)
23.5094 	EXP 	eyetracker.setRecordingState(False)
23.5187 	EXP 	eyetracker.setRecordingState(False)
23.5275 	EXP 	eyetracker.setRecordingState(False)
23.5364 	EXP 	eyetracker.setRecordingState(False)
23.5456 	EXP 	eyetracker.setRecordingState(False)
23.5543 	EXP 	eyetracker.setRecordingState(False)
23.5619 	EXP 	eyetracker.setRecordingState(False)
23.5703 	EXP 	eyetracker.setRecordingState(False)
23.5787 	EXP 	eyetracker.setRecordingState(False)
23.5866 	EXP 	eyetracker.setRecordingState(False)
23.5949 	EXP 	eyetracker.setRecordingState(False)
23.6027 	EXP 	eyetracker.setRecordingState(False)
23.6106 	EXP 	eyetracker.setRecordingState(False)
23.6183 	EXP 	eyetracker.setRecordingState(False)
23.6262 	EXP 	eyetracker.setRecordingState(False)
23.6342 	EXP 	eyetracker.setRecordingState(False)
23.6417 	EXP 	eyetracker.setRecordingState(False)
23.6498 	EXP 	eyetracker.setRecordingState(False)
23.6574 	EXP 	eyetracker.setRecordingState(False)
23.6653 	EXP 	eyetracker.setRecordingState(False)
23.6739 	EXP 	eyetracker.setRecordingState(False)
23.6815 	EXP 	eyetracker.setRecordingState(False)
23.6895 	EXP 	eyetracker.setRecordingState(False)
23.6970 	EXP 	eyetracker.setRecordingState(False)
23.7049 	EXP 	eyetracker.setRecordingState(False)
23.7141 	EXP 	eyetracker.setRecordingState(False)
23.7226 	EXP 	eyetracker.setRecordingState(False)
23.7306 	EXP 	eyetracker.setRecordingState(False)
23.7384 	EXP 	eyetracker.setRecordingState(False)
23.7462 	EXP 	eyetracker.setRecordingState(False)
23.7541 	EXP 	eyetracker.setRecordingState(False)
23.7624 	EXP 	eyetracker.setRecordingState(False)
23.7713 	EXP 	eyetracker.setRecordingState(False)
23.7789 	EXP 	eyetracker.setRecordingState(False)
23.7872 	EXP 	eyetracker.setRecordingState(False)
23.7953 	EXP 	eyetracker.setRecordingState(False)
23.8035 	EXP 	eyetracker.setRecordingState(False)
23.8121 	EXP 	eyetracker.setRecordingState(False)
23.8225 	EXP 	eyetracker.setRecordingState(False)
23.8316 	EXP 	eyetracker.setRecordingState(False)
23.8401 	EXP 	eyetracker.setRecordingState(False)
23.8497 	EXP 	eyetracker.setRecordingState(False)
23.8577 	EXP 	eyetracker.setRecordingState(False)
23.8679 	EXP 	eyetracker.setRecordingState(False)
23.8765 	EXP 	eyetracker.setRecordingState(False)
23.8858 	EXP 	eyetracker.setRecordingState(False)
23.8955 	EXP 	eyetracker.setRecordingState(False)
23.9034 	EXP 	eyetracker.setRecordingState(False)
23.9122 	EXP 	eyetracker.setRecordingState(False)
23.9204 	EXP 	eyetracker.setRecordingState(False)
23.9285 	EXP 	eyetracker.setRecordingState(False)
23.9365 	EXP 	eyetracker.setRecordingState(False)
23.9454 	EXP 	eyetracker.setRecordingState(False)
23.9539 	EXP 	eyetracker.setRecordingState(False)
23.9636 	EXP 	eyetracker.setRecordingState(False)
23.9727 	EXP 	eyetracker.setRecordingState(False)
23.9820 	EXP 	eyetracker.setRecordingState(False)
23.9916 	EXP 	eyetracker.setRecordingState(False)
24.0005 	EXP 	eyetracker.setRecordingState(False)
24.0104 	EXP 	eyetracker.setRecordingState(False)
24.0201 	EXP 	eyetracker.setRecordingState(False)
24.0293 	EXP 	eyetracker.setRecordingState(False)
24.0393 	EXP 	eyetracker.setRecordingState(False)
24.0480 	EXP 	eyetracker.setRecordingState(False)
24.0565 	EXP 	eyetracker.setRecordingState(False)
24.0640 	EXP 	eyetracker.setRecordingState(False)
24.0719 	EXP 	eyetracker.setRecordingState(False)
24.0798 	EXP 	eyetracker.setRecordingState(False)
24.0897 	EXP 	eyetracker.setRecordingState(False)
24.0988 	EXP 	eyetracker.setRecordingState(False)
24.1084 	EXP 	eyetracker.setRecordingState(False)
24.1177 	EXP 	eyetracker.setRecordingState(False)
24.1278 	EXP 	eyetracker.setRecordingState(False)
24.1405 	EXP 	eyetracker.setRecordingState(False)
24.1513 	EXP 	eyetracker.setRecordingState(False)
24.1619 	EXP 	eyetracker.setRecordingState(False)
24.1728 	EXP 	eyetracker.setRecordingState(False)
24.1822 	EXP 	eyetracker.setRecordingState(False)
24.1921 	EXP 	eyetracker.setRecordingState(False)
24.2038 	EXP 	eyetracker.setRecordingState(False)
24.2136 	EXP 	eyetracker.setRecordingState(False)
24.2241 	EXP 	eyetracker.setRecordingState(False)
24.2346 	EXP 	eyetracker.setRecordingState(False)
24.2446 	EXP 	eyetracker.setRecordingState(False)
24.2545 	EXP 	eyetracker.setRecordingState(False)
24.2645 	EXP 	eyetracker.setRecordingState(False)
24.2745 	EXP 	eyetracker.setRecordingState(False)
24.2854 	EXP 	eyetracker.setRecordingState(False)
24.2963 	EXP 	eyetracker.setRecordingState(False)
24.3064 	EXP 	eyetracker.setRecordingState(False)
24.3159 	EXP 	eyetracker.setRecordingState(False)
24.3260 	EXP 	eyetracker.setRecordingState(False)
24.3360 	EXP 	eyetracker.setRecordingState(False)
24.3463 	EXP 	eyetracker.setRecordingState(False)
24.3563 	EXP 	eyetracker.setRecordingState(False)
24.3654 	EXP 	eyetracker.setRecordingState(False)
24.3748 	EXP 	eyetracker.setRecordingState(False)
24.3829 	EXP 	eyetracker.setRecordingState(False)
24.3918 	EXP 	eyetracker.setRecordingState(False)
24.4008 	EXP 	eyetracker.setRecordingState(False)
24.4085 	EXP 	eyetracker.setRecordingState(False)
24.4167 	EXP 	eyetracker.setRecordingState(False)
24.4239 	EXP 	eyetracker.setRecordingState(False)
24.4311 	EXP 	eyetracker.setRecordingState(False)
24.4391 	EXP 	eyetracker.setRecordingState(False)
24.4474 	EXP 	eyetracker.setRecordingState(False)
24.4549 	EXP 	eyetracker.setRecordingState(False)
24.4633 	EXP 	eyetracker.setRecordingState(False)
24.4706 	EXP 	eyetracker.setRecordingState(False)
24.4796 	EXP 	eyetracker.setRecordingState(False)
24.4876 	EXP 	eyetracker.setRecordingState(False)
24.4960 	EXP 	eyetracker.setRecordingState(False)
24.5044 	EXP 	eyetracker.setRecordingState(False)
24.5123 	EXP 	eyetracker.setRecordingState(False)
24.5196 	EXP 	eyetracker.setRecordingState(False)
24.5264 	EXP 	eyetracker.setRecordingState(False)
24.5335 	EXP 	eyetracker.setRecordingState(False)
24.5418 	EXP 	eyetracker.setRecordingState(False)
24.5501 	EXP 	eyetracker.setRecordingState(False)
24.5578 	EXP 	eyetracker.setRecordingState(False)
24.5658 	EXP 	eyetracker.setRecordingState(False)
24.5744 	EXP 	eyetracker.setRecordingState(False)
24.5825 	EXP 	eyetracker.setRecordingState(False)
24.5911 	EXP 	eyetracker.setRecordingState(False)
24.6004 	EXP 	eyetracker.setRecordingState(False)
24.6104 	EXP 	eyetracker.setRecordingState(False)
24.6198 	EXP 	eyetracker.setRecordingState(False)
24.6292 	EXP 	eyetracker.setRecordingState(False)
24.6391 	EXP 	eyetracker.setRecordingState(False)
24.6485 	EXP 	eyetracker.setRecordingState(False)
24.6596 	EXP 	eyetracker.setRecordingState(False)
24.6702 	EXP 	eyetracker.setRecordingState(False)
24.6801 	EXP 	eyetracker.setRecordingState(False)
24.6906 	EXP 	eyetracker.setRecordingState(False)
24.7009 	EXP 	eyetracker.setRecordingState(False)
24.7107 	EXP 	eyetracker.setRecordingState(False)
24.7222 	EXP 	eyetracker.setRecordingState(False)
24.7333 	EXP 	eyetracker.setRecordingState(False)
24.7440 	EXP 	eyetracker.setRecordingState(False)
24.7556 	EXP 	eyetracker.setRecordingState(False)
24.7665 	EXP 	eyetracker.setRecordingState(False)
24.7771 	EXP 	eyetracker.setRecordingState(False)
24.7866 	EXP 	eyetracker.setRecordingState(False)
24.7968 	EXP 	eyetracker.setRecordingState(False)
24.8055 	EXP 	eyetracker.setRecordingState(False)
24.8147 	EXP 	eyetracker.setRecordingState(False)
24.8243 	EXP 	eyetracker.setRecordingState(False)
24.8334 	EXP 	eyetracker.setRecordingState(False)
24.8420 	EXP 	eyetracker.setRecordingState(False)
24.8511 	EXP 	eyetracker.setRecordingState(False)
24.8600 	EXP 	eyetracker.setRecordingState(False)
24.8694 	EXP 	eyetracker.setRecordingState(False)
24.8795 	EXP 	eyetracker.setRecordingState(False)
24.8887 	EXP 	eyetracker.setRecordingState(False)
24.9000 	EXP 	eyetracker.setRecordingState(False)
24.9108 	EXP 	eyetracker.setRecordingState(False)
24.9214 	EXP 	eyetracker.setRecordingState(False)
24.9327 	EXP 	eyetracker.setRecordingState(False)
24.9437 	EXP 	eyetracker.setRecordingState(False)
24.9542 	EXP 	eyetracker.setRecordingState(False)
24.9655 	EXP 	eyetracker.setRecordingState(False)
24.9774 	EXP 	eyetracker.setRecordingState(False)
24.9877 	EXP 	eyetracker.setRecordingState(False)
24.9977 	EXP 	eyetracker.setRecordingState(False)
25.0077 	EXP 	eyetracker.setRecordingState(False)
25.0179 	EXP 	eyetracker.setRecordingState(False)
25.0275 	EXP 	eyetracker.setRecordingState(False)
25.0390 	EXP 	eyetracker.setRecordingState(False)
25.0504 	EXP 	eyetracker.setRecordingState(False)
25.0603 	EXP 	eyetracker.setRecordingState(False)
25.0708 	EXP 	eyetracker.setRecordingState(False)
25.0813 	EXP 	eyetracker.setRecordingState(False)
25.0909 	EXP 	eyetracker.setRecordingState(False)
25.1014 	EXP 	eyetracker.setRecordingState(False)
25.1124 	EXP 	eyetracker.setRecordingState(False)
25.1236 	EXP 	eyetracker.setRecordingState(False)
25.1352 	EXP 	eyetracker.setRecordingState(False)
25.1463 	EXP 	eyetracker.setRecordingState(False)
25.1562 	EXP 	eyetracker.setRecordingState(False)
25.1662 	EXP 	eyetracker.setRecordingState(False)
25.1773 	EXP 	eyetracker.setRecordingState(False)
25.1883 	EXP 	eyetracker.setRecordingState(False)
25.1987 	EXP 	eyetracker.setRecordingState(False)
25.2093 	EXP 	eyetracker.setRecordingState(False)
25.2206 	EXP 	eyetracker.setRecordingState(False)
25.2320 	EXP 	eyetracker.setRecordingState(False)
25.2437 	EXP 	eyetracker.setRecordingState(False)
25.2541 	EXP 	eyetracker.setRecordingState(False)
25.2653 	EXP 	eyetracker.setRecordingState(False)
25.2788 	EXP 	eyetracker.setRecordingState(False)
25.2905 	EXP 	eyetracker.setRecordingState(False)
25.3040 	EXP 	eyetracker.setRecordingState(False)
25.3145 	EXP 	eyetracker.setRecordingState(False)
25.3253 	EXP 	eyetracker.setRecordingState(False)
25.3350 	EXP 	eyetracker.setRecordingState(False)
25.3452 	EXP 	eyetracker.setRecordingState(False)
25.3561 	EXP 	eyetracker.setRecordingState(False)
25.3675 	EXP 	eyetracker.setRecordingState(False)
25.3776 	EXP 	eyetracker.setRecordingState(False)
25.3886 	EXP 	eyetracker.setRecordingState(False)
25.3984 	EXP 	eyetracker.setRecordingState(False)
25.4062 	EXP 	eyetracker.setRecordingState(False)
25.4142 	EXP 	eyetracker.setRecordingState(False)
25.4225 	EXP 	eyetracker.setRecordingState(False)
25.4304 	EXP 	eyetracker.setRecordingState(False)
25.4387 	EXP 	eyetracker.setRecordingState(False)
25.4485 	EXP 	eyetracker.setRecordingState(False)
25.4574 	EXP 	eyetracker.setRecordingState(False)
25.4661 	EXP 	eyetracker.setRecordingState(False)
25.4742 	EXP 	eyetracker.setRecordingState(False)
25.4827 	EXP 	eyetracker.setRecordingState(False)
25.4915 	EXP 	eyetracker.setRecordingState(False)
25.5000 	EXP 	eyetracker.setRecordingState(False)
25.5088 	EXP 	eyetracker.setRecordingState(False)
25.5173 	EXP 	eyetracker.setRecordingState(False)
25.5272 	EXP 	eyetracker.setRecordingState(False)
25.5363 	EXP 	eyetracker.setRecordingState(False)
25.5456 	EXP 	eyetracker.setRecordingState(False)
25.5573 	EXP 	eyetracker.setRecordingState(False)
25.5652 	EXP 	eyetracker.setRecordingState(False)
25.5734 	EXP 	eyetracker.setRecordingState(False)
25.5820 	EXP 	eyetracker.setRecordingState(False)
25.5915 	EXP 	eyetracker.setRecordingState(False)
25.6004 	EXP 	eyetracker.setRecordingState(False)
25.6101 	EXP 	eyetracker.setRecordingState(False)
25.6189 	EXP 	eyetracker.setRecordingState(False)
25.6282 	EXP 	eyetracker.setRecordingState(False)
25.6380 	EXP 	eyetracker.setRecordingState(False)
25.6469 	EXP 	eyetracker.setRecordingState(False)
25.6553 	EXP 	eyetracker.setRecordingState(False)
25.6641 	EXP 	eyetracker.setRecordingState(False)
25.6729 	EXP 	eyetracker.setRecordingState(False)
25.6810 	EXP 	eyetracker.setRecordingState(False)
25.6887 	EXP 	eyetracker.setRecordingState(False)
25.6968 	EXP 	eyetracker.setRecordingState(False)
25.7042 	EXP 	eyetracker.setRecordingState(False)
25.7120 	EXP 	eyetracker.setRecordingState(False)
25.7195 	EXP 	eyetracker.setRecordingState(False)
25.7276 	EXP 	eyetracker.setRecordingState(False)
25.7355 	EXP 	eyetracker.setRecordingState(False)
25.7457 	EXP 	eyetracker.setRecordingState(False)
25.7554 	EXP 	eyetracker.setRecordingState(False)
25.7653 	EXP 	eyetracker.setRecordingState(False)
25.7732 	EXP 	eyetracker.setRecordingState(False)
25.7815 	EXP 	eyetracker.setRecordingState(False)
25.7903 	EXP 	eyetracker.setRecordingState(False)
25.7989 	EXP 	eyetracker.setRecordingState(False)
25.8082 	EXP 	eyetracker.setRecordingState(False)
25.8172 	EXP 	eyetracker.setRecordingState(False)
25.8259 	EXP 	eyetracker.setRecordingState(False)
25.8362 	EXP 	eyetracker.setRecordingState(False)
25.8475 	EXP 	eyetracker.setRecordingState(False)
25.8576 	EXP 	eyetracker.setRecordingState(False)
25.8690 	EXP 	eyetracker.setRecordingState(False)
25.8811 	EXP 	eyetracker.setRecordingState(False)
25.8934 	EXP 	eyetracker.setRecordingState(False)
25.9065 	EXP 	eyetracker.setRecordingState(False)
25.9172 	EXP 	eyetracker.setRecordingState(False)
25.9271 	EXP 	eyetracker.setRecordingState(False)
25.9379 	EXP 	eyetracker.setRecordingState(False)
25.9474 	EXP 	eyetracker.setRecordingState(False)
25.9572 	EXP 	eyetracker.setRecordingState(False)
25.9692 	EXP 	eyetracker.setRecordingState(False)
25.9787 	EXP 	eyetracker.setRecordingState(False)
25.9874 	EXP 	eyetracker.setRecordingState(False)
25.9962 	EXP 	eyetracker.setRecordingState(False)
26.0053 	EXP 	eyetracker.setRecordingState(False)
26.0139 	EXP 	eyetracker.setRecordingState(False)
26.0229 	EXP 	eyetracker.setRecordingState(False)
26.0322 	EXP 	eyetracker.setRecordingState(False)
26.0411 	EXP 	eyetracker.setRecordingState(False)
26.0500 	EXP 	eyetracker.setRecordingState(False)
26.0589 	EXP 	eyetracker.setRecordingState(False)
26.0675 	EXP 	eyetracker.setRecordingState(False)
26.0756 	EXP 	eyetracker.setRecordingState(False)
26.0856 	EXP 	eyetracker.setRecordingState(False)
26.0965 	EXP 	eyetracker.setRecordingState(False)
26.1049 	EXP 	eyetracker.setRecordingState(False)
26.1137 	EXP 	eyetracker.setRecordingState(False)
26.1224 	EXP 	eyetracker.setRecordingState(False)
26.1312 	EXP 	eyetracker.setRecordingState(False)
26.1390 	EXP 	eyetracker.setRecordingState(False)
26.1465 	EXP 	eyetracker.setRecordingState(False)
26.1538 	EXP 	eyetracker.setRecordingState(False)
26.1617 	EXP 	eyetracker.setRecordingState(False)
26.1694 	EXP 	eyetracker.setRecordingState(False)
26.1778 	EXP 	eyetracker.setRecordingState(False)
26.1880 	EXP 	eyetracker.setRecordingState(False)
26.1960 	EXP 	eyetracker.setRecordingState(False)
26.2038 	EXP 	eyetracker.setRecordingState(False)
26.2118 	EXP 	eyetracker.setRecordingState(False)
26.2210 	EXP 	eyetracker.setRecordingState(False)
26.2296 	EXP 	eyetracker.setRecordingState(False)
26.2388 	EXP 	eyetracker.setRecordingState(False)
26.2487 	EXP 	eyetracker.setRecordingState(False)
26.2592 	EXP 	eyetracker.setRecordingState(False)
26.2691 	EXP 	eyetracker.setRecordingState(False)
26.2783 	EXP 	eyetracker.setRecordingState(False)
26.2872 	EXP 	eyetracker.setRecordingState(False)
26.2959 	EXP 	eyetracker.setRecordingState(False)
26.3045 	EXP 	eyetracker.setRecordingState(False)
26.3132 	EXP 	eyetracker.setRecordingState(False)
26.3222 	EXP 	eyetracker.setRecordingState(False)
26.3315 	EXP 	eyetracker.setRecordingState(False)
26.3419 	EXP 	eyetracker.setRecordingState(False)
26.3523 	EXP 	eyetracker.setRecordingState(False)
26.3632 	EXP 	eyetracker.setRecordingState(False)
26.3741 	EXP 	eyetracker.setRecordingState(False)
26.3854 	EXP 	eyetracker.setRecordingState(False)
26.3961 	EXP 	eyetracker.setRecordingState(False)
26.4073 	EXP 	eyetracker.setRecordingState(False)
26.4182 	EXP 	eyetracker.setRecordingState(False)
26.4287 	EXP 	eyetracker.setRecordingState(False)
26.4389 	EXP 	eyetracker.setRecordingState(False)
26.4490 	EXP 	eyetracker.setRecordingState(False)
26.4590 	EXP 	eyetracker.setRecordingState(False)
26.4699 	EXP 	eyetracker.setRecordingState(False)
26.4815 	EXP 	eyetracker.setRecordingState(False)
26.4919 	EXP 	eyetracker.setRecordingState(False)
26.5031 	EXP 	eyetracker.setRecordingState(False)
26.5132 	EXP 	eyetracker.setRecordingState(False)
26.5234 	EXP 	eyetracker.setRecordingState(False)
26.5345 	EXP 	eyetracker.setRecordingState(False)
26.5443 	EXP 	eyetracker.setRecordingState(False)
26.5549 	EXP 	eyetracker.setRecordingState(False)
26.5653 	EXP 	eyetracker.setRecordingState(False)
26.5757 	EXP 	eyetracker.setRecordingState(False)
26.5859 	EXP 	eyetracker.setRecordingState(False)
26.5975 	EXP 	eyetracker.setRecordingState(False)
26.6077 	EXP 	eyetracker.setRecordingState(False)
26.6180 	EXP 	eyetracker.setRecordingState(False)
26.6298 	EXP 	eyetracker.setRecordingState(False)
26.6410 	EXP 	eyetracker.setRecordingState(False)
26.6524 	EXP 	eyetracker.setRecordingState(False)
26.6640 	EXP 	eyetracker.setRecordingState(False)
26.6756 	EXP 	eyetracker.setRecordingState(False)
26.6864 	EXP 	eyetracker.setRecordingState(False)
26.6976 	EXP 	eyetracker.setRecordingState(False)
26.7088 	EXP 	eyetracker.setRecordingState(False)
26.7189 	EXP 	eyetracker.setRecordingState(False)
26.7311 	EXP 	eyetracker.setRecordingState(False)
26.7409 	EXP 	eyetracker.setRecordingState(False)
26.7513 	EXP 	eyetracker.setRecordingState(False)
26.7617 	EXP 	eyetracker.setRecordingState(False)
26.7719 	EXP 	eyetracker.setRecordingState(False)
26.7811 	EXP 	eyetracker.setRecordingState(False)
26.7917 	EXP 	eyetracker.setRecordingState(False)
26.8007 	EXP 	eyetracker.setRecordingState(False)
26.8096 	EXP 	eyetracker.setRecordingState(False)
26.8187 	EXP 	eyetracker.setRecordingState(False)
26.8275 	EXP 	eyetracker.setRecordingState(False)
26.8365 	EXP 	eyetracker.setRecordingState(False)
26.8449 	EXP 	eyetracker.setRecordingState(False)
26.8555 	EXP 	eyetracker.setRecordingState(False)
26.8644 	EXP 	eyetracker.setRecordingState(False)
26.8733 	EXP 	eyetracker.setRecordingState(False)
26.8827 	EXP 	eyetracker.setRecordingState(False)
26.8921 	EXP 	eyetracker.setRecordingState(False)
26.9015 	EXP 	eyetracker.setRecordingState(False)
26.9115 	EXP 	eyetracker.setRecordingState(False)
26.9209 	EXP 	eyetracker.setRecordingState(False)
26.9310 	EXP 	eyetracker.setRecordingState(False)
26.9403 	EXP 	eyetracker.setRecordingState(False)
26.9506 	EXP 	eyetracker.setRecordingState(False)
26.9597 	EXP 	eyetracker.setRecordingState(False)
26.9688 	EXP 	eyetracker.setRecordingState(False)
26.9775 	EXP 	eyetracker.setRecordingState(False)
26.9861 	EXP 	eyetracker.setRecordingState(False)
26.9951 	EXP 	eyetracker.setRecordingState(False)
27.0042 	EXP 	eyetracker.setRecordingState(False)
27.0125 	EXP 	eyetracker.setRecordingState(False)
27.0209 	EXP 	eyetracker.setRecordingState(False)
27.0297 	EXP 	eyetracker.setRecordingState(False)
27.0385 	EXP 	eyetracker.setRecordingState(False)
27.0473 	EXP 	eyetracker.setRecordingState(False)
27.0563 	EXP 	eyetracker.setRecordingState(False)
27.0657 	EXP 	eyetracker.setRecordingState(False)
27.0768 	EXP 	eyetracker.setRecordingState(False)
27.0861 	EXP 	eyetracker.setRecordingState(False)
27.0951 	EXP 	eyetracker.setRecordingState(False)
27.1037 	EXP 	eyetracker.setRecordingState(False)
27.1122 	EXP 	eyetracker.setRecordingState(False)
27.1207 	EXP 	eyetracker.setRecordingState(False)
27.1296 	EXP 	eyetracker.setRecordingState(False)
27.1399 	EXP 	eyetracker.setRecordingState(False)
27.1491 	EXP 	eyetracker.setRecordingState(False)
27.1591 	EXP 	eyetracker.setRecordingState(False)
27.1689 	EXP 	eyetracker.setRecordingState(False)
27.1783 	EXP 	eyetracker.setRecordingState(False)
27.1880 	EXP 	eyetracker.setRecordingState(False)
27.1981 	EXP 	eyetracker.setRecordingState(False)
27.2077 	EXP 	eyetracker.setRecordingState(False)
27.2172 	EXP 	eyetracker.setRecordingState(False)
27.2261 	EXP 	eyetracker.setRecordingState(False)
27.2351 	EXP 	eyetracker.setRecordingState(False)
27.2438 	EXP 	eyetracker.setRecordingState(False)
27.2529 	EXP 	eyetracker.setRecordingState(False)
27.2628 	EXP 	eyetracker.setRecordingState(False)
27.2729 	EXP 	eyetracker.setRecordingState(False)
27.2838 	EXP 	eyetracker.setRecordingState(False)
27.2945 	EXP 	eyetracker.setRecordingState(False)
27.3056 	EXP 	eyetracker.setRecordingState(False)
27.3154 	EXP 	eyetracker.setRecordingState(False)
27.3251 	EXP 	eyetracker.setRecordingState(False)
27.3346 	EXP 	eyetracker.setRecordingState(False)
27.3448 	EXP 	eyetracker.setRecordingState(False)
27.3552 	EXP 	eyetracker.setRecordingState(False)
27.3644 	EXP 	eyetracker.setRecordingState(False)
27.3738 	EXP 	eyetracker.setRecordingState(False)
27.3840 	EXP 	eyetracker.setRecordingState(False)
27.3939 	EXP 	eyetracker.setRecordingState(False)
27.4032 	EXP 	eyetracker.setRecordingState(False)
27.4124 	EXP 	eyetracker.setRecordingState(False)
27.4230 	EXP 	eyetracker.setRecordingState(False)
27.4323 	EXP 	eyetracker.setRecordingState(False)
27.4409 	EXP 	eyetracker.setRecordingState(False)
27.4496 	EXP 	eyetracker.setRecordingState(False)
27.4582 	EXP 	eyetracker.setRecordingState(False)
27.4662 	EXP 	eyetracker.setRecordingState(False)
27.4749 	EXP 	eyetracker.setRecordingState(False)
27.4842 	EXP 	eyetracker.setRecordingState(False)
27.4933 	EXP 	eyetracker.setRecordingState(False)
27.5022 	EXP 	eyetracker.setRecordingState(False)
27.5110 	EXP 	eyetracker.setRecordingState(False)
27.5208 	EXP 	eyetracker.setRecordingState(False)
27.5300 	EXP 	eyetracker.setRecordingState(False)
27.5387 	EXP 	eyetracker.setRecordingState(False)
27.5486 	EXP 	eyetracker.setRecordingState(False)
27.5578 	EXP 	eyetracker.setRecordingState(False)
27.5665 	EXP 	eyetracker.setRecordingState(False)
27.5758 	EXP 	eyetracker.setRecordingState(False)
27.5855 	EXP 	eyetracker.setRecordingState(False)
27.5941 	EXP 	eyetracker.setRecordingState(False)
27.6033 	EXP 	eyetracker.setRecordingState(False)
27.6139 	EXP 	eyetracker.setRecordingState(False)
27.6226 	EXP 	eyetracker.setRecordingState(False)
27.6317 	EXP 	eyetracker.setRecordingState(False)
27.6415 	EXP 	eyetracker.setRecordingState(False)
27.6509 	EXP 	eyetracker.setRecordingState(False)
27.6611 	EXP 	eyetracker.setRecordingState(False)
27.6718 	EXP 	eyetracker.setRecordingState(False)
27.6823 	EXP 	eyetracker.setRecordingState(False)
27.6920 	EXP 	eyetracker.setRecordingState(False)
27.7015 	EXP 	eyetracker.setRecordingState(False)
27.7103 	EXP 	eyetracker.setRecordingState(False)
27.7199 	EXP 	eyetracker.setRecordingState(False)
27.7293 	EXP 	eyetracker.setRecordingState(False)
27.7403 	EXP 	eyetracker.setRecordingState(False)
27.7487 	EXP 	eyetracker.setRecordingState(False)
27.7570 	EXP 	eyetracker.setRecordingState(False)
27.7677 	EXP 	eyetracker.setRecordingState(False)
27.7776 	EXP 	eyetracker.setRecordingState(False)
27.7883 	EXP 	eyetracker.setRecordingState(False)
27.7990 	EXP 	eyetracker.setRecordingState(False)
27.8091 	EXP 	eyetracker.setRecordingState(False)
27.8191 	EXP 	eyetracker.setRecordingState(False)
27.8294 	EXP 	eyetracker.setRecordingState(False)
27.8390 	EXP 	eyetracker.setRecordingState(False)
27.8474 	EXP 	eyetracker.setRecordingState(False)
27.8560 	EXP 	eyetracker.setRecordingState(False)
27.8669 	EXP 	eyetracker.setRecordingState(False)
27.8769 	EXP 	eyetracker.setRecordingState(False)
27.8882 	EXP 	eyetracker.setRecordingState(False)
27.8995 	EXP 	eyetracker.setRecordingState(False)
27.9111 	EXP 	eyetracker.setRecordingState(False)
27.9215 	EXP 	eyetracker.setRecordingState(False)
27.9301 	EXP 	eyetracker.setRecordingState(False)
27.9391 	EXP 	eyetracker.setRecordingState(False)
27.9502 	EXP 	eyetracker.setRecordingState(False)
27.9608 	EXP 	eyetracker.setRecordingState(False)
27.9724 	EXP 	eyetracker.setRecordingState(False)
27.9800 	EXP 	eyetracker.setRecordingState(False)
27.9870 	EXP 	eyetracker.setRecordingState(False)
27.9946 	EXP 	eyetracker.setRecordingState(False)
28.0022 	EXP 	eyetracker.setRecordingState(False)
28.0099 	EXP 	eyetracker.setRecordingState(False)
28.0171 	EXP 	eyetracker.setRecordingState(False)
28.0276 	EXP 	eyetracker.setRecordingState(False)
28.0368 	EXP 	eyetracker.setRecordingState(False)
28.0449 	EXP 	eyetracker.setRecordingState(False)
28.0544 	EXP 	eyetracker.setRecordingState(False)
28.0627 	EXP 	eyetracker.setRecordingState(False)
28.0703 	EXP 	eyetracker.setRecordingState(False)
28.0775 	EXP 	eyetracker.setRecordingState(False)
28.0854 	EXP 	eyetracker.setRecordingState(False)
28.0933 	EXP 	eyetracker.setRecordingState(False)
28.0998 	EXP 	eyetracker.setRecordingState(False)
28.1071 	EXP 	eyetracker.setRecordingState(False)
28.1179 	EXP 	eyetracker.setRecordingState(False)
28.1258 	EXP 	eyetracker.setRecordingState(False)
28.1338 	EXP 	eyetracker.setRecordingState(False)
28.1420 	EXP 	eyetracker.setRecordingState(False)
28.1499 	EXP 	eyetracker.setRecordingState(False)
28.1603 	EXP 	eyetracker.setRecordingState(False)
28.1682 	EXP 	eyetracker.setRecordingState(False)
28.1760 	EXP 	eyetracker.setRecordingState(False)
28.1854 	EXP 	eyetracker.setRecordingState(False)
28.1954 	EXP 	eyetracker.setRecordingState(False)
28.2032 	EXP 	eyetracker.setRecordingState(False)
28.2114 	EXP 	eyetracker.setRecordingState(False)
28.2192 	EXP 	eyetracker.setRecordingState(False)
28.2296 	EXP 	eyetracker.setRecordingState(False)
28.2401 	EXP 	eyetracker.setRecordingState(False)
28.2506 	EXP 	eyetracker.setRecordingState(False)
28.2603 	EXP 	eyetracker.setRecordingState(False)
28.2711 	EXP 	eyetracker.setRecordingState(False)
28.2805 	EXP 	eyetracker.setRecordingState(False)
28.2905 	EXP 	eyetracker.setRecordingState(False)
28.3015 	EXP 	eyetracker.setRecordingState(False)
28.3121 	EXP 	eyetracker.setRecordingState(False)
28.3218 	EXP 	eyetracker.setRecordingState(False)
28.3304 	EXP 	eyetracker.setRecordingState(False)
28.3407 	EXP 	eyetracker.setRecordingState(False)
28.3496 	EXP 	eyetracker.setRecordingState(False)
28.3580 	EXP 	eyetracker.setRecordingState(False)
28.3689 	EXP 	eyetracker.setRecordingState(False)
28.3776 	EXP 	eyetracker.setRecordingState(False)
28.3864 	EXP 	eyetracker.setRecordingState(False)
28.3967 	EXP 	eyetracker.setRecordingState(False)
28.4053 	EXP 	eyetracker.setRecordingState(False)
28.4152 	EXP 	eyetracker.setRecordingState(False)
28.4261 	EXP 	eyetracker.setRecordingState(False)
28.4345 	EXP 	eyetracker.setRecordingState(False)
28.4425 	EXP 	eyetracker.setRecordingState(False)
28.4511 	EXP 	eyetracker.setRecordingState(False)
28.4586 	EXP 	eyetracker.setRecordingState(False)
28.4666 	EXP 	eyetracker.setRecordingState(False)
28.4744 	EXP 	eyetracker.setRecordingState(False)
28.4827 	EXP 	eyetracker.setRecordingState(False)
28.4922 	EXP 	eyetracker.setRecordingState(False)
28.5013 	EXP 	eyetracker.setRecordingState(False)
28.5104 	EXP 	eyetracker.setRecordingState(False)
28.5200 	EXP 	eyetracker.setRecordingState(False)
28.5296 	EXP 	eyetracker.setRecordingState(False)
28.5388 	EXP 	eyetracker.setRecordingState(False)
28.5491 	EXP 	eyetracker.setRecordingState(False)
28.5604 	EXP 	eyetracker.setRecordingState(False)
28.5695 	EXP 	eyetracker.setRecordingState(False)
28.5779 	EXP 	eyetracker.setRecordingState(False)
28.5870 	EXP 	eyetracker.setRecordingState(False)
28.5962 	EXP 	eyetracker.setRecordingState(False)
28.6066 	EXP 	eyetracker.setRecordingState(False)
28.6165 	EXP 	eyetracker.setRecordingState(False)
28.6271 	EXP 	eyetracker.setRecordingState(False)
28.6378 	EXP 	eyetracker.setRecordingState(False)
28.6487 	EXP 	eyetracker.setRecordingState(False)
28.6602 	EXP 	eyetracker.setRecordingState(False)
28.6709 	EXP 	eyetracker.setRecordingState(False)
28.6813 	EXP 	eyetracker.setRecordingState(False)
28.6906 	EXP 	eyetracker.setRecordingState(False)
28.7003 	EXP 	eyetracker.setRecordingState(False)
28.7090 	EXP 	eyetracker.setRecordingState(False)
28.7168 	EXP 	eyetracker.setRecordingState(False)
28.7251 	EXP 	eyetracker.setRecordingState(False)
28.7322 	EXP 	eyetracker.setRecordingState(False)
28.7404 	EXP 	eyetracker.setRecordingState(False)
28.7481 	EXP 	eyetracker.setRecordingState(False)
28.7561 	EXP 	eyetracker.setRecordingState(False)
28.7642 	EXP 	eyetracker.setRecordingState(False)
28.7726 	EXP 	eyetracker.setRecordingState(False)
28.7819 	EXP 	eyetracker.setRecordingState(False)
28.7908 	EXP 	eyetracker.setRecordingState(False)
28.7995 	EXP 	eyetracker.setRecordingState(False)
28.8091 	EXP 	eyetracker.setRecordingState(False)
28.8181 	EXP 	eyetracker.setRecordingState(False)
28.8271 	EXP 	eyetracker.setRecordingState(False)
28.8353 	EXP 	eyetracker.setRecordingState(False)
28.8441 	EXP 	eyetracker.setRecordingState(False)
28.8526 	EXP 	eyetracker.setRecordingState(False)
28.8617 	EXP 	eyetracker.setRecordingState(False)
28.8708 	EXP 	eyetracker.setRecordingState(False)
28.8802 	EXP 	eyetracker.setRecordingState(False)
28.8898 	EXP 	eyetracker.setRecordingState(False)
28.8985 	EXP 	eyetracker.setRecordingState(False)
28.9069 	EXP 	eyetracker.setRecordingState(False)
28.9148 	EXP 	eyetracker.setRecordingState(False)
28.9233 	EXP 	eyetracker.setRecordingState(False)
28.9319 	EXP 	eyetracker.setRecordingState(False)
28.9404 	EXP 	eyetracker.setRecordingState(False)
28.9496 	EXP 	eyetracker.setRecordingState(False)
28.9596 	EXP 	eyetracker.setRecordingState(False)
28.9693 	EXP 	eyetracker.setRecordingState(False)
28.9781 	EXP 	eyetracker.setRecordingState(False)
28.9870 	EXP 	eyetracker.setRecordingState(False)
28.9965 	EXP 	eyetracker.setRecordingState(False)
29.0058 	EXP 	eyetracker.setRecordingState(False)
29.0147 	EXP 	eyetracker.setRecordingState(False)
29.0230 	EXP 	eyetracker.setRecordingState(False)
29.0318 	EXP 	eyetracker.setRecordingState(False)
29.0403 	EXP 	eyetracker.setRecordingState(False)
29.0496 	EXP 	eyetracker.setRecordingState(False)
29.0592 	EXP 	eyetracker.setRecordingState(False)
29.0680 	EXP 	eyetracker.setRecordingState(False)
29.0763 	EXP 	eyetracker.setRecordingState(False)
29.0848 	EXP 	eyetracker.setRecordingState(False)
29.0934 	EXP 	eyetracker.setRecordingState(False)
29.1022 	EXP 	eyetracker.setRecordingState(False)
29.1096 	EXP 	eyetracker.setRecordingState(False)
29.1180 	EXP 	eyetracker.setRecordingState(False)
29.1261 	EXP 	eyetracker.setRecordingState(False)
29.1341 	EXP 	eyetracker.setRecordingState(False)
29.1426 	EXP 	eyetracker.setRecordingState(False)
29.1511 	EXP 	eyetracker.setRecordingState(False)
29.1591 	EXP 	eyetracker.setRecordingState(False)
29.1675 	EXP 	eyetracker.setRecordingState(False)
29.1750 	EXP 	eyetracker.setRecordingState(False)
29.1834 	EXP 	eyetracker.setRecordingState(False)
29.1921 	EXP 	eyetracker.setRecordingState(False)
29.2017 	EXP 	eyetracker.setRecordingState(False)
29.2102 	EXP 	eyetracker.setRecordingState(False)
29.2198 	EXP 	eyetracker.setRecordingState(False)
29.2278 	EXP 	eyetracker.setRecordingState(False)
29.2373 	EXP 	eyetracker.setRecordingState(False)
29.2465 	EXP 	eyetracker.setRecordingState(False)
29.2555 	EXP 	eyetracker.setRecordingState(False)
29.2649 	EXP 	eyetracker.setRecordingState(False)
29.2737 	EXP 	eyetracker.setRecordingState(False)
29.2831 	EXP 	eyetracker.setRecordingState(False)
29.2922 	EXP 	eyetracker.setRecordingState(False)
29.3016 	EXP 	eyetracker.setRecordingState(False)
29.3119 	EXP 	eyetracker.setRecordingState(False)
29.3213 	EXP 	eyetracker.setRecordingState(False)
29.3301 	EXP 	eyetracker.setRecordingState(False)
29.3391 	EXP 	eyetracker.setRecordingState(False)
29.3482 	EXP 	eyetracker.setRecordingState(False)
29.3575 	EXP 	eyetracker.setRecordingState(False)
29.3667 	EXP 	eyetracker.setRecordingState(False)
29.3766 	EXP 	eyetracker.setRecordingState(False)
29.3862 	EXP 	eyetracker.setRecordingState(False)
29.3964 	EXP 	eyetracker.setRecordingState(False)
29.4063 	EXP 	eyetracker.setRecordingState(False)
29.4163 	EXP 	eyetracker.setRecordingState(False)
29.4261 	EXP 	eyetracker.setRecordingState(False)
29.4372 	EXP 	eyetracker.setRecordingState(False)
29.4481 	EXP 	eyetracker.setRecordingState(False)
29.4594 	EXP 	eyetracker.setRecordingState(False)
29.4694 	EXP 	eyetracker.setRecordingState(False)
29.4785 	EXP 	eyetracker.setRecordingState(False)
29.4871 	EXP 	eyetracker.setRecordingState(False)
29.4948 	EXP 	eyetracker.setRecordingState(False)
29.5036 	EXP 	eyetracker.setRecordingState(False)
29.5126 	EXP 	eyetracker.setRecordingState(False)
29.5224 	EXP 	eyetracker.setRecordingState(False)
29.5322 	EXP 	eyetracker.setRecordingState(False)
29.5425 	EXP 	eyetracker.setRecordingState(False)
29.5534 	EXP 	eyetracker.setRecordingState(False)
29.5632 	EXP 	eyetracker.setRecordingState(False)
29.5723 	EXP 	eyetracker.setRecordingState(False)
29.5806 	EXP 	eyetracker.setRecordingState(False)
29.5891 	EXP 	eyetracker.setRecordingState(False)
29.5993 	EXP 	eyetracker.setRecordingState(False)
29.6094 	EXP 	eyetracker.setRecordingState(False)
29.6191 	EXP 	eyetracker.setRecordingState(False)
29.6286 	EXP 	eyetracker.setRecordingState(False)
29.6376 	EXP 	eyetracker.setRecordingState(False)
29.6473 	EXP 	eyetracker.setRecordingState(False)
29.6579 	EXP 	eyetracker.setRecordingState(False)
29.6693 	EXP 	eyetracker.setRecordingState(False)
29.6789 	EXP 	eyetracker.setRecordingState(False)
29.6884 	EXP 	eyetracker.setRecordingState(False)
29.6975 	EXP 	eyetracker.setRecordingState(False)
29.7069 	EXP 	eyetracker.setRecordingState(False)
29.7169 	EXP 	eyetracker.setRecordingState(False)
29.7256 	EXP 	eyetracker.setRecordingState(False)
29.7355 	EXP 	eyetracker.setRecordingState(False)
29.7453 	EXP 	eyetracker.setRecordingState(False)
29.7544 	EXP 	eyetracker.setRecordingState(False)
29.7634 	EXP 	eyetracker.setRecordingState(False)
29.7723 	EXP 	eyetracker.setRecordingState(False)
29.7818 	EXP 	eyetracker.setRecordingState(False)
29.7911 	EXP 	eyetracker.setRecordingState(False)
29.7991 	EXP 	eyetracker.setRecordingState(False)
29.8069 	EXP 	eyetracker.setRecordingState(False)
29.8158 	EXP 	eyetracker.setRecordingState(False)
29.8240 	EXP 	eyetracker.setRecordingState(False)
29.8333 	EXP 	eyetracker.setRecordingState(False)
29.8418 	EXP 	eyetracker.setRecordingState(False)
29.8507 	EXP 	eyetracker.setRecordingState(False)
29.8585 	EXP 	eyetracker.setRecordingState(False)
29.8669 	EXP 	eyetracker.setRecordingState(False)
29.8751 	EXP 	eyetracker.setRecordingState(False)
29.8833 	EXP 	eyetracker.setRecordingState(False)
29.8925 	EXP 	eyetracker.setRecordingState(False)
29.9009 	EXP 	eyetracker.setRecordingState(False)
29.9097 	EXP 	eyetracker.setRecordingState(False)
29.9179 	EXP 	eyetracker.setRecordingState(False)
29.9265 	EXP 	eyetracker.setRecordingState(False)
29.9353 	EXP 	eyetracker.setRecordingState(False)
29.9448 	EXP 	eyetracker.setRecordingState(False)
29.9541 	EXP 	eyetracker.setRecordingState(False)
29.9628 	EXP 	eyetracker.setRecordingState(False)
29.9719 	EXP 	eyetracker.setRecordingState(False)
29.9812 	EXP 	eyetracker.setRecordingState(False)
29.9897 	EXP 	eyetracker.setRecordingState(False)
29.9981 	EXP 	eyetracker.setRecordingState(False)
30.0061 	EXP 	eyetracker.setRecordingState(False)
30.0144 	EXP 	eyetracker.setRecordingState(False)
30.0221 	EXP 	eyetracker.setRecordingState(False)
30.0300 	EXP 	eyetracker.setRecordingState(False)
30.0388 	EXP 	eyetracker.setRecordingState(False)
30.0473 	EXP 	eyetracker.setRecordingState(False)
30.0561 	EXP 	eyetracker.setRecordingState(False)
30.0644 	EXP 	eyetracker.setRecordingState(False)
30.0727 	EXP 	eyetracker.setRecordingState(False)
30.0817 	EXP 	eyetracker.setRecordingState(False)
30.0900 	EXP 	eyetracker.setRecordingState(False)
30.0990 	EXP 	eyetracker.setRecordingState(False)
30.1082 	EXP 	eyetracker.setRecordingState(False)
30.1168 	EXP 	eyetracker.setRecordingState(False)
30.1262 	EXP 	eyetracker.setRecordingState(False)
30.1352 	EXP 	eyetracker.setRecordingState(False)
30.1445 	EXP 	eyetracker.setRecordingState(False)
30.1542 	EXP 	eyetracker.setRecordingState(False)
30.1646 	EXP 	eyetracker.setRecordingState(False)
30.1739 	EXP 	eyetracker.setRecordingState(False)
30.1832 	EXP 	eyetracker.setRecordingState(False)
30.1921 	EXP 	eyetracker.setRecordingState(False)
30.2009 	EXP 	eyetracker.setRecordingState(False)
30.2099 	EXP 	eyetracker.setRecordingState(False)
30.2174 	EXP 	eyetracker.setRecordingState(False)
30.2262 	EXP 	eyetracker.setRecordingState(False)
30.2348 	EXP 	eyetracker.setRecordingState(False)
30.2439 	EXP 	eyetracker.setRecordingState(False)
30.2544 	EXP 	eyetracker.setRecordingState(False)
30.2637 	EXP 	eyetracker.setRecordingState(False)
30.2726 	EXP 	eyetracker.setRecordingState(False)
30.2815 	EXP 	eyetracker.setRecordingState(False)
30.2917 	EXP 	eyetracker.setRecordingState(False)
30.3009 	EXP 	eyetracker.setRecordingState(False)
30.3098 	EXP 	eyetracker.setRecordingState(False)
30.3203 	EXP 	eyetracker.setRecordingState(False)
30.3293 	EXP 	eyetracker.setRecordingState(False)
30.3389 	EXP 	eyetracker.setRecordingState(False)
30.3486 	EXP 	eyetracker.setRecordingState(False)
30.3584 	EXP 	eyetracker.setRecordingState(False)
30.3693 	EXP 	eyetracker.setRecordingState(False)
30.3785 	EXP 	eyetracker.setRecordingState(False)
30.3888 	EXP 	eyetracker.setRecordingState(False)
30.3991 	EXP 	eyetracker.setRecordingState(False)
30.4096 	EXP 	eyetracker.setRecordingState(False)
30.4200 	EXP 	eyetracker.setRecordingState(False)
30.4293 	EXP 	eyetracker.setRecordingState(False)
30.4384 	EXP 	eyetracker.setRecordingState(False)
30.4495 	EXP 	eyetracker.setRecordingState(False)
30.4584 	EXP 	eyetracker.setRecordingState(False)
30.4667 	EXP 	eyetracker.setRecordingState(False)
30.4760 	EXP 	eyetracker.setRecordingState(False)
30.4844 	EXP 	eyetracker.setRecordingState(False)
30.4938 	EXP 	eyetracker.setRecordingState(False)
30.5020 	EXP 	eyetracker.setRecordingState(False)
30.5115 	EXP 	eyetracker.setRecordingState(False)
30.5211 	EXP 	eyetracker.setRecordingState(False)
30.5305 	EXP 	eyetracker.setRecordingState(False)
30.5399 	EXP 	eyetracker.setRecordingState(False)
30.5495 	EXP 	eyetracker.setRecordingState(False)
30.5599 	EXP 	eyetracker.setRecordingState(False)
30.5684 	EXP 	eyetracker.setRecordingState(False)
30.5767 	EXP 	eyetracker.setRecordingState(False)
30.5850 	EXP 	eyetracker.setRecordingState(False)
30.5930 	EXP 	eyetracker.setRecordingState(False)
30.6030 	EXP 	eyetracker.setRecordingState(False)
30.6137 	EXP 	eyetracker.setRecordingState(False)
30.6229 	EXP 	eyetracker.setRecordingState(False)
30.6349 	EXP 	eyetracker.setRecordingState(False)
30.6467 	EXP 	eyetracker.setRecordingState(False)
30.6567 	EXP 	eyetracker.setRecordingState(False)
30.6678 	EXP 	eyetracker.setRecordingState(False)
30.6788 	EXP 	eyetracker.setRecordingState(False)
30.6901 	EXP 	eyetracker.setRecordingState(False)
30.7003 	EXP 	eyetracker.setRecordingState(False)
30.7095 	EXP 	eyetracker.setRecordingState(False)
30.7180 	EXP 	eyetracker.setRecordingState(False)
30.7284 	EXP 	eyetracker.setRecordingState(False)
30.7380 	EXP 	eyetracker.setRecordingState(False)
30.7471 	EXP 	eyetracker.setRecordingState(False)
30.7578 	EXP 	eyetracker.setRecordingState(False)
30.7696 	EXP 	eyetracker.setRecordingState(False)
30.7802 	EXP 	eyetracker.setRecordingState(False)
30.7909 	EXP 	eyetracker.setRecordingState(False)
30.8005 	EXP 	eyetracker.setRecordingState(False)
30.8087 	EXP 	eyetracker.setRecordingState(False)
30.8167 	EXP 	eyetracker.setRecordingState(False)
30.8243 	EXP 	eyetracker.setRecordingState(False)
30.8319 	EXP 	eyetracker.setRecordingState(False)
30.8400 	EXP 	eyetracker.setRecordingState(False)
30.8492 	EXP 	eyetracker.setRecordingState(False)
30.8583 	EXP 	eyetracker.setRecordingState(False)
30.8671 	EXP 	eyetracker.setRecordingState(False)
30.8763 	EXP 	eyetracker.setRecordingState(False)
30.8874 	EXP 	eyetracker.setRecordingState(False)
30.9010 	EXP 	eyetracker.setRecordingState(False)
30.9125 	EXP 	eyetracker.setRecordingState(False)
30.9245 	EXP 	eyetracker.setRecordingState(False)
30.9372 	EXP 	eyetracker.setRecordingState(False)
30.9519 	EXP 	eyetracker.setRecordingState(False)
30.9656 	EXP 	eyetracker.setRecordingState(False)
30.9801 	EXP 	eyetracker.setRecordingState(False)
30.9958 	EXP 	eyetracker.setRecordingState(False)
31.0108 	EXP 	eyetracker.setRecordingState(False)
31.0255 	EXP 	eyetracker.setRecordingState(False)
31.0403 	EXP 	eyetracker.setRecordingState(False)
31.0557 	EXP 	eyetracker.setRecordingState(False)
31.0693 	EXP 	eyetracker.setRecordingState(False)
31.0837 	EXP 	eyetracker.setRecordingState(False)
31.0989 	EXP 	eyetracker.setRecordingState(False)
31.1082 	EXP 	eyetracker.setRecordingState(False)
31.1177 	EXP 	eyetracker.setRecordingState(False)
31.1281 	EXP 	eyetracker.setRecordingState(False)
31.1392 	EXP 	eyetracker.setRecordingState(False)
31.1498 	EXP 	eyetracker.setRecordingState(False)
31.1602 	EXP 	eyetracker.setRecordingState(False)
31.1714 	EXP 	eyetracker.setRecordingState(False)
31.1824 	EXP 	eyetracker.setRecordingState(False)
31.1930 	EXP 	eyetracker.setRecordingState(False)
31.2035 	EXP 	eyetracker.setRecordingState(False)
31.2127 	EXP 	eyetracker.setRecordingState(False)
31.2218 	EXP 	eyetracker.setRecordingState(False)
31.2294 	EXP 	eyetracker.setRecordingState(False)
31.2381 	EXP 	eyetracker.setRecordingState(False)
31.2467 	EXP 	eyetracker.setRecordingState(False)
31.2570 	EXP 	eyetracker.setRecordingState(False)
31.2675 	EXP 	eyetracker.setRecordingState(False)
31.2773 	EXP 	eyetracker.setRecordingState(False)
31.2887 	EXP 	eyetracker.setRecordingState(False)
31.2999 	EXP 	eyetracker.setRecordingState(False)
31.3101 	EXP 	eyetracker.setRecordingState(False)
31.3208 	EXP 	eyetracker.setRecordingState(False)
31.3318 	EXP 	eyetracker.setRecordingState(False)
31.3416 	EXP 	eyetracker.setRecordingState(False)
31.3526 	EXP 	eyetracker.setRecordingState(False)
31.3642 	EXP 	eyetracker.setRecordingState(False)
31.3752 	EXP 	eyetracker.setRecordingState(False)
31.3864 	EXP 	eyetracker.setRecordingState(False)
31.3999 	EXP 	eyetracker.setRecordingState(False)
31.4106 	EXP 	eyetracker.setRecordingState(False)
31.4205 	EXP 	eyetracker.setRecordingState(False)
31.4305 	EXP 	eyetracker.setRecordingState(False)
31.4403 	EXP 	eyetracker.setRecordingState(False)
31.4513 	EXP 	eyetracker.setRecordingState(False)
31.4638 	EXP 	eyetracker.setRecordingState(False)
31.4747 	EXP 	eyetracker.setRecordingState(False)
31.4864 	EXP 	eyetracker.setRecordingState(False)
31.4970 	EXP 	eyetracker.setRecordingState(False)
31.5069 	EXP 	eyetracker.setRecordingState(False)
31.5170 	EXP 	eyetracker.setRecordingState(False)
31.5278 	EXP 	eyetracker.setRecordingState(False)
31.5396 	EXP 	eyetracker.setRecordingState(False)
31.5519 	EXP 	eyetracker.setRecordingState(False)
31.5632 	EXP 	eyetracker.setRecordingState(False)
31.5730 	EXP 	eyetracker.setRecordingState(False)
31.5834 	EXP 	eyetracker.setRecordingState(False)
31.5938 	EXP 	eyetracker.setRecordingState(False)
31.6063 	EXP 	eyetracker.setRecordingState(False)
31.6192 	EXP 	eyetracker.setRecordingState(False)
31.6324 	EXP 	eyetracker.setRecordingState(False)
31.6462 	EXP 	eyetracker.setRecordingState(False)
31.6576 	EXP 	eyetracker.setRecordingState(False)
31.6707 	EXP 	eyetracker.setRecordingState(False)
31.6854 	EXP 	eyetracker.setRecordingState(False)
31.6996 	EXP 	eyetracker.setRecordingState(False)
31.7144 	EXP 	eyetracker.setRecordingState(False)
31.7272 	EXP 	eyetracker.setRecordingState(False)
31.7387 	EXP 	eyetracker.setRecordingState(False)
31.7498 	EXP 	eyetracker.setRecordingState(False)
31.7609 	EXP 	eyetracker.setRecordingState(False)
31.7723 	EXP 	eyetracker.setRecordingState(False)
31.7824 	EXP 	eyetracker.setRecordingState(False)
31.7940 	EXP 	eyetracker.setRecordingState(False)
31.8041 	EXP 	eyetracker.setRecordingState(False)
31.8138 	EXP 	eyetracker.setRecordingState(False)
31.8238 	EXP 	eyetracker.setRecordingState(False)
31.8331 	EXP 	eyetracker.setRecordingState(False)
31.8429 	EXP 	eyetracker.setRecordingState(False)
31.8524 	EXP 	eyetracker.setRecordingState(False)
31.8619 	EXP 	eyetracker.setRecordingState(False)
31.8723 	EXP 	eyetracker.setRecordingState(False)
31.8814 	EXP 	eyetracker.setRecordingState(False)
31.8907 	EXP 	eyetracker.setRecordingState(False)
31.9021 	EXP 	eyetracker.setRecordingState(False)
31.9107 	EXP 	eyetracker.setRecordingState(False)
31.9198 	EXP 	eyetracker.setRecordingState(False)
31.9286 	EXP 	eyetracker.setRecordingState(False)
31.9368 	EXP 	eyetracker.setRecordingState(False)
31.9462 	EXP 	eyetracker.setRecordingState(False)
31.9551 	EXP 	eyetracker.setRecordingState(False)
31.9650 	EXP 	eyetracker.setRecordingState(False)
31.9742 	EXP 	eyetracker.setRecordingState(False)
31.9831 	EXP 	eyetracker.setRecordingState(False)
31.9918 	EXP 	eyetracker.setRecordingState(False)
31.9993 	EXP 	eyetracker.setRecordingState(False)
32.0079 	EXP 	eyetracker.setRecordingState(False)
32.0167 	EXP 	eyetracker.setRecordingState(False)
32.0278 	EXP 	eyetracker.setRecordingState(False)
32.0376 	EXP 	eyetracker.setRecordingState(False)
32.0463 	EXP 	eyetracker.setRecordingState(False)
32.0553 	EXP 	eyetracker.setRecordingState(False)
32.0640 	EXP 	eyetracker.setRecordingState(False)
32.0721 	EXP 	eyetracker.setRecordingState(False)
32.0800 	EXP 	eyetracker.setRecordingState(False)
32.0895 	EXP 	eyetracker.setRecordingState(False)
32.0991 	EXP 	eyetracker.setRecordingState(False)
32.1092 	EXP 	eyetracker.setRecordingState(False)
32.1203 	EXP 	eyetracker.setRecordingState(False)
32.1303 	EXP 	eyetracker.setRecordingState(False)
32.1413 	EXP 	eyetracker.setRecordingState(False)
32.1526 	EXP 	eyetracker.setRecordingState(False)
32.1624 	EXP 	eyetracker.setRecordingState(False)
32.1725 	EXP 	eyetracker.setRecordingState(False)
32.1851 	EXP 	eyetracker.setRecordingState(False)
32.1967 	EXP 	eyetracker.setRecordingState(False)
32.2066 	EXP 	eyetracker.setRecordingState(False)
32.2149 	EXP 	eyetracker.setRecordingState(False)
32.2224 	EXP 	eyetracker.setRecordingState(False)
32.2301 	EXP 	eyetracker.setRecordingState(False)
32.2377 	EXP 	eyetracker.setRecordingState(False)
32.2463 	EXP 	eyetracker.setRecordingState(False)
32.2542 	EXP 	eyetracker.setRecordingState(False)
32.2627 	EXP 	eyetracker.setRecordingState(False)
32.2725 	EXP 	eyetracker.setRecordingState(False)
32.2828 	EXP 	eyetracker.setRecordingState(False)
32.2920 	EXP 	eyetracker.setRecordingState(False)
32.3016 	EXP 	eyetracker.setRecordingState(False)
32.3133 	EXP 	eyetracker.setRecordingState(False)
32.3256 	EXP 	eyetracker.setRecordingState(False)
32.3353 	EXP 	eyetracker.setRecordingState(False)
32.3450 	EXP 	eyetracker.setRecordingState(False)
32.3537 	EXP 	eyetracker.setRecordingState(False)
32.3614 	EXP 	eyetracker.setRecordingState(False)
32.3701 	EXP 	eyetracker.setRecordingState(False)
32.3792 	EXP 	eyetracker.setRecordingState(False)
32.3884 	EXP 	eyetracker.setRecordingState(False)
32.3985 	EXP 	eyetracker.setRecordingState(False)
32.4094 	EXP 	eyetracker.setRecordingState(False)
32.4194 	EXP 	eyetracker.setRecordingState(False)
32.4297 	EXP 	eyetracker.setRecordingState(False)
32.4402 	EXP 	eyetracker.setRecordingState(False)
32.4494 	EXP 	eyetracker.setRecordingState(False)
32.4584 	EXP 	eyetracker.setRecordingState(False)
32.4691 	EXP 	eyetracker.setRecordingState(False)
32.4788 	EXP 	eyetracker.setRecordingState(False)
32.4898 	EXP 	eyetracker.setRecordingState(False)
32.5026 	EXP 	eyetracker.setRecordingState(False)
32.5122 	EXP 	eyetracker.setRecordingState(False)
32.5234 	EXP 	eyetracker.setRecordingState(False)
32.5349 	EXP 	eyetracker.setRecordingState(False)
32.5443 	EXP 	eyetracker.setRecordingState(False)
32.5530 	EXP 	eyetracker.setRecordingState(False)
32.5624 	EXP 	eyetracker.setRecordingState(False)
32.5717 	EXP 	eyetracker.setRecordingState(False)
32.5799 	EXP 	eyetracker.setRecordingState(False)
32.5889 	EXP 	eyetracker.setRecordingState(False)
32.5978 	EXP 	eyetracker.setRecordingState(False)
32.6072 	EXP 	eyetracker.setRecordingState(False)
32.6164 	EXP 	eyetracker.setRecordingState(False)
32.6270 	EXP 	eyetracker.setRecordingState(False)
32.6355 	EXP 	eyetracker.setRecordingState(False)
32.6463 	EXP 	eyetracker.setRecordingState(False)
32.6552 	EXP 	eyetracker.setRecordingState(False)
32.6633 	EXP 	eyetracker.setRecordingState(False)
32.6716 	EXP 	eyetracker.setRecordingState(False)
32.6818 	EXP 	eyetracker.setRecordingState(False)
32.6918 	EXP 	eyetracker.setRecordingState(False)
32.7021 	EXP 	eyetracker.setRecordingState(False)
32.7110 	EXP 	eyetracker.setRecordingState(False)
32.7238 	EXP 	eyetracker.setRecordingState(False)
32.7331 	EXP 	eyetracker.setRecordingState(False)
32.7437 	EXP 	eyetracker.setRecordingState(False)
32.7534 	EXP 	eyetracker.setRecordingState(False)
32.7633 	EXP 	eyetracker.setRecordingState(False)
32.7738 	EXP 	eyetracker.setRecordingState(False)
32.7824 	EXP 	eyetracker.setRecordingState(False)
32.7929 	EXP 	eyetracker.setRecordingState(False)
32.8012 	EXP 	eyetracker.setRecordingState(False)
32.8103 	EXP 	eyetracker.setRecordingState(False)
32.8192 	EXP 	eyetracker.setRecordingState(False)
32.8270 	EXP 	eyetracker.setRecordingState(False)
32.8352 	EXP 	eyetracker.setRecordingState(False)
32.8432 	EXP 	eyetracker.setRecordingState(False)
32.8517 	EXP 	eyetracker.setRecordingState(False)
32.8607 	EXP 	eyetracker.setRecordingState(False)
32.8698 	EXP 	eyetracker.setRecordingState(False)
32.8817 	EXP 	eyetracker.setRecordingState(False)
32.8908 	EXP 	eyetracker.setRecordingState(False)
32.9000 	EXP 	eyetracker.setRecordingState(False)
32.9104 	EXP 	eyetracker.setRecordingState(False)
32.9182 	EXP 	eyetracker.setRecordingState(False)
32.9262 	EXP 	eyetracker.setRecordingState(False)
32.9328 	EXP 	eyetracker.setRecordingState(False)
32.9404 	EXP 	eyetracker.setRecordingState(False)
32.9467 	EXP 	eyetracker.setRecordingState(False)
32.9533 	EXP 	eyetracker.setRecordingState(False)
32.9597 	EXP 	eyetracker.setRecordingState(False)
32.9662 	EXP 	eyetracker.setRecordingState(False)
32.9728 	EXP 	eyetracker.setRecordingState(False)
32.9807 	EXP 	eyetracker.setRecordingState(False)
32.9889 	EXP 	eyetracker.setRecordingState(False)
32.9965 	EXP 	eyetracker.setRecordingState(False)
33.0085 	EXP 	eyetracker.setRecordingState(False)
33.0172 	EXP 	eyetracker.setRecordingState(False)
33.0252 	EXP 	eyetracker.setRecordingState(False)
33.0364 	EXP 	eyetracker.setRecordingState(False)
33.0457 	EXP 	eyetracker.setRecordingState(False)
33.0579 	EXP 	eyetracker.setRecordingState(False)
33.0670 	EXP 	eyetracker.setRecordingState(False)
33.0759 	EXP 	eyetracker.setRecordingState(False)
33.0849 	EXP 	eyetracker.setRecordingState(False)
33.0943 	EXP 	eyetracker.setRecordingState(False)
33.1042 	EXP 	eyetracker.setRecordingState(False)
33.1125 	EXP 	eyetracker.setRecordingState(False)
33.1200 	EXP 	eyetracker.setRecordingState(False)
33.1276 	EXP 	eyetracker.setRecordingState(False)
33.1338 	EXP 	eyetracker.setRecordingState(False)
33.1407 	EXP 	eyetracker.setRecordingState(False)
33.1473 	EXP 	eyetracker.setRecordingState(False)
33.1541 	EXP 	eyetracker.setRecordingState(False)
33.1616 	EXP 	eyetracker.setRecordingState(False)
33.1684 	EXP 	eyetracker.setRecordingState(False)
33.1753 	EXP 	eyetracker.setRecordingState(False)
33.1833 	EXP 	eyetracker.setRecordingState(False)
33.1916 	EXP 	eyetracker.setRecordingState(False)
33.2021 	EXP 	eyetracker.setRecordingState(False)
33.2114 	EXP 	eyetracker.setRecordingState(False)
33.2191 	EXP 	eyetracker.setRecordingState(False)
33.2265 	EXP 	eyetracker.setRecordingState(False)
33.2357 	EXP 	eyetracker.setRecordingState(False)
33.2440 	EXP 	eyetracker.setRecordingState(False)
33.2521 	EXP 	eyetracker.setRecordingState(False)
33.2604 	EXP 	eyetracker.setRecordingState(False)
33.2674 	EXP 	eyetracker.setRecordingState(False)
33.2742 	EXP 	eyetracker.setRecordingState(False)
33.2822 	EXP 	eyetracker.setRecordingState(False)
33.2902 	EXP 	eyetracker.setRecordingState(False)
33.2986 	EXP 	eyetracker.setRecordingState(False)
33.3087 	EXP 	eyetracker.setRecordingState(False)
33.3168 	EXP 	eyetracker.setRecordingState(False)
33.3251 	EXP 	eyetracker.setRecordingState(False)
33.3349 	EXP 	eyetracker.setRecordingState(False)
33.3435 	EXP 	eyetracker.setRecordingState(False)
33.3514 	EXP 	eyetracker.setRecordingState(False)
33.3588 	EXP 	eyetracker.setRecordingState(False)
33.3668 	EXP 	eyetracker.setRecordingState(False)
33.3770 	EXP 	eyetracker.setRecordingState(False)
33.3852 	EXP 	eyetracker.setRecordingState(False)
33.3936 	EXP 	eyetracker.setRecordingState(False)
33.4023 	EXP 	eyetracker.setRecordingState(False)
33.4113 	EXP 	eyetracker.setRecordingState(False)
33.4203 	EXP 	eyetracker.setRecordingState(False)
33.4298 	EXP 	eyetracker.setRecordingState(False)
33.4397 	EXP 	eyetracker.setRecordingState(False)
33.4489 	EXP 	eyetracker.setRecordingState(False)
33.4574 	EXP 	eyetracker.setRecordingState(False)
33.4677 	EXP 	eyetracker.setRecordingState(False)
33.4779 	EXP 	eyetracker.setRecordingState(False)
33.4869 	EXP 	eyetracker.setRecordingState(False)
33.4957 	EXP 	eyetracker.setRecordingState(False)
33.5055 	EXP 	eyetracker.setRecordingState(False)
33.5141 	EXP 	eyetracker.setRecordingState(False)
33.5237 	EXP 	eyetracker.setRecordingState(False)
33.5324 	EXP 	eyetracker.setRecordingState(False)
33.5423 	EXP 	eyetracker.setRecordingState(False)
33.5517 	EXP 	eyetracker.setRecordingState(False)
33.5604 	EXP 	eyetracker.setRecordingState(False)
33.5690 	EXP 	eyetracker.setRecordingState(False)
33.5775 	EXP 	eyetracker.setRecordingState(False)
33.5870 	EXP 	eyetracker.setRecordingState(False)
33.5957 	EXP 	eyetracker.setRecordingState(False)
33.6061 	EXP 	eyetracker.setRecordingState(False)
33.6163 	EXP 	eyetracker.setRecordingState(False)
33.6259 	EXP 	eyetracker.setRecordingState(False)
33.6375 	EXP 	eyetracker.setRecordingState(False)
33.6479 	EXP 	eyetracker.setRecordingState(False)
33.6579 	EXP 	eyetracker.setRecordingState(False)
33.6678 	EXP 	eyetracker.setRecordingState(False)
33.6780 	EXP 	eyetracker.setRecordingState(False)
33.6821 	DATA 	Mouse: Left button down, pos=(1517,598)
33.6885 	EXP 	eyetracker.setRecordingState(False)
33.6914 	EXP 	eyetracker.setRecordingState(False)
33.7135 	INFO 	Keyboard events cleared
33.7124 	EXP 	text_12: autoDraw = False
33.7124 	EXP 	fortune: autoDraw = False
33.7124 	EXP 	marina: autoDraw = False
33.7124 	EXP 	Njoy: autoDraw = False
33.7124 	EXP 	text_13: autoDraw = False
33.7124 	EXP 	text_14: autoDraw = False
33.7124 	EXP 	text_15: autoDraw = False
33.7124 	EXP 	text_instr: autoDraw = True
33.7124 	EXP 	kandos: autoDraw = True
33.7124 	EXP 	ritzbury: autoDraw = True
33.7124 	EXP 	revello: autoDraw = True
33.7124 	EXP 	cadbury: autoDraw = True
33.7124 	EXP 	text_20: autoDraw = True
33.7124 	EXP 	text_21: autoDraw = True
33.7124 	EXP 	text_22: autoDraw = True
33.7124 	EXP 	text_23: autoDraw = True
33.7162 	EXP 	eyetracker.setRecordingState(False)
33.7257 	EXP 	eyetracker.setRecordingState(False)
33.7352 	EXP 	eyetracker.setRecordingState(False)
33.7449 	EXP 	eyetracker.setRecordingState(False)
33.7549 	EXP 	eyetracker.setRecordingState(False)
33.7647 	EXP 	eyetracker.setRecordingState(False)
33.7734 	EXP 	eyetracker.setRecordingState(False)
33.7821 	EXP 	eyetracker.setRecordingState(False)
33.7923 	EXP 	eyetracker.setRecordingState(False)
33.8023 	EXP 	eyetracker.setRecordingState(False)
33.8120 	EXP 	eyetracker.setRecordingState(False)
33.8218 	EXP 	eyetracker.setRecordingState(False)
33.8314 	EXP 	eyetracker.setRecordingState(False)
33.8407 	EXP 	eyetracker.setRecordingState(False)
33.8505 	EXP 	eyetracker.setRecordingState(False)
33.8613 	EXP 	eyetracker.setRecordingState(False)
33.8713 	EXP 	eyetracker.setRecordingState(False)
33.8817 	EXP 	eyetracker.setRecordingState(False)
33.8928 	EXP 	eyetracker.setRecordingState(False)
33.8992 	DATA 	Mouse:  Left button up, pos=(1517,598)
33.9055 	EXP 	eyetracker.setRecordingState(False)
33.9189 	EXP 	eyetracker.setRecordingState(False)
33.9301 	EXP 	eyetracker.setRecordingState(False)
33.9412 	EXP 	eyetracker.setRecordingState(False)
33.9511 	EXP 	eyetracker.setRecordingState(False)
33.9606 	EXP 	eyetracker.setRecordingState(False)
33.9712 	EXP 	eyetracker.setRecordingState(False)
33.9823 	EXP 	eyetracker.setRecordingState(False)
33.9946 	EXP 	eyetracker.setRecordingState(False)
34.0056 	EXP 	eyetracker.setRecordingState(False)
34.0156 	EXP 	eyetracker.setRecordingState(False)
34.0254 	EXP 	eyetracker.setRecordingState(False)
34.0354 	EXP 	eyetracker.setRecordingState(False)
34.0450 	EXP 	eyetracker.setRecordingState(False)
34.0535 	EXP 	eyetracker.setRecordingState(False)
34.0631 	EXP 	eyetracker.setRecordingState(False)
34.0734 	EXP 	eyetracker.setRecordingState(False)
34.0832 	EXP 	eyetracker.setRecordingState(False)
34.0929 	EXP 	eyetracker.setRecordingState(False)
34.1023 	EXP 	eyetracker.setRecordingState(False)
34.1122 	EXP 	eyetracker.setRecordingState(False)
34.1212 	EXP 	eyetracker.setRecordingState(False)
34.1306 	EXP 	eyetracker.setRecordingState(False)
34.1392 	EXP 	eyetracker.setRecordingState(False)
34.1471 	EXP 	eyetracker.setRecordingState(False)
34.1555 	EXP 	eyetracker.setRecordingState(False)
34.1643 	EXP 	eyetracker.setRecordingState(False)
34.1727 	EXP 	eyetracker.setRecordingState(False)
34.1820 	EXP 	eyetracker.setRecordingState(False)
34.1912 	EXP 	eyetracker.setRecordingState(False)
34.2020 	EXP 	eyetracker.setRecordingState(False)
34.2118 	EXP 	eyetracker.setRecordingState(False)
34.2219 	EXP 	eyetracker.setRecordingState(False)
34.2319 	EXP 	eyetracker.setRecordingState(False)
34.2426 	EXP 	eyetracker.setRecordingState(False)
34.2526 	EXP 	eyetracker.setRecordingState(False)
34.2624 	EXP 	eyetracker.setRecordingState(False)
34.2714 	EXP 	eyetracker.setRecordingState(False)
34.2802 	EXP 	eyetracker.setRecordingState(False)
34.2887 	EXP 	eyetracker.setRecordingState(False)
34.2969 	EXP 	eyetracker.setRecordingState(False)
34.3052 	EXP 	eyetracker.setRecordingState(False)
34.3137 	EXP 	eyetracker.setRecordingState(False)
34.3218 	EXP 	eyetracker.setRecordingState(False)
34.3310 	EXP 	eyetracker.setRecordingState(False)
34.3389 	EXP 	eyetracker.setRecordingState(False)
34.3472 	EXP 	eyetracker.setRecordingState(False)
34.3559 	EXP 	eyetracker.setRecordingState(False)
34.3654 	EXP 	eyetracker.setRecordingState(False)
34.3748 	EXP 	eyetracker.setRecordingState(False)
34.3831 	EXP 	eyetracker.setRecordingState(False)
34.3920 	EXP 	eyetracker.setRecordingState(False)
34.4002 	EXP 	eyetracker.setRecordingState(False)
34.4084 	EXP 	eyetracker.setRecordingState(False)
34.4168 	EXP 	eyetracker.setRecordingState(False)
34.4253 	EXP 	eyetracker.setRecordingState(False)
34.4344 	EXP 	eyetracker.setRecordingState(False)
34.4441 	EXP 	eyetracker.setRecordingState(False)
34.4535 	EXP 	eyetracker.setRecordingState(False)
34.4624 	EXP 	eyetracker.setRecordingState(False)
34.4713 	EXP 	eyetracker.setRecordingState(False)
34.4799 	EXP 	eyetracker.setRecordingState(False)
34.4884 	EXP 	eyetracker.setRecordingState(False)
34.4977 	EXP 	eyetracker.setRecordingState(False)
34.5062 	EXP 	eyetracker.setRecordingState(False)
34.5158 	EXP 	eyetracker.setRecordingState(False)
34.5256 	EXP 	eyetracker.setRecordingState(False)
34.5348 	EXP 	eyetracker.setRecordingState(False)
34.5449 	EXP 	eyetracker.setRecordingState(False)
34.5567 	EXP 	eyetracker.setRecordingState(False)
34.5649 	EXP 	eyetracker.setRecordingState(False)
34.5742 	EXP 	eyetracker.setRecordingState(False)
34.5820 	EXP 	eyetracker.setRecordingState(False)
34.5885 	EXP 	eyetracker.setRecordingState(False)
34.5957 	EXP 	eyetracker.setRecordingState(False)
34.6029 	EXP 	eyetracker.setRecordingState(False)
34.6098 	EXP 	eyetracker.setRecordingState(False)
34.6173 	EXP 	eyetracker.setRecordingState(False)
34.6253 	EXP 	eyetracker.setRecordingState(False)
34.6342 	EXP 	eyetracker.setRecordingState(False)
34.6436 	EXP 	eyetracker.setRecordingState(False)
34.6540 	EXP 	eyetracker.setRecordingState(False)
34.6645 	EXP 	eyetracker.setRecordingState(False)
34.6746 	EXP 	eyetracker.setRecordingState(False)
34.6842 	EXP 	eyetracker.setRecordingState(False)
34.6947 	EXP 	eyetracker.setRecordingState(False)
34.7052 	EXP 	eyetracker.setRecordingState(False)
34.7163 	EXP 	eyetracker.setRecordingState(False)
34.7275 	EXP 	eyetracker.setRecordingState(False)
34.7384 	EXP 	eyetracker.setRecordingState(False)
34.7491 	EXP 	eyetracker.setRecordingState(False)
34.7591 	EXP 	eyetracker.setRecordingState(False)
34.7709 	EXP 	eyetracker.setRecordingState(False)
34.7814 	EXP 	eyetracker.setRecordingState(False)
34.7915 	EXP 	eyetracker.setRecordingState(False)
34.8007 	EXP 	eyetracker.setRecordingState(False)
34.8099 	EXP 	eyetracker.setRecordingState(False)
34.8196 	EXP 	eyetracker.setRecordingState(False)
34.8307 	EXP 	eyetracker.setRecordingState(False)
34.8414 	EXP 	eyetracker.setRecordingState(False)
34.8518 	EXP 	eyetracker.setRecordingState(False)
34.8628 	EXP 	eyetracker.setRecordingState(False)
34.8719 	EXP 	eyetracker.setRecordingState(False)
34.8820 	EXP 	eyetracker.setRecordingState(False)
34.8919 	EXP 	eyetracker.setRecordingState(False)
34.9026 	EXP 	eyetracker.setRecordingState(False)
34.9149 	EXP 	eyetracker.setRecordingState(False)
34.9252 	EXP 	eyetracker.setRecordingState(False)
34.9347 	EXP 	eyetracker.setRecordingState(False)
34.9447 	EXP 	eyetracker.setRecordingState(False)
34.9562 	EXP 	eyetracker.setRecordingState(False)
34.9678 	EXP 	eyetracker.setRecordingState(False)
34.9787 	EXP 	eyetracker.setRecordingState(False)
34.9905 	EXP 	eyetracker.setRecordingState(False)
35.0006 	EXP 	eyetracker.setRecordingState(False)
35.0109 	EXP 	eyetracker.setRecordingState(False)
35.0212 	EXP 	eyetracker.setRecordingState(False)
35.0300 	EXP 	eyetracker.setRecordingState(False)
35.0403 	EXP 	eyetracker.setRecordingState(False)
35.0517 	EXP 	eyetracker.setRecordingState(False)
35.0618 	EXP 	eyetracker.setRecordingState(False)
35.0729 	EXP 	eyetracker.setRecordingState(False)
35.0837 	EXP 	eyetracker.setRecordingState(False)
35.0948 	EXP 	eyetracker.setRecordingState(False)
35.1064 	EXP 	eyetracker.setRecordingState(False)
35.1191 	EXP 	eyetracker.setRecordingState(False)
35.1299 	EXP 	eyetracker.setRecordingState(False)
35.1399 	EXP 	eyetracker.setRecordingState(False)
35.1521 	EXP 	eyetracker.setRecordingState(False)
35.1640 	EXP 	eyetracker.setRecordingState(False)
35.1745 	EXP 	eyetracker.setRecordingState(False)
35.1857 	EXP 	eyetracker.setRecordingState(False)
35.1971 	EXP 	eyetracker.setRecordingState(False)
35.2084 	EXP 	eyetracker.setRecordingState(False)
35.2174 	EXP 	eyetracker.setRecordingState(False)
35.2267 	EXP 	eyetracker.setRecordingState(False)
35.2353 	EXP 	eyetracker.setRecordingState(False)
35.2445 	EXP 	eyetracker.setRecordingState(False)
35.2533 	EXP 	eyetracker.setRecordingState(False)
35.2630 	EXP 	eyetracker.setRecordingState(False)
35.2733 	EXP 	eyetracker.setRecordingState(False)
35.2844 	EXP 	eyetracker.setRecordingState(False)
35.2966 	EXP 	eyetracker.setRecordingState(False)
35.3101 	EXP 	eyetracker.setRecordingState(False)
35.3230 	EXP 	eyetracker.setRecordingState(False)
35.3344 	EXP 	eyetracker.setRecordingState(False)
35.3457 	EXP 	eyetracker.setRecordingState(False)
35.3569 	EXP 	eyetracker.setRecordingState(False)
35.3686 	EXP 	eyetracker.setRecordingState(False)
35.3791 	EXP 	eyetracker.setRecordingState(False)
35.3892 	EXP 	eyetracker.setRecordingState(False)
35.4007 	EXP 	eyetracker.setRecordingState(False)
35.4110 	EXP 	eyetracker.setRecordingState(False)
35.4205 	EXP 	eyetracker.setRecordingState(False)
35.4298 	EXP 	eyetracker.setRecordingState(False)
35.4378 	EXP 	eyetracker.setRecordingState(False)
35.4479 	EXP 	eyetracker.setRecordingState(False)
35.4568 	EXP 	eyetracker.setRecordingState(False)
35.4660 	EXP 	eyetracker.setRecordingState(False)
35.4753 	EXP 	eyetracker.setRecordingState(False)
35.4837 	EXP 	eyetracker.setRecordingState(False)
35.4934 	EXP 	eyetracker.setRecordingState(False)
35.5019 	EXP 	eyetracker.setRecordingState(False)
35.5105 	EXP 	eyetracker.setRecordingState(False)
35.5200 	EXP 	eyetracker.setRecordingState(False)
35.5282 	EXP 	eyetracker.setRecordingState(False)
35.5361 	EXP 	eyetracker.setRecordingState(False)
35.5444 	EXP 	eyetracker.setRecordingState(False)
35.5541 	EXP 	eyetracker.setRecordingState(False)
35.5619 	EXP 	eyetracker.setRecordingState(False)
35.5699 	EXP 	eyetracker.setRecordingState(False)
35.5789 	EXP 	eyetracker.setRecordingState(False)
35.5870 	EXP 	eyetracker.setRecordingState(False)
35.5960 	EXP 	eyetracker.setRecordingState(False)
35.6050 	EXP 	eyetracker.setRecordingState(False)
35.6131 	EXP 	eyetracker.setRecordingState(False)
35.6214 	EXP 	eyetracker.setRecordingState(False)
35.6312 	EXP 	eyetracker.setRecordingState(False)
35.6392 	EXP 	eyetracker.setRecordingState(False)
35.6479 	EXP 	eyetracker.setRecordingState(False)
35.6562 	EXP 	eyetracker.setRecordingState(False)
35.6650 	EXP 	eyetracker.setRecordingState(False)
35.6751 	EXP 	eyetracker.setRecordingState(False)
35.6852 	EXP 	eyetracker.setRecordingState(False)
35.6948 	EXP 	eyetracker.setRecordingState(False)
35.7050 	EXP 	eyetracker.setRecordingState(False)
35.7166 	EXP 	eyetracker.setRecordingState(False)
35.7258 	EXP 	eyetracker.setRecordingState(False)
35.7351 	EXP 	eyetracker.setRecordingState(False)
35.7458 	EXP 	eyetracker.setRecordingState(False)
35.7556 	EXP 	eyetracker.setRecordingState(False)
35.7655 	EXP 	eyetracker.setRecordingState(False)
35.7754 	EXP 	eyetracker.setRecordingState(False)
35.7846 	EXP 	eyetracker.setRecordingState(False)
35.7932 	EXP 	eyetracker.setRecordingState(False)
35.8019 	EXP 	eyetracker.setRecordingState(False)
35.8107 	EXP 	eyetracker.setRecordingState(False)
35.8199 	EXP 	eyetracker.setRecordingState(False)
35.8299 	EXP 	eyetracker.setRecordingState(False)
35.8393 	EXP 	eyetracker.setRecordingState(False)
35.8479 	EXP 	eyetracker.setRecordingState(False)
35.8575 	EXP 	eyetracker.setRecordingState(False)
35.8670 	EXP 	eyetracker.setRecordingState(False)
35.8770 	EXP 	eyetracker.setRecordingState(False)
35.8874 	EXP 	eyetracker.setRecordingState(False)
35.8960 	EXP 	eyetracker.setRecordingState(False)
35.9066 	EXP 	eyetracker.setRecordingState(False)
35.9154 	EXP 	eyetracker.setRecordingState(False)
35.9249 	EXP 	eyetracker.setRecordingState(False)
35.9338 	EXP 	eyetracker.setRecordingState(False)
35.9430 	EXP 	eyetracker.setRecordingState(False)
35.9521 	EXP 	eyetracker.setRecordingState(False)
35.9618 	EXP 	eyetracker.setRecordingState(False)
35.9709 	EXP 	eyetracker.setRecordingState(False)
35.9795 	EXP 	eyetracker.setRecordingState(False)
35.9881 	EXP 	eyetracker.setRecordingState(False)
35.9975 	EXP 	eyetracker.setRecordingState(False)
36.0059 	EXP 	eyetracker.setRecordingState(False)
36.0148 	EXP 	eyetracker.setRecordingState(False)
36.0243 	EXP 	eyetracker.setRecordingState(False)
36.0346 	EXP 	eyetracker.setRecordingState(False)
36.0436 	EXP 	eyetracker.setRecordingState(False)
36.0520 	EXP 	eyetracker.setRecordingState(False)
36.0607 	EXP 	eyetracker.setRecordingState(False)
36.0699 	EXP 	eyetracker.setRecordingState(False)
36.0794 	EXP 	eyetracker.setRecordingState(False)
36.0878 	EXP 	eyetracker.setRecordingState(False)
36.0969 	EXP 	eyetracker.setRecordingState(False)
36.1068 	EXP 	eyetracker.setRecordingState(False)
36.1154 	EXP 	eyetracker.setRecordingState(False)
36.1240 	EXP 	eyetracker.setRecordingState(False)
36.1325 	EXP 	eyetracker.setRecordingState(False)
36.1418 	EXP 	eyetracker.setRecordingState(False)
36.1505 	EXP 	eyetracker.setRecordingState(False)
36.1604 	EXP 	eyetracker.setRecordingState(False)
36.1694 	EXP 	eyetracker.setRecordingState(False)
36.1794 	EXP 	eyetracker.setRecordingState(False)
36.1890 	EXP 	eyetracker.setRecordingState(False)
36.1975 	EXP 	eyetracker.setRecordingState(False)
36.2068 	EXP 	eyetracker.setRecordingState(False)
36.2166 	EXP 	eyetracker.setRecordingState(False)
36.2292 	EXP 	eyetracker.setRecordingState(False)
36.2365 	EXP 	eyetracker.setRecordingState(False)
36.2445 	EXP 	eyetracker.setRecordingState(False)
36.2551 	EXP 	eyetracker.setRecordingState(False)
36.2650 	EXP 	eyetracker.setRecordingState(False)
36.2773 	EXP 	eyetracker.setRecordingState(False)
36.2901 	EXP 	eyetracker.setRecordingState(False)
36.3026 	EXP 	eyetracker.setRecordingState(False)
36.3137 	EXP 	eyetracker.setRecordingState(False)
36.3241 	EXP 	eyetracker.setRecordingState(False)
36.3353 	EXP 	eyetracker.setRecordingState(False)
36.3478 	EXP 	eyetracker.setRecordingState(False)
36.3586 	EXP 	eyetracker.setRecordingState(False)
36.3697 	EXP 	eyetracker.setRecordingState(False)
36.3797 	EXP 	eyetracker.setRecordingState(False)
36.3891 	EXP 	eyetracker.setRecordingState(False)
36.3992 	EXP 	eyetracker.setRecordingState(False)
36.4091 	EXP 	eyetracker.setRecordingState(False)
36.4179 	EXP 	eyetracker.setRecordingState(False)
36.4278 	EXP 	eyetracker.setRecordingState(False)
36.4377 	EXP 	eyetracker.setRecordingState(False)
36.4467 	EXP 	eyetracker.setRecordingState(False)
36.4555 	EXP 	eyetracker.setRecordingState(False)
36.4640 	EXP 	eyetracker.setRecordingState(False)
36.4728 	EXP 	eyetracker.setRecordingState(False)
36.4811 	EXP 	eyetracker.setRecordingState(False)
36.4920 	EXP 	eyetracker.setRecordingState(False)
36.5032 	EXP 	eyetracker.setRecordingState(False)
36.5127 	EXP 	eyetracker.setRecordingState(False)
36.5230 	EXP 	eyetracker.setRecordingState(False)
36.5331 	EXP 	eyetracker.setRecordingState(False)
36.5436 	EXP 	eyetracker.setRecordingState(False)
36.5546 	EXP 	eyetracker.setRecordingState(False)
36.5636 	EXP 	eyetracker.setRecordingState(False)
36.5730 	EXP 	eyetracker.setRecordingState(False)
36.5834 	EXP 	eyetracker.setRecordingState(False)
36.5946 	EXP 	eyetracker.setRecordingState(False)
36.6056 	EXP 	eyetracker.setRecordingState(False)
36.6164 	EXP 	eyetracker.setRecordingState(False)
36.6259 	EXP 	eyetracker.setRecordingState(False)
36.6355 	EXP 	eyetracker.setRecordingState(False)
36.6457 	EXP 	eyetracker.setRecordingState(False)
36.6536 	EXP 	eyetracker.setRecordingState(False)
36.6614 	EXP 	eyetracker.setRecordingState(False)
36.6701 	EXP 	eyetracker.setRecordingState(False)
36.6774 	EXP 	eyetracker.setRecordingState(False)
36.6844 	EXP 	eyetracker.setRecordingState(False)
36.6921 	EXP 	eyetracker.setRecordingState(False)
36.6994 	EXP 	eyetracker.setRecordingState(False)
36.7070 	EXP 	eyetracker.setRecordingState(False)
36.7147 	EXP 	eyetracker.setRecordingState(False)
36.7238 	EXP 	eyetracker.setRecordingState(False)
36.7314 	EXP 	eyetracker.setRecordingState(False)
36.7394 	EXP 	eyetracker.setRecordingState(False)
36.7472 	EXP 	eyetracker.setRecordingState(False)
36.7546 	EXP 	eyetracker.setRecordingState(False)
36.7611 	EXP 	eyetracker.setRecordingState(False)
36.7676 	EXP 	eyetracker.setRecordingState(False)
36.7747 	EXP 	eyetracker.setRecordingState(False)
36.7821 	EXP 	eyetracker.setRecordingState(False)
36.7891 	EXP 	eyetracker.setRecordingState(False)
36.7953 	EXP 	eyetracker.setRecordingState(False)
36.8022 	EXP 	eyetracker.setRecordingState(False)
36.8089 	EXP 	eyetracker.setRecordingState(False)
36.8157 	EXP 	eyetracker.setRecordingState(False)
36.8214 	EXP 	eyetracker.setRecordingState(False)
36.8282 	EXP 	eyetracker.setRecordingState(False)
36.8354 	EXP 	eyetracker.setRecordingState(False)
36.8420 	EXP 	eyetracker.setRecordingState(False)
36.8493 	EXP 	eyetracker.setRecordingState(False)
36.8562 	EXP 	eyetracker.setRecordingState(False)
36.8634 	EXP 	eyetracker.setRecordingState(False)
36.8699 	EXP 	eyetracker.setRecordingState(False)
36.8792 	EXP 	eyetracker.setRecordingState(False)
36.8858 	EXP 	eyetracker.setRecordingState(False)
36.8924 	EXP 	eyetracker.setRecordingState(False)
36.8995 	EXP 	eyetracker.setRecordingState(False)
36.9079 	EXP 	eyetracker.setRecordingState(False)
36.9154 	EXP 	eyetracker.setRecordingState(False)
36.9229 	EXP 	eyetracker.setRecordingState(False)
36.9331 	EXP 	eyetracker.setRecordingState(False)
36.9405 	EXP 	eyetracker.setRecordingState(False)
36.9475 	EXP 	eyetracker.setRecordingState(False)
36.9546 	EXP 	eyetracker.setRecordingState(False)
36.9611 	EXP 	eyetracker.setRecordingState(False)
36.9683 	EXP 	eyetracker.setRecordingState(False)
36.9753 	EXP 	eyetracker.setRecordingState(False)
36.9828 	EXP 	eyetracker.setRecordingState(False)
36.9899 	EXP 	eyetracker.setRecordingState(False)
36.9973 	EXP 	eyetracker.setRecordingState(False)
37.0044 	EXP 	eyetracker.setRecordingState(False)
37.0119 	EXP 	eyetracker.setRecordingState(False)
37.0200 	EXP 	eyetracker.setRecordingState(False)
37.0284 	EXP 	eyetracker.setRecordingState(False)
37.0367 	EXP 	eyetracker.setRecordingState(False)
37.0447 	EXP 	eyetracker.setRecordingState(False)
37.0524 	EXP 	eyetracker.setRecordingState(False)
37.0594 	EXP 	eyetracker.setRecordingState(False)
37.0669 	EXP 	eyetracker.setRecordingState(False)
37.0734 	EXP 	eyetracker.setRecordingState(False)
37.0808 	EXP 	eyetracker.setRecordingState(False)
37.0879 	EXP 	eyetracker.setRecordingState(False)
37.0947 	EXP 	eyetracker.setRecordingState(False)
37.1022 	EXP 	eyetracker.setRecordingState(False)
37.1090 	EXP 	eyetracker.setRecordingState(False)
37.1157 	EXP 	eyetracker.setRecordingState(False)
37.1233 	EXP 	eyetracker.setRecordingState(False)
37.1301 	EXP 	eyetracker.setRecordingState(False)
37.1369 	EXP 	eyetracker.setRecordingState(False)
37.1445 	EXP 	eyetracker.setRecordingState(False)
37.1520 	EXP 	eyetracker.setRecordingState(False)
37.1604 	EXP 	eyetracker.setRecordingState(False)
37.1700 	EXP 	eyetracker.setRecordingState(False)
37.1783 	EXP 	eyetracker.setRecordingState(False)
37.1857 	EXP 	eyetracker.setRecordingState(False)
37.1933 	EXP 	eyetracker.setRecordingState(False)
37.2006 	EXP 	eyetracker.setRecordingState(False)
37.2081 	EXP 	eyetracker.setRecordingState(False)
37.2147 	EXP 	eyetracker.setRecordingState(False)
37.2213 	EXP 	eyetracker.setRecordingState(False)
37.2273 	EXP 	eyetracker.setRecordingState(False)
37.2339 	EXP 	eyetracker.setRecordingState(False)
37.2413 	EXP 	eyetracker.setRecordingState(False)
37.2484 	EXP 	eyetracker.setRecordingState(False)
37.2559 	EXP 	eyetracker.setRecordingState(False)
37.2636 	EXP 	eyetracker.setRecordingState(False)
37.2726 	EXP 	eyetracker.setRecordingState(False)
37.2824 	EXP 	eyetracker.setRecordingState(False)
37.2918 	EXP 	eyetracker.setRecordingState(False)
37.3003 	EXP 	eyetracker.setRecordingState(False)
37.3100 	EXP 	eyetracker.setRecordingState(False)
37.3213 	EXP 	eyetracker.setRecordingState(False)
37.3335 	EXP 	eyetracker.setRecordingState(False)
37.3426 	EXP 	eyetracker.setRecordingState(False)
37.3534 	EXP 	eyetracker.setRecordingState(False)
37.3623 	EXP 	eyetracker.setRecordingState(False)
37.3707 	EXP 	eyetracker.setRecordingState(False)
37.3820 	EXP 	eyetracker.setRecordingState(False)
37.3899 	EXP 	eyetracker.setRecordingState(False)
37.3994 	EXP 	eyetracker.setRecordingState(False)
37.4101 	EXP 	eyetracker.setRecordingState(False)
37.4191 	EXP 	eyetracker.setRecordingState(False)
37.4285 	EXP 	eyetracker.setRecordingState(False)
37.4379 	EXP 	eyetracker.setRecordingState(False)
37.4474 	EXP 	eyetracker.setRecordingState(False)
37.4586 	EXP 	eyetracker.setRecordingState(False)
37.4668 	EXP 	eyetracker.setRecordingState(False)
37.4775 	EXP 	eyetracker.setRecordingState(False)
37.4872 	EXP 	eyetracker.setRecordingState(False)
37.4978 	EXP 	eyetracker.setRecordingState(False)
37.5077 	EXP 	eyetracker.setRecordingState(False)
37.5161 	EXP 	eyetracker.setRecordingState(False)
37.5269 	EXP 	eyetracker.setRecordingState(False)
37.5374 	EXP 	eyetracker.setRecordingState(False)
37.5484 	EXP 	eyetracker.setRecordingState(False)
37.5586 	EXP 	eyetracker.setRecordingState(False)
37.5698 	EXP 	eyetracker.setRecordingState(False)
37.5785 	EXP 	eyetracker.setRecordingState(False)
37.5884 	EXP 	eyetracker.setRecordingState(False)
37.5978 	EXP 	eyetracker.setRecordingState(False)
37.6067 	EXP 	eyetracker.setRecordingState(False)
37.6145 	EXP 	eyetracker.setRecordingState(False)
37.6225 	EXP 	eyetracker.setRecordingState(False)
37.6319 	EXP 	eyetracker.setRecordingState(False)
37.6392 	EXP 	eyetracker.setRecordingState(False)
37.6470 	EXP 	eyetracker.setRecordingState(False)
37.6547 	EXP 	eyetracker.setRecordingState(False)
37.6635 	EXP 	eyetracker.setRecordingState(False)
37.6714 	EXP 	eyetracker.setRecordingState(False)
37.6812 	EXP 	eyetracker.setRecordingState(False)
37.6903 	EXP 	eyetracker.setRecordingState(False)
37.7028 	EXP 	eyetracker.setRecordingState(False)
37.7120 	EXP 	eyetracker.setRecordingState(False)
37.7235 	EXP 	eyetracker.setRecordingState(False)
37.7316 	EXP 	eyetracker.setRecordingState(False)
37.7408 	EXP 	eyetracker.setRecordingState(False)
37.7490 	EXP 	eyetracker.setRecordingState(False)
37.7567 	EXP 	eyetracker.setRecordingState(False)
37.7642 	EXP 	eyetracker.setRecordingState(False)
37.7708 	EXP 	eyetracker.setRecordingState(False)
37.7771 	EXP 	eyetracker.setRecordingState(False)
37.7848 	EXP 	eyetracker.setRecordingState(False)
37.7917 	EXP 	eyetracker.setRecordingState(False)
37.7989 	EXP 	eyetracker.setRecordingState(False)
37.8078 	EXP 	eyetracker.setRecordingState(False)
37.8170 	EXP 	eyetracker.setRecordingState(False)
37.8268 	EXP 	eyetracker.setRecordingState(False)
37.8368 	EXP 	eyetracker.setRecordingState(False)
37.8488 	EXP 	eyetracker.setRecordingState(False)
37.8583 	EXP 	eyetracker.setRecordingState(False)
37.8665 	EXP 	eyetracker.setRecordingState(False)
37.8766 	EXP 	eyetracker.setRecordingState(False)
37.8868 	EXP 	eyetracker.setRecordingState(False)
37.8978 	EXP 	eyetracker.setRecordingState(False)
37.9068 	EXP 	eyetracker.setRecordingState(False)
37.9164 	EXP 	eyetracker.setRecordingState(False)
37.9266 	EXP 	eyetracker.setRecordingState(False)
37.9354 	EXP 	eyetracker.setRecordingState(False)
37.9461 	EXP 	eyetracker.setRecordingState(False)
37.9562 	EXP 	eyetracker.setRecordingState(False)
37.9640 	EXP 	eyetracker.setRecordingState(False)
37.9723 	EXP 	eyetracker.setRecordingState(False)
37.9817 	EXP 	eyetracker.setRecordingState(False)
37.9930 	EXP 	eyetracker.setRecordingState(False)
38.0026 	EXP 	eyetracker.setRecordingState(False)
38.0121 	EXP 	eyetracker.setRecordingState(False)
38.0217 	EXP 	eyetracker.setRecordingState(False)
38.0319 	EXP 	eyetracker.setRecordingState(False)
38.0423 	EXP 	eyetracker.setRecordingState(False)
38.0512 	EXP 	eyetracker.setRecordingState(False)
38.0582 	EXP 	eyetracker.setRecordingState(False)
38.0660 	EXP 	eyetracker.setRecordingState(False)
38.0746 	EXP 	eyetracker.setRecordingState(False)
38.0845 	EXP 	eyetracker.setRecordingState(False)
38.0930 	EXP 	eyetracker.setRecordingState(False)
38.1014 	EXP 	eyetracker.setRecordingState(False)
38.1104 	EXP 	eyetracker.setRecordingState(False)
38.1207 	EXP 	eyetracker.setRecordingState(False)
38.1303 	EXP 	eyetracker.setRecordingState(False)
38.1401 	EXP 	eyetracker.setRecordingState(False)
38.1495 	EXP 	eyetracker.setRecordingState(False)
38.1582 	EXP 	eyetracker.setRecordingState(False)
38.1683 	EXP 	eyetracker.setRecordingState(False)
38.1787 	EXP 	eyetracker.setRecordingState(False)
38.1866 	EXP 	eyetracker.setRecordingState(False)
38.1959 	EXP 	eyetracker.setRecordingState(False)
38.2033 	EXP 	eyetracker.setRecordingState(False)
38.2114 	EXP 	eyetracker.setRecordingState(False)
38.2186 	EXP 	eyetracker.setRecordingState(False)
38.2262 	EXP 	eyetracker.setRecordingState(False)
38.2341 	EXP 	eyetracker.setRecordingState(False)
38.2423 	EXP 	eyetracker.setRecordingState(False)
38.2511 	EXP 	eyetracker.setRecordingState(False)
38.2598 	EXP 	eyetracker.setRecordingState(False)
38.2683 	EXP 	eyetracker.setRecordingState(False)
38.2782 	EXP 	eyetracker.setRecordingState(False)
38.2876 	EXP 	eyetracker.setRecordingState(False)
38.2964 	EXP 	eyetracker.setRecordingState(False)
38.3072 	EXP 	eyetracker.setRecordingState(False)
38.3166 	EXP 	eyetracker.setRecordingState(False)
38.3242 	EXP 	eyetracker.setRecordingState(False)
38.3324 	EXP 	eyetracker.setRecordingState(False)
38.3412 	EXP 	eyetracker.setRecordingState(False)
38.3507 	EXP 	eyetracker.setRecordingState(False)
38.3596 	EXP 	eyetracker.setRecordingState(False)
38.3705 	EXP 	eyetracker.setRecordingState(False)
38.3796 	EXP 	eyetracker.setRecordingState(False)
38.3887 	EXP 	eyetracker.setRecordingState(False)
38.4001 	EXP 	eyetracker.setRecordingState(False)
38.4101 	EXP 	eyetracker.setRecordingState(False)
38.4209 	EXP 	eyetracker.setRecordingState(False)
38.4324 	EXP 	eyetracker.setRecordingState(False)
38.4426 	EXP 	eyetracker.setRecordingState(False)
38.4521 	EXP 	eyetracker.setRecordingState(False)
38.4638 	EXP 	eyetracker.setRecordingState(False)
38.4751 	EXP 	eyetracker.setRecordingState(False)
38.4860 	EXP 	eyetracker.setRecordingState(False)
38.4961 	EXP 	eyetracker.setRecordingState(False)
38.5058 	EXP 	eyetracker.setRecordingState(False)
38.5143 	EXP 	eyetracker.setRecordingState(False)
38.5253 	EXP 	eyetracker.setRecordingState(False)
38.5353 	EXP 	eyetracker.setRecordingState(False)
38.5443 	EXP 	eyetracker.setRecordingState(False)
38.5538 	EXP 	eyetracker.setRecordingState(False)
38.5617 	EXP 	eyetracker.setRecordingState(False)
38.5701 	EXP 	eyetracker.setRecordingState(False)
38.5796 	EXP 	eyetracker.setRecordingState(False)
38.5901 	EXP 	eyetracker.setRecordingState(False)
38.5985 	EXP 	eyetracker.setRecordingState(False)
38.6065 	EXP 	eyetracker.setRecordingState(False)
38.6152 	EXP 	eyetracker.setRecordingState(False)
38.6241 	EXP 	eyetracker.setRecordingState(False)
38.6337 	EXP 	eyetracker.setRecordingState(False)
38.6443 	EXP 	eyetracker.setRecordingState(False)
38.6536 	EXP 	eyetracker.setRecordingState(False)
38.6652 	EXP 	eyetracker.setRecordingState(False)
38.6748 	EXP 	eyetracker.setRecordingState(False)
38.6844 	EXP 	eyetracker.setRecordingState(False)
38.6929 	EXP 	eyetracker.setRecordingState(False)
38.7002 	EXP 	eyetracker.setRecordingState(False)
38.7081 	EXP 	eyetracker.setRecordingState(False)
38.7161 	EXP 	eyetracker.setRecordingState(False)
38.7238 	EXP 	eyetracker.setRecordingState(False)
38.7325 	EXP 	eyetracker.setRecordingState(False)
38.7420 	EXP 	eyetracker.setRecordingState(False)
38.7509 	EXP 	eyetracker.setRecordingState(False)
38.7596 	EXP 	eyetracker.setRecordingState(False)
38.7705 	EXP 	eyetracker.setRecordingState(False)
38.7798 	EXP 	eyetracker.setRecordingState(False)
38.7882 	EXP 	eyetracker.setRecordingState(False)
38.7969 	EXP 	eyetracker.setRecordingState(False)
38.8075 	EXP 	eyetracker.setRecordingState(False)
38.8168 	EXP 	eyetracker.setRecordingState(False)
38.8265 	EXP 	eyetracker.setRecordingState(False)
38.8357 	EXP 	eyetracker.setRecordingState(False)
38.8449 	EXP 	eyetracker.setRecordingState(False)
38.8551 	EXP 	eyetracker.setRecordingState(False)
38.8641 	EXP 	eyetracker.setRecordingState(False)
38.8737 	EXP 	eyetracker.setRecordingState(False)
38.8821 	EXP 	eyetracker.setRecordingState(False)
38.8898 	EXP 	eyetracker.setRecordingState(False)
38.8988 	EXP 	eyetracker.setRecordingState(False)
38.9080 	EXP 	eyetracker.setRecordingState(False)
38.9176 	EXP 	eyetracker.setRecordingState(False)
38.9292 	EXP 	eyetracker.setRecordingState(False)
38.9388 	EXP 	eyetracker.setRecordingState(False)
38.9491 	EXP 	eyetracker.setRecordingState(False)
38.9587 	EXP 	eyetracker.setRecordingState(False)
38.9702 	EXP 	eyetracker.setRecordingState(False)
38.9798 	EXP 	eyetracker.setRecordingState(False)
38.9885 	EXP 	eyetracker.setRecordingState(False)
38.9991 	EXP 	eyetracker.setRecordingState(False)
39.0079 	EXP 	eyetracker.setRecordingState(False)
39.0164 	EXP 	eyetracker.setRecordingState(False)
39.0243 	EXP 	eyetracker.setRecordingState(False)
39.0336 	EXP 	eyetracker.setRecordingState(False)
39.0429 	EXP 	eyetracker.setRecordingState(False)
39.0527 	EXP 	eyetracker.setRecordingState(False)
39.0626 	EXP 	eyetracker.setRecordingState(False)
39.0715 	EXP 	eyetracker.setRecordingState(False)
39.0796 	EXP 	eyetracker.setRecordingState(False)
39.0875 	EXP 	eyetracker.setRecordingState(False)
39.0967 	EXP 	eyetracker.setRecordingState(False)
39.1054 	EXP 	eyetracker.setRecordingState(False)
39.1137 	EXP 	eyetracker.setRecordingState(False)
39.1256 	EXP 	eyetracker.setRecordingState(False)
39.1374 	EXP 	eyetracker.setRecordingState(False)
39.1470 	EXP 	eyetracker.setRecordingState(False)
39.1570 	EXP 	eyetracker.setRecordingState(False)
39.1679 	EXP 	eyetracker.setRecordingState(False)
39.1781 	EXP 	eyetracker.setRecordingState(False)
39.1899 	EXP 	eyetracker.setRecordingState(False)
39.1990 	EXP 	eyetracker.setRecordingState(False)
39.2095 	EXP 	eyetracker.setRecordingState(False)
39.2184 	EXP 	eyetracker.setRecordingState(False)
39.2280 	EXP 	eyetracker.setRecordingState(False)
39.2384 	EXP 	eyetracker.setRecordingState(False)
39.2478 	EXP 	eyetracker.setRecordingState(False)
39.2588 	EXP 	eyetracker.setRecordingState(False)
39.2681 	EXP 	eyetracker.setRecordingState(False)
39.2798 	EXP 	eyetracker.setRecordingState(False)
39.2889 	EXP 	eyetracker.setRecordingState(False)
39.2988 	EXP 	eyetracker.setRecordingState(False)
39.3090 	EXP 	eyetracker.setRecordingState(False)
39.3186 	EXP 	eyetracker.setRecordingState(False)
39.3286 	EXP 	eyetracker.setRecordingState(False)
39.3416 	EXP 	eyetracker.setRecordingState(False)
39.3525 	EXP 	eyetracker.setRecordingState(False)
39.3645 	EXP 	eyetracker.setRecordingState(False)
39.3767 	EXP 	eyetracker.setRecordingState(False)
39.3877 	EXP 	eyetracker.setRecordingState(False)
39.4003 	EXP 	eyetracker.setRecordingState(False)
39.4112 	EXP 	eyetracker.setRecordingState(False)
39.4222 	EXP 	eyetracker.setRecordingState(False)
39.4349 	EXP 	eyetracker.setRecordingState(False)
39.4488 	EXP 	eyetracker.setRecordingState(False)
39.4594 	EXP 	eyetracker.setRecordingState(False)
39.4705 	EXP 	eyetracker.setRecordingState(False)
39.4818 	EXP 	eyetracker.setRecordingState(False)
39.4927 	EXP 	eyetracker.setRecordingState(False)
39.5048 	EXP 	eyetracker.setRecordingState(False)
39.5152 	EXP 	eyetracker.setRecordingState(False)
39.5274 	EXP 	eyetracker.setRecordingState(False)
39.5367 	EXP 	eyetracker.setRecordingState(False)
39.5458 	EXP 	eyetracker.setRecordingState(False)
39.5562 	EXP 	eyetracker.setRecordingState(False)
39.5652 	EXP 	eyetracker.setRecordingState(False)
39.5735 	EXP 	eyetracker.setRecordingState(False)
39.5810 	EXP 	eyetracker.setRecordingState(False)
39.5886 	EXP 	eyetracker.setRecordingState(False)
39.5992 	EXP 	eyetracker.setRecordingState(False)
39.6081 	EXP 	eyetracker.setRecordingState(False)
39.6177 	EXP 	eyetracker.setRecordingState(False)
39.6302 	EXP 	eyetracker.setRecordingState(False)
39.6400 	EXP 	eyetracker.setRecordingState(False)
39.6499 	EXP 	eyetracker.setRecordingState(False)
39.6587 	EXP 	eyetracker.setRecordingState(False)
39.6693 	EXP 	eyetracker.setRecordingState(False)
39.6785 	EXP 	eyetracker.setRecordingState(False)
39.6884 	EXP 	eyetracker.setRecordingState(False)
39.6992 	EXP 	eyetracker.setRecordingState(False)
39.7106 	EXP 	eyetracker.setRecordingState(False)
39.7219 	EXP 	eyetracker.setRecordingState(False)
39.7325 	EXP 	eyetracker.setRecordingState(False)
39.7420 	EXP 	eyetracker.setRecordingState(False)
39.7514 	EXP 	eyetracker.setRecordingState(False)
39.7616 	EXP 	eyetracker.setRecordingState(False)
39.7714 	EXP 	eyetracker.setRecordingState(False)
39.7814 	EXP 	eyetracker.setRecordingState(False)
39.7910 	EXP 	eyetracker.setRecordingState(False)
39.8008 	EXP 	eyetracker.setRecordingState(False)
39.8102 	EXP 	eyetracker.setRecordingState(False)
39.8198 	EXP 	eyetracker.setRecordingState(False)
39.8278 	EXP 	eyetracker.setRecordingState(False)
39.8371 	EXP 	eyetracker.setRecordingState(False)
39.8469 	EXP 	eyetracker.setRecordingState(False)
39.8557 	EXP 	eyetracker.setRecordingState(False)
39.8666 	EXP 	eyetracker.setRecordingState(False)
39.8756 	EXP 	eyetracker.setRecordingState(False)
39.8884 	EXP 	eyetracker.setRecordingState(False)
39.8999 	EXP 	eyetracker.setRecordingState(False)
39.9107 	EXP 	eyetracker.setRecordingState(False)
39.9198 	EXP 	eyetracker.setRecordingState(False)
39.9319 	EXP 	eyetracker.setRecordingState(False)
39.9465 	EXP 	eyetracker.setRecordingState(False)
39.9603 	EXP 	eyetracker.setRecordingState(False)
39.9755 	EXP 	eyetracker.setRecordingState(False)
39.9869 	EXP 	eyetracker.setRecordingState(False)
39.9981 	EXP 	eyetracker.setRecordingState(False)
40.0128 	EXP 	eyetracker.setRecordingState(False)
40.0261 	EXP 	eyetracker.setRecordingState(False)
40.0377 	EXP 	eyetracker.setRecordingState(False)
40.0485 	EXP 	eyetracker.setRecordingState(False)
40.0588 	EXP 	eyetracker.setRecordingState(False)
40.0684 	EXP 	eyetracker.setRecordingState(False)
40.0783 	EXP 	eyetracker.setRecordingState(False)
40.0912 	EXP 	eyetracker.setRecordingState(False)
40.1023 	EXP 	eyetracker.setRecordingState(False)
40.1115 	EXP 	eyetracker.setRecordingState(False)
40.1211 	EXP 	eyetracker.setRecordingState(False)
40.1315 	EXP 	eyetracker.setRecordingState(False)
40.1401 	EXP 	eyetracker.setRecordingState(False)
40.1511 	EXP 	eyetracker.setRecordingState(False)
40.1615 	EXP 	eyetracker.setRecordingState(False)
40.1715 	EXP 	eyetracker.setRecordingState(False)
40.1815 	EXP 	eyetracker.setRecordingState(False)
40.1907 	EXP 	eyetracker.setRecordingState(False)
40.2004 	EXP 	eyetracker.setRecordingState(False)
40.2103 	EXP 	eyetracker.setRecordingState(False)
40.2196 	EXP 	eyetracker.setRecordingState(False)
40.2288 	EXP 	eyetracker.setRecordingState(False)
40.2369 	EXP 	eyetracker.setRecordingState(False)
40.2463 	EXP 	eyetracker.setRecordingState(False)
40.2566 	EXP 	eyetracker.setRecordingState(False)
40.2661 	EXP 	eyetracker.setRecordingState(False)
40.2748 	EXP 	eyetracker.setRecordingState(False)
40.2825 	EXP 	eyetracker.setRecordingState(False)
40.2909 	EXP 	eyetracker.setRecordingState(False)
40.2986 	EXP 	eyetracker.setRecordingState(False)
40.3073 	EXP 	eyetracker.setRecordingState(False)
40.3177 	EXP 	eyetracker.setRecordingState(False)
40.3262 	EXP 	eyetracker.setRecordingState(False)
40.3347 	EXP 	eyetracker.setRecordingState(False)
40.3445 	EXP 	eyetracker.setRecordingState(False)
40.3539 	EXP 	eyetracker.setRecordingState(False)
40.3640 	EXP 	eyetracker.setRecordingState(False)
40.3751 	EXP 	eyetracker.setRecordingState(False)
40.3868 	EXP 	eyetracker.setRecordingState(False)
40.3997 	EXP 	eyetracker.setRecordingState(False)
40.4099 	EXP 	eyetracker.setRecordingState(False)
40.4210 	EXP 	eyetracker.setRecordingState(False)
40.4321 	EXP 	eyetracker.setRecordingState(False)
40.4425 	EXP 	eyetracker.setRecordingState(False)
40.4522 	EXP 	eyetracker.setRecordingState(False)
40.4609 	EXP 	eyetracker.setRecordingState(False)
40.4688 	EXP 	eyetracker.setRecordingState(False)
40.4770 	EXP 	eyetracker.setRecordingState(False)
40.4853 	EXP 	eyetracker.setRecordingState(False)
40.4931 	EXP 	eyetracker.setRecordingState(False)
40.5018 	EXP 	eyetracker.setRecordingState(False)
40.5121 	EXP 	eyetracker.setRecordingState(False)
40.5208 	EXP 	eyetracker.setRecordingState(False)
40.5283 	EXP 	eyetracker.setRecordingState(False)
40.5361 	EXP 	eyetracker.setRecordingState(False)
40.5445 	EXP 	eyetracker.setRecordingState(False)
40.5534 	EXP 	eyetracker.setRecordingState(False)
40.5629 	EXP 	eyetracker.setRecordingState(False)
40.5718 	EXP 	eyetracker.setRecordingState(False)
40.5823 	EXP 	eyetracker.setRecordingState(False)
40.5922 	EXP 	eyetracker.setRecordingState(False)
40.6039 	EXP 	eyetracker.setRecordingState(False)
40.6124 	EXP 	eyetracker.setRecordingState(False)
40.6193 	EXP 	eyetracker.setRecordingState(False)
40.6262 	EXP 	eyetracker.setRecordingState(False)
40.6349 	EXP 	eyetracker.setRecordingState(False)
40.6455 	EXP 	eyetracker.setRecordingState(False)
40.6543 	EXP 	eyetracker.setRecordingState(False)
40.6626 	EXP 	eyetracker.setRecordingState(False)
40.6736 	EXP 	eyetracker.setRecordingState(False)
40.6826 	EXP 	eyetracker.setRecordingState(False)
40.6927 	EXP 	eyetracker.setRecordingState(False)
40.7019 	EXP 	eyetracker.setRecordingState(False)
40.7103 	EXP 	eyetracker.setRecordingState(False)
40.7179 	EXP 	eyetracker.setRecordingState(False)
40.7269 	EXP 	eyetracker.setRecordingState(False)
40.7378 	EXP 	eyetracker.setRecordingState(False)
40.7472 	EXP 	eyetracker.setRecordingState(False)
40.7569 	EXP 	eyetracker.setRecordingState(False)
40.7663 	EXP 	eyetracker.setRecordingState(False)
40.7751 	EXP 	eyetracker.setRecordingState(False)
40.7856 	EXP 	eyetracker.setRecordingState(False)
40.7934 	EXP 	eyetracker.setRecordingState(False)
40.8005 	EXP 	eyetracker.setRecordingState(False)
40.8062 	EXP 	eyetracker.setRecordingState(False)
40.8121 	EXP 	eyetracker.setRecordingState(False)
40.8194 	EXP 	eyetracker.setRecordingState(False)
40.8284 	EXP 	eyetracker.setRecordingState(False)
40.8387 	EXP 	eyetracker.setRecordingState(False)
40.8471 	EXP 	eyetracker.setRecordingState(False)
40.8544 	EXP 	eyetracker.setRecordingState(False)
40.8615 	EXP 	eyetracker.setRecordingState(False)
40.8688 	EXP 	eyetracker.setRecordingState(False)
40.8755 	EXP 	eyetracker.setRecordingState(False)
40.8823 	EXP 	eyetracker.setRecordingState(False)
40.8903 	EXP 	eyetracker.setRecordingState(False)
40.8975 	EXP 	eyetracker.setRecordingState(False)
40.9046 	EXP 	eyetracker.setRecordingState(False)
40.9127 	EXP 	eyetracker.setRecordingState(False)
40.9214 	EXP 	eyetracker.setRecordingState(False)
40.9313 	EXP 	eyetracker.setRecordingState(False)
40.9406 	EXP 	eyetracker.setRecordingState(False)
40.9514 	EXP 	eyetracker.setRecordingState(False)
40.9612 	EXP 	eyetracker.setRecordingState(False)
40.9712 	EXP 	eyetracker.setRecordingState(False)
40.9816 	EXP 	eyetracker.setRecordingState(False)
40.9935 	EXP 	eyetracker.setRecordingState(False)
41.0046 	EXP 	eyetracker.setRecordingState(False)
41.0156 	EXP 	eyetracker.setRecordingState(False)
41.0258 	EXP 	eyetracker.setRecordingState(False)
41.0359 	EXP 	eyetracker.setRecordingState(False)
41.0461 	EXP 	eyetracker.setRecordingState(False)
41.0565 	EXP 	eyetracker.setRecordingState(False)
41.0667 	EXP 	eyetracker.setRecordingState(False)
41.0773 	EXP 	eyetracker.setRecordingState(False)
41.0858 	EXP 	eyetracker.setRecordingState(False)
41.0932 	EXP 	eyetracker.setRecordingState(False)
41.1009 	EXP 	eyetracker.setRecordingState(False)
41.1089 	EXP 	eyetracker.setRecordingState(False)
41.1158 	EXP 	eyetracker.setRecordingState(False)
41.1231 	EXP 	eyetracker.setRecordingState(False)
41.1320 	EXP 	eyetracker.setRecordingState(False)
41.1395 	EXP 	eyetracker.setRecordingState(False)
41.1480 	EXP 	eyetracker.setRecordingState(False)
41.1559 	EXP 	eyetracker.setRecordingState(False)
41.1635 	EXP 	eyetracker.setRecordingState(False)
41.1706 	EXP 	eyetracker.setRecordingState(False)
41.1781 	EXP 	eyetracker.setRecordingState(False)
41.1852 	EXP 	eyetracker.setRecordingState(False)
41.1926 	EXP 	eyetracker.setRecordingState(False)
41.2008 	EXP 	eyetracker.setRecordingState(False)
41.2086 	EXP 	eyetracker.setRecordingState(False)
41.2167 	EXP 	eyetracker.setRecordingState(False)
41.2246 	EXP 	eyetracker.setRecordingState(False)
41.2321 	EXP 	eyetracker.setRecordingState(False)
41.2400 	EXP 	eyetracker.setRecordingState(False)
41.2471 	EXP 	eyetracker.setRecordingState(False)
41.2545 	EXP 	eyetracker.setRecordingState(False)
41.2613 	EXP 	eyetracker.setRecordingState(False)
41.2682 	EXP 	eyetracker.setRecordingState(False)
41.2750 	EXP 	eyetracker.setRecordingState(False)
41.2825 	EXP 	eyetracker.setRecordingState(False)
41.2901 	EXP 	eyetracker.setRecordingState(False)
41.2979 	EXP 	eyetracker.setRecordingState(False)
41.3071 	EXP 	eyetracker.setRecordingState(False)
41.3154 	EXP 	eyetracker.setRecordingState(False)
41.3233 	EXP 	eyetracker.setRecordingState(False)
41.3302 	EXP 	eyetracker.setRecordingState(False)
41.3372 	EXP 	eyetracker.setRecordingState(False)
41.3450 	EXP 	eyetracker.setRecordingState(False)
41.3523 	EXP 	eyetracker.setRecordingState(False)
41.3599 	EXP 	eyetracker.setRecordingState(False)
41.3674 	EXP 	eyetracker.setRecordingState(False)
41.3755 	EXP 	eyetracker.setRecordingState(False)
41.3838 	EXP 	eyetracker.setRecordingState(False)
41.3924 	EXP 	eyetracker.setRecordingState(False)
41.4006 	EXP 	eyetracker.setRecordingState(False)
41.4106 	EXP 	eyetracker.setRecordingState(False)
41.4209 	EXP 	eyetracker.setRecordingState(False)
41.4309 	EXP 	eyetracker.setRecordingState(False)
41.4404 	EXP 	eyetracker.setRecordingState(False)
41.4495 	EXP 	eyetracker.setRecordingState(False)
41.4578 	EXP 	eyetracker.setRecordingState(False)
41.4671 	EXP 	eyetracker.setRecordingState(False)
41.4760 	EXP 	eyetracker.setRecordingState(False)
41.4845 	EXP 	eyetracker.setRecordingState(False)
41.4944 	DATA 	Mouse: Left button down, pos=(1441,526)
41.4972 	EXP 	eyetracker.setRecordingState(False)
41.5001 	EXP 	eyetracker.setRecordingState(False)
41.5146 	INFO 	Keyboard events cleared
41.5135 	EXP 	text_instr: autoDraw = False
41.5135 	EXP 	kandos: autoDraw = False
41.5135 	EXP 	ritzbury: autoDraw = False
41.5135 	EXP 	revello: autoDraw = False
41.5135 	EXP 	cadbury: autoDraw = False
41.5135 	EXP 	text_20: autoDraw = False
41.5135 	EXP 	text_21: autoDraw = False
41.5135 	EXP 	text_22: autoDraw = False
41.5135 	EXP 	text_23: autoDraw = False
41.5135 	EXP 	text_instr_2: autoDraw = True
41.5135 	EXP 	goldi: autoDraw = True
41.5135 	EXP 	elephanthouse: autoDraw = True
41.5135 	EXP 	krest: autoDraw = True
41.5135 	EXP 	pussalla: autoDraw = True
41.5135 	EXP 	text_16: autoDraw = True
41.5135 	EXP 	text_17: autoDraw = True
41.5135 	EXP 	text_18: autoDraw = True
41.5135 	EXP 	text_19: autoDraw = True
41.5168 	EXP 	eyetracker.setRecordingState(False)
41.5255 	EXP 	eyetracker.setRecordingState(False)
41.5353 	EXP 	eyetracker.setRecordingState(False)
41.5443 	EXP 	eyetracker.setRecordingState(False)
41.5538 	EXP 	eyetracker.setRecordingState(False)
41.5614 	EXP 	eyetracker.setRecordingState(False)
41.5688 	EXP 	eyetracker.setRecordingState(False)
41.5773 	EXP 	eyetracker.setRecordingState(False)
41.5866 	EXP 	eyetracker.setRecordingState(False)
41.5964 	EXP 	eyetracker.setRecordingState(False)
41.6060 	EXP 	eyetracker.setRecordingState(False)
41.6153 	EXP 	eyetracker.setRecordingState(False)
41.6252 	EXP 	eyetracker.setRecordingState(False)
41.6341 	EXP 	eyetracker.setRecordingState(False)
41.6435 	EXP 	eyetracker.setRecordingState(False)
41.6518 	EXP 	eyetracker.setRecordingState(False)
41.6613 	EXP 	eyetracker.setRecordingState(False)
41.6707 	EXP 	eyetracker.setRecordingState(False)
41.6809 	EXP 	eyetracker.setRecordingState(False)
41.6908 	EXP 	eyetracker.setRecordingState(False)
41.7007 	EXP 	eyetracker.setRecordingState(False)
41.7106 	EXP 	eyetracker.setRecordingState(False)
41.7197 	EXP 	eyetracker.setRecordingState(False)
41.7242 	DATA 	Mouse:  Left button up, pos=(1441,526)
41.7295 	EXP 	eyetracker.setRecordingState(False)
41.7404 	EXP 	eyetracker.setRecordingState(False)
41.7491 	EXP 	eyetracker.setRecordingState(False)
41.7579 	EXP 	eyetracker.setRecordingState(False)
41.7675 	EXP 	eyetracker.setRecordingState(False)
41.7769 	EXP 	eyetracker.setRecordingState(False)
41.7865 	EXP 	eyetracker.setRecordingState(False)
41.7959 	EXP 	eyetracker.setRecordingState(False)
41.8065 	EXP 	eyetracker.setRecordingState(False)
41.8172 	EXP 	eyetracker.setRecordingState(False)
41.8264 	EXP 	eyetracker.setRecordingState(False)
41.8370 	EXP 	eyetracker.setRecordingState(False)
41.8475 	EXP 	eyetracker.setRecordingState(False)
41.8571 	EXP 	eyetracker.setRecordingState(False)
41.8693 	EXP 	eyetracker.setRecordingState(False)
41.8799 	EXP 	eyetracker.setRecordingState(False)
41.8905 	EXP 	eyetracker.setRecordingState(False)
41.9004 	EXP 	eyetracker.setRecordingState(False)
41.9101 	EXP 	eyetracker.setRecordingState(False)
41.9194 	EXP 	eyetracker.setRecordingState(False)
41.9309 	EXP 	eyetracker.setRecordingState(False)
41.9411 	EXP 	eyetracker.setRecordingState(False)
41.9507 	EXP 	eyetracker.setRecordingState(False)
41.9635 	EXP 	eyetracker.setRecordingState(False)
41.9733 	EXP 	eyetracker.setRecordingState(False)
41.9832 	EXP 	eyetracker.setRecordingState(False)
41.9948 	EXP 	eyetracker.setRecordingState(False)
42.0060 	EXP 	eyetracker.setRecordingState(False)
42.0165 	EXP 	eyetracker.setRecordingState(False)
42.0275 	EXP 	eyetracker.setRecordingState(False)
42.0379 	EXP 	eyetracker.setRecordingState(False)
42.0478 	EXP 	eyetracker.setRecordingState(False)
42.0582 	EXP 	eyetracker.setRecordingState(False)
42.0674 	EXP 	eyetracker.setRecordingState(False)
42.0766 	EXP 	eyetracker.setRecordingState(False)
42.0870 	EXP 	eyetracker.setRecordingState(False)
42.0969 	EXP 	eyetracker.setRecordingState(False)
42.1062 	EXP 	eyetracker.setRecordingState(False)
42.1162 	EXP 	eyetracker.setRecordingState(False)
42.1254 	EXP 	eyetracker.setRecordingState(False)
42.1364 	EXP 	eyetracker.setRecordingState(False)
42.1479 	EXP 	eyetracker.setRecordingState(False)
42.1564 	EXP 	eyetracker.setRecordingState(False)
42.1649 	EXP 	eyetracker.setRecordingState(False)
42.1749 	EXP 	eyetracker.setRecordingState(False)
42.1849 	EXP 	eyetracker.setRecordingState(False)
42.1953 	EXP 	eyetracker.setRecordingState(False)
42.2046 	EXP 	eyetracker.setRecordingState(False)
42.2161 	EXP 	eyetracker.setRecordingState(False)
42.2271 	EXP 	eyetracker.setRecordingState(False)
42.2375 	EXP 	eyetracker.setRecordingState(False)
42.2467 	EXP 	eyetracker.setRecordingState(False)
42.2557 	EXP 	eyetracker.setRecordingState(False)
42.2643 	EXP 	eyetracker.setRecordingState(False)
42.2733 	EXP 	eyetracker.setRecordingState(False)
42.2832 	EXP 	eyetracker.setRecordingState(False)
42.2931 	EXP 	eyetracker.setRecordingState(False)
42.3027 	EXP 	eyetracker.setRecordingState(False)
42.3124 	EXP 	eyetracker.setRecordingState(False)
42.3221 	EXP 	eyetracker.setRecordingState(False)
42.3317 	EXP 	eyetracker.setRecordingState(False)
42.3417 	EXP 	eyetracker.setRecordingState(False)
42.3515 	EXP 	eyetracker.setRecordingState(False)
42.3613 	EXP 	eyetracker.setRecordingState(False)
42.3728 	EXP 	eyetracker.setRecordingState(False)
42.3832 	EXP 	eyetracker.setRecordingState(False)
42.3927 	EXP 	eyetracker.setRecordingState(False)
42.4022 	EXP 	eyetracker.setRecordingState(False)
42.4110 	EXP 	eyetracker.setRecordingState(False)
42.4198 	EXP 	eyetracker.setRecordingState(False)
42.4285 	EXP 	eyetracker.setRecordingState(False)
42.4373 	EXP 	eyetracker.setRecordingState(False)
42.4467 	EXP 	eyetracker.setRecordingState(False)
42.4554 	EXP 	eyetracker.setRecordingState(False)
42.4643 	EXP 	eyetracker.setRecordingState(False)
42.4732 	EXP 	eyetracker.setRecordingState(False)
42.4826 	EXP 	eyetracker.setRecordingState(False)
42.4925 	EXP 	eyetracker.setRecordingState(False)
42.5041 	EXP 	eyetracker.setRecordingState(False)
42.5153 	EXP 	eyetracker.setRecordingState(False)
42.5259 	EXP 	eyetracker.setRecordingState(False)
42.5363 	EXP 	eyetracker.setRecordingState(False)
42.5461 	EXP 	eyetracker.setRecordingState(False)
42.5559 	EXP 	eyetracker.setRecordingState(False)
42.5635 	EXP 	eyetracker.setRecordingState(False)
42.5706 	EXP 	eyetracker.setRecordingState(False)
42.5794 	EXP 	eyetracker.setRecordingState(False)
42.5892 	EXP 	eyetracker.setRecordingState(False)
42.5974 	EXP 	eyetracker.setRecordingState(False)
42.6061 	EXP 	eyetracker.setRecordingState(False)
42.6157 	EXP 	eyetracker.setRecordingState(False)
42.6259 	EXP 	eyetracker.setRecordingState(False)
42.6354 	EXP 	eyetracker.setRecordingState(False)
42.6449 	EXP 	eyetracker.setRecordingState(False)
42.6546 	EXP 	eyetracker.setRecordingState(False)
42.6641 	EXP 	eyetracker.setRecordingState(False)
42.6737 	EXP 	eyetracker.setRecordingState(False)
42.6818 	EXP 	eyetracker.setRecordingState(False)
42.6910 	EXP 	eyetracker.setRecordingState(False)
42.7010 	EXP 	eyetracker.setRecordingState(False)
42.7102 	EXP 	eyetracker.setRecordingState(False)
42.7202 	EXP 	eyetracker.setRecordingState(False)
42.7298 	EXP 	eyetracker.setRecordingState(False)
42.7396 	EXP 	eyetracker.setRecordingState(False)
42.7495 	EXP 	eyetracker.setRecordingState(False)
42.7595 	EXP 	eyetracker.setRecordingState(False)
42.7684 	EXP 	eyetracker.setRecordingState(False)
42.7776 	EXP 	eyetracker.setRecordingState(False)
42.7858 	EXP 	eyetracker.setRecordingState(False)
42.7939 	EXP 	eyetracker.setRecordingState(False)
42.8023 	EXP 	eyetracker.setRecordingState(False)
42.8095 	EXP 	eyetracker.setRecordingState(False)
42.8167 	EXP 	eyetracker.setRecordingState(False)
42.8240 	EXP 	eyetracker.setRecordingState(False)
42.8322 	EXP 	eyetracker.setRecordingState(False)
42.8395 	EXP 	eyetracker.setRecordingState(False)
42.8471 	EXP 	eyetracker.setRecordingState(False)
42.8549 	EXP 	eyetracker.setRecordingState(False)
42.8652 	EXP 	eyetracker.setRecordingState(False)
42.8773 	EXP 	eyetracker.setRecordingState(False)
42.8884 	EXP 	eyetracker.setRecordingState(False)
42.8995 	EXP 	eyetracker.setRecordingState(False)
42.9115 	EXP 	eyetracker.setRecordingState(False)
42.9212 	EXP 	eyetracker.setRecordingState(False)
42.9313 	EXP 	eyetracker.setRecordingState(False)
42.9422 	EXP 	eyetracker.setRecordingState(False)
42.9522 	EXP 	eyetracker.setRecordingState(False)
42.9616 	EXP 	eyetracker.setRecordingState(False)
42.9722 	EXP 	eyetracker.setRecordingState(False)
42.9812 	EXP 	eyetracker.setRecordingState(False)
42.9900 	EXP 	eyetracker.setRecordingState(False)
42.9994 	EXP 	eyetracker.setRecordingState(False)
43.0093 	EXP 	eyetracker.setRecordingState(False)
43.0193 	EXP 	eyetracker.setRecordingState(False)
43.0300 	EXP 	eyetracker.setRecordingState(False)
43.0407 	EXP 	eyetracker.setRecordingState(False)
43.0510 	EXP 	eyetracker.setRecordingState(False)
43.0623 	EXP 	eyetracker.setRecordingState(False)
43.0730 	EXP 	eyetracker.setRecordingState(False)
43.0836 	EXP 	eyetracker.setRecordingState(False)
43.0933 	EXP 	eyetracker.setRecordingState(False)
43.1037 	EXP 	eyetracker.setRecordingState(False)
43.1131 	EXP 	eyetracker.setRecordingState(False)
43.1220 	EXP 	eyetracker.setRecordingState(False)
43.1338 	EXP 	eyetracker.setRecordingState(False)
43.1454 	EXP 	eyetracker.setRecordingState(False)
43.1584 	EXP 	eyetracker.setRecordingState(False)
43.1695 	EXP 	eyetracker.setRecordingState(False)
43.1812 	EXP 	eyetracker.setRecordingState(False)
43.1917 	EXP 	eyetracker.setRecordingState(False)
43.2021 	EXP 	eyetracker.setRecordingState(False)
43.2124 	EXP 	eyetracker.setRecordingState(False)
43.2234 	EXP 	eyetracker.setRecordingState(False)
43.2345 	EXP 	eyetracker.setRecordingState(False)
43.2459 	EXP 	eyetracker.setRecordingState(False)
43.2583 	EXP 	eyetracker.setRecordingState(False)
43.2707 	EXP 	eyetracker.setRecordingState(False)
43.2820 	EXP 	eyetracker.setRecordingState(False)
43.2939 	EXP 	eyetracker.setRecordingState(False)
43.3054 	EXP 	eyetracker.setRecordingState(False)
43.3156 	EXP 	eyetracker.setRecordingState(False)
43.3269 	EXP 	eyetracker.setRecordingState(False)
43.3389 	EXP 	eyetracker.setRecordingState(False)
43.3507 	EXP 	eyetracker.setRecordingState(False)
43.3622 	EXP 	eyetracker.setRecordingState(False)
43.3742 	EXP 	eyetracker.setRecordingState(False)
43.3871 	EXP 	eyetracker.setRecordingState(False)
43.3989 	EXP 	eyetracker.setRecordingState(False)
43.4119 	EXP 	eyetracker.setRecordingState(False)
43.4239 	EXP 	eyetracker.setRecordingState(False)
43.4354 	EXP 	eyetracker.setRecordingState(False)
43.4480 	EXP 	eyetracker.setRecordingState(False)
43.4582 	EXP 	eyetracker.setRecordingState(False)
43.4690 	EXP 	eyetracker.setRecordingState(False)
43.4805 	EXP 	eyetracker.setRecordingState(False)
43.4901 	EXP 	eyetracker.setRecordingState(False)
43.5010 	EXP 	eyetracker.setRecordingState(False)
43.5128 	EXP 	eyetracker.setRecordingState(False)
43.5226 	EXP 	eyetracker.setRecordingState(False)
43.5323 	EXP 	eyetracker.setRecordingState(False)
43.5435 	EXP 	eyetracker.setRecordingState(False)
43.5529 	EXP 	eyetracker.setRecordingState(False)
43.5622 	EXP 	eyetracker.setRecordingState(False)
43.5723 	EXP 	eyetracker.setRecordingState(False)
43.5823 	EXP 	eyetracker.setRecordingState(False)
43.5915 	EXP 	eyetracker.setRecordingState(False)
43.6006 	EXP 	eyetracker.setRecordingState(False)
43.6099 	EXP 	eyetracker.setRecordingState(False)
43.6204 	EXP 	eyetracker.setRecordingState(False)
43.6307 	EXP 	eyetracker.setRecordingState(False)
43.6397 	EXP 	eyetracker.setRecordingState(False)
43.6487 	EXP 	eyetracker.setRecordingState(False)
43.6582 	EXP 	eyetracker.setRecordingState(False)
43.6695 	EXP 	eyetracker.setRecordingState(False)
43.6798 	EXP 	eyetracker.setRecordingState(False)
43.6898 	EXP 	eyetracker.setRecordingState(False)
43.6999 	EXP 	eyetracker.setRecordingState(False)
43.7095 	EXP 	eyetracker.setRecordingState(False)
43.7195 	EXP 	eyetracker.setRecordingState(False)
43.7287 	EXP 	eyetracker.setRecordingState(False)
43.7381 	EXP 	eyetracker.setRecordingState(False)
43.7488 	EXP 	eyetracker.setRecordingState(False)
43.7590 	EXP 	eyetracker.setRecordingState(False)
43.7692 	EXP 	eyetracker.setRecordingState(False)
43.7794 	EXP 	eyetracker.setRecordingState(False)
43.7891 	EXP 	eyetracker.setRecordingState(False)
43.7991 	EXP 	eyetracker.setRecordingState(False)
43.8095 	EXP 	eyetracker.setRecordingState(False)
43.8197 	EXP 	eyetracker.setRecordingState(False)
43.8291 	EXP 	eyetracker.setRecordingState(False)
43.8383 	EXP 	eyetracker.setRecordingState(False)
43.8471 	EXP 	eyetracker.setRecordingState(False)
43.8562 	EXP 	eyetracker.setRecordingState(False)
43.8644 	EXP 	eyetracker.setRecordingState(False)
43.8737 	EXP 	eyetracker.setRecordingState(False)
43.8828 	EXP 	eyetracker.setRecordingState(False)
43.8916 	EXP 	eyetracker.setRecordingState(False)
43.9003 	EXP 	eyetracker.setRecordingState(False)
43.9091 	EXP 	eyetracker.setRecordingState(False)
43.9178 	EXP 	eyetracker.setRecordingState(False)
43.9259 	EXP 	eyetracker.setRecordingState(False)
43.9358 	EXP 	eyetracker.setRecordingState(False)
43.9455 	EXP 	eyetracker.setRecordingState(False)
43.9549 	EXP 	eyetracker.setRecordingState(False)
43.9667 	EXP 	eyetracker.setRecordingState(False)
43.9772 	EXP 	eyetracker.setRecordingState(False)
43.9869 	EXP 	eyetracker.setRecordingState(False)
43.9978 	EXP 	eyetracker.setRecordingState(False)
44.0082 	EXP 	eyetracker.setRecordingState(False)
44.0176 	EXP 	eyetracker.setRecordingState(False)
44.0284 	EXP 	eyetracker.setRecordingState(False)
44.0391 	EXP 	eyetracker.setRecordingState(False)
44.0506 	EXP 	eyetracker.setRecordingState(False)
44.0613 	EXP 	eyetracker.setRecordingState(False)
44.0732 	EXP 	eyetracker.setRecordingState(False)
44.0836 	EXP 	eyetracker.setRecordingState(False)
44.0963 	EXP 	eyetracker.setRecordingState(False)
44.1065 	EXP 	eyetracker.setRecordingState(False)
44.1162 	EXP 	eyetracker.setRecordingState(False)
44.1262 	EXP 	eyetracker.setRecordingState(False)
44.1362 	EXP 	eyetracker.setRecordingState(False)
44.1462 	EXP 	eyetracker.setRecordingState(False)
44.1563 	EXP 	eyetracker.setRecordingState(False)
44.1660 	EXP 	eyetracker.setRecordingState(False)
44.1756 	EXP 	eyetracker.setRecordingState(False)
44.1848 	EXP 	eyetracker.setRecordingState(False)
44.1942 	EXP 	eyetracker.setRecordingState(False)
44.2043 	EXP 	eyetracker.setRecordingState(False)
44.2147 	EXP 	eyetracker.setRecordingState(False)
44.2248 	EXP 	eyetracker.setRecordingState(False)
44.2362 	EXP 	eyetracker.setRecordingState(False)
44.2464 	EXP 	eyetracker.setRecordingState(False)
44.2564 	EXP 	eyetracker.setRecordingState(False)
44.2668 	EXP 	eyetracker.setRecordingState(False)
44.2760 	EXP 	eyetracker.setRecordingState(False)
44.2852 	EXP 	eyetracker.setRecordingState(False)
44.2956 	EXP 	eyetracker.setRecordingState(False)
44.3054 	EXP 	eyetracker.setRecordingState(False)
44.3150 	EXP 	eyetracker.setRecordingState(False)
44.3248 	EXP 	eyetracker.setRecordingState(False)
44.3343 	EXP 	eyetracker.setRecordingState(False)
44.3432 	EXP 	eyetracker.setRecordingState(False)
44.3531 	EXP 	eyetracker.setRecordingState(False)
44.3625 	EXP 	eyetracker.setRecordingState(False)
44.3720 	EXP 	eyetracker.setRecordingState(False)
44.3819 	EXP 	eyetracker.setRecordingState(False)
44.3908 	EXP 	eyetracker.setRecordingState(False)
44.3998 	EXP 	eyetracker.setRecordingState(False)
44.4085 	EXP 	eyetracker.setRecordingState(False)
44.4172 	EXP 	eyetracker.setRecordingState(False)
44.4261 	EXP 	eyetracker.setRecordingState(False)
44.4357 	EXP 	eyetracker.setRecordingState(False)
44.4471 	EXP 	eyetracker.setRecordingState(False)
44.4579 	EXP 	eyetracker.setRecordingState(False)
44.4690 	EXP 	eyetracker.setRecordingState(False)
44.4803 	EXP 	eyetracker.setRecordingState(False)
44.4908 	EXP 	eyetracker.setRecordingState(False)
44.5011 	EXP 	eyetracker.setRecordingState(False)
44.5119 	EXP 	eyetracker.setRecordingState(False)
44.5240 	EXP 	eyetracker.setRecordingState(False)
44.5377 	EXP 	eyetracker.setRecordingState(False)
44.5507 	EXP 	eyetracker.setRecordingState(False)
44.5638 	EXP 	eyetracker.setRecordingState(False)
44.5764 	EXP 	eyetracker.setRecordingState(False)
44.5902 	EXP 	eyetracker.setRecordingState(False)
44.6025 	EXP 	eyetracker.setRecordingState(False)
44.6141 	EXP 	eyetracker.setRecordingState(False)
44.6248 	EXP 	eyetracker.setRecordingState(False)
44.6352 	EXP 	eyetracker.setRecordingState(False)
44.6456 	EXP 	eyetracker.setRecordingState(False)
44.6567 	EXP 	eyetracker.setRecordingState(False)
44.6675 	EXP 	eyetracker.setRecordingState(False)
44.6774 	EXP 	eyetracker.setRecordingState(False)
44.6881 	EXP 	eyetracker.setRecordingState(False)
44.6981 	EXP 	eyetracker.setRecordingState(False)
44.7084 	EXP 	eyetracker.setRecordingState(False)
44.7188 	EXP 	eyetracker.setRecordingState(False)
44.7284 	EXP 	eyetracker.setRecordingState(False)
44.7383 	EXP 	eyetracker.setRecordingState(False)
44.7480 	EXP 	eyetracker.setRecordingState(False)
44.7575 	EXP 	eyetracker.setRecordingState(False)
44.7677 	EXP 	eyetracker.setRecordingState(False)
44.7788 	EXP 	eyetracker.setRecordingState(False)
44.7900 	EXP 	eyetracker.setRecordingState(False)
44.7998 	EXP 	eyetracker.setRecordingState(False)
44.8094 	EXP 	eyetracker.setRecordingState(False)
44.8191 	EXP 	eyetracker.setRecordingState(False)
44.8293 	EXP 	eyetracker.setRecordingState(False)
44.8389 	EXP 	eyetracker.setRecordingState(False)
44.8484 	EXP 	eyetracker.setRecordingState(False)
44.8579 	EXP 	eyetracker.setRecordingState(False)
44.8685 	EXP 	eyetracker.setRecordingState(False)
44.8783 	EXP 	eyetracker.setRecordingState(False)
44.8882 	EXP 	eyetracker.setRecordingState(False)
44.8982 	EXP 	eyetracker.setRecordingState(False)
44.9075 	EXP 	eyetracker.setRecordingState(False)
44.9175 	EXP 	eyetracker.setRecordingState(False)
44.9274 	EXP 	eyetracker.setRecordingState(False)
44.9370 	EXP 	eyetracker.setRecordingState(False)
44.9466 	EXP 	eyetracker.setRecordingState(False)
44.9564 	EXP 	eyetracker.setRecordingState(False)
44.9656 	EXP 	eyetracker.setRecordingState(False)
44.9746 	EXP 	eyetracker.setRecordingState(False)
44.9836 	EXP 	eyetracker.setRecordingState(False)
44.9929 	EXP 	eyetracker.setRecordingState(False)
45.0015 	EXP 	eyetracker.setRecordingState(False)
45.0114 	EXP 	eyetracker.setRecordingState(False)
45.0206 	EXP 	eyetracker.setRecordingState(False)
45.0297 	EXP 	eyetracker.setRecordingState(False)
45.0394 	EXP 	eyetracker.setRecordingState(False)
45.0495 	EXP 	eyetracker.setRecordingState(False)
45.0604 	EXP 	eyetracker.setRecordingState(False)
45.0705 	EXP 	eyetracker.setRecordingState(False)
45.0815 	EXP 	eyetracker.setRecordingState(False)
45.0913 	EXP 	eyetracker.setRecordingState(False)
45.1005 	EXP 	eyetracker.setRecordingState(False)
45.1105 	EXP 	eyetracker.setRecordingState(False)
45.1187 	EXP 	eyetracker.setRecordingState(False)
45.1277 	EXP 	eyetracker.setRecordingState(False)
45.1356 	EXP 	eyetracker.setRecordingState(False)
45.1452 	EXP 	eyetracker.setRecordingState(False)
45.1537 	EXP 	eyetracker.setRecordingState(False)
45.1618 	EXP 	eyetracker.setRecordingState(False)
45.1712 	EXP 	eyetracker.setRecordingState(False)
45.1795 	EXP 	eyetracker.setRecordingState(False)
45.1873 	EXP 	eyetracker.setRecordingState(False)
45.1959 	EXP 	eyetracker.setRecordingState(False)
45.2043 	EXP 	eyetracker.setRecordingState(False)
45.2119 	EXP 	eyetracker.setRecordingState(False)
45.2193 	EXP 	eyetracker.setRecordingState(False)
45.2263 	EXP 	eyetracker.setRecordingState(False)
45.2336 	EXP 	eyetracker.setRecordingState(False)
45.2419 	EXP 	eyetracker.setRecordingState(False)
45.2507 	EXP 	eyetracker.setRecordingState(False)
45.2592 	EXP 	eyetracker.setRecordingState(False)
45.2675 	EXP 	eyetracker.setRecordingState(False)
45.2759 	EXP 	eyetracker.setRecordingState(False)
45.2852 	EXP 	eyetracker.setRecordingState(False)
45.2940 	EXP 	eyetracker.setRecordingState(False)
45.3021 	EXP 	eyetracker.setRecordingState(False)
45.3109 	EXP 	eyetracker.setRecordingState(False)
45.3189 	EXP 	eyetracker.setRecordingState(False)
45.3277 	EXP 	eyetracker.setRecordingState(False)
45.3358 	EXP 	eyetracker.setRecordingState(False)
45.3443 	EXP 	eyetracker.setRecordingState(False)
45.3521 	EXP 	eyetracker.setRecordingState(False)
45.3602 	EXP 	eyetracker.setRecordingState(False)
45.3674 	EXP 	eyetracker.setRecordingState(False)
45.3755 	EXP 	eyetracker.setRecordingState(False)
45.3840 	EXP 	eyetracker.setRecordingState(False)
45.3925 	EXP 	eyetracker.setRecordingState(False)
45.4012 	EXP 	eyetracker.setRecordingState(False)
45.4103 	EXP 	eyetracker.setRecordingState(False)
45.4195 	EXP 	eyetracker.setRecordingState(False)
45.4284 	EXP 	eyetracker.setRecordingState(False)
45.4375 	EXP 	eyetracker.setRecordingState(False)
45.4458 	EXP 	eyetracker.setRecordingState(False)
45.4542 	EXP 	eyetracker.setRecordingState(False)
45.4628 	EXP 	eyetracker.setRecordingState(False)
45.4712 	EXP 	eyetracker.setRecordingState(False)
45.4783 	EXP 	eyetracker.setRecordingState(False)
45.4863 	EXP 	eyetracker.setRecordingState(False)
45.4944 	EXP 	eyetracker.setRecordingState(False)
45.5024 	EXP 	eyetracker.setRecordingState(False)
45.5105 	EXP 	eyetracker.setRecordingState(False)
45.5186 	EXP 	eyetracker.setRecordingState(False)
45.5270 	EXP 	eyetracker.setRecordingState(False)
45.5360 	EXP 	eyetracker.setRecordingState(False)
45.5433 	EXP 	eyetracker.setRecordingState(False)
45.5520 	EXP 	eyetracker.setRecordingState(False)
45.5592 	EXP 	eyetracker.setRecordingState(False)
45.5661 	EXP 	eyetracker.setRecordingState(False)
45.5734 	EXP 	eyetracker.setRecordingState(False)
45.5812 	EXP 	eyetracker.setRecordingState(False)
45.5882 	EXP 	eyetracker.setRecordingState(False)
45.5958 	EXP 	eyetracker.setRecordingState(False)
45.6035 	EXP 	eyetracker.setRecordingState(False)
45.6117 	EXP 	eyetracker.setRecordingState(False)
45.6197 	EXP 	eyetracker.setRecordingState(False)
45.6285 	EXP 	eyetracker.setRecordingState(False)
45.6379 	EXP 	eyetracker.setRecordingState(False)
45.6477 	EXP 	eyetracker.setRecordingState(False)
45.6565 	EXP 	eyetracker.setRecordingState(False)
45.6647 	EXP 	eyetracker.setRecordingState(False)
45.6737 	EXP 	eyetracker.setRecordingState(False)
45.6819 	EXP 	eyetracker.setRecordingState(False)
45.6900 	EXP 	eyetracker.setRecordingState(False)
45.6985 	EXP 	eyetracker.setRecordingState(False)
45.7083 	EXP 	eyetracker.setRecordingState(False)
45.7160 	EXP 	eyetracker.setRecordingState(False)
45.7237 	EXP 	eyetracker.setRecordingState(False)
45.7301 	EXP 	eyetracker.setRecordingState(False)
45.7373 	EXP 	eyetracker.setRecordingState(False)
45.7445 	EXP 	eyetracker.setRecordingState(False)
45.7526 	EXP 	eyetracker.setRecordingState(False)
45.7606 	EXP 	eyetracker.setRecordingState(False)
45.7712 	EXP 	eyetracker.setRecordingState(False)
45.7801 	EXP 	eyetracker.setRecordingState(False)
45.7898 	EXP 	eyetracker.setRecordingState(False)
45.8000 	EXP 	eyetracker.setRecordingState(False)
45.8104 	EXP 	eyetracker.setRecordingState(False)
45.8194 	EXP 	eyetracker.setRecordingState(False)
45.8292 	EXP 	eyetracker.setRecordingState(False)
45.8382 	EXP 	eyetracker.setRecordingState(False)
45.8485 	EXP 	eyetracker.setRecordingState(False)
45.8579 	EXP 	eyetracker.setRecordingState(False)
45.8673 	EXP 	eyetracker.setRecordingState(False)
45.8762 	EXP 	eyetracker.setRecordingState(False)
45.8844 	EXP 	eyetracker.setRecordingState(False)
45.8928 	EXP 	eyetracker.setRecordingState(False)
45.9007 	EXP 	eyetracker.setRecordingState(False)
45.9098 	EXP 	eyetracker.setRecordingState(False)
45.9185 	EXP 	eyetracker.setRecordingState(False)
45.9277 	EXP 	eyetracker.setRecordingState(False)
45.9366 	EXP 	eyetracker.setRecordingState(False)
45.9455 	EXP 	eyetracker.setRecordingState(False)
45.9540 	EXP 	eyetracker.setRecordingState(False)
45.9629 	EXP 	eyetracker.setRecordingState(False)
45.9719 	EXP 	eyetracker.setRecordingState(False)
45.9802 	EXP 	eyetracker.setRecordingState(False)
45.9886 	EXP 	eyetracker.setRecordingState(False)
45.9971 	EXP 	eyetracker.setRecordingState(False)
46.0056 	EXP 	eyetracker.setRecordingState(False)
46.0129 	EXP 	eyetracker.setRecordingState(False)
46.0220 	EXP 	eyetracker.setRecordingState(False)
46.0304 	EXP 	eyetracker.setRecordingState(False)
46.0401 	EXP 	eyetracker.setRecordingState(False)
46.0508 	EXP 	eyetracker.setRecordingState(False)
46.0599 	EXP 	eyetracker.setRecordingState(False)
46.0699 	EXP 	eyetracker.setRecordingState(False)
46.0803 	EXP 	eyetracker.setRecordingState(False)
46.0916 	EXP 	eyetracker.setRecordingState(False)
46.1033 	EXP 	eyetracker.setRecordingState(False)
46.1141 	EXP 	eyetracker.setRecordingState(False)
46.1244 	EXP 	eyetracker.setRecordingState(False)
46.1347 	EXP 	eyetracker.setRecordingState(False)
46.1463 	EXP 	eyetracker.setRecordingState(False)
46.1578 	EXP 	eyetracker.setRecordingState(False)
46.1679 	EXP 	eyetracker.setRecordingState(False)
46.1799 	EXP 	eyetracker.setRecordingState(False)
46.1912 	EXP 	eyetracker.setRecordingState(False)
46.2022 	EXP 	eyetracker.setRecordingState(False)
46.2152 	EXP 	eyetracker.setRecordingState(False)
46.2269 	EXP 	eyetracker.setRecordingState(False)
46.2393 	EXP 	eyetracker.setRecordingState(False)
46.2510 	EXP 	eyetracker.setRecordingState(False)
46.2627 	EXP 	eyetracker.setRecordingState(False)
46.2755 	EXP 	eyetracker.setRecordingState(False)
46.2893 	EXP 	eyetracker.setRecordingState(False)
46.3008 	EXP 	eyetracker.setRecordingState(False)
46.3130 	EXP 	eyetracker.setRecordingState(False)
46.3257 	EXP 	eyetracker.setRecordingState(False)
46.3370 	EXP 	eyetracker.setRecordingState(False)
46.3470 	EXP 	eyetracker.setRecordingState(False)
46.3571 	EXP 	eyetracker.setRecordingState(False)
46.3669 	EXP 	eyetracker.setRecordingState(False)
46.3766 	EXP 	eyetracker.setRecordingState(False)
46.3872 	EXP 	eyetracker.setRecordingState(False)
46.3985 	EXP 	eyetracker.setRecordingState(False)
46.4101 	EXP 	eyetracker.setRecordingState(False)
46.4211 	EXP 	eyetracker.setRecordingState(False)
46.4315 	EXP 	eyetracker.setRecordingState(False)
46.4420 	EXP 	eyetracker.setRecordingState(False)
46.4522 	EXP 	eyetracker.setRecordingState(False)
46.4621 	EXP 	eyetracker.setRecordingState(False)
46.4722 	EXP 	eyetracker.setRecordingState(False)
46.4822 	EXP 	eyetracker.setRecordingState(False)
46.4911 	EXP 	eyetracker.setRecordingState(False)
46.5005 	EXP 	eyetracker.setRecordingState(False)
46.5091 	EXP 	eyetracker.setRecordingState(False)
46.5179 	EXP 	eyetracker.setRecordingState(False)
46.5264 	EXP 	eyetracker.setRecordingState(False)
46.5339 	EXP 	eyetracker.setRecordingState(False)
46.5416 	EXP 	eyetracker.setRecordingState(False)
46.5493 	EXP 	eyetracker.setRecordingState(False)
46.5566 	EXP 	eyetracker.setRecordingState(False)
46.5630 	EXP 	eyetracker.setRecordingState(False)
46.5715 	EXP 	eyetracker.setRecordingState(False)
46.5803 	EXP 	eyetracker.setRecordingState(False)
46.5886 	EXP 	eyetracker.setRecordingState(False)
46.5968 	EXP 	eyetracker.setRecordingState(False)
46.6058 	EXP 	eyetracker.setRecordingState(False)
46.6143 	EXP 	eyetracker.setRecordingState(False)
46.6228 	EXP 	eyetracker.setRecordingState(False)
46.6306 	EXP 	eyetracker.setRecordingState(False)
46.6394 	EXP 	eyetracker.setRecordingState(False)
46.6478 	EXP 	eyetracker.setRecordingState(False)
46.6573 	EXP 	eyetracker.setRecordingState(False)
46.6662 	EXP 	eyetracker.setRecordingState(False)
46.6756 	EXP 	eyetracker.setRecordingState(False)
46.6860 	EXP 	eyetracker.setRecordingState(False)
46.6950 	EXP 	eyetracker.setRecordingState(False)
46.7029 	EXP 	eyetracker.setRecordingState(False)
46.7100 	EXP 	eyetracker.setRecordingState(False)
46.7175 	EXP 	eyetracker.setRecordingState(False)
46.7247 	EXP 	eyetracker.setRecordingState(False)
46.7322 	EXP 	eyetracker.setRecordingState(False)
46.7391 	EXP 	eyetracker.setRecordingState(False)
46.7464 	EXP 	eyetracker.setRecordingState(False)
46.7540 	EXP 	eyetracker.setRecordingState(False)
46.7615 	EXP 	eyetracker.setRecordingState(False)
46.7694 	EXP 	eyetracker.setRecordingState(False)
46.7771 	EXP 	eyetracker.setRecordingState(False)
46.7851 	EXP 	eyetracker.setRecordingState(False)
46.7927 	EXP 	eyetracker.setRecordingState(False)
46.8001 	EXP 	eyetracker.setRecordingState(False)
46.8079 	EXP 	eyetracker.setRecordingState(False)
46.8181 	EXP 	eyetracker.setRecordingState(False)
46.8261 	EXP 	eyetracker.setRecordingState(False)
46.8333 	EXP 	eyetracker.setRecordingState(False)
46.8412 	EXP 	eyetracker.setRecordingState(False)
46.8490 	EXP 	eyetracker.setRecordingState(False)
46.8566 	EXP 	eyetracker.setRecordingState(False)
46.8645 	EXP 	eyetracker.setRecordingState(False)
46.8716 	EXP 	eyetracker.setRecordingState(False)
46.8786 	EXP 	eyetracker.setRecordingState(False)
46.8852 	EXP 	eyetracker.setRecordingState(False)
46.8921 	EXP 	eyetracker.setRecordingState(False)
46.9000 	EXP 	eyetracker.setRecordingState(False)
46.9070 	EXP 	eyetracker.setRecordingState(False)
46.9141 	EXP 	eyetracker.setRecordingState(False)
46.9205 	EXP 	eyetracker.setRecordingState(False)
46.9295 	EXP 	eyetracker.setRecordingState(False)
46.9354 	EXP 	eyetracker.setRecordingState(False)
46.9438 	EXP 	eyetracker.setRecordingState(False)
46.9507 	EXP 	eyetracker.setRecordingState(False)
46.9587 	EXP 	eyetracker.setRecordingState(False)
46.9660 	EXP 	eyetracker.setRecordingState(False)
46.9731 	EXP 	eyetracker.setRecordingState(False)
46.9797 	EXP 	eyetracker.setRecordingState(False)
46.9863 	EXP 	eyetracker.setRecordingState(False)
46.9941 	EXP 	eyetracker.setRecordingState(False)
47.0022 	EXP 	eyetracker.setRecordingState(False)
47.0090 	EXP 	eyetracker.setRecordingState(False)
47.0158 	EXP 	eyetracker.setRecordingState(False)
47.0231 	EXP 	eyetracker.setRecordingState(False)
47.0299 	EXP 	eyetracker.setRecordingState(False)
47.0374 	EXP 	eyetracker.setRecordingState(False)
47.0452 	EXP 	eyetracker.setRecordingState(False)
47.0538 	EXP 	eyetracker.setRecordingState(False)
47.0626 	EXP 	eyetracker.setRecordingState(False)
47.0694 	EXP 	eyetracker.setRecordingState(False)
47.0768 	EXP 	eyetracker.setRecordingState(False)
47.0849 	EXP 	eyetracker.setRecordingState(False)
47.0925 	EXP 	eyetracker.setRecordingState(False)
47.0997 	EXP 	eyetracker.setRecordingState(False)
47.1069 	EXP 	eyetracker.setRecordingState(False)
47.1135 	EXP 	eyetracker.setRecordingState(False)
47.1198 	EXP 	eyetracker.setRecordingState(False)
47.1259 	EXP 	eyetracker.setRecordingState(False)
47.1323 	EXP 	eyetracker.setRecordingState(False)
47.1390 	EXP 	eyetracker.setRecordingState(False)
47.1460 	EXP 	eyetracker.setRecordingState(False)
47.1559 	EXP 	eyetracker.setRecordingState(False)
47.1636 	EXP 	eyetracker.setRecordingState(False)
47.1714 	EXP 	eyetracker.setRecordingState(False)
47.1818 	EXP 	eyetracker.setRecordingState(False)
47.1890 	EXP 	eyetracker.setRecordingState(False)
47.1965 	EXP 	eyetracker.setRecordingState(False)
47.2042 	EXP 	eyetracker.setRecordingState(False)
47.2112 	EXP 	eyetracker.setRecordingState(False)
47.2194 	EXP 	eyetracker.setRecordingState(False)
47.2281 	EXP 	eyetracker.setRecordingState(False)
47.2344 	EXP 	eyetracker.setRecordingState(False)
47.2433 	EXP 	eyetracker.setRecordingState(False)
47.2505 	EXP 	eyetracker.setRecordingState(False)
47.2573 	EXP 	eyetracker.setRecordingState(False)
47.2646 	EXP 	eyetracker.setRecordingState(False)
47.2713 	EXP 	eyetracker.setRecordingState(False)
47.2777 	EXP 	eyetracker.setRecordingState(False)
47.2852 	EXP 	eyetracker.setRecordingState(False)
47.2923 	EXP 	eyetracker.setRecordingState(False)
47.2999 	EXP 	eyetracker.setRecordingState(False)
47.3078 	EXP 	eyetracker.setRecordingState(False)
47.3156 	EXP 	eyetracker.setRecordingState(False)
47.3221 	EXP 	eyetracker.setRecordingState(False)
47.3299 	EXP 	eyetracker.setRecordingState(False)
47.3372 	EXP 	eyetracker.setRecordingState(False)
47.3458 	EXP 	eyetracker.setRecordingState(False)
47.3537 	EXP 	eyetracker.setRecordingState(False)
47.3607 	EXP 	eyetracker.setRecordingState(False)
47.3678 	EXP 	eyetracker.setRecordingState(False)
47.3739 	EXP 	eyetracker.setRecordingState(False)
47.3804 	EXP 	eyetracker.setRecordingState(False)
47.3878 	EXP 	eyetracker.setRecordingState(False)
47.3946 	EXP 	eyetracker.setRecordingState(False)
47.4012 	EXP 	eyetracker.setRecordingState(False)
47.4079 	EXP 	eyetracker.setRecordingState(False)
47.4135 	EXP 	eyetracker.setRecordingState(False)
47.4195 	EXP 	eyetracker.setRecordingState(False)
47.4259 	EXP 	eyetracker.setRecordingState(False)
47.4320 	EXP 	eyetracker.setRecordingState(False)
47.4398 	EXP 	eyetracker.setRecordingState(False)
47.4453 	EXP 	eyetracker.setRecordingState(False)
47.4517 	EXP 	eyetracker.setRecordingState(False)
47.4576 	EXP 	eyetracker.setRecordingState(False)
47.4642 	EXP 	eyetracker.setRecordingState(False)
47.4714 	EXP 	eyetracker.setRecordingState(False)
47.4786 	EXP 	eyetracker.setRecordingState(False)
47.4855 	EXP 	eyetracker.setRecordingState(False)
47.4934 	EXP 	eyetracker.setRecordingState(False)
47.4992 	EXP 	eyetracker.setRecordingState(False)
47.5050 	EXP 	eyetracker.setRecordingState(False)
47.5113 	EXP 	eyetracker.setRecordingState(False)
47.5178 	EXP 	eyetracker.setRecordingState(False)
47.5242 	EXP 	eyetracker.setRecordingState(False)
47.5314 	EXP 	eyetracker.setRecordingState(False)
47.5376 	EXP 	eyetracker.setRecordingState(False)
47.5450 	EXP 	eyetracker.setRecordingState(False)
47.5512 	EXP 	eyetracker.setRecordingState(False)
47.5581 	EXP 	eyetracker.setRecordingState(False)
47.5653 	EXP 	eyetracker.setRecordingState(False)
47.5724 	EXP 	eyetracker.setRecordingState(False)
47.5800 	EXP 	eyetracker.setRecordingState(False)
47.5870 	EXP 	eyetracker.setRecordingState(False)
47.5942 	EXP 	eyetracker.setRecordingState(False)
47.6017 	EXP 	eyetracker.setRecordingState(False)
47.6094 	EXP 	eyetracker.setRecordingState(False)
47.6180 	EXP 	eyetracker.setRecordingState(False)
47.6276 	EXP 	eyetracker.setRecordingState(False)
47.6366 	EXP 	eyetracker.setRecordingState(False)
47.6460 	EXP 	eyetracker.setRecordingState(False)
47.6555 	EXP 	eyetracker.setRecordingState(False)
47.6639 	EXP 	eyetracker.setRecordingState(False)
47.6731 	EXP 	eyetracker.setRecordingState(False)
47.6817 	EXP 	eyetracker.setRecordingState(False)
47.6910 	EXP 	eyetracker.setRecordingState(False)
47.6997 	EXP 	eyetracker.setRecordingState(False)
47.7079 	EXP 	eyetracker.setRecordingState(False)
47.7163 	EXP 	eyetracker.setRecordingState(False)
47.7247 	EXP 	eyetracker.setRecordingState(False)
47.7331 	EXP 	eyetracker.setRecordingState(False)
47.7418 	EXP 	eyetracker.setRecordingState(False)
47.7515 	EXP 	eyetracker.setRecordingState(False)
47.7604 	EXP 	eyetracker.setRecordingState(False)
47.7697 	EXP 	eyetracker.setRecordingState(False)
47.7783 	EXP 	eyetracker.setRecordingState(False)
47.7879 	EXP 	eyetracker.setRecordingState(False)
47.7960 	EXP 	eyetracker.setRecordingState(False)
47.8047 	EXP 	eyetracker.setRecordingState(False)
47.8138 	EXP 	eyetracker.setRecordingState(False)
47.8229 	EXP 	eyetracker.setRecordingState(False)
47.8306 	EXP 	eyetracker.setRecordingState(False)
47.8383 	EXP 	eyetracker.setRecordingState(False)
47.8455 	EXP 	eyetracker.setRecordingState(False)
47.8525 	EXP 	eyetracker.setRecordingState(False)
47.8599 	EXP 	eyetracker.setRecordingState(False)
47.8671 	EXP 	eyetracker.setRecordingState(False)
47.8734 	EXP 	eyetracker.setRecordingState(False)
47.8800 	EXP 	eyetracker.setRecordingState(False)
47.8871 	EXP 	eyetracker.setRecordingState(False)
47.8950 	EXP 	eyetracker.setRecordingState(False)
47.9028 	EXP 	eyetracker.setRecordingState(False)
47.9108 	EXP 	eyetracker.setRecordingState(False)
47.9199 	EXP 	eyetracker.setRecordingState(False)
47.9278 	EXP 	eyetracker.setRecordingState(False)
47.9355 	EXP 	eyetracker.setRecordingState(False)
47.9432 	EXP 	eyetracker.setRecordingState(False)
47.9509 	EXP 	eyetracker.setRecordingState(False)
47.9598 	EXP 	eyetracker.setRecordingState(False)
47.9669 	EXP 	eyetracker.setRecordingState(False)
47.9758 	EXP 	eyetracker.setRecordingState(False)
47.9833 	EXP 	eyetracker.setRecordingState(False)
47.9911 	EXP 	eyetracker.setRecordingState(False)
47.9982 	EXP 	eyetracker.setRecordingState(False)
48.0060 	EXP 	eyetracker.setRecordingState(False)
48.0128 	EXP 	eyetracker.setRecordingState(False)
48.0197 	EXP 	eyetracker.setRecordingState(False)
48.0264 	EXP 	eyetracker.setRecordingState(False)
48.0334 	EXP 	eyetracker.setRecordingState(False)
48.0403 	EXP 	eyetracker.setRecordingState(False)
48.0472 	EXP 	eyetracker.setRecordingState(False)
48.0547 	EXP 	eyetracker.setRecordingState(False)
48.0626 	EXP 	eyetracker.setRecordingState(False)
48.0709 	EXP 	eyetracker.setRecordingState(False)
48.0798 	EXP 	eyetracker.setRecordingState(False)
48.0884 	EXP 	eyetracker.setRecordingState(False)
48.0983 	EXP 	eyetracker.setRecordingState(False)
48.1079 	EXP 	eyetracker.setRecordingState(False)
48.1181 	EXP 	eyetracker.setRecordingState(False)
48.1273 	EXP 	eyetracker.setRecordingState(False)
48.1368 	EXP 	eyetracker.setRecordingState(False)
48.1454 	EXP 	eyetracker.setRecordingState(False)
48.1538 	EXP 	eyetracker.setRecordingState(False)
48.1626 	EXP 	eyetracker.setRecordingState(False)
48.1715 	EXP 	eyetracker.setRecordingState(False)
48.1804 	EXP 	eyetracker.setRecordingState(False)
48.1883 	EXP 	eyetracker.setRecordingState(False)
48.1971 	EXP 	eyetracker.setRecordingState(False)
48.2056 	EXP 	eyetracker.setRecordingState(False)
48.2150 	EXP 	eyetracker.setRecordingState(False)
48.2231 	EXP 	eyetracker.setRecordingState(False)
48.2315 	EXP 	eyetracker.setRecordingState(False)
48.2404 	EXP 	eyetracker.setRecordingState(False)
48.2488 	EXP 	eyetracker.setRecordingState(False)
48.2565 	EXP 	eyetracker.setRecordingState(False)
48.2648 	EXP 	eyetracker.setRecordingState(False)
48.2733 	EXP 	eyetracker.setRecordingState(False)
48.2831 	EXP 	eyetracker.setRecordingState(False)
48.2931 	EXP 	eyetracker.setRecordingState(False)
48.3022 	EXP 	eyetracker.setRecordingState(False)
48.3117 	EXP 	eyetracker.setRecordingState(False)
48.3215 	EXP 	eyetracker.setRecordingState(False)
48.3312 	EXP 	eyetracker.setRecordingState(False)
48.3409 	EXP 	eyetracker.setRecordingState(False)
48.3504 	EXP 	eyetracker.setRecordingState(False)
48.3611 	EXP 	eyetracker.setRecordingState(False)
48.3708 	EXP 	eyetracker.setRecordingState(False)
48.3822 	EXP 	eyetracker.setRecordingState(False)
48.3913 	EXP 	eyetracker.setRecordingState(False)
48.4020 	EXP 	eyetracker.setRecordingState(False)
48.4118 	EXP 	eyetracker.setRecordingState(False)
48.4225 	EXP 	eyetracker.setRecordingState(False)
48.4352 	EXP 	eyetracker.setRecordingState(False)
48.4457 	EXP 	eyetracker.setRecordingState(False)
48.4550 	EXP 	eyetracker.setRecordingState(False)
48.4649 	EXP 	eyetracker.setRecordingState(False)
48.4745 	EXP 	eyetracker.setRecordingState(False)
48.4840 	EXP 	eyetracker.setRecordingState(False)
48.4933 	EXP 	eyetracker.setRecordingState(False)
48.5016 	EXP 	eyetracker.setRecordingState(False)
48.5095 	EXP 	eyetracker.setRecordingState(False)
48.5168 	EXP 	eyetracker.setRecordingState(False)
48.5245 	EXP 	eyetracker.setRecordingState(False)
48.5341 	EXP 	eyetracker.setRecordingState(False)
48.5431 	EXP 	eyetracker.setRecordingState(False)
48.5520 	EXP 	eyetracker.setRecordingState(False)
48.5607 	EXP 	eyetracker.setRecordingState(False)
48.5694 	EXP 	eyetracker.setRecordingState(False)
48.5786 	EXP 	eyetracker.setRecordingState(False)
48.5873 	EXP 	eyetracker.setRecordingState(False)
48.5974 	EXP 	eyetracker.setRecordingState(False)
48.6070 	EXP 	eyetracker.setRecordingState(False)
48.6164 	EXP 	eyetracker.setRecordingState(False)
48.6253 	EXP 	eyetracker.setRecordingState(False)
48.6351 	EXP 	eyetracker.setRecordingState(False)
48.6451 	EXP 	eyetracker.setRecordingState(False)
48.6549 	EXP 	eyetracker.setRecordingState(False)
48.6645 	EXP 	eyetracker.setRecordingState(False)
48.6744 	EXP 	eyetracker.setRecordingState(False)
48.6827 	EXP 	eyetracker.setRecordingState(False)
48.6902 	EXP 	eyetracker.setRecordingState(False)
48.6995 	EXP 	eyetracker.setRecordingState(False)
48.7079 	EXP 	eyetracker.setRecordingState(False)
48.7165 	EXP 	eyetracker.setRecordingState(False)
48.7239 	EXP 	eyetracker.setRecordingState(False)
48.7322 	EXP 	eyetracker.setRecordingState(False)
48.7406 	EXP 	eyetracker.setRecordingState(False)
48.7485 	EXP 	eyetracker.setRecordingState(False)
48.7572 	EXP 	eyetracker.setRecordingState(False)
48.7656 	EXP 	eyetracker.setRecordingState(False)
48.7732 	EXP 	eyetracker.setRecordingState(False)
48.7802 	EXP 	eyetracker.setRecordingState(False)
48.7872 	EXP 	eyetracker.setRecordingState(False)
48.7948 	EXP 	eyetracker.setRecordingState(False)
48.8017 	EXP 	eyetracker.setRecordingState(False)
48.8092 	EXP 	eyetracker.setRecordingState(False)
48.8170 	EXP 	eyetracker.setRecordingState(False)
48.8251 	EXP 	eyetracker.setRecordingState(False)
48.8349 	EXP 	eyetracker.setRecordingState(False)
48.8430 	EXP 	eyetracker.setRecordingState(False)
48.8505 	EXP 	eyetracker.setRecordingState(False)
48.8578 	EXP 	eyetracker.setRecordingState(False)
48.8663 	EXP 	eyetracker.setRecordingState(False)
48.8737 	EXP 	eyetracker.setRecordingState(False)
48.8825 	EXP 	eyetracker.setRecordingState(False)
48.8908 	EXP 	eyetracker.setRecordingState(False)
48.8985 	EXP 	eyetracker.setRecordingState(False)
48.9072 	EXP 	eyetracker.setRecordingState(False)
48.9190 	EXP 	eyetracker.setRecordingState(False)
48.9265 	EXP 	eyetracker.setRecordingState(False)
48.9332 	EXP 	eyetracker.setRecordingState(False)
48.9402 	EXP 	eyetracker.setRecordingState(False)
48.9474 	EXP 	eyetracker.setRecordingState(False)
48.9542 	EXP 	eyetracker.setRecordingState(False)
48.9611 	EXP 	eyetracker.setRecordingState(False)
48.9676 	EXP 	eyetracker.setRecordingState(False)
48.9752 	EXP 	eyetracker.setRecordingState(False)
48.9822 	EXP 	eyetracker.setRecordingState(False)
48.9886 	EXP 	eyetracker.setRecordingState(False)
48.9956 	EXP 	eyetracker.setRecordingState(False)
49.0024 	EXP 	eyetracker.setRecordingState(False)
49.0091 	EXP 	eyetracker.setRecordingState(False)
49.0172 	EXP 	eyetracker.setRecordingState(False)
49.0265 	EXP 	eyetracker.setRecordingState(False)
49.0341 	EXP 	eyetracker.setRecordingState(False)
49.0418 	EXP 	eyetracker.setRecordingState(False)
49.0507 	EXP 	eyetracker.setRecordingState(False)
49.0578 	EXP 	eyetracker.setRecordingState(False)
49.0661 	EXP 	eyetracker.setRecordingState(False)
49.0739 	EXP 	eyetracker.setRecordingState(False)
49.0819 	EXP 	eyetracker.setRecordingState(False)
49.0907 	EXP 	eyetracker.setRecordingState(False)
49.0999 	EXP 	eyetracker.setRecordingState(False)
49.1075 	EXP 	eyetracker.setRecordingState(False)
49.1172 	EXP 	eyetracker.setRecordingState(False)
49.1262 	EXP 	eyetracker.setRecordingState(False)
49.1340 	EXP 	eyetracker.setRecordingState(False)
49.1428 	EXP 	eyetracker.setRecordingState(False)
49.1508 	EXP 	eyetracker.setRecordingState(False)
49.1586 	EXP 	eyetracker.setRecordingState(False)
49.1669 	EXP 	eyetracker.setRecordingState(False)
49.1756 	EXP 	eyetracker.setRecordingState(False)
49.1830 	EXP 	eyetracker.setRecordingState(False)
49.1899 	EXP 	eyetracker.setRecordingState(False)
49.1979 	EXP 	eyetracker.setRecordingState(False)
49.2051 	EXP 	eyetracker.setRecordingState(False)
49.2121 	EXP 	eyetracker.setRecordingState(False)
49.2185 	EXP 	eyetracker.setRecordingState(False)
49.2264 	EXP 	eyetracker.setRecordingState(False)
49.2332 	EXP 	eyetracker.setRecordingState(False)
49.2401 	EXP 	eyetracker.setRecordingState(False)
49.2472 	EXP 	eyetracker.setRecordingState(False)
49.2540 	EXP 	eyetracker.setRecordingState(False)
49.2616 	EXP 	eyetracker.setRecordingState(False)
49.2686 	EXP 	eyetracker.setRecordingState(False)
49.2750 	EXP 	eyetracker.setRecordingState(False)
49.2820 	EXP 	eyetracker.setRecordingState(False)
49.2886 	EXP 	eyetracker.setRecordingState(False)
49.2958 	EXP 	eyetracker.setRecordingState(False)
49.3033 	EXP 	eyetracker.setRecordingState(False)
49.3110 	EXP 	eyetracker.setRecordingState(False)
49.3176 	EXP 	eyetracker.setRecordingState(False)
49.3247 	EXP 	eyetracker.setRecordingState(False)
49.3316 	EXP 	eyetracker.setRecordingState(False)
49.3386 	EXP 	eyetracker.setRecordingState(False)
49.3454 	EXP 	eyetracker.setRecordingState(False)
49.3521 	EXP 	eyetracker.setRecordingState(False)
49.3583 	EXP 	eyetracker.setRecordingState(False)
49.3654 	EXP 	eyetracker.setRecordingState(False)
49.3718 	EXP 	eyetracker.setRecordingState(False)
49.3786 	EXP 	eyetracker.setRecordingState(False)
49.3853 	EXP 	eyetracker.setRecordingState(False)
49.3922 	EXP 	eyetracker.setRecordingState(False)
49.3996 	EXP 	eyetracker.setRecordingState(False)
49.4072 	EXP 	eyetracker.setRecordingState(False)
49.4157 	EXP 	eyetracker.setRecordingState(False)
49.4248 	EXP 	eyetracker.setRecordingState(False)
49.4348 	EXP 	eyetracker.setRecordingState(False)
49.4430 	EXP 	eyetracker.setRecordingState(False)
49.4516 	EXP 	eyetracker.setRecordingState(False)
49.4611 	EXP 	eyetracker.setRecordingState(False)
49.4696 	EXP 	eyetracker.setRecordingState(False)
49.4781 	EXP 	eyetracker.setRecordingState(False)
49.4869 	EXP 	eyetracker.setRecordingState(False)
49.4952 	EXP 	eyetracker.setRecordingState(False)
49.5034 	EXP 	eyetracker.setRecordingState(False)
49.5118 	EXP 	eyetracker.setRecordingState(False)
49.5196 	EXP 	eyetracker.setRecordingState(False)
49.5276 	EXP 	eyetracker.setRecordingState(False)
49.5357 	EXP 	eyetracker.setRecordingState(False)
49.5428 	EXP 	eyetracker.setRecordingState(False)
49.5507 	EXP 	eyetracker.setRecordingState(False)
49.5594 	EXP 	eyetracker.setRecordingState(False)
49.5671 	EXP 	eyetracker.setRecordingState(False)
49.5749 	EXP 	eyetracker.setRecordingState(False)
49.5829 	EXP 	eyetracker.setRecordingState(False)
49.5912 	EXP 	eyetracker.setRecordingState(False)
49.6012 	EXP 	eyetracker.setRecordingState(False)
49.6099 	EXP 	eyetracker.setRecordingState(False)
49.6177 	EXP 	eyetracker.setRecordingState(False)
49.6265 	EXP 	eyetracker.setRecordingState(False)
49.6362 	EXP 	eyetracker.setRecordingState(False)
49.6452 	EXP 	eyetracker.setRecordingState(False)
49.6530 	EXP 	eyetracker.setRecordingState(False)
49.6606 	EXP 	eyetracker.setRecordingState(False)
49.6685 	EXP 	eyetracker.setRecordingState(False)
49.6749 	EXP 	eyetracker.setRecordingState(False)
49.6816 	EXP 	eyetracker.setRecordingState(False)
49.6885 	EXP 	eyetracker.setRecordingState(False)
49.6961 	EXP 	eyetracker.setRecordingState(False)
49.7035 	EXP 	eyetracker.setRecordingState(False)
49.7132 	EXP 	eyetracker.setRecordingState(False)
49.7226 	EXP 	eyetracker.setRecordingState(False)
49.7331 	EXP 	eyetracker.setRecordingState(False)
49.7417 	EXP 	eyetracker.setRecordingState(False)
49.7513 	EXP 	eyetracker.setRecordingState(False)
49.7621 	EXP 	eyetracker.setRecordingState(False)
49.7713 	EXP 	eyetracker.setRecordingState(False)
49.7823 	EXP 	eyetracker.setRecordingState(False)
49.7928 	EXP 	eyetracker.setRecordingState(False)
49.8014 	EXP 	eyetracker.setRecordingState(False)
49.8112 	EXP 	eyetracker.setRecordingState(False)
49.8188 	EXP 	eyetracker.setRecordingState(False)
49.8271 	EXP 	eyetracker.setRecordingState(False)
49.8343 	EXP 	eyetracker.setRecordingState(False)
49.8425 	EXP 	eyetracker.setRecordingState(False)
49.8503 	EXP 	eyetracker.setRecordingState(False)
49.8596 	EXP 	eyetracker.setRecordingState(False)
49.8680 	EXP 	eyetracker.setRecordingState(False)
49.8765 	EXP 	eyetracker.setRecordingState(False)
49.8851 	EXP 	eyetracker.setRecordingState(False)
49.8924 	EXP 	eyetracker.setRecordingState(False)
49.9007 	EXP 	eyetracker.setRecordingState(False)
49.9096 	EXP 	eyetracker.setRecordingState(False)
49.9177 	EXP 	eyetracker.setRecordingState(False)
49.9260 	EXP 	eyetracker.setRecordingState(False)
49.9344 	EXP 	eyetracker.setRecordingState(False)
49.9439 	EXP 	eyetracker.setRecordingState(False)
49.9519 	EXP 	eyetracker.setRecordingState(False)
49.9598 	EXP 	eyetracker.setRecordingState(False)
49.9685 	EXP 	eyetracker.setRecordingState(False)
49.9758 	EXP 	eyetracker.setRecordingState(False)
49.9851 	EXP 	eyetracker.setRecordingState(False)
49.9921 	EXP 	eyetracker.setRecordingState(False)
49.9995 	EXP 	eyetracker.setRecordingState(False)
50.0069 	EXP 	eyetracker.setRecordingState(False)
50.0147 	EXP 	eyetracker.setRecordingState(False)
50.0217 	EXP 	eyetracker.setRecordingState(False)
50.0294 	EXP 	eyetracker.setRecordingState(False)
50.0363 	EXP 	eyetracker.setRecordingState(False)
50.0433 	EXP 	eyetracker.setRecordingState(False)
50.0500 	EXP 	eyetracker.setRecordingState(False)
50.0564 	EXP 	eyetracker.setRecordingState(False)
50.0630 	EXP 	eyetracker.setRecordingState(False)
50.0696 	EXP 	eyetracker.setRecordingState(False)
50.0770 	EXP 	eyetracker.setRecordingState(False)
50.0840 	EXP 	eyetracker.setRecordingState(False)
50.0908 	EXP 	eyetracker.setRecordingState(False)
50.0978 	EXP 	eyetracker.setRecordingState(False)
50.1045 	EXP 	eyetracker.setRecordingState(False)
50.1116 	EXP 	eyetracker.setRecordingState(False)
50.1185 	EXP 	eyetracker.setRecordingState(False)
50.1242 	EXP 	eyetracker.setRecordingState(False)
50.1298 	EXP 	eyetracker.setRecordingState(False)
50.1348 	EXP 	eyetracker.setRecordingState(False)
50.1420 	EXP 	eyetracker.setRecordingState(False)
50.1485 	EXP 	eyetracker.setRecordingState(False)
50.1557 	EXP 	eyetracker.setRecordingState(False)
50.1629 	EXP 	eyetracker.setRecordingState(False)
50.1715 	EXP 	eyetracker.setRecordingState(False)
50.1787 	EXP 	eyetracker.setRecordingState(False)
50.1869 	EXP 	eyetracker.setRecordingState(False)
50.1948 	EXP 	eyetracker.setRecordingState(False)
50.2039 	EXP 	eyetracker.setRecordingState(False)
50.2142 	EXP 	eyetracker.setRecordingState(False)
50.2252 	EXP 	eyetracker.setRecordingState(False)
50.2369 	EXP 	eyetracker.setRecordingState(False)
50.2481 	EXP 	eyetracker.setRecordingState(False)
50.2597 	EXP 	eyetracker.setRecordingState(False)
50.2696 	EXP 	eyetracker.setRecordingState(False)
50.2799 	EXP 	eyetracker.setRecordingState(False)
50.2903 	EXP 	eyetracker.setRecordingState(False)
50.2991 	EXP 	eyetracker.setRecordingState(False)
50.3079 	EXP 	eyetracker.setRecordingState(False)
50.3172 	EXP 	eyetracker.setRecordingState(False)
50.3266 	EXP 	eyetracker.setRecordingState(False)
50.3358 	EXP 	eyetracker.setRecordingState(False)
50.3457 	EXP 	eyetracker.setRecordingState(False)
50.3563 	EXP 	eyetracker.setRecordingState(False)
50.3656 	EXP 	eyetracker.setRecordingState(False)
50.3766 	EXP 	eyetracker.setRecordingState(False)
50.3872 	EXP 	eyetracker.setRecordingState(False)
50.3968 	EXP 	eyetracker.setRecordingState(False)
50.4058 	EXP 	eyetracker.setRecordingState(False)
50.4169 	EXP 	eyetracker.setRecordingState(False)
50.4260 	EXP 	eyetracker.setRecordingState(False)
50.4346 	EXP 	eyetracker.setRecordingState(False)
50.4430 	EXP 	eyetracker.setRecordingState(False)
50.4521 	EXP 	eyetracker.setRecordingState(False)
50.4605 	EXP 	eyetracker.setRecordingState(False)
50.4688 	EXP 	eyetracker.setRecordingState(False)
50.4776 	EXP 	eyetracker.setRecordingState(False)
50.4877 	EXP 	eyetracker.setRecordingState(False)
50.4963 	EXP 	eyetracker.setRecordingState(False)
50.5049 	EXP 	eyetracker.setRecordingState(False)
50.5150 	EXP 	eyetracker.setRecordingState(False)
50.5238 	EXP 	eyetracker.setRecordingState(False)
50.5325 	EXP 	eyetracker.setRecordingState(False)
50.5424 	EXP 	eyetracker.setRecordingState(False)
50.5511 	EXP 	eyetracker.setRecordingState(False)
50.5592 	EXP 	eyetracker.setRecordingState(False)
50.5671 	EXP 	eyetracker.setRecordingState(False)
50.5766 	EXP 	eyetracker.setRecordingState(False)
50.5861 	EXP 	eyetracker.setRecordingState(False)
50.5956 	EXP 	eyetracker.setRecordingState(False)
50.6059 	EXP 	eyetracker.setRecordingState(False)
50.6148 	EXP 	eyetracker.setRecordingState(False)
50.6227 	EXP 	eyetracker.setRecordingState(False)
50.6310 	EXP 	eyetracker.setRecordingState(False)
50.6413 	EXP 	eyetracker.setRecordingState(False)
50.6504 	EXP 	eyetracker.setRecordingState(False)
50.6597 	EXP 	eyetracker.setRecordingState(False)
50.6693 	EXP 	eyetracker.setRecordingState(False)
50.6784 	EXP 	eyetracker.setRecordingState(False)
50.6874 	EXP 	eyetracker.setRecordingState(False)
50.6967 	EXP 	eyetracker.setRecordingState(False)
50.7056 	EXP 	eyetracker.setRecordingState(False)
50.7154 	EXP 	eyetracker.setRecordingState(False)
50.7249 	EXP 	eyetracker.setRecordingState(False)
50.7337 	EXP 	eyetracker.setRecordingState(False)
50.7436 	EXP 	eyetracker.setRecordingState(False)
50.7535 	EXP 	eyetracker.setRecordingState(False)
50.7624 	EXP 	eyetracker.setRecordingState(False)
50.7705 	EXP 	eyetracker.setRecordingState(False)
50.7789 	EXP 	eyetracker.setRecordingState(False)
50.7888 	EXP 	eyetracker.setRecordingState(False)
50.7981 	EXP 	eyetracker.setRecordingState(False)
50.8078 	EXP 	eyetracker.setRecordingState(False)
50.8171 	EXP 	eyetracker.setRecordingState(False)
50.8253 	EXP 	eyetracker.setRecordingState(False)
50.8349 	EXP 	eyetracker.setRecordingState(False)
50.8439 	EXP 	eyetracker.setRecordingState(False)
50.8531 	EXP 	eyetracker.setRecordingState(False)
50.8619 	EXP 	eyetracker.setRecordingState(False)
50.8722 	EXP 	eyetracker.setRecordingState(False)
50.8819 	EXP 	eyetracker.setRecordingState(False)
50.8950 	EXP 	eyetracker.setRecordingState(False)
50.9050 	EXP 	eyetracker.setRecordingState(False)
50.9135 	EXP 	eyetracker.setRecordingState(False)
50.9221 	EXP 	eyetracker.setRecordingState(False)
50.9353 	EXP 	eyetracker.setRecordingState(False)
50.9463 	EXP 	eyetracker.setRecordingState(False)
50.9561 	EXP 	eyetracker.setRecordingState(False)
50.9666 	EXP 	eyetracker.setRecordingState(False)
50.9825 	EXP 	eyetracker.setRecordingState(False)
50.9944 	EXP 	eyetracker.setRecordingState(False)
51.0078 	EXP 	eyetracker.setRecordingState(False)
51.0222 	EXP 	eyetracker.setRecordingState(False)
51.0345 	EXP 	eyetracker.setRecordingState(False)
51.0475 	EXP 	eyetracker.setRecordingState(False)
51.0579 	EXP 	eyetracker.setRecordingState(False)
51.0684 	EXP 	eyetracker.setRecordingState(False)
51.0777 	EXP 	eyetracker.setRecordingState(False)
51.0876 	EXP 	eyetracker.setRecordingState(False)
51.0964 	EXP 	eyetracker.setRecordingState(False)
51.1051 	EXP 	eyetracker.setRecordingState(False)
51.1135 	EXP 	eyetracker.setRecordingState(False)
51.1232 	EXP 	eyetracker.setRecordingState(False)
51.1315 	EXP 	eyetracker.setRecordingState(False)
51.1389 	EXP 	eyetracker.setRecordingState(False)
51.1456 	EXP 	eyetracker.setRecordingState(False)
51.1531 	EXP 	eyetracker.setRecordingState(False)
51.1604 	EXP 	eyetracker.setRecordingState(False)
51.1681 	EXP 	eyetracker.setRecordingState(False)
51.1754 	EXP 	eyetracker.setRecordingState(False)
51.1850 	EXP 	eyetracker.setRecordingState(False)
51.1927 	EXP 	eyetracker.setRecordingState(False)
51.2011 	EXP 	eyetracker.setRecordingState(False)
51.2086 	EXP 	eyetracker.setRecordingState(False)
51.2168 	EXP 	eyetracker.setRecordingState(False)
51.2265 	EXP 	eyetracker.setRecordingState(False)
51.2363 	EXP 	eyetracker.setRecordingState(False)
51.2475 	EXP 	eyetracker.setRecordingState(False)
51.2582 	EXP 	eyetracker.setRecordingState(False)
51.2701 	EXP 	eyetracker.setRecordingState(False)
51.2800 	EXP 	eyetracker.setRecordingState(False)
51.2911 	EXP 	eyetracker.setRecordingState(False)
51.3019 	EXP 	eyetracker.setRecordingState(False)
51.3127 	EXP 	eyetracker.setRecordingState(False)
51.3228 	EXP 	eyetracker.setRecordingState(False)
51.3336 	EXP 	eyetracker.setRecordingState(False)
51.3436 	EXP 	eyetracker.setRecordingState(False)
51.3534 	EXP 	eyetracker.setRecordingState(False)
51.3627 	EXP 	eyetracker.setRecordingState(False)
51.3728 	EXP 	eyetracker.setRecordingState(False)
51.3824 	EXP 	eyetracker.setRecordingState(False)
51.3918 	EXP 	eyetracker.setRecordingState(False)
51.4018 	EXP 	eyetracker.setRecordingState(False)
51.4107 	EXP 	eyetracker.setRecordingState(False)
51.4196 	EXP 	eyetracker.setRecordingState(False)
51.4301 	EXP 	eyetracker.setRecordingState(False)
51.4390 	EXP 	eyetracker.setRecordingState(False)
51.4478 	EXP 	eyetracker.setRecordingState(False)
51.4579 	EXP 	eyetracker.setRecordingState(False)
51.4667 	EXP 	eyetracker.setRecordingState(False)
51.4751 	EXP 	eyetracker.setRecordingState(False)
51.4841 	EXP 	eyetracker.setRecordingState(False)
51.4936 	EXP 	eyetracker.setRecordingState(False)
51.5017 	EXP 	eyetracker.setRecordingState(False)
51.5114 	EXP 	eyetracker.setRecordingState(False)
51.5211 	EXP 	eyetracker.setRecordingState(False)
51.5301 	EXP 	eyetracker.setRecordingState(False)
51.5399 	EXP 	eyetracker.setRecordingState(False)
51.5495 	EXP 	eyetracker.setRecordingState(False)
51.5591 	EXP 	eyetracker.setRecordingState(False)
51.5677 	EXP 	eyetracker.setRecordingState(False)
51.5770 	EXP 	eyetracker.setRecordingState(False)
51.5869 	EXP 	eyetracker.setRecordingState(False)
51.5961 	EXP 	eyetracker.setRecordingState(False)
51.6060 	EXP 	eyetracker.setRecordingState(False)
51.6148 	EXP 	eyetracker.setRecordingState(False)
51.6247 	EXP 	eyetracker.setRecordingState(False)
51.6334 	EXP 	eyetracker.setRecordingState(False)
51.6419 	EXP 	eyetracker.setRecordingState(False)
51.6536 	EXP 	eyetracker.setRecordingState(False)
51.6629 	EXP 	eyetracker.setRecordingState(False)
51.6737 	EXP 	eyetracker.setRecordingState(False)
51.6835 	EXP 	eyetracker.setRecordingState(False)
51.6935 	EXP 	eyetracker.setRecordingState(False)
51.7037 	EXP 	eyetracker.setRecordingState(False)
51.7135 	EXP 	eyetracker.setRecordingState(False)
51.7236 	EXP 	eyetracker.setRecordingState(False)
51.7330 	EXP 	eyetracker.setRecordingState(False)
51.7443 	EXP 	eyetracker.setRecordingState(False)
51.7541 	EXP 	eyetracker.setRecordingState(False)
51.7655 	EXP 	eyetracker.setRecordingState(False)
51.7763 	EXP 	eyetracker.setRecordingState(False)
51.7868 	EXP 	eyetracker.setRecordingState(False)
51.7989 	EXP 	eyetracker.setRecordingState(False)
51.8087 	EXP 	eyetracker.setRecordingState(False)
51.8180 	EXP 	eyetracker.setRecordingState(False)
51.8287 	EXP 	eyetracker.setRecordingState(False)
51.8383 	EXP 	eyetracker.setRecordingState(False)
51.8487 	EXP 	eyetracker.setRecordingState(False)
51.8583 	EXP 	eyetracker.setRecordingState(False)
51.8667 	EXP 	eyetracker.setRecordingState(False)
51.8776 	EXP 	eyetracker.setRecordingState(False)
51.8876 	EXP 	eyetracker.setRecordingState(False)
51.8979 	EXP 	eyetracker.setRecordingState(False)
51.9111 	EXP 	eyetracker.setRecordingState(False)
51.9211 	EXP 	eyetracker.setRecordingState(False)
51.9315 	EXP 	eyetracker.setRecordingState(False)
51.9407 	EXP 	eyetracker.setRecordingState(False)
51.9498 	EXP 	eyetracker.setRecordingState(False)
51.9621 	EXP 	eyetracker.setRecordingState(False)
51.9738 	EXP 	eyetracker.setRecordingState(False)
51.9814 	EXP 	eyetracker.setRecordingState(False)
51.9903 	EXP 	eyetracker.setRecordingState(False)
52.0001 	EXP 	eyetracker.setRecordingState(False)
52.0093 	EXP 	eyetracker.setRecordingState(False)
52.0182 	EXP 	eyetracker.setRecordingState(False)
52.0290 	EXP 	eyetracker.setRecordingState(False)
52.0379 	EXP 	eyetracker.setRecordingState(False)
52.0468 	EXP 	eyetracker.setRecordingState(False)
52.0573 	EXP 	eyetracker.setRecordingState(False)
52.0669 	EXP 	eyetracker.setRecordingState(False)
52.0773 	EXP 	eyetracker.setRecordingState(False)
52.0871 	EXP 	eyetracker.setRecordingState(False)
52.0992 	EXP 	eyetracker.setRecordingState(False)
52.1085 	EXP 	eyetracker.setRecordingState(False)
52.1184 	EXP 	eyetracker.setRecordingState(False)
52.1262 	EXP 	eyetracker.setRecordingState(False)
52.1338 	EXP 	eyetracker.setRecordingState(False)
52.1417 	EXP 	eyetracker.setRecordingState(False)
52.1504 	EXP 	eyetracker.setRecordingState(False)
52.1595 	EXP 	eyetracker.setRecordingState(False)
52.1694 	EXP 	eyetracker.setRecordingState(False)
52.1786 	EXP 	eyetracker.setRecordingState(False)
52.1882 	EXP 	eyetracker.setRecordingState(False)
52.1997 	EXP 	eyetracker.setRecordingState(False)
52.2098 	EXP 	eyetracker.setRecordingState(False)
52.2191 	EXP 	eyetracker.setRecordingState(False)
52.2295 	EXP 	eyetracker.setRecordingState(False)
52.2391 	EXP 	eyetracker.setRecordingState(False)
52.2491 	EXP 	eyetracker.setRecordingState(False)
52.2596 	EXP 	eyetracker.setRecordingState(False)
52.2693 	EXP 	eyetracker.setRecordingState(False)
52.2795 	EXP 	eyetracker.setRecordingState(False)
52.2886 	EXP 	eyetracker.setRecordingState(False)
52.2982 	EXP 	eyetracker.setRecordingState(False)
52.3053 	EXP 	eyetracker.setRecordingState(False)
52.3134 	EXP 	eyetracker.setRecordingState(False)
52.3219 	EXP 	eyetracker.setRecordingState(False)
52.3309 	EXP 	eyetracker.setRecordingState(False)
52.3406 	EXP 	eyetracker.setRecordingState(False)
52.3502 	EXP 	eyetracker.setRecordingState(False)
52.3609 	EXP 	eyetracker.setRecordingState(False)
52.3702 	EXP 	eyetracker.setRecordingState(False)
52.3799 	EXP 	eyetracker.setRecordingState(False)
52.3908 	EXP 	eyetracker.setRecordingState(False)
52.4014 	EXP 	eyetracker.setRecordingState(False)
52.4122 	EXP 	eyetracker.setRecordingState(False)
52.4233 	EXP 	eyetracker.setRecordingState(False)
52.4332 	EXP 	eyetracker.setRecordingState(False)
52.4427 	EXP 	eyetracker.setRecordingState(False)
52.4521 	EXP 	eyetracker.setRecordingState(False)
52.4622 	EXP 	eyetracker.setRecordingState(False)
52.4716 	EXP 	eyetracker.setRecordingState(False)
52.4819 	EXP 	eyetracker.setRecordingState(False)
52.4918 	EXP 	eyetracker.setRecordingState(False)
52.5014 	EXP 	eyetracker.setRecordingState(False)
52.5123 	EXP 	eyetracker.setRecordingState(False)
52.5226 	EXP 	eyetracker.setRecordingState(False)
52.5328 	EXP 	eyetracker.setRecordingState(False)
52.5412 	EXP 	eyetracker.setRecordingState(False)
52.5506 	EXP 	eyetracker.setRecordingState(False)
52.5606 	EXP 	eyetracker.setRecordingState(False)
52.5685 	EXP 	eyetracker.setRecordingState(False)
52.5764 	EXP 	eyetracker.setRecordingState(False)
52.5873 	EXP 	eyetracker.setRecordingState(False)
52.5958 	EXP 	eyetracker.setRecordingState(False)
52.6045 	EXP 	eyetracker.setRecordingState(False)
52.6197 	EXP 	eyetracker.setRecordingState(False)
52.6308 	EXP 	eyetracker.setRecordingState(False)
52.6415 	EXP 	eyetracker.setRecordingState(False)
52.6605 	EXP 	eyetracker.setRecordingState(False)
52.6709 	EXP 	eyetracker.setRecordingState(False)
52.6806 	EXP 	eyetracker.setRecordingState(False)
52.6926 	EXP 	eyetracker.setRecordingState(False)
52.7013 	EXP 	eyetracker.setRecordingState(False)
52.7132 	EXP 	eyetracker.setRecordingState(False)
52.7213 	EXP 	eyetracker.setRecordingState(False)
52.7294 	EXP 	eyetracker.setRecordingState(False)
52.7403 	EXP 	eyetracker.setRecordingState(False)
52.7476 	EXP 	eyetracker.setRecordingState(False)
52.7551 	EXP 	eyetracker.setRecordingState(False)
52.7628 	EXP 	eyetracker.setRecordingState(False)
52.7696 	EXP 	eyetracker.setRecordingState(False)
52.7766 	EXP 	eyetracker.setRecordingState(False)
52.7835 	EXP 	eyetracker.setRecordingState(False)
52.7906 	EXP 	eyetracker.setRecordingState(False)
52.7974 	EXP 	eyetracker.setRecordingState(False)
52.8044 	EXP 	eyetracker.setRecordingState(False)
52.8121 	EXP 	eyetracker.setRecordingState(False)
52.8192 	EXP 	eyetracker.setRecordingState(False)
52.8265 	EXP 	eyetracker.setRecordingState(False)
52.8336 	EXP 	eyetracker.setRecordingState(False)
52.8406 	EXP 	eyetracker.setRecordingState(False)
52.8478 	EXP 	eyetracker.setRecordingState(False)
52.8549 	EXP 	eyetracker.setRecordingState(False)
52.8612 	EXP 	eyetracker.setRecordingState(False)
52.8679 	EXP 	eyetracker.setRecordingState(False)
52.8761 	EXP 	eyetracker.setRecordingState(False)
52.8838 	EXP 	eyetracker.setRecordingState(False)
52.8936 	EXP 	eyetracker.setRecordingState(False)
52.9015 	EXP 	eyetracker.setRecordingState(False)
52.9090 	EXP 	eyetracker.setRecordingState(False)
52.9171 	EXP 	eyetracker.setRecordingState(False)
52.9260 	EXP 	eyetracker.setRecordingState(False)
52.9338 	EXP 	eyetracker.setRecordingState(False)
52.9428 	EXP 	eyetracker.setRecordingState(False)
52.9507 	EXP 	eyetracker.setRecordingState(False)
52.9583 	EXP 	eyetracker.setRecordingState(False)
52.9650 	EXP 	eyetracker.setRecordingState(False)
52.9723 	EXP 	eyetracker.setRecordingState(False)
52.9804 	EXP 	eyetracker.setRecordingState(False)
52.9906 	EXP 	eyetracker.setRecordingState(False)
52.9998 	EXP 	eyetracker.setRecordingState(False)
53.0083 	EXP 	eyetracker.setRecordingState(False)
53.0191 	EXP 	eyetracker.setRecordingState(False)
53.0271 	EXP 	eyetracker.setRecordingState(False)
53.0345 	EXP 	eyetracker.setRecordingState(False)
53.0415 	EXP 	eyetracker.setRecordingState(False)
53.0496 	EXP 	eyetracker.setRecordingState(False)
53.0564 	EXP 	eyetracker.setRecordingState(False)
53.0634 	EXP 	eyetracker.setRecordingState(False)
53.0697 	EXP 	eyetracker.setRecordingState(False)
53.0766 	EXP 	eyetracker.setRecordingState(False)
53.0843 	EXP 	eyetracker.setRecordingState(False)
53.0914 	EXP 	eyetracker.setRecordingState(False)
53.0989 	EXP 	eyetracker.setRecordingState(False)
53.1069 	EXP 	eyetracker.setRecordingState(False)
53.1136 	EXP 	eyetracker.setRecordingState(False)
53.1222 	EXP 	eyetracker.setRecordingState(False)
53.1314 	EXP 	eyetracker.setRecordingState(False)
53.1391 	EXP 	eyetracker.setRecordingState(False)
53.1469 	EXP 	eyetracker.setRecordingState(False)
53.1545 	EXP 	eyetracker.setRecordingState(False)
53.1655 	EXP 	eyetracker.setRecordingState(False)
53.1762 	EXP 	eyetracker.setRecordingState(False)
53.1846 	EXP 	eyetracker.setRecordingState(False)
53.1947 	EXP 	eyetracker.setRecordingState(False)
53.2020 	EXP 	eyetracker.setRecordingState(False)
53.2101 	EXP 	eyetracker.setRecordingState(False)
53.2181 	EXP 	eyetracker.setRecordingState(False)
53.2256 	EXP 	eyetracker.setRecordingState(False)
53.2350 	EXP 	eyetracker.setRecordingState(False)
53.2422 	EXP 	eyetracker.setRecordingState(False)
53.2500 	EXP 	eyetracker.setRecordingState(False)
53.2582 	EXP 	eyetracker.setRecordingState(False)
53.2666 	EXP 	eyetracker.setRecordingState(False)
53.2758 	EXP 	eyetracker.setRecordingState(False)
53.2859 	EXP 	eyetracker.setRecordingState(False)
53.2944 	EXP 	eyetracker.setRecordingState(False)
53.3061 	EXP 	eyetracker.setRecordingState(False)
53.3151 	EXP 	eyetracker.setRecordingState(False)
53.3231 	EXP 	eyetracker.setRecordingState(False)
53.3336 	EXP 	eyetracker.setRecordingState(False)
53.3435 	EXP 	eyetracker.setRecordingState(False)
53.3537 	EXP 	eyetracker.setRecordingState(False)
53.3640 	EXP 	eyetracker.setRecordingState(False)
53.3744 	EXP 	eyetracker.setRecordingState(False)
53.3837 	EXP 	eyetracker.setRecordingState(False)
53.3925 	EXP 	eyetracker.setRecordingState(False)
53.4014 	EXP 	eyetracker.setRecordingState(False)
53.4112 	EXP 	eyetracker.setRecordingState(False)
53.4193 	EXP 	eyetracker.setRecordingState(False)
53.4280 	EXP 	eyetracker.setRecordingState(False)
53.4370 	EXP 	eyetracker.setRecordingState(False)
53.4467 	EXP 	eyetracker.setRecordingState(False)
53.4565 	EXP 	eyetracker.setRecordingState(False)
53.4665 	EXP 	eyetracker.setRecordingState(False)
53.4761 	EXP 	eyetracker.setRecordingState(False)
53.4861 	EXP 	eyetracker.setRecordingState(False)
53.4958 	EXP 	eyetracker.setRecordingState(False)
53.5055 	EXP 	eyetracker.setRecordingState(False)
53.5149 	EXP 	eyetracker.setRecordingState(False)
53.5240 	EXP 	eyetracker.setRecordingState(False)
53.5339 	EXP 	eyetracker.setRecordingState(False)
53.5426 	EXP 	eyetracker.setRecordingState(False)
53.5538 	EXP 	eyetracker.setRecordingState(False)
53.5619 	EXP 	eyetracker.setRecordingState(False)
53.5701 	EXP 	eyetracker.setRecordingState(False)
53.5795 	EXP 	eyetracker.setRecordingState(False)
53.5887 	EXP 	eyetracker.setRecordingState(False)
53.5986 	EXP 	eyetracker.setRecordingState(False)
53.6094 	EXP 	eyetracker.setRecordingState(False)
53.6212 	EXP 	eyetracker.setRecordingState(False)
53.6332 	EXP 	eyetracker.setRecordingState(False)
53.6438 	EXP 	eyetracker.setRecordingState(False)
53.6488 	DATA 	Mouse: Left button down, pos=(1479,541)
53.6561 	EXP 	eyetracker.setRecordingState(False)
53.6608 	EXP 	text_instr_2: autoDraw = False
53.6608 	EXP 	goldi: autoDraw = False
53.6608 	EXP 	elephanthouse: autoDraw = False
53.6608 	EXP 	krest: autoDraw = False
53.6608 	EXP 	pussalla: autoDraw = False
53.6608 	EXP 	text_16: autoDraw = False
53.6608 	EXP 	text_17: autoDraw = False
53.6608 	EXP 	text_18: autoDraw = False
53.6608 	EXP 	text_19: autoDraw = False
53.6612 	EXP 	Cheese: status = STOPPED
53.7591 	INFO 	saved data to 'C:\\Users\\M S I\\OneDrive\\Documents\\GitHub\\Research-Project\\data\\240866_Cheese_2026-03-06_09h47.13.254.csv'
53.7600 	INFO 	saved data to C:\Users\M S I\OneDrive\Documents\GitHub\Research-Project\data\240866_Cheese_2026-03-06_09h47.13.254.psydat
