18.7722 	INFO 	Loaded monitor calibration from ['2025_12_23 12:18']
18.8116 	WARNING 	User requested fullscreen with size [1024  768], but screen is actually [1920, 1080]. Using actual size
21.4422 	INFO 	Using renderer 'Intel(R) UHD Graphics' for graphics
21.4422 	INFO 	OpenGL version supported by driver is 4..
21.4651 	EXP 	Created window1 = Window(allowGUI=True, allowStencil=False, autoLog=True, backendConf=UNKNOWN, backgroundFit=<method-wrapper '__getattribute__' of attributeSetter object at 0x000001E1B1958670>, backgroundImage=<method-wrapper '__getattribute__' of attributeSetter object at 0x000001E1B191B880>, bitsMode=UNKNOWN, blendMode='avg', bpc=(8, 8, 8), color=array([-1., -1., -1.]), colorSpace='rgb', depthBits=8, fullscr=True, gamma=None, gammaErrorPolicy='raise', infoMsg=UNKNOWN, lms=UNKNOWN, monitor=<psychopy.monitors.calibTools.Monitor object at 0x000001E1B900B6D0>, multiSample=False, name='window1', numSamples=2, pos=[np.float64(0.0), np.float64(0.0)], screen=0, size=array([1920, 1080]), stencilBits=0, stereo=False, title='PsychoPy', units='height', useFBO=True, useRetina=False, viewOri=0.0, viewPos=None, viewScale=None, waitBlanking=True, winType='pyglet')
21.4652 	EXP 	window1: backgroundImage = ''
21.4652 	EXP 	window1: backgroundFit = 'none'
22.0752 	EXP 	window1: Attempting to measure frame rate of screen (0) ...
22.0753 	EXP 	window1: recordFrameIntervals = False
22.2263 	EXP 	window1: recordFrameIntervals = True
22.5260 	EXP 	Screen (0) actual frame rate measured at 164.58Hz
22.5260 	EXP 	window1: recordFrameIntervals = False
32.3500 	INFO 	keyboard.Keyboard is using iohub backend.
32.3501 	EXP 	Cheese: status = STARTED
32.4418 	EXP 	Created text = TextStim(__class__=<class 'psychopy.visual.text.TextStim'>, alignHoriz=method-wrapper(...), alignText='center', alignVert=method-wrapper(...), anchorHoriz='center', anchorVert='center', antialias=True, autoDraw=False, autoLog=True, bold=False, color=array([1., 1., 1.]), colorSpace='rgb', contrast=1.0, depth=0.0, draggable=False, flipHoriz=False, flipVert=False, font='Arial', fontFiles=[], height=0.05, italic=False, languageStyle='LTR', name='text', opacity=1, ori=0.0, pos=array([0. , 0.3]), rgb=UNKNOWN, text='', units='height', win=Window(...), wrapWidth=1)
32.5348 	EXP 	Created ambewela = ImageStim(__class__=<class 'psychopy.visual.image.ImageStim'>, anchor=('center', 'center'), autoLog=True, color=array([1., 1., 1.]), colorSpace='rgb', contrast=1.0, depth=-1.0, draggable=False, flipHoriz=np.False_, flipVert=np.False_, image='default.png', interpolate=True, mask=None, maskParams=None, name='ambewela', opacity=1.0, ori=0.0, pos=array([-0.6,  0. ]), size=array([0.2, 0.2]), texRes=128.0, units='height', win=Window(...))
32.5428 	EXP 	Created kothmale = ImageStim(__class__=<class 'psychopy.visual.image.ImageStim'>, anchor=('center', 'center'), autoLog=True, color=array([1., 1., 1.]), colorSpace='rgb', contrast=1.0, depth=-2.0, draggable=False, flipHoriz=np.False_, flipVert=np.False_, image='default.png', interpolate=True, mask=None, maskParams=None, name='kothmale', opacity=1.0, ori=0.0, pos=array([-0.3,  0. ]), size=array([0.2, 0.2]), texRes=128.0, units='height', win=Window(...))
34.3473 	EXP 	Created happycow = ImageStim(__class__=<class 'psychopy.visual.image.ImageStim'>, anchor=('center', 'center'), autoLog=True, color=array([1., 1., 1.]), colorSpace='rgb', contrast=1.0, depth=-3.0, draggable=False, flipHoriz=np.False_, flipVert=np.False_, image='default.png', interpolate=True, mask=None, maskParams=None, name='happycow', opacity=1.0, ori=0.0, pos=array([0., 0.]), size=array([0.2, 0.2]), texRes=128.0, units='height', win=Window(...))
34.3576 	EXP 	Created kraft = ImageStim(__class__=<class 'psychopy.visual.image.ImageStim'>, anchor=('center', 'center'), autoLog=True, color=array([1., 1., 1.]), colorSpace='rgb', contrast=1.0, depth=-4.0, draggable=False, flipHoriz=np.False_, flipVert=np.False_, image='default.png', interpolate=True, mask=None, maskParams=None, name='kraft', opacity=1.0, ori=0.0, pos=array([0.3, 0. ]), size=array([0.2, 0.2]), texRes=128.0, units='height', win=Window(...))
34.3653 	EXP 	Created richlife = ImageStim(__class__=<class 'psychopy.visual.image.ImageStim'>, anchor=('center', 'center'), autoLog=True, color=array([1., 1., 1.]), colorSpace='rgb', contrast=1.0, depth=-5.0, draggable=False, flipHoriz=np.False_, flipVert=np.False_, image='default.png', interpolate=True, mask=None, maskParams=None, name='richlife', opacity=1.0, ori=0.0, pos=array([0.6, 0. ]), size=array([0.2, 0.2]), texRes=128.0, units='height', win=Window(...))
34.5644 	EXP 	Created text_2 = TextStim(__class__=<class 'psychopy.visual.text.TextStim'>, alignHoriz=method-wrapper(...), alignText='center', alignVert=method-wrapper(...), anchorHoriz='center', anchorVert='center', antialias=True, autoDraw=False, autoLog=True, bold=False, color=array([1., 1., 1.]), colorSpace='rgb', contrast=1.0, depth=-6.0, draggable=False, flipHoriz=False, flipVert=False, font='Arial', fontFiles=[], height=np.float64(0.02), italic=False, languageStyle='LTR', name='text_2', opacity=1, ori=0.0, pos=array([-0.6, -0.3]), rgb=UNKNOWN, text=str(...), units='height', win=Window(...), wrapWidth=1)
34.5831 	EXP 	Created text_3 = TextStim(__class__=<class 'psychopy.visual.text.TextStim'>, alignHoriz=method-wrapper(...), alignText='center', alignVert=method-wrapper(...), anchorHoriz='center', anchorVert='center', antialias=True, autoDraw=False, autoLog=True, bold=False, color=array([1., 1., 1.]), colorSpace='rgb', contrast=1.0, depth=-7.0, draggable=False, flipHoriz=False, flipVert=False, font='Arial', fontFiles=[], height=np.float64(0.02), italic=False, languageStyle='LTR', name='text_3', opacity=1, ori=0.0, pos=array([-0.3, -0.3]), rgb=UNKNOWN, text='Kothmale Cheddar\n250 g \nRs 1300', units='height', win=Window(...), wrapWidth=1)
34.5951 	EXP 	Created text_4 = TextStim(__class__=<class 'psychopy.visual.text.TextStim'>, alignHoriz=method-wrapper(...), alignText='center', alignVert=method-wrapper(...), anchorHoriz='center', anchorVert='center', antialias=True, autoDraw=False, autoLog=True, bold=False, color=array([1., 1., 1.]), colorSpace='rgb', contrast=1.0, depth=-8.0, draggable=False, flipHoriz=False, flipVert=False, font='Arial', fontFiles=[], height=np.float64(0.02), italic=False, languageStyle='LTR', name='text_4', opacity=1, ori=0.0, pos=array([ 0. , -0.3]), rgb=UNKNOWN, text='HappyCow Cheese\n340 g\nRs 1200', units='height', win=Window(...), wrapWidth=1)
34.6104 	EXP 	Created text_5 = TextStim(__class__=<class 'psychopy.visual.text.TextStim'>, alignHoriz=method-wrapper(...), alignText='center', alignVert=method-wrapper(...), anchorHoriz='center', anchorVert='center', antialias=True, autoDraw=False, autoLog=True, bold=False, color=array([1., 1., 1.]), colorSpace='rgb', contrast=1.0, depth=-9.0, draggable=False, flipHoriz=False, flipVert=False, font='Arial', fontFiles=[], height=np.float64(0.02), italic=False, languageStyle='LTR', name='text_5', opacity=1, ori=0.0, pos=array([ 0.3, -0.3]), rgb=UNKNOWN, text='Kraft Cheddar Cheese\n250 g\nRs 2590', units='height', win=Window(...), wrapWidth=1)
34.6268 	EXP 	Created text_6 = TextStim(__class__=<class 'psychopy.visual.text.TextStim'>, alignHoriz=method-wrapper(...), alignText='center', alignVert=method-wrapper(...), anchorHoriz='center', anchorVert='center', antialias=True, autoDraw=False, autoLog=True, bold=False, color=array([1., 1., 1.]), colorSpace='rgb', contrast=1.0, depth=-10.0, draggable=False, flipHoriz=False, flipVert=False, font='Arial', fontFiles=[], height=np.float64(0.02), italic=False, languageStyle='LTR', name='text_6', opacity=1, ori=0.0, pos=array([ 0.6, -0.3]), rgb=UNKNOWN, text='Rich Life Cheddar Cheese\n100 g\nRs 625', units='height', win=Window(...), wrapWidth=1)
34.6570 	EXP 	Created text_7 = TextStim(__class__=<class 'psychopy.visual.text.TextStim'>, alignHoriz=method-wrapper(...), alignText='center', alignVert=method-wrapper(...), anchorHoriz='center', anchorVert='center', antialias=True, autoDraw=False, autoLog=True, bold=False, color=array([1., 1., 1.]), colorSpace='rgb', contrast=1.0, depth=0.0, draggable=False, flipHoriz=False, flipVert=False, font='Arial', fontFiles=[], height=np.float64(0.05), italic=False, languageStyle='LTR', name='text_7', opacity=1, ori=0.0, pos=array([0. , 0.3]), rgb=UNKNOWN, text='Which one are you going to buy ?', units='height', win=Window(...), wrapWidth=1)
34.6639 	EXP 	Created highlandYoghurt = ImageStim(__class__=<class 'psychopy.visual.image.ImageStim'>, anchor=('center', 'center'), autoLog=True, color=array([1., 1., 1.]), colorSpace='rgb', contrast=1.0, depth=-1.0, draggable=False, flipHoriz=np.False_, flipVert=np.False_, image='Highland yp.jpg', interpolate=True, mask=None, maskParams=None, name='highlandYoghurt', opacity=1, ori=0.0, pos=array([-0.4,  0. ]), size=array([0.2, 0.2]), texRes=128.0, units='height', win=Window(...))
34.6703 	EXP 	Created anchoryoghurt = ImageStim(__class__=<class 'psychopy.visual.image.ImageStim'>, anchor=('center', 'center'), autoLog=True, color=array([1., 1., 1.]), colorSpace='rgb', contrast=1.0, depth=-2.0, draggable=False, flipHoriz=np.False_, flipVert=np.False_, image='anchor youghurt.jpg', interpolate=True, mask=None, maskParams=None, name='anchoryoghurt', opacity=1, ori=0.0, pos=array([-0.1,  0. ]), size=array([0.2, 0.2]), texRes=128.0, units='height', win=Window(...))
34.6762 	EXP 	Created ambewelayoghurt = ImageStim(__class__=<class 'psychopy.visual.image.ImageStim'>, anchor=('center', 'center'), autoLog=True, color=array([1., 1., 1.]), colorSpace='rgb', contrast=1.0, depth=-3.0, draggable=False, flipHoriz=np.False_, flipVert=np.False_, image='ambewela yoghurt.jpg', interpolate=True, mask=None, maskParams=None, name='ambewelayoghurt', opacity=1, ori=0.0, pos=array([0.2, 0. ]), size=array([0.2, 0.2]), texRes=128.0, units='height', win=Window(...))
34.6839 	EXP 	Created pelawatteyoghurt = ImageStim(__class__=<class 'psychopy.visual.image.ImageStim'>, anchor=('center', 'center'), autoLog=True, color=array([1., 1., 1.]), colorSpace='rgb', contrast=1.0, depth=-4.0, draggable=False, flipHoriz=np.False_, flipVert=np.False_, image='pelawatteypughurt.jpeg', interpolate=True, mask=None, maskParams=None, name='pelawatteyoghurt', opacity=1, ori=0.0, pos=array([0.5, 0. ]), size=array([0.2, 0.2]), texRes=128.0, units='height', win=Window(...))
34.6948 	EXP 	Created text_8 = TextStim(__class__=<class 'psychopy.visual.text.TextStim'>, alignHoriz=method-wrapper(...), alignText='center', alignVert=method-wrapper(...), anchorHoriz='center', anchorVert='center', antialias=True, autoDraw=False, autoLog=True, bold=False, color=array([1., 1., 1.]), colorSpace='rgb', contrast=1.0, depth=-5.0, draggable=False, flipHoriz=False, flipVert=False, font='Arial', fontFiles=[], height=np.float64(0.02), italic=False, languageStyle='LTR', name='text_8', opacity=1, ori=0.0, pos=array([-0.4, -0.3]), rgb=UNKNOWN, text=str(...), units='height', win=Window(...), wrapWidth=1)
34.6998 	EXP 	Created text_9 = TextStim(__class__=<class 'psychopy.visual.text.TextStim'>, alignHoriz=method-wrapper(...), alignText='center', alignVert=method-wrapper(...), anchorHoriz='center', anchorVert='center', antialias=True, autoDraw=False, autoLog=True, bold=False, color=array([1., 1., 1.]), colorSpace='rgb', contrast=1.0, depth=-6.0, draggable=False, flipHoriz=False, flipVert=False, font='Arial', fontFiles=[], height=np.float64(0.02), italic=False, languageStyle='LTR', name='text_9', opacity=1, ori=0.0, pos=array([-0.1, -0.3]), rgb=UNKNOWN, text='Anchor Yoghurt\n     80 g\n   Rs 70', units='height', win=Window(...), wrapWidth=1)
34.7083 	EXP 	Created text_10 = TextStim(__class__=<class 'psychopy.visual.text.TextStim'>, alignHoriz=method-wrapper(...), alignText='center', alignVert=method-wrapper(...), anchorHoriz='center', anchorVert='center', antialias=True, autoDraw=False, autoLog=True, bold=False, color=array([1., 1., 1.]), colorSpace='rgb', contrast=1.0, depth=-7.0, draggable=False, flipHoriz=False, flipVert=False, font='Arial', fontFiles=[], height=np.float64(0.02), italic=False, languageStyle='LTR', name='text_10', opacity=1, ori=0.0, pos=array([ 0.2, -0.3]), rgb=UNKNOWN, text='Ambewela Yoghurt\n      80 g\n     Rs 70', units='height', win=Window(...), wrapWidth=1)
34.7148 	EXP 	Created text_11 = TextStim(__class__=<class 'psychopy.visual.text.TextStim'>, alignHoriz=method-wrapper(...), alignText='center', alignVert=method-wrapper(...), anchorHoriz='center', anchorVert='center', antialias=True, autoDraw=False, autoLog=True, bold=False, color=array([1., 1., 1.]), colorSpace='rgb', contrast=1.0, depth=-8.0, draggable=False, flipHoriz=False, flipVert=False, font='Arial', fontFiles=[], height=np.float64(0.02), italic=False, languageStyle='LTR', name='text_11', opacity=1, ori=0.0, pos=array([ 0.5, -0.3]), rgb=UNKNOWN, text='Pelawatte Yoghurt\n       80 g\n      Rs  50', units='height', win=Window(...), wrapWidth=1)
34.7218 	EXP 	Created text_12 = TextStim(__class__=<class 'psychopy.visual.text.TextStim'>, alignHoriz=method-wrapper(...), alignText='center', alignVert=method-wrapper(...), anchorHoriz='center', anchorVert='center', antialias=True, autoDraw=False, autoLog=True, bold=False, color=array([1., 1., 1.]), colorSpace='rgb', contrast=1.0, depth=0.0, draggable=False, flipHoriz=False, flipVert=False, font='Arial', fontFiles=[], height=np.float64(0.05), italic=False, languageStyle='LTR', name='text_12', opacity=1, ori=0.0, pos=array([0. , 0.3]), rgb=UNKNOWN, text='Which one are you going to buy?', units='height', win=Window(...), wrapWidth=1)
34.7608 	EXP 	Created fortune = ImageStim(__class__=<class 'psychopy.visual.image.ImageStim'>, anchor=('center', 'center'), autoLog=True, color=array([1., 1., 1.]), colorSpace='rgb', contrast=1.0, depth=-1.0, draggable=False, flipHoriz=np.False_, flipVert=np.False_, image='fortune.jpg', interpolate=True, mask=None, maskParams=None, name='fortune', opacity=1, ori=0.0, pos=array([-0.5,  0. ]), size=array([0.2, 0.2]), texRes=128.0, units='height', win=Window(...))
34.7757 	EXP 	Created marina = ImageStim(__class__=<class 'psychopy.visual.image.ImageStim'>, anchor=('center', 'center'), autoLog=True, color=array([1., 1., 1.]), colorSpace='rgb', contrast=1.0, depth=-2.0, draggable=False, flipHoriz=np.False_, flipVert=np.False_, image='marina.jpeg', interpolate=True, mask=None, maskParams=None, name='marina', opacity=1, ori=0.0, pos=array([0., 0.]), size=array([0.2, 0.2]), texRes=128.0, units='height', win=Window(...))
34.8134 	EXP 	Created Njoy = ImageStim(__class__=<class 'psychopy.visual.image.ImageStim'>, anchor=('center', 'center'), autoLog=True, color=array([1., 1., 1.]), colorSpace='rgb', contrast=1.0, depth=-3.0, draggable=False, flipHoriz=np.False_, flipVert=np.False_, image='Njoy.jpg', interpolate=True, mask=None, maskParams=None, name='Njoy', opacity=1, ori=0.0, pos=array([0.5, 0. ]), size=array([0.2, 0.2]), texRes=128.0, units='height', win=Window(...))
34.8292 	EXP 	Created text_13 = TextStim(__class__=<class 'psychopy.visual.text.TextStim'>, alignHoriz=method-wrapper(...), alignText='center', alignVert=method-wrapper(...), anchorHoriz='center', anchorVert='center', antialias=True, autoDraw=False, autoLog=True, bold=False, color=array([1., 1., 1.]), colorSpace='rgb', contrast=1.0, depth=-4.0, draggable=False, flipHoriz=False, flipVert=False, font='Arial', fontFiles=[], height=np.float64(0.02), italic=False, languageStyle='LTR', name='text_13', opacity=1, ori=0.0, pos=array([-0.5, -0.3]), rgb=UNKNOWN, text=str(...), units='height', win=Window(...), wrapWidth=1)
34.8471 	EXP 	Created text_14 = TextStim(__class__=<class 'psychopy.visual.text.TextStim'>, alignHoriz=method-wrapper(...), alignText='center', alignVert=method-wrapper(...), anchorHoriz='center', anchorVert='center', antialias=True, autoDraw=False, autoLog=True, bold=False, color=array([1., 1., 1.]), colorSpace='rgb', contrast=1.0, depth=-5.0, draggable=False, flipHoriz=False, flipVert=False, font='Arial', fontFiles=[], height=np.float64(0.02), italic=False, languageStyle='LTR', name='text_14', opacity=1, ori=0.0, pos=array([ 0. , -0.3]), rgb=UNKNOWN, text=str(...), units='height', win=Window(...), wrapWidth=1)
34.8595 	EXP 	Created text_15 = TextStim(__class__=<class 'psychopy.visual.text.TextStim'>, alignHoriz=method-wrapper(...), alignText='center', alignVert=method-wrapper(...), anchorHoriz='center', anchorVert='center', antialias=True, autoDraw=False, autoLog=True, bold=False, color=array([1., 1., 1.]), colorSpace='rgb', contrast=1.0, depth=-6.0, draggable=False, flipHoriz=False, flipVert=False, font='Arial', fontFiles=[], height=np.float64(0.02), italic=False, languageStyle='LTR', name='text_15', opacity=1, ori=0.0, pos=array([ 0.5, -0.3]), rgb=UNKNOWN, text=str(...), units='height', win=Window(...), wrapWidth=1)
34.8820 	EXP 	Created text_instr = TextStim(__class__=<class 'psychopy.visual.text.TextStim'>, alignHoriz=method-wrapper(...), alignText='center', alignVert=method-wrapper(...), anchorHoriz='center', anchorVert='center', antialias=True, autoDraw=False, autoLog=True, bold=False, color=array([1., 1., 1.]), colorSpace='rgb', contrast=1.0, depth=0.0, draggable=False, flipHoriz=False, flipVert=False, font='Arial', fontFiles=[], height=np.float64(0.04), italic=False, languageStyle='LTR', name='text_instr', opacity=1, ori=0.0, pos=array([0. , 0.3]), rgb=UNKNOWN, text='Which one are you going to buy?', units='height', win=Window(...), wrapWidth=1)
34.9085 	EXP 	Created kandos = ImageStim(__class__=<class 'psychopy.visual.image.ImageStim'>, anchor=('center', 'center'), autoLog=True, color=array([1., 1., 1.]), colorSpace='rgb', contrast=1.0, depth=-1.0, draggable=False, flipHoriz=np.False_, flipVert=np.False_, image='Kandos.jpeg', interpolate=True, mask=None, maskParams=None, name='kandos', opacity=1, ori=0.0, pos=array([-0.4,  0. ]), size=array([0.2, 0.2]), texRes=128.0, units='height', win=Window(...))
34.9222 	EXP 	Created ritzbury = ImageStim(__class__=<class 'psychopy.visual.image.ImageStim'>, anchor=('center', 'center'), autoLog=True, color=array([1., 1., 1.]), colorSpace='rgb', contrast=1.0, depth=-2.0, draggable=False, flipHoriz=np.False_, flipVert=np.False_, image='ritzbury.jpg', interpolate=True, mask=None, maskParams=None, name='ritzbury', opacity=1.0, ori=0.0, pos=array([-0.1,  0. ]), size=array([0.2, 0.2]), texRes=128.0, units='height', win=Window(...))
34.9339 	EXP 	Created revello = ImageStim(__class__=<class 'psychopy.visual.image.ImageStim'>, anchor=('center', 'center'), autoLog=True, color=array([1., 1., 1.]), colorSpace='rgb', contrast=1.0, depth=-3.0, draggable=False, flipHoriz=np.False_, flipVert=np.False_, image='revello.jpg', interpolate=True, mask=None, maskParams=None, name='revello', opacity=1, ori=0.0, pos=array([0.2, 0. ]), size=array([0.2, 0.2]), texRes=128.0, units='height', win=Window(...))
34.9591 	EXP 	Created cadbury = ImageStim(__class__=<class 'psychopy.visual.image.ImageStim'>, anchor=('center', 'center'), autoLog=True, color=array([1., 1., 1.]), colorSpace='rgb', contrast=1.0, depth=-4.0, draggable=False, flipHoriz=np.False_, flipVert=np.False_, image='cadbury.jpg', interpolate=True, mask=None, maskParams=None, name='cadbury', opacity=1, ori=0.0, pos=array([0.5, 0. ]), size=array([0.2, 0.2]), texRes=128.0, units='height', win=Window(...))
34.9904 	EXP 	Created text_20 = TextStim(__class__=<class 'psychopy.visual.text.TextStim'>, alignHoriz=method-wrapper(...), alignText='center', alignVert=method-wrapper(...), anchorHoriz='center', anchorVert='center', antialias=True, autoDraw=False, autoLog=True, bold=False, color=array([1., 1., 1.]), colorSpace='rgb', contrast=1.0, depth=-8.0, draggable=False, flipHoriz=False, flipVert=False, font='Arial', fontFiles=[], height=np.float64(0.02), italic=False, languageStyle='LTR', name='text_20', opacity=1, ori=0.0, pos=array([-0.4, -0.3]), rgb=UNKNOWN, text='Kandos Chocolate\n        90 g\n    Rs  600', units='height', win=Window(...), wrapWidth=1)
35.0203 	EXP 	Created text_21 = TextStim(__class__=<class 'psychopy.visual.text.TextStim'>, alignHoriz=method-wrapper(...), alignText='center', alignVert=method-wrapper(...), anchorHoriz='center', anchorVert='center', antialias=True, autoDraw=False, autoLog=True, bold=False, color=array([1., 1., 1.]), colorSpace='rgb', contrast=1.0, depth=-9.0, draggable=False, flipHoriz=False, flipVert=False, font='Arial', fontFiles=[], height=np.float64(0.02), italic=False, languageStyle='LTR', name='text_21', opacity=1, ori=0.0, pos=array([-0.1, -0.3]), rgb=UNKNOWN, text=str(...), units='height', win=Window(...), wrapWidth=1)
35.0404 	EXP 	Created text_22 = TextStim(__class__=<class 'psychopy.visual.text.TextStim'>, alignHoriz=method-wrapper(...), alignText='center', alignVert=method-wrapper(...), anchorHoriz='center', anchorVert='center', antialias=True, autoDraw=False, autoLog=True, bold=False, color=array([1., 1., 1.]), colorSpace='rgb', contrast=1.0, depth=-10.0, draggable=False, flipHoriz=False, flipVert=False, font='Arial', fontFiles=[], height=np.float64(0.02), italic=False, languageStyle='LTR', name='text_22', opacity=1, ori=0.0, pos=array([ 0.2, -0.3]), rgb=UNKNOWN, text=str(...), units='height', win=Window(...), wrapWidth=1)
35.0678 	EXP 	Created text_23 = TextStim(__class__=<class 'psychopy.visual.text.TextStim'>, alignHoriz=method-wrapper(...), alignText='center', alignVert=method-wrapper(...), anchorHoriz='center', anchorVert='center', antialias=True, autoDraw=False, autoLog=True, bold=False, color=array([1., 1., 1.]), colorSpace='rgb', contrast=1.0, depth=-11.0, draggable=False, flipHoriz=False, flipVert=False, font='Arial', fontFiles=[], height=np.float64(0.02), italic=False, languageStyle='LTR', name='text_23', opacity=1, ori=0.0, pos=array([ 0.5, -0.3]), rgb=UNKNOWN, text=str(...), units='height', win=Window(...), wrapWidth=1)
35.0852 	EXP 	Created text_instr_2 = TextStim(__class__=<class 'psychopy.visual.text.TextStim'>, alignHoriz=method-wrapper(...), alignText='center', alignVert=method-wrapper(...), anchorHoriz='center', anchorVert='center', antialias=True, autoDraw=False, autoLog=True, bold=False, color=array([1., 1., 1.]), colorSpace='rgb', contrast=1.0, depth=0.0, draggable=False, flipHoriz=False, flipVert=False, font='Arial', fontFiles=[], height=np.float64(0.04), italic=False, languageStyle='LTR', name='text_instr_2', opacity=1, ori=0.0, pos=array([0. , 0.3]), rgb=UNKNOWN, text='Which one are going to buy', units='height', win=Window(...), wrapWidth=1)
35.1014 	EXP 	Created goldi = ImageStim(__class__=<class 'psychopy.visual.image.ImageStim'>, anchor=('center', 'center'), autoLog=True, color=array([1., 1., 1.]), colorSpace='rgb', contrast=1.0, depth=-1.0, draggable=False, flipHoriz=np.False_, flipVert=np.False_, image='goldi.jpg', interpolate=True, mask=None, maskParams=None, name='goldi', opacity=1, ori=0.0, pos=array([-0.4,  0. ]), size=array([0.2, 0.2]), texRes=128.0, units='height', win=Window(...))
35.1520 	EXP 	Created elephanthouse = ImageStim(__class__=<class 'psychopy.visual.image.ImageStim'>, anchor=('center', 'center'), autoLog=True, color=array([1., 1., 1.]), colorSpace='rgb', contrast=1.0, depth=-2.0, draggable=False, flipHoriz=np.False_, flipVert=np.False_, image='elephanthousre.jpg', interpolate=True, mask=None, maskParams=None, name='elephanthouse', opacity=1, ori=0.0, pos=array([-0.1,  0. ]), size=array([0.2, 0.2]), texRes=128.0, units='height', win=Window(...))
35.1606 	EXP 	Created krest = ImageStim(__class__=<class 'psychopy.visual.image.ImageStim'>, anchor=('center', 'center'), autoLog=True, color=array([1., 1., 1.]), colorSpace='rgb', contrast=1.0, depth=-3.0, draggable=False, flipHoriz=np.False_, flipVert=np.False_, image='krest.jpg', interpolate=True, mask=None, maskParams=None, name='krest', opacity=1, ori=0.0, pos=array([0.2, 0. ]), size=array([0.2, 0.2]), texRes=128.0, units='height', win=Window(...))
35.1804 	EXP 	Created pussalla = ImageStim(__class__=<class 'psychopy.visual.image.ImageStim'>, anchor=('center', 'center'), autoLog=True, color=array([1., 1., 1.]), colorSpace='rgb', contrast=1.0, depth=-4.0, draggable=False, flipHoriz=np.False_, flipVert=np.False_, image='pussalla.jpeg', interpolate=True, mask=None, maskParams=None, name='pussalla', opacity=1, ori=0.0, pos=array([0.5, 0. ]), size=array([0.2, 0.2]), texRes=128.0, units='height', win=Window(...))
35.1989 	EXP 	Created text_16 = TextStim(__class__=<class 'psychopy.visual.text.TextStim'>, alignHoriz=method-wrapper(...), alignText='center', alignVert=method-wrapper(...), anchorHoriz='center', anchorVert='center', antialias=True, autoDraw=False, autoLog=True, bold=False, color=array([1., 1., 1.]), colorSpace='rgb', contrast=1.0, depth=-6.0, draggable=False, flipHoriz=False, flipVert=False, font='Arial', fontFiles=[], height=np.float64(0.02), italic=False, languageStyle='LTR', name='text_16', opacity=1, ori=0.0, pos=array([-0.4, -0.3]), rgb=UNKNOWN, text=str(...), units='height', win=Window(...), wrapWidth=1)
35.2147 	EXP 	Created text_17 = TextStim(__class__=<class 'psychopy.visual.text.TextStim'>, alignHoriz=method-wrapper(...), alignText='center', alignVert=method-wrapper(...), anchorHoriz='center', anchorVert='center', antialias=True, autoDraw=False, autoLog=True, bold=False, color=array([1., 1., 1.]), colorSpace='rgb', contrast=1.0, depth=-7.0, draggable=False, flipHoriz=False, flipVert=False, font='Arial', fontFiles=[], height=np.float64(0.02), italic=False, languageStyle='LTR', name='text_17', opacity=1, ori=0.0, pos=array([-0.1, -0.3]), rgb=UNKNOWN, text=str(...), units='height', win=Window(...), wrapWidth=1)
35.2369 	EXP 	Created text_18 = TextStim(__class__=<class 'psychopy.visual.text.TextStim'>, alignHoriz=method-wrapper(...), alignText='center', alignVert=method-wrapper(...), anchorHoriz='center', anchorVert='center', antialias=True, autoDraw=False, autoLog=True, bold=False, color=array([1., 1., 1.]), colorSpace='rgb', contrast=1.0, depth=-8.0, draggable=False, flipHoriz=False, flipVert=False, font='Arial', fontFiles=[], height=np.float64(0.02), italic=False, languageStyle='LTR', name='text_18', opacity=1, ori=0.0, pos=array([ 0.2, -0.3]), rgb=UNKNOWN, text=str(...), units='height', win=Window(...), wrapWidth=1)
35.2621 	EXP 	Created text_19 = TextStim(__class__=<class 'psychopy.visual.text.TextStim'>, alignHoriz=method-wrapper(...), alignText='center', alignVert=method-wrapper(...), anchorHoriz='center', anchorVert='center', antialias=True, autoDraw=False, autoLog=True, bold=False, color=array([1., 1., 1.]), colorSpace='rgb', contrast=1.0, depth=-9.0, draggable=False, flipHoriz=False, flipVert=False, font='Arial', fontFiles=[], height=np.float64(0.02), italic=False, languageStyle='LTR', name='text_19', opacity=1, ori=0.0, pos=array([ 0.5, -0.3]), rgb=UNKNOWN, text=str(...), units='height', win=Window(...), wrapWidth=1)
1.5802 	EXP 	eyetracker.setRecordingState(True)
1.5806 	EXP 	eyetracker.setRecordingState(False)
2.0098 	INFO 	Keyboard events cleared
2.0090 	EXP 	ambewela: image = 'ambewelacheese.jpg'
2.0090 	EXP 	kothmale: image = 'kothmale cheese.jpg'
2.0090 	EXP 	happycow: image = 'happycow.jpeg'
2.0090 	EXP 	kraft: image = 'Kraft cheese.jpeg'
2.0090 	EXP 	richlife: image = 'richlifecheese.jpg'
2.0090 	EXP 	text: autoDraw = True
2.0090 	EXP 	ambewela: autoDraw = True
2.0090 	EXP 	kothmale: autoDraw = True
2.0090 	EXP 	happycow: autoDraw = True
2.0090 	EXP 	kraft: autoDraw = True
2.0090 	EXP 	richlife: autoDraw = True
2.0090 	EXP 	text_2: autoDraw = True
2.0090 	EXP 	text_3: autoDraw = True
2.0090 	EXP 	text_4: autoDraw = True
2.0090 	EXP 	text_5: autoDraw = True
2.0090 	EXP 	text_6: autoDraw = True
2.0090 	EXP 	text: height = np.float64(0.05)
2.0090 	EXP 	text: height = np.float64(0.05)
2.0090 	EXP 	text: height = np.float64(0.05)
2.0090 	EXP 	text: text = 'Which one are you going to buy?'
2.0107 	EXP 	eyetracker.setRecordingState(False)
2.0319 	EXP 	text: height = np.float64(0.05)
2.0319 	EXP 	text: height = np.float64(0.05)
2.0319 	EXP 	text: height = np.float64(0.05)
2.0319 	EXP 	text: text = 'Which one are you going to buy?'
2.0329 	EXP 	eyetracker.setRecordingState(False)
2.0426 	EXP 	text: height = np.float64(0.05)
2.0426 	EXP 	text: height = np.float64(0.05)
2.0426 	EXP 	text: height = np.float64(0.05)
2.0426 	EXP 	text: text = 'Which one are you going to buy?'
2.0434 	EXP 	eyetracker.setRecordingState(False)
2.0542 	EXP 	text: height = np.float64(0.05)
2.0542 	EXP 	text: height = np.float64(0.05)
2.0542 	EXP 	text: height = np.float64(0.05)
2.0542 	EXP 	text: text = 'Which one are you going to buy?'
2.0550 	EXP 	eyetracker.setRecordingState(False)
2.0645 	EXP 	text: height = np.float64(0.05)
2.0645 	EXP 	text: height = np.float64(0.05)
2.0645 	EXP 	text: height = np.float64(0.05)
2.0645 	EXP 	text: text = 'Which one are you going to buy?'
2.0655 	EXP 	eyetracker.setRecordingState(False)
2.0730 	EXP 	text: height = np.float64(0.05)
2.0730 	EXP 	text: height = np.float64(0.05)
2.0730 	EXP 	text: height = np.float64(0.05)
2.0730 	EXP 	text: text = 'Which one are you going to buy?'
2.0736 	EXP 	eyetracker.setRecordingState(False)
2.0843 	EXP 	text: height = np.float64(0.05)
2.0843 	EXP 	text: height = np.float64(0.05)
2.0843 	EXP 	text: height = np.float64(0.05)
2.0843 	EXP 	text: text = 'Which one are you going to buy?'
2.0850 	EXP 	eyetracker.setRecordingState(False)
2.0944 	EXP 	text: height = np.float64(0.05)
2.0944 	EXP 	text: height = np.float64(0.05)
2.0944 	EXP 	text: height = np.float64(0.05)
2.0944 	EXP 	text: text = 'Which one are you going to buy?'
2.0952 	EXP 	eyetracker.setRecordingState(False)
2.1045 	EXP 	text: height = np.float64(0.05)
2.1045 	EXP 	text: height = np.float64(0.05)
2.1045 	EXP 	text: height = np.float64(0.05)
2.1045 	EXP 	text: text = 'Which one are you going to buy?'
2.1055 	EXP 	eyetracker.setRecordingState(False)
2.1146 	EXP 	text: height = np.float64(0.05)
2.1146 	EXP 	text: height = np.float64(0.05)
2.1146 	EXP 	text: height = np.float64(0.05)
2.1146 	EXP 	text: text = 'Which one are you going to buy?'
2.1154 	EXP 	eyetracker.setRecordingState(False)
2.1238 	EXP 	text: height = np.float64(0.05)
2.1238 	EXP 	text: height = np.float64(0.05)
2.1238 	EXP 	text: height = np.float64(0.05)
2.1238 	EXP 	text: text = 'Which one are you going to buy?'
2.1244 	EXP 	eyetracker.setRecordingState(False)
2.1315 	EXP 	text: height = np.float64(0.05)
2.1315 	EXP 	text: height = np.float64(0.05)
2.1315 	EXP 	text: height = np.float64(0.05)
2.1315 	EXP 	text: text = 'Which one are you going to buy?'
2.1321 	EXP 	eyetracker.setRecordingState(False)
2.1388 	EXP 	text: height = np.float64(0.05)
2.1388 	EXP 	text: height = np.float64(0.05)
2.1388 	EXP 	text: height = np.float64(0.05)
2.1388 	EXP 	text: text = 'Which one are you going to buy?'
2.1395 	EXP 	eyetracker.setRecordingState(False)
2.1469 	EXP 	text: height = np.float64(0.05)
2.1469 	EXP 	text: height = np.float64(0.05)
2.1469 	EXP 	text: height = np.float64(0.05)
2.1469 	EXP 	text: text = 'Which one are you going to buy?'
2.1477 	EXP 	eyetracker.setRecordingState(False)
2.1546 	EXP 	text: height = np.float64(0.05)
2.1546 	EXP 	text: height = np.float64(0.05)
2.1546 	EXP 	text: height = np.float64(0.05)
2.1546 	EXP 	text: text = 'Which one are you going to buy?'
2.1554 	EXP 	eyetracker.setRecordingState(False)
2.1622 	EXP 	text: height = np.float64(0.05)
2.1622 	EXP 	text: height = np.float64(0.05)
2.1622 	EXP 	text: height = np.float64(0.05)
2.1622 	EXP 	text: text = 'Which one are you going to buy?'
2.1627 	EXP 	eyetracker.setRecordingState(False)
2.1714 	EXP 	text: height = np.float64(0.05)
2.1714 	EXP 	text: height = np.float64(0.05)
2.1714 	EXP 	text: height = np.float64(0.05)
2.1714 	EXP 	text: text = 'Which one are you going to buy?'
2.1722 	EXP 	eyetracker.setRecordingState(False)
2.1807 	EXP 	text: height = np.float64(0.05)
2.1807 	EXP 	text: height = np.float64(0.05)
2.1807 	EXP 	text: height = np.float64(0.05)
2.1807 	EXP 	text: text = 'Which one are you going to buy?'
2.1820 	EXP 	eyetracker.setRecordingState(False)
2.1890 	EXP 	text: height = np.float64(0.05)
2.1890 	EXP 	text: height = np.float64(0.05)
2.1890 	EXP 	text: height = np.float64(0.05)
2.1890 	EXP 	text: text = 'Which one are you going to buy?'
2.1900 	EXP 	eyetracker.setRecordingState(False)
2.1985 	EXP 	text: height = np.float64(0.05)
2.1985 	EXP 	text: height = np.float64(0.05)
2.1985 	EXP 	text: height = np.float64(0.05)
2.1985 	EXP 	text: text = 'Which one are you going to buy?'
2.1992 	EXP 	eyetracker.setRecordingState(False)
2.2082 	EXP 	text: height = np.float64(0.05)
2.2082 	EXP 	text: height = np.float64(0.05)
2.2082 	EXP 	text: height = np.float64(0.05)
2.2082 	EXP 	text: text = 'Which one are you going to buy?'
2.2092 	EXP 	eyetracker.setRecordingState(False)
2.2187 	EXP 	text: height = np.float64(0.05)
2.2187 	EXP 	text: height = np.float64(0.05)
2.2187 	EXP 	text: height = np.float64(0.05)
2.2187 	EXP 	text: text = 'Which one are you going to buy?'
2.2198 	EXP 	eyetracker.setRecordingState(False)
2.2280 	EXP 	text: height = np.float64(0.05)
2.2280 	EXP 	text: height = np.float64(0.05)
2.2280 	EXP 	text: height = np.float64(0.05)
2.2280 	EXP 	text: text = 'Which one are you going to buy?'
2.2287 	EXP 	eyetracker.setRecordingState(False)
2.3553 	EXP 	text: height = np.float64(0.05)
2.3553 	EXP 	text: height = np.float64(0.05)
2.3553 	EXP 	text: height = np.float64(0.05)
2.3553 	EXP 	text: text = 'Which one are you going to buy?'
2.3559 	EXP 	eyetracker.setRecordingState(False)
2.3637 	EXP 	text: height = np.float64(0.05)
2.3637 	EXP 	text: height = np.float64(0.05)
2.3637 	EXP 	text: height = np.float64(0.05)
2.3637 	EXP 	text: text = 'Which one are you going to buy?'
2.3645 	EXP 	eyetracker.setRecordingState(False)
2.3713 	EXP 	text: height = np.float64(0.05)
2.3713 	EXP 	text: height = np.float64(0.05)
2.3713 	EXP 	text: height = np.float64(0.05)
2.3713 	EXP 	text: text = 'Which one are you going to buy?'
2.3720 	EXP 	eyetracker.setRecordingState(False)
2.3788 	EXP 	text: height = np.float64(0.05)
2.3788 	EXP 	text: height = np.float64(0.05)
2.3788 	EXP 	text: height = np.float64(0.05)
2.3788 	EXP 	text: text = 'Which one are you going to buy?'
2.3796 	EXP 	eyetracker.setRecordingState(False)
2.3872 	EXP 	text: height = np.float64(0.05)
2.3872 	EXP 	text: height = np.float64(0.05)
2.3872 	EXP 	text: height = np.float64(0.05)
2.3872 	EXP 	text: text = 'Which one are you going to buy?'
2.3880 	EXP 	eyetracker.setRecordingState(False)
2.3947 	EXP 	text: height = np.float64(0.05)
2.3947 	EXP 	text: height = np.float64(0.05)
2.3947 	EXP 	text: height = np.float64(0.05)
2.3947 	EXP 	text: text = 'Which one are you going to buy?'
2.3954 	EXP 	eyetracker.setRecordingState(False)
2.4036 	EXP 	text: height = np.float64(0.05)
2.4036 	EXP 	text: height = np.float64(0.05)
2.4036 	EXP 	text: height = np.float64(0.05)
2.4036 	EXP 	text: text = 'Which one are you going to buy?'
2.4046 	EXP 	eyetracker.setRecordingState(False)
2.4118 	EXP 	text: height = np.float64(0.05)
2.4118 	EXP 	text: height = np.float64(0.05)
2.4118 	EXP 	text: height = np.float64(0.05)
2.4118 	EXP 	text: text = 'Which one are you going to buy?'
2.4125 	EXP 	eyetracker.setRecordingState(False)
2.4215 	EXP 	text: height = np.float64(0.05)
2.4215 	EXP 	text: height = np.float64(0.05)
2.4215 	EXP 	text: height = np.float64(0.05)
2.4215 	EXP 	text: text = 'Which one are you going to buy?'
2.4224 	EXP 	eyetracker.setRecordingState(False)
2.4312 	EXP 	text: height = np.float64(0.05)
2.4312 	EXP 	text: height = np.float64(0.05)
2.4312 	EXP 	text: height = np.float64(0.05)
2.4312 	EXP 	text: text = 'Which one are you going to buy?'
2.4322 	EXP 	eyetracker.setRecordingState(False)
2.4414 	EXP 	text: height = np.float64(0.05)
2.4414 	EXP 	text: height = np.float64(0.05)
2.4414 	EXP 	text: height = np.float64(0.05)
2.4414 	EXP 	text: text = 'Which one are you going to buy?'
2.4423 	EXP 	eyetracker.setRecordingState(False)
2.4532 	EXP 	text: height = np.float64(0.05)
2.4532 	EXP 	text: height = np.float64(0.05)
2.4532 	EXP 	text: height = np.float64(0.05)
2.4532 	EXP 	text: text = 'Which one are you going to buy?'
2.4540 	EXP 	eyetracker.setRecordingState(False)
2.4609 	EXP 	text: height = np.float64(0.05)
2.4609 	EXP 	text: height = np.float64(0.05)
2.4609 	EXP 	text: height = np.float64(0.05)
2.4609 	EXP 	text: text = 'Which one are you going to buy?'
2.4616 	EXP 	eyetracker.setRecordingState(False)
2.4687 	EXP 	text: height = np.float64(0.05)
2.4687 	EXP 	text: height = np.float64(0.05)
2.4687 	EXP 	text: height = np.float64(0.05)
2.4687 	EXP 	text: text = 'Which one are you going to buy?'
2.4695 	EXP 	eyetracker.setRecordingState(False)
2.4775 	EXP 	text: height = np.float64(0.05)
2.4775 	EXP 	text: height = np.float64(0.05)
2.4775 	EXP 	text: height = np.float64(0.05)
2.4775 	EXP 	text: text = 'Which one are you going to buy?'
2.4782 	EXP 	eyetracker.setRecordingState(False)
2.4873 	EXP 	text: height = np.float64(0.05)
2.4873 	EXP 	text: height = np.float64(0.05)
2.4873 	EXP 	text: height = np.float64(0.05)
2.4873 	EXP 	text: text = 'Which one are you going to buy?'
2.4881 	EXP 	eyetracker.setRecordingState(False)
2.4958 	EXP 	text: height = np.float64(0.05)
2.4958 	EXP 	text: height = np.float64(0.05)
2.4958 	EXP 	text: height = np.float64(0.05)
2.4958 	EXP 	text: text = 'Which one are you going to buy?'
2.4966 	EXP 	eyetracker.setRecordingState(False)
2.5055 	EXP 	text: height = np.float64(0.05)
2.5055 	EXP 	text: height = np.float64(0.05)
2.5055 	EXP 	text: height = np.float64(0.05)
2.5055 	EXP 	text: text = 'Which one are you going to buy?'
2.5062 	EXP 	eyetracker.setRecordingState(False)
2.5147 	EXP 	text: height = np.float64(0.05)
2.5147 	EXP 	text: height = np.float64(0.05)
2.5147 	EXP 	text: height = np.float64(0.05)
2.5147 	EXP 	text: text = 'Which one are you going to buy?'
2.5154 	EXP 	eyetracker.setRecordingState(False)
2.5237 	EXP 	text: height = np.float64(0.05)
2.5237 	EXP 	text: height = np.float64(0.05)
2.5237 	EXP 	text: height = np.float64(0.05)
2.5237 	EXP 	text: text = 'Which one are you going to buy?'
2.5244 	EXP 	eyetracker.setRecordingState(False)
2.5317 	EXP 	text: height = np.float64(0.05)
2.5317 	EXP 	text: height = np.float64(0.05)
2.5317 	EXP 	text: height = np.float64(0.05)
2.5317 	EXP 	text: text = 'Which one are you going to buy?'
2.5324 	EXP 	eyetracker.setRecordingState(False)
2.5398 	EXP 	text: height = np.float64(0.05)
2.5398 	EXP 	text: height = np.float64(0.05)
2.5398 	EXP 	text: height = np.float64(0.05)
2.5398 	EXP 	text: text = 'Which one are you going to buy?'
2.5405 	EXP 	eyetracker.setRecordingState(False)
2.5485 	EXP 	text: height = np.float64(0.05)
2.5485 	EXP 	text: height = np.float64(0.05)
2.5485 	EXP 	text: height = np.float64(0.05)
2.5485 	EXP 	text: text = 'Which one are you going to buy?'
2.5494 	EXP 	eyetracker.setRecordingState(False)
2.5570 	EXP 	text: height = np.float64(0.05)
2.5570 	EXP 	text: height = np.float64(0.05)
2.5570 	EXP 	text: height = np.float64(0.05)
2.5570 	EXP 	text: text = 'Which one are you going to buy?'
2.5577 	EXP 	eyetracker.setRecordingState(False)
2.5663 	EXP 	text: height = np.float64(0.05)
2.5663 	EXP 	text: height = np.float64(0.05)
2.5663 	EXP 	text: height = np.float64(0.05)
2.5663 	EXP 	text: text = 'Which one are you going to buy?'
2.5672 	EXP 	eyetracker.setRecordingState(False)
2.5764 	EXP 	text: height = np.float64(0.05)
2.5764 	EXP 	text: height = np.float64(0.05)
2.5764 	EXP 	text: height = np.float64(0.05)
2.5764 	EXP 	text: text = 'Which one are you going to buy?'
2.5774 	EXP 	eyetracker.setRecordingState(False)
2.5885 	EXP 	text: height = np.float64(0.05)
2.5885 	EXP 	text: height = np.float64(0.05)
2.5885 	EXP 	text: height = np.float64(0.05)
2.5885 	EXP 	text: text = 'Which one are you going to buy?'
2.5895 	EXP 	eyetracker.setRecordingState(False)
2.5990 	EXP 	text: height = np.float64(0.05)
2.5990 	EXP 	text: height = np.float64(0.05)
2.5990 	EXP 	text: height = np.float64(0.05)
2.5990 	EXP 	text: text = 'Which one are you going to buy?'
2.6000 	EXP 	eyetracker.setRecordingState(False)
2.6078 	EXP 	text: height = np.float64(0.05)
2.6078 	EXP 	text: height = np.float64(0.05)
2.6078 	EXP 	text: height = np.float64(0.05)
2.6078 	EXP 	text: text = 'Which one are you going to buy?'
2.6085 	EXP 	eyetracker.setRecordingState(False)
2.6166 	EXP 	text: height = np.float64(0.05)
2.6166 	EXP 	text: height = np.float64(0.05)
2.6166 	EXP 	text: height = np.float64(0.05)
2.6166 	EXP 	text: text = 'Which one are you going to buy?'
2.6173 	EXP 	eyetracker.setRecordingState(False)
2.6282 	EXP 	text: height = np.float64(0.05)
2.6282 	EXP 	text: height = np.float64(0.05)
2.6282 	EXP 	text: height = np.float64(0.05)
2.6282 	EXP 	text: text = 'Which one are you going to buy?'
2.6293 	EXP 	eyetracker.setRecordingState(False)
2.6383 	EXP 	text: height = np.float64(0.05)
2.6383 	EXP 	text: height = np.float64(0.05)
2.6383 	EXP 	text: height = np.float64(0.05)
2.6383 	EXP 	text: text = 'Which one are you going to buy?'
2.6392 	EXP 	eyetracker.setRecordingState(False)
2.6483 	EXP 	text: height = np.float64(0.05)
2.6483 	EXP 	text: height = np.float64(0.05)
2.6483 	EXP 	text: height = np.float64(0.05)
2.6483 	EXP 	text: text = 'Which one are you going to buy?'
2.6491 	EXP 	eyetracker.setRecordingState(False)
2.6572 	EXP 	text: height = np.float64(0.05)
2.6572 	EXP 	text: height = np.float64(0.05)
2.6572 	EXP 	text: height = np.float64(0.05)
2.6572 	EXP 	text: text = 'Which one are you going to buy?'
2.6579 	EXP 	eyetracker.setRecordingState(False)
2.6670 	EXP 	text: height = np.float64(0.05)
2.6670 	EXP 	text: height = np.float64(0.05)
2.6670 	EXP 	text: height = np.float64(0.05)
2.6670 	EXP 	text: text = 'Which one are you going to buy?'
2.6677 	EXP 	eyetracker.setRecordingState(False)
2.6756 	EXP 	text: height = np.float64(0.05)
2.6756 	EXP 	text: height = np.float64(0.05)
2.6756 	EXP 	text: height = np.float64(0.05)
2.6756 	EXP 	text: text = 'Which one are you going to buy?'
2.6763 	EXP 	eyetracker.setRecordingState(False)
2.6839 	EXP 	text: height = np.float64(0.05)
2.6839 	EXP 	text: height = np.float64(0.05)
2.6839 	EXP 	text: height = np.float64(0.05)
2.6839 	EXP 	text: text = 'Which one are you going to buy?'
2.6846 	EXP 	eyetracker.setRecordingState(False)
2.6918 	EXP 	text: height = np.float64(0.05)
2.6918 	EXP 	text: height = np.float64(0.05)
2.6918 	EXP 	text: height = np.float64(0.05)
2.6918 	EXP 	text: text = 'Which one are you going to buy?'
2.6925 	EXP 	eyetracker.setRecordingState(False)
2.7008 	EXP 	text: height = np.float64(0.05)
2.7008 	EXP 	text: height = np.float64(0.05)
2.7008 	EXP 	text: height = np.float64(0.05)
2.7008 	EXP 	text: text = 'Which one are you going to buy?'
2.7015 	EXP 	eyetracker.setRecordingState(False)
2.7097 	EXP 	text: height = np.float64(0.05)
2.7097 	EXP 	text: height = np.float64(0.05)
2.7097 	EXP 	text: height = np.float64(0.05)
2.7097 	EXP 	text: text = 'Which one are you going to buy?'
2.7104 	EXP 	eyetracker.setRecordingState(False)
2.7184 	EXP 	text: height = np.float64(0.05)
2.7184 	EXP 	text: height = np.float64(0.05)
2.7184 	EXP 	text: height = np.float64(0.05)
2.7184 	EXP 	text: text = 'Which one are you going to buy?'
2.7191 	EXP 	eyetracker.setRecordingState(False)
2.7270 	EXP 	text: height = np.float64(0.05)
2.7270 	EXP 	text: height = np.float64(0.05)
2.7270 	EXP 	text: height = np.float64(0.05)
2.7270 	EXP 	text: text = 'Which one are you going to buy?'
2.7278 	EXP 	eyetracker.setRecordingState(False)
2.7371 	EXP 	text: height = np.float64(0.05)
2.7371 	EXP 	text: height = np.float64(0.05)
2.7371 	EXP 	text: height = np.float64(0.05)
2.7371 	EXP 	text: text = 'Which one are you going to buy?'
2.7381 	EXP 	eyetracker.setRecordingState(False)
2.7472 	EXP 	text: height = np.float64(0.05)
2.7472 	EXP 	text: height = np.float64(0.05)
2.7472 	EXP 	text: height = np.float64(0.05)
2.7472 	EXP 	text: text = 'Which one are you going to buy?'
2.7481 	EXP 	eyetracker.setRecordingState(False)
2.7564 	EXP 	text: height = np.float64(0.05)
2.7564 	EXP 	text: height = np.float64(0.05)
2.7564 	EXP 	text: height = np.float64(0.05)
2.7564 	EXP 	text: text = 'Which one are you going to buy?'
2.7571 	EXP 	eyetracker.setRecordingState(False)
2.7648 	EXP 	text: height = np.float64(0.05)
2.7648 	EXP 	text: height = np.float64(0.05)
2.7648 	EXP 	text: height = np.float64(0.05)
2.7648 	EXP 	text: text = 'Which one are you going to buy?'
2.7657 	EXP 	eyetracker.setRecordingState(False)
2.7738 	EXP 	text: height = np.float64(0.05)
2.7738 	EXP 	text: height = np.float64(0.05)
2.7738 	EXP 	text: height = np.float64(0.05)
2.7738 	EXP 	text: text = 'Which one are you going to buy?'
2.7746 	EXP 	eyetracker.setRecordingState(False)
2.7826 	EXP 	text: height = np.float64(0.05)
2.7826 	EXP 	text: height = np.float64(0.05)
2.7826 	EXP 	text: height = np.float64(0.05)
2.7826 	EXP 	text: text = 'Which one are you going to buy?'
2.7832 	EXP 	eyetracker.setRecordingState(False)
2.7914 	EXP 	text: height = np.float64(0.05)
2.7914 	EXP 	text: height = np.float64(0.05)
2.7914 	EXP 	text: height = np.float64(0.05)
2.7914 	EXP 	text: text = 'Which one are you going to buy?'
2.7921 	EXP 	eyetracker.setRecordingState(False)
2.8004 	EXP 	text: height = np.float64(0.05)
2.8004 	EXP 	text: height = np.float64(0.05)
2.8004 	EXP 	text: height = np.float64(0.05)
2.8004 	EXP 	text: text = 'Which one are you going to buy?'
2.8011 	EXP 	eyetracker.setRecordingState(False)
2.8081 	EXP 	text: height = np.float64(0.05)
2.8081 	EXP 	text: height = np.float64(0.05)
2.8081 	EXP 	text: height = np.float64(0.05)
2.8081 	EXP 	text: text = 'Which one are you going to buy?'
2.8086 	EXP 	eyetracker.setRecordingState(False)
2.8158 	EXP 	text: height = np.float64(0.05)
2.8158 	EXP 	text: height = np.float64(0.05)
2.8158 	EXP 	text: height = np.float64(0.05)
2.8158 	EXP 	text: text = 'Which one are you going to buy?'
2.8164 	EXP 	eyetracker.setRecordingState(False)
2.8237 	EXP 	text: height = np.float64(0.05)
2.8237 	EXP 	text: height = np.float64(0.05)
2.8237 	EXP 	text: height = np.float64(0.05)
2.8237 	EXP 	text: text = 'Which one are you going to buy?'
2.8244 	EXP 	eyetracker.setRecordingState(False)
2.8315 	EXP 	text: height = np.float64(0.05)
2.8315 	EXP 	text: height = np.float64(0.05)
2.8315 	EXP 	text: height = np.float64(0.05)
2.8315 	EXP 	text: text = 'Which one are you going to buy?'
2.8321 	EXP 	eyetracker.setRecordingState(False)
2.8384 	EXP 	text: height = np.float64(0.05)
2.8384 	EXP 	text: height = np.float64(0.05)
2.8384 	EXP 	text: height = np.float64(0.05)
2.8384 	EXP 	text: text = 'Which one are you going to buy?'
2.8389 	EXP 	eyetracker.setRecordingState(False)
2.8451 	EXP 	text: height = np.float64(0.05)
2.8451 	EXP 	text: height = np.float64(0.05)
2.8451 	EXP 	text: height = np.float64(0.05)
2.8451 	EXP 	text: text = 'Which one are you going to buy?'
2.8456 	EXP 	eyetracker.setRecordingState(False)
2.8520 	EXP 	text: height = np.float64(0.05)
2.8520 	EXP 	text: height = np.float64(0.05)
2.8520 	EXP 	text: height = np.float64(0.05)
2.8520 	EXP 	text: text = 'Which one are you going to buy?'
2.8525 	EXP 	eyetracker.setRecordingState(False)
2.8589 	EXP 	text: height = np.float64(0.05)
2.8589 	EXP 	text: height = np.float64(0.05)
2.8589 	EXP 	text: height = np.float64(0.05)
2.8589 	EXP 	text: text = 'Which one are you going to buy?'
2.8593 	EXP 	eyetracker.setRecordingState(False)
2.8661 	EXP 	text: height = np.float64(0.05)
2.8661 	EXP 	text: height = np.float64(0.05)
2.8661 	EXP 	text: height = np.float64(0.05)
2.8661 	EXP 	text: text = 'Which one are you going to buy?'
2.8666 	EXP 	eyetracker.setRecordingState(False)
2.8733 	EXP 	text: height = np.float64(0.05)
2.8733 	EXP 	text: height = np.float64(0.05)
2.8733 	EXP 	text: height = np.float64(0.05)
2.8733 	EXP 	text: text = 'Which one are you going to buy?'
2.8739 	EXP 	eyetracker.setRecordingState(False)
2.8814 	EXP 	text: height = np.float64(0.05)
2.8814 	EXP 	text: height = np.float64(0.05)
2.8814 	EXP 	text: height = np.float64(0.05)
2.8814 	EXP 	text: text = 'Which one are you going to buy?'
2.8821 	EXP 	eyetracker.setRecordingState(False)
2.8898 	EXP 	text: height = np.float64(0.05)
2.8898 	EXP 	text: height = np.float64(0.05)
2.8898 	EXP 	text: height = np.float64(0.05)
2.8898 	EXP 	text: text = 'Which one are you going to buy?'
2.8906 	EXP 	eyetracker.setRecordingState(False)
2.8995 	EXP 	text: height = np.float64(0.05)
2.8995 	EXP 	text: height = np.float64(0.05)
2.8995 	EXP 	text: height = np.float64(0.05)
2.8995 	EXP 	text: text = 'Which one are you going to buy?'
2.9002 	EXP 	eyetracker.setRecordingState(False)
2.9083 	EXP 	text: height = np.float64(0.05)
2.9083 	EXP 	text: height = np.float64(0.05)
2.9083 	EXP 	text: height = np.float64(0.05)
2.9083 	EXP 	text: text = 'Which one are you going to buy?'
2.9091 	EXP 	eyetracker.setRecordingState(False)
2.9179 	EXP 	text: height = np.float64(0.05)
2.9179 	EXP 	text: height = np.float64(0.05)
2.9179 	EXP 	text: height = np.float64(0.05)
2.9179 	EXP 	text: text = 'Which one are you going to buy?'
2.9188 	EXP 	eyetracker.setRecordingState(False)
2.9280 	EXP 	text: height = np.float64(0.05)
2.9280 	EXP 	text: height = np.float64(0.05)
2.9280 	EXP 	text: height = np.float64(0.05)
2.9280 	EXP 	text: text = 'Which one are you going to buy?'
2.9289 	EXP 	eyetracker.setRecordingState(False)
2.9375 	EXP 	text: height = np.float64(0.05)
2.9375 	EXP 	text: height = np.float64(0.05)
2.9375 	EXP 	text: height = np.float64(0.05)
2.9375 	EXP 	text: text = 'Which one are you going to buy?'
2.9381 	EXP 	eyetracker.setRecordingState(False)
2.9447 	EXP 	text: height = np.float64(0.05)
2.9447 	EXP 	text: height = np.float64(0.05)
2.9447 	EXP 	text: height = np.float64(0.05)
2.9447 	EXP 	text: text = 'Which one are you going to buy?'
2.9455 	EXP 	eyetracker.setRecordingState(False)
2.9520 	EXP 	text: height = np.float64(0.05)
2.9520 	EXP 	text: height = np.float64(0.05)
2.9520 	EXP 	text: height = np.float64(0.05)
2.9520 	EXP 	text: text = 'Which one are you going to buy?'
2.9525 	EXP 	eyetracker.setRecordingState(False)
2.9600 	EXP 	text: height = np.float64(0.05)
2.9600 	EXP 	text: height = np.float64(0.05)
2.9600 	EXP 	text: height = np.float64(0.05)
2.9600 	EXP 	text: text = 'Which one are you going to buy?'
2.9606 	EXP 	eyetracker.setRecordingState(False)
2.9671 	EXP 	text: height = np.float64(0.05)
2.9671 	EXP 	text: height = np.float64(0.05)
2.9671 	EXP 	text: height = np.float64(0.05)
2.9671 	EXP 	text: text = 'Which one are you going to buy?'
2.9676 	EXP 	eyetracker.setRecordingState(False)
2.9746 	EXP 	text: height = np.float64(0.05)
2.9746 	EXP 	text: height = np.float64(0.05)
2.9746 	EXP 	text: height = np.float64(0.05)
2.9746 	EXP 	text: text = 'Which one are you going to buy?'
2.9751 	EXP 	eyetracker.setRecordingState(False)
2.9815 	EXP 	text: height = np.float64(0.05)
2.9815 	EXP 	text: height = np.float64(0.05)
2.9815 	EXP 	text: height = np.float64(0.05)
2.9815 	EXP 	text: text = 'Which one are you going to buy?'
2.9820 	EXP 	eyetracker.setRecordingState(False)
2.9886 	EXP 	text: height = np.float64(0.05)
2.9886 	EXP 	text: height = np.float64(0.05)
2.9886 	EXP 	text: height = np.float64(0.05)
2.9886 	EXP 	text: text = 'Which one are you going to buy?'
2.9893 	EXP 	eyetracker.setRecordingState(False)
2.9972 	EXP 	text: height = np.float64(0.05)
2.9972 	EXP 	text: height = np.float64(0.05)
2.9972 	EXP 	text: height = np.float64(0.05)
2.9972 	EXP 	text: text = 'Which one are you going to buy?'
2.9977 	EXP 	eyetracker.setRecordingState(False)
3.0041 	EXP 	text: height = np.float64(0.05)
3.0041 	EXP 	text: height = np.float64(0.05)
3.0041 	EXP 	text: height = np.float64(0.05)
3.0041 	EXP 	text: text = 'Which one are you going to buy?'
3.0049 	EXP 	eyetracker.setRecordingState(False)
3.0132 	EXP 	text: height = np.float64(0.05)
3.0132 	EXP 	text: height = np.float64(0.05)
3.0132 	EXP 	text: height = np.float64(0.05)
3.0132 	EXP 	text: text = 'Which one are you going to buy?'
3.0138 	EXP 	eyetracker.setRecordingState(False)
3.0202 	EXP 	text: height = np.float64(0.05)
3.0202 	EXP 	text: height = np.float64(0.05)
3.0202 	EXP 	text: height = np.float64(0.05)
3.0202 	EXP 	text: text = 'Which one are you going to buy?'
3.0209 	EXP 	eyetracker.setRecordingState(False)
3.0281 	EXP 	text: height = np.float64(0.05)
3.0281 	EXP 	text: height = np.float64(0.05)
3.0281 	EXP 	text: height = np.float64(0.05)
3.0281 	EXP 	text: text = 'Which one are you going to buy?'
3.0287 	EXP 	eyetracker.setRecordingState(False)
3.0356 	EXP 	text: height = np.float64(0.05)
3.0356 	EXP 	text: height = np.float64(0.05)
3.0356 	EXP 	text: height = np.float64(0.05)
3.0356 	EXP 	text: text = 'Which one are you going to buy?'
3.0362 	EXP 	eyetracker.setRecordingState(False)
3.0433 	EXP 	text: height = np.float64(0.05)
3.0433 	EXP 	text: height = np.float64(0.05)
3.0433 	EXP 	text: height = np.float64(0.05)
3.0433 	EXP 	text: text = 'Which one are you going to buy?'
3.0439 	EXP 	eyetracker.setRecordingState(False)
3.0505 	EXP 	text: height = np.float64(0.05)
3.0505 	EXP 	text: height = np.float64(0.05)
3.0505 	EXP 	text: height = np.float64(0.05)
3.0505 	EXP 	text: text = 'Which one are you going to buy?'
3.0511 	EXP 	eyetracker.setRecordingState(False)
3.0579 	EXP 	text: height = np.float64(0.05)
3.0579 	EXP 	text: height = np.float64(0.05)
3.0579 	EXP 	text: height = np.float64(0.05)
3.0579 	EXP 	text: text = 'Which one are you going to buy?'
3.0585 	EXP 	eyetracker.setRecordingState(False)
3.0650 	EXP 	text: height = np.float64(0.05)
3.0650 	EXP 	text: height = np.float64(0.05)
3.0650 	EXP 	text: height = np.float64(0.05)
3.0650 	EXP 	text: text = 'Which one are you going to buy?'
3.0656 	EXP 	eyetracker.setRecordingState(False)
3.0725 	EXP 	text: height = np.float64(0.05)
3.0725 	EXP 	text: height = np.float64(0.05)
3.0725 	EXP 	text: height = np.float64(0.05)
3.0725 	EXP 	text: text = 'Which one are you going to buy?'
3.0730 	EXP 	eyetracker.setRecordingState(False)
3.0795 	EXP 	text: height = np.float64(0.05)
3.0795 	EXP 	text: height = np.float64(0.05)
3.0795 	EXP 	text: height = np.float64(0.05)
3.0795 	EXP 	text: text = 'Which one are you going to buy?'
3.0800 	EXP 	eyetracker.setRecordingState(False)
3.0873 	EXP 	text: height = np.float64(0.05)
3.0873 	EXP 	text: height = np.float64(0.05)
3.0873 	EXP 	text: height = np.float64(0.05)
3.0873 	EXP 	text: text = 'Which one are you going to buy?'
3.0885 	EXP 	eyetracker.setRecordingState(False)
3.0951 	EXP 	text: height = np.float64(0.05)
3.0951 	EXP 	text: height = np.float64(0.05)
3.0951 	EXP 	text: height = np.float64(0.05)
3.0951 	EXP 	text: text = 'Which one are you going to buy?'
3.0959 	EXP 	eyetracker.setRecordingState(False)
3.1031 	EXP 	text: height = np.float64(0.05)
3.1031 	EXP 	text: height = np.float64(0.05)
3.1031 	EXP 	text: height = np.float64(0.05)
3.1031 	EXP 	text: text = 'Which one are you going to buy?'
3.1037 	EXP 	eyetracker.setRecordingState(False)
3.1110 	EXP 	text: height = np.float64(0.05)
3.1110 	EXP 	text: height = np.float64(0.05)
3.1110 	EXP 	text: height = np.float64(0.05)
3.1110 	EXP 	text: text = 'Which one are you going to buy?'
3.1116 	EXP 	eyetracker.setRecordingState(False)
3.1187 	EXP 	text: height = np.float64(0.05)
3.1187 	EXP 	text: height = np.float64(0.05)
3.1187 	EXP 	text: height = np.float64(0.05)
3.1187 	EXP 	text: text = 'Which one are you going to buy?'
3.1192 	EXP 	eyetracker.setRecordingState(False)
3.1267 	EXP 	text: height = np.float64(0.05)
3.1267 	EXP 	text: height = np.float64(0.05)
3.1267 	EXP 	text: height = np.float64(0.05)
3.1267 	EXP 	text: text = 'Which one are you going to buy?'
3.1275 	EXP 	eyetracker.setRecordingState(False)
3.1357 	EXP 	text: height = np.float64(0.05)
3.1357 	EXP 	text: height = np.float64(0.05)
3.1357 	EXP 	text: height = np.float64(0.05)
3.1357 	EXP 	text: text = 'Which one are you going to buy?'
3.1363 	EXP 	eyetracker.setRecordingState(False)
3.1430 	EXP 	text: height = np.float64(0.05)
3.1430 	EXP 	text: height = np.float64(0.05)
3.1430 	EXP 	text: height = np.float64(0.05)
3.1430 	EXP 	text: text = 'Which one are you going to buy?'
3.1443 	EXP 	eyetracker.setRecordingState(False)
3.1524 	EXP 	text: height = np.float64(0.05)
3.1524 	EXP 	text: height = np.float64(0.05)
3.1524 	EXP 	text: height = np.float64(0.05)
3.1524 	EXP 	text: text = 'Which one are you going to buy?'
3.1530 	EXP 	eyetracker.setRecordingState(False)
3.1605 	EXP 	text: height = np.float64(0.05)
3.1605 	EXP 	text: height = np.float64(0.05)
3.1605 	EXP 	text: height = np.float64(0.05)
3.1605 	EXP 	text: text = 'Which one are you going to buy?'
3.1612 	EXP 	eyetracker.setRecordingState(False)
3.1687 	EXP 	text: height = np.float64(0.05)
3.1687 	EXP 	text: height = np.float64(0.05)
3.1687 	EXP 	text: height = np.float64(0.05)
3.1687 	EXP 	text: text = 'Which one are you going to buy?'
3.1693 	EXP 	eyetracker.setRecordingState(False)
3.1770 	EXP 	text: height = np.float64(0.05)
3.1770 	EXP 	text: height = np.float64(0.05)
3.1770 	EXP 	text: height = np.float64(0.05)
3.1770 	EXP 	text: text = 'Which one are you going to buy?'
3.1777 	EXP 	eyetracker.setRecordingState(False)
3.1856 	EXP 	text: height = np.float64(0.05)
3.1856 	EXP 	text: height = np.float64(0.05)
3.1856 	EXP 	text: height = np.float64(0.05)
3.1856 	EXP 	text: text = 'Which one are you going to buy?'
3.1863 	EXP 	eyetracker.setRecordingState(False)
3.1940 	EXP 	text: height = np.float64(0.05)
3.1940 	EXP 	text: height = np.float64(0.05)
3.1940 	EXP 	text: height = np.float64(0.05)
3.1940 	EXP 	text: text = 'Which one are you going to buy?'
3.1945 	EXP 	eyetracker.setRecordingState(False)
3.2016 	EXP 	text: height = np.float64(0.05)
3.2016 	EXP 	text: height = np.float64(0.05)
3.2016 	EXP 	text: height = np.float64(0.05)
3.2016 	EXP 	text: text = 'Which one are you going to buy?'
3.2021 	EXP 	eyetracker.setRecordingState(False)
3.2090 	EXP 	text: height = np.float64(0.05)
3.2090 	EXP 	text: height = np.float64(0.05)
3.2090 	EXP 	text: height = np.float64(0.05)
3.2090 	EXP 	text: text = 'Which one are you going to buy?'
3.2096 	EXP 	eyetracker.setRecordingState(False)
3.2165 	EXP 	text: height = np.float64(0.05)
3.2165 	EXP 	text: height = np.float64(0.05)
3.2165 	EXP 	text: height = np.float64(0.05)
3.2165 	EXP 	text: text = 'Which one are you going to buy?'
3.2170 	EXP 	eyetracker.setRecordingState(False)
3.2251 	EXP 	text: height = np.float64(0.05)
3.2251 	EXP 	text: height = np.float64(0.05)
3.2251 	EXP 	text: height = np.float64(0.05)
3.2251 	EXP 	text: text = 'Which one are you going to buy?'
3.2257 	EXP 	eyetracker.setRecordingState(False)
3.2337 	EXP 	text: height = np.float64(0.05)
3.2337 	EXP 	text: height = np.float64(0.05)
3.2337 	EXP 	text: height = np.float64(0.05)
3.2337 	EXP 	text: text = 'Which one are you going to buy?'
3.2343 	EXP 	eyetracker.setRecordingState(False)
3.2419 	EXP 	text: height = np.float64(0.05)
3.2419 	EXP 	text: height = np.float64(0.05)
3.2419 	EXP 	text: height = np.float64(0.05)
3.2419 	EXP 	text: text = 'Which one are you going to buy?'
3.2426 	EXP 	eyetracker.setRecordingState(False)
3.2496 	EXP 	text: height = np.float64(0.05)
3.2496 	EXP 	text: height = np.float64(0.05)
3.2496 	EXP 	text: height = np.float64(0.05)
3.2496 	EXP 	text: text = 'Which one are you going to buy?'
3.2501 	EXP 	eyetracker.setRecordingState(False)
3.2578 	EXP 	text: height = np.float64(0.05)
3.2578 	EXP 	text: height = np.float64(0.05)
3.2578 	EXP 	text: height = np.float64(0.05)
3.2578 	EXP 	text: text = 'Which one are you going to buy?'
3.2584 	EXP 	eyetracker.setRecordingState(False)
3.2651 	EXP 	text: height = np.float64(0.05)
3.2651 	EXP 	text: height = np.float64(0.05)
3.2651 	EXP 	text: height = np.float64(0.05)
3.2651 	EXP 	text: text = 'Which one are you going to buy?'
3.2659 	EXP 	eyetracker.setRecordingState(False)
3.2729 	EXP 	text: height = np.float64(0.05)
3.2729 	EXP 	text: height = np.float64(0.05)
3.2729 	EXP 	text: height = np.float64(0.05)
3.2729 	EXP 	text: text = 'Which one are you going to buy?'
3.2735 	EXP 	eyetracker.setRecordingState(False)
3.2803 	EXP 	text: height = np.float64(0.05)
3.2803 	EXP 	text: height = np.float64(0.05)
3.2803 	EXP 	text: height = np.float64(0.05)
3.2803 	EXP 	text: text = 'Which one are you going to buy?'
3.2809 	EXP 	eyetracker.setRecordingState(False)
3.2907 	EXP 	text: height = np.float64(0.05)
3.2907 	EXP 	text: height = np.float64(0.05)
3.2907 	EXP 	text: height = np.float64(0.05)
3.2907 	EXP 	text: text = 'Which one are you going to buy?'
3.2914 	EXP 	eyetracker.setRecordingState(False)
3.3059 	EXP 	text: height = np.float64(0.05)
3.3059 	EXP 	text: height = np.float64(0.05)
3.3059 	EXP 	text: height = np.float64(0.05)
3.3059 	EXP 	text: text = 'Which one are you going to buy?'
3.3066 	EXP 	eyetracker.setRecordingState(False)
3.3205 	EXP 	text: height = np.float64(0.05)
3.3205 	EXP 	text: height = np.float64(0.05)
3.3205 	EXP 	text: height = np.float64(0.05)
3.3205 	EXP 	text: text = 'Which one are you going to buy?'
3.3215 	EXP 	eyetracker.setRecordingState(False)
3.3284 	EXP 	text: height = np.float64(0.05)
3.3284 	EXP 	text: height = np.float64(0.05)
3.3284 	EXP 	text: height = np.float64(0.05)
3.3284 	EXP 	text: text = 'Which one are you going to buy?'
3.3291 	EXP 	eyetracker.setRecordingState(False)
3.3376 	EXP 	text: height = np.float64(0.05)
3.3376 	EXP 	text: height = np.float64(0.05)
3.3376 	EXP 	text: height = np.float64(0.05)
3.3376 	EXP 	text: text = 'Which one are you going to buy?'
3.3381 	EXP 	eyetracker.setRecordingState(False)
3.3490 	EXP 	text: height = np.float64(0.05)
3.3490 	EXP 	text: height = np.float64(0.05)
3.3490 	EXP 	text: height = np.float64(0.05)
3.3490 	EXP 	text: text = 'Which one are you going to buy?'
3.3498 	EXP 	eyetracker.setRecordingState(False)
3.3566 	EXP 	text: height = np.float64(0.05)
3.3566 	EXP 	text: height = np.float64(0.05)
3.3566 	EXP 	text: height = np.float64(0.05)
3.3566 	EXP 	text: text = 'Which one are you going to buy?'
3.3571 	EXP 	eyetracker.setRecordingState(False)
3.3636 	EXP 	text: height = np.float64(0.05)
3.3636 	EXP 	text: height = np.float64(0.05)
3.3636 	EXP 	text: height = np.float64(0.05)
3.3636 	EXP 	text: text = 'Which one are you going to buy?'
3.3642 	EXP 	eyetracker.setRecordingState(False)
3.3718 	EXP 	text: height = np.float64(0.05)
3.3718 	EXP 	text: height = np.float64(0.05)
3.3718 	EXP 	text: height = np.float64(0.05)
3.3718 	EXP 	text: text = 'Which one are you going to buy?'
3.3724 	EXP 	eyetracker.setRecordingState(False)
3.3800 	EXP 	text: height = np.float64(0.05)
3.3800 	EXP 	text: height = np.float64(0.05)
3.3800 	EXP 	text: height = np.float64(0.05)
3.3800 	EXP 	text: text = 'Which one are you going to buy?'
3.3806 	EXP 	eyetracker.setRecordingState(False)
3.3874 	EXP 	text: height = np.float64(0.05)
3.3874 	EXP 	text: height = np.float64(0.05)
3.3874 	EXP 	text: height = np.float64(0.05)
3.3874 	EXP 	text: text = 'Which one are you going to buy?'
3.3879 	EXP 	eyetracker.setRecordingState(False)
3.3958 	EXP 	text: height = np.float64(0.05)
3.3958 	EXP 	text: height = np.float64(0.05)
3.3958 	EXP 	text: height = np.float64(0.05)
3.3958 	EXP 	text: text = 'Which one are you going to buy?'
3.3963 	EXP 	eyetracker.setRecordingState(False)
3.4042 	EXP 	text: height = np.float64(0.05)
3.4042 	EXP 	text: height = np.float64(0.05)
3.4042 	EXP 	text: height = np.float64(0.05)
3.4042 	EXP 	text: text = 'Which one are you going to buy?'
3.4048 	EXP 	eyetracker.setRecordingState(False)
3.4118 	EXP 	text: height = np.float64(0.05)
3.4118 	EXP 	text: height = np.float64(0.05)
3.4118 	EXP 	text: height = np.float64(0.05)
3.4118 	EXP 	text: text = 'Which one are you going to buy?'
3.4125 	EXP 	eyetracker.setRecordingState(False)
3.4200 	EXP 	text: height = np.float64(0.05)
3.4200 	EXP 	text: height = np.float64(0.05)
3.4200 	EXP 	text: height = np.float64(0.05)
3.4200 	EXP 	text: text = 'Which one are you going to buy?'
3.4205 	EXP 	eyetracker.setRecordingState(False)
3.4282 	EXP 	text: height = np.float64(0.05)
3.4282 	EXP 	text: height = np.float64(0.05)
3.4282 	EXP 	text: height = np.float64(0.05)
3.4282 	EXP 	text: text = 'Which one are you going to buy?'
3.4290 	EXP 	eyetracker.setRecordingState(False)
3.4364 	EXP 	text: height = np.float64(0.05)
3.4364 	EXP 	text: height = np.float64(0.05)
3.4364 	EXP 	text: height = np.float64(0.05)
3.4364 	EXP 	text: text = 'Which one are you going to buy?'
3.4370 	EXP 	eyetracker.setRecordingState(False)
3.4441 	EXP 	text: height = np.float64(0.05)
3.4441 	EXP 	text: height = np.float64(0.05)
3.4441 	EXP 	text: height = np.float64(0.05)
3.4441 	EXP 	text: text = 'Which one are you going to buy?'
3.4448 	EXP 	eyetracker.setRecordingState(False)
3.4529 	EXP 	text: height = np.float64(0.05)
3.4529 	EXP 	text: height = np.float64(0.05)
3.4529 	EXP 	text: height = np.float64(0.05)
3.4529 	EXP 	text: text = 'Which one are you going to buy?'
3.4537 	EXP 	eyetracker.setRecordingState(False)
3.4612 	EXP 	text: height = np.float64(0.05)
3.4612 	EXP 	text: height = np.float64(0.05)
3.4612 	EXP 	text: height = np.float64(0.05)
3.4612 	EXP 	text: text = 'Which one are you going to buy?'
3.4618 	EXP 	eyetracker.setRecordingState(False)
3.4698 	EXP 	text: height = np.float64(0.05)
3.4698 	EXP 	text: height = np.float64(0.05)
3.4698 	EXP 	text: height = np.float64(0.05)
3.4698 	EXP 	text: text = 'Which one are you going to buy?'
3.4706 	EXP 	eyetracker.setRecordingState(False)
3.4780 	EXP 	text: height = np.float64(0.05)
3.4780 	EXP 	text: height = np.float64(0.05)
3.4780 	EXP 	text: height = np.float64(0.05)
3.4780 	EXP 	text: text = 'Which one are you going to buy?'
3.4789 	EXP 	eyetracker.setRecordingState(False)
3.4866 	EXP 	text: height = np.float64(0.05)
3.4866 	EXP 	text: height = np.float64(0.05)
3.4866 	EXP 	text: height = np.float64(0.05)
3.4866 	EXP 	text: text = 'Which one are you going to buy?'
3.4875 	EXP 	eyetracker.setRecordingState(False)
3.4953 	EXP 	text: height = np.float64(0.05)
3.4953 	EXP 	text: height = np.float64(0.05)
3.4953 	EXP 	text: height = np.float64(0.05)
3.4953 	EXP 	text: text = 'Which one are you going to buy?'
3.4961 	EXP 	eyetracker.setRecordingState(False)
3.5043 	EXP 	text: height = np.float64(0.05)
3.5043 	EXP 	text: height = np.float64(0.05)
3.5043 	EXP 	text: height = np.float64(0.05)
3.5043 	EXP 	text: text = 'Which one are you going to buy?'
3.5050 	EXP 	eyetracker.setRecordingState(False)
3.5142 	EXP 	text: height = np.float64(0.05)
3.5142 	EXP 	text: height = np.float64(0.05)
3.5142 	EXP 	text: height = np.float64(0.05)
3.5142 	EXP 	text: text = 'Which one are you going to buy?'
3.5149 	EXP 	eyetracker.setRecordingState(False)
3.5231 	EXP 	text: height = np.float64(0.05)
3.5231 	EXP 	text: height = np.float64(0.05)
3.5231 	EXP 	text: height = np.float64(0.05)
3.5231 	EXP 	text: text = 'Which one are you going to buy?'
3.5238 	EXP 	eyetracker.setRecordingState(False)
3.5321 	EXP 	text: height = np.float64(0.05)
3.5321 	EXP 	text: height = np.float64(0.05)
3.5321 	EXP 	text: height = np.float64(0.05)
3.5321 	EXP 	text: text = 'Which one are you going to buy?'
3.5329 	EXP 	eyetracker.setRecordingState(False)
3.5410 	EXP 	text: height = np.float64(0.05)
3.5410 	EXP 	text: height = np.float64(0.05)
3.5410 	EXP 	text: height = np.float64(0.05)
3.5410 	EXP 	text: text = 'Which one are you going to buy?'
3.5419 	EXP 	eyetracker.setRecordingState(False)
3.5497 	EXP 	text: height = np.float64(0.05)
3.5497 	EXP 	text: height = np.float64(0.05)
3.5497 	EXP 	text: height = np.float64(0.05)
3.5497 	EXP 	text: text = 'Which one are you going to buy?'
3.5506 	EXP 	eyetracker.setRecordingState(False)
3.5593 	EXP 	text: height = np.float64(0.05)
3.5593 	EXP 	text: height = np.float64(0.05)
3.5593 	EXP 	text: height = np.float64(0.05)
3.5593 	EXP 	text: text = 'Which one are you going to buy?'
3.5601 	EXP 	eyetracker.setRecordingState(False)
3.5677 	EXP 	text: height = np.float64(0.05)
3.5677 	EXP 	text: height = np.float64(0.05)
3.5677 	EXP 	text: height = np.float64(0.05)
3.5677 	EXP 	text: text = 'Which one are you going to buy?'
3.5685 	EXP 	eyetracker.setRecordingState(False)
3.5768 	EXP 	text: height = np.float64(0.05)
3.5768 	EXP 	text: height = np.float64(0.05)
3.5768 	EXP 	text: height = np.float64(0.05)
3.5768 	EXP 	text: text = 'Which one are you going to buy?'
3.5776 	EXP 	eyetracker.setRecordingState(False)
3.5858 	EXP 	text: height = np.float64(0.05)
3.5858 	EXP 	text: height = np.float64(0.05)
3.5858 	EXP 	text: height = np.float64(0.05)
3.5858 	EXP 	text: text = 'Which one are you going to buy?'
3.5866 	EXP 	eyetracker.setRecordingState(False)
3.5941 	EXP 	text: height = np.float64(0.05)
3.5941 	EXP 	text: height = np.float64(0.05)
3.5941 	EXP 	text: height = np.float64(0.05)
3.5941 	EXP 	text: text = 'Which one are you going to buy?'
3.5949 	EXP 	eyetracker.setRecordingState(False)
3.6029 	EXP 	text: height = np.float64(0.05)
3.6029 	EXP 	text: height = np.float64(0.05)
3.6029 	EXP 	text: height = np.float64(0.05)
3.6029 	EXP 	text: text = 'Which one are you going to buy?'
3.6037 	EXP 	eyetracker.setRecordingState(False)
3.6117 	EXP 	text: height = np.float64(0.05)
3.6117 	EXP 	text: height = np.float64(0.05)
3.6117 	EXP 	text: height = np.float64(0.05)
3.6117 	EXP 	text: text = 'Which one are you going to buy?'
3.6126 	EXP 	eyetracker.setRecordingState(False)
3.6204 	EXP 	text: height = np.float64(0.05)
3.6204 	EXP 	text: height = np.float64(0.05)
3.6204 	EXP 	text: height = np.float64(0.05)
3.6204 	EXP 	text: text = 'Which one are you going to buy?'
3.6213 	EXP 	eyetracker.setRecordingState(False)
3.6290 	EXP 	text: height = np.float64(0.05)
3.6290 	EXP 	text: height = np.float64(0.05)
3.6290 	EXP 	text: height = np.float64(0.05)
3.6290 	EXP 	text: text = 'Which one are you going to buy?'
3.6298 	EXP 	eyetracker.setRecordingState(False)
3.6383 	EXP 	text: height = np.float64(0.05)
3.6383 	EXP 	text: height = np.float64(0.05)
3.6383 	EXP 	text: height = np.float64(0.05)
3.6383 	EXP 	text: text = 'Which one are you going to buy?'
3.6397 	EXP 	eyetracker.setRecordingState(False)
3.6488 	EXP 	text: height = np.float64(0.05)
3.6488 	EXP 	text: height = np.float64(0.05)
3.6488 	EXP 	text: height = np.float64(0.05)
3.6488 	EXP 	text: text = 'Which one are you going to buy?'
3.6497 	EXP 	eyetracker.setRecordingState(False)
3.6570 	EXP 	text: height = np.float64(0.05)
3.6570 	EXP 	text: height = np.float64(0.05)
3.6570 	EXP 	text: height = np.float64(0.05)
3.6570 	EXP 	text: text = 'Which one are you going to buy?'
3.6578 	EXP 	eyetracker.setRecordingState(False)
3.6665 	EXP 	text: height = np.float64(0.05)
3.6665 	EXP 	text: height = np.float64(0.05)
3.6665 	EXP 	text: height = np.float64(0.05)
3.6665 	EXP 	text: text = 'Which one are you going to buy?'
3.6678 	EXP 	eyetracker.setRecordingState(False)
3.6749 	EXP 	text: height = np.float64(0.05)
3.6749 	EXP 	text: height = np.float64(0.05)
3.6749 	EXP 	text: height = np.float64(0.05)
3.6749 	EXP 	text: text = 'Which one are you going to buy?'
3.6759 	EXP 	eyetracker.setRecordingState(False)
3.6843 	EXP 	text: height = np.float64(0.05)
3.6843 	EXP 	text: height = np.float64(0.05)
3.6843 	EXP 	text: height = np.float64(0.05)
3.6843 	EXP 	text: text = 'Which one are you going to buy?'
3.6851 	EXP 	eyetracker.setRecordingState(False)
3.6926 	EXP 	text: height = np.float64(0.05)
3.6926 	EXP 	text: height = np.float64(0.05)
3.6926 	EXP 	text: height = np.float64(0.05)
3.6926 	EXP 	text: text = 'Which one are you going to buy?'
3.6933 	EXP 	eyetracker.setRecordingState(False)
3.7010 	EXP 	text: height = np.float64(0.05)
3.7010 	EXP 	text: height = np.float64(0.05)
3.7010 	EXP 	text: height = np.float64(0.05)
3.7010 	EXP 	text: text = 'Which one are you going to buy?'
3.7017 	EXP 	eyetracker.setRecordingState(False)
3.7091 	EXP 	text: height = np.float64(0.05)
3.7091 	EXP 	text: height = np.float64(0.05)
3.7091 	EXP 	text: height = np.float64(0.05)
3.7091 	EXP 	text: text = 'Which one are you going to buy?'
3.7098 	EXP 	eyetracker.setRecordingState(False)
3.7201 	EXP 	text: height = np.float64(0.05)
3.7201 	EXP 	text: height = np.float64(0.05)
3.7201 	EXP 	text: height = np.float64(0.05)
3.7201 	EXP 	text: text = 'Which one are you going to buy?'
3.7208 	EXP 	eyetracker.setRecordingState(False)
3.7306 	EXP 	text: height = np.float64(0.05)
3.7306 	EXP 	text: height = np.float64(0.05)
3.7306 	EXP 	text: height = np.float64(0.05)
3.7306 	EXP 	text: text = 'Which one are you going to buy?'
3.7314 	EXP 	eyetracker.setRecordingState(False)
3.7410 	EXP 	text: height = np.float64(0.05)
3.7410 	EXP 	text: height = np.float64(0.05)
3.7410 	EXP 	text: height = np.float64(0.05)
3.7410 	EXP 	text: text = 'Which one are you going to buy?'
3.7418 	EXP 	eyetracker.setRecordingState(False)
3.7516 	EXP 	text: height = np.float64(0.05)
3.7516 	EXP 	text: height = np.float64(0.05)
3.7516 	EXP 	text: height = np.float64(0.05)
3.7516 	EXP 	text: text = 'Which one are you going to buy?'
3.7524 	EXP 	eyetracker.setRecordingState(False)
3.7626 	EXP 	text: height = np.float64(0.05)
3.7626 	EXP 	text: height = np.float64(0.05)
3.7626 	EXP 	text: height = np.float64(0.05)
3.7626 	EXP 	text: text = 'Which one are you going to buy?'
3.7636 	EXP 	eyetracker.setRecordingState(False)
3.7726 	EXP 	text: height = np.float64(0.05)
3.7726 	EXP 	text: height = np.float64(0.05)
3.7726 	EXP 	text: height = np.float64(0.05)
3.7726 	EXP 	text: text = 'Which one are you going to buy?'
3.7735 	EXP 	eyetracker.setRecordingState(False)
3.7808 	EXP 	text: height = np.float64(0.05)
3.7808 	EXP 	text: height = np.float64(0.05)
3.7808 	EXP 	text: height = np.float64(0.05)
3.7808 	EXP 	text: text = 'Which one are you going to buy?'
3.7816 	EXP 	eyetracker.setRecordingState(False)
3.7909 	EXP 	text: height = np.float64(0.05)
3.7909 	EXP 	text: height = np.float64(0.05)
3.7909 	EXP 	text: height = np.float64(0.05)
3.7909 	EXP 	text: text = 'Which one are you going to buy?'
3.7917 	EXP 	eyetracker.setRecordingState(False)
3.8031 	EXP 	text: height = np.float64(0.05)
3.8031 	EXP 	text: height = np.float64(0.05)
3.8031 	EXP 	text: height = np.float64(0.05)
3.8031 	EXP 	text: text = 'Which one are you going to buy?'
3.8039 	EXP 	eyetracker.setRecordingState(False)
3.8122 	EXP 	text: height = np.float64(0.05)
3.8122 	EXP 	text: height = np.float64(0.05)
3.8122 	EXP 	text: height = np.float64(0.05)
3.8122 	EXP 	text: text = 'Which one are you going to buy?'
3.8129 	EXP 	eyetracker.setRecordingState(False)
3.8223 	EXP 	text: height = np.float64(0.05)
3.8223 	EXP 	text: height = np.float64(0.05)
3.8223 	EXP 	text: height = np.float64(0.05)
3.8223 	EXP 	text: text = 'Which one are you going to buy?'
3.8230 	EXP 	eyetracker.setRecordingState(False)
3.8298 	EXP 	text: height = np.float64(0.05)
3.8298 	EXP 	text: height = np.float64(0.05)
3.8298 	EXP 	text: height = np.float64(0.05)
3.8298 	EXP 	text: text = 'Which one are you going to buy?'
3.8304 	EXP 	eyetracker.setRecordingState(False)
3.8387 	EXP 	text: height = np.float64(0.05)
3.8387 	EXP 	text: height = np.float64(0.05)
3.8387 	EXP 	text: height = np.float64(0.05)
3.8387 	EXP 	text: text = 'Which one are you going to buy?'
3.8393 	EXP 	eyetracker.setRecordingState(False)
3.8459 	EXP 	text: height = np.float64(0.05)
3.8459 	EXP 	text: height = np.float64(0.05)
3.8459 	EXP 	text: height = np.float64(0.05)
3.8459 	EXP 	text: text = 'Which one are you going to buy?'
3.8465 	EXP 	eyetracker.setRecordingState(False)
3.8530 	EXP 	text: height = np.float64(0.05)
3.8530 	EXP 	text: height = np.float64(0.05)
3.8530 	EXP 	text: height = np.float64(0.05)
3.8530 	EXP 	text: text = 'Which one are you going to buy?'
3.8536 	EXP 	eyetracker.setRecordingState(False)
3.8660 	EXP 	text: height = np.float64(0.05)
3.8660 	EXP 	text: height = np.float64(0.05)
3.8660 	EXP 	text: height = np.float64(0.05)
3.8660 	EXP 	text: text = 'Which one are you going to buy?'
3.8668 	EXP 	eyetracker.setRecordingState(False)
3.8748 	EXP 	text: height = np.float64(0.05)
3.8748 	EXP 	text: height = np.float64(0.05)
3.8748 	EXP 	text: height = np.float64(0.05)
3.8748 	EXP 	text: text = 'Which one are you going to buy?'
3.8758 	EXP 	eyetracker.setRecordingState(False)
3.8828 	EXP 	text: height = np.float64(0.05)
3.8828 	EXP 	text: height = np.float64(0.05)
3.8828 	EXP 	text: height = np.float64(0.05)
3.8828 	EXP 	text: text = 'Which one are you going to buy?'
3.8834 	EXP 	eyetracker.setRecordingState(False)
3.8903 	EXP 	text: height = np.float64(0.05)
3.8903 	EXP 	text: height = np.float64(0.05)
3.8903 	EXP 	text: height = np.float64(0.05)
3.8903 	EXP 	text: text = 'Which one are you going to buy?'
3.8912 	EXP 	eyetracker.setRecordingState(False)
3.8991 	EXP 	text: height = np.float64(0.05)
3.8991 	EXP 	text: height = np.float64(0.05)
3.8991 	EXP 	text: height = np.float64(0.05)
3.8991 	EXP 	text: text = 'Which one are you going to buy?'
3.8998 	EXP 	eyetracker.setRecordingState(False)
3.9081 	EXP 	text: height = np.float64(0.05)
3.9081 	EXP 	text: height = np.float64(0.05)
3.9081 	EXP 	text: height = np.float64(0.05)
3.9081 	EXP 	text: text = 'Which one are you going to buy?'
3.9087 	EXP 	eyetracker.setRecordingState(False)
3.9163 	EXP 	text: height = np.float64(0.05)
3.9163 	EXP 	text: height = np.float64(0.05)
3.9163 	EXP 	text: height = np.float64(0.05)
3.9163 	EXP 	text: text = 'Which one are you going to buy?'
3.9170 	EXP 	eyetracker.setRecordingState(False)
3.9240 	EXP 	text: height = np.float64(0.05)
3.9240 	EXP 	text: height = np.float64(0.05)
3.9240 	EXP 	text: height = np.float64(0.05)
3.9240 	EXP 	text: text = 'Which one are you going to buy?'
3.9246 	EXP 	eyetracker.setRecordingState(False)
3.9315 	EXP 	text: height = np.float64(0.05)
3.9315 	EXP 	text: height = np.float64(0.05)
3.9315 	EXP 	text: height = np.float64(0.05)
3.9315 	EXP 	text: text = 'Which one are you going to buy?'
3.9321 	EXP 	eyetracker.setRecordingState(False)
3.9395 	EXP 	text: height = np.float64(0.05)
3.9395 	EXP 	text: height = np.float64(0.05)
3.9395 	EXP 	text: height = np.float64(0.05)
3.9395 	EXP 	text: text = 'Which one are you going to buy?'
3.9401 	EXP 	eyetracker.setRecordingState(False)
3.9470 	EXP 	text: height = np.float64(0.05)
3.9470 	EXP 	text: height = np.float64(0.05)
3.9470 	EXP 	text: height = np.float64(0.05)
3.9470 	EXP 	text: text = 'Which one are you going to buy?'
3.9477 	EXP 	eyetracker.setRecordingState(False)
3.9547 	EXP 	text: height = np.float64(0.05)
3.9547 	EXP 	text: height = np.float64(0.05)
3.9547 	EXP 	text: height = np.float64(0.05)
3.9547 	EXP 	text: text = 'Which one are you going to buy?'
3.9554 	EXP 	eyetracker.setRecordingState(False)
3.9634 	EXP 	text: height = np.float64(0.05)
3.9634 	EXP 	text: height = np.float64(0.05)
3.9634 	EXP 	text: height = np.float64(0.05)
3.9634 	EXP 	text: text = 'Which one are you going to buy?'
3.9644 	EXP 	eyetracker.setRecordingState(False)
3.9720 	EXP 	text: height = np.float64(0.05)
3.9720 	EXP 	text: height = np.float64(0.05)
3.9720 	EXP 	text: height = np.float64(0.05)
3.9720 	EXP 	text: text = 'Which one are you going to buy?'
3.9726 	EXP 	eyetracker.setRecordingState(False)
3.9808 	EXP 	text: height = np.float64(0.05)
3.9808 	EXP 	text: height = np.float64(0.05)
3.9808 	EXP 	text: height = np.float64(0.05)
3.9808 	EXP 	text: text = 'Which one are you going to buy?'
3.9815 	EXP 	eyetracker.setRecordingState(False)
3.9895 	EXP 	text: height = np.float64(0.05)
3.9895 	EXP 	text: height = np.float64(0.05)
3.9895 	EXP 	text: height = np.float64(0.05)
3.9895 	EXP 	text: text = 'Which one are you going to buy?'
3.9902 	EXP 	eyetracker.setRecordingState(False)
3.9984 	EXP 	text: height = np.float64(0.05)
3.9984 	EXP 	text: height = np.float64(0.05)
3.9984 	EXP 	text: height = np.float64(0.05)
3.9984 	EXP 	text: text = 'Which one are you going to buy?'
3.9991 	EXP 	eyetracker.setRecordingState(False)
4.0071 	EXP 	text: height = np.float64(0.05)
4.0071 	EXP 	text: height = np.float64(0.05)
4.0071 	EXP 	text: height = np.float64(0.05)
4.0071 	EXP 	text: text = 'Which one are you going to buy?'
4.0078 	EXP 	eyetracker.setRecordingState(False)
4.0163 	EXP 	text: height = np.float64(0.05)
4.0163 	EXP 	text: height = np.float64(0.05)
4.0163 	EXP 	text: height = np.float64(0.05)
4.0163 	EXP 	text: text = 'Which one are you going to buy?'
4.0171 	EXP 	eyetracker.setRecordingState(False)
4.0263 	EXP 	text: height = np.float64(0.05)
4.0263 	EXP 	text: height = np.float64(0.05)
4.0263 	EXP 	text: height = np.float64(0.05)
4.0263 	EXP 	text: text = 'Which one are you going to buy?'
4.0269 	EXP 	eyetracker.setRecordingState(False)
4.0344 	EXP 	text: height = np.float64(0.05)
4.0344 	EXP 	text: height = np.float64(0.05)
4.0344 	EXP 	text: height = np.float64(0.05)
4.0344 	EXP 	text: text = 'Which one are you going to buy?'
4.0350 	EXP 	eyetracker.setRecordingState(False)
4.0454 	EXP 	text: height = np.float64(0.05)
4.0454 	EXP 	text: height = np.float64(0.05)
4.0454 	EXP 	text: height = np.float64(0.05)
4.0454 	EXP 	text: text = 'Which one are you going to buy?'
4.0461 	EXP 	eyetracker.setRecordingState(False)
4.0613 	EXP 	text: height = np.float64(0.05)
4.0613 	EXP 	text: height = np.float64(0.05)
4.0613 	EXP 	text: height = np.float64(0.05)
4.0613 	EXP 	text: text = 'Which one are you going to buy?'
4.0635 	EXP 	eyetracker.setRecordingState(False)
4.0747 	EXP 	text: height = np.float64(0.05)
4.0747 	EXP 	text: height = np.float64(0.05)
4.0747 	EXP 	text: height = np.float64(0.05)
4.0747 	EXP 	text: text = 'Which one are you going to buy?'
4.0755 	EXP 	eyetracker.setRecordingState(False)
4.0840 	EXP 	text: height = np.float64(0.05)
4.0840 	EXP 	text: height = np.float64(0.05)
4.0840 	EXP 	text: height = np.float64(0.05)
4.0840 	EXP 	text: text = 'Which one are you going to buy?'
4.0850 	EXP 	eyetracker.setRecordingState(False)
4.0959 	EXP 	text: height = np.float64(0.05)
4.0959 	EXP 	text: height = np.float64(0.05)
4.0959 	EXP 	text: height = np.float64(0.05)
4.0959 	EXP 	text: text = 'Which one are you going to buy?'
4.0976 	EXP 	eyetracker.setRecordingState(False)
4.1172 	EXP 	text: height = np.float64(0.05)
4.1172 	EXP 	text: height = np.float64(0.05)
4.1172 	EXP 	text: height = np.float64(0.05)
4.1172 	EXP 	text: text = 'Which one are you going to buy?'
4.1195 	EXP 	eyetracker.setRecordingState(False)
4.1359 	EXP 	text: height = np.float64(0.05)
4.1359 	EXP 	text: height = np.float64(0.05)
4.1359 	EXP 	text: height = np.float64(0.05)
4.1359 	EXP 	text: text = 'Which one are you going to buy?'
4.1376 	EXP 	eyetracker.setRecordingState(False)
4.1567 	EXP 	text: height = np.float64(0.05)
4.1567 	EXP 	text: height = np.float64(0.05)
4.1567 	EXP 	text: height = np.float64(0.05)
4.1567 	EXP 	text: text = 'Which one are you going to buy?'
4.1597 	EXP 	eyetracker.setRecordingState(False)
4.1877 	EXP 	text: height = np.float64(0.05)
4.1877 	EXP 	text: height = np.float64(0.05)
4.1877 	EXP 	text: height = np.float64(0.05)
4.1877 	EXP 	text: text = 'Which one are you going to buy?'
4.1909 	EXP 	eyetracker.setRecordingState(False)
4.2137 	EXP 	text: height = np.float64(0.05)
4.2137 	EXP 	text: height = np.float64(0.05)
4.2137 	EXP 	text: height = np.float64(0.05)
4.2137 	EXP 	text: text = 'Which one are you going to buy?'
4.2160 	EXP 	eyetracker.setRecordingState(False)
4.2475 	EXP 	text: height = np.float64(0.05)
4.2475 	EXP 	text: height = np.float64(0.05)
4.2475 	EXP 	text: height = np.float64(0.05)
4.2475 	EXP 	text: text = 'Which one are you going to buy?'
4.2502 	EXP 	eyetracker.setRecordingState(False)
4.2764 	EXP 	text: height = np.float64(0.05)
4.2764 	EXP 	text: height = np.float64(0.05)
4.2764 	EXP 	text: height = np.float64(0.05)
4.2764 	EXP 	text: text = 'Which one are you going to buy?'
4.2790 	EXP 	eyetracker.setRecordingState(False)
4.3003 	EXP 	text: height = np.float64(0.05)
4.3003 	EXP 	text: height = np.float64(0.05)
4.3003 	EXP 	text: height = np.float64(0.05)
4.3003 	EXP 	text: text = 'Which one are you going to buy?'
4.3037 	EXP 	eyetracker.setRecordingState(False)
4.3262 	EXP 	text: height = np.float64(0.05)
4.3262 	EXP 	text: height = np.float64(0.05)
4.3262 	EXP 	text: height = np.float64(0.05)
4.3262 	EXP 	text: text = 'Which one are you going to buy?'
4.3283 	EXP 	eyetracker.setRecordingState(False)
4.3531 	EXP 	text: height = np.float64(0.05)
4.3531 	EXP 	text: height = np.float64(0.05)
4.3531 	EXP 	text: height = np.float64(0.05)
4.3531 	EXP 	text: text = 'Which one are you going to buy?'
4.3564 	EXP 	eyetracker.setRecordingState(False)
4.3870 	EXP 	text: height = np.float64(0.05)
4.3870 	EXP 	text: height = np.float64(0.05)
4.3870 	EXP 	text: height = np.float64(0.05)
4.3870 	EXP 	text: text = 'Which one are you going to buy?'
4.3896 	EXP 	eyetracker.setRecordingState(False)
4.4180 	EXP 	text: height = np.float64(0.05)
4.4180 	EXP 	text: height = np.float64(0.05)
4.4180 	EXP 	text: height = np.float64(0.05)
4.4180 	EXP 	text: text = 'Which one are you going to buy?'
4.4203 	EXP 	eyetracker.setRecordingState(False)
4.4411 	EXP 	text: height = np.float64(0.05)
4.4411 	EXP 	text: height = np.float64(0.05)
4.4411 	EXP 	text: height = np.float64(0.05)
4.4411 	EXP 	text: text = 'Which one are you going to buy?'
4.4437 	EXP 	eyetracker.setRecordingState(False)
4.4674 	EXP 	text: height = np.float64(0.05)
4.4674 	EXP 	text: height = np.float64(0.05)
4.4674 	EXP 	text: height = np.float64(0.05)
4.4674 	EXP 	text: text = 'Which one are you going to buy?'
4.4702 	EXP 	eyetracker.setRecordingState(False)
4.4963 	EXP 	text: height = np.float64(0.05)
4.4963 	EXP 	text: height = np.float64(0.05)
4.4963 	EXP 	text: height = np.float64(0.05)
4.4963 	EXP 	text: text = 'Which one are you going to buy?'
4.4987 	EXP 	eyetracker.setRecordingState(False)
4.5165 	EXP 	text: height = np.float64(0.05)
4.5165 	EXP 	text: height = np.float64(0.05)
4.5165 	EXP 	text: height = np.float64(0.05)
4.5165 	EXP 	text: text = 'Which one are you going to buy?'
4.5181 	EXP 	eyetracker.setRecordingState(False)
4.5352 	EXP 	text: height = np.float64(0.05)
4.5352 	EXP 	text: height = np.float64(0.05)
4.5352 	EXP 	text: height = np.float64(0.05)
4.5352 	EXP 	text: text = 'Which one are you going to buy?'
4.5383 	EXP 	eyetracker.setRecordingState(False)
4.5607 	EXP 	text: height = np.float64(0.05)
4.5607 	EXP 	text: height = np.float64(0.05)
4.5607 	EXP 	text: height = np.float64(0.05)
4.5607 	EXP 	text: text = 'Which one are you going to buy?'
4.5626 	EXP 	eyetracker.setRecordingState(False)
4.5804 	EXP 	text: height = np.float64(0.05)
4.5804 	EXP 	text: height = np.float64(0.05)
4.5804 	EXP 	text: height = np.float64(0.05)
4.5804 	EXP 	text: text = 'Which one are you going to buy?'
4.5818 	EXP 	eyetracker.setRecordingState(False)
4.6050 	EXP 	text: height = np.float64(0.05)
4.6050 	EXP 	text: height = np.float64(0.05)
4.6050 	EXP 	text: height = np.float64(0.05)
4.6050 	EXP 	text: text = 'Which one are you going to buy?'
4.6077 	EXP 	eyetracker.setRecordingState(False)
4.6331 	EXP 	text: height = np.float64(0.05)
4.6331 	EXP 	text: height = np.float64(0.05)
4.6331 	EXP 	text: height = np.float64(0.05)
4.6331 	EXP 	text: text = 'Which one are you going to buy?'
4.6362 	EXP 	eyetracker.setRecordingState(False)
4.6650 	EXP 	text: height = np.float64(0.05)
4.6650 	EXP 	text: height = np.float64(0.05)
4.6650 	EXP 	text: height = np.float64(0.05)
4.6650 	EXP 	text: text = 'Which one are you going to buy?'
4.6678 	EXP 	eyetracker.setRecordingState(False)
4.6961 	EXP 	text: height = np.float64(0.05)
4.6961 	EXP 	text: height = np.float64(0.05)
4.6961 	EXP 	text: height = np.float64(0.05)
4.6961 	EXP 	text: text = 'Which one are you going to buy?'
4.6992 	EXP 	eyetracker.setRecordingState(False)
4.7288 	EXP 	text: height = np.float64(0.05)
4.7288 	EXP 	text: height = np.float64(0.05)
4.7288 	EXP 	text: height = np.float64(0.05)
4.7288 	EXP 	text: text = 'Which one are you going to buy?'
4.7319 	EXP 	eyetracker.setRecordingState(False)
4.7628 	EXP 	text: height = np.float64(0.05)
4.7628 	EXP 	text: height = np.float64(0.05)
4.7628 	EXP 	text: height = np.float64(0.05)
4.7628 	EXP 	text: text = 'Which one are you going to buy?'
4.7664 	EXP 	eyetracker.setRecordingState(False)
4.7951 	EXP 	text: height = np.float64(0.05)
4.7951 	EXP 	text: height = np.float64(0.05)
4.7951 	EXP 	text: height = np.float64(0.05)
4.7951 	EXP 	text: text = 'Which one are you going to buy?'
4.7974 	EXP 	eyetracker.setRecordingState(False)
4.8241 	EXP 	text: height = np.float64(0.05)
4.8241 	EXP 	text: height = np.float64(0.05)
4.8241 	EXP 	text: height = np.float64(0.05)
4.8241 	EXP 	text: text = 'Which one are you going to buy?'
4.8265 	EXP 	eyetracker.setRecordingState(False)
4.8561 	EXP 	text: height = np.float64(0.05)
4.8561 	EXP 	text: height = np.float64(0.05)
4.8561 	EXP 	text: height = np.float64(0.05)
4.8561 	EXP 	text: text = 'Which one are you going to buy?'
4.8585 	EXP 	eyetracker.setRecordingState(False)
4.8848 	EXP 	text: height = np.float64(0.05)
4.8848 	EXP 	text: height = np.float64(0.05)
4.8848 	EXP 	text: height = np.float64(0.05)
4.8848 	EXP 	text: text = 'Which one are you going to buy?'
4.8878 	EXP 	eyetracker.setRecordingState(False)
4.9197 	EXP 	text: height = np.float64(0.05)
4.9197 	EXP 	text: height = np.float64(0.05)
4.9197 	EXP 	text: height = np.float64(0.05)
4.9197 	EXP 	text: text = 'Which one are you going to buy?'
4.9225 	EXP 	eyetracker.setRecordingState(False)
4.9518 	EXP 	text: height = np.float64(0.05)
4.9518 	EXP 	text: height = np.float64(0.05)
4.9518 	EXP 	text: height = np.float64(0.05)
4.9518 	EXP 	text: text = 'Which one are you going to buy?'
4.9551 	EXP 	eyetracker.setRecordingState(False)
4.9848 	EXP 	text: height = np.float64(0.05)
4.9848 	EXP 	text: height = np.float64(0.05)
4.9848 	EXP 	text: height = np.float64(0.05)
4.9848 	EXP 	text: text = 'Which one are you going to buy?'
4.9892 	EXP 	eyetracker.setRecordingState(False)
5.0181 	EXP 	text: height = np.float64(0.05)
5.0181 	EXP 	text: height = np.float64(0.05)
5.0181 	EXP 	text: height = np.float64(0.05)
5.0181 	EXP 	text: text = 'Which one are you going to buy?'
5.0212 	EXP 	eyetracker.setRecordingState(False)
5.0461 	EXP 	text: height = np.float64(0.05)
5.0461 	EXP 	text: height = np.float64(0.05)
5.0461 	EXP 	text: height = np.float64(0.05)
5.0461 	EXP 	text: text = 'Which one are you going to buy?'
5.0494 	EXP 	eyetracker.setRecordingState(False)
5.0823 	EXP 	text: height = np.float64(0.05)
5.0823 	EXP 	text: height = np.float64(0.05)
5.0823 	EXP 	text: height = np.float64(0.05)
5.0823 	EXP 	text: text = 'Which one are you going to buy?'
5.0854 	EXP 	eyetracker.setRecordingState(False)
5.1039 	EXP 	text: height = np.float64(0.05)
5.1039 	EXP 	text: height = np.float64(0.05)
5.1039 	EXP 	text: height = np.float64(0.05)
5.1039 	EXP 	text: text = 'Which one are you going to buy?'
5.1056 	EXP 	eyetracker.setRecordingState(False)
5.1256 	EXP 	text: height = np.float64(0.05)
5.1256 	EXP 	text: height = np.float64(0.05)
5.1256 	EXP 	text: height = np.float64(0.05)
5.1256 	EXP 	text: text = 'Which one are you going to buy?'
5.1284 	EXP 	eyetracker.setRecordingState(False)
5.1556 	EXP 	text: height = np.float64(0.05)
5.1556 	EXP 	text: height = np.float64(0.05)
5.1556 	EXP 	text: height = np.float64(0.05)
5.1556 	EXP 	text: text = 'Which one are you going to buy?'
5.1578 	EXP 	eyetracker.setRecordingState(False)
5.1866 	EXP 	text: height = np.float64(0.05)
5.1866 	EXP 	text: height = np.float64(0.05)
5.1866 	EXP 	text: height = np.float64(0.05)
5.1866 	EXP 	text: text = 'Which one are you going to buy?'
5.1891 	EXP 	eyetracker.setRecordingState(False)
5.2127 	EXP 	text: height = np.float64(0.05)
5.2127 	EXP 	text: height = np.float64(0.05)
5.2127 	EXP 	text: height = np.float64(0.05)
5.2127 	EXP 	text: text = 'Which one are you going to buy?'
5.2150 	EXP 	eyetracker.setRecordingState(False)
5.2348 	EXP 	text: height = np.float64(0.05)
5.2348 	EXP 	text: height = np.float64(0.05)
5.2348 	EXP 	text: height = np.float64(0.05)
5.2348 	EXP 	text: text = 'Which one are you going to buy?'
5.2364 	EXP 	eyetracker.setRecordingState(False)
5.2614 	EXP 	text: height = np.float64(0.05)
5.2614 	EXP 	text: height = np.float64(0.05)
5.2614 	EXP 	text: height = np.float64(0.05)
5.2614 	EXP 	text: text = 'Which one are you going to buy?'
5.2648 	EXP 	eyetracker.setRecordingState(False)
5.2941 	EXP 	text: height = np.float64(0.05)
5.2941 	EXP 	text: height = np.float64(0.05)
5.2941 	EXP 	text: height = np.float64(0.05)
5.2941 	EXP 	text: text = 'Which one are you going to buy?'
5.2977 	EXP 	eyetracker.setRecordingState(False)
5.3227 	EXP 	text: height = np.float64(0.05)
5.3227 	EXP 	text: height = np.float64(0.05)
5.3227 	EXP 	text: height = np.float64(0.05)
5.3227 	EXP 	text: text = 'Which one are you going to buy?'
5.3247 	EXP 	eyetracker.setRecordingState(False)
5.3500 	EXP 	text: height = np.float64(0.05)
5.3500 	EXP 	text: height = np.float64(0.05)
5.3500 	EXP 	text: height = np.float64(0.05)
5.3500 	EXP 	text: text = 'Which one are you going to buy?'
5.3520 	EXP 	eyetracker.setRecordingState(False)
5.3733 	EXP 	text: height = np.float64(0.05)
5.3733 	EXP 	text: height = np.float64(0.05)
5.3733 	EXP 	text: height = np.float64(0.05)
5.3733 	EXP 	text: text = 'Which one are you going to buy?'
5.3756 	EXP 	eyetracker.setRecordingState(False)
5.3984 	EXP 	text: height = np.float64(0.05)
5.3984 	EXP 	text: height = np.float64(0.05)
5.3984 	EXP 	text: height = np.float64(0.05)
5.3984 	EXP 	text: text = 'Which one are you going to buy?'
5.4003 	EXP 	eyetracker.setRecordingState(False)
5.4233 	EXP 	text: height = np.float64(0.05)
5.4233 	EXP 	text: height = np.float64(0.05)
5.4233 	EXP 	text: height = np.float64(0.05)
5.4233 	EXP 	text: text = 'Which one are you going to buy?'
5.4252 	EXP 	eyetracker.setRecordingState(False)
5.4434 	EXP 	text: height = np.float64(0.05)
5.4434 	EXP 	text: height = np.float64(0.05)
5.4434 	EXP 	text: height = np.float64(0.05)
5.4434 	EXP 	text: text = 'Which one are you going to buy?'
5.4448 	EXP 	eyetracker.setRecordingState(False)
5.4567 	EXP 	text: height = np.float64(0.05)
5.4567 	EXP 	text: height = np.float64(0.05)
5.4567 	EXP 	text: height = np.float64(0.05)
5.4567 	EXP 	text: text = 'Which one are you going to buy?'
5.4577 	EXP 	eyetracker.setRecordingState(False)
5.4680 	EXP 	text: height = np.float64(0.05)
5.4680 	EXP 	text: height = np.float64(0.05)
5.4680 	EXP 	text: height = np.float64(0.05)
5.4680 	EXP 	text: text = 'Which one are you going to buy?'
5.4690 	EXP 	eyetracker.setRecordingState(False)
5.4781 	EXP 	text: height = np.float64(0.05)
5.4781 	EXP 	text: height = np.float64(0.05)
5.4781 	EXP 	text: height = np.float64(0.05)
5.4781 	EXP 	text: text = 'Which one are you going to buy?'
5.4791 	EXP 	eyetracker.setRecordingState(False)
5.4898 	EXP 	text: height = np.float64(0.05)
5.4898 	EXP 	text: height = np.float64(0.05)
5.4898 	EXP 	text: height = np.float64(0.05)
5.4898 	EXP 	text: text = 'Which one are you going to buy?'
5.4908 	EXP 	eyetracker.setRecordingState(False)
5.5039 	EXP 	text: height = np.float64(0.05)
5.5039 	EXP 	text: height = np.float64(0.05)
5.5039 	EXP 	text: height = np.float64(0.05)
5.5039 	EXP 	text: text = 'Which one are you going to buy?'
5.5051 	EXP 	eyetracker.setRecordingState(False)
5.5176 	EXP 	text: height = np.float64(0.05)
5.5176 	EXP 	text: height = np.float64(0.05)
5.5176 	EXP 	text: height = np.float64(0.05)
5.5176 	EXP 	text: text = 'Which one are you going to buy?'
5.5190 	EXP 	eyetracker.setRecordingState(False)
5.5317 	EXP 	text: height = np.float64(0.05)
5.5317 	EXP 	text: height = np.float64(0.05)
5.5317 	EXP 	text: height = np.float64(0.05)
5.5317 	EXP 	text: text = 'Which one are you going to buy?'
5.5327 	EXP 	eyetracker.setRecordingState(False)
5.5440 	EXP 	text: height = np.float64(0.05)
5.5440 	EXP 	text: height = np.float64(0.05)
5.5440 	EXP 	text: height = np.float64(0.05)
5.5440 	EXP 	text: text = 'Which one are you going to buy?'
5.5451 	EXP 	eyetracker.setRecordingState(False)
5.5565 	EXP 	text: height = np.float64(0.05)
5.5565 	EXP 	text: height = np.float64(0.05)
5.5565 	EXP 	text: height = np.float64(0.05)
5.5565 	EXP 	text: text = 'Which one are you going to buy?'
5.5585 	EXP 	eyetracker.setRecordingState(False)
5.5741 	EXP 	text: height = np.float64(0.05)
5.5741 	EXP 	text: height = np.float64(0.05)
5.5741 	EXP 	text: height = np.float64(0.05)
5.5741 	EXP 	text: text = 'Which one are you going to buy?'
5.5761 	EXP 	eyetracker.setRecordingState(False)
5.5906 	EXP 	text: height = np.float64(0.05)
5.5906 	EXP 	text: height = np.float64(0.05)
5.5906 	EXP 	text: height = np.float64(0.05)
5.5906 	EXP 	text: text = 'Which one are you going to buy?'
5.5919 	EXP 	eyetracker.setRecordingState(False)
5.6036 	EXP 	text: height = np.float64(0.05)
5.6036 	EXP 	text: height = np.float64(0.05)
5.6036 	EXP 	text: height = np.float64(0.05)
5.6036 	EXP 	text: text = 'Which one are you going to buy?'
5.6048 	EXP 	eyetracker.setRecordingState(False)
5.6180 	EXP 	text: height = np.float64(0.05)
5.6180 	EXP 	text: height = np.float64(0.05)
5.6180 	EXP 	text: height = np.float64(0.05)
5.6180 	EXP 	text: text = 'Which one are you going to buy?'
5.6198 	EXP 	eyetracker.setRecordingState(False)
5.6357 	EXP 	text: height = np.float64(0.05)
5.6357 	EXP 	text: height = np.float64(0.05)
5.6357 	EXP 	text: height = np.float64(0.05)
5.6357 	EXP 	text: text = 'Which one are you going to buy?'
5.6377 	EXP 	eyetracker.setRecordingState(False)
5.6558 	EXP 	text: height = np.float64(0.05)
5.6558 	EXP 	text: height = np.float64(0.05)
5.6558 	EXP 	text: height = np.float64(0.05)
5.6558 	EXP 	text: text = 'Which one are you going to buy?'
5.6580 	EXP 	eyetracker.setRecordingState(False)
5.6724 	EXP 	text: height = np.float64(0.05)
5.6724 	EXP 	text: height = np.float64(0.05)
5.6724 	EXP 	text: height = np.float64(0.05)
5.6724 	EXP 	text: text = 'Which one are you going to buy?'
5.6739 	EXP 	eyetracker.setRecordingState(False)
5.6887 	EXP 	text: height = np.float64(0.05)
5.6887 	EXP 	text: height = np.float64(0.05)
5.6887 	EXP 	text: height = np.float64(0.05)
5.6887 	EXP 	text: text = 'Which one are you going to buy?'
5.6901 	EXP 	eyetracker.setRecordingState(False)
5.7064 	EXP 	text: height = np.float64(0.05)
5.7064 	EXP 	text: height = np.float64(0.05)
5.7064 	EXP 	text: height = np.float64(0.05)
5.7064 	EXP 	text: text = 'Which one are you going to buy?'
5.7081 	EXP 	eyetracker.setRecordingState(False)
5.7229 	EXP 	text: height = np.float64(0.05)
5.7229 	EXP 	text: height = np.float64(0.05)
5.7229 	EXP 	text: height = np.float64(0.05)
5.7229 	EXP 	text: text = 'Which one are you going to buy?'
5.7242 	EXP 	eyetracker.setRecordingState(False)
5.7364 	EXP 	text: height = np.float64(0.05)
5.7364 	EXP 	text: height = np.float64(0.05)
5.7364 	EXP 	text: height = np.float64(0.05)
5.7364 	EXP 	text: text = 'Which one are you going to buy?'
5.7375 	EXP 	eyetracker.setRecordingState(False)
5.7497 	EXP 	text: height = np.float64(0.05)
5.7497 	EXP 	text: height = np.float64(0.05)
5.7497 	EXP 	text: height = np.float64(0.05)
5.7497 	EXP 	text: text = 'Which one are you going to buy?'
5.7512 	EXP 	eyetracker.setRecordingState(False)
5.7649 	EXP 	text: height = np.float64(0.05)
5.7649 	EXP 	text: height = np.float64(0.05)
5.7649 	EXP 	text: height = np.float64(0.05)
5.7649 	EXP 	text: text = 'Which one are you going to buy?'
5.7662 	EXP 	eyetracker.setRecordingState(False)
5.7773 	EXP 	text: height = np.float64(0.05)
5.7773 	EXP 	text: height = np.float64(0.05)
5.7773 	EXP 	text: height = np.float64(0.05)
5.7773 	EXP 	text: text = 'Which one are you going to buy?'
5.7785 	EXP 	eyetracker.setRecordingState(False)
5.7897 	EXP 	text: height = np.float64(0.05)
5.7897 	EXP 	text: height = np.float64(0.05)
5.7897 	EXP 	text: height = np.float64(0.05)
5.7897 	EXP 	text: text = 'Which one are you going to buy?'
5.7912 	EXP 	eyetracker.setRecordingState(False)
5.8074 	EXP 	text: height = np.float64(0.05)
5.8074 	EXP 	text: height = np.float64(0.05)
5.8074 	EXP 	text: height = np.float64(0.05)
5.8074 	EXP 	text: text = 'Which one are you going to buy?'
5.8089 	EXP 	eyetracker.setRecordingState(False)
5.8235 	EXP 	text: height = np.float64(0.05)
5.8235 	EXP 	text: height = np.float64(0.05)
5.8235 	EXP 	text: height = np.float64(0.05)
5.8235 	EXP 	text: text = 'Which one are you going to buy?'
5.8250 	EXP 	eyetracker.setRecordingState(False)
5.8389 	EXP 	text: height = np.float64(0.05)
5.8389 	EXP 	text: height = np.float64(0.05)
5.8389 	EXP 	text: height = np.float64(0.05)
5.8389 	EXP 	text: text = 'Which one are you going to buy?'
5.8407 	EXP 	eyetracker.setRecordingState(False)
5.8604 	EXP 	text: height = np.float64(0.05)
5.8604 	EXP 	text: height = np.float64(0.05)
5.8604 	EXP 	text: height = np.float64(0.05)
5.8604 	EXP 	text: text = 'Which one are you going to buy?'
5.8623 	EXP 	eyetracker.setRecordingState(False)
5.8782 	EXP 	text: height = np.float64(0.05)
5.8782 	EXP 	text: height = np.float64(0.05)
5.8782 	EXP 	text: height = np.float64(0.05)
5.8782 	EXP 	text: text = 'Which one are you going to buy?'
5.8796 	EXP 	eyetracker.setRecordingState(False)
5.8915 	EXP 	text: height = np.float64(0.05)
5.8915 	EXP 	text: height = np.float64(0.05)
5.8915 	EXP 	text: height = np.float64(0.05)
5.8915 	EXP 	text: text = 'Which one are you going to buy?'
5.8928 	EXP 	eyetracker.setRecordingState(False)
5.9032 	EXP 	text: height = np.float64(0.05)
5.9032 	EXP 	text: height = np.float64(0.05)
5.9032 	EXP 	text: height = np.float64(0.05)
5.9032 	EXP 	text: text = 'Which one are you going to buy?'
5.9040 	EXP 	eyetracker.setRecordingState(False)
5.9115 	EXP 	text: height = np.float64(0.05)
5.9115 	EXP 	text: height = np.float64(0.05)
5.9115 	EXP 	text: height = np.float64(0.05)
5.9115 	EXP 	text: text = 'Which one are you going to buy?'
5.9122 	EXP 	eyetracker.setRecordingState(False)
5.9207 	EXP 	text: height = np.float64(0.05)
5.9207 	EXP 	text: height = np.float64(0.05)
5.9207 	EXP 	text: height = np.float64(0.05)
5.9207 	EXP 	text: text = 'Which one are you going to buy?'
5.9213 	EXP 	eyetracker.setRecordingState(False)
5.9301 	EXP 	text: height = np.float64(0.05)
5.9301 	EXP 	text: height = np.float64(0.05)
5.9301 	EXP 	text: height = np.float64(0.05)
5.9301 	EXP 	text: text = 'Which one are you going to buy?'
5.9308 	EXP 	eyetracker.setRecordingState(False)
5.9388 	EXP 	text: height = np.float64(0.05)
5.9388 	EXP 	text: height = np.float64(0.05)
5.9388 	EXP 	text: height = np.float64(0.05)
5.9388 	EXP 	text: text = 'Which one are you going to buy?'
5.9395 	EXP 	eyetracker.setRecordingState(False)
5.9479 	EXP 	text: height = np.float64(0.05)
5.9479 	EXP 	text: height = np.float64(0.05)
5.9479 	EXP 	text: height = np.float64(0.05)
5.9479 	EXP 	text: text = 'Which one are you going to buy?'
5.9487 	EXP 	eyetracker.setRecordingState(False)
5.9575 	EXP 	text: height = np.float64(0.05)
5.9575 	EXP 	text: height = np.float64(0.05)
5.9575 	EXP 	text: height = np.float64(0.05)
5.9575 	EXP 	text: text = 'Which one are you going to buy?'
5.9585 	EXP 	eyetracker.setRecordingState(False)
5.9683 	EXP 	text: height = np.float64(0.05)
5.9683 	EXP 	text: height = np.float64(0.05)
5.9683 	EXP 	text: height = np.float64(0.05)
5.9683 	EXP 	text: text = 'Which one are you going to buy?'
5.9692 	EXP 	eyetracker.setRecordingState(False)
5.9789 	EXP 	text: height = np.float64(0.05)
5.9789 	EXP 	text: height = np.float64(0.05)
5.9789 	EXP 	text: height = np.float64(0.05)
5.9789 	EXP 	text: text = 'Which one are you going to buy?'
5.9798 	EXP 	eyetracker.setRecordingState(False)
5.9896 	EXP 	text: height = np.float64(0.05)
5.9896 	EXP 	text: height = np.float64(0.05)
5.9896 	EXP 	text: height = np.float64(0.05)
5.9896 	EXP 	text: text = 'Which one are you going to buy?'
5.9909 	EXP 	eyetracker.setRecordingState(False)
6.0061 	EXP 	text: height = np.float64(0.05)
6.0061 	EXP 	text: height = np.float64(0.05)
6.0061 	EXP 	text: height = np.float64(0.05)
6.0061 	EXP 	text: text = 'Which one are you going to buy?'
6.0078 	EXP 	eyetracker.setRecordingState(False)
6.0241 	EXP 	text: height = np.float64(0.05)
6.0241 	EXP 	text: height = np.float64(0.05)
6.0241 	EXP 	text: height = np.float64(0.05)
6.0241 	EXP 	text: text = 'Which one are you going to buy?'
6.0257 	EXP 	eyetracker.setRecordingState(False)
6.0413 	EXP 	text: height = np.float64(0.05)
6.0413 	EXP 	text: height = np.float64(0.05)
6.0413 	EXP 	text: height = np.float64(0.05)
6.0413 	EXP 	text: text = 'Which one are you going to buy?'
6.0431 	EXP 	eyetracker.setRecordingState(False)
6.0625 	EXP 	text: height = np.float64(0.05)
6.0625 	EXP 	text: height = np.float64(0.05)
6.0625 	EXP 	text: height = np.float64(0.05)
6.0625 	EXP 	text: text = 'Which one are you going to buy?'
6.0647 	EXP 	eyetracker.setRecordingState(False)
6.0872 	EXP 	text: height = np.float64(0.05)
6.0872 	EXP 	text: height = np.float64(0.05)
6.0872 	EXP 	text: height = np.float64(0.05)
6.0872 	EXP 	text: text = 'Which one are you going to buy?'
6.0892 	EXP 	eyetracker.setRecordingState(False)
6.1127 	EXP 	text: height = np.float64(0.05)
6.1127 	EXP 	text: height = np.float64(0.05)
6.1127 	EXP 	text: height = np.float64(0.05)
6.1127 	EXP 	text: text = 'Which one are you going to buy?'
6.1153 	EXP 	eyetracker.setRecordingState(False)
6.1408 	EXP 	text: height = np.float64(0.05)
6.1408 	EXP 	text: height = np.float64(0.05)
6.1408 	EXP 	text: height = np.float64(0.05)
6.1408 	EXP 	text: text = 'Which one are you going to buy?'
6.1432 	EXP 	eyetracker.setRecordingState(False)
6.1707 	EXP 	text: height = np.float64(0.05)
6.1707 	EXP 	text: height = np.float64(0.05)
6.1707 	EXP 	text: height = np.float64(0.05)
6.1707 	EXP 	text: text = 'Which one are you going to buy?'
6.1735 	EXP 	eyetracker.setRecordingState(False)
6.2034 	EXP 	text: height = np.float64(0.05)
6.2034 	EXP 	text: height = np.float64(0.05)
6.2034 	EXP 	text: height = np.float64(0.05)
6.2034 	EXP 	text: text = 'Which one are you going to buy?'
6.2068 	EXP 	eyetracker.setRecordingState(False)
6.2332 	EXP 	text: height = np.float64(0.05)
6.2332 	EXP 	text: height = np.float64(0.05)
6.2332 	EXP 	text: height = np.float64(0.05)
6.2332 	EXP 	text: text = 'Which one are you going to buy?'
6.2357 	EXP 	eyetracker.setRecordingState(False)
6.2612 	EXP 	text: height = np.float64(0.05)
6.2612 	EXP 	text: height = np.float64(0.05)
6.2612 	EXP 	text: height = np.float64(0.05)
6.2612 	EXP 	text: text = 'Which one are you going to buy?'
6.2632 	EXP 	eyetracker.setRecordingState(False)
6.2911 	EXP 	text: height = np.float64(0.05)
6.2911 	EXP 	text: height = np.float64(0.05)
6.2911 	EXP 	text: height = np.float64(0.05)
6.2911 	EXP 	text: text = 'Which one are you going to buy?'
6.2932 	EXP 	eyetracker.setRecordingState(False)
6.3148 	EXP 	text: height = np.float64(0.05)
6.3148 	EXP 	text: height = np.float64(0.05)
6.3148 	EXP 	text: height = np.float64(0.05)
6.3148 	EXP 	text: text = 'Which one are you going to buy?'
6.3170 	EXP 	eyetracker.setRecordingState(False)
6.3428 	EXP 	text: height = np.float64(0.05)
6.3428 	EXP 	text: height = np.float64(0.05)
6.3428 	EXP 	text: height = np.float64(0.05)
6.3428 	EXP 	text: text = 'Which one are you going to buy?'
6.3456 	EXP 	eyetracker.setRecordingState(False)
6.3677 	EXP 	text: height = np.float64(0.05)
6.3677 	EXP 	text: height = np.float64(0.05)
6.3677 	EXP 	text: height = np.float64(0.05)
6.3677 	EXP 	text: text = 'Which one are you going to buy?'
6.3705 	EXP 	eyetracker.setRecordingState(False)
6.3886 	EXP 	text: height = np.float64(0.05)
6.3886 	EXP 	text: height = np.float64(0.05)
6.3886 	EXP 	text: height = np.float64(0.05)
6.3886 	EXP 	text: text = 'Which one are you going to buy?'
6.3901 	EXP 	eyetracker.setRecordingState(False)
6.4038 	EXP 	text: height = np.float64(0.05)
6.4038 	EXP 	text: height = np.float64(0.05)
6.4038 	EXP 	text: height = np.float64(0.05)
6.4038 	EXP 	text: text = 'Which one are you going to buy?'
6.4051 	EXP 	eyetracker.setRecordingState(False)
6.4182 	EXP 	text: height = np.float64(0.05)
6.4182 	EXP 	text: height = np.float64(0.05)
6.4182 	EXP 	text: height = np.float64(0.05)
6.4182 	EXP 	text: text = 'Which one are you going to buy?'
6.4198 	EXP 	eyetracker.setRecordingState(False)
6.4345 	EXP 	text: height = np.float64(0.05)
6.4345 	EXP 	text: height = np.float64(0.05)
6.4345 	EXP 	text: height = np.float64(0.05)
6.4345 	EXP 	text: text = 'Which one are you going to buy?'
6.4356 	EXP 	eyetracker.setRecordingState(False)
6.4465 	EXP 	text: height = np.float64(0.05)
6.4465 	EXP 	text: height = np.float64(0.05)
6.4465 	EXP 	text: height = np.float64(0.05)
6.4465 	EXP 	text: text = 'Which one are you going to buy?'
6.4480 	EXP 	eyetracker.setRecordingState(False)
6.4609 	EXP 	text: height = np.float64(0.05)
6.4609 	EXP 	text: height = np.float64(0.05)
6.4609 	EXP 	text: height = np.float64(0.05)
6.4609 	EXP 	text: text = 'Which one are you going to buy?'
6.4624 	EXP 	eyetracker.setRecordingState(False)
6.4732 	EXP 	text: height = np.float64(0.05)
6.4732 	EXP 	text: height = np.float64(0.05)
6.4732 	EXP 	text: height = np.float64(0.05)
6.4732 	EXP 	text: text = 'Which one are you going to buy?'
6.4742 	EXP 	eyetracker.setRecordingState(False)
6.4842 	EXP 	text: height = np.float64(0.05)
6.4842 	EXP 	text: height = np.float64(0.05)
6.4842 	EXP 	text: height = np.float64(0.05)
6.4842 	EXP 	text: text = 'Which one are you going to buy?'
6.4853 	EXP 	eyetracker.setRecordingState(False)
6.4956 	EXP 	text: height = np.float64(0.05)
6.4956 	EXP 	text: height = np.float64(0.05)
6.4956 	EXP 	text: height = np.float64(0.05)
6.4956 	EXP 	text: text = 'Which one are you going to buy?'
6.4969 	EXP 	eyetracker.setRecordingState(False)
6.5078 	EXP 	text: height = np.float64(0.05)
6.5078 	EXP 	text: height = np.float64(0.05)
6.5078 	EXP 	text: height = np.float64(0.05)
6.5078 	EXP 	text: text = 'Which one are you going to buy?'
6.5090 	EXP 	eyetracker.setRecordingState(False)
6.5199 	EXP 	text: height = np.float64(0.05)
6.5199 	EXP 	text: height = np.float64(0.05)
6.5199 	EXP 	text: height = np.float64(0.05)
6.5199 	EXP 	text: text = 'Which one are you going to buy?'
6.5214 	EXP 	eyetracker.setRecordingState(False)
6.5359 	EXP 	text: height = np.float64(0.05)
6.5359 	EXP 	text: height = np.float64(0.05)
6.5359 	EXP 	text: height = np.float64(0.05)
6.5359 	EXP 	text: text = 'Which one are you going to buy?'
6.5377 	EXP 	eyetracker.setRecordingState(False)
6.5533 	EXP 	text: height = np.float64(0.05)
6.5533 	EXP 	text: height = np.float64(0.05)
6.5533 	EXP 	text: height = np.float64(0.05)
6.5533 	EXP 	text: text = 'Which one are you going to buy?'
6.5547 	EXP 	eyetracker.setRecordingState(False)
6.5672 	EXP 	text: height = np.float64(0.05)
6.5672 	EXP 	text: height = np.float64(0.05)
6.5672 	EXP 	text: height = np.float64(0.05)
6.5672 	EXP 	text: text = 'Which one are you going to buy?'
6.5684 	EXP 	eyetracker.setRecordingState(False)
6.5799 	EXP 	text: height = np.float64(0.05)
6.5799 	EXP 	text: height = np.float64(0.05)
6.5799 	EXP 	text: height = np.float64(0.05)
6.5799 	EXP 	text: text = 'Which one are you going to buy?'
6.5813 	EXP 	eyetracker.setRecordingState(False)
6.5958 	EXP 	text: height = np.float64(0.05)
6.5958 	EXP 	text: height = np.float64(0.05)
6.5958 	EXP 	text: height = np.float64(0.05)
6.5958 	EXP 	text: text = 'Which one are you going to buy?'
6.5972 	EXP 	eyetracker.setRecordingState(False)
6.6108 	EXP 	text: height = np.float64(0.05)
6.6108 	EXP 	text: height = np.float64(0.05)
6.6108 	EXP 	text: height = np.float64(0.05)
6.6108 	EXP 	text: text = 'Which one are you going to buy?'
6.6125 	EXP 	eyetracker.setRecordingState(False)
6.6281 	EXP 	text: height = np.float64(0.05)
6.6281 	EXP 	text: height = np.float64(0.05)
6.6281 	EXP 	text: height = np.float64(0.05)
6.6281 	EXP 	text: text = 'Which one are you going to buy?'
6.6298 	EXP 	eyetracker.setRecordingState(False)
6.6451 	EXP 	text: height = np.float64(0.05)
6.6451 	EXP 	text: height = np.float64(0.05)
6.6451 	EXP 	text: height = np.float64(0.05)
6.6451 	EXP 	text: text = 'Which one are you going to buy?'
6.6463 	EXP 	eyetracker.setRecordingState(False)
6.6607 	EXP 	text: height = np.float64(0.05)
6.6607 	EXP 	text: height = np.float64(0.05)
6.6607 	EXP 	text: height = np.float64(0.05)
6.6607 	EXP 	text: text = 'Which one are you going to buy?'
6.6626 	EXP 	eyetracker.setRecordingState(False)
6.6784 	EXP 	text: height = np.float64(0.05)
6.6784 	EXP 	text: height = np.float64(0.05)
6.6784 	EXP 	text: height = np.float64(0.05)
6.6784 	EXP 	text: text = 'Which one are you going to buy?'
6.6800 	EXP 	eyetracker.setRecordingState(False)
6.6954 	EXP 	text: height = np.float64(0.05)
6.6954 	EXP 	text: height = np.float64(0.05)
6.6954 	EXP 	text: height = np.float64(0.05)
6.6954 	EXP 	text: text = 'Which one are you going to buy?'
6.6974 	EXP 	eyetracker.setRecordingState(False)
6.7122 	EXP 	text: height = np.float64(0.05)
6.7122 	EXP 	text: height = np.float64(0.05)
6.7122 	EXP 	text: height = np.float64(0.05)
6.7122 	EXP 	text: text = 'Which one are you going to buy?'
6.7140 	EXP 	eyetracker.setRecordingState(False)
6.7268 	EXP 	text: height = np.float64(0.05)
6.7268 	EXP 	text: height = np.float64(0.05)
6.7268 	EXP 	text: height = np.float64(0.05)
6.7268 	EXP 	text: text = 'Which one are you going to buy?'
6.7282 	EXP 	eyetracker.setRecordingState(False)
6.7427 	EXP 	text: height = np.float64(0.05)
6.7427 	EXP 	text: height = np.float64(0.05)
6.7427 	EXP 	text: height = np.float64(0.05)
6.7427 	EXP 	text: text = 'Which one are you going to buy?'
6.7446 	EXP 	eyetracker.setRecordingState(False)
6.7594 	EXP 	text: height = np.float64(0.05)
6.7594 	EXP 	text: height = np.float64(0.05)
6.7594 	EXP 	text: height = np.float64(0.05)
6.7594 	EXP 	text: text = 'Which one are you going to buy?'
6.7612 	EXP 	eyetracker.setRecordingState(False)
6.7746 	EXP 	text: height = np.float64(0.05)
6.7746 	EXP 	text: height = np.float64(0.05)
6.7746 	EXP 	text: height = np.float64(0.05)
6.7746 	EXP 	text: text = 'Which one are you going to buy?'
6.7759 	EXP 	eyetracker.setRecordingState(False)
6.7889 	EXP 	text: height = np.float64(0.05)
6.7889 	EXP 	text: height = np.float64(0.05)
6.7889 	EXP 	text: height = np.float64(0.05)
6.7889 	EXP 	text: text = 'Which one are you going to buy?'
6.7901 	EXP 	eyetracker.setRecordingState(False)
6.8088 	EXP 	text: height = np.float64(0.05)
6.8088 	EXP 	text: height = np.float64(0.05)
6.8088 	EXP 	text: height = np.float64(0.05)
6.8088 	EXP 	text: text = 'Which one are you going to buy?'
6.8104 	EXP 	eyetracker.setRecordingState(False)
6.8245 	EXP 	text: height = np.float64(0.05)
6.8245 	EXP 	text: height = np.float64(0.05)
6.8245 	EXP 	text: height = np.float64(0.05)
6.8245 	EXP 	text: text = 'Which one are you going to buy?'
6.8257 	EXP 	eyetracker.setRecordingState(False)
6.8367 	EXP 	text: height = np.float64(0.05)
6.8367 	EXP 	text: height = np.float64(0.05)
6.8367 	EXP 	text: height = np.float64(0.05)
6.8367 	EXP 	text: text = 'Which one are you going to buy?'
6.8377 	EXP 	eyetracker.setRecordingState(False)
6.8488 	EXP 	text: height = np.float64(0.05)
6.8488 	EXP 	text: height = np.float64(0.05)
6.8488 	EXP 	text: height = np.float64(0.05)
6.8488 	EXP 	text: text = 'Which one are you going to buy?'
6.8502 	EXP 	eyetracker.setRecordingState(False)
6.8632 	EXP 	text: height = np.float64(0.05)
6.8632 	EXP 	text: height = np.float64(0.05)
6.8632 	EXP 	text: height = np.float64(0.05)
6.8632 	EXP 	text: text = 'Which one are you going to buy?'
6.8653 	EXP 	eyetracker.setRecordingState(False)
6.8807 	EXP 	text: height = np.float64(0.05)
6.8807 	EXP 	text: height = np.float64(0.05)
6.8807 	EXP 	text: height = np.float64(0.05)
6.8807 	EXP 	text: text = 'Which one are you going to buy?'
6.8823 	EXP 	eyetracker.setRecordingState(False)
6.8954 	EXP 	text: height = np.float64(0.05)
6.8954 	EXP 	text: height = np.float64(0.05)
6.8954 	EXP 	text: height = np.float64(0.05)
6.8954 	EXP 	text: text = 'Which one are you going to buy?'
6.8967 	EXP 	eyetracker.setRecordingState(False)
6.9085 	EXP 	text: height = np.float64(0.05)
6.9085 	EXP 	text: height = np.float64(0.05)
6.9085 	EXP 	text: height = np.float64(0.05)
6.9085 	EXP 	text: text = 'Which one are you going to buy?'
6.9095 	EXP 	eyetracker.setRecordingState(False)
6.9231 	EXP 	text: height = np.float64(0.05)
6.9231 	EXP 	text: height = np.float64(0.05)
6.9231 	EXP 	text: height = np.float64(0.05)
6.9231 	EXP 	text: text = 'Which one are you going to buy?'
6.9246 	EXP 	eyetracker.setRecordingState(False)
6.9401 	EXP 	text: height = np.float64(0.05)
6.9401 	EXP 	text: height = np.float64(0.05)
6.9401 	EXP 	text: height = np.float64(0.05)
6.9401 	EXP 	text: text = 'Which one are you going to buy?'
6.9422 	EXP 	eyetracker.setRecordingState(False)
6.9556 	EXP 	text: height = np.float64(0.05)
6.9556 	EXP 	text: height = np.float64(0.05)
6.9556 	EXP 	text: height = np.float64(0.05)
6.9556 	EXP 	text: text = 'Which one are you going to buy?'
6.9572 	EXP 	eyetracker.setRecordingState(False)
6.9704 	EXP 	text: height = np.float64(0.05)
6.9704 	EXP 	text: height = np.float64(0.05)
6.9704 	EXP 	text: height = np.float64(0.05)
6.9704 	EXP 	text: text = 'Which one are you going to buy?'
6.9726 	EXP 	eyetracker.setRecordingState(False)
6.9869 	EXP 	text: height = np.float64(0.05)
6.9869 	EXP 	text: height = np.float64(0.05)
6.9869 	EXP 	text: height = np.float64(0.05)
6.9869 	EXP 	text: text = 'Which one are you going to buy?'
6.9893 	EXP 	eyetracker.setRecordingState(False)
7.0046 	EXP 	text: height = np.float64(0.05)
7.0046 	EXP 	text: height = np.float64(0.05)
7.0046 	EXP 	text: height = np.float64(0.05)
7.0046 	EXP 	text: text = 'Which one are you going to buy?'
7.0058 	EXP 	eyetracker.setRecordingState(False)
7.0160 	EXP 	text: height = np.float64(0.05)
7.0160 	EXP 	text: height = np.float64(0.05)
7.0160 	EXP 	text: height = np.float64(0.05)
7.0160 	EXP 	text: text = 'Which one are you going to buy?'
7.0170 	EXP 	eyetracker.setRecordingState(False)
7.0274 	EXP 	text: height = np.float64(0.05)
7.0274 	EXP 	text: height = np.float64(0.05)
7.0274 	EXP 	text: height = np.float64(0.05)
7.0274 	EXP 	text: text = 'Which one are you going to buy?'
7.0285 	EXP 	eyetracker.setRecordingState(False)
7.0396 	EXP 	text: height = np.float64(0.05)
7.0396 	EXP 	text: height = np.float64(0.05)
7.0396 	EXP 	text: height = np.float64(0.05)
7.0396 	EXP 	text: text = 'Which one are you going to buy?'
7.0406 	EXP 	eyetracker.setRecordingState(False)
7.0532 	EXP 	text: height = np.float64(0.05)
7.0532 	EXP 	text: height = np.float64(0.05)
7.0532 	EXP 	text: height = np.float64(0.05)
7.0532 	EXP 	text: text = 'Which one are you going to buy?'
7.0541 	EXP 	eyetracker.setRecordingState(False)
7.0646 	EXP 	text: height = np.float64(0.05)
7.0646 	EXP 	text: height = np.float64(0.05)
7.0646 	EXP 	text: height = np.float64(0.05)
7.0646 	EXP 	text: text = 'Which one are you going to buy?'
7.0679 	EXP 	eyetracker.setRecordingState(False)
7.0767 	EXP 	text: height = np.float64(0.05)
7.0767 	EXP 	text: height = np.float64(0.05)
7.0767 	EXP 	text: height = np.float64(0.05)
7.0767 	EXP 	text: text = 'Which one are you going to buy?'
7.0778 	EXP 	eyetracker.setRecordingState(False)
7.0864 	EXP 	text: height = np.float64(0.05)
7.0864 	EXP 	text: height = np.float64(0.05)
7.0864 	EXP 	text: height = np.float64(0.05)
7.0864 	EXP 	text: text = 'Which one are you going to buy?'
7.0872 	EXP 	eyetracker.setRecordingState(False)
7.0953 	EXP 	text: height = np.float64(0.05)
7.0953 	EXP 	text: height = np.float64(0.05)
7.0953 	EXP 	text: height = np.float64(0.05)
7.0953 	EXP 	text: text = 'Which one are you going to buy?'
7.0959 	EXP 	eyetracker.setRecordingState(False)
7.1030 	EXP 	text: height = np.float64(0.05)
7.1030 	EXP 	text: height = np.float64(0.05)
7.1030 	EXP 	text: height = np.float64(0.05)
7.1030 	EXP 	text: text = 'Which one are you going to buy?'
7.1038 	EXP 	eyetracker.setRecordingState(False)
7.1116 	EXP 	text: height = np.float64(0.05)
7.1116 	EXP 	text: height = np.float64(0.05)
7.1116 	EXP 	text: height = np.float64(0.05)
7.1116 	EXP 	text: text = 'Which one are you going to buy?'
7.1137 	EXP 	eyetracker.setRecordingState(False)
7.1221 	EXP 	text: height = np.float64(0.05)
7.1221 	EXP 	text: height = np.float64(0.05)
7.1221 	EXP 	text: height = np.float64(0.05)
7.1221 	EXP 	text: text = 'Which one are you going to buy?'
7.1227 	EXP 	eyetracker.setRecordingState(False)
7.1305 	EXP 	text: height = np.float64(0.05)
7.1305 	EXP 	text: height = np.float64(0.05)
7.1305 	EXP 	text: height = np.float64(0.05)
7.1305 	EXP 	text: text = 'Which one are you going to buy?'
7.1313 	EXP 	eyetracker.setRecordingState(False)
7.1403 	EXP 	text: height = np.float64(0.05)
7.1403 	EXP 	text: height = np.float64(0.05)
7.1403 	EXP 	text: height = np.float64(0.05)
7.1403 	EXP 	text: text = 'Which one are you going to buy?'
7.1418 	EXP 	eyetracker.setRecordingState(False)
7.1513 	EXP 	text: height = np.float64(0.05)
7.1513 	EXP 	text: height = np.float64(0.05)
7.1513 	EXP 	text: height = np.float64(0.05)
7.1513 	EXP 	text: text = 'Which one are you going to buy?'
7.1523 	EXP 	eyetracker.setRecordingState(False)
7.1632 	EXP 	text: height = np.float64(0.05)
7.1632 	EXP 	text: height = np.float64(0.05)
7.1632 	EXP 	text: height = np.float64(0.05)
7.1632 	EXP 	text: text = 'Which one are you going to buy?'
7.1645 	EXP 	eyetracker.setRecordingState(False)
7.1757 	EXP 	text: height = np.float64(0.05)
7.1757 	EXP 	text: height = np.float64(0.05)
7.1757 	EXP 	text: height = np.float64(0.05)
7.1757 	EXP 	text: text = 'Which one are you going to buy?'
7.1794 	EXP 	eyetracker.setRecordingState(False)
7.1900 	EXP 	text: height = np.float64(0.05)
7.1900 	EXP 	text: height = np.float64(0.05)
7.1900 	EXP 	text: height = np.float64(0.05)
7.1900 	EXP 	text: text = 'Which one are you going to buy?'
7.1931 	EXP 	eyetracker.setRecordingState(False)
7.2023 	EXP 	text: height = np.float64(0.05)
7.2023 	EXP 	text: height = np.float64(0.05)
7.2023 	EXP 	text: height = np.float64(0.05)
7.2023 	EXP 	text: text = 'Which one are you going to buy?'
7.2034 	EXP 	eyetracker.setRecordingState(False)
7.2141 	EXP 	text: height = np.float64(0.05)
7.2141 	EXP 	text: height = np.float64(0.05)
7.2141 	EXP 	text: height = np.float64(0.05)
7.2141 	EXP 	text: text = 'Which one are you going to buy?'
7.2150 	EXP 	eyetracker.setRecordingState(False)
7.2247 	EXP 	text: height = np.float64(0.05)
7.2247 	EXP 	text: height = np.float64(0.05)
7.2247 	EXP 	text: height = np.float64(0.05)
7.2247 	EXP 	text: text = 'Which one are you going to buy?'
7.2254 	EXP 	eyetracker.setRecordingState(False)
7.2359 	EXP 	text: height = np.float64(0.05)
7.2359 	EXP 	text: height = np.float64(0.05)
7.2359 	EXP 	text: height = np.float64(0.05)
7.2359 	EXP 	text: text = 'Which one are you going to buy?'
7.2370 	EXP 	eyetracker.setRecordingState(False)
7.2463 	EXP 	text: height = np.float64(0.05)
7.2463 	EXP 	text: height = np.float64(0.05)
7.2463 	EXP 	text: height = np.float64(0.05)
7.2463 	EXP 	text: text = 'Which one are you going to buy?'
7.2472 	EXP 	eyetracker.setRecordingState(False)
7.2571 	EXP 	text: height = np.float64(0.05)
7.2571 	EXP 	text: height = np.float64(0.05)
7.2571 	EXP 	text: height = np.float64(0.05)
7.2571 	EXP 	text: text = 'Which one are you going to buy?'
7.2598 	EXP 	eyetracker.setRecordingState(False)
7.2699 	EXP 	text: height = np.float64(0.05)
7.2699 	EXP 	text: height = np.float64(0.05)
7.2699 	EXP 	text: height = np.float64(0.05)
7.2699 	EXP 	text: text = 'Which one are you going to buy?'
7.2708 	EXP 	eyetracker.setRecordingState(False)
7.2803 	EXP 	text: height = np.float64(0.05)
7.2803 	EXP 	text: height = np.float64(0.05)
7.2803 	EXP 	text: height = np.float64(0.05)
7.2803 	EXP 	text: text = 'Which one are you going to buy?'
7.2835 	EXP 	eyetracker.setRecordingState(False)
7.2951 	EXP 	text: height = np.float64(0.05)
7.2951 	EXP 	text: height = np.float64(0.05)
7.2951 	EXP 	text: height = np.float64(0.05)
7.2951 	EXP 	text: text = 'Which one are you going to buy?'
7.2960 	EXP 	eyetracker.setRecordingState(False)
7.3054 	EXP 	text: height = np.float64(0.05)
7.3054 	EXP 	text: height = np.float64(0.05)
7.3054 	EXP 	text: height = np.float64(0.05)
7.3054 	EXP 	text: text = 'Which one are you going to buy?'
7.3063 	EXP 	eyetracker.setRecordingState(False)
7.3160 	EXP 	text: height = np.float64(0.05)
7.3160 	EXP 	text: height = np.float64(0.05)
7.3160 	EXP 	text: height = np.float64(0.05)
7.3160 	EXP 	text: text = 'Which one are you going to buy?'
7.3198 	EXP 	eyetracker.setRecordingState(False)
7.3306 	EXP 	text: height = np.float64(0.05)
7.3306 	EXP 	text: height = np.float64(0.05)
7.3306 	EXP 	text: height = np.float64(0.05)
7.3306 	EXP 	text: text = 'Which one are you going to buy?'
7.3334 	EXP 	eyetracker.setRecordingState(False)
7.3456 	EXP 	text: height = np.float64(0.05)
7.3456 	EXP 	text: height = np.float64(0.05)
7.3456 	EXP 	text: height = np.float64(0.05)
7.3456 	EXP 	text: text = 'Which one are you going to buy?'
7.3466 	EXP 	eyetracker.setRecordingState(False)
7.3569 	EXP 	text: height = np.float64(0.05)
7.3569 	EXP 	text: height = np.float64(0.05)
7.3569 	EXP 	text: height = np.float64(0.05)
7.3569 	EXP 	text: text = 'Which one are you going to buy?'
7.3582 	EXP 	eyetracker.setRecordingState(False)
7.3684 	EXP 	text: height = np.float64(0.05)
7.3684 	EXP 	text: height = np.float64(0.05)
7.3684 	EXP 	text: height = np.float64(0.05)
7.3684 	EXP 	text: text = 'Which one are you going to buy?'
7.3695 	EXP 	eyetracker.setRecordingState(False)
7.3816 	EXP 	text: height = np.float64(0.05)
7.3816 	EXP 	text: height = np.float64(0.05)
7.3816 	EXP 	text: height = np.float64(0.05)
7.3816 	EXP 	text: text = 'Which one are you going to buy?'
7.3825 	EXP 	eyetracker.setRecordingState(False)
7.3928 	EXP 	text: height = np.float64(0.05)
7.3928 	EXP 	text: height = np.float64(0.05)
7.3928 	EXP 	text: height = np.float64(0.05)
7.3928 	EXP 	text: text = 'Which one are you going to buy?'
7.3959 	EXP 	eyetracker.setRecordingState(False)
7.4050 	EXP 	text: height = np.float64(0.05)
7.4050 	EXP 	text: height = np.float64(0.05)
7.4050 	EXP 	text: height = np.float64(0.05)
7.4050 	EXP 	text: text = 'Which one are you going to buy?'
7.4090 	EXP 	eyetracker.setRecordingState(False)
7.4202 	EXP 	text: height = np.float64(0.05)
7.4202 	EXP 	text: height = np.float64(0.05)
7.4202 	EXP 	text: height = np.float64(0.05)
7.4202 	EXP 	text: text = 'Which one are you going to buy?'
7.4213 	EXP 	eyetracker.setRecordingState(False)
7.4306 	EXP 	text: height = np.float64(0.05)
7.4306 	EXP 	text: height = np.float64(0.05)
7.4306 	EXP 	text: height = np.float64(0.05)
7.4306 	EXP 	text: text = 'Which one are you going to buy?'
7.4317 	EXP 	eyetracker.setRecordingState(False)
7.4414 	EXP 	text: height = np.float64(0.05)
7.4414 	EXP 	text: height = np.float64(0.05)
7.4414 	EXP 	text: height = np.float64(0.05)
7.4414 	EXP 	text: text = 'Which one are you going to buy?'
7.4449 	EXP 	eyetracker.setRecordingState(False)
7.4563 	EXP 	text: height = np.float64(0.05)
7.4563 	EXP 	text: height = np.float64(0.05)
7.4563 	EXP 	text: height = np.float64(0.05)
7.4563 	EXP 	text: text = 'Which one are you going to buy?'
7.4574 	EXP 	eyetracker.setRecordingState(False)
7.4696 	EXP 	text: height = np.float64(0.05)
7.4696 	EXP 	text: height = np.float64(0.05)
7.4696 	EXP 	text: height = np.float64(0.05)
7.4696 	EXP 	text: text = 'Which one are you going to buy?'
7.4707 	EXP 	eyetracker.setRecordingState(False)
7.4831 	EXP 	text: height = np.float64(0.05)
7.4831 	EXP 	text: height = np.float64(0.05)
7.4831 	EXP 	text: height = np.float64(0.05)
7.4831 	EXP 	text: text = 'Which one are you going to buy?'
7.4846 	EXP 	eyetracker.setRecordingState(False)
7.4989 	EXP 	text: height = np.float64(0.05)
7.4989 	EXP 	text: height = np.float64(0.05)
7.4989 	EXP 	text: height = np.float64(0.05)
7.4989 	EXP 	text: text = 'Which one are you going to buy?'
7.5002 	EXP 	eyetracker.setRecordingState(False)
7.5124 	EXP 	text: height = np.float64(0.05)
7.5124 	EXP 	text: height = np.float64(0.05)
7.5124 	EXP 	text: height = np.float64(0.05)
7.5124 	EXP 	text: text = 'Which one are you going to buy?'
7.5148 	EXP 	eyetracker.setRecordingState(False)
7.5265 	EXP 	text: height = np.float64(0.05)
7.5265 	EXP 	text: height = np.float64(0.05)
7.5265 	EXP 	text: height = np.float64(0.05)
7.5265 	EXP 	text: text = 'Which one are you going to buy?'
7.5280 	EXP 	eyetracker.setRecordingState(False)
7.5399 	EXP 	text: height = np.float64(0.05)
7.5399 	EXP 	text: height = np.float64(0.05)
7.5399 	EXP 	text: height = np.float64(0.05)
7.5399 	EXP 	text: text = 'Which one are you going to buy?'
7.5410 	EXP 	eyetracker.setRecordingState(False)
7.5533 	EXP 	text: height = np.float64(0.05)
7.5533 	EXP 	text: height = np.float64(0.05)
7.5533 	EXP 	text: height = np.float64(0.05)
7.5533 	EXP 	text: text = 'Which one are you going to buy?'
7.5550 	EXP 	eyetracker.setRecordingState(False)
7.5690 	EXP 	text: height = np.float64(0.05)
7.5690 	EXP 	text: height = np.float64(0.05)
7.5690 	EXP 	text: height = np.float64(0.05)
7.5690 	EXP 	text: text = 'Which one are you going to buy?'
7.5707 	EXP 	eyetracker.setRecordingState(False)
7.5844 	EXP 	text: height = np.float64(0.05)
7.5844 	EXP 	text: height = np.float64(0.05)
7.5844 	EXP 	text: height = np.float64(0.05)
7.5844 	EXP 	text: text = 'Which one are you going to buy?'
7.5866 	EXP 	eyetracker.setRecordingState(False)
7.6028 	EXP 	text: height = np.float64(0.05)
7.6028 	EXP 	text: height = np.float64(0.05)
7.6028 	EXP 	text: height = np.float64(0.05)
7.6028 	EXP 	text: text = 'Which one are you going to buy?'
7.6065 	EXP 	eyetracker.setRecordingState(False)
7.6209 	EXP 	text: height = np.float64(0.05)
7.6209 	EXP 	text: height = np.float64(0.05)
7.6209 	EXP 	text: height = np.float64(0.05)
7.6209 	EXP 	text: text = 'Which one are you going to buy?'
7.6221 	EXP 	eyetracker.setRecordingState(False)
7.6364 	EXP 	text: height = np.float64(0.05)
7.6364 	EXP 	text: height = np.float64(0.05)
7.6364 	EXP 	text: height = np.float64(0.05)
7.6364 	EXP 	text: text = 'Which one are you going to buy?'
7.6385 	EXP 	eyetracker.setRecordingState(False)
7.6515 	EXP 	text: height = np.float64(0.05)
7.6515 	EXP 	text: height = np.float64(0.05)
7.6515 	EXP 	text: height = np.float64(0.05)
7.6515 	EXP 	text: text = 'Which one are you going to buy?'
7.6558 	EXP 	eyetracker.setRecordingState(False)
7.6711 	EXP 	text: height = np.float64(0.05)
7.6711 	EXP 	text: height = np.float64(0.05)
7.6711 	EXP 	text: height = np.float64(0.05)
7.6711 	EXP 	text: text = 'Which one are you going to buy?'
7.6725 	EXP 	eyetracker.setRecordingState(False)
7.6860 	EXP 	text: height = np.float64(0.05)
7.6860 	EXP 	text: height = np.float64(0.05)
7.6860 	EXP 	text: height = np.float64(0.05)
7.6860 	EXP 	text: text = 'Which one are you going to buy?'
7.6875 	EXP 	eyetracker.setRecordingState(False)
7.6986 	EXP 	text: height = np.float64(0.05)
7.6986 	EXP 	text: height = np.float64(0.05)
7.6986 	EXP 	text: height = np.float64(0.05)
7.6986 	EXP 	text: text = 'Which one are you going to buy?'
7.7008 	EXP 	eyetracker.setRecordingState(False)
7.7133 	EXP 	text: height = np.float64(0.05)
7.7133 	EXP 	text: height = np.float64(0.05)
7.7133 	EXP 	text: height = np.float64(0.05)
7.7133 	EXP 	text: text = 'Which one are you going to buy?'
7.7165 	EXP 	eyetracker.setRecordingState(False)
7.7303 	EXP 	text: height = np.float64(0.05)
7.7303 	EXP 	text: height = np.float64(0.05)
7.7303 	EXP 	text: height = np.float64(0.05)
7.7303 	EXP 	text: text = 'Which one are you going to buy?'
7.7320 	EXP 	eyetracker.setRecordingState(False)
7.7448 	EXP 	text: height = np.float64(0.05)
7.7448 	EXP 	text: height = np.float64(0.05)
7.7448 	EXP 	text: height = np.float64(0.05)
7.7448 	EXP 	text: text = 'Which one are you going to buy?'
7.7458 	EXP 	eyetracker.setRecordingState(False)
7.7580 	EXP 	text: height = np.float64(0.05)
7.7580 	EXP 	text: height = np.float64(0.05)
7.7580 	EXP 	text: height = np.float64(0.05)
7.7580 	EXP 	text: text = 'Which one are you going to buy?'
7.7596 	EXP 	eyetracker.setRecordingState(False)
7.7728 	EXP 	text: height = np.float64(0.05)
7.7728 	EXP 	text: height = np.float64(0.05)
7.7728 	EXP 	text: height = np.float64(0.05)
7.7728 	EXP 	text: text = 'Which one are you going to buy?'
7.7742 	EXP 	eyetracker.setRecordingState(False)
7.7868 	EXP 	text: height = np.float64(0.05)
7.7868 	EXP 	text: height = np.float64(0.05)
7.7868 	EXP 	text: height = np.float64(0.05)
7.7868 	EXP 	text: text = 'Which one are you going to buy?'
7.7880 	EXP 	eyetracker.setRecordingState(False)
7.8014 	EXP 	text: height = np.float64(0.05)
7.8014 	EXP 	text: height = np.float64(0.05)
7.8014 	EXP 	text: height = np.float64(0.05)
7.8014 	EXP 	text: text = 'Which one are you going to buy?'
7.8029 	EXP 	eyetracker.setRecordingState(False)
7.8142 	EXP 	text: height = np.float64(0.05)
7.8142 	EXP 	text: height = np.float64(0.05)
7.8142 	EXP 	text: height = np.float64(0.05)
7.8142 	EXP 	text: text = 'Which one are you going to buy?'
7.8151 	EXP 	eyetracker.setRecordingState(False)
7.8248 	EXP 	text: height = np.float64(0.05)
7.8248 	EXP 	text: height = np.float64(0.05)
7.8248 	EXP 	text: height = np.float64(0.05)
7.8248 	EXP 	text: text = 'Which one are you going to buy?'
7.8263 	EXP 	eyetracker.setRecordingState(False)
7.8374 	EXP 	text: height = np.float64(0.05)
7.8374 	EXP 	text: height = np.float64(0.05)
7.8374 	EXP 	text: height = np.float64(0.05)
7.8374 	EXP 	text: text = 'Which one are you going to buy?'
7.8395 	EXP 	eyetracker.setRecordingState(False)
7.8531 	EXP 	text: height = np.float64(0.05)
7.8531 	EXP 	text: height = np.float64(0.05)
7.8531 	EXP 	text: height = np.float64(0.05)
7.8531 	EXP 	text: text = 'Which one are you going to buy?'
7.8550 	EXP 	eyetracker.setRecordingState(False)
7.8677 	EXP 	text: height = np.float64(0.05)
7.8677 	EXP 	text: height = np.float64(0.05)
7.8677 	EXP 	text: height = np.float64(0.05)
7.8677 	EXP 	text: text = 'Which one are you going to buy?'
7.8697 	EXP 	eyetracker.setRecordingState(False)
7.8826 	EXP 	text: height = np.float64(0.05)
7.8826 	EXP 	text: height = np.float64(0.05)
7.8826 	EXP 	text: height = np.float64(0.05)
7.8826 	EXP 	text: text = 'Which one are you going to buy?'
7.8842 	EXP 	eyetracker.setRecordingState(False)
7.8946 	EXP 	text: height = np.float64(0.05)
7.8946 	EXP 	text: height = np.float64(0.05)
7.8946 	EXP 	text: height = np.float64(0.05)
7.8946 	EXP 	text: text = 'Which one are you going to buy?'
7.8954 	EXP 	eyetracker.setRecordingState(False)
7.9053 	EXP 	text: height = np.float64(0.05)
7.9053 	EXP 	text: height = np.float64(0.05)
7.9053 	EXP 	text: height = np.float64(0.05)
7.9053 	EXP 	text: text = 'Which one are you going to buy?'
7.9064 	EXP 	eyetracker.setRecordingState(False)
7.9154 	EXP 	text: height = np.float64(0.05)
7.9154 	EXP 	text: height = np.float64(0.05)
7.9154 	EXP 	text: height = np.float64(0.05)
7.9154 	EXP 	text: text = 'Which one are you going to buy?'
7.9165 	EXP 	eyetracker.setRecordingState(False)
7.9264 	EXP 	text: height = np.float64(0.05)
7.9264 	EXP 	text: height = np.float64(0.05)
7.9264 	EXP 	text: height = np.float64(0.05)
7.9264 	EXP 	text: text = 'Which one are you going to buy?'
7.9274 	EXP 	eyetracker.setRecordingState(False)
7.9355 	EXP 	text: height = np.float64(0.05)
7.9355 	EXP 	text: height = np.float64(0.05)
7.9355 	EXP 	text: height = np.float64(0.05)
7.9355 	EXP 	text: text = 'Which one are you going to buy?'
7.9367 	EXP 	eyetracker.setRecordingState(False)
7.9467 	EXP 	text: height = np.float64(0.05)
7.9467 	EXP 	text: height = np.float64(0.05)
7.9467 	EXP 	text: height = np.float64(0.05)
7.9467 	EXP 	text: text = 'Which one are you going to buy?'
7.9479 	EXP 	eyetracker.setRecordingState(False)
7.9588 	EXP 	text: height = np.float64(0.05)
7.9588 	EXP 	text: height = np.float64(0.05)
7.9588 	EXP 	text: height = np.float64(0.05)
7.9588 	EXP 	text: text = 'Which one are you going to buy?'
7.9598 	EXP 	eyetracker.setRecordingState(False)
7.9725 	EXP 	text: height = np.float64(0.05)
7.9725 	EXP 	text: height = np.float64(0.05)
7.9725 	EXP 	text: height = np.float64(0.05)
7.9725 	EXP 	text: text = 'Which one are you going to buy?'
7.9737 	EXP 	eyetracker.setRecordingState(False)
7.9844 	EXP 	text: height = np.float64(0.05)
7.9844 	EXP 	text: height = np.float64(0.05)
7.9844 	EXP 	text: height = np.float64(0.05)
7.9844 	EXP 	text: text = 'Which one are you going to buy?'
7.9858 	EXP 	eyetracker.setRecordingState(False)
7.9961 	EXP 	text: height = np.float64(0.05)
7.9961 	EXP 	text: height = np.float64(0.05)
7.9961 	EXP 	text: height = np.float64(0.05)
7.9961 	EXP 	text: text = 'Which one are you going to buy?'
7.9970 	EXP 	eyetracker.setRecordingState(False)
8.0065 	EXP 	text: height = np.float64(0.05)
8.0065 	EXP 	text: height = np.float64(0.05)
8.0065 	EXP 	text: height = np.float64(0.05)
8.0065 	EXP 	text: text = 'Which one are you going to buy?'
8.0075 	EXP 	eyetracker.setRecordingState(False)
8.0166 	EXP 	text: height = np.float64(0.05)
8.0166 	EXP 	text: height = np.float64(0.05)
8.0166 	EXP 	text: height = np.float64(0.05)
8.0166 	EXP 	text: text = 'Which one are you going to buy?'
8.0174 	EXP 	eyetracker.setRecordingState(False)
8.0263 	EXP 	text: height = np.float64(0.05)
8.0263 	EXP 	text: height = np.float64(0.05)
8.0263 	EXP 	text: height = np.float64(0.05)
8.0263 	EXP 	text: text = 'Which one are you going to buy?'
8.0275 	EXP 	eyetracker.setRecordingState(False)
8.0389 	EXP 	text: height = np.float64(0.05)
8.0389 	EXP 	text: height = np.float64(0.05)
8.0389 	EXP 	text: height = np.float64(0.05)
8.0389 	EXP 	text: text = 'Which one are you going to buy?'
8.0400 	EXP 	eyetracker.setRecordingState(False)
8.0520 	EXP 	text: height = np.float64(0.05)
8.0520 	EXP 	text: height = np.float64(0.05)
8.0520 	EXP 	text: height = np.float64(0.05)
8.0520 	EXP 	text: text = 'Which one are you going to buy?'
8.0535 	EXP 	eyetracker.setRecordingState(False)
8.0663 	EXP 	text: height = np.float64(0.05)
8.0663 	EXP 	text: height = np.float64(0.05)
8.0663 	EXP 	text: height = np.float64(0.05)
8.0663 	EXP 	text: text = 'Which one are you going to buy?'
8.0678 	EXP 	eyetracker.setRecordingState(False)
8.0821 	EXP 	text: height = np.float64(0.05)
8.0821 	EXP 	text: height = np.float64(0.05)
8.0821 	EXP 	text: height = np.float64(0.05)
8.0821 	EXP 	text: text = 'Which one are you going to buy?'
8.0836 	EXP 	eyetracker.setRecordingState(False)
8.0954 	EXP 	text: height = np.float64(0.05)
8.0954 	EXP 	text: height = np.float64(0.05)
8.0954 	EXP 	text: height = np.float64(0.05)
8.0954 	EXP 	text: text = 'Which one are you going to buy?'
8.0963 	EXP 	eyetracker.setRecordingState(False)
8.1064 	EXP 	text: height = np.float64(0.05)
8.1064 	EXP 	text: height = np.float64(0.05)
8.1064 	EXP 	text: height = np.float64(0.05)
8.1064 	EXP 	text: text = 'Which one are you going to buy?'
8.1074 	EXP 	eyetracker.setRecordingState(False)
8.1233 	EXP 	text: height = np.float64(0.05)
8.1233 	EXP 	text: height = np.float64(0.05)
8.1233 	EXP 	text: height = np.float64(0.05)
8.1233 	EXP 	text: text = 'Which one are you going to buy?'
8.1242 	EXP 	eyetracker.setRecordingState(False)
8.1343 	EXP 	text: height = np.float64(0.05)
8.1343 	EXP 	text: height = np.float64(0.05)
8.1343 	EXP 	text: height = np.float64(0.05)
8.1343 	EXP 	text: text = 'Which one are you going to buy?'
8.1357 	EXP 	eyetracker.setRecordingState(False)
8.1564 	EXP 	text: height = np.float64(0.05)
8.1564 	EXP 	text: height = np.float64(0.05)
8.1564 	EXP 	text: height = np.float64(0.05)
8.1564 	EXP 	text: text = 'Which one are you going to buy?'
8.1581 	EXP 	eyetracker.setRecordingState(False)
8.1746 	EXP 	text: height = np.float64(0.05)
8.1746 	EXP 	text: height = np.float64(0.05)
8.1746 	EXP 	text: height = np.float64(0.05)
8.1746 	EXP 	text: text = 'Which one are you going to buy?'
8.1790 	EXP 	eyetracker.setRecordingState(False)
8.1984 	EXP 	text: height = np.float64(0.05)
8.1984 	EXP 	text: height = np.float64(0.05)
8.1984 	EXP 	text: height = np.float64(0.05)
8.1984 	EXP 	text: text = 'Which one are you going to buy?'
8.2004 	EXP 	eyetracker.setRecordingState(False)
8.2213 	EXP 	text: height = np.float64(0.05)
8.2213 	EXP 	text: height = np.float64(0.05)
8.2213 	EXP 	text: height = np.float64(0.05)
8.2213 	EXP 	text: text = 'Which one are you going to buy?'
8.2231 	EXP 	eyetracker.setRecordingState(False)
8.2392 	EXP 	text: height = np.float64(0.05)
8.2392 	EXP 	text: height = np.float64(0.05)
8.2392 	EXP 	text: height = np.float64(0.05)
8.2392 	EXP 	text: text = 'Which one are you going to buy?'
8.2406 	EXP 	eyetracker.setRecordingState(False)
8.2616 	EXP 	text: height = np.float64(0.05)
8.2616 	EXP 	text: height = np.float64(0.05)
8.2616 	EXP 	text: height = np.float64(0.05)
8.2616 	EXP 	text: text = 'Which one are you going to buy?'
8.2655 	EXP 	eyetracker.setRecordingState(False)
8.2921 	EXP 	text: height = np.float64(0.05)
8.2921 	EXP 	text: height = np.float64(0.05)
8.2921 	EXP 	text: height = np.float64(0.05)
8.2921 	EXP 	text: text = 'Which one are you going to buy?'
8.2952 	EXP 	eyetracker.setRecordingState(False)
8.3161 	EXP 	text: height = np.float64(0.05)
8.3161 	EXP 	text: height = np.float64(0.05)
8.3161 	EXP 	text: height = np.float64(0.05)
8.3161 	EXP 	text: text = 'Which one are you going to buy?'
8.3182 	EXP 	eyetracker.setRecordingState(False)
8.3392 	EXP 	text: height = np.float64(0.05)
8.3392 	EXP 	text: height = np.float64(0.05)
8.3392 	EXP 	text: height = np.float64(0.05)
8.3392 	EXP 	text: text = 'Which one are you going to buy?'
8.3413 	EXP 	eyetracker.setRecordingState(False)
8.3566 	EXP 	text: height = np.float64(0.05)
8.3566 	EXP 	text: height = np.float64(0.05)
8.3566 	EXP 	text: height = np.float64(0.05)
8.3566 	EXP 	text: text = 'Which one are you going to buy?'
8.3580 	EXP 	eyetracker.setRecordingState(False)
8.3719 	EXP 	text: height = np.float64(0.05)
8.3719 	EXP 	text: height = np.float64(0.05)
8.3719 	EXP 	text: height = np.float64(0.05)
8.3719 	EXP 	text: text = 'Which one are you going to buy?'
8.3736 	EXP 	eyetracker.setRecordingState(False)
8.3850 	EXP 	text: height = np.float64(0.05)
8.3850 	EXP 	text: height = np.float64(0.05)
8.3850 	EXP 	text: height = np.float64(0.05)
8.3850 	EXP 	text: text = 'Which one are you going to buy?'
8.3859 	EXP 	eyetracker.setRecordingState(False)
8.3960 	EXP 	text: height = np.float64(0.05)
8.3960 	EXP 	text: height = np.float64(0.05)
8.3960 	EXP 	text: height = np.float64(0.05)
8.3960 	EXP 	text: text = 'Which one are you going to buy?'
8.3969 	EXP 	eyetracker.setRecordingState(False)
8.4115 	EXP 	text: height = np.float64(0.05)
8.4115 	EXP 	text: height = np.float64(0.05)
8.4115 	EXP 	text: height = np.float64(0.05)
8.4115 	EXP 	text: text = 'Which one are you going to buy?'
8.4135 	EXP 	eyetracker.setRecordingState(False)
8.4312 	EXP 	text: height = np.float64(0.05)
8.4312 	EXP 	text: height = np.float64(0.05)
8.4312 	EXP 	text: height = np.float64(0.05)
8.4312 	EXP 	text: text = 'Which one are you going to buy?'
8.4327 	EXP 	eyetracker.setRecordingState(False)
8.4478 	EXP 	text: height = np.float64(0.05)
8.4478 	EXP 	text: height = np.float64(0.05)
8.4478 	EXP 	text: height = np.float64(0.05)
8.4478 	EXP 	text: text = 'Which one are you going to buy?'
8.4496 	EXP 	eyetracker.setRecordingState(False)
8.4665 	EXP 	text: height = np.float64(0.05)
8.4665 	EXP 	text: height = np.float64(0.05)
8.4665 	EXP 	text: height = np.float64(0.05)
8.4665 	EXP 	text: text = 'Which one are you going to buy?'
8.4681 	EXP 	eyetracker.setRecordingState(False)
8.4831 	EXP 	text: height = np.float64(0.05)
8.4831 	EXP 	text: height = np.float64(0.05)
8.4831 	EXP 	text: height = np.float64(0.05)
8.4831 	EXP 	text: text = 'Which one are you going to buy?'
8.4849 	EXP 	eyetracker.setRecordingState(False)
8.5039 	EXP 	text: height = np.float64(0.05)
8.5039 	EXP 	text: height = np.float64(0.05)
8.5039 	EXP 	text: height = np.float64(0.05)
8.5039 	EXP 	text: text = 'Which one are you going to buy?'
8.5058 	EXP 	eyetracker.setRecordingState(False)
8.5201 	EXP 	text: height = np.float64(0.05)
8.5201 	EXP 	text: height = np.float64(0.05)
8.5201 	EXP 	text: height = np.float64(0.05)
8.5201 	EXP 	text: text = 'Which one are you going to buy?'
8.5214 	EXP 	eyetracker.setRecordingState(False)
8.5336 	EXP 	text: height = np.float64(0.05)
8.5336 	EXP 	text: height = np.float64(0.05)
8.5336 	EXP 	text: height = np.float64(0.05)
8.5336 	EXP 	text: text = 'Which one are you going to buy?'
8.5347 	EXP 	eyetracker.setRecordingState(False)
8.5460 	EXP 	text: height = np.float64(0.05)
8.5460 	EXP 	text: height = np.float64(0.05)
8.5460 	EXP 	text: height = np.float64(0.05)
8.5460 	EXP 	text: text = 'Which one are you going to buy?'
8.5469 	EXP 	eyetracker.setRecordingState(False)
8.5568 	EXP 	text: height = np.float64(0.05)
8.5568 	EXP 	text: height = np.float64(0.05)
8.5568 	EXP 	text: height = np.float64(0.05)
8.5568 	EXP 	text: text = 'Which one are you going to buy?'
8.5577 	EXP 	eyetracker.setRecordingState(False)
8.5691 	EXP 	text: height = np.float64(0.05)
8.5691 	EXP 	text: height = np.float64(0.05)
8.5691 	EXP 	text: height = np.float64(0.05)
8.5691 	EXP 	text: text = 'Which one are you going to buy?'
8.5708 	EXP 	eyetracker.setRecordingState(False)
8.5877 	EXP 	text: height = np.float64(0.05)
8.5877 	EXP 	text: height = np.float64(0.05)
8.5877 	EXP 	text: height = np.float64(0.05)
8.5877 	EXP 	text: text = 'Which one are you going to buy?'
8.5893 	EXP 	eyetracker.setRecordingState(False)
8.6060 	EXP 	text: height = np.float64(0.05)
8.6060 	EXP 	text: height = np.float64(0.05)
8.6060 	EXP 	text: height = np.float64(0.05)
8.6060 	EXP 	text: text = 'Which one are you going to buy?'
8.6079 	EXP 	eyetracker.setRecordingState(False)
8.6259 	EXP 	text: height = np.float64(0.05)
8.6259 	EXP 	text: height = np.float64(0.05)
8.6259 	EXP 	text: height = np.float64(0.05)
8.6259 	EXP 	text: text = 'Which one are you going to buy?'
8.6275 	EXP 	eyetracker.setRecordingState(False)
8.6440 	EXP 	text: height = np.float64(0.05)
8.6440 	EXP 	text: height = np.float64(0.05)
8.6440 	EXP 	text: height = np.float64(0.05)
8.6440 	EXP 	text: text = 'Which one are you going to buy?'
8.6455 	EXP 	eyetracker.setRecordingState(False)
8.6608 	EXP 	text: height = np.float64(0.05)
8.6608 	EXP 	text: height = np.float64(0.05)
8.6608 	EXP 	text: height = np.float64(0.05)
8.6608 	EXP 	text: text = 'Which one are you going to buy?'
8.6627 	EXP 	eyetracker.setRecordingState(False)
8.6777 	EXP 	text: height = np.float64(0.05)
8.6777 	EXP 	text: height = np.float64(0.05)
8.6777 	EXP 	text: height = np.float64(0.05)
8.6777 	EXP 	text: text = 'Which one are you going to buy?'
8.6789 	EXP 	eyetracker.setRecordingState(False)
8.6907 	EXP 	text: height = np.float64(0.05)
8.6907 	EXP 	text: height = np.float64(0.05)
8.6907 	EXP 	text: height = np.float64(0.05)
8.6907 	EXP 	text: text = 'Which one are you going to buy?'
8.6919 	EXP 	eyetracker.setRecordingState(False)
8.7032 	EXP 	text: height = np.float64(0.05)
8.7032 	EXP 	text: height = np.float64(0.05)
8.7032 	EXP 	text: height = np.float64(0.05)
8.7032 	EXP 	text: text = 'Which one are you going to buy?'
8.7047 	EXP 	eyetracker.setRecordingState(False)
8.7182 	DATA 	Mouse: Left button down, pos=(671,589)
8.7209 	EXP 	text: height = np.float64(0.05)
8.7209 	EXP 	text: height = np.float64(0.05)
8.7209 	EXP 	text: height = np.float64(0.05)
8.7209 	EXP 	text: text = 'Which one are you going to buy?'
8.7240 	EXP 	eyetracker.setRecordingState(False)
8.7275 	EXP 	eyetracker.setRecordingState(False)
8.7429 	INFO 	Keyboard events cleared
8.7423 	EXP 	text: autoDraw = False
8.7423 	EXP 	ambewela: autoDraw = False
8.7423 	EXP 	kothmale: autoDraw = False
8.7423 	EXP 	happycow: autoDraw = False
8.7423 	EXP 	kraft: autoDraw = False
8.7423 	EXP 	richlife: autoDraw = False
8.7423 	EXP 	text_2: autoDraw = False
8.7423 	EXP 	text_3: autoDraw = False
8.7423 	EXP 	text_4: autoDraw = False
8.7423 	EXP 	text_5: autoDraw = False
8.7423 	EXP 	text_6: autoDraw = False
8.7423 	EXP 	text_7: autoDraw = True
8.7423 	EXP 	highlandYoghurt: autoDraw = True
8.7423 	EXP 	anchoryoghurt: autoDraw = True
8.7423 	EXP 	ambewelayoghurt: autoDraw = True
8.7423 	EXP 	pelawatteyoghurt: autoDraw = True
8.7423 	EXP 	text_8: autoDraw = True
8.7423 	EXP 	text_9: autoDraw = True
8.7423 	EXP 	text_10: autoDraw = True
8.7423 	EXP 	text_11: autoDraw = True
8.7445 	EXP 	eyetracker.setRecordingState(False)
8.7515 	EXP 	eyetracker.setRecordingState(False)
8.7592 	EXP 	eyetracker.setRecordingState(False)
8.7682 	EXP 	eyetracker.setRecordingState(False)
8.7768 	EXP 	eyetracker.setRecordingState(False)
8.7854 	EXP 	eyetracker.setRecordingState(False)
8.7948 	EXP 	eyetracker.setRecordingState(False)
8.8060 	EXP 	eyetracker.setRecordingState(False)
8.8151 	EXP 	eyetracker.setRecordingState(False)
8.8256 	EXP 	eyetracker.setRecordingState(False)
8.8346 	EXP 	eyetracker.setRecordingState(False)
8.8433 	EXP 	eyetracker.setRecordingState(False)
8.8524 	EXP 	eyetracker.setRecordingState(False)
8.8608 	EXP 	eyetracker.setRecordingState(False)
8.8695 	EXP 	eyetracker.setRecordingState(False)
8.8780 	EXP 	eyetracker.setRecordingState(False)
8.8870 	EXP 	eyetracker.setRecordingState(False)
8.8949 	EXP 	eyetracker.setRecordingState(False)
8.9025 	EXP 	eyetracker.setRecordingState(False)
8.9100 	EXP 	eyetracker.setRecordingState(False)
8.9182 	EXP 	eyetracker.setRecordingState(False)
8.9269 	EXP 	eyetracker.setRecordingState(False)
8.9354 	EXP 	eyetracker.setRecordingState(False)
8.9440 	EXP 	eyetracker.setRecordingState(False)
8.9499 	DATA 	Mouse:  Left button up, pos=(671,589)
8.9549 	EXP 	eyetracker.setRecordingState(False)
8.9642 	EXP 	eyetracker.setRecordingState(False)
8.9735 	EXP 	eyetracker.setRecordingState(False)
8.9848 	EXP 	eyetracker.setRecordingState(False)
8.9937 	EXP 	eyetracker.setRecordingState(False)
9.0023 	EXP 	eyetracker.setRecordingState(False)
9.0111 	EXP 	eyetracker.setRecordingState(False)
9.0201 	EXP 	eyetracker.setRecordingState(False)
9.0291 	EXP 	eyetracker.setRecordingState(False)
9.0381 	EXP 	eyetracker.setRecordingState(False)
9.0463 	EXP 	eyetracker.setRecordingState(False)
9.0550 	EXP 	eyetracker.setRecordingState(False)
9.0648 	EXP 	eyetracker.setRecordingState(False)
9.0739 	EXP 	eyetracker.setRecordingState(False)
9.0841 	EXP 	eyetracker.setRecordingState(False)
9.0972 	EXP 	eyetracker.setRecordingState(False)
9.1065 	EXP 	eyetracker.setRecordingState(False)
9.1160 	EXP 	eyetracker.setRecordingState(False)
9.1266 	EXP 	eyetracker.setRecordingState(False)
9.1371 	EXP 	eyetracker.setRecordingState(False)
9.1483 	EXP 	eyetracker.setRecordingState(False)
9.1593 	EXP 	eyetracker.setRecordingState(False)
9.1700 	EXP 	eyetracker.setRecordingState(False)
9.1808 	EXP 	eyetracker.setRecordingState(False)
9.1925 	EXP 	eyetracker.setRecordingState(False)
9.2052 	EXP 	eyetracker.setRecordingState(False)
9.2166 	EXP 	eyetracker.setRecordingState(False)
9.2299 	EXP 	eyetracker.setRecordingState(False)
9.2434 	EXP 	eyetracker.setRecordingState(False)
9.2562 	EXP 	eyetracker.setRecordingState(False)
9.2681 	EXP 	eyetracker.setRecordingState(False)
9.2791 	EXP 	eyetracker.setRecordingState(False)
9.2900 	EXP 	eyetracker.setRecordingState(False)
9.3006 	EXP 	eyetracker.setRecordingState(False)
9.3109 	EXP 	eyetracker.setRecordingState(False)
9.3205 	EXP 	eyetracker.setRecordingState(False)
9.3305 	EXP 	eyetracker.setRecordingState(False)
9.3402 	EXP 	eyetracker.setRecordingState(False)
9.3492 	EXP 	eyetracker.setRecordingState(False)
9.3602 	EXP 	eyetracker.setRecordingState(False)
9.3709 	EXP 	eyetracker.setRecordingState(False)
9.3810 	EXP 	eyetracker.setRecordingState(False)
9.3929 	EXP 	eyetracker.setRecordingState(False)
9.4037 	EXP 	eyetracker.setRecordingState(False)
9.4150 	EXP 	eyetracker.setRecordingState(False)
9.4250 	EXP 	eyetracker.setRecordingState(False)
9.4341 	EXP 	eyetracker.setRecordingState(False)
9.4443 	EXP 	eyetracker.setRecordingState(False)
9.4535 	EXP 	eyetracker.setRecordingState(False)
9.4630 	EXP 	eyetracker.setRecordingState(False)
9.4717 	EXP 	eyetracker.setRecordingState(False)
9.4817 	EXP 	eyetracker.setRecordingState(False)
9.4920 	EXP 	eyetracker.setRecordingState(False)
9.5004 	EXP 	eyetracker.setRecordingState(False)
9.5116 	EXP 	eyetracker.setRecordingState(False)
9.5202 	EXP 	eyetracker.setRecordingState(False)
9.5288 	EXP 	eyetracker.setRecordingState(False)
9.5374 	EXP 	eyetracker.setRecordingState(False)
9.5455 	EXP 	eyetracker.setRecordingState(False)
9.5530 	EXP 	eyetracker.setRecordingState(False)
9.5607 	EXP 	eyetracker.setRecordingState(False)
9.5683 	EXP 	eyetracker.setRecordingState(False)
9.5750 	EXP 	eyetracker.setRecordingState(False)
9.5823 	EXP 	eyetracker.setRecordingState(False)
9.5894 	EXP 	eyetracker.setRecordingState(False)
9.5961 	EXP 	eyetracker.setRecordingState(False)
9.6042 	EXP 	eyetracker.setRecordingState(False)
9.6119 	EXP 	eyetracker.setRecordingState(False)
9.6188 	EXP 	eyetracker.setRecordingState(False)
9.6283 	EXP 	eyetracker.setRecordingState(False)
9.6364 	EXP 	eyetracker.setRecordingState(False)
9.6446 	EXP 	eyetracker.setRecordingState(False)
9.6522 	EXP 	eyetracker.setRecordingState(False)
9.6599 	EXP 	eyetracker.setRecordingState(False)
9.6678 	EXP 	eyetracker.setRecordingState(False)
9.6764 	EXP 	eyetracker.setRecordingState(False)
9.6864 	EXP 	eyetracker.setRecordingState(False)
9.6947 	EXP 	eyetracker.setRecordingState(False)
9.7024 	EXP 	eyetracker.setRecordingState(False)
9.7098 	EXP 	eyetracker.setRecordingState(False)
9.7173 	EXP 	eyetracker.setRecordingState(False)
9.7276 	EXP 	eyetracker.setRecordingState(False)
9.7367 	EXP 	eyetracker.setRecordingState(False)
9.7445 	EXP 	eyetracker.setRecordingState(False)
9.7538 	EXP 	eyetracker.setRecordingState(False)
9.7624 	EXP 	eyetracker.setRecordingState(False)
9.7706 	EXP 	eyetracker.setRecordingState(False)
9.7788 	EXP 	eyetracker.setRecordingState(False)
9.7873 	EXP 	eyetracker.setRecordingState(False)
9.7973 	EXP 	eyetracker.setRecordingState(False)
9.8075 	EXP 	eyetracker.setRecordingState(False)
9.8154 	EXP 	eyetracker.setRecordingState(False)
9.8236 	EXP 	eyetracker.setRecordingState(False)
9.8312 	EXP 	eyetracker.setRecordingState(False)
9.8390 	EXP 	eyetracker.setRecordingState(False)
9.8475 	EXP 	eyetracker.setRecordingState(False)
9.8564 	EXP 	eyetracker.setRecordingState(False)
9.8645 	EXP 	eyetracker.setRecordingState(False)
9.8722 	EXP 	eyetracker.setRecordingState(False)
9.8805 	EXP 	eyetracker.setRecordingState(False)
9.8903 	EXP 	eyetracker.setRecordingState(False)
9.8996 	EXP 	eyetracker.setRecordingState(False)
9.9092 	EXP 	eyetracker.setRecordingState(False)
9.9193 	EXP 	eyetracker.setRecordingState(False)
9.9289 	EXP 	eyetracker.setRecordingState(False)
9.9382 	EXP 	eyetracker.setRecordingState(False)
9.9482 	EXP 	eyetracker.setRecordingState(False)
9.9591 	EXP 	eyetracker.setRecordingState(False)
9.9691 	EXP 	eyetracker.setRecordingState(False)
9.9782 	EXP 	eyetracker.setRecordingState(False)
9.9876 	EXP 	eyetracker.setRecordingState(False)
9.9963 	EXP 	eyetracker.setRecordingState(False)
10.0059 	EXP 	eyetracker.setRecordingState(False)
10.0158 	EXP 	eyetracker.setRecordingState(False)
10.0255 	EXP 	eyetracker.setRecordingState(False)
10.0357 	EXP 	eyetracker.setRecordingState(False)
10.0465 	EXP 	eyetracker.setRecordingState(False)
10.0571 	EXP 	eyetracker.setRecordingState(False)
10.0671 	EXP 	eyetracker.setRecordingState(False)
10.0759 	EXP 	eyetracker.setRecordingState(False)
10.0867 	EXP 	eyetracker.setRecordingState(False)
10.0958 	EXP 	eyetracker.setRecordingState(False)
10.1045 	EXP 	eyetracker.setRecordingState(False)
10.1125 	EXP 	eyetracker.setRecordingState(False)
10.1227 	EXP 	eyetracker.setRecordingState(False)
10.1339 	EXP 	eyetracker.setRecordingState(False)
10.1448 	EXP 	eyetracker.setRecordingState(False)
10.1565 	EXP 	eyetracker.setRecordingState(False)
10.1677 	EXP 	eyetracker.setRecordingState(False)
10.1788 	EXP 	eyetracker.setRecordingState(False)
10.1888 	EXP 	eyetracker.setRecordingState(False)
10.1979 	EXP 	eyetracker.setRecordingState(False)
10.2036 	DATA 	Mouse: Left button down, pos=(551,539)
10.2098 	EXP 	eyetracker.setRecordingState(False)
10.2125 	EXP 	eyetracker.setRecordingState(False)
10.2269 	INFO 	Keyboard events cleared
10.2259 	EXP 	text_7: autoDraw = False
10.2259 	EXP 	highlandYoghurt: autoDraw = False
10.2259 	EXP 	anchoryoghurt: autoDraw = False
10.2259 	EXP 	ambewelayoghurt: autoDraw = False
10.2259 	EXP 	pelawatteyoghurt: autoDraw = False
10.2259 	EXP 	text_8: autoDraw = False
10.2259 	EXP 	text_9: autoDraw = False
10.2259 	EXP 	text_10: autoDraw = False
10.2259 	EXP 	text_11: autoDraw = False
10.2259 	EXP 	text_12: autoDraw = True
10.2259 	EXP 	fortune: autoDraw = True
10.2259 	EXP 	marina: autoDraw = True
10.2259 	EXP 	Njoy: autoDraw = True
10.2259 	EXP 	text_13: autoDraw = True
10.2259 	EXP 	text_14: autoDraw = True
10.2259 	EXP 	text_15: autoDraw = True
10.2288 	EXP 	eyetracker.setRecordingState(False)
10.2363 	EXP 	eyetracker.setRecordingState(False)
10.2438 	EXP 	eyetracker.setRecordingState(False)
10.2525 	EXP 	eyetracker.setRecordingState(False)
10.2602 	EXP 	eyetracker.setRecordingState(False)
10.2683 	EXP 	eyetracker.setRecordingState(False)
10.2757 	EXP 	eyetracker.setRecordingState(False)
10.2829 	EXP 	eyetracker.setRecordingState(False)
10.2900 	EXP 	eyetracker.setRecordingState(False)
10.2973 	EXP 	eyetracker.setRecordingState(False)
10.3043 	EXP 	eyetracker.setRecordingState(False)
10.3113 	EXP 	eyetracker.setRecordingState(False)
10.3189 	EXP 	eyetracker.setRecordingState(False)
10.3273 	EXP 	eyetracker.setRecordingState(False)
10.3366 	EXP 	eyetracker.setRecordingState(False)
10.3459 	EXP 	eyetracker.setRecordingState(False)
10.3553 	EXP 	eyetracker.setRecordingState(False)
10.3664 	EXP 	eyetracker.setRecordingState(False)
10.3764 	EXP 	eyetracker.setRecordingState(False)
10.3865 	EXP 	eyetracker.setRecordingState(False)
10.3973 	EXP 	eyetracker.setRecordingState(False)
10.4076 	EXP 	eyetracker.setRecordingState(False)
10.4179 	EXP 	eyetracker.setRecordingState(False)
10.4283 	DATA 	Mouse:  Left button up, pos=(551,539)
10.4310 	EXP 	eyetracker.setRecordingState(False)
10.4427 	EXP 	eyetracker.setRecordingState(False)
10.4532 	EXP 	eyetracker.setRecordingState(False)
10.4651 	EXP 	eyetracker.setRecordingState(False)
10.4742 	EXP 	eyetracker.setRecordingState(False)
10.4832 	EXP 	eyetracker.setRecordingState(False)
10.4928 	EXP 	eyetracker.setRecordingState(False)
10.5025 	EXP 	eyetracker.setRecordingState(False)
10.5118 	EXP 	eyetracker.setRecordingState(False)
10.5215 	EXP 	eyetracker.setRecordingState(False)
10.5311 	EXP 	eyetracker.setRecordingState(False)
10.5404 	EXP 	eyetracker.setRecordingState(False)
10.5488 	EXP 	eyetracker.setRecordingState(False)
10.5577 	EXP 	eyetracker.setRecordingState(False)
10.5671 	EXP 	eyetracker.setRecordingState(False)
10.5760 	EXP 	eyetracker.setRecordingState(False)
10.5867 	EXP 	eyetracker.setRecordingState(False)
10.5948 	EXP 	eyetracker.setRecordingState(False)
10.6048 	EXP 	eyetracker.setRecordingState(False)
10.6154 	EXP 	eyetracker.setRecordingState(False)
10.6244 	EXP 	eyetracker.setRecordingState(False)
10.6345 	EXP 	eyetracker.setRecordingState(False)
10.6442 	EXP 	eyetracker.setRecordingState(False)
10.6530 	EXP 	eyetracker.setRecordingState(False)
10.6634 	EXP 	eyetracker.setRecordingState(False)
10.6727 	EXP 	eyetracker.setRecordingState(False)
10.6824 	EXP 	eyetracker.setRecordingState(False)
10.6922 	EXP 	eyetracker.setRecordingState(False)
10.7014 	EXP 	eyetracker.setRecordingState(False)
10.7100 	EXP 	eyetracker.setRecordingState(False)
10.7187 	EXP 	eyetracker.setRecordingState(False)
10.7279 	EXP 	eyetracker.setRecordingState(False)
10.7372 	EXP 	eyetracker.setRecordingState(False)
10.7474 	EXP 	eyetracker.setRecordingState(False)
10.7571 	EXP 	eyetracker.setRecordingState(False)
10.7659 	EXP 	eyetracker.setRecordingState(False)
10.7771 	EXP 	eyetracker.setRecordingState(False)
10.7869 	EXP 	eyetracker.setRecordingState(False)
10.7958 	EXP 	eyetracker.setRecordingState(False)
10.8078 	EXP 	eyetracker.setRecordingState(False)
10.8172 	EXP 	eyetracker.setRecordingState(False)
10.8257 	EXP 	eyetracker.setRecordingState(False)
10.8352 	EXP 	eyetracker.setRecordingState(False)
10.8451 	EXP 	eyetracker.setRecordingState(False)
10.8531 	EXP 	eyetracker.setRecordingState(False)
10.8619 	EXP 	eyetracker.setRecordingState(False)
10.8718 	EXP 	eyetracker.setRecordingState(False)
10.8806 	EXP 	eyetracker.setRecordingState(False)
10.8890 	EXP 	eyetracker.setRecordingState(False)
10.8975 	EXP 	eyetracker.setRecordingState(False)
10.9056 	EXP 	eyetracker.setRecordingState(False)
10.9144 	EXP 	eyetracker.setRecordingState(False)
10.9239 	EXP 	eyetracker.setRecordingState(False)
10.9339 	EXP 	eyetracker.setRecordingState(False)
10.9435 	EXP 	eyetracker.setRecordingState(False)
10.9529 	EXP 	eyetracker.setRecordingState(False)
10.9632 	EXP 	eyetracker.setRecordingState(False)
10.9724 	EXP 	eyetracker.setRecordingState(False)
10.9807 	EXP 	eyetracker.setRecordingState(False)
10.9924 	EXP 	eyetracker.setRecordingState(False)
11.0033 	EXP 	eyetracker.setRecordingState(False)
11.0133 	EXP 	eyetracker.setRecordingState(False)
11.0233 	EXP 	eyetracker.setRecordingState(False)
11.0336 	EXP 	eyetracker.setRecordingState(False)
11.0429 	EXP 	eyetracker.setRecordingState(False)
11.0518 	EXP 	eyetracker.setRecordingState(False)
11.0598 	EXP 	eyetracker.setRecordingState(False)
11.0692 	EXP 	eyetracker.setRecordingState(False)
11.0778 	EXP 	eyetracker.setRecordingState(False)
11.0868 	EXP 	eyetracker.setRecordingState(False)
11.0976 	EXP 	eyetracker.setRecordingState(False)
11.1065 	EXP 	eyetracker.setRecordingState(False)
11.1157 	EXP 	eyetracker.setRecordingState(False)
11.1251 	EXP 	eyetracker.setRecordingState(False)
11.1338 	EXP 	eyetracker.setRecordingState(False)
11.1444 	EXP 	eyetracker.setRecordingState(False)
11.1542 	EXP 	eyetracker.setRecordingState(False)
11.1648 	EXP 	eyetracker.setRecordingState(False)
11.1755 	EXP 	eyetracker.setRecordingState(False)
11.1891 	EXP 	eyetracker.setRecordingState(False)
11.2003 	EXP 	eyetracker.setRecordingState(False)
11.2103 	EXP 	eyetracker.setRecordingState(False)
11.2189 	EXP 	eyetracker.setRecordingState(False)
11.2302 	EXP 	eyetracker.setRecordingState(False)
11.2402 	EXP 	eyetracker.setRecordingState(False)
11.2502 	EXP 	eyetracker.setRecordingState(False)
11.2583 	EXP 	eyetracker.setRecordingState(False)
11.2664 	EXP 	eyetracker.setRecordingState(False)
11.2748 	EXP 	eyetracker.setRecordingState(False)
11.2856 	EXP 	eyetracker.setRecordingState(False)
11.2933 	EXP 	eyetracker.setRecordingState(False)
11.3000 	EXP 	eyetracker.setRecordingState(False)
11.3081 	EXP 	eyetracker.setRecordingState(False)
11.3144 	EXP 	eyetracker.setRecordingState(False)
11.3200 	EXP 	eyetracker.setRecordingState(False)
11.3253 	EXP 	eyetracker.setRecordingState(False)
11.3319 	EXP 	eyetracker.setRecordingState(False)
11.3373 	EXP 	eyetracker.setRecordingState(False)
11.3423 	EXP 	eyetracker.setRecordingState(False)
11.3477 	EXP 	eyetracker.setRecordingState(False)
11.3533 	EXP 	eyetracker.setRecordingState(False)
11.3601 	EXP 	eyetracker.setRecordingState(False)
11.3670 	EXP 	eyetracker.setRecordingState(False)
11.3749 	EXP 	eyetracker.setRecordingState(False)
11.3823 	EXP 	eyetracker.setRecordingState(False)
11.3903 	EXP 	eyetracker.setRecordingState(False)
11.3973 	EXP 	eyetracker.setRecordingState(False)
11.4049 	EXP 	eyetracker.setRecordingState(False)
11.4123 	EXP 	eyetracker.setRecordingState(False)
11.4201 	EXP 	eyetracker.setRecordingState(False)
11.4288 	EXP 	eyetracker.setRecordingState(False)
11.4373 	EXP 	eyetracker.setRecordingState(False)
11.4463 	EXP 	eyetracker.setRecordingState(False)
11.4549 	EXP 	eyetracker.setRecordingState(False)
11.4639 	EXP 	eyetracker.setRecordingState(False)
11.4746 	EXP 	eyetracker.setRecordingState(False)
11.4840 	EXP 	eyetracker.setRecordingState(False)
11.4931 	EXP 	eyetracker.setRecordingState(False)
11.5040 	EXP 	eyetracker.setRecordingState(False)
11.5135 	EXP 	eyetracker.setRecordingState(False)
11.5237 	EXP 	eyetracker.setRecordingState(False)
11.5343 	EXP 	eyetracker.setRecordingState(False)
11.5444 	EXP 	eyetracker.setRecordingState(False)
11.5538 	EXP 	eyetracker.setRecordingState(False)
11.5630 	EXP 	eyetracker.setRecordingState(False)
11.5721 	EXP 	eyetracker.setRecordingState(False)
11.5821 	EXP 	eyetracker.setRecordingState(False)
11.5923 	EXP 	eyetracker.setRecordingState(False)
11.6008 	EXP 	eyetracker.setRecordingState(False)
11.6092 	EXP 	eyetracker.setRecordingState(False)
11.6176 	EXP 	eyetracker.setRecordingState(False)
11.6264 	EXP 	eyetracker.setRecordingState(False)
11.6356 	EXP 	eyetracker.setRecordingState(False)
11.6434 	EXP 	eyetracker.setRecordingState(False)
11.6506 	EXP 	eyetracker.setRecordingState(False)
11.6614 	EXP 	eyetracker.setRecordingState(False)
11.6651 	DATA 	Mouse: Left button down, pos=(404,516)
11.6709 	EXP 	eyetracker.setRecordingState(False)
11.6733 	EXP 	eyetracker.setRecordingState(False)
11.6932 	INFO 	Keyboard events cleared
11.6920 	EXP 	text_12: autoDraw = False
11.6920 	EXP 	fortune: autoDraw = False
11.6920 	EXP 	marina: autoDraw = False
11.6920 	EXP 	Njoy: autoDraw = False
11.6920 	EXP 	text_13: autoDraw = False
11.6920 	EXP 	text_14: autoDraw = False
11.6920 	EXP 	text_15: autoDraw = False
11.6920 	EXP 	text_instr: autoDraw = True
11.6920 	EXP 	kandos: autoDraw = True
11.6920 	EXP 	ritzbury: autoDraw = True
11.6920 	EXP 	revello: autoDraw = True
11.6920 	EXP 	cadbury: autoDraw = True
11.6920 	EXP 	text_20: autoDraw = True
11.6920 	EXP 	text_21: autoDraw = True
11.6920 	EXP 	text_22: autoDraw = True
11.6920 	EXP 	text_23: autoDraw = True
11.6960 	EXP 	eyetracker.setRecordingState(False)
11.7049 	EXP 	eyetracker.setRecordingState(False)
11.7131 	EXP 	eyetracker.setRecordingState(False)
11.7216 	EXP 	eyetracker.setRecordingState(False)
11.7303 	EXP 	eyetracker.setRecordingState(False)
11.7400 	EXP 	eyetracker.setRecordingState(False)
11.7496 	EXP 	eyetracker.setRecordingState(False)
11.7605 	EXP 	eyetracker.setRecordingState(False)
11.7713 	EXP 	eyetracker.setRecordingState(False)
11.7813 	EXP 	eyetracker.setRecordingState(False)
11.7908 	EXP 	eyetracker.setRecordingState(False)
11.8008 	EXP 	eyetracker.setRecordingState(False)
11.8106 	EXP 	eyetracker.setRecordingState(False)
11.8207 	EXP 	eyetracker.setRecordingState(False)
11.8306 	EXP 	eyetracker.setRecordingState(False)
11.8407 	EXP 	eyetracker.setRecordingState(False)
11.8538 	EXP 	eyetracker.setRecordingState(False)
11.8649 	EXP 	eyetracker.setRecordingState(False)
11.8753 	EXP 	eyetracker.setRecordingState(False)
11.8868 	EXP 	eyetracker.setRecordingState(False)
11.8946 	DATA 	Mouse:  Left button up, pos=(404,516)
11.9012 	EXP 	eyetracker.setRecordingState(False)
11.9145 	EXP 	eyetracker.setRecordingState(False)
11.9251 	EXP 	eyetracker.setRecordingState(False)
11.9353 	EXP 	eyetracker.setRecordingState(False)
11.9469 	EXP 	eyetracker.setRecordingState(False)
11.9593 	EXP 	eyetracker.setRecordingState(False)
11.9707 	EXP 	eyetracker.setRecordingState(False)
11.9819 	EXP 	eyetracker.setRecordingState(False)
11.9932 	EXP 	eyetracker.setRecordingState(False)
12.0049 	EXP 	eyetracker.setRecordingState(False)
12.0154 	EXP 	eyetracker.setRecordingState(False)
12.0262 	EXP 	eyetracker.setRecordingState(False)
12.0379 	EXP 	eyetracker.setRecordingState(False)
12.0479 	EXP 	eyetracker.setRecordingState(False)
12.0585 	EXP 	eyetracker.setRecordingState(False)
12.0688 	EXP 	eyetracker.setRecordingState(False)
12.0787 	EXP 	eyetracker.setRecordingState(False)
12.0893 	EXP 	eyetracker.setRecordingState(False)
12.0999 	EXP 	eyetracker.setRecordingState(False)
12.1103 	EXP 	eyetracker.setRecordingState(False)
12.1214 	EXP 	eyetracker.setRecordingState(False)
12.1308 	EXP 	eyetracker.setRecordingState(False)
12.1403 	EXP 	eyetracker.setRecordingState(False)
12.1496 	EXP 	eyetracker.setRecordingState(False)
12.1585 	EXP 	eyetracker.setRecordingState(False)
12.1681 	EXP 	eyetracker.setRecordingState(False)
12.1771 	EXP 	eyetracker.setRecordingState(False)
12.1861 	EXP 	eyetracker.setRecordingState(False)
12.1963 	EXP 	eyetracker.setRecordingState(False)
12.2059 	EXP 	eyetracker.setRecordingState(False)
12.2165 	EXP 	eyetracker.setRecordingState(False)
12.2265 	EXP 	eyetracker.setRecordingState(False)
12.2368 	EXP 	eyetracker.setRecordingState(False)
12.2468 	EXP 	eyetracker.setRecordingState(False)
12.2576 	EXP 	eyetracker.setRecordingState(False)
12.2682 	EXP 	eyetracker.setRecordingState(False)
12.2786 	EXP 	eyetracker.setRecordingState(False)
12.2891 	EXP 	eyetracker.setRecordingState(False)
12.2995 	EXP 	eyetracker.setRecordingState(False)
12.3097 	EXP 	eyetracker.setRecordingState(False)
12.3193 	EXP 	eyetracker.setRecordingState(False)
12.3285 	EXP 	eyetracker.setRecordingState(False)
12.3374 	EXP 	eyetracker.setRecordingState(False)
12.3462 	EXP 	eyetracker.setRecordingState(False)
12.3544 	EXP 	eyetracker.setRecordingState(False)
12.3614 	EXP 	eyetracker.setRecordingState(False)
12.3687 	EXP 	eyetracker.setRecordingState(False)
12.3757 	EXP 	eyetracker.setRecordingState(False)
12.3830 	EXP 	eyetracker.setRecordingState(False)
12.3897 	EXP 	eyetracker.setRecordingState(False)
12.3968 	EXP 	eyetracker.setRecordingState(False)
12.4038 	EXP 	eyetracker.setRecordingState(False)
12.4106 	EXP 	eyetracker.setRecordingState(False)
12.4175 	EXP 	eyetracker.setRecordingState(False)
12.4249 	EXP 	eyetracker.setRecordingState(False)
12.4320 	EXP 	eyetracker.setRecordingState(False)
12.4394 	EXP 	eyetracker.setRecordingState(False)
12.4455 	EXP 	eyetracker.setRecordingState(False)
12.4528 	EXP 	eyetracker.setRecordingState(False)
12.4594 	EXP 	eyetracker.setRecordingState(False)
12.4664 	EXP 	eyetracker.setRecordingState(False)
12.4743 	EXP 	eyetracker.setRecordingState(False)
12.4836 	EXP 	eyetracker.setRecordingState(False)
12.4938 	EXP 	eyetracker.setRecordingState(False)
12.5010 	EXP 	eyetracker.setRecordingState(False)
12.5081 	EXP 	eyetracker.setRecordingState(False)
12.5149 	EXP 	eyetracker.setRecordingState(False)
12.5212 	EXP 	eyetracker.setRecordingState(False)
12.5274 	EXP 	eyetracker.setRecordingState(False)
12.5354 	EXP 	eyetracker.setRecordingState(False)
12.5447 	EXP 	eyetracker.setRecordingState(False)
12.5529 	EXP 	eyetracker.setRecordingState(False)
12.5605 	EXP 	eyetracker.setRecordingState(False)
12.5697 	EXP 	eyetracker.setRecordingState(False)
12.5779 	EXP 	eyetracker.setRecordingState(False)
12.5861 	EXP 	eyetracker.setRecordingState(False)
12.5937 	EXP 	eyetracker.setRecordingState(False)
12.6021 	EXP 	eyetracker.setRecordingState(False)
12.6134 	EXP 	eyetracker.setRecordingState(False)
12.6206 	EXP 	eyetracker.setRecordingState(False)
12.6275 	EXP 	eyetracker.setRecordingState(False)
12.6339 	EXP 	eyetracker.setRecordingState(False)
12.6410 	EXP 	eyetracker.setRecordingState(False)
12.6503 	EXP 	eyetracker.setRecordingState(False)
12.6598 	EXP 	eyetracker.setRecordingState(False)
12.6675 	EXP 	eyetracker.setRecordingState(False)
12.6758 	EXP 	eyetracker.setRecordingState(False)
12.6849 	EXP 	eyetracker.setRecordingState(False)
12.6933 	EXP 	eyetracker.setRecordingState(False)
12.7027 	EXP 	eyetracker.setRecordingState(False)
12.7128 	EXP 	eyetracker.setRecordingState(False)
12.7224 	EXP 	eyetracker.setRecordingState(False)
12.7326 	EXP 	eyetracker.setRecordingState(False)
12.7434 	EXP 	eyetracker.setRecordingState(False)
12.7535 	EXP 	eyetracker.setRecordingState(False)
12.7648 	EXP 	eyetracker.setRecordingState(False)
12.7752 	EXP 	eyetracker.setRecordingState(False)
12.7853 	EXP 	eyetracker.setRecordingState(False)
12.7956 	EXP 	eyetracker.setRecordingState(False)
12.8072 	EXP 	eyetracker.setRecordingState(False)
12.8168 	EXP 	eyetracker.setRecordingState(False)
12.8274 	EXP 	eyetracker.setRecordingState(False)
12.8371 	EXP 	eyetracker.setRecordingState(False)
12.8460 	EXP 	eyetracker.setRecordingState(False)
12.8567 	EXP 	eyetracker.setRecordingState(False)
12.8658 	EXP 	eyetracker.setRecordingState(False)
12.8760 	EXP 	eyetracker.setRecordingState(False)
12.8855 	EXP 	eyetracker.setRecordingState(False)
12.8965 	EXP 	eyetracker.setRecordingState(False)
12.9059 	EXP 	eyetracker.setRecordingState(False)
12.9160 	EXP 	eyetracker.setRecordingState(False)
12.9261 	EXP 	eyetracker.setRecordingState(False)
12.9365 	EXP 	eyetracker.setRecordingState(False)
12.9460 	EXP 	eyetracker.setRecordingState(False)
12.9562 	EXP 	eyetracker.setRecordingState(False)
12.9667 	EXP 	eyetracker.setRecordingState(False)
12.9765 	EXP 	eyetracker.setRecordingState(False)
12.9870 	EXP 	eyetracker.setRecordingState(False)
12.9964 	EXP 	eyetracker.setRecordingState(False)
13.0059 	EXP 	eyetracker.setRecordingState(False)
13.0165 	EXP 	eyetracker.setRecordingState(False)
13.0257 	EXP 	eyetracker.setRecordingState(False)
13.0343 	EXP 	eyetracker.setRecordingState(False)
13.0416 	EXP 	eyetracker.setRecordingState(False)
13.0486 	EXP 	eyetracker.setRecordingState(False)
13.0572 	EXP 	eyetracker.setRecordingState(False)
13.0652 	EXP 	eyetracker.setRecordingState(False)
13.0724 	EXP 	eyetracker.setRecordingState(False)
13.0799 	EXP 	eyetracker.setRecordingState(False)
13.0878 	EXP 	eyetracker.setRecordingState(False)
13.0954 	EXP 	eyetracker.setRecordingState(False)
13.1031 	EXP 	eyetracker.setRecordingState(False)
13.1099 	EXP 	eyetracker.setRecordingState(False)
13.1168 	EXP 	eyetracker.setRecordingState(False)
13.1250 	EXP 	eyetracker.setRecordingState(False)
13.1323 	EXP 	eyetracker.setRecordingState(False)
13.1402 	EXP 	eyetracker.setRecordingState(False)
13.1495 	EXP 	eyetracker.setRecordingState(False)
13.1569 	EXP 	eyetracker.setRecordingState(False)
13.1637 	EXP 	eyetracker.setRecordingState(False)
13.1712 	EXP 	eyetracker.setRecordingState(False)
13.1792 	EXP 	eyetracker.setRecordingState(False)
13.1857 	EXP 	eyetracker.setRecordingState(False)
13.1924 	EXP 	eyetracker.setRecordingState(False)
13.1995 	EXP 	eyetracker.setRecordingState(False)
13.2065 	EXP 	eyetracker.setRecordingState(False)
13.2136 	EXP 	eyetracker.setRecordingState(False)
13.2208 	EXP 	eyetracker.setRecordingState(False)
13.2276 	EXP 	eyetracker.setRecordingState(False)
13.2346 	EXP 	eyetracker.setRecordingState(False)
13.2419 	EXP 	eyetracker.setRecordingState(False)
13.2487 	EXP 	eyetracker.setRecordingState(False)
13.2566 	EXP 	eyetracker.setRecordingState(False)
13.2632 	EXP 	eyetracker.setRecordingState(False)
13.2694 	EXP 	eyetracker.setRecordingState(False)
13.2761 	EXP 	eyetracker.setRecordingState(False)
13.2832 	EXP 	eyetracker.setRecordingState(False)
13.2902 	EXP 	eyetracker.setRecordingState(False)
13.2972 	EXP 	eyetracker.setRecordingState(False)
13.3044 	EXP 	eyetracker.setRecordingState(False)
13.3115 	EXP 	eyetracker.setRecordingState(False)
13.3189 	EXP 	eyetracker.setRecordingState(False)
13.3261 	EXP 	eyetracker.setRecordingState(False)
13.3340 	EXP 	eyetracker.setRecordingState(False)
13.3417 	EXP 	eyetracker.setRecordingState(False)
13.3494 	EXP 	eyetracker.setRecordingState(False)
13.3571 	EXP 	eyetracker.setRecordingState(False)
13.3658 	EXP 	eyetracker.setRecordingState(False)
13.3735 	EXP 	eyetracker.setRecordingState(False)
13.3808 	EXP 	eyetracker.setRecordingState(False)
13.3893 	EXP 	eyetracker.setRecordingState(False)
13.3972 	EXP 	eyetracker.setRecordingState(False)
13.4057 	EXP 	eyetracker.setRecordingState(False)
13.4153 	EXP 	eyetracker.setRecordingState(False)
13.4236 	EXP 	eyetracker.setRecordingState(False)
13.4310 	EXP 	eyetracker.setRecordingState(False)
13.4378 	EXP 	eyetracker.setRecordingState(False)
13.4453 	EXP 	eyetracker.setRecordingState(False)
13.4521 	EXP 	eyetracker.setRecordingState(False)
13.4591 	EXP 	eyetracker.setRecordingState(False)
13.4664 	EXP 	eyetracker.setRecordingState(False)
13.4742 	EXP 	eyetracker.setRecordingState(False)
13.4815 	EXP 	eyetracker.setRecordingState(False)
13.4888 	EXP 	eyetracker.setRecordingState(False)
13.4960 	EXP 	eyetracker.setRecordingState(False)
13.5036 	EXP 	eyetracker.setRecordingState(False)
13.5117 	EXP 	eyetracker.setRecordingState(False)
13.5195 	EXP 	eyetracker.setRecordingState(False)
13.5262 	EXP 	eyetracker.setRecordingState(False)
13.5332 	EXP 	eyetracker.setRecordingState(False)
13.5410 	EXP 	eyetracker.setRecordingState(False)
13.5481 	EXP 	eyetracker.setRecordingState(False)
13.5551 	EXP 	eyetracker.setRecordingState(False)
13.5622 	EXP 	eyetracker.setRecordingState(False)
13.5697 	EXP 	eyetracker.setRecordingState(False)
13.5773 	EXP 	eyetracker.setRecordingState(False)
13.5850 	EXP 	eyetracker.setRecordingState(False)
13.5927 	EXP 	eyetracker.setRecordingState(False)
13.6009 	EXP 	eyetracker.setRecordingState(False)
13.6106 	EXP 	eyetracker.setRecordingState(False)
13.6191 	EXP 	eyetracker.setRecordingState(False)
13.6290 	EXP 	eyetracker.setRecordingState(False)
13.6364 	EXP 	eyetracker.setRecordingState(False)
13.6449 	EXP 	eyetracker.setRecordingState(False)
13.6526 	EXP 	eyetracker.setRecordingState(False)
13.6608 	EXP 	eyetracker.setRecordingState(False)
13.6681 	EXP 	eyetracker.setRecordingState(False)
13.6756 	EXP 	eyetracker.setRecordingState(False)
13.6829 	EXP 	eyetracker.setRecordingState(False)
13.6932 	EXP 	eyetracker.setRecordingState(False)
13.7011 	EXP 	eyetracker.setRecordingState(False)
13.7087 	EXP 	eyetracker.setRecordingState(False)
13.7162 	EXP 	eyetracker.setRecordingState(False)
13.7240 	EXP 	eyetracker.setRecordingState(False)
13.7316 	EXP 	eyetracker.setRecordingState(False)
13.7384 	EXP 	eyetracker.setRecordingState(False)
13.7460 	EXP 	eyetracker.setRecordingState(False)
13.7546 	EXP 	eyetracker.setRecordingState(False)
13.7641 	EXP 	eyetracker.setRecordingState(False)
13.7737 	EXP 	eyetracker.setRecordingState(False)
13.7828 	EXP 	eyetracker.setRecordingState(False)
13.7933 	EXP 	eyetracker.setRecordingState(False)
13.8012 	EXP 	eyetracker.setRecordingState(False)
13.8090 	EXP 	eyetracker.setRecordingState(False)
13.8158 	EXP 	eyetracker.setRecordingState(False)
13.8243 	EXP 	eyetracker.setRecordingState(False)
13.8336 	EXP 	eyetracker.setRecordingState(False)
13.8430 	EXP 	eyetracker.setRecordingState(False)
13.8532 	EXP 	eyetracker.setRecordingState(False)
13.8635 	EXP 	eyetracker.setRecordingState(False)
13.8757 	EXP 	eyetracker.setRecordingState(False)
13.8856 	EXP 	eyetracker.setRecordingState(False)
13.8947 	EXP 	eyetracker.setRecordingState(False)
13.9031 	EXP 	eyetracker.setRecordingState(False)
13.9122 	EXP 	eyetracker.setRecordingState(False)
13.9205 	EXP 	eyetracker.setRecordingState(False)
13.9300 	EXP 	eyetracker.setRecordingState(False)
13.9403 	EXP 	eyetracker.setRecordingState(False)
13.9493 	EXP 	eyetracker.setRecordingState(False)
13.9557 	DATA 	Mouse: Left button down, pos=(1434,576)
13.9634 	EXP 	eyetracker.setRecordingState(False)
13.9663 	EXP 	eyetracker.setRecordingState(False)
13.9893 	INFO 	Keyboard events cleared
13.9883 	EXP 	text_instr: autoDraw = False
13.9883 	EXP 	kandos: autoDraw = False
13.9883 	EXP 	ritzbury: autoDraw = False
13.9883 	EXP 	revello: autoDraw = False
13.9883 	EXP 	cadbury: autoDraw = False
13.9883 	EXP 	text_20: autoDraw = False
13.9883 	EXP 	text_21: autoDraw = False
13.9883 	EXP 	text_22: autoDraw = False
13.9883 	EXP 	text_23: autoDraw = False
13.9883 	EXP 	text_instr_2: autoDraw = True
13.9883 	EXP 	goldi: autoDraw = True
13.9883 	EXP 	elephanthouse: autoDraw = True
13.9883 	EXP 	krest: autoDraw = True
13.9883 	EXP 	pussalla: autoDraw = True
13.9883 	EXP 	text_16: autoDraw = True
13.9883 	EXP 	text_17: autoDraw = True
13.9883 	EXP 	text_18: autoDraw = True
13.9883 	EXP 	text_19: autoDraw = True
13.9914 	EXP 	eyetracker.setRecordingState(False)
13.9990 	EXP 	eyetracker.setRecordingState(False)
14.0070 	EXP 	eyetracker.setRecordingState(False)
14.0161 	EXP 	eyetracker.setRecordingState(False)
14.0258 	EXP 	eyetracker.setRecordingState(False)
14.0367 	EXP 	eyetracker.setRecordingState(False)
14.0467 	EXP 	eyetracker.setRecordingState(False)
14.0574 	EXP 	eyetracker.setRecordingState(False)
14.0688 	EXP 	eyetracker.setRecordingState(False)
14.0828 	EXP 	eyetracker.setRecordingState(False)
14.0935 	EXP 	eyetracker.setRecordingState(False)
14.1043 	EXP 	eyetracker.setRecordingState(False)
14.1156 	EXP 	eyetracker.setRecordingState(False)
14.1261 	EXP 	eyetracker.setRecordingState(False)
14.1369 	EXP 	eyetracker.setRecordingState(False)
14.1474 	EXP 	eyetracker.setRecordingState(False)
14.1583 	EXP 	eyetracker.setRecordingState(False)
14.1693 	EXP 	eyetracker.setRecordingState(False)
14.1808 	EXP 	eyetracker.setRecordingState(False)
14.1874 	DATA 	Mouse:  Left button up, pos=(1434,576)
14.1931 	EXP 	eyetracker.setRecordingState(False)
14.2068 	EXP 	eyetracker.setRecordingState(False)
14.2193 	EXP 	eyetracker.setRecordingState(False)
14.2307 	EXP 	eyetracker.setRecordingState(False)
14.2407 	EXP 	eyetracker.setRecordingState(False)
14.2507 	EXP 	eyetracker.setRecordingState(False)
14.2601 	EXP 	eyetracker.setRecordingState(False)
14.2716 	EXP 	eyetracker.setRecordingState(False)
14.2823 	EXP 	eyetracker.setRecordingState(False)
14.2929 	EXP 	eyetracker.setRecordingState(False)
14.3026 	EXP 	eyetracker.setRecordingState(False)
14.3117 	EXP 	eyetracker.setRecordingState(False)
14.3220 	EXP 	eyetracker.setRecordingState(False)
14.3331 	EXP 	eyetracker.setRecordingState(False)
14.3428 	EXP 	eyetracker.setRecordingState(False)
14.3514 	EXP 	eyetracker.setRecordingState(False)
14.3604 	EXP 	eyetracker.setRecordingState(False)
14.3698 	EXP 	eyetracker.setRecordingState(False)
14.3799 	EXP 	eyetracker.setRecordingState(False)
14.3925 	EXP 	eyetracker.setRecordingState(False)
14.4020 	EXP 	eyetracker.setRecordingState(False)
14.4114 	EXP 	eyetracker.setRecordingState(False)
14.4199 	EXP 	eyetracker.setRecordingState(False)
14.4285 	EXP 	eyetracker.setRecordingState(False)
14.4373 	EXP 	eyetracker.setRecordingState(False)
14.4460 	EXP 	eyetracker.setRecordingState(False)
14.4576 	EXP 	eyetracker.setRecordingState(False)
14.4648 	EXP 	eyetracker.setRecordingState(False)
14.4739 	EXP 	eyetracker.setRecordingState(False)
14.4835 	EXP 	eyetracker.setRecordingState(False)
14.4928 	EXP 	eyetracker.setRecordingState(False)
14.5037 	EXP 	eyetracker.setRecordingState(False)
14.5142 	EXP 	eyetracker.setRecordingState(False)
14.5252 	EXP 	eyetracker.setRecordingState(False)
14.5370 	EXP 	eyetracker.setRecordingState(False)
14.5483 	EXP 	eyetracker.setRecordingState(False)
14.5582 	EXP 	eyetracker.setRecordingState(False)
14.5673 	EXP 	eyetracker.setRecordingState(False)
14.5776 	EXP 	eyetracker.setRecordingState(False)
14.5891 	EXP 	eyetracker.setRecordingState(False)
14.5998 	EXP 	eyetracker.setRecordingState(False)
14.6103 	EXP 	eyetracker.setRecordingState(False)
14.6198 	EXP 	eyetracker.setRecordingState(False)
14.6317 	EXP 	eyetracker.setRecordingState(False)
14.6437 	EXP 	eyetracker.setRecordingState(False)
14.6525 	EXP 	eyetracker.setRecordingState(False)
14.6635 	EXP 	eyetracker.setRecordingState(False)
14.6735 	EXP 	eyetracker.setRecordingState(False)
14.6858 	EXP 	eyetracker.setRecordingState(False)
14.6985 	EXP 	eyetracker.setRecordingState(False)
14.7138 	EXP 	eyetracker.setRecordingState(False)
14.7277 	EXP 	eyetracker.setRecordingState(False)
14.7421 	EXP 	eyetracker.setRecordingState(False)
14.7564 	EXP 	eyetracker.setRecordingState(False)
14.7717 	EXP 	eyetracker.setRecordingState(False)
14.7857 	EXP 	eyetracker.setRecordingState(False)
14.8013 	EXP 	eyetracker.setRecordingState(False)
14.8142 	EXP 	eyetracker.setRecordingState(False)
14.8239 	EXP 	eyetracker.setRecordingState(False)
14.8382 	EXP 	eyetracker.setRecordingState(False)
14.8517 	EXP 	eyetracker.setRecordingState(False)
14.8647 	EXP 	eyetracker.setRecordingState(False)
14.8776 	EXP 	eyetracker.setRecordingState(False)
14.8895 	EXP 	eyetracker.setRecordingState(False)
14.9025 	EXP 	eyetracker.setRecordingState(False)
14.9150 	EXP 	eyetracker.setRecordingState(False)
14.9265 	EXP 	eyetracker.setRecordingState(False)
14.9369 	EXP 	eyetracker.setRecordingState(False)
14.9464 	EXP 	eyetracker.setRecordingState(False)
14.9567 	EXP 	eyetracker.setRecordingState(False)
14.9656 	EXP 	eyetracker.setRecordingState(False)
14.9746 	EXP 	eyetracker.setRecordingState(False)
14.9830 	EXP 	eyetracker.setRecordingState(False)
14.9945 	EXP 	eyetracker.setRecordingState(False)
15.0039 	EXP 	eyetracker.setRecordingState(False)
15.0151 	EXP 	eyetracker.setRecordingState(False)
15.0246 	EXP 	eyetracker.setRecordingState(False)
15.0347 	EXP 	eyetracker.setRecordingState(False)
15.0476 	EXP 	eyetracker.setRecordingState(False)
15.0584 	EXP 	eyetracker.setRecordingState(False)
15.0709 	EXP 	eyetracker.setRecordingState(False)
15.0861 	EXP 	eyetracker.setRecordingState(False)
15.0986 	EXP 	eyetracker.setRecordingState(False)
15.1088 	EXP 	eyetracker.setRecordingState(False)
15.1209 	EXP 	eyetracker.setRecordingState(False)
15.1333 	EXP 	eyetracker.setRecordingState(False)
15.1446 	EXP 	eyetracker.setRecordingState(False)
15.1553 	EXP 	eyetracker.setRecordingState(False)
15.1653 	EXP 	eyetracker.setRecordingState(False)
15.1772 	EXP 	eyetracker.setRecordingState(False)
15.1929 	EXP 	eyetracker.setRecordingState(False)
15.2055 	EXP 	eyetracker.setRecordingState(False)
15.2170 	EXP 	eyetracker.setRecordingState(False)
15.2329 	EXP 	eyetracker.setRecordingState(False)
15.2475 	EXP 	eyetracker.setRecordingState(False)
15.2608 	EXP 	eyetracker.setRecordingState(False)
15.2745 	EXP 	eyetracker.setRecordingState(False)
15.2843 	EXP 	eyetracker.setRecordingState(False)
15.2950 	EXP 	eyetracker.setRecordingState(False)
15.3082 	EXP 	eyetracker.setRecordingState(False)
15.3194 	EXP 	eyetracker.setRecordingState(False)
15.3298 	EXP 	eyetracker.setRecordingState(False)
15.3394 	EXP 	eyetracker.setRecordingState(False)
15.3489 	EXP 	eyetracker.setRecordingState(False)
15.3582 	EXP 	eyetracker.setRecordingState(False)
15.3688 	EXP 	eyetracker.setRecordingState(False)
15.3789 	EXP 	eyetracker.setRecordingState(False)
15.3895 	EXP 	eyetracker.setRecordingState(False)
15.4006 	EXP 	eyetracker.setRecordingState(False)
15.4104 	EXP 	eyetracker.setRecordingState(False)
15.4198 	EXP 	eyetracker.setRecordingState(False)
15.4296 	EXP 	eyetracker.setRecordingState(False)
15.4380 	EXP 	eyetracker.setRecordingState(False)
15.4474 	EXP 	eyetracker.setRecordingState(False)
15.4557 	EXP 	eyetracker.setRecordingState(False)
15.4643 	EXP 	eyetracker.setRecordingState(False)
15.4734 	EXP 	eyetracker.setRecordingState(False)
15.4821 	EXP 	eyetracker.setRecordingState(False)
15.4906 	EXP 	eyetracker.setRecordingState(False)
15.4981 	EXP 	eyetracker.setRecordingState(False)
15.5055 	EXP 	eyetracker.setRecordingState(False)
15.5126 	EXP 	eyetracker.setRecordingState(False)
15.5201 	EXP 	eyetracker.setRecordingState(False)
15.5266 	EXP 	eyetracker.setRecordingState(False)
15.5336 	EXP 	eyetracker.setRecordingState(False)
15.5440 	EXP 	eyetracker.setRecordingState(False)
15.5540 	EXP 	eyetracker.setRecordingState(False)
15.5629 	EXP 	eyetracker.setRecordingState(False)
15.5675 	DATA 	Mouse: Left button down, pos=(556,477)
15.5736 	EXP 	eyetracker.setRecordingState(False)
15.5778 	EXP 	text_instr_2: autoDraw = False
15.5778 	EXP 	goldi: autoDraw = False
15.5778 	EXP 	elephanthouse: autoDraw = False
15.5778 	EXP 	krest: autoDraw = False
15.5778 	EXP 	pussalla: autoDraw = False
15.5778 	EXP 	text_16: autoDraw = False
15.5778 	EXP 	text_17: autoDraw = False
15.5778 	EXP 	text_18: autoDraw = False
15.5778 	EXP 	text_19: autoDraw = False
15.5781 	EXP 	Cheese: status = STOPPED
15.6260 	INFO 	saved data to 'C:\\Users\\M S I\\OneDrive\\Documents\\GitHub\\Research-Project\\data\\279883_Cheese_2026-03-09_14h29.25.586.csv'
15.6267 	INFO 	saved data to C:\Users\M S I\OneDrive\Documents\GitHub\Research-Project\data\279883_Cheese_2026-03-09_14h29.25.586.psydat
