1213.0648 	INFO 	Loaded monitor calibration from ['2025_12_23 12:18']
1213.1610 	WARNING 	User requested fullscreen with size [1024  768], but screen is actually [1920, 1080]. Using actual size
1217.6106 	INFO 	Using renderer 'Intel(R) UHD Graphics' for graphics
1217.6107 	INFO 	OpenGL version supported by driver is 4..
1217.6735 	EXP 	Created window1 = Window(allowGUI=True, allowStencil=False, autoLog=True, backendConf=UNKNOWN, backgroundFit=<method-wrapper '__getattribute__' of attributeSetter object at 0x0000018D24AAB010>, backgroundImage=<method-wrapper '__getattribute__' of attributeSetter object at 0x0000018D24AAAFB0>, bitsMode=UNKNOWN, blendMode='avg', bpc=(8, 8, 8), color=array([-1., -1., -1.]), colorSpace='rgb', depthBits=8, fullscr=True, gamma=None, gammaErrorPolicy='raise', infoMsg=UNKNOWN, lms=UNKNOWN, monitor=<psychopy.monitors.calibTools.Monitor object at 0x0000018D258117E0>, multiSample=False, name='window1', numSamples=2, pos=[np.float64(0.0), np.float64(0.0)], screen=0, size=array([1920, 1080]), stencilBits=0, stereo=False, title='PsychoPy', units='height', useFBO=True, useRetina=False, viewOri=0.0, viewPos=None, viewScale=None, waitBlanking=True, winType='pyglet')
1217.6736 	EXP 	window1: backgroundImage = ''
1217.6736 	EXP 	window1: backgroundFit = 'none'
1218.3823 	EXP 	window1: Attempting to measure frame rate of screen (0) ...
1218.3824 	EXP 	window1: recordFrameIntervals = False
1218.5339 	EXP 	window1: recordFrameIntervals = True
1218.7287 	EXP 	Screen (0) actual frame rate measured at 69.07Hz
1218.7289 	EXP 	window1: recordFrameIntervals = False
1241.3809 	INFO 	keyboard.Keyboard is using iohub backend.
1241.3809 	EXP 	Cheese: status = STARTED
1241.8551 	EXP 	Created text = TextStim(__class__=<class 'psychopy.visual.text.TextStim'>, alignHoriz=method-wrapper(...), alignText='center', alignVert=method-wrapper(...), anchorHoriz='center', anchorVert='center', antialias=True, autoDraw=False, autoLog=True, bold=False, color=array([1., 1., 1.]), colorSpace='rgb', contrast=1.0, depth=0.0, draggable=False, flipHoriz=False, flipVert=False, font='Arial', fontFiles=[], height=0.05, italic=False, languageStyle='LTR', name='text', opacity=1, ori=0.0, pos=array([0. , 0.3]), rgb=UNKNOWN, text='', units='height', win=Window(...), wrapWidth=1)
1242.0648 	EXP 	Created ambewela = ImageStim(__class__=<class 'psychopy.visual.image.ImageStim'>, anchor=('center', 'center'), autoLog=True, color=array([1., 1., 1.]), colorSpace='rgb', contrast=1.0, depth=-1.0, draggable=False, flipHoriz=np.False_, flipVert=np.False_, image='default.png', interpolate=True, mask=None, maskParams=None, name='ambewela', opacity=1.0, ori=0.0, pos=array([-0.6,  0. ]), size=array([0.2, 0.2]), texRes=128.0, units='height', win=Window(...))
1242.1358 	EXP 	Created kothmale = ImageStim(__class__=<class 'psychopy.visual.image.ImageStim'>, anchor=('center', 'center'), autoLog=True, color=array([1., 1., 1.]), colorSpace='rgb', contrast=1.0, depth=-2.0, draggable=False, flipHoriz=np.False_, flipVert=np.False_, image='default.png', interpolate=True, mask=None, maskParams=None, name='kothmale', opacity=1.0, ori=0.0, pos=array([-0.3,  0. ]), size=array([0.2, 0.2]), texRes=128.0, units='height', win=Window(...))
1242.2496 	EXP 	Created happycow = ImageStim(__class__=<class 'psychopy.visual.image.ImageStim'>, anchor=('center', 'center'), autoLog=True, color=array([1., 1., 1.]), colorSpace='rgb', contrast=1.0, depth=-3.0, draggable=False, flipHoriz=np.False_, flipVert=np.False_, image='default.png', interpolate=True, mask=None, maskParams=None, name='happycow', opacity=1.0, ori=0.0, pos=array([0., 0.]), size=array([0.2, 0.2]), texRes=128.0, units='height', win=Window(...))
1242.3385 	EXP 	Created kraft = ImageStim(__class__=<class 'psychopy.visual.image.ImageStim'>, anchor=('center', 'center'), autoLog=True, color=array([1., 1., 1.]), colorSpace='rgb', contrast=1.0, depth=-4.0, draggable=False, flipHoriz=np.False_, flipVert=np.False_, image='default.png', interpolate=True, mask=None, maskParams=None, name='kraft', opacity=1.0, ori=0.0, pos=array([0.3, 0. ]), size=array([0.2, 0.2]), texRes=128.0, units='height', win=Window(...))
1242.3673 	EXP 	Created richlife = ImageStim(__class__=<class 'psychopy.visual.image.ImageStim'>, anchor=('center', 'center'), autoLog=True, color=array([1., 1., 1.]), colorSpace='rgb', contrast=1.0, depth=-5.0, draggable=False, flipHoriz=np.False_, flipVert=np.False_, image='default.png', interpolate=True, mask=None, maskParams=None, name='richlife', opacity=1.0, ori=0.0, pos=array([0.6, 0. ]), size=array([0.2, 0.2]), texRes=128.0, units='height', win=Window(...))
1243.5551 	EXP 	Created text_2 = TextStim(__class__=<class 'psychopy.visual.text.TextStim'>, alignHoriz=method-wrapper(...), alignText='center', alignVert=method-wrapper(...), anchorHoriz='center', anchorVert='center', antialias=True, autoDraw=False, autoLog=True, bold=False, color=array([1., 1., 1.]), colorSpace='rgb', contrast=1.0, depth=-6.0, draggable=False, flipHoriz=False, flipVert=False, font='Arial', fontFiles=[], height=np.float64(0.02), italic=False, languageStyle='LTR', name='text_2', opacity=1, ori=0.0, pos=array([-0.6, -0.3]), rgb=UNKNOWN, text=str(...), units='height', win=Window(...), wrapWidth=1)
1243.5757 	EXP 	Created text_3 = TextStim(__class__=<class 'psychopy.visual.text.TextStim'>, alignHoriz=method-wrapper(...), alignText='center', alignVert=method-wrapper(...), anchorHoriz='center', anchorVert='center', antialias=True, autoDraw=False, autoLog=True, bold=False, color=array([1., 1., 1.]), colorSpace='rgb', contrast=1.0, depth=-7.0, draggable=False, flipHoriz=False, flipVert=False, font='Arial', fontFiles=[], height=np.float64(0.02), italic=False, languageStyle='LTR', name='text_3', opacity=1, ori=0.0, pos=array([-0.3, -0.3]), rgb=UNKNOWN, text='Kothmale Cheddar\n250 g \nRs 1300', units='height', win=Window(...), wrapWidth=1)
1243.5992 	EXP 	Created text_4 = TextStim(__class__=<class 'psychopy.visual.text.TextStim'>, alignHoriz=method-wrapper(...), alignText='center', alignVert=method-wrapper(...), anchorHoriz='center', anchorVert='center', antialias=True, autoDraw=False, autoLog=True, bold=False, color=array([1., 1., 1.]), colorSpace='rgb', contrast=1.0, depth=-8.0, draggable=False, flipHoriz=False, flipVert=False, font='Arial', fontFiles=[], height=np.float64(0.02), italic=False, languageStyle='LTR', name='text_4', opacity=1, ori=0.0, pos=array([ 0. , -0.3]), rgb=UNKNOWN, text='HappyCow Cheese\n340 g\nRs 1200', units='height', win=Window(...), wrapWidth=1)
1243.6146 	EXP 	Created text_5 = TextStim(__class__=<class 'psychopy.visual.text.TextStim'>, alignHoriz=method-wrapper(...), alignText='center', alignVert=method-wrapper(...), anchorHoriz='center', anchorVert='center', antialias=True, autoDraw=False, autoLog=True, bold=False, color=array([1., 1., 1.]), colorSpace='rgb', contrast=1.0, depth=-9.0, draggable=False, flipHoriz=False, flipVert=False, font='Arial', fontFiles=[], height=np.float64(0.02), italic=False, languageStyle='LTR', name='text_5', opacity=1, ori=0.0, pos=array([ 0.3, -0.3]), rgb=UNKNOWN, text='Kraft Cheddar Cheese\n250 g\nRs 2590', units='height', win=Window(...), wrapWidth=1)
1243.6321 	EXP 	Created text_6 = TextStim(__class__=<class 'psychopy.visual.text.TextStim'>, alignHoriz=method-wrapper(...), alignText='center', alignVert=method-wrapper(...), anchorHoriz='center', anchorVert='center', antialias=True, autoDraw=False, autoLog=True, bold=False, color=array([1., 1., 1.]), colorSpace='rgb', contrast=1.0, depth=-10.0, draggable=False, flipHoriz=False, flipVert=False, font='Arial', fontFiles=[], height=np.float64(0.02), italic=False, languageStyle='LTR', name='text_6', opacity=1, ori=0.0, pos=array([ 0.6, -0.3]), rgb=UNKNOWN, text='Rich Life Cheddar Cheese\n100 g\nRs 625', units='height', win=Window(...), wrapWidth=1)
1243.6880 	EXP 	Created text_7 = TextStim(__class__=<class 'psychopy.visual.text.TextStim'>, alignHoriz=method-wrapper(...), alignText='center', alignVert=method-wrapper(...), anchorHoriz='center', anchorVert='center', antialias=True, autoDraw=False, autoLog=True, bold=False, color=array([1., 1., 1.]), colorSpace='rgb', contrast=1.0, depth=0.0, draggable=False, flipHoriz=False, flipVert=False, font='Arial', fontFiles=[], height=np.float64(0.05), italic=False, languageStyle='LTR', name='text_7', opacity=1, ori=0.0, pos=array([0. , 0.3]), rgb=UNKNOWN, text='Which one are you going to buy ?', units='height', win=Window(...), wrapWidth=1)
1243.7246 	EXP 	Created highlandYoghurt = ImageStim(__class__=<class 'psychopy.visual.image.ImageStim'>, anchor=('center', 'center'), autoLog=True, color=array([1., 1., 1.]), colorSpace='rgb', contrast=1.0, depth=-1.0, draggable=False, flipHoriz=np.False_, flipVert=np.False_, image='Highland yp.jpg', interpolate=True, mask=None, maskParams=None, name='highlandYoghurt', opacity=1, ori=0.0, pos=array([-0.4,  0. ]), size=array([0.2, 0.2]), texRes=128.0, units='height', win=Window(...))
1243.7741 	EXP 	Created anchoryoghurt = ImageStim(__class__=<class 'psychopy.visual.image.ImageStim'>, anchor=('center', 'center'), autoLog=True, color=array([1., 1., 1.]), colorSpace='rgb', contrast=1.0, depth=-2.0, draggable=False, flipHoriz=np.False_, flipVert=np.False_, image='anchor youghurt.jpg', interpolate=True, mask=None, maskParams=None, name='anchoryoghurt', opacity=1, ori=0.0, pos=array([-0.1,  0. ]), size=array([0.2, 0.2]), texRes=128.0, units='height', win=Window(...))
1243.8344 	EXP 	Created ambewelayoghurt = ImageStim(__class__=<class 'psychopy.visual.image.ImageStim'>, anchor=('center', 'center'), autoLog=True, color=array([1., 1., 1.]), colorSpace='rgb', contrast=1.0, depth=-3.0, draggable=False, flipHoriz=np.False_, flipVert=np.False_, image='ambewela yoghurt.jpg', interpolate=True, mask=None, maskParams=None, name='ambewelayoghurt', opacity=1, ori=0.0, pos=array([0.2, 0. ]), size=array([0.2, 0.2]), texRes=128.0, units='height', win=Window(...))
1243.8809 	EXP 	Created pelawatteyoghurt = ImageStim(__class__=<class 'psychopy.visual.image.ImageStim'>, anchor=('center', 'center'), autoLog=True, color=array([1., 1., 1.]), colorSpace='rgb', contrast=1.0, depth=-4.0, draggable=False, flipHoriz=np.False_, flipVert=np.False_, image='pelawatteypughurt.jpeg', interpolate=True, mask=None, maskParams=None, name='pelawatteyoghurt', opacity=1, ori=0.0, pos=array([0.5, 0. ]), size=array([0.2, 0.2]), texRes=128.0, units='height', win=Window(...))
1243.9106 	EXP 	Created text_8 = TextStim(__class__=<class 'psychopy.visual.text.TextStim'>, alignHoriz=method-wrapper(...), alignText='center', alignVert=method-wrapper(...), anchorHoriz='center', anchorVert='center', antialias=True, autoDraw=False, autoLog=True, bold=False, color=array([1., 1., 1.]), colorSpace='rgb', contrast=1.0, depth=-5.0, draggable=False, flipHoriz=False, flipVert=False, font='Arial', fontFiles=[], height=np.float64(0.02), italic=False, languageStyle='LTR', name='text_8', opacity=1, ori=0.0, pos=array([-0.4, -0.3]), rgb=UNKNOWN, text=str(...), units='height', win=Window(...), wrapWidth=1)
1243.9235 	EXP 	Created text_9 = TextStim(__class__=<class 'psychopy.visual.text.TextStim'>, alignHoriz=method-wrapper(...), alignText='center', alignVert=method-wrapper(...), anchorHoriz='center', anchorVert='center', antialias=True, autoDraw=False, autoLog=True, bold=False, color=array([1., 1., 1.]), colorSpace='rgb', contrast=1.0, depth=-6.0, draggable=False, flipHoriz=False, flipVert=False, font='Arial', fontFiles=[], height=np.float64(0.02), italic=False, languageStyle='LTR', name='text_9', opacity=1, ori=0.0, pos=array([-0.1, -0.3]), rgb=UNKNOWN, text='Anchor Yoghurt\n     80 g\n   Rs 70', units='height', win=Window(...), wrapWidth=1)
1243.9390 	EXP 	Created text_10 = TextStim(__class__=<class 'psychopy.visual.text.TextStim'>, alignHoriz=method-wrapper(...), alignText='center', alignVert=method-wrapper(...), anchorHoriz='center', anchorVert='center', antialias=True, autoDraw=False, autoLog=True, bold=False, color=array([1., 1., 1.]), colorSpace='rgb', contrast=1.0, depth=-7.0, draggable=False, flipHoriz=False, flipVert=False, font='Arial', fontFiles=[], height=np.float64(0.02), italic=False, languageStyle='LTR', name='text_10', opacity=1, ori=0.0, pos=array([ 0.2, -0.3]), rgb=UNKNOWN, text='Ambewela Yoghurt\n      80 g\n     Rs 70', units='height', win=Window(...), wrapWidth=1)
1243.9546 	EXP 	Created text_11 = TextStim(__class__=<class 'psychopy.visual.text.TextStim'>, alignHoriz=method-wrapper(...), alignText='center', alignVert=method-wrapper(...), anchorHoriz='center', anchorVert='center', antialias=True, autoDraw=False, autoLog=True, bold=False, color=array([1., 1., 1.]), colorSpace='rgb', contrast=1.0, depth=-8.0, draggable=False, flipHoriz=False, flipVert=False, font='Arial', fontFiles=[], height=np.float64(0.02), italic=False, languageStyle='LTR', name='text_11', opacity=1, ori=0.0, pos=array([ 0.5, -0.3]), rgb=UNKNOWN, text='Pelawatte Yoghurt\n       80 g\n      Rs  50', units='height', win=Window(...), wrapWidth=1)
1243.9684 	EXP 	Created text_12 = TextStim(__class__=<class 'psychopy.visual.text.TextStim'>, alignHoriz=method-wrapper(...), alignText='center', alignVert=method-wrapper(...), anchorHoriz='center', anchorVert='center', antialias=True, autoDraw=False, autoLog=True, bold=False, color=array([1., 1., 1.]), colorSpace='rgb', contrast=1.0, depth=0.0, draggable=False, flipHoriz=False, flipVert=False, font='Arial', fontFiles=[], height=np.float64(0.05), italic=False, languageStyle='LTR', name='text_12', opacity=1, ori=0.0, pos=array([0. , 0.3]), rgb=UNKNOWN, text='Which one are you going to buy?', units='height', win=Window(...), wrapWidth=1)
1244.0457 	EXP 	Created fortune = ImageStim(__class__=<class 'psychopy.visual.image.ImageStim'>, anchor=('center', 'center'), autoLog=True, color=array([1., 1., 1.]), colorSpace='rgb', contrast=1.0, depth=-1.0, draggable=False, flipHoriz=np.False_, flipVert=np.False_, image='fortune.jpg', interpolate=True, mask=None, maskParams=None, name='fortune', opacity=1, ori=0.0, pos=array([-0.5,  0. ]), size=array([0.2, 0.2]), texRes=128.0, units='height', win=Window(...))
1244.0960 	EXP 	Created marina = ImageStim(__class__=<class 'psychopy.visual.image.ImageStim'>, anchor=('center', 'center'), autoLog=True, color=array([1., 1., 1.]), colorSpace='rgb', contrast=1.0, depth=-2.0, draggable=False, flipHoriz=np.False_, flipVert=np.False_, image='marina.jpeg', interpolate=True, mask=None, maskParams=None, name='marina', opacity=1, ori=0.0, pos=array([0., 0.]), size=array([0.2, 0.2]), texRes=128.0, units='height', win=Window(...))
1244.1879 	EXP 	Created Njoy = ImageStim(__class__=<class 'psychopy.visual.image.ImageStim'>, anchor=('center', 'center'), autoLog=True, color=array([1., 1., 1.]), colorSpace='rgb', contrast=1.0, depth=-3.0, draggable=False, flipHoriz=np.False_, flipVert=np.False_, image='Njoy.jpg', interpolate=True, mask=None, maskParams=None, name='Njoy', opacity=1, ori=0.0, pos=array([0.5, 0. ]), size=array([0.2, 0.2]), texRes=128.0, units='height', win=Window(...))
1244.2055 	EXP 	Created text_13 = TextStim(__class__=<class 'psychopy.visual.text.TextStim'>, alignHoriz=method-wrapper(...), alignText='center', alignVert=method-wrapper(...), anchorHoriz='center', anchorVert='center', antialias=True, autoDraw=False, autoLog=True, bold=False, color=array([1., 1., 1.]), colorSpace='rgb', contrast=1.0, depth=-4.0, draggable=False, flipHoriz=False, flipVert=False, font='Arial', fontFiles=[], height=np.float64(0.02), italic=False, languageStyle='LTR', name='text_13', opacity=1, ori=0.0, pos=array([-0.5, -0.3]), rgb=UNKNOWN, text=str(...), units='height', win=Window(...), wrapWidth=1)
1244.2269 	EXP 	Created text_14 = TextStim(__class__=<class 'psychopy.visual.text.TextStim'>, alignHoriz=method-wrapper(...), alignText='center', alignVert=method-wrapper(...), anchorHoriz='center', anchorVert='center', antialias=True, autoDraw=False, autoLog=True, bold=False, color=array([1., 1., 1.]), colorSpace='rgb', contrast=1.0, depth=-5.0, draggable=False, flipHoriz=False, flipVert=False, font='Arial', fontFiles=[], height=np.float64(0.02), italic=False, languageStyle='LTR', name='text_14', opacity=1, ori=0.0, pos=array([ 0. , -0.3]), rgb=UNKNOWN, text=str(...), units='height', win=Window(...), wrapWidth=1)
1244.2455 	EXP 	Created text_15 = TextStim(__class__=<class 'psychopy.visual.text.TextStim'>, alignHoriz=method-wrapper(...), alignText='center', alignVert=method-wrapper(...), anchorHoriz='center', anchorVert='center', antialias=True, autoDraw=False, autoLog=True, bold=False, color=array([1., 1., 1.]), colorSpace='rgb', contrast=1.0, depth=-6.0, draggable=False, flipHoriz=False, flipVert=False, font='Arial', fontFiles=[], height=np.float64(0.02), italic=False, languageStyle='LTR', name='text_15', opacity=1, ori=0.0, pos=array([ 0.5, -0.3]), rgb=UNKNOWN, text=str(...), units='height', win=Window(...), wrapWidth=1)
1244.2815 	EXP 	Created text_instr = TextStim(__class__=<class 'psychopy.visual.text.TextStim'>, alignHoriz=method-wrapper(...), alignText='center', alignVert=method-wrapper(...), anchorHoriz='center', anchorVert='center', antialias=True, autoDraw=False, autoLog=True, bold=False, color=array([1., 1., 1.]), colorSpace='rgb', contrast=1.0, depth=0.0, draggable=False, flipHoriz=False, flipVert=False, font='Arial', fontFiles=[], height=np.float64(0.04), italic=False, languageStyle='LTR', name='text_instr', opacity=1, ori=0.0, pos=array([0. , 0.3]), rgb=UNKNOWN, text='Which one are you going to buy?', units='height', win=Window(...), wrapWidth=1)
1244.3368 	EXP 	Created kandos = ImageStim(__class__=<class 'psychopy.visual.image.ImageStim'>, anchor=('center', 'center'), autoLog=True, color=array([1., 1., 1.]), colorSpace='rgb', contrast=1.0, depth=-1.0, draggable=False, flipHoriz=np.False_, flipVert=np.False_, image='Kandos.jpeg', interpolate=True, mask=None, maskParams=None, name='kandos', opacity=1, ori=0.0, pos=array([-0.4,  0. ]), size=array([0.2, 0.2]), texRes=128.0, units='height', win=Window(...))
1244.3761 	EXP 	Created ritzbury = ImageStim(__class__=<class 'psychopy.visual.image.ImageStim'>, anchor=('center', 'center'), autoLog=True, color=array([1., 1., 1.]), colorSpace='rgb', contrast=1.0, depth=-2.0, draggable=False, flipHoriz=np.False_, flipVert=np.False_, image='ritzbury.jpg', interpolate=True, mask=None, maskParams=None, name='ritzbury', opacity=1.0, ori=0.0, pos=array([-0.1,  0. ]), size=array([0.2, 0.2]), texRes=128.0, units='height', win=Window(...))
1244.4178 	EXP 	Created revello = ImageStim(__class__=<class 'psychopy.visual.image.ImageStim'>, anchor=('center', 'center'), autoLog=True, color=array([1., 1., 1.]), colorSpace='rgb', contrast=1.0, depth=-3.0, draggable=False, flipHoriz=np.False_, flipVert=np.False_, image='revello.jpg', interpolate=True, mask=None, maskParams=None, name='revello', opacity=1, ori=0.0, pos=array([0.2, 0. ]), size=array([0.2, 0.2]), texRes=128.0, units='height', win=Window(...))
1244.4805 	EXP 	Created cadbury = ImageStim(__class__=<class 'psychopy.visual.image.ImageStim'>, anchor=('center', 'center'), autoLog=True, color=array([1., 1., 1.]), colorSpace='rgb', contrast=1.0, depth=-4.0, draggable=False, flipHoriz=np.False_, flipVert=np.False_, image='cadbury.jpg', interpolate=True, mask=None, maskParams=None, name='cadbury', opacity=1, ori=0.0, pos=array([0.5, 0. ]), size=array([0.2, 0.2]), texRes=128.0, units='height', win=Window(...))
1244.5356 	EXP 	Created text_20 = TextStim(__class__=<class 'psychopy.visual.text.TextStim'>, alignHoriz=method-wrapper(...), alignText='center', alignVert=method-wrapper(...), anchorHoriz='center', anchorVert='center', antialias=True, autoDraw=False, autoLog=True, bold=False, color=array([1., 1., 1.]), colorSpace='rgb', contrast=1.0, depth=-8.0, draggable=False, flipHoriz=False, flipVert=False, font='Arial', fontFiles=[], height=np.float64(0.02), italic=False, languageStyle='LTR', name='text_20', opacity=1, ori=0.0, pos=array([-0.4, -0.3]), rgb=UNKNOWN, text='Kandos Chocolate\n        90 g\n    Rs  600', units='height', win=Window(...), wrapWidth=1)
1244.5714 	EXP 	Created text_21 = TextStim(__class__=<class 'psychopy.visual.text.TextStim'>, alignHoriz=method-wrapper(...), alignText='center', alignVert=method-wrapper(...), anchorHoriz='center', anchorVert='center', antialias=True, autoDraw=False, autoLog=True, bold=False, color=array([1., 1., 1.]), colorSpace='rgb', contrast=1.0, depth=-9.0, draggable=False, flipHoriz=False, flipVert=False, font='Arial', fontFiles=[], height=np.float64(0.02), italic=False, languageStyle='LTR', name='text_21', opacity=1, ori=0.0, pos=array([-0.1, -0.3]), rgb=UNKNOWN, text=str(...), units='height', win=Window(...), wrapWidth=1)
1244.5911 	EXP 	Created text_22 = TextStim(__class__=<class 'psychopy.visual.text.TextStim'>, alignHoriz=method-wrapper(...), alignText='center', alignVert=method-wrapper(...), anchorHoriz='center', anchorVert='center', antialias=True, autoDraw=False, autoLog=True, bold=False, color=array([1., 1., 1.]), colorSpace='rgb', contrast=1.0, depth=-10.0, draggable=False, flipHoriz=False, flipVert=False, font='Arial', fontFiles=[], height=np.float64(0.02), italic=False, languageStyle='LTR', name='text_22', opacity=1, ori=0.0, pos=array([ 0.2, -0.3]), rgb=UNKNOWN, text=str(...), units='height', win=Window(...), wrapWidth=1)
1244.6110 	EXP 	Created text_23 = TextStim(__class__=<class 'psychopy.visual.text.TextStim'>, alignHoriz=method-wrapper(...), alignText='center', alignVert=method-wrapper(...), anchorHoriz='center', anchorVert='center', antialias=True, autoDraw=False, autoLog=True, bold=False, color=array([1., 1., 1.]), colorSpace='rgb', contrast=1.0, depth=-11.0, draggable=False, flipHoriz=False, flipVert=False, font='Arial', fontFiles=[], height=np.float64(0.02), italic=False, languageStyle='LTR', name='text_23', opacity=1, ori=0.0, pos=array([ 0.5, -0.3]), rgb=UNKNOWN, text=str(...), units='height', win=Window(...), wrapWidth=1)
1244.6245 	EXP 	Created text_instr_2 = TextStim(__class__=<class 'psychopy.visual.text.TextStim'>, alignHoriz=method-wrapper(...), alignText='center', alignVert=method-wrapper(...), anchorHoriz='center', anchorVert='center', antialias=True, autoDraw=False, autoLog=True, bold=False, color=array([1., 1., 1.]), colorSpace='rgb', contrast=1.0, depth=0.0, draggable=False, flipHoriz=False, flipVert=False, font='Arial', fontFiles=[], height=np.float64(0.04), italic=False, languageStyle='LTR', name='text_instr_2', opacity=1, ori=0.0, pos=array([0. , 0.3]), rgb=UNKNOWN, text='Which one are going to buy', units='height', win=Window(...), wrapWidth=1)
1244.6646 	EXP 	Created goldi = ImageStim(__class__=<class 'psychopy.visual.image.ImageStim'>, anchor=('center', 'center'), autoLog=True, color=array([1., 1., 1.]), colorSpace='rgb', contrast=1.0, depth=-1.0, draggable=False, flipHoriz=np.False_, flipVert=np.False_, image='goldi.jpg', interpolate=True, mask=None, maskParams=None, name='goldi', opacity=1, ori=0.0, pos=array([-0.4,  0. ]), size=array([0.2, 0.2]), texRes=128.0, units='height', win=Window(...))
1244.7594 	EXP 	Created elephanthouse = ImageStim(__class__=<class 'psychopy.visual.image.ImageStim'>, anchor=('center', 'center'), autoLog=True, color=array([1., 1., 1.]), colorSpace='rgb', contrast=1.0, depth=-2.0, draggable=False, flipHoriz=np.False_, flipVert=np.False_, image='elephanthousre.jpg', interpolate=True, mask=None, maskParams=None, name='elephanthouse', opacity=1, ori=0.0, pos=array([-0.1,  0. ]), size=array([0.2, 0.2]), texRes=128.0, units='height', win=Window(...))
1244.8013 	EXP 	Created krest = ImageStim(__class__=<class 'psychopy.visual.image.ImageStim'>, anchor=('center', 'center'), autoLog=True, color=array([1., 1., 1.]), colorSpace='rgb', contrast=1.0, depth=-3.0, draggable=False, flipHoriz=np.False_, flipVert=np.False_, image='krest.jpg', interpolate=True, mask=None, maskParams=None, name='krest', opacity=1, ori=0.0, pos=array([0.2, 0. ]), size=array([0.2, 0.2]), texRes=128.0, units='height', win=Window(...))
1244.8570 	EXP 	Created pussalla = ImageStim(__class__=<class 'psychopy.visual.image.ImageStim'>, anchor=('center', 'center'), autoLog=True, color=array([1., 1., 1.]), colorSpace='rgb', contrast=1.0, depth=-4.0, draggable=False, flipHoriz=np.False_, flipVert=np.False_, image='pussalla.jpeg', interpolate=True, mask=None, maskParams=None, name='pussalla', opacity=1, ori=0.0, pos=array([0.5, 0. ]), size=array([0.2, 0.2]), texRes=128.0, units='height', win=Window(...))
1244.8761 	EXP 	Created text_16 = TextStim(__class__=<class 'psychopy.visual.text.TextStim'>, alignHoriz=method-wrapper(...), alignText='center', alignVert=method-wrapper(...), anchorHoriz='center', anchorVert='center', antialias=True, autoDraw=False, autoLog=True, bold=False, color=array([1., 1., 1.]), colorSpace='rgb', contrast=1.0, depth=-6.0, draggable=False, flipHoriz=False, flipVert=False, font='Arial', fontFiles=[], height=np.float64(0.02), italic=False, languageStyle='LTR', name='text_16', opacity=1, ori=0.0, pos=array([-0.4, -0.3]), rgb=UNKNOWN, text=str(...), units='height', win=Window(...), wrapWidth=1)
1244.8977 	EXP 	Created text_17 = TextStim(__class__=<class 'psychopy.visual.text.TextStim'>, alignHoriz=method-wrapper(...), alignText='center', alignVert=method-wrapper(...), anchorHoriz='center', anchorVert='center', antialias=True, autoDraw=False, autoLog=True, bold=False, color=array([1., 1., 1.]), colorSpace='rgb', contrast=1.0, depth=-7.0, draggable=False, flipHoriz=False, flipVert=False, font='Arial', fontFiles=[], height=np.float64(0.02), italic=False, languageStyle='LTR', name='text_17', opacity=1, ori=0.0, pos=array([-0.1, -0.3]), rgb=UNKNOWN, text=str(...), units='height', win=Window(...), wrapWidth=1)
1244.9084 	EXP 	Created text_18 = TextStim(__class__=<class 'psychopy.visual.text.TextStim'>, alignHoriz=method-wrapper(...), alignText='center', alignVert=method-wrapper(...), anchorHoriz='center', anchorVert='center', antialias=True, autoDraw=False, autoLog=True, bold=False, color=array([1., 1., 1.]), colorSpace='rgb', contrast=1.0, depth=-8.0, draggable=False, flipHoriz=False, flipVert=False, font='Arial', fontFiles=[], height=np.float64(0.02), italic=False, languageStyle='LTR', name='text_18', opacity=1, ori=0.0, pos=array([ 0.2, -0.3]), rgb=UNKNOWN, text=str(...), units='height', win=Window(...), wrapWidth=1)
1244.9309 	EXP 	Created text_19 = TextStim(__class__=<class 'psychopy.visual.text.TextStim'>, alignHoriz=method-wrapper(...), alignText='center', alignVert=method-wrapper(...), anchorHoriz='center', anchorVert='center', antialias=True, autoDraw=False, autoLog=True, bold=False, color=array([1., 1., 1.]), colorSpace='rgb', contrast=1.0, depth=-9.0, draggable=False, flipHoriz=False, flipVert=False, font='Arial', fontFiles=[], height=np.float64(0.02), italic=False, languageStyle='LTR', name='text_19', opacity=1, ori=0.0, pos=array([ 0.5, -0.3]), rgb=UNKNOWN, text=str(...), units='height', win=Window(...), wrapWidth=1)
0.9514 	EXP 	eyetracker.setRecordingState(True)
0.9518 	EXP 	eyetracker.setRecordingState(False)
1.9692 	INFO 	Keyboard events cleared
1.9672 	EXP 	ambewela: image = 'ambewelacheese.jpg'
1.9672 	EXP 	kothmale: image = 'kothmale cheese.jpg'
1.9672 	EXP 	happycow: image = 'happycow.jpeg'
1.9672 	EXP 	kraft: image = 'Kraft cheese.jpeg'
1.9672 	EXP 	richlife: image = 'richlifecheese.jpg'
1.9672 	EXP 	text: autoDraw = True
1.9672 	EXP 	ambewela: autoDraw = True
1.9672 	EXP 	kothmale: autoDraw = True
1.9672 	EXP 	happycow: autoDraw = True
1.9672 	EXP 	kraft: autoDraw = True
1.9672 	EXP 	richlife: autoDraw = True
1.9672 	EXP 	text_2: autoDraw = True
1.9672 	EXP 	text_3: autoDraw = True
1.9672 	EXP 	text_4: autoDraw = True
1.9672 	EXP 	text_5: autoDraw = True
1.9672 	EXP 	text_6: autoDraw = True
1.9672 	EXP 	text: height = np.float64(0.05)
1.9672 	EXP 	text: height = np.float64(0.05)
1.9672 	EXP 	text: height = np.float64(0.05)
1.9672 	EXP 	text: text = 'Which one are you going to buy?'
1.9747 	EXP 	eyetracker.setRecordingState(False)
2.0039 	EXP 	text: height = np.float64(0.05)
2.0039 	EXP 	text: height = np.float64(0.05)
2.0039 	EXP 	text: height = np.float64(0.05)
2.0039 	EXP 	text: text = 'Which one are you going to buy?'
2.0080 	EXP 	eyetracker.setRecordingState(False)
2.0357 	EXP 	text: height = np.float64(0.05)
2.0357 	EXP 	text: height = np.float64(0.05)
2.0357 	EXP 	text: height = np.float64(0.05)
2.0357 	EXP 	text: text = 'Which one are you going to buy?'
2.0392 	EXP 	eyetracker.setRecordingState(False)
2.0734 	EXP 	text: height = np.float64(0.05)
2.0734 	EXP 	text: height = np.float64(0.05)
2.0734 	EXP 	text: height = np.float64(0.05)
2.0734 	EXP 	text: text = 'Which one are you going to buy?'
2.0763 	EXP 	eyetracker.setRecordingState(False)
2.1104 	EXP 	text: height = np.float64(0.05)
2.1104 	EXP 	text: height = np.float64(0.05)
2.1104 	EXP 	text: height = np.float64(0.05)
2.1104 	EXP 	text: text = 'Which one are you going to buy?'
2.1133 	EXP 	eyetracker.setRecordingState(False)
2.1462 	EXP 	text: height = np.float64(0.05)
2.1462 	EXP 	text: height = np.float64(0.05)
2.1462 	EXP 	text: height = np.float64(0.05)
2.1462 	EXP 	text: text = 'Which one are you going to buy?'
2.1482 	EXP 	eyetracker.setRecordingState(False)
2.1705 	EXP 	text: height = np.float64(0.05)
2.1705 	EXP 	text: height = np.float64(0.05)
2.1705 	EXP 	text: height = np.float64(0.05)
2.1705 	EXP 	text: text = 'Which one are you going to buy?'
2.1720 	EXP 	eyetracker.setRecordingState(False)
2.1957 	EXP 	text: height = np.float64(0.05)
2.1957 	EXP 	text: height = np.float64(0.05)
2.1957 	EXP 	text: height = np.float64(0.05)
2.1957 	EXP 	text: text = 'Which one are you going to buy?'
2.1978 	EXP 	eyetracker.setRecordingState(False)
2.2266 	EXP 	text: height = np.float64(0.05)
2.2266 	EXP 	text: height = np.float64(0.05)
2.2266 	EXP 	text: height = np.float64(0.05)
2.2266 	EXP 	text: text = 'Which one are you going to buy?'
2.2286 	EXP 	eyetracker.setRecordingState(False)
2.2392 	EXP 	text: height = np.float64(0.05)
2.2392 	EXP 	text: height = np.float64(0.05)
2.2392 	EXP 	text: height = np.float64(0.05)
2.2392 	EXP 	text: text = 'Which one are you going to buy?'
2.2419 	EXP 	eyetracker.setRecordingState(False)
2.2608 	EXP 	text: height = np.float64(0.05)
2.2608 	EXP 	text: height = np.float64(0.05)
2.2608 	EXP 	text: height = np.float64(0.05)
2.2608 	EXP 	text: text = 'Which one are you going to buy?'
2.2633 	EXP 	eyetracker.setRecordingState(False)
2.2821 	EXP 	text: height = np.float64(0.05)
2.2821 	EXP 	text: height = np.float64(0.05)
2.2821 	EXP 	text: height = np.float64(0.05)
2.2821 	EXP 	text: text = 'Which one are you going to buy?'
2.2829 	EXP 	eyetracker.setRecordingState(False)
2.3076 	EXP 	text: height = np.float64(0.05)
2.3076 	EXP 	text: height = np.float64(0.05)
2.3076 	EXP 	text: height = np.float64(0.05)
2.3076 	EXP 	text: text = 'Which one are you going to buy?'
2.3104 	EXP 	eyetracker.setRecordingState(False)
2.3266 	EXP 	text: height = np.float64(0.05)
2.3266 	EXP 	text: height = np.float64(0.05)
2.3266 	EXP 	text: height = np.float64(0.05)
2.3266 	EXP 	text: text = 'Which one are you going to buy?'
2.3283 	EXP 	eyetracker.setRecordingState(False)
2.3514 	EXP 	text: height = np.float64(0.05)
2.3514 	EXP 	text: height = np.float64(0.05)
2.3514 	EXP 	text: height = np.float64(0.05)
2.3514 	EXP 	text: text = 'Which one are you going to buy?'
2.3537 	EXP 	eyetracker.setRecordingState(False)
2.3863 	EXP 	text: height = np.float64(0.05)
2.3863 	EXP 	text: height = np.float64(0.05)
2.3863 	EXP 	text: height = np.float64(0.05)
2.3863 	EXP 	text: text = 'Which one are you going to buy?'
2.3895 	EXP 	eyetracker.setRecordingState(False)
2.4187 	EXP 	text: height = np.float64(0.05)
2.4187 	EXP 	text: height = np.float64(0.05)
2.4187 	EXP 	text: height = np.float64(0.05)
2.4187 	EXP 	text: text = 'Which one are you going to buy?'
2.4216 	EXP 	eyetracker.setRecordingState(False)
2.4509 	EXP 	text: height = np.float64(0.05)
2.4509 	EXP 	text: height = np.float64(0.05)
2.4509 	EXP 	text: height = np.float64(0.05)
2.4509 	EXP 	text: text = 'Which one are you going to buy?'
2.4538 	EXP 	eyetracker.setRecordingState(False)
2.4853 	EXP 	text: height = np.float64(0.05)
2.4853 	EXP 	text: height = np.float64(0.05)
2.4853 	EXP 	text: height = np.float64(0.05)
2.4853 	EXP 	text: text = 'Which one are you going to buy?'
2.4869 	EXP 	eyetracker.setRecordingState(False)
2.5120 	EXP 	text: height = np.float64(0.05)
2.5120 	EXP 	text: height = np.float64(0.05)
2.5120 	EXP 	text: height = np.float64(0.05)
2.5120 	EXP 	text: text = 'Which one are you going to buy?'
2.5142 	EXP 	eyetracker.setRecordingState(False)
2.5380 	EXP 	text: height = np.float64(0.05)
2.5380 	EXP 	text: height = np.float64(0.05)
2.5380 	EXP 	text: height = np.float64(0.05)
2.5380 	EXP 	text: text = 'Which one are you going to buy?'
2.5417 	EXP 	eyetracker.setRecordingState(False)
2.5677 	EXP 	text: height = np.float64(0.05)
2.5677 	EXP 	text: height = np.float64(0.05)
2.5677 	EXP 	text: height = np.float64(0.05)
2.5677 	EXP 	text: text = 'Which one are you going to buy?'
2.5701 	EXP 	eyetracker.setRecordingState(False)
2.5969 	EXP 	text: height = np.float64(0.05)
2.5969 	EXP 	text: height = np.float64(0.05)
2.5969 	EXP 	text: height = np.float64(0.05)
2.5969 	EXP 	text: text = 'Which one are you going to buy?'
2.5999 	EXP 	eyetracker.setRecordingState(False)
2.6293 	EXP 	text: height = np.float64(0.05)
2.6293 	EXP 	text: height = np.float64(0.05)
2.6293 	EXP 	text: height = np.float64(0.05)
2.6293 	EXP 	text: text = 'Which one are you going to buy?'
2.6319 	EXP 	eyetracker.setRecordingState(False)
2.6591 	EXP 	text: height = np.float64(0.05)
2.6591 	EXP 	text: height = np.float64(0.05)
2.6591 	EXP 	text: height = np.float64(0.05)
2.6591 	EXP 	text: text = 'Which one are you going to buy?'
2.6617 	EXP 	eyetracker.setRecordingState(False)
2.6905 	EXP 	text: height = np.float64(0.05)
2.6905 	EXP 	text: height = np.float64(0.05)
2.6905 	EXP 	text: height = np.float64(0.05)
2.6905 	EXP 	text: text = 'Which one are you going to buy?'
2.6939 	EXP 	eyetracker.setRecordingState(False)
2.7308 	EXP 	text: height = np.float64(0.05)
2.7308 	EXP 	text: height = np.float64(0.05)
2.7308 	EXP 	text: height = np.float64(0.05)
2.7308 	EXP 	text: text = 'Which one are you going to buy?'
2.7332 	EXP 	eyetracker.setRecordingState(False)
2.7639 	EXP 	text: height = np.float64(0.05)
2.7639 	EXP 	text: height = np.float64(0.05)
2.7639 	EXP 	text: height = np.float64(0.05)
2.7639 	EXP 	text: text = 'Which one are you going to buy?'
2.7663 	EXP 	eyetracker.setRecordingState(False)
2.7932 	EXP 	text: height = np.float64(0.05)
2.7932 	EXP 	text: height = np.float64(0.05)
2.7932 	EXP 	text: height = np.float64(0.05)
2.7932 	EXP 	text: text = 'Which one are you going to buy?'
2.7954 	EXP 	eyetracker.setRecordingState(False)
2.8230 	EXP 	text: height = np.float64(0.05)
2.8230 	EXP 	text: height = np.float64(0.05)
2.8230 	EXP 	text: height = np.float64(0.05)
2.8230 	EXP 	text: text = 'Which one are you going to buy?'
2.8255 	EXP 	eyetracker.setRecordingState(False)
2.8503 	EXP 	text: height = np.float64(0.05)
2.8503 	EXP 	text: height = np.float64(0.05)
2.8503 	EXP 	text: height = np.float64(0.05)
2.8503 	EXP 	text: text = 'Which one are you going to buy?'
2.8540 	EXP 	eyetracker.setRecordingState(False)
2.8855 	EXP 	text: height = np.float64(0.05)
2.8855 	EXP 	text: height = np.float64(0.05)
2.8855 	EXP 	text: height = np.float64(0.05)
2.8855 	EXP 	text: text = 'Which one are you going to buy?'
2.8885 	EXP 	eyetracker.setRecordingState(False)
2.9111 	EXP 	text: height = np.float64(0.05)
2.9111 	EXP 	text: height = np.float64(0.05)
2.9111 	EXP 	text: height = np.float64(0.05)
2.9111 	EXP 	text: text = 'Which one are you going to buy?'
2.9149 	EXP 	eyetracker.setRecordingState(False)
2.9393 	EXP 	text: height = np.float64(0.05)
2.9393 	EXP 	text: height = np.float64(0.05)
2.9393 	EXP 	text: height = np.float64(0.05)
2.9393 	EXP 	text: text = 'Which one are you going to buy?'
2.9416 	EXP 	eyetracker.setRecordingState(False)
2.9712 	EXP 	text: height = np.float64(0.05)
2.9712 	EXP 	text: height = np.float64(0.05)
2.9712 	EXP 	text: height = np.float64(0.05)
2.9712 	EXP 	text: text = 'Which one are you going to buy?'
2.9743 	EXP 	eyetracker.setRecordingState(False)
3.0024 	EXP 	text: height = np.float64(0.05)
3.0024 	EXP 	text: height = np.float64(0.05)
3.0024 	EXP 	text: height = np.float64(0.05)
3.0024 	EXP 	text: text = 'Which one are you going to buy?'
3.0050 	EXP 	eyetracker.setRecordingState(False)
3.0370 	EXP 	text: height = np.float64(0.05)
3.0370 	EXP 	text: height = np.float64(0.05)
3.0370 	EXP 	text: height = np.float64(0.05)
3.0370 	EXP 	text: text = 'Which one are you going to buy?'
3.0399 	EXP 	eyetracker.setRecordingState(False)
3.0647 	EXP 	text: height = np.float64(0.05)
3.0647 	EXP 	text: height = np.float64(0.05)
3.0647 	EXP 	text: height = np.float64(0.05)
3.0647 	EXP 	text: text = 'Which one are you going to buy?'
3.0679 	EXP 	eyetracker.setRecordingState(False)
3.0979 	EXP 	text: height = np.float64(0.05)
3.0979 	EXP 	text: height = np.float64(0.05)
3.0979 	EXP 	text: height = np.float64(0.05)
3.0979 	EXP 	text: text = 'Which one are you going to buy?'
3.1002 	EXP 	eyetracker.setRecordingState(False)
3.1310 	EXP 	text: height = np.float64(0.05)
3.1310 	EXP 	text: height = np.float64(0.05)
3.1310 	EXP 	text: height = np.float64(0.05)
3.1310 	EXP 	text: text = 'Which one are you going to buy?'
3.1340 	EXP 	eyetracker.setRecordingState(False)
3.1644 	EXP 	text: height = np.float64(0.05)
3.1644 	EXP 	text: height = np.float64(0.05)
3.1644 	EXP 	text: height = np.float64(0.05)
3.1644 	EXP 	text: text = 'Which one are you going to buy?'
3.1675 	EXP 	eyetracker.setRecordingState(False)
3.1986 	EXP 	text: height = np.float64(0.05)
3.1986 	EXP 	text: height = np.float64(0.05)
3.1986 	EXP 	text: height = np.float64(0.05)
3.1986 	EXP 	text: text = 'Which one are you going to buy?'
3.2014 	EXP 	eyetracker.setRecordingState(False)
3.2307 	EXP 	text: height = np.float64(0.05)
3.2307 	EXP 	text: height = np.float64(0.05)
3.2307 	EXP 	text: height = np.float64(0.05)
3.2307 	EXP 	text: text = 'Which one are you going to buy?'
3.2337 	EXP 	eyetracker.setRecordingState(False)
3.2639 	EXP 	text: height = np.float64(0.05)
3.2639 	EXP 	text: height = np.float64(0.05)
3.2639 	EXP 	text: height = np.float64(0.05)
3.2639 	EXP 	text: text = 'Which one are you going to buy?'
3.2657 	EXP 	eyetracker.setRecordingState(False)
3.2989 	EXP 	text: height = np.float64(0.05)
3.2989 	EXP 	text: height = np.float64(0.05)
3.2989 	EXP 	text: height = np.float64(0.05)
3.2989 	EXP 	text: text = 'Which one are you going to buy?'
3.3006 	EXP 	eyetracker.setRecordingState(False)
3.3312 	EXP 	text: height = np.float64(0.05)
3.3312 	EXP 	text: height = np.float64(0.05)
3.3312 	EXP 	text: height = np.float64(0.05)
3.3312 	EXP 	text: text = 'Which one are you going to buy?'
3.3320 	EXP 	eyetracker.setRecordingState(False)
3.3440 	EXP 	text: height = np.float64(0.05)
3.3440 	EXP 	text: height = np.float64(0.05)
3.3440 	EXP 	text: height = np.float64(0.05)
3.3440 	EXP 	text: text = 'Which one are you going to buy?'
3.3448 	EXP 	eyetracker.setRecordingState(False)
3.3607 	EXP 	text: height = np.float64(0.05)
3.3607 	EXP 	text: height = np.float64(0.05)
3.3607 	EXP 	text: height = np.float64(0.05)
3.3607 	EXP 	text: text = 'Which one are you going to buy?'
3.3627 	EXP 	eyetracker.setRecordingState(False)
3.3946 	EXP 	text: height = np.float64(0.05)
3.3946 	EXP 	text: height = np.float64(0.05)
3.3946 	EXP 	text: height = np.float64(0.05)
3.3946 	EXP 	text: text = 'Which one are you going to buy?'
3.3967 	EXP 	eyetracker.setRecordingState(False)
3.4311 	EXP 	text: height = np.float64(0.05)
3.4311 	EXP 	text: height = np.float64(0.05)
3.4311 	EXP 	text: height = np.float64(0.05)
3.4311 	EXP 	text: text = 'Which one are you going to buy?'
3.4338 	EXP 	eyetracker.setRecordingState(False)
3.4535 	EXP 	text: height = np.float64(0.05)
3.4535 	EXP 	text: height = np.float64(0.05)
3.4535 	EXP 	text: height = np.float64(0.05)
3.4535 	EXP 	text: text = 'Which one are you going to buy?'
3.4556 	EXP 	eyetracker.setRecordingState(False)
3.4735 	EXP 	text: height = np.float64(0.05)
3.4735 	EXP 	text: height = np.float64(0.05)
3.4735 	EXP 	text: height = np.float64(0.05)
3.4735 	EXP 	text: text = 'Which one are you going to buy?'
3.4747 	EXP 	eyetracker.setRecordingState(False)
3.4957 	EXP 	text: height = np.float64(0.05)
3.4957 	EXP 	text: height = np.float64(0.05)
3.4957 	EXP 	text: height = np.float64(0.05)
3.4957 	EXP 	text: text = 'Which one are you going to buy?'
3.4987 	EXP 	eyetracker.setRecordingState(False)
3.5320 	EXP 	text: height = np.float64(0.05)
3.5320 	EXP 	text: height = np.float64(0.05)
3.5320 	EXP 	text: height = np.float64(0.05)
3.5320 	EXP 	text: text = 'Which one are you going to buy?'
3.5357 	EXP 	eyetracker.setRecordingState(False)
3.5680 	EXP 	text: height = np.float64(0.05)
3.5680 	EXP 	text: height = np.float64(0.05)
3.5680 	EXP 	text: height = np.float64(0.05)
3.5680 	EXP 	text: text = 'Which one are you going to buy?'
3.5704 	EXP 	eyetracker.setRecordingState(False)
3.5989 	EXP 	text: height = np.float64(0.05)
3.5989 	EXP 	text: height = np.float64(0.05)
3.5989 	EXP 	text: height = np.float64(0.05)
3.5989 	EXP 	text: text = 'Which one are you going to buy?'
3.6018 	EXP 	eyetracker.setRecordingState(False)
3.6341 	EXP 	text: height = np.float64(0.05)
3.6341 	EXP 	text: height = np.float64(0.05)
3.6341 	EXP 	text: height = np.float64(0.05)
3.6341 	EXP 	text: text = 'Which one are you going to buy?'
3.6372 	EXP 	eyetracker.setRecordingState(False)
3.6645 	EXP 	text: height = np.float64(0.05)
3.6645 	EXP 	text: height = np.float64(0.05)
3.6645 	EXP 	text: height = np.float64(0.05)
3.6645 	EXP 	text: text = 'Which one are you going to buy?'
3.6673 	EXP 	eyetracker.setRecordingState(False)
3.6943 	EXP 	text: height = np.float64(0.05)
3.6943 	EXP 	text: height = np.float64(0.05)
3.6943 	EXP 	text: height = np.float64(0.05)
3.6943 	EXP 	text: text = 'Which one are you going to buy?'
3.6974 	EXP 	eyetracker.setRecordingState(False)
3.7322 	EXP 	text: height = np.float64(0.05)
3.7322 	EXP 	text: height = np.float64(0.05)
3.7322 	EXP 	text: height = np.float64(0.05)
3.7322 	EXP 	text: text = 'Which one are you going to buy?'
3.7355 	EXP 	eyetracker.setRecordingState(False)
3.7656 	EXP 	text: height = np.float64(0.05)
3.7656 	EXP 	text: height = np.float64(0.05)
3.7656 	EXP 	text: height = np.float64(0.05)
3.7656 	EXP 	text: text = 'Which one are you going to buy?'
3.7688 	EXP 	eyetracker.setRecordingState(False)
3.7944 	EXP 	text: height = np.float64(0.05)
3.7944 	EXP 	text: height = np.float64(0.05)
3.7944 	EXP 	text: height = np.float64(0.05)
3.7944 	EXP 	text: text = 'Which one are you going to buy?'
3.7973 	EXP 	eyetracker.setRecordingState(False)
3.8274 	EXP 	text: height = np.float64(0.05)
3.8274 	EXP 	text: height = np.float64(0.05)
3.8274 	EXP 	text: height = np.float64(0.05)
3.8274 	EXP 	text: text = 'Which one are you going to buy?'
3.8302 	EXP 	eyetracker.setRecordingState(False)
3.8574 	EXP 	text: height = np.float64(0.05)
3.8574 	EXP 	text: height = np.float64(0.05)
3.8574 	EXP 	text: height = np.float64(0.05)
3.8574 	EXP 	text: text = 'Which one are you going to buy?'
3.8605 	EXP 	eyetracker.setRecordingState(False)
3.8871 	EXP 	text: height = np.float64(0.05)
3.8871 	EXP 	text: height = np.float64(0.05)
3.8871 	EXP 	text: height = np.float64(0.05)
3.8871 	EXP 	text: text = 'Which one are you going to buy?'
3.8899 	EXP 	eyetracker.setRecordingState(False)
3.9171 	EXP 	text: height = np.float64(0.05)
3.9171 	EXP 	text: height = np.float64(0.05)
3.9171 	EXP 	text: height = np.float64(0.05)
3.9171 	EXP 	text: text = 'Which one are you going to buy?'
3.9200 	EXP 	eyetracker.setRecordingState(False)
3.9507 	EXP 	text: height = np.float64(0.05)
3.9507 	EXP 	text: height = np.float64(0.05)
3.9507 	EXP 	text: height = np.float64(0.05)
3.9507 	EXP 	text: text = 'Which one are you going to buy?'
3.9536 	EXP 	eyetracker.setRecordingState(False)
3.9818 	EXP 	text: height = np.float64(0.05)
3.9818 	EXP 	text: height = np.float64(0.05)
3.9818 	EXP 	text: height = np.float64(0.05)
3.9818 	EXP 	text: text = 'Which one are you going to buy?'
3.9842 	EXP 	eyetracker.setRecordingState(False)
4.0102 	EXP 	text: height = np.float64(0.05)
4.0102 	EXP 	text: height = np.float64(0.05)
4.0102 	EXP 	text: height = np.float64(0.05)
4.0102 	EXP 	text: text = 'Which one are you going to buy?'
4.0129 	EXP 	eyetracker.setRecordingState(False)
4.0465 	EXP 	text: height = np.float64(0.05)
4.0465 	EXP 	text: height = np.float64(0.05)
4.0465 	EXP 	text: height = np.float64(0.05)
4.0465 	EXP 	text: text = 'Which one are you going to buy?'
4.0497 	EXP 	eyetracker.setRecordingState(False)
4.0862 	EXP 	text: height = np.float64(0.05)
4.0862 	EXP 	text: height = np.float64(0.05)
4.0862 	EXP 	text: height = np.float64(0.05)
4.0862 	EXP 	text: text = 'Which one are you going to buy?'
4.0899 	EXP 	eyetracker.setRecordingState(False)
4.1220 	EXP 	text: height = np.float64(0.05)
4.1220 	EXP 	text: height = np.float64(0.05)
4.1220 	EXP 	text: height = np.float64(0.05)
4.1220 	EXP 	text: text = 'Which one are you going to buy?'
4.1254 	EXP 	eyetracker.setRecordingState(False)
4.1561 	EXP 	text: height = np.float64(0.05)
4.1561 	EXP 	text: height = np.float64(0.05)
4.1561 	EXP 	text: height = np.float64(0.05)
4.1561 	EXP 	text: text = 'Which one are you going to buy?'
4.1597 	EXP 	eyetracker.setRecordingState(False)
4.1931 	EXP 	text: height = np.float64(0.05)
4.1931 	EXP 	text: height = np.float64(0.05)
4.1931 	EXP 	text: height = np.float64(0.05)
4.1931 	EXP 	text: text = 'Which one are you going to buy?'
4.1955 	EXP 	eyetracker.setRecordingState(False)
4.2281 	EXP 	text: height = np.float64(0.05)
4.2281 	EXP 	text: height = np.float64(0.05)
4.2281 	EXP 	text: height = np.float64(0.05)
4.2281 	EXP 	text: text = 'Which one are you going to buy?'
4.2311 	EXP 	eyetracker.setRecordingState(False)
4.2644 	EXP 	text: height = np.float64(0.05)
4.2644 	EXP 	text: height = np.float64(0.05)
4.2644 	EXP 	text: height = np.float64(0.05)
4.2644 	EXP 	text: text = 'Which one are you going to buy?'
4.2677 	EXP 	eyetracker.setRecordingState(False)
4.2931 	EXP 	text: height = np.float64(0.05)
4.2931 	EXP 	text: height = np.float64(0.05)
4.2931 	EXP 	text: height = np.float64(0.05)
4.2931 	EXP 	text: text = 'Which one are you going to buy?'
4.2945 	EXP 	eyetracker.setRecordingState(False)
4.3085 	EXP 	text: height = np.float64(0.05)
4.3085 	EXP 	text: height = np.float64(0.05)
4.3085 	EXP 	text: height = np.float64(0.05)
4.3085 	EXP 	text: text = 'Which one are you going to buy?'
4.3094 	EXP 	eyetracker.setRecordingState(False)
4.3359 	EXP 	text: height = np.float64(0.05)
4.3359 	EXP 	text: height = np.float64(0.05)
4.3359 	EXP 	text: height = np.float64(0.05)
4.3359 	EXP 	text: text = 'Which one are you going to buy?'
4.3405 	EXP 	eyetracker.setRecordingState(False)
4.3760 	EXP 	text: height = np.float64(0.05)
4.3760 	EXP 	text: height = np.float64(0.05)
4.3760 	EXP 	text: height = np.float64(0.05)
4.3760 	EXP 	text: text = 'Which one are you going to buy?'
4.3792 	EXP 	eyetracker.setRecordingState(False)
4.4106 	EXP 	text: height = np.float64(0.05)
4.4106 	EXP 	text: height = np.float64(0.05)
4.4106 	EXP 	text: height = np.float64(0.05)
4.4106 	EXP 	text: text = 'Which one are you going to buy?'
4.4136 	EXP 	eyetracker.setRecordingState(False)
4.4467 	EXP 	text: height = np.float64(0.05)
4.4467 	EXP 	text: height = np.float64(0.05)
4.4467 	EXP 	text: height = np.float64(0.05)
4.4467 	EXP 	text: text = 'Which one are you going to buy?'
4.4498 	EXP 	eyetracker.setRecordingState(False)
4.4798 	EXP 	text: height = np.float64(0.05)
4.4798 	EXP 	text: height = np.float64(0.05)
4.4798 	EXP 	text: height = np.float64(0.05)
4.4798 	EXP 	text: text = 'Which one are you going to buy?'
4.4824 	EXP 	eyetracker.setRecordingState(False)
4.5186 	EXP 	text: height = np.float64(0.05)
4.5186 	EXP 	text: height = np.float64(0.05)
4.5186 	EXP 	text: height = np.float64(0.05)
4.5186 	EXP 	text: text = 'Which one are you going to buy?'
4.5218 	EXP 	eyetracker.setRecordingState(False)
4.5475 	EXP 	text: height = np.float64(0.05)
4.5475 	EXP 	text: height = np.float64(0.05)
4.5475 	EXP 	text: height = np.float64(0.05)
4.5475 	EXP 	text: text = 'Which one are you going to buy?'
4.5500 	EXP 	eyetracker.setRecordingState(False)
4.5837 	EXP 	text: height = np.float64(0.05)
4.5837 	EXP 	text: height = np.float64(0.05)
4.5837 	EXP 	text: height = np.float64(0.05)
4.5837 	EXP 	text: text = 'Which one are you going to buy?'
4.5895 	EXP 	eyetracker.setRecordingState(False)
4.6020 	EXP 	text: height = np.float64(0.05)
4.6020 	EXP 	text: height = np.float64(0.05)
4.6020 	EXP 	text: height = np.float64(0.05)
4.6020 	EXP 	text: text = 'Which one are you going to buy?'
4.6027 	EXP 	eyetracker.setRecordingState(False)
4.6188 	EXP 	text: height = np.float64(0.05)
4.6188 	EXP 	text: height = np.float64(0.05)
4.6188 	EXP 	text: height = np.float64(0.05)
4.6188 	EXP 	text: text = 'Which one are you going to buy?'
4.6225 	EXP 	eyetracker.setRecordingState(False)
4.6366 	EXP 	text: height = np.float64(0.05)
4.6366 	EXP 	text: height = np.float64(0.05)
4.6366 	EXP 	text: height = np.float64(0.05)
4.6366 	EXP 	text: text = 'Which one are you going to buy?'
4.6374 	EXP 	eyetracker.setRecordingState(False)
4.6496 	EXP 	text: height = np.float64(0.05)
4.6496 	EXP 	text: height = np.float64(0.05)
4.6496 	EXP 	text: height = np.float64(0.05)
4.6496 	EXP 	text: text = 'Which one are you going to buy?'
4.6504 	EXP 	eyetracker.setRecordingState(False)
4.6605 	EXP 	text: height = np.float64(0.05)
4.6605 	EXP 	text: height = np.float64(0.05)
4.6605 	EXP 	text: height = np.float64(0.05)
4.6605 	EXP 	text: text = 'Which one are you going to buy?'
4.6630 	EXP 	eyetracker.setRecordingState(False)
4.6729 	EXP 	text: height = np.float64(0.05)
4.6729 	EXP 	text: height = np.float64(0.05)
4.6729 	EXP 	text: height = np.float64(0.05)
4.6729 	EXP 	text: text = 'Which one are you going to buy?'
4.6755 	EXP 	eyetracker.setRecordingState(False)
4.6930 	EXP 	text: height = np.float64(0.05)
4.6930 	EXP 	text: height = np.float64(0.05)
4.6930 	EXP 	text: height = np.float64(0.05)
4.6930 	EXP 	text: text = 'Which one are you going to buy?'
4.6941 	EXP 	eyetracker.setRecordingState(False)
4.7091 	EXP 	text: height = np.float64(0.05)
4.7091 	EXP 	text: height = np.float64(0.05)
4.7091 	EXP 	text: height = np.float64(0.05)
4.7091 	EXP 	text: text = 'Which one are you going to buy?'
4.7123 	EXP 	eyetracker.setRecordingState(False)
4.7484 	EXP 	text: height = np.float64(0.05)
4.7484 	EXP 	text: height = np.float64(0.05)
4.7484 	EXP 	text: height = np.float64(0.05)
4.7484 	EXP 	text: text = 'Which one are you going to buy?'
4.7505 	EXP 	eyetracker.setRecordingState(False)
4.7736 	EXP 	text: height = np.float64(0.05)
4.7736 	EXP 	text: height = np.float64(0.05)
4.7736 	EXP 	text: height = np.float64(0.05)
4.7736 	EXP 	text: text = 'Which one are you going to buy?'
4.7807 	EXP 	eyetracker.setRecordingState(False)
4.8125 	EXP 	text: height = np.float64(0.05)
4.8125 	EXP 	text: height = np.float64(0.05)
4.8125 	EXP 	text: height = np.float64(0.05)
4.8125 	EXP 	text: text = 'Which one are you going to buy?'
4.8145 	EXP 	eyetracker.setRecordingState(False)
4.8366 	EXP 	text: height = np.float64(0.05)
4.8366 	EXP 	text: height = np.float64(0.05)
4.8366 	EXP 	text: height = np.float64(0.05)
4.8366 	EXP 	text: text = 'Which one are you going to buy?'
4.8389 	EXP 	eyetracker.setRecordingState(False)
4.8525 	EXP 	text: height = np.float64(0.05)
4.8525 	EXP 	text: height = np.float64(0.05)
4.8525 	EXP 	text: height = np.float64(0.05)
4.8525 	EXP 	text: text = 'Which one are you going to buy?'
4.8547 	EXP 	eyetracker.setRecordingState(False)
4.8823 	EXP 	text: height = np.float64(0.05)
4.8823 	EXP 	text: height = np.float64(0.05)
4.8823 	EXP 	text: height = np.float64(0.05)
4.8823 	EXP 	text: text = 'Which one are you going to buy?'
4.8845 	EXP 	eyetracker.setRecordingState(False)
4.9149 	EXP 	text: height = np.float64(0.05)
4.9149 	EXP 	text: height = np.float64(0.05)
4.9149 	EXP 	text: height = np.float64(0.05)
4.9149 	EXP 	text: text = 'Which one are you going to buy?'
4.9236 	EXP 	eyetracker.setRecordingState(False)
4.9356 	EXP 	text: height = np.float64(0.05)
4.9356 	EXP 	text: height = np.float64(0.05)
4.9356 	EXP 	text: height = np.float64(0.05)
4.9356 	EXP 	text: text = 'Which one are you going to buy?'
4.9366 	EXP 	eyetracker.setRecordingState(False)
4.9555 	EXP 	text: height = np.float64(0.05)
4.9555 	EXP 	text: height = np.float64(0.05)
4.9555 	EXP 	text: height = np.float64(0.05)
4.9555 	EXP 	text: text = 'Which one are you going to buy?'
4.9616 	EXP 	eyetracker.setRecordingState(False)
4.9765 	EXP 	text: height = np.float64(0.05)
4.9765 	EXP 	text: height = np.float64(0.05)
4.9765 	EXP 	text: height = np.float64(0.05)
4.9765 	EXP 	text: text = 'Which one are you going to buy?'
4.9831 	EXP 	eyetracker.setRecordingState(False)
5.0291 	EXP 	text: height = np.float64(0.05)
5.0291 	EXP 	text: height = np.float64(0.05)
5.0291 	EXP 	text: height = np.float64(0.05)
5.0291 	EXP 	text: text = 'Which one are you going to buy?'
5.0300 	EXP 	eyetracker.setRecordingState(False)
5.0534 	EXP 	text: height = np.float64(0.05)
5.0534 	EXP 	text: height = np.float64(0.05)
5.0534 	EXP 	text: height = np.float64(0.05)
5.0534 	EXP 	text: text = 'Which one are you going to buy?'
5.0543 	EXP 	eyetracker.setRecordingState(False)
5.0663 	EXP 	text: height = np.float64(0.05)
5.0663 	EXP 	text: height = np.float64(0.05)
5.0663 	EXP 	text: height = np.float64(0.05)
5.0663 	EXP 	text: text = 'Which one are you going to buy?'
5.0672 	EXP 	eyetracker.setRecordingState(False)
5.0815 	EXP 	text: height = np.float64(0.05)
5.0815 	EXP 	text: height = np.float64(0.05)
5.0815 	EXP 	text: height = np.float64(0.05)
5.0815 	EXP 	text: text = 'Which one are you going to buy?'
5.1090 	EXP 	eyetracker.setRecordingState(False)
5.1260 	EXP 	text: height = np.float64(0.05)
5.1260 	EXP 	text: height = np.float64(0.05)
5.1260 	EXP 	text: height = np.float64(0.05)
5.1260 	EXP 	text: text = 'Which one are you going to buy?'
5.1281 	EXP 	eyetracker.setRecordingState(False)
5.1498 	EXP 	text: height = np.float64(0.05)
5.1498 	EXP 	text: height = np.float64(0.05)
5.1498 	EXP 	text: height = np.float64(0.05)
5.1498 	EXP 	text: text = 'Which one are you going to buy?'
5.1511 	EXP 	eyetracker.setRecordingState(False)
5.1656 	EXP 	text: height = np.float64(0.05)
5.1656 	EXP 	text: height = np.float64(0.05)
5.1656 	EXP 	text: height = np.float64(0.05)
5.1656 	EXP 	text: text = 'Which one are you going to buy?'
5.2007 	EXP 	eyetracker.setRecordingState(False)
5.2125 	EXP 	text: height = np.float64(0.05)
5.2125 	EXP 	text: height = np.float64(0.05)
5.2125 	EXP 	text: height = np.float64(0.05)
5.2125 	EXP 	text: text = 'Which one are you going to buy?'
5.2208 	EXP 	eyetracker.setRecordingState(False)
5.2957 	EXP 	text: height = np.float64(0.05)
5.2957 	EXP 	text: height = np.float64(0.05)
5.2957 	EXP 	text: height = np.float64(0.05)
5.2957 	EXP 	text: text = 'Which one are you going to buy?'
5.2972 	EXP 	eyetracker.setRecordingState(False)
5.3495 	EXP 	text: height = np.float64(0.05)
5.3495 	EXP 	text: height = np.float64(0.05)
5.3495 	EXP 	text: height = np.float64(0.05)
5.3495 	EXP 	text: text = 'Which one are you going to buy?'
5.3511 	EXP 	eyetracker.setRecordingState(False)
5.3607 	EXP 	text: height = np.float64(0.05)
5.3607 	EXP 	text: height = np.float64(0.05)
5.3607 	EXP 	text: height = np.float64(0.05)
5.3607 	EXP 	text: text = 'Which one are you going to buy?'
5.3621 	EXP 	eyetracker.setRecordingState(False)
5.3724 	EXP 	text: height = np.float64(0.05)
5.3724 	EXP 	text: height = np.float64(0.05)
5.3724 	EXP 	text: height = np.float64(0.05)
5.3724 	EXP 	text: text = 'Which one are you going to buy?'
5.3737 	EXP 	eyetracker.setRecordingState(False)
5.3928 	EXP 	text: height = np.float64(0.05)
5.3928 	EXP 	text: height = np.float64(0.05)
5.3928 	EXP 	text: height = np.float64(0.05)
5.3928 	EXP 	text: text = 'Which one are you going to buy?'
5.3957 	EXP 	eyetracker.setRecordingState(False)
5.4166 	EXP 	text: height = np.float64(0.05)
5.4166 	EXP 	text: height = np.float64(0.05)
5.4166 	EXP 	text: height = np.float64(0.05)
5.4166 	EXP 	text: text = 'Which one are you going to buy?'
5.4191 	EXP 	eyetracker.setRecordingState(False)
5.4402 	EXP 	text: height = np.float64(0.05)
5.4402 	EXP 	text: height = np.float64(0.05)
5.4402 	EXP 	text: height = np.float64(0.05)
5.4402 	EXP 	text: text = 'Which one are you going to buy?'
5.4420 	EXP 	eyetracker.setRecordingState(False)
5.4508 	EXP 	text: height = np.float64(0.05)
5.4508 	EXP 	text: height = np.float64(0.05)
5.4508 	EXP 	text: height = np.float64(0.05)
5.4508 	EXP 	text: text = 'Which one are you going to buy?'
5.4519 	EXP 	eyetracker.setRecordingState(False)
5.4824 	EXP 	text: height = np.float64(0.05)
5.4824 	EXP 	text: height = np.float64(0.05)
5.4824 	EXP 	text: height = np.float64(0.05)
5.4824 	EXP 	text: text = 'Which one are you going to buy?'
5.4908 	EXP 	eyetracker.setRecordingState(False)
5.5483 	EXP 	text: height = np.float64(0.05)
5.5483 	EXP 	text: height = np.float64(0.05)
5.5483 	EXP 	text: height = np.float64(0.05)
5.5483 	EXP 	text: text = 'Which one are you going to buy?'
5.5513 	EXP 	eyetracker.setRecordingState(False)
5.5846 	EXP 	text: height = np.float64(0.05)
5.5846 	EXP 	text: height = np.float64(0.05)
5.5846 	EXP 	text: height = np.float64(0.05)
5.5846 	EXP 	text: text = 'Which one are you going to buy?'
5.5910 	EXP 	eyetracker.setRecordingState(False)
5.6271 	EXP 	text: height = np.float64(0.05)
5.6271 	EXP 	text: height = np.float64(0.05)
5.6271 	EXP 	text: height = np.float64(0.05)
5.6271 	EXP 	text: text = 'Which one are you going to buy?'
5.6309 	EXP 	eyetracker.setRecordingState(False)
5.6720 	EXP 	text: height = np.float64(0.05)
5.6720 	EXP 	text: height = np.float64(0.05)
5.6720 	EXP 	text: height = np.float64(0.05)
5.6720 	EXP 	text: text = 'Which one are you going to buy?'
5.6754 	EXP 	eyetracker.setRecordingState(False)
5.7073 	EXP 	text: height = np.float64(0.05)
5.7073 	EXP 	text: height = np.float64(0.05)
5.7073 	EXP 	text: height = np.float64(0.05)
5.7073 	EXP 	text: text = 'Which one are you going to buy?'
5.7100 	EXP 	eyetracker.setRecordingState(False)
5.7235 	EXP 	text: height = np.float64(0.05)
5.7235 	EXP 	text: height = np.float64(0.05)
5.7235 	EXP 	text: height = np.float64(0.05)
5.7235 	EXP 	text: text = 'Which one are you going to buy?'
5.7244 	EXP 	eyetracker.setRecordingState(False)
5.7444 	EXP 	text: height = np.float64(0.05)
5.7444 	EXP 	text: height = np.float64(0.05)
5.7444 	EXP 	text: height = np.float64(0.05)
5.7444 	EXP 	text: text = 'Which one are you going to buy?'
5.7459 	EXP 	eyetracker.setRecordingState(False)
5.7597 	EXP 	text: height = np.float64(0.05)
5.7597 	EXP 	text: height = np.float64(0.05)
5.7597 	EXP 	text: height = np.float64(0.05)
5.7597 	EXP 	text: text = 'Which one are you going to buy?'
5.7605 	EXP 	eyetracker.setRecordingState(False)
5.7800 	EXP 	text: height = np.float64(0.05)
5.7800 	EXP 	text: height = np.float64(0.05)
5.7800 	EXP 	text: height = np.float64(0.05)
5.7800 	EXP 	text: text = 'Which one are you going to buy?'
5.7808 	EXP 	eyetracker.setRecordingState(False)
5.7954 	EXP 	text: height = np.float64(0.05)
5.7954 	EXP 	text: height = np.float64(0.05)
5.7954 	EXP 	text: height = np.float64(0.05)
5.7954 	EXP 	text: text = 'Which one are you going to buy?'
5.7966 	EXP 	eyetracker.setRecordingState(False)
5.8164 	EXP 	text: height = np.float64(0.05)
5.8164 	EXP 	text: height = np.float64(0.05)
5.8164 	EXP 	text: height = np.float64(0.05)
5.8164 	EXP 	text: text = 'Which one are you going to buy?'
5.8176 	EXP 	eyetracker.setRecordingState(False)
5.8355 	EXP 	text: height = np.float64(0.05)
5.8355 	EXP 	text: height = np.float64(0.05)
5.8355 	EXP 	text: height = np.float64(0.05)
5.8355 	EXP 	text: text = 'Which one are you going to buy?'
5.8381 	EXP 	eyetracker.setRecordingState(False)
5.8742 	EXP 	text: height = np.float64(0.05)
5.8742 	EXP 	text: height = np.float64(0.05)
5.8742 	EXP 	text: height = np.float64(0.05)
5.8742 	EXP 	text: text = 'Which one are you going to buy?'
5.8770 	EXP 	eyetracker.setRecordingState(False)
5.9050 	EXP 	text: height = np.float64(0.05)
5.9050 	EXP 	text: height = np.float64(0.05)
5.9050 	EXP 	text: height = np.float64(0.05)
5.9050 	EXP 	text: text = 'Which one are you going to buy?'
5.9082 	EXP 	eyetracker.setRecordingState(False)
5.9400 	EXP 	text: height = np.float64(0.05)
5.9400 	EXP 	text: height = np.float64(0.05)
5.9400 	EXP 	text: height = np.float64(0.05)
5.9400 	EXP 	text: text = 'Which one are you going to buy?'
5.9432 	EXP 	eyetracker.setRecordingState(False)
5.9736 	EXP 	text: height = np.float64(0.05)
5.9736 	EXP 	text: height = np.float64(0.05)
5.9736 	EXP 	text: height = np.float64(0.05)
5.9736 	EXP 	text: text = 'Which one are you going to buy?'
5.9767 	EXP 	eyetracker.setRecordingState(False)
6.0074 	EXP 	text: height = np.float64(0.05)
6.0074 	EXP 	text: height = np.float64(0.05)
6.0074 	EXP 	text: height = np.float64(0.05)
6.0074 	EXP 	text: text = 'Which one are you going to buy?'
6.0107 	EXP 	eyetracker.setRecordingState(False)
6.0467 	EXP 	text: height = np.float64(0.05)
6.0467 	EXP 	text: height = np.float64(0.05)
6.0467 	EXP 	text: height = np.float64(0.05)
6.0467 	EXP 	text: text = 'Which one are you going to buy?'
6.0494 	EXP 	eyetracker.setRecordingState(False)
6.0769 	EXP 	text: height = np.float64(0.05)
6.0769 	EXP 	text: height = np.float64(0.05)
6.0769 	EXP 	text: height = np.float64(0.05)
6.0769 	EXP 	text: text = 'Which one are you going to buy?'
6.0777 	EXP 	eyetracker.setRecordingState(False)
6.1008 	EXP 	text: height = np.float64(0.05)
6.1008 	EXP 	text: height = np.float64(0.05)
6.1008 	EXP 	text: height = np.float64(0.05)
6.1008 	EXP 	text: text = 'Which one are you going to buy?'
6.1016 	EXP 	eyetracker.setRecordingState(False)
6.1192 	EXP 	text: height = np.float64(0.05)
6.1192 	EXP 	text: height = np.float64(0.05)
6.1192 	EXP 	text: height = np.float64(0.05)
6.1192 	EXP 	text: text = 'Which one are you going to buy?'
6.1208 	EXP 	eyetracker.setRecordingState(False)
6.1402 	EXP 	text: height = np.float64(0.05)
6.1402 	EXP 	text: height = np.float64(0.05)
6.1402 	EXP 	text: height = np.float64(0.05)
6.1402 	EXP 	text: text = 'Which one are you going to buy?'
6.1434 	EXP 	eyetracker.setRecordingState(False)
6.1698 	EXP 	text: height = np.float64(0.05)
6.1698 	EXP 	text: height = np.float64(0.05)
6.1698 	EXP 	text: height = np.float64(0.05)
6.1698 	EXP 	text: text = 'Which one are you going to buy?'
6.1720 	EXP 	eyetracker.setRecordingState(False)
6.2032 	EXP 	text: height = np.float64(0.05)
6.2032 	EXP 	text: height = np.float64(0.05)
6.2032 	EXP 	text: height = np.float64(0.05)
6.2032 	EXP 	text: text = 'Which one are you going to buy?'
6.2062 	EXP 	eyetracker.setRecordingState(False)
6.2330 	EXP 	text: height = np.float64(0.05)
6.2330 	EXP 	text: height = np.float64(0.05)
6.2330 	EXP 	text: height = np.float64(0.05)
6.2330 	EXP 	text: text = 'Which one are you going to buy?'
6.2348 	EXP 	eyetracker.setRecordingState(False)
6.2606 	EXP 	text: height = np.float64(0.05)
6.2606 	EXP 	text: height = np.float64(0.05)
6.2606 	EXP 	text: height = np.float64(0.05)
6.2606 	EXP 	text: text = 'Which one are you going to buy?'
6.2634 	EXP 	eyetracker.setRecordingState(False)
6.2940 	EXP 	text: height = np.float64(0.05)
6.2940 	EXP 	text: height = np.float64(0.05)
6.2940 	EXP 	text: height = np.float64(0.05)
6.2940 	EXP 	text: text = 'Which one are you going to buy?'
6.2970 	EXP 	eyetracker.setRecordingState(False)
6.3196 	EXP 	text: height = np.float64(0.05)
6.3196 	EXP 	text: height = np.float64(0.05)
6.3196 	EXP 	text: height = np.float64(0.05)
6.3196 	EXP 	text: text = 'Which one are you going to buy?'
6.3228 	EXP 	eyetracker.setRecordingState(False)
6.3507 	EXP 	text: height = np.float64(0.05)
6.3507 	EXP 	text: height = np.float64(0.05)
6.3507 	EXP 	text: height = np.float64(0.05)
6.3507 	EXP 	text: text = 'Which one are you going to buy?'
6.3536 	EXP 	eyetracker.setRecordingState(False)
6.3804 	EXP 	text: height = np.float64(0.05)
6.3804 	EXP 	text: height = np.float64(0.05)
6.3804 	EXP 	text: height = np.float64(0.05)
6.3804 	EXP 	text: text = 'Which one are you going to buy?'
6.3824 	EXP 	eyetracker.setRecordingState(False)
6.4083 	EXP 	text: height = np.float64(0.05)
6.4083 	EXP 	text: height = np.float64(0.05)
6.4083 	EXP 	text: height = np.float64(0.05)
6.4083 	EXP 	text: text = 'Which one are you going to buy?'
6.4114 	EXP 	eyetracker.setRecordingState(False)
6.4437 	EXP 	text: height = np.float64(0.05)
6.4437 	EXP 	text: height = np.float64(0.05)
6.4437 	EXP 	text: height = np.float64(0.05)
6.4437 	EXP 	text: text = 'Which one are you going to buy?'
6.4457 	EXP 	eyetracker.setRecordingState(False)
6.4797 	EXP 	text: height = np.float64(0.05)
6.4797 	EXP 	text: height = np.float64(0.05)
6.4797 	EXP 	text: height = np.float64(0.05)
6.4797 	EXP 	text: text = 'Which one are you going to buy?'
6.4825 	EXP 	eyetracker.setRecordingState(False)
6.5126 	EXP 	text: height = np.float64(0.05)
6.5126 	EXP 	text: height = np.float64(0.05)
6.5126 	EXP 	text: height = np.float64(0.05)
6.5126 	EXP 	text: text = 'Which one are you going to buy?'
6.5154 	EXP 	eyetracker.setRecordingState(False)
6.5446 	EXP 	text: height = np.float64(0.05)
6.5446 	EXP 	text: height = np.float64(0.05)
6.5446 	EXP 	text: height = np.float64(0.05)
6.5446 	EXP 	text: text = 'Which one are you going to buy?'
6.5469 	EXP 	eyetracker.setRecordingState(False)
6.5755 	EXP 	text: height = np.float64(0.05)
6.5755 	EXP 	text: height = np.float64(0.05)
6.5755 	EXP 	text: height = np.float64(0.05)
6.5755 	EXP 	text: text = 'Which one are you going to buy?'
6.5777 	EXP 	eyetracker.setRecordingState(False)
6.6101 	EXP 	text: height = np.float64(0.05)
6.6101 	EXP 	text: height = np.float64(0.05)
6.6101 	EXP 	text: height = np.float64(0.05)
6.6101 	EXP 	text: text = 'Which one are you going to buy?'
6.6128 	EXP 	eyetracker.setRecordingState(False)
6.6416 	EXP 	text: height = np.float64(0.05)
6.6416 	EXP 	text: height = np.float64(0.05)
6.6416 	EXP 	text: height = np.float64(0.05)
6.6416 	EXP 	text: text = 'Which one are you going to buy?'
6.6449 	EXP 	eyetracker.setRecordingState(False)
6.6690 	EXP 	text: height = np.float64(0.05)
6.6690 	EXP 	text: height = np.float64(0.05)
6.6690 	EXP 	text: height = np.float64(0.05)
6.6690 	EXP 	text: text = 'Which one are you going to buy?'
6.6718 	EXP 	eyetracker.setRecordingState(False)
6.6960 	EXP 	text: height = np.float64(0.05)
6.6960 	EXP 	text: height = np.float64(0.05)
6.6960 	EXP 	text: height = np.float64(0.05)
6.6960 	EXP 	text: text = 'Which one are you going to buy?'
6.6984 	EXP 	eyetracker.setRecordingState(False)
6.7214 	EXP 	text: height = np.float64(0.05)
6.7214 	EXP 	text: height = np.float64(0.05)
6.7214 	EXP 	text: height = np.float64(0.05)
6.7214 	EXP 	text: text = 'Which one are you going to buy?'
6.7254 	EXP 	eyetracker.setRecordingState(False)
6.7578 	EXP 	text: height = np.float64(0.05)
6.7578 	EXP 	text: height = np.float64(0.05)
6.7578 	EXP 	text: height = np.float64(0.05)
6.7578 	EXP 	text: text = 'Which one are you going to buy?'
6.7603 	EXP 	eyetracker.setRecordingState(False)
6.7879 	EXP 	text: height = np.float64(0.05)
6.7879 	EXP 	text: height = np.float64(0.05)
6.7879 	EXP 	text: height = np.float64(0.05)
6.7879 	EXP 	text: text = 'Which one are you going to buy?'
6.7901 	EXP 	eyetracker.setRecordingState(False)
6.8160 	EXP 	text: height = np.float64(0.05)
6.8160 	EXP 	text: height = np.float64(0.05)
6.8160 	EXP 	text: height = np.float64(0.05)
6.8160 	EXP 	text: text = 'Which one are you going to buy?'
6.8188 	EXP 	eyetracker.setRecordingState(False)
6.8474 	EXP 	text: height = np.float64(0.05)
6.8474 	EXP 	text: height = np.float64(0.05)
6.8474 	EXP 	text: height = np.float64(0.05)
6.8474 	EXP 	text: text = 'Which one are you going to buy?'
6.8507 	EXP 	eyetracker.setRecordingState(False)
6.8835 	EXP 	text: height = np.float64(0.05)
6.8835 	EXP 	text: height = np.float64(0.05)
6.8835 	EXP 	text: height = np.float64(0.05)
6.8835 	EXP 	text: text = 'Which one are you going to buy?'
6.8862 	EXP 	eyetracker.setRecordingState(False)
6.9161 	EXP 	text: height = np.float64(0.05)
6.9161 	EXP 	text: height = np.float64(0.05)
6.9161 	EXP 	text: height = np.float64(0.05)
6.9161 	EXP 	text: text = 'Which one are you going to buy?'
6.9186 	EXP 	eyetracker.setRecordingState(False)
6.9471 	EXP 	text: height = np.float64(0.05)
6.9471 	EXP 	text: height = np.float64(0.05)
6.9471 	EXP 	text: height = np.float64(0.05)
6.9471 	EXP 	text: text = 'Which one are you going to buy?'
6.9511 	EXP 	eyetracker.setRecordingState(False)
6.9769 	EXP 	text: height = np.float64(0.05)
6.9769 	EXP 	text: height = np.float64(0.05)
6.9769 	EXP 	text: height = np.float64(0.05)
6.9769 	EXP 	text: text = 'Which one are you going to buy?'
6.9798 	EXP 	eyetracker.setRecordingState(False)
7.0064 	EXP 	text: height = np.float64(0.05)
7.0064 	EXP 	text: height = np.float64(0.05)
7.0064 	EXP 	text: height = np.float64(0.05)
7.0064 	EXP 	text: text = 'Which one are you going to buy?'
7.0087 	EXP 	eyetracker.setRecordingState(False)
7.0414 	EXP 	text: height = np.float64(0.05)
7.0414 	EXP 	text: height = np.float64(0.05)
7.0414 	EXP 	text: height = np.float64(0.05)
7.0414 	EXP 	text: text = 'Which one are you going to buy?'
7.0439 	EXP 	eyetracker.setRecordingState(False)
7.0732 	EXP 	text: height = np.float64(0.05)
7.0732 	EXP 	text: height = np.float64(0.05)
7.0732 	EXP 	text: height = np.float64(0.05)
7.0732 	EXP 	text: text = 'Which one are you going to buy?'
7.0762 	EXP 	eyetracker.setRecordingState(False)
7.1055 	EXP 	text: height = np.float64(0.05)
7.1055 	EXP 	text: height = np.float64(0.05)
7.1055 	EXP 	text: height = np.float64(0.05)
7.1055 	EXP 	text: text = 'Which one are you going to buy?'
7.1097 	EXP 	eyetracker.setRecordingState(False)
7.1396 	EXP 	text: height = np.float64(0.05)
7.1396 	EXP 	text: height = np.float64(0.05)
7.1396 	EXP 	text: height = np.float64(0.05)
7.1396 	EXP 	text: text = 'Which one are you going to buy?'
7.1426 	EXP 	eyetracker.setRecordingState(False)
7.1773 	EXP 	text: height = np.float64(0.05)
7.1773 	EXP 	text: height = np.float64(0.05)
7.1773 	EXP 	text: height = np.float64(0.05)
7.1773 	EXP 	text: text = 'Which one are you going to buy?'
7.1811 	EXP 	eyetracker.setRecordingState(False)
7.2106 	EXP 	text: height = np.float64(0.05)
7.2106 	EXP 	text: height = np.float64(0.05)
7.2106 	EXP 	text: height = np.float64(0.05)
7.2106 	EXP 	text: text = 'Which one are you going to buy?'
7.2135 	EXP 	eyetracker.setRecordingState(False)
7.2440 	EXP 	text: height = np.float64(0.05)
7.2440 	EXP 	text: height = np.float64(0.05)
7.2440 	EXP 	text: height = np.float64(0.05)
7.2440 	EXP 	text: text = 'Which one are you going to buy?'
7.2448 	EXP 	eyetracker.setRecordingState(False)
7.2643 	EXP 	text: height = np.float64(0.05)
7.2643 	EXP 	text: height = np.float64(0.05)
7.2643 	EXP 	text: height = np.float64(0.05)
7.2643 	EXP 	text: text = 'Which one are you going to buy?'
7.2658 	EXP 	eyetracker.setRecordingState(False)
7.2735 	EXP 	text: height = np.float64(0.05)
7.2735 	EXP 	text: height = np.float64(0.05)
7.2735 	EXP 	text: height = np.float64(0.05)
7.2735 	EXP 	text: text = 'Which one are you going to buy?'
7.2767 	EXP 	eyetracker.setRecordingState(False)
7.2937 	EXP 	text: height = np.float64(0.05)
7.2937 	EXP 	text: height = np.float64(0.05)
7.2937 	EXP 	text: height = np.float64(0.05)
7.2937 	EXP 	text: text = 'Which one are you going to buy?'
7.2970 	EXP 	eyetracker.setRecordingState(False)
7.3183 	EXP 	text: height = np.float64(0.05)
7.3183 	EXP 	text: height = np.float64(0.05)
7.3183 	EXP 	text: height = np.float64(0.05)
7.3183 	EXP 	text: text = 'Which one are you going to buy?'
7.3201 	EXP 	eyetracker.setRecordingState(False)
7.3310 	EXP 	text: height = np.float64(0.05)
7.3310 	EXP 	text: height = np.float64(0.05)
7.3310 	EXP 	text: height = np.float64(0.05)
7.3310 	EXP 	text: text = 'Which one are you going to buy?'
7.3326 	EXP 	eyetracker.setRecordingState(False)
7.3442 	EXP 	text: height = np.float64(0.05)
7.3442 	EXP 	text: height = np.float64(0.05)
7.3442 	EXP 	text: height = np.float64(0.05)
7.3442 	EXP 	text: text = 'Which one are you going to buy?'
7.3448 	EXP 	eyetracker.setRecordingState(False)
7.3538 	EXP 	text: height = np.float64(0.05)
7.3538 	EXP 	text: height = np.float64(0.05)
7.3538 	EXP 	text: height = np.float64(0.05)
7.3538 	EXP 	text: text = 'Which one are you going to buy?'
7.3561 	EXP 	eyetracker.setRecordingState(False)
7.3784 	EXP 	text: height = np.float64(0.05)
7.3784 	EXP 	text: height = np.float64(0.05)
7.3784 	EXP 	text: height = np.float64(0.05)
7.3784 	EXP 	text: text = 'Which one are you going to buy?'
7.3793 	EXP 	eyetracker.setRecordingState(False)
7.3938 	EXP 	text: height = np.float64(0.05)
7.3938 	EXP 	text: height = np.float64(0.05)
7.3938 	EXP 	text: height = np.float64(0.05)
7.3938 	EXP 	text: text = 'Which one are you going to buy?'
7.3963 	EXP 	eyetracker.setRecordingState(False)
7.4115 	EXP 	text: height = np.float64(0.05)
7.4115 	EXP 	text: height = np.float64(0.05)
7.4115 	EXP 	text: height = np.float64(0.05)
7.4115 	EXP 	text: text = 'Which one are you going to buy?'
7.4136 	EXP 	eyetracker.setRecordingState(False)
7.4263 	EXP 	text: height = np.float64(0.05)
7.4263 	EXP 	text: height = np.float64(0.05)
7.4263 	EXP 	text: height = np.float64(0.05)
7.4263 	EXP 	text: text = 'Which one are you going to buy?'
7.4287 	EXP 	eyetracker.setRecordingState(False)
7.4593 	EXP 	text: height = np.float64(0.05)
7.4593 	EXP 	text: height = np.float64(0.05)
7.4593 	EXP 	text: height = np.float64(0.05)
7.4593 	EXP 	text: text = 'Which one are you going to buy?'
7.4612 	EXP 	eyetracker.setRecordingState(False)
7.4690 	EXP 	text: height = np.float64(0.05)
7.4690 	EXP 	text: height = np.float64(0.05)
7.4690 	EXP 	text: height = np.float64(0.05)
7.4690 	EXP 	text: text = 'Which one are you going to buy?'
7.4698 	EXP 	eyetracker.setRecordingState(False)
7.4817 	EXP 	text: height = np.float64(0.05)
7.4817 	EXP 	text: height = np.float64(0.05)
7.4817 	EXP 	text: height = np.float64(0.05)
7.4817 	EXP 	text: text = 'Which one are you going to buy?'
7.4830 	EXP 	eyetracker.setRecordingState(False)
7.5052 	EXP 	text: height = np.float64(0.05)
7.5052 	EXP 	text: height = np.float64(0.05)
7.5052 	EXP 	text: height = np.float64(0.05)
7.5052 	EXP 	text: text = 'Which one are you going to buy?'
7.5061 	EXP 	eyetracker.setRecordingState(False)
7.5211 	EXP 	text: height = np.float64(0.05)
7.5211 	EXP 	text: height = np.float64(0.05)
7.5211 	EXP 	text: height = np.float64(0.05)
7.5211 	EXP 	text: text = 'Which one are you going to buy?'
7.5222 	EXP 	eyetracker.setRecordingState(False)
7.5486 	EXP 	text: height = np.float64(0.05)
7.5486 	EXP 	text: height = np.float64(0.05)
7.5486 	EXP 	text: height = np.float64(0.05)
7.5486 	EXP 	text: text = 'Which one are you going to buy?'
7.5519 	EXP 	eyetracker.setRecordingState(False)
7.5822 	EXP 	text: height = np.float64(0.05)
7.5822 	EXP 	text: height = np.float64(0.05)
7.5822 	EXP 	text: height = np.float64(0.05)
7.5822 	EXP 	text: text = 'Which one are you going to buy?'
7.5855 	EXP 	eyetracker.setRecordingState(False)
7.6189 	EXP 	text: height = np.float64(0.05)
7.6189 	EXP 	text: height = np.float64(0.05)
7.6189 	EXP 	text: height = np.float64(0.05)
7.6189 	EXP 	text: text = 'Which one are you going to buy?'
7.6221 	EXP 	eyetracker.setRecordingState(False)
7.6484 	EXP 	text: height = np.float64(0.05)
7.6484 	EXP 	text: height = np.float64(0.05)
7.6484 	EXP 	text: height = np.float64(0.05)
7.6484 	EXP 	text: text = 'Which one are you going to buy?'
7.6512 	EXP 	eyetracker.setRecordingState(False)
7.6818 	EXP 	text: height = np.float64(0.05)
7.6818 	EXP 	text: height = np.float64(0.05)
7.6818 	EXP 	text: height = np.float64(0.05)
7.6818 	EXP 	text: text = 'Which one are you going to buy?'
7.6847 	EXP 	eyetracker.setRecordingState(False)
7.7149 	EXP 	text: height = np.float64(0.05)
7.7149 	EXP 	text: height = np.float64(0.05)
7.7149 	EXP 	text: height = np.float64(0.05)
7.7149 	EXP 	text: text = 'Which one are you going to buy?'
7.7183 	EXP 	eyetracker.setRecordingState(False)
7.7475 	EXP 	text: height = np.float64(0.05)
7.7475 	EXP 	text: height = np.float64(0.05)
7.7475 	EXP 	text: height = np.float64(0.05)
7.7475 	EXP 	text: text = 'Which one are you going to buy?'
7.7504 	EXP 	eyetracker.setRecordingState(False)
7.7791 	EXP 	text: height = np.float64(0.05)
7.7791 	EXP 	text: height = np.float64(0.05)
7.7791 	EXP 	text: height = np.float64(0.05)
7.7791 	EXP 	text: text = 'Which one are you going to buy?'
7.7820 	EXP 	eyetracker.setRecordingState(False)
7.8085 	EXP 	text: height = np.float64(0.05)
7.8085 	EXP 	text: height = np.float64(0.05)
7.8085 	EXP 	text: height = np.float64(0.05)
7.8085 	EXP 	text: text = 'Which one are you going to buy?'
7.8116 	EXP 	eyetracker.setRecordingState(False)
7.8431 	EXP 	text: height = np.float64(0.05)
7.8431 	EXP 	text: height = np.float64(0.05)
7.8431 	EXP 	text: height = np.float64(0.05)
7.8431 	EXP 	text: text = 'Which one are you going to buy?'
7.8461 	EXP 	eyetracker.setRecordingState(False)
7.8764 	EXP 	text: height = np.float64(0.05)
7.8764 	EXP 	text: height = np.float64(0.05)
7.8764 	EXP 	text: height = np.float64(0.05)
7.8764 	EXP 	text: text = 'Which one are you going to buy?'
7.8792 	EXP 	eyetracker.setRecordingState(False)
7.9051 	EXP 	text: height = np.float64(0.05)
7.9051 	EXP 	text: height = np.float64(0.05)
7.9051 	EXP 	text: height = np.float64(0.05)
7.9051 	EXP 	text: text = 'Which one are you going to buy?'
7.9073 	EXP 	eyetracker.setRecordingState(False)
7.9311 	EXP 	text: height = np.float64(0.05)
7.9311 	EXP 	text: height = np.float64(0.05)
7.9311 	EXP 	text: height = np.float64(0.05)
7.9311 	EXP 	text: text = 'Which one are you going to buy?'
7.9339 	EXP 	eyetracker.setRecordingState(False)
7.9612 	EXP 	text: height = np.float64(0.05)
7.9612 	EXP 	text: height = np.float64(0.05)
7.9612 	EXP 	text: height = np.float64(0.05)
7.9612 	EXP 	text: text = 'Which one are you going to buy?'
7.9632 	EXP 	eyetracker.setRecordingState(False)
7.9901 	EXP 	text: height = np.float64(0.05)
7.9901 	EXP 	text: height = np.float64(0.05)
7.9901 	EXP 	text: height = np.float64(0.05)
7.9901 	EXP 	text: text = 'Which one are you going to buy?'
7.9924 	EXP 	eyetracker.setRecordingState(False)
8.0240 	EXP 	text: height = np.float64(0.05)
8.0240 	EXP 	text: height = np.float64(0.05)
8.0240 	EXP 	text: height = np.float64(0.05)
8.0240 	EXP 	text: text = 'Which one are you going to buy?'
8.0277 	EXP 	eyetracker.setRecordingState(False)
8.0599 	EXP 	text: height = np.float64(0.05)
8.0599 	EXP 	text: height = np.float64(0.05)
8.0599 	EXP 	text: height = np.float64(0.05)
8.0599 	EXP 	text: text = 'Which one are you going to buy?'
8.0628 	EXP 	eyetracker.setRecordingState(False)
8.0933 	EXP 	text: height = np.float64(0.05)
8.0933 	EXP 	text: height = np.float64(0.05)
8.0933 	EXP 	text: height = np.float64(0.05)
8.0933 	EXP 	text: text = 'Which one are you going to buy?'
8.0963 	EXP 	eyetracker.setRecordingState(False)
8.1246 	EXP 	text: height = np.float64(0.05)
8.1246 	EXP 	text: height = np.float64(0.05)
8.1246 	EXP 	text: height = np.float64(0.05)
8.1246 	EXP 	text: text = 'Which one are you going to buy?'
8.1282 	EXP 	eyetracker.setRecordingState(False)
8.1547 	EXP 	text: height = np.float64(0.05)
8.1547 	EXP 	text: height = np.float64(0.05)
8.1547 	EXP 	text: height = np.float64(0.05)
8.1547 	EXP 	text: text = 'Which one are you going to buy?'
8.1572 	EXP 	eyetracker.setRecordingState(False)
8.1817 	EXP 	text: height = np.float64(0.05)
8.1817 	EXP 	text: height = np.float64(0.05)
8.1817 	EXP 	text: height = np.float64(0.05)
8.1817 	EXP 	text: text = 'Which one are you going to buy?'
8.1843 	EXP 	eyetracker.setRecordingState(False)
8.2073 	EXP 	text: height = np.float64(0.05)
8.2073 	EXP 	text: height = np.float64(0.05)
8.2073 	EXP 	text: height = np.float64(0.05)
8.2073 	EXP 	text: text = 'Which one are you going to buy?'
8.2100 	EXP 	eyetracker.setRecordingState(False)
8.2357 	EXP 	text: height = np.float64(0.05)
8.2357 	EXP 	text: height = np.float64(0.05)
8.2357 	EXP 	text: height = np.float64(0.05)
8.2357 	EXP 	text: text = 'Which one are you going to buy?'
8.2374 	EXP 	eyetracker.setRecordingState(False)
8.2623 	EXP 	text: height = np.float64(0.05)
8.2623 	EXP 	text: height = np.float64(0.05)
8.2623 	EXP 	text: height = np.float64(0.05)
8.2623 	EXP 	text: text = 'Which one are you going to buy?'
8.2635 	EXP 	eyetracker.setRecordingState(False)
8.2747 	EXP 	text: height = np.float64(0.05)
8.2747 	EXP 	text: height = np.float64(0.05)
8.2747 	EXP 	text: height = np.float64(0.05)
8.2747 	EXP 	text: text = 'Which one are you going to buy?'
8.2773 	EXP 	eyetracker.setRecordingState(False)
8.2884 	EXP 	text: height = np.float64(0.05)
8.2884 	EXP 	text: height = np.float64(0.05)
8.2884 	EXP 	text: height = np.float64(0.05)
8.2884 	EXP 	text: text = 'Which one are you going to buy?'
8.2892 	EXP 	eyetracker.setRecordingState(False)
8.3076 	EXP 	text: height = np.float64(0.05)
8.3076 	EXP 	text: height = np.float64(0.05)
8.3076 	EXP 	text: height = np.float64(0.05)
8.3076 	EXP 	text: text = 'Which one are you going to buy?'
8.3092 	EXP 	eyetracker.setRecordingState(False)
8.3342 	EXP 	text: height = np.float64(0.05)
8.3342 	EXP 	text: height = np.float64(0.05)
8.3342 	EXP 	text: height = np.float64(0.05)
8.3342 	EXP 	text: text = 'Which one are you going to buy?'
8.3371 	EXP 	eyetracker.setRecordingState(False)
8.3638 	EXP 	text: height = np.float64(0.05)
8.3638 	EXP 	text: height = np.float64(0.05)
8.3638 	EXP 	text: height = np.float64(0.05)
8.3638 	EXP 	text: text = 'Which one are you going to buy?'
8.3653 	EXP 	eyetracker.setRecordingState(False)
8.3810 	EXP 	text: height = np.float64(0.05)
8.3810 	EXP 	text: height = np.float64(0.05)
8.3810 	EXP 	text: height = np.float64(0.05)
8.3810 	EXP 	text: text = 'Which one are you going to buy?'
8.3824 	EXP 	eyetracker.setRecordingState(False)
8.3911 	EXP 	text: height = np.float64(0.05)
8.3911 	EXP 	text: height = np.float64(0.05)
8.3911 	EXP 	text: height = np.float64(0.05)
8.3911 	EXP 	text: text = 'Which one are you going to buy?'
8.3924 	EXP 	eyetracker.setRecordingState(False)
8.4092 	EXP 	text: height = np.float64(0.05)
8.4092 	EXP 	text: height = np.float64(0.05)
8.4092 	EXP 	text: height = np.float64(0.05)
8.4092 	EXP 	text: text = 'Which one are you going to buy?'
8.4115 	EXP 	eyetracker.setRecordingState(False)
8.4339 	EXP 	text: height = np.float64(0.05)
8.4339 	EXP 	text: height = np.float64(0.05)
8.4339 	EXP 	text: height = np.float64(0.05)
8.4339 	EXP 	text: text = 'Which one are you going to buy?'
8.4357 	EXP 	eyetracker.setRecordingState(False)
8.4567 	EXP 	text: height = np.float64(0.05)
8.4567 	EXP 	text: height = np.float64(0.05)
8.4567 	EXP 	text: height = np.float64(0.05)
8.4567 	EXP 	text: text = 'Which one are you going to buy?'
8.4587 	EXP 	eyetracker.setRecordingState(False)
8.4781 	EXP 	text: height = np.float64(0.05)
8.4781 	EXP 	text: height = np.float64(0.05)
8.4781 	EXP 	text: height = np.float64(0.05)
8.4781 	EXP 	text: text = 'Which one are you going to buy?'
8.4802 	EXP 	eyetracker.setRecordingState(False)
8.4977 	EXP 	text: height = np.float64(0.05)
8.4977 	EXP 	text: height = np.float64(0.05)
8.4977 	EXP 	text: height = np.float64(0.05)
8.4977 	EXP 	text: text = 'Which one are you going to buy?'
8.4995 	EXP 	eyetracker.setRecordingState(False)
8.5153 	EXP 	text: height = np.float64(0.05)
8.5153 	EXP 	text: height = np.float64(0.05)
8.5153 	EXP 	text: height = np.float64(0.05)
8.5153 	EXP 	text: text = 'Which one are you going to buy?'
8.5165 	EXP 	eyetracker.setRecordingState(False)
8.5302 	EXP 	text: height = np.float64(0.05)
8.5302 	EXP 	text: height = np.float64(0.05)
8.5302 	EXP 	text: height = np.float64(0.05)
8.5302 	EXP 	text: text = 'Which one are you going to buy?'
8.5320 	EXP 	eyetracker.setRecordingState(False)
8.5523 	EXP 	text: height = np.float64(0.05)
8.5523 	EXP 	text: height = np.float64(0.05)
8.5523 	EXP 	text: height = np.float64(0.05)
8.5523 	EXP 	text: text = 'Which one are you going to buy?'
8.5552 	EXP 	eyetracker.setRecordingState(False)
8.5805 	EXP 	text: height = np.float64(0.05)
8.5805 	EXP 	text: height = np.float64(0.05)
8.5805 	EXP 	text: height = np.float64(0.05)
8.5805 	EXP 	text: text = 'Which one are you going to buy?'
8.5824 	EXP 	eyetracker.setRecordingState(False)
8.6004 	EXP 	text: height = np.float64(0.05)
8.6004 	EXP 	text: height = np.float64(0.05)
8.6004 	EXP 	text: height = np.float64(0.05)
8.6004 	EXP 	text: text = 'Which one are you going to buy?'
8.6027 	EXP 	eyetracker.setRecordingState(False)
8.6220 	EXP 	text: height = np.float64(0.05)
8.6220 	EXP 	text: height = np.float64(0.05)
8.6220 	EXP 	text: height = np.float64(0.05)
8.6220 	EXP 	text: text = 'Which one are you going to buy?'
8.6237 	EXP 	eyetracker.setRecordingState(False)
8.6430 	EXP 	text: height = np.float64(0.05)
8.6430 	EXP 	text: height = np.float64(0.05)
8.6430 	EXP 	text: height = np.float64(0.05)
8.6430 	EXP 	text: text = 'Which one are you going to buy?'
8.6448 	EXP 	eyetracker.setRecordingState(False)
8.6649 	EXP 	text: height = np.float64(0.05)
8.6649 	EXP 	text: height = np.float64(0.05)
8.6649 	EXP 	text: height = np.float64(0.05)
8.6649 	EXP 	text: text = 'Which one are you going to buy?'
8.6674 	EXP 	eyetracker.setRecordingState(False)
8.6896 	EXP 	text: height = np.float64(0.05)
8.6896 	EXP 	text: height = np.float64(0.05)
8.6896 	EXP 	text: height = np.float64(0.05)
8.6896 	EXP 	text: text = 'Which one are you going to buy?'
8.6916 	EXP 	eyetracker.setRecordingState(False)
8.7137 	EXP 	text: height = np.float64(0.05)
8.7137 	EXP 	text: height = np.float64(0.05)
8.7137 	EXP 	text: height = np.float64(0.05)
8.7137 	EXP 	text: text = 'Which one are you going to buy?'
8.7158 	EXP 	eyetracker.setRecordingState(False)
8.7403 	EXP 	text: height = np.float64(0.05)
8.7403 	EXP 	text: height = np.float64(0.05)
8.7403 	EXP 	text: height = np.float64(0.05)
8.7403 	EXP 	text: text = 'Which one are you going to buy?'
8.7425 	EXP 	eyetracker.setRecordingState(False)
8.7615 	EXP 	text: height = np.float64(0.05)
8.7615 	EXP 	text: height = np.float64(0.05)
8.7615 	EXP 	text: height = np.float64(0.05)
8.7615 	EXP 	text: text = 'Which one are you going to buy?'
8.7633 	EXP 	eyetracker.setRecordingState(False)
8.7791 	EXP 	text: height = np.float64(0.05)
8.7791 	EXP 	text: height = np.float64(0.05)
8.7791 	EXP 	text: height = np.float64(0.05)
8.7791 	EXP 	text: text = 'Which one are you going to buy?'
8.7808 	EXP 	eyetracker.setRecordingState(False)
8.7964 	EXP 	text: height = np.float64(0.05)
8.7964 	EXP 	text: height = np.float64(0.05)
8.7964 	EXP 	text: height = np.float64(0.05)
8.7964 	EXP 	text: text = 'Which one are you going to buy?'
8.7980 	EXP 	eyetracker.setRecordingState(False)
8.8116 	EXP 	text: height = np.float64(0.05)
8.8116 	EXP 	text: height = np.float64(0.05)
8.8116 	EXP 	text: height = np.float64(0.05)
8.8116 	EXP 	text: text = 'Which one are you going to buy?'
8.8129 	EXP 	eyetracker.setRecordingState(False)
8.8241 	EXP 	text: height = np.float64(0.05)
8.8241 	EXP 	text: height = np.float64(0.05)
8.8241 	EXP 	text: height = np.float64(0.05)
8.8241 	EXP 	text: text = 'Which one are you going to buy?'
8.8254 	EXP 	eyetracker.setRecordingState(False)
8.8363 	EXP 	text: height = np.float64(0.05)
8.8363 	EXP 	text: height = np.float64(0.05)
8.8363 	EXP 	text: height = np.float64(0.05)
8.8363 	EXP 	text: text = 'Which one are you going to buy?'
8.8376 	EXP 	eyetracker.setRecordingState(False)
8.8492 	EXP 	text: height = np.float64(0.05)
8.8492 	EXP 	text: height = np.float64(0.05)
8.8492 	EXP 	text: height = np.float64(0.05)
8.8492 	EXP 	text: text = 'Which one are you going to buy?'
8.8503 	EXP 	eyetracker.setRecordingState(False)
8.8617 	EXP 	text: height = np.float64(0.05)
8.8617 	EXP 	text: height = np.float64(0.05)
8.8617 	EXP 	text: height = np.float64(0.05)
8.8617 	EXP 	text: text = 'Which one are you going to buy?'
8.8631 	EXP 	eyetracker.setRecordingState(False)
8.8764 	EXP 	text: height = np.float64(0.05)
8.8764 	EXP 	text: height = np.float64(0.05)
8.8764 	EXP 	text: height = np.float64(0.05)
8.8764 	EXP 	text: text = 'Which one are you going to buy?'
8.8777 	EXP 	eyetracker.setRecordingState(False)
8.8897 	EXP 	text: height = np.float64(0.05)
8.8897 	EXP 	text: height = np.float64(0.05)
8.8897 	EXP 	text: height = np.float64(0.05)
8.8897 	EXP 	text: text = 'Which one are you going to buy?'
8.8919 	EXP 	eyetracker.setRecordingState(False)
8.9055 	EXP 	text: height = np.float64(0.05)
8.9055 	EXP 	text: height = np.float64(0.05)
8.9055 	EXP 	text: height = np.float64(0.05)
8.9055 	EXP 	text: text = 'Which one are you going to buy?'
8.9067 	EXP 	eyetracker.setRecordingState(False)
8.9194 	EXP 	text: height = np.float64(0.05)
8.9194 	EXP 	text: height = np.float64(0.05)
8.9194 	EXP 	text: height = np.float64(0.05)
8.9194 	EXP 	text: text = 'Which one are you going to buy?'
8.9206 	EXP 	eyetracker.setRecordingState(False)
8.9343 	EXP 	text: height = np.float64(0.05)
8.9343 	EXP 	text: height = np.float64(0.05)
8.9343 	EXP 	text: height = np.float64(0.05)
8.9343 	EXP 	text: text = 'Which one are you going to buy?'
8.9360 	EXP 	eyetracker.setRecordingState(False)
8.9504 	EXP 	text: height = np.float64(0.05)
8.9504 	EXP 	text: height = np.float64(0.05)
8.9504 	EXP 	text: height = np.float64(0.05)
8.9504 	EXP 	text: text = 'Which one are you going to buy?'
8.9517 	EXP 	eyetracker.setRecordingState(False)
8.9665 	EXP 	text: height = np.float64(0.05)
8.9665 	EXP 	text: height = np.float64(0.05)
8.9665 	EXP 	text: height = np.float64(0.05)
8.9665 	EXP 	text: text = 'Which one are you going to buy?'
8.9682 	EXP 	eyetracker.setRecordingState(False)
8.9825 	EXP 	text: height = np.float64(0.05)
8.9825 	EXP 	text: height = np.float64(0.05)
8.9825 	EXP 	text: height = np.float64(0.05)
8.9825 	EXP 	text: text = 'Which one are you going to buy?'
8.9838 	EXP 	eyetracker.setRecordingState(False)
8.9959 	EXP 	text: height = np.float64(0.05)
8.9959 	EXP 	text: height = np.float64(0.05)
8.9959 	EXP 	text: height = np.float64(0.05)
8.9959 	EXP 	text: text = 'Which one are you going to buy?'
8.9973 	EXP 	eyetracker.setRecordingState(False)
9.0098 	EXP 	text: height = np.float64(0.05)
9.0098 	EXP 	text: height = np.float64(0.05)
9.0098 	EXP 	text: height = np.float64(0.05)
9.0098 	EXP 	text: text = 'Which one are you going to buy?'
9.0108 	EXP 	eyetracker.setRecordingState(False)
9.0213 	EXP 	text: height = np.float64(0.05)
9.0213 	EXP 	text: height = np.float64(0.05)
9.0213 	EXP 	text: height = np.float64(0.05)
9.0213 	EXP 	text: text = 'Which one are you going to buy?'
9.0224 	EXP 	eyetracker.setRecordingState(False)
9.0324 	EXP 	text: height = np.float64(0.05)
9.0324 	EXP 	text: height = np.float64(0.05)
9.0324 	EXP 	text: height = np.float64(0.05)
9.0324 	EXP 	text: text = 'Which one are you going to buy?'
9.0333 	EXP 	eyetracker.setRecordingState(False)
9.0430 	EXP 	text: height = np.float64(0.05)
9.0430 	EXP 	text: height = np.float64(0.05)
9.0430 	EXP 	text: height = np.float64(0.05)
9.0430 	EXP 	text: text = 'Which one are you going to buy?'
9.0441 	EXP 	eyetracker.setRecordingState(False)
9.0547 	EXP 	text: height = np.float64(0.05)
9.0547 	EXP 	text: height = np.float64(0.05)
9.0547 	EXP 	text: height = np.float64(0.05)
9.0547 	EXP 	text: text = 'Which one are you going to buy?'
9.0556 	EXP 	eyetracker.setRecordingState(False)
9.0666 	EXP 	text: height = np.float64(0.05)
9.0666 	EXP 	text: height = np.float64(0.05)
9.0666 	EXP 	text: height = np.float64(0.05)
9.0666 	EXP 	text: text = 'Which one are you going to buy?'
9.0676 	EXP 	eyetracker.setRecordingState(False)
9.0781 	EXP 	text: height = np.float64(0.05)
9.0781 	EXP 	text: height = np.float64(0.05)
9.0781 	EXP 	text: height = np.float64(0.05)
9.0781 	EXP 	text: text = 'Which one are you going to buy?'
9.0790 	EXP 	eyetracker.setRecordingState(False)
9.0905 	EXP 	text: height = np.float64(0.05)
9.0905 	EXP 	text: height = np.float64(0.05)
9.0905 	EXP 	text: height = np.float64(0.05)
9.0905 	EXP 	text: text = 'Which one are you going to buy?'
9.0916 	EXP 	eyetracker.setRecordingState(False)
9.1012 	EXP 	text: height = np.float64(0.05)
9.1012 	EXP 	text: height = np.float64(0.05)
9.1012 	EXP 	text: height = np.float64(0.05)
9.1012 	EXP 	text: text = 'Which one are you going to buy?'
9.1023 	EXP 	eyetracker.setRecordingState(False)
9.1132 	EXP 	text: height = np.float64(0.05)
9.1132 	EXP 	text: height = np.float64(0.05)
9.1132 	EXP 	text: height = np.float64(0.05)
9.1132 	EXP 	text: text = 'Which one are you going to buy?'
9.1144 	EXP 	eyetracker.setRecordingState(False)
9.1249 	EXP 	text: height = np.float64(0.05)
9.1249 	EXP 	text: height = np.float64(0.05)
9.1249 	EXP 	text: height = np.float64(0.05)
9.1249 	EXP 	text: text = 'Which one are you going to buy?'
9.1263 	EXP 	eyetracker.setRecordingState(False)
9.1369 	EXP 	text: height = np.float64(0.05)
9.1369 	EXP 	text: height = np.float64(0.05)
9.1369 	EXP 	text: height = np.float64(0.05)
9.1369 	EXP 	text: text = 'Which one are you going to buy?'
9.1378 	EXP 	eyetracker.setRecordingState(False)
9.1497 	EXP 	text: height = np.float64(0.05)
9.1497 	EXP 	text: height = np.float64(0.05)
9.1497 	EXP 	text: height = np.float64(0.05)
9.1497 	EXP 	text: text = 'Which one are you going to buy?'
9.1512 	EXP 	eyetracker.setRecordingState(False)
9.1676 	EXP 	text: height = np.float64(0.05)
9.1676 	EXP 	text: height = np.float64(0.05)
9.1676 	EXP 	text: height = np.float64(0.05)
9.1676 	EXP 	text: text = 'Which one are you going to buy?'
9.1690 	EXP 	eyetracker.setRecordingState(False)
9.1839 	EXP 	text: height = np.float64(0.05)
9.1839 	EXP 	text: height = np.float64(0.05)
9.1839 	EXP 	text: height = np.float64(0.05)
9.1839 	EXP 	text: text = 'Which one are you going to buy?'
9.1861 	EXP 	eyetracker.setRecordingState(False)
9.2048 	EXP 	text: height = np.float64(0.05)
9.2048 	EXP 	text: height = np.float64(0.05)
9.2048 	EXP 	text: height = np.float64(0.05)
9.2048 	EXP 	text: text = 'Which one are you going to buy?'
9.2067 	EXP 	eyetracker.setRecordingState(False)
9.2237 	EXP 	text: height = np.float64(0.05)
9.2237 	EXP 	text: height = np.float64(0.05)
9.2237 	EXP 	text: height = np.float64(0.05)
9.2237 	EXP 	text: text = 'Which one are you going to buy?'
9.2256 	EXP 	eyetracker.setRecordingState(False)
9.2414 	EXP 	text: height = np.float64(0.05)
9.2414 	EXP 	text: height = np.float64(0.05)
9.2414 	EXP 	text: height = np.float64(0.05)
9.2414 	EXP 	text: text = 'Which one are you going to buy?'
9.2427 	EXP 	eyetracker.setRecordingState(False)
9.2607 	EXP 	text: height = np.float64(0.05)
9.2607 	EXP 	text: height = np.float64(0.05)
9.2607 	EXP 	text: height = np.float64(0.05)
9.2607 	EXP 	text: text = 'Which one are you going to buy?'
9.2625 	EXP 	eyetracker.setRecordingState(False)
9.2795 	EXP 	text: height = np.float64(0.05)
9.2795 	EXP 	text: height = np.float64(0.05)
9.2795 	EXP 	text: height = np.float64(0.05)
9.2795 	EXP 	text: text = 'Which one are you going to buy?'
9.2823 	EXP 	eyetracker.setRecordingState(False)
9.3012 	EXP 	text: height = np.float64(0.05)
9.3012 	EXP 	text: height = np.float64(0.05)
9.3012 	EXP 	text: height = np.float64(0.05)
9.3012 	EXP 	text: text = 'Which one are you going to buy?'
9.3031 	EXP 	eyetracker.setRecordingState(False)
9.3252 	EXP 	text: height = np.float64(0.05)
9.3252 	EXP 	text: height = np.float64(0.05)
9.3252 	EXP 	text: height = np.float64(0.05)
9.3252 	EXP 	text: text = 'Which one are you going to buy?'
9.3271 	EXP 	eyetracker.setRecordingState(False)
9.3449 	EXP 	text: height = np.float64(0.05)
9.3449 	EXP 	text: height = np.float64(0.05)
9.3449 	EXP 	text: height = np.float64(0.05)
9.3449 	EXP 	text: text = 'Which one are you going to buy?'
9.3466 	EXP 	eyetracker.setRecordingState(False)
9.3619 	EXP 	text: height = np.float64(0.05)
9.3619 	EXP 	text: height = np.float64(0.05)
9.3619 	EXP 	text: height = np.float64(0.05)
9.3619 	EXP 	text: text = 'Which one are you going to buy?'
9.3641 	EXP 	eyetracker.setRecordingState(False)
9.3792 	EXP 	text: height = np.float64(0.05)
9.3792 	EXP 	text: height = np.float64(0.05)
9.3792 	EXP 	text: height = np.float64(0.05)
9.3792 	EXP 	text: text = 'Which one are you going to buy?'
9.3804 	EXP 	eyetracker.setRecordingState(False)
9.3932 	EXP 	text: height = np.float64(0.05)
9.3932 	EXP 	text: height = np.float64(0.05)
9.3932 	EXP 	text: height = np.float64(0.05)
9.3932 	EXP 	text: text = 'Which one are you going to buy?'
9.3944 	EXP 	eyetracker.setRecordingState(False)
9.4057 	EXP 	text: height = np.float64(0.05)
9.4057 	EXP 	text: height = np.float64(0.05)
9.4057 	EXP 	text: height = np.float64(0.05)
9.4057 	EXP 	text: text = 'Which one are you going to buy?'
9.4068 	EXP 	eyetracker.setRecordingState(False)
9.4182 	EXP 	text: height = np.float64(0.05)
9.4182 	EXP 	text: height = np.float64(0.05)
9.4182 	EXP 	text: height = np.float64(0.05)
9.4182 	EXP 	text: text = 'Which one are you going to buy?'
9.4194 	EXP 	eyetracker.setRecordingState(False)
9.4321 	EXP 	text: height = np.float64(0.05)
9.4321 	EXP 	text: height = np.float64(0.05)
9.4321 	EXP 	text: height = np.float64(0.05)
9.4321 	EXP 	text: text = 'Which one are you going to buy?'
9.4337 	EXP 	eyetracker.setRecordingState(False)
9.4500 	EXP 	text: height = np.float64(0.05)
9.4500 	EXP 	text: height = np.float64(0.05)
9.4500 	EXP 	text: height = np.float64(0.05)
9.4500 	EXP 	text: text = 'Which one are you going to buy?'
9.4515 	EXP 	eyetracker.setRecordingState(False)
9.4657 	EXP 	text: height = np.float64(0.05)
9.4657 	EXP 	text: height = np.float64(0.05)
9.4657 	EXP 	text: height = np.float64(0.05)
9.4657 	EXP 	text: text = 'Which one are you going to buy?'
9.4671 	EXP 	eyetracker.setRecordingState(False)
9.4813 	EXP 	text: height = np.float64(0.05)
9.4813 	EXP 	text: height = np.float64(0.05)
9.4813 	EXP 	text: height = np.float64(0.05)
9.4813 	EXP 	text: text = 'Which one are you going to buy?'
9.4837 	EXP 	eyetracker.setRecordingState(False)
9.4996 	EXP 	text: height = np.float64(0.05)
9.4996 	EXP 	text: height = np.float64(0.05)
9.4996 	EXP 	text: height = np.float64(0.05)
9.4996 	EXP 	text: text = 'Which one are you going to buy?'
9.5019 	EXP 	eyetracker.setRecordingState(False)
9.5204 	EXP 	text: height = np.float64(0.05)
9.5204 	EXP 	text: height = np.float64(0.05)
9.5204 	EXP 	text: height = np.float64(0.05)
9.5204 	EXP 	text: text = 'Which one are you going to buy?'
9.5222 	EXP 	eyetracker.setRecordingState(False)
9.5383 	EXP 	text: height = np.float64(0.05)
9.5383 	EXP 	text: height = np.float64(0.05)
9.5383 	EXP 	text: height = np.float64(0.05)
9.5383 	EXP 	text: text = 'Which one are you going to buy?'
9.5406 	EXP 	eyetracker.setRecordingState(False)
9.5576 	EXP 	text: height = np.float64(0.05)
9.5576 	EXP 	text: height = np.float64(0.05)
9.5576 	EXP 	text: height = np.float64(0.05)
9.5576 	EXP 	text: text = 'Which one are you going to buy?'
9.5600 	EXP 	eyetracker.setRecordingState(False)
9.5736 	EXP 	text: height = np.float64(0.05)
9.5736 	EXP 	text: height = np.float64(0.05)
9.5736 	EXP 	text: height = np.float64(0.05)
9.5736 	EXP 	text: text = 'Which one are you going to buy?'
9.5747 	EXP 	eyetracker.setRecordingState(False)
9.5914 	EXP 	text: height = np.float64(0.05)
9.5914 	EXP 	text: height = np.float64(0.05)
9.5914 	EXP 	text: height = np.float64(0.05)
9.5914 	EXP 	text: text = 'Which one are you going to buy?'
9.5935 	EXP 	eyetracker.setRecordingState(False)
9.6106 	EXP 	text: height = np.float64(0.05)
9.6106 	EXP 	text: height = np.float64(0.05)
9.6106 	EXP 	text: height = np.float64(0.05)
9.6106 	EXP 	text: text = 'Which one are you going to buy?'
9.6129 	EXP 	eyetracker.setRecordingState(False)
9.6290 	EXP 	text: height = np.float64(0.05)
9.6290 	EXP 	text: height = np.float64(0.05)
9.6290 	EXP 	text: height = np.float64(0.05)
9.6290 	EXP 	text: text = 'Which one are you going to buy?'
9.6312 	EXP 	eyetracker.setRecordingState(False)
9.6487 	EXP 	text: height = np.float64(0.05)
9.6487 	EXP 	text: height = np.float64(0.05)
9.6487 	EXP 	text: height = np.float64(0.05)
9.6487 	EXP 	text: text = 'Which one are you going to buy?'
9.6499 	EXP 	eyetracker.setRecordingState(False)
9.6623 	EXP 	text: height = np.float64(0.05)
9.6623 	EXP 	text: height = np.float64(0.05)
9.6623 	EXP 	text: height = np.float64(0.05)
9.6623 	EXP 	text: text = 'Which one are you going to buy?'
9.6636 	EXP 	eyetracker.setRecordingState(False)
9.6781 	EXP 	text: height = np.float64(0.05)
9.6781 	EXP 	text: height = np.float64(0.05)
9.6781 	EXP 	text: height = np.float64(0.05)
9.6781 	EXP 	text: text = 'Which one are you going to buy?'
9.6794 	EXP 	eyetracker.setRecordingState(False)
9.6934 	EXP 	text: height = np.float64(0.05)
9.6934 	EXP 	text: height = np.float64(0.05)
9.6934 	EXP 	text: height = np.float64(0.05)
9.6934 	EXP 	text: text = 'Which one are you going to buy?'
9.6949 	EXP 	eyetracker.setRecordingState(False)
9.7073 	DATA 	Mouse: Left button down, pos=(701,583)
9.7102 	EXP 	text: height = np.float64(0.05)
9.7102 	EXP 	text: height = np.float64(0.05)
9.7102 	EXP 	text: height = np.float64(0.05)
9.7102 	EXP 	text: text = 'Which one are you going to buy?'
9.7133 	EXP 	eyetracker.setRecordingState(False)
9.7166 	EXP 	eyetracker.setRecordingState(False)
9.7321 	INFO 	Keyboard events cleared
9.7311 	EXP 	text: autoDraw = False
9.7311 	EXP 	ambewela: autoDraw = False
9.7311 	EXP 	kothmale: autoDraw = False
9.7311 	EXP 	happycow: autoDraw = False
9.7311 	EXP 	kraft: autoDraw = False
9.7311 	EXP 	richlife: autoDraw = False
9.7311 	EXP 	text_2: autoDraw = False
9.7311 	EXP 	text_3: autoDraw = False
9.7311 	EXP 	text_4: autoDraw = False
9.7311 	EXP 	text_5: autoDraw = False
9.7311 	EXP 	text_6: autoDraw = False
9.7311 	EXP 	text_7: autoDraw = True
9.7311 	EXP 	highlandYoghurt: autoDraw = True
9.7311 	EXP 	anchoryoghurt: autoDraw = True
9.7311 	EXP 	ambewelayoghurt: autoDraw = True
9.7311 	EXP 	pelawatteyoghurt: autoDraw = True
9.7311 	EXP 	text_8: autoDraw = True
9.7311 	EXP 	text_9: autoDraw = True
9.7311 	EXP 	text_10: autoDraw = True
9.7311 	EXP 	text_11: autoDraw = True
9.7341 	EXP 	eyetracker.setRecordingState(False)
9.7435 	EXP 	eyetracker.setRecordingState(False)
9.7547 	EXP 	eyetracker.setRecordingState(False)
9.7640 	EXP 	eyetracker.setRecordingState(False)
9.7738 	EXP 	eyetracker.setRecordingState(False)
9.7837 	EXP 	eyetracker.setRecordingState(False)
9.7934 	EXP 	eyetracker.setRecordingState(False)
9.8032 	EXP 	eyetracker.setRecordingState(False)
9.8128 	EXP 	eyetracker.setRecordingState(False)
9.8226 	EXP 	eyetracker.setRecordingState(False)
9.8335 	EXP 	eyetracker.setRecordingState(False)
9.8442 	EXP 	eyetracker.setRecordingState(False)
9.8547 	EXP 	eyetracker.setRecordingState(False)
9.8655 	EXP 	eyetracker.setRecordingState(False)
9.8747 	EXP 	eyetracker.setRecordingState(False)
9.8859 	EXP 	eyetracker.setRecordingState(False)
9.8958 	EXP 	eyetracker.setRecordingState(False)
9.9077 	EXP 	eyetracker.setRecordingState(False)
9.9189 	EXP 	eyetracker.setRecordingState(False)
9.9260 	DATA 	Mouse:  Left button up, pos=(701,583)
9.9316 	EXP 	eyetracker.setRecordingState(False)
9.9418 	EXP 	eyetracker.setRecordingState(False)
9.9515 	EXP 	eyetracker.setRecordingState(False)
9.9635 	EXP 	eyetracker.setRecordingState(False)
9.9762 	EXP 	eyetracker.setRecordingState(False)
9.9867 	EXP 	eyetracker.setRecordingState(False)
9.9963 	EXP 	eyetracker.setRecordingState(False)
10.0079 	EXP 	eyetracker.setRecordingState(False)
10.0202 	EXP 	eyetracker.setRecordingState(False)
10.0304 	EXP 	eyetracker.setRecordingState(False)
10.0414 	EXP 	eyetracker.setRecordingState(False)
10.0527 	EXP 	eyetracker.setRecordingState(False)
10.0627 	EXP 	eyetracker.setRecordingState(False)
10.0716 	EXP 	eyetracker.setRecordingState(False)
10.0803 	EXP 	eyetracker.setRecordingState(False)
10.0897 	EXP 	eyetracker.setRecordingState(False)
10.1004 	EXP 	eyetracker.setRecordingState(False)
10.1100 	EXP 	eyetracker.setRecordingState(False)
10.1210 	EXP 	eyetracker.setRecordingState(False)
10.1322 	EXP 	eyetracker.setRecordingState(False)
10.1432 	EXP 	eyetracker.setRecordingState(False)
10.1549 	EXP 	eyetracker.setRecordingState(False)
10.1657 	EXP 	eyetracker.setRecordingState(False)
10.1769 	EXP 	eyetracker.setRecordingState(False)
10.1873 	EXP 	eyetracker.setRecordingState(False)
10.1970 	EXP 	eyetracker.setRecordingState(False)
10.2064 	EXP 	eyetracker.setRecordingState(False)
10.2150 	EXP 	eyetracker.setRecordingState(False)
10.2238 	EXP 	eyetracker.setRecordingState(False)
10.2332 	EXP 	eyetracker.setRecordingState(False)
10.2427 	EXP 	eyetracker.setRecordingState(False)
10.2553 	EXP 	eyetracker.setRecordingState(False)
10.2658 	EXP 	eyetracker.setRecordingState(False)
10.2762 	EXP 	eyetracker.setRecordingState(False)
10.2875 	EXP 	eyetracker.setRecordingState(False)
10.2985 	EXP 	eyetracker.setRecordingState(False)
10.3106 	EXP 	eyetracker.setRecordingState(False)
10.3211 	EXP 	eyetracker.setRecordingState(False)
10.3317 	EXP 	eyetracker.setRecordingState(False)
10.3462 	EXP 	eyetracker.setRecordingState(False)
10.3557 	EXP 	eyetracker.setRecordingState(False)
10.3677 	EXP 	eyetracker.setRecordingState(False)
10.3811 	EXP 	eyetracker.setRecordingState(False)
10.3917 	EXP 	eyetracker.setRecordingState(False)
10.4025 	EXP 	eyetracker.setRecordingState(False)
10.4145 	EXP 	eyetracker.setRecordingState(False)
10.4290 	EXP 	eyetracker.setRecordingState(False)
10.4451 	EXP 	eyetracker.setRecordingState(False)
10.4581 	EXP 	eyetracker.setRecordingState(False)
10.4697 	EXP 	eyetracker.setRecordingState(False)
10.4785 	EXP 	eyetracker.setRecordingState(False)
10.4881 	EXP 	eyetracker.setRecordingState(False)
10.4971 	EXP 	eyetracker.setRecordingState(False)
10.5071 	EXP 	eyetracker.setRecordingState(False)
10.5183 	EXP 	eyetracker.setRecordingState(False)
10.5297 	EXP 	eyetracker.setRecordingState(False)
10.5408 	EXP 	eyetracker.setRecordingState(False)
10.5521 	EXP 	eyetracker.setRecordingState(False)
10.5643 	EXP 	eyetracker.setRecordingState(False)
10.5746 	EXP 	eyetracker.setRecordingState(False)
10.5861 	EXP 	eyetracker.setRecordingState(False)
10.5957 	EXP 	eyetracker.setRecordingState(False)
10.6053 	EXP 	eyetracker.setRecordingState(False)
10.6149 	EXP 	eyetracker.setRecordingState(False)
10.6233 	EXP 	eyetracker.setRecordingState(False)
10.6314 	EXP 	eyetracker.setRecordingState(False)
10.6408 	EXP 	eyetracker.setRecordingState(False)
10.6517 	EXP 	eyetracker.setRecordingState(False)
10.6629 	EXP 	eyetracker.setRecordingState(False)
10.6743 	EXP 	eyetracker.setRecordingState(False)
10.6859 	EXP 	eyetracker.setRecordingState(False)
10.6962 	EXP 	eyetracker.setRecordingState(False)
10.7077 	EXP 	eyetracker.setRecordingState(False)
10.7193 	EXP 	eyetracker.setRecordingState(False)
10.7311 	EXP 	eyetracker.setRecordingState(False)
10.7429 	EXP 	eyetracker.setRecordingState(False)
10.7538 	EXP 	eyetracker.setRecordingState(False)
10.7665 	EXP 	eyetracker.setRecordingState(False)
10.7761 	EXP 	eyetracker.setRecordingState(False)
10.7844 	EXP 	eyetracker.setRecordingState(False)
10.7917 	EXP 	eyetracker.setRecordingState(False)
10.7990 	EXP 	eyetracker.setRecordingState(False)
10.8079 	EXP 	eyetracker.setRecordingState(False)
10.8175 	EXP 	eyetracker.setRecordingState(False)
10.8292 	EXP 	eyetracker.setRecordingState(False)
10.8395 	EXP 	eyetracker.setRecordingState(False)
10.8500 	EXP 	eyetracker.setRecordingState(False)
10.8586 	EXP 	eyetracker.setRecordingState(False)
10.8664 	EXP 	eyetracker.setRecordingState(False)
10.8752 	EXP 	eyetracker.setRecordingState(False)
10.8841 	EXP 	eyetracker.setRecordingState(False)
10.8947 	EXP 	eyetracker.setRecordingState(False)
10.9052 	EXP 	eyetracker.setRecordingState(False)
10.9153 	EXP 	eyetracker.setRecordingState(False)
10.9255 	EXP 	eyetracker.setRecordingState(False)
10.9366 	EXP 	eyetracker.setRecordingState(False)
10.9464 	EXP 	eyetracker.setRecordingState(False)
10.9560 	EXP 	eyetracker.setRecordingState(False)
10.9656 	EXP 	eyetracker.setRecordingState(False)
10.9762 	EXP 	eyetracker.setRecordingState(False)
10.9861 	EXP 	eyetracker.setRecordingState(False)
10.9971 	EXP 	eyetracker.setRecordingState(False)
11.0083 	EXP 	eyetracker.setRecordingState(False)
11.0189 	EXP 	eyetracker.setRecordingState(False)
11.0293 	EXP 	eyetracker.setRecordingState(False)
11.0393 	EXP 	eyetracker.setRecordingState(False)
11.0487 	EXP 	eyetracker.setRecordingState(False)
11.0594 	EXP 	eyetracker.setRecordingState(False)
11.0697 	EXP 	eyetracker.setRecordingState(False)
11.0811 	EXP 	eyetracker.setRecordingState(False)
11.0910 	EXP 	eyetracker.setRecordingState(False)
11.1018 	EXP 	eyetracker.setRecordingState(False)
11.1120 	EXP 	eyetracker.setRecordingState(False)
11.1229 	EXP 	eyetracker.setRecordingState(False)
11.1334 	EXP 	eyetracker.setRecordingState(False)
11.1441 	EXP 	eyetracker.setRecordingState(False)
11.1553 	EXP 	eyetracker.setRecordingState(False)
11.1663 	EXP 	eyetracker.setRecordingState(False)
11.1777 	EXP 	eyetracker.setRecordingState(False)
11.1884 	EXP 	eyetracker.setRecordingState(False)
11.1995 	EXP 	eyetracker.setRecordingState(False)
11.2092 	EXP 	eyetracker.setRecordingState(False)
11.2208 	EXP 	eyetracker.setRecordingState(False)
11.2305 	EXP 	eyetracker.setRecordingState(False)
11.2407 	EXP 	eyetracker.setRecordingState(False)
11.2513 	EXP 	eyetracker.setRecordingState(False)
11.2617 	EXP 	eyetracker.setRecordingState(False)
11.2721 	EXP 	eyetracker.setRecordingState(False)
11.2831 	EXP 	eyetracker.setRecordingState(False)
11.2954 	EXP 	eyetracker.setRecordingState(False)
11.3060 	EXP 	eyetracker.setRecordingState(False)
11.3168 	EXP 	eyetracker.setRecordingState(False)
11.3263 	EXP 	eyetracker.setRecordingState(False)
11.3370 	EXP 	eyetracker.setRecordingState(False)
11.3470 	EXP 	eyetracker.setRecordingState(False)
11.3570 	EXP 	eyetracker.setRecordingState(False)
11.3687 	EXP 	eyetracker.setRecordingState(False)
11.3821 	EXP 	eyetracker.setRecordingState(False)
11.3941 	EXP 	eyetracker.setRecordingState(False)
11.4118 	EXP 	eyetracker.setRecordingState(False)
11.4276 	EXP 	eyetracker.setRecordingState(False)
11.4411 	EXP 	eyetracker.setRecordingState(False)
11.4523 	EXP 	eyetracker.setRecordingState(False)
11.4648 	EXP 	eyetracker.setRecordingState(False)
11.4772 	EXP 	eyetracker.setRecordingState(False)
11.4910 	EXP 	eyetracker.setRecordingState(False)
11.5047 	EXP 	eyetracker.setRecordingState(False)
11.5210 	EXP 	eyetracker.setRecordingState(False)
11.5355 	EXP 	eyetracker.setRecordingState(False)
11.5482 	EXP 	eyetracker.setRecordingState(False)
11.5616 	EXP 	eyetracker.setRecordingState(False)
11.5737 	EXP 	eyetracker.setRecordingState(False)
11.5861 	EXP 	eyetracker.setRecordingState(False)
11.5992 	EXP 	eyetracker.setRecordingState(False)
11.6105 	EXP 	eyetracker.setRecordingState(False)
11.6215 	EXP 	eyetracker.setRecordingState(False)
11.6334 	EXP 	eyetracker.setRecordingState(False)
11.6455 	EXP 	eyetracker.setRecordingState(False)
11.6581 	EXP 	eyetracker.setRecordingState(False)
11.6708 	EXP 	eyetracker.setRecordingState(False)
11.6843 	EXP 	eyetracker.setRecordingState(False)
11.6976 	EXP 	eyetracker.setRecordingState(False)
11.7118 	EXP 	eyetracker.setRecordingState(False)
11.7253 	EXP 	eyetracker.setRecordingState(False)
11.7388 	EXP 	eyetracker.setRecordingState(False)
11.7489 	EXP 	eyetracker.setRecordingState(False)
11.7587 	EXP 	eyetracker.setRecordingState(False)
11.7705 	EXP 	eyetracker.setRecordingState(False)
11.7805 	EXP 	eyetracker.setRecordingState(False)
11.7888 	EXP 	eyetracker.setRecordingState(False)
11.7967 	EXP 	eyetracker.setRecordingState(False)
11.8064 	EXP 	eyetracker.setRecordingState(False)
11.8169 	EXP 	eyetracker.setRecordingState(False)
11.8269 	EXP 	eyetracker.setRecordingState(False)
11.8364 	EXP 	eyetracker.setRecordingState(False)
11.8466 	EXP 	eyetracker.setRecordingState(False)
11.8577 	EXP 	eyetracker.setRecordingState(False)
11.8675 	EXP 	eyetracker.setRecordingState(False)
11.8767 	EXP 	eyetracker.setRecordingState(False)
11.8866 	EXP 	eyetracker.setRecordingState(False)
11.8972 	EXP 	eyetracker.setRecordingState(False)
11.9072 	EXP 	eyetracker.setRecordingState(False)
11.9173 	EXP 	eyetracker.setRecordingState(False)
11.9282 	EXP 	eyetracker.setRecordingState(False)
11.9393 	EXP 	eyetracker.setRecordingState(False)
11.9505 	EXP 	eyetracker.setRecordingState(False)
11.9624 	EXP 	eyetracker.setRecordingState(False)
11.9741 	EXP 	eyetracker.setRecordingState(False)
11.9846 	EXP 	eyetracker.setRecordingState(False)
11.9937 	EXP 	eyetracker.setRecordingState(False)
12.0001 	EXP 	eyetracker.setRecordingState(False)
12.0072 	EXP 	eyetracker.setRecordingState(False)
12.0152 	EXP 	eyetracker.setRecordingState(False)
12.0233 	EXP 	eyetracker.setRecordingState(False)
12.0343 	EXP 	eyetracker.setRecordingState(False)
12.0449 	EXP 	eyetracker.setRecordingState(False)
12.0549 	EXP 	eyetracker.setRecordingState(False)
12.0651 	EXP 	eyetracker.setRecordingState(False)
12.0753 	EXP 	eyetracker.setRecordingState(False)
12.0855 	EXP 	eyetracker.setRecordingState(False)
12.0956 	EXP 	eyetracker.setRecordingState(False)
12.1059 	EXP 	eyetracker.setRecordingState(False)
12.1166 	EXP 	eyetracker.setRecordingState(False)
12.1272 	EXP 	eyetracker.setRecordingState(False)
12.1371 	EXP 	eyetracker.setRecordingState(False)
12.1465 	EXP 	eyetracker.setRecordingState(False)
12.1561 	EXP 	eyetracker.setRecordingState(False)
12.1659 	EXP 	eyetracker.setRecordingState(False)
12.1754 	EXP 	eyetracker.setRecordingState(False)
12.1858 	EXP 	eyetracker.setRecordingState(False)
12.1987 	EXP 	eyetracker.setRecordingState(False)
12.2127 	EXP 	eyetracker.setRecordingState(False)
12.2237 	EXP 	eyetracker.setRecordingState(False)
12.2353 	EXP 	eyetracker.setRecordingState(False)
12.2470 	EXP 	eyetracker.setRecordingState(False)
12.2575 	EXP 	eyetracker.setRecordingState(False)
12.2678 	EXP 	eyetracker.setRecordingState(False)
12.2786 	EXP 	eyetracker.setRecordingState(False)
12.2890 	EXP 	eyetracker.setRecordingState(False)
12.2988 	EXP 	eyetracker.setRecordingState(False)
12.3090 	EXP 	eyetracker.setRecordingState(False)
12.3204 	EXP 	eyetracker.setRecordingState(False)
12.3308 	EXP 	eyetracker.setRecordingState(False)
12.3409 	EXP 	eyetracker.setRecordingState(False)
12.3524 	EXP 	eyetracker.setRecordingState(False)
12.3622 	EXP 	eyetracker.setRecordingState(False)
12.3719 	EXP 	eyetracker.setRecordingState(False)
12.3816 	EXP 	eyetracker.setRecordingState(False)
12.3932 	EXP 	eyetracker.setRecordingState(False)
12.4050 	EXP 	eyetracker.setRecordingState(False)
12.4159 	EXP 	eyetracker.setRecordingState(False)
12.4270 	EXP 	eyetracker.setRecordingState(False)
12.4370 	EXP 	eyetracker.setRecordingState(False)
12.4489 	EXP 	eyetracker.setRecordingState(False)
12.4621 	EXP 	eyetracker.setRecordingState(False)
12.4745 	EXP 	eyetracker.setRecordingState(False)
12.4858 	EXP 	eyetracker.setRecordingState(False)
12.4993 	EXP 	eyetracker.setRecordingState(False)
12.5110 	EXP 	eyetracker.setRecordingState(False)
12.5265 	EXP 	eyetracker.setRecordingState(False)
12.5462 	EXP 	eyetracker.setRecordingState(False)
12.5614 	EXP 	eyetracker.setRecordingState(False)
12.5838 	EXP 	eyetracker.setRecordingState(False)
12.5967 	EXP 	eyetracker.setRecordingState(False)
12.6100 	EXP 	eyetracker.setRecordingState(False)
12.6230 	EXP 	eyetracker.setRecordingState(False)
12.6349 	EXP 	eyetracker.setRecordingState(False)
12.6445 	EXP 	eyetracker.setRecordingState(False)
12.6530 	EXP 	eyetracker.setRecordingState(False)
12.6656 	EXP 	eyetracker.setRecordingState(False)
12.6763 	EXP 	eyetracker.setRecordingState(False)
12.6877 	EXP 	eyetracker.setRecordingState(False)
12.7022 	EXP 	eyetracker.setRecordingState(False)
12.7147 	EXP 	eyetracker.setRecordingState(False)
12.7280 	EXP 	eyetracker.setRecordingState(False)
12.7385 	EXP 	eyetracker.setRecordingState(False)
12.7495 	EXP 	eyetracker.setRecordingState(False)
12.7676 	EXP 	eyetracker.setRecordingState(False)
12.7862 	EXP 	eyetracker.setRecordingState(False)
12.7959 	EXP 	eyetracker.setRecordingState(False)
12.8077 	EXP 	eyetracker.setRecordingState(False)
12.8170 	EXP 	eyetracker.setRecordingState(False)
12.8260 	EXP 	eyetracker.setRecordingState(False)
12.8385 	EXP 	eyetracker.setRecordingState(False)
12.8493 	EXP 	eyetracker.setRecordingState(False)
12.8607 	EXP 	eyetracker.setRecordingState(False)
12.8757 	EXP 	eyetracker.setRecordingState(False)
12.8913 	EXP 	eyetracker.setRecordingState(False)
12.9043 	EXP 	eyetracker.setRecordingState(False)
12.9164 	EXP 	eyetracker.setRecordingState(False)
12.9300 	EXP 	eyetracker.setRecordingState(False)
12.9426 	EXP 	eyetracker.setRecordingState(False)
12.9538 	EXP 	eyetracker.setRecordingState(False)
12.9647 	EXP 	eyetracker.setRecordingState(False)
12.9766 	EXP 	eyetracker.setRecordingState(False)
12.9889 	EXP 	eyetracker.setRecordingState(False)
12.9995 	EXP 	eyetracker.setRecordingState(False)
13.0120 	EXP 	eyetracker.setRecordingState(False)
13.0224 	EXP 	eyetracker.setRecordingState(False)
13.0322 	EXP 	eyetracker.setRecordingState(False)
13.0445 	EXP 	eyetracker.setRecordingState(False)
13.0543 	EXP 	eyetracker.setRecordingState(False)
13.0659 	EXP 	eyetracker.setRecordingState(False)
13.0770 	EXP 	eyetracker.setRecordingState(False)
13.0894 	EXP 	eyetracker.setRecordingState(False)
13.1025 	EXP 	eyetracker.setRecordingState(False)
13.1145 	EXP 	eyetracker.setRecordingState(False)
13.1267 	EXP 	eyetracker.setRecordingState(False)
13.1384 	EXP 	eyetracker.setRecordingState(False)
13.1504 	EXP 	eyetracker.setRecordingState(False)
13.1606 	EXP 	eyetracker.setRecordingState(False)
13.1706 	EXP 	eyetracker.setRecordingState(False)
13.1788 	EXP 	eyetracker.setRecordingState(False)
13.1905 	EXP 	eyetracker.setRecordingState(False)
13.2004 	EXP 	eyetracker.setRecordingState(False)
13.2115 	EXP 	eyetracker.setRecordingState(False)
13.2217 	EXP 	eyetracker.setRecordingState(False)
13.2326 	EXP 	eyetracker.setRecordingState(False)
13.2420 	EXP 	eyetracker.setRecordingState(False)
13.2517 	EXP 	eyetracker.setRecordingState(False)
13.2628 	EXP 	eyetracker.setRecordingState(False)
13.2735 	EXP 	eyetracker.setRecordingState(False)
13.2840 	EXP 	eyetracker.setRecordingState(False)
13.2948 	EXP 	eyetracker.setRecordingState(False)
13.3047 	EXP 	eyetracker.setRecordingState(False)
13.3163 	EXP 	eyetracker.setRecordingState(False)
13.3272 	EXP 	eyetracker.setRecordingState(False)
13.3364 	EXP 	eyetracker.setRecordingState(False)
13.3459 	EXP 	eyetracker.setRecordingState(False)
13.3551 	EXP 	eyetracker.setRecordingState(False)
13.3636 	EXP 	eyetracker.setRecordingState(False)
13.3722 	EXP 	eyetracker.setRecordingState(False)
13.3801 	DATA 	Mouse: Left button down, pos=(527,521)
13.3831 	EXP 	eyetracker.setRecordingState(False)
13.3859 	EXP 	eyetracker.setRecordingState(False)
13.3999 	INFO 	Keyboard events cleared
13.3988 	EXP 	text_7: autoDraw = False
13.3988 	EXP 	highlandYoghurt: autoDraw = False
13.3988 	EXP 	anchoryoghurt: autoDraw = False
13.3988 	EXP 	ambewelayoghurt: autoDraw = False
13.3988 	EXP 	pelawatteyoghurt: autoDraw = False
13.3988 	EXP 	text_8: autoDraw = False
13.3988 	EXP 	text_9: autoDraw = False
13.3988 	EXP 	text_10: autoDraw = False
13.3988 	EXP 	text_11: autoDraw = False
13.3988 	EXP 	text_12: autoDraw = True
13.3988 	EXP 	fortune: autoDraw = True
13.3988 	EXP 	marina: autoDraw = True
13.3988 	EXP 	Njoy: autoDraw = True
13.3988 	EXP 	text_13: autoDraw = True
13.3988 	EXP 	text_14: autoDraw = True
13.3988 	EXP 	text_15: autoDraw = True
13.4017 	EXP 	eyetracker.setRecordingState(False)
13.4090 	EXP 	eyetracker.setRecordingState(False)
13.4204 	EXP 	eyetracker.setRecordingState(False)
13.4304 	EXP 	eyetracker.setRecordingState(False)
13.4412 	EXP 	eyetracker.setRecordingState(False)
13.4531 	EXP 	eyetracker.setRecordingState(False)
13.4640 	EXP 	eyetracker.setRecordingState(False)
13.4736 	EXP 	eyetracker.setRecordingState(False)
13.4840 	EXP 	eyetracker.setRecordingState(False)
13.4944 	EXP 	eyetracker.setRecordingState(False)
13.5047 	EXP 	eyetracker.setRecordingState(False)
13.5157 	EXP 	eyetracker.setRecordingState(False)
13.5265 	EXP 	eyetracker.setRecordingState(False)
13.5358 	EXP 	eyetracker.setRecordingState(False)
13.5472 	EXP 	eyetracker.setRecordingState(False)
13.5578 	EXP 	eyetracker.setRecordingState(False)
13.5698 	EXP 	eyetracker.setRecordingState(False)
13.5835 	EXP 	eyetracker.setRecordingState(False)
13.5970 	EXP 	eyetracker.setRecordingState(False)
13.6076 	DATA 	Mouse:  Left button up, pos=(527,521)
13.6156 	EXP 	eyetracker.setRecordingState(False)
13.6300 	EXP 	eyetracker.setRecordingState(False)
13.6507 	EXP 	eyetracker.setRecordingState(False)
13.6648 	EXP 	eyetracker.setRecordingState(False)
13.6794 	EXP 	eyetracker.setRecordingState(False)
13.6932 	EXP 	eyetracker.setRecordingState(False)
13.7101 	EXP 	eyetracker.setRecordingState(False)
13.7239 	EXP 	eyetracker.setRecordingState(False)
13.7371 	EXP 	eyetracker.setRecordingState(False)
13.7495 	EXP 	eyetracker.setRecordingState(False)
13.7624 	EXP 	eyetracker.setRecordingState(False)
13.7738 	EXP 	eyetracker.setRecordingState(False)
13.7840 	EXP 	eyetracker.setRecordingState(False)
13.7950 	EXP 	eyetracker.setRecordingState(False)
13.8046 	EXP 	eyetracker.setRecordingState(False)
13.8148 	EXP 	eyetracker.setRecordingState(False)
13.8250 	EXP 	eyetracker.setRecordingState(False)
13.8349 	EXP 	eyetracker.setRecordingState(False)
13.8450 	EXP 	eyetracker.setRecordingState(False)
13.8577 	EXP 	eyetracker.setRecordingState(False)
13.8687 	EXP 	eyetracker.setRecordingState(False)
13.8813 	EXP 	eyetracker.setRecordingState(False)
13.8913 	EXP 	eyetracker.setRecordingState(False)
13.9015 	EXP 	eyetracker.setRecordingState(False)
13.9132 	EXP 	eyetracker.setRecordingState(False)
13.9232 	EXP 	eyetracker.setRecordingState(False)
13.9344 	EXP 	eyetracker.setRecordingState(False)
13.9447 	EXP 	eyetracker.setRecordingState(False)
13.9554 	EXP 	eyetracker.setRecordingState(False)
13.9667 	EXP 	eyetracker.setRecordingState(False)
13.9779 	EXP 	eyetracker.setRecordingState(False)
13.9877 	EXP 	eyetracker.setRecordingState(False)
13.9981 	EXP 	eyetracker.setRecordingState(False)
14.0107 	EXP 	eyetracker.setRecordingState(False)
14.0226 	EXP 	eyetracker.setRecordingState(False)
14.0347 	EXP 	eyetracker.setRecordingState(False)
14.0470 	EXP 	eyetracker.setRecordingState(False)
14.0575 	EXP 	eyetracker.setRecordingState(False)
14.0690 	EXP 	eyetracker.setRecordingState(False)
14.0793 	EXP 	eyetracker.setRecordingState(False)
14.0910 	EXP 	eyetracker.setRecordingState(False)
14.1022 	EXP 	eyetracker.setRecordingState(False)
14.1173 	EXP 	eyetracker.setRecordingState(False)
14.1339 	EXP 	eyetracker.setRecordingState(False)
14.1505 	EXP 	eyetracker.setRecordingState(False)
14.1661 	EXP 	eyetracker.setRecordingState(False)
14.1817 	EXP 	eyetracker.setRecordingState(False)
14.1975 	EXP 	eyetracker.setRecordingState(False)
14.2120 	EXP 	eyetracker.setRecordingState(False)
14.2261 	EXP 	eyetracker.setRecordingState(False)
14.2417 	EXP 	eyetracker.setRecordingState(False)
14.2551 	EXP 	eyetracker.setRecordingState(False)
14.2727 	EXP 	eyetracker.setRecordingState(False)
14.2846 	EXP 	eyetracker.setRecordingState(False)
14.2977 	EXP 	eyetracker.setRecordingState(False)
14.3109 	EXP 	eyetracker.setRecordingState(False)
14.3229 	EXP 	eyetracker.setRecordingState(False)
14.3357 	EXP 	eyetracker.setRecordingState(False)
14.3479 	EXP 	eyetracker.setRecordingState(False)
14.3614 	EXP 	eyetracker.setRecordingState(False)
14.3768 	EXP 	eyetracker.setRecordingState(False)
14.3904 	EXP 	eyetracker.setRecordingState(False)
14.4024 	EXP 	eyetracker.setRecordingState(False)
14.4187 	EXP 	eyetracker.setRecordingState(False)
14.4332 	EXP 	eyetracker.setRecordingState(False)
14.4516 	EXP 	eyetracker.setRecordingState(False)
14.4660 	EXP 	eyetracker.setRecordingState(False)
14.4809 	EXP 	eyetracker.setRecordingState(False)
14.4926 	EXP 	eyetracker.setRecordingState(False)
14.5045 	EXP 	eyetracker.setRecordingState(False)
14.5194 	EXP 	eyetracker.setRecordingState(False)
14.5327 	EXP 	eyetracker.setRecordingState(False)
14.5484 	EXP 	eyetracker.setRecordingState(False)
14.5592 	EXP 	eyetracker.setRecordingState(False)
14.5773 	EXP 	eyetracker.setRecordingState(False)
14.5937 	EXP 	eyetracker.setRecordingState(False)
14.6161 	EXP 	eyetracker.setRecordingState(False)
14.6286 	EXP 	eyetracker.setRecordingState(False)
14.6426 	EXP 	eyetracker.setRecordingState(False)
14.6570 	EXP 	eyetracker.setRecordingState(False)
14.6713 	EXP 	eyetracker.setRecordingState(False)
14.6846 	EXP 	eyetracker.setRecordingState(False)
14.6987 	EXP 	eyetracker.setRecordingState(False)
14.7145 	EXP 	eyetracker.setRecordingState(False)
14.7306 	EXP 	eyetracker.setRecordingState(False)
14.7432 	EXP 	eyetracker.setRecordingState(False)
14.7546 	EXP 	eyetracker.setRecordingState(False)
14.7670 	EXP 	eyetracker.setRecordingState(False)
14.7796 	EXP 	eyetracker.setRecordingState(False)
14.7907 	EXP 	eyetracker.setRecordingState(False)
14.8014 	EXP 	eyetracker.setRecordingState(False)
14.8137 	EXP 	eyetracker.setRecordingState(False)
14.8253 	EXP 	eyetracker.setRecordingState(False)
14.8386 	EXP 	eyetracker.setRecordingState(False)
14.8496 	EXP 	eyetracker.setRecordingState(False)
14.8614 	EXP 	eyetracker.setRecordingState(False)
14.8731 	EXP 	eyetracker.setRecordingState(False)
14.8860 	EXP 	eyetracker.setRecordingState(False)
14.8967 	EXP 	eyetracker.setRecordingState(False)
14.9082 	EXP 	eyetracker.setRecordingState(False)
14.9204 	EXP 	eyetracker.setRecordingState(False)
14.9286 	EXP 	eyetracker.setRecordingState(False)
14.9390 	EXP 	eyetracker.setRecordingState(False)
14.9493 	EXP 	eyetracker.setRecordingState(False)
14.9630 	EXP 	eyetracker.setRecordingState(False)
14.9752 	EXP 	eyetracker.setRecordingState(False)
14.9844 	EXP 	eyetracker.setRecordingState(False)
14.9952 	EXP 	eyetracker.setRecordingState(False)
15.0046 	EXP 	eyetracker.setRecordingState(False)
15.0144 	EXP 	eyetracker.setRecordingState(False)
15.0252 	EXP 	eyetracker.setRecordingState(False)
15.0362 	EXP 	eyetracker.setRecordingState(False)
15.0461 	EXP 	eyetracker.setRecordingState(False)
15.0543 	EXP 	eyetracker.setRecordingState(False)
15.0623 	EXP 	eyetracker.setRecordingState(False)
15.0711 	EXP 	eyetracker.setRecordingState(False)
15.0811 	EXP 	eyetracker.setRecordingState(False)
15.0904 	EXP 	eyetracker.setRecordingState(False)
15.1012 	EXP 	eyetracker.setRecordingState(False)
15.1114 	EXP 	eyetracker.setRecordingState(False)
15.1206 	EXP 	eyetracker.setRecordingState(False)
15.1297 	EXP 	eyetracker.setRecordingState(False)
15.1422 	EXP 	eyetracker.setRecordingState(False)
15.1516 	EXP 	eyetracker.setRecordingState(False)
15.1615 	EXP 	eyetracker.setRecordingState(False)
15.1719 	EXP 	eyetracker.setRecordingState(False)
15.1811 	EXP 	eyetracker.setRecordingState(False)
15.1912 	EXP 	eyetracker.setRecordingState(False)
15.2012 	EXP 	eyetracker.setRecordingState(False)
15.2124 	EXP 	eyetracker.setRecordingState(False)
15.2215 	EXP 	eyetracker.setRecordingState(False)
15.2312 	EXP 	eyetracker.setRecordingState(False)
15.2411 	EXP 	eyetracker.setRecordingState(False)
15.2502 	EXP 	eyetracker.setRecordingState(False)
15.2599 	EXP 	eyetracker.setRecordingState(False)
15.2693 	EXP 	eyetracker.setRecordingState(False)
15.2803 	EXP 	eyetracker.setRecordingState(False)
15.2905 	EXP 	eyetracker.setRecordingState(False)
15.3006 	EXP 	eyetracker.setRecordingState(False)
15.3112 	EXP 	eyetracker.setRecordingState(False)
15.3207 	EXP 	eyetracker.setRecordingState(False)
15.3323 	EXP 	eyetracker.setRecordingState(False)
15.3433 	EXP 	eyetracker.setRecordingState(False)
15.3546 	EXP 	eyetracker.setRecordingState(False)
15.3656 	EXP 	eyetracker.setRecordingState(False)
15.3765 	EXP 	eyetracker.setRecordingState(False)
15.3878 	EXP 	eyetracker.setRecordingState(False)
15.3986 	EXP 	eyetracker.setRecordingState(False)
15.4092 	EXP 	eyetracker.setRecordingState(False)
15.4206 	EXP 	eyetracker.setRecordingState(False)
15.4319 	EXP 	eyetracker.setRecordingState(False)
15.4416 	EXP 	eyetracker.setRecordingState(False)
15.4538 	EXP 	eyetracker.setRecordingState(False)
15.4643 	EXP 	eyetracker.setRecordingState(False)
15.4747 	EXP 	eyetracker.setRecordingState(False)
15.4844 	EXP 	eyetracker.setRecordingState(False)
15.4955 	EXP 	eyetracker.setRecordingState(False)
15.5066 	EXP 	eyetracker.setRecordingState(False)
15.5177 	EXP 	eyetracker.setRecordingState(False)
15.5278 	EXP 	eyetracker.setRecordingState(False)
15.5381 	EXP 	eyetracker.setRecordingState(False)
15.5488 	EXP 	eyetracker.setRecordingState(False)
15.5589 	EXP 	eyetracker.setRecordingState(False)
15.5693 	EXP 	eyetracker.setRecordingState(False)
15.5821 	EXP 	eyetracker.setRecordingState(False)
15.5947 	EXP 	eyetracker.setRecordingState(False)
15.6094 	EXP 	eyetracker.setRecordingState(False)
15.6228 	EXP 	eyetracker.setRecordingState(False)
15.6345 	EXP 	eyetracker.setRecordingState(False)
15.6473 	EXP 	eyetracker.setRecordingState(False)
15.6593 	EXP 	eyetracker.setRecordingState(False)
15.6738 	EXP 	eyetracker.setRecordingState(False)
15.6898 	EXP 	eyetracker.setRecordingState(False)
15.7045 	EXP 	eyetracker.setRecordingState(False)
15.7179 	EXP 	eyetracker.setRecordingState(False)
15.7312 	EXP 	eyetracker.setRecordingState(False)
15.7425 	EXP 	eyetracker.setRecordingState(False)
15.7536 	EXP 	eyetracker.setRecordingState(False)
15.7645 	EXP 	eyetracker.setRecordingState(False)
15.7751 	EXP 	eyetracker.setRecordingState(False)
15.7850 	EXP 	eyetracker.setRecordingState(False)
15.7957 	EXP 	eyetracker.setRecordingState(False)
15.8059 	EXP 	eyetracker.setRecordingState(False)
15.8151 	EXP 	eyetracker.setRecordingState(False)
15.8254 	EXP 	eyetracker.setRecordingState(False)
15.8363 	EXP 	eyetracker.setRecordingState(False)
15.8472 	EXP 	eyetracker.setRecordingState(False)
15.8590 	EXP 	eyetracker.setRecordingState(False)
15.8701 	EXP 	eyetracker.setRecordingState(False)
15.8803 	EXP 	eyetracker.setRecordingState(False)
15.8908 	EXP 	eyetracker.setRecordingState(False)
15.9002 	EXP 	eyetracker.setRecordingState(False)
15.9107 	EXP 	eyetracker.setRecordingState(False)
15.9225 	EXP 	eyetracker.setRecordingState(False)
15.9334 	EXP 	eyetracker.setRecordingState(False)
15.9436 	EXP 	eyetracker.setRecordingState(False)
15.9548 	EXP 	eyetracker.setRecordingState(False)
15.9643 	EXP 	eyetracker.setRecordingState(False)
15.9736 	EXP 	eyetracker.setRecordingState(False)
15.9844 	EXP 	eyetracker.setRecordingState(False)
15.9946 	EXP 	eyetracker.setRecordingState(False)
16.0047 	EXP 	eyetracker.setRecordingState(False)
16.0135 	EXP 	eyetracker.setRecordingState(False)
16.0226 	EXP 	eyetracker.setRecordingState(False)
16.0307 	EXP 	eyetracker.setRecordingState(False)
16.0391 	EXP 	eyetracker.setRecordingState(False)
16.0469 	EXP 	eyetracker.setRecordingState(False)
16.0546 	EXP 	eyetracker.setRecordingState(False)
16.0634 	EXP 	eyetracker.setRecordingState(False)
16.0726 	EXP 	eyetracker.setRecordingState(False)
16.0813 	EXP 	eyetracker.setRecordingState(False)
16.0908 	EXP 	eyetracker.setRecordingState(False)
16.1018 	EXP 	eyetracker.setRecordingState(False)
16.1105 	EXP 	eyetracker.setRecordingState(False)
16.1187 	EXP 	eyetracker.setRecordingState(False)
16.1295 	EXP 	eyetracker.setRecordingState(False)
16.1390 	EXP 	eyetracker.setRecordingState(False)
16.1483 	EXP 	eyetracker.setRecordingState(False)
16.1567 	EXP 	eyetracker.setRecordingState(False)
16.1646 	EXP 	eyetracker.setRecordingState(False)
16.1743 	EXP 	eyetracker.setRecordingState(False)
16.1845 	EXP 	eyetracker.setRecordingState(False)
16.1945 	EXP 	eyetracker.setRecordingState(False)
16.2045 	EXP 	eyetracker.setRecordingState(False)
16.2136 	EXP 	eyetracker.setRecordingState(False)
16.2226 	EXP 	eyetracker.setRecordingState(False)
16.2326 	EXP 	eyetracker.setRecordingState(False)
16.2401 	EXP 	eyetracker.setRecordingState(False)
16.2489 	EXP 	eyetracker.setRecordingState(False)
16.2570 	EXP 	eyetracker.setRecordingState(False)
16.2650 	EXP 	eyetracker.setRecordingState(False)
16.2751 	EXP 	eyetracker.setRecordingState(False)
16.2835 	EXP 	eyetracker.setRecordingState(False)
16.2939 	EXP 	eyetracker.setRecordingState(False)
16.3040 	EXP 	eyetracker.setRecordingState(False)
16.3131 	EXP 	eyetracker.setRecordingState(False)
16.3241 	EXP 	eyetracker.setRecordingState(False)
16.3333 	EXP 	eyetracker.setRecordingState(False)
16.3431 	EXP 	eyetracker.setRecordingState(False)
16.3539 	EXP 	eyetracker.setRecordingState(False)
16.3644 	EXP 	eyetracker.setRecordingState(False)
16.3758 	EXP 	eyetracker.setRecordingState(False)
16.3872 	EXP 	eyetracker.setRecordingState(False)
16.3977 	EXP 	eyetracker.setRecordingState(False)
16.4086 	EXP 	eyetracker.setRecordingState(False)
16.4203 	EXP 	eyetracker.setRecordingState(False)
16.4305 	EXP 	eyetracker.setRecordingState(False)
16.4399 	EXP 	eyetracker.setRecordingState(False)
16.4494 	EXP 	eyetracker.setRecordingState(False)
16.4602 	EXP 	eyetracker.setRecordingState(False)
16.4706 	EXP 	eyetracker.setRecordingState(False)
16.4826 	EXP 	eyetracker.setRecordingState(False)
16.4922 	EXP 	eyetracker.setRecordingState(False)
16.5007 	EXP 	eyetracker.setRecordingState(False)
16.5104 	EXP 	eyetracker.setRecordingState(False)
16.5197 	EXP 	eyetracker.setRecordingState(False)
16.5293 	EXP 	eyetracker.setRecordingState(False)
16.5394 	EXP 	eyetracker.setRecordingState(False)
16.5484 	EXP 	eyetracker.setRecordingState(False)
16.5592 	EXP 	eyetracker.setRecordingState(False)
16.5719 	EXP 	eyetracker.setRecordingState(False)
16.5845 	EXP 	eyetracker.setRecordingState(False)
16.5994 	EXP 	eyetracker.setRecordingState(False)
16.6153 	EXP 	eyetracker.setRecordingState(False)
16.6297 	EXP 	eyetracker.setRecordingState(False)
16.6444 	EXP 	eyetracker.setRecordingState(False)
16.6606 	EXP 	eyetracker.setRecordingState(False)
16.6774 	EXP 	eyetracker.setRecordingState(False)
16.6929 	EXP 	eyetracker.setRecordingState(False)
16.7070 	EXP 	eyetracker.setRecordingState(False)
16.7196 	EXP 	eyetracker.setRecordingState(False)
16.7323 	EXP 	eyetracker.setRecordingState(False)
16.7445 	EXP 	eyetracker.setRecordingState(False)
16.7572 	EXP 	eyetracker.setRecordingState(False)
16.7705 	EXP 	eyetracker.setRecordingState(False)
16.7830 	EXP 	eyetracker.setRecordingState(False)
16.7961 	EXP 	eyetracker.setRecordingState(False)
16.8095 	EXP 	eyetracker.setRecordingState(False)
16.8197 	EXP 	eyetracker.setRecordingState(False)
16.8288 	EXP 	eyetracker.setRecordingState(False)
16.8388 	EXP 	eyetracker.setRecordingState(False)
16.8506 	EXP 	eyetracker.setRecordingState(False)
16.8626 	EXP 	eyetracker.setRecordingState(False)
16.8762 	EXP 	eyetracker.setRecordingState(False)
16.8897 	EXP 	eyetracker.setRecordingState(False)
16.9021 	EXP 	eyetracker.setRecordingState(False)
16.9143 	EXP 	eyetracker.setRecordingState(False)
16.9253 	EXP 	eyetracker.setRecordingState(False)
16.9368 	EXP 	eyetracker.setRecordingState(False)
16.9473 	EXP 	eyetracker.setRecordingState(False)
16.9576 	EXP 	eyetracker.setRecordingState(False)
16.9694 	EXP 	eyetracker.setRecordingState(False)
16.9801 	EXP 	eyetracker.setRecordingState(False)
16.9909 	EXP 	eyetracker.setRecordingState(False)
17.0005 	EXP 	eyetracker.setRecordingState(False)
17.0114 	EXP 	eyetracker.setRecordingState(False)
17.0210 	EXP 	eyetracker.setRecordingState(False)
17.0315 	EXP 	eyetracker.setRecordingState(False)
17.0410 	EXP 	eyetracker.setRecordingState(False)
17.0512 	EXP 	eyetracker.setRecordingState(False)
17.0612 	EXP 	eyetracker.setRecordingState(False)
17.0715 	EXP 	eyetracker.setRecordingState(False)
17.0806 	EXP 	eyetracker.setRecordingState(False)
17.0897 	EXP 	eyetracker.setRecordingState(False)
17.0996 	EXP 	eyetracker.setRecordingState(False)
17.1096 	EXP 	eyetracker.setRecordingState(False)
17.1194 	EXP 	eyetracker.setRecordingState(False)
17.1301 	EXP 	eyetracker.setRecordingState(False)
17.1399 	EXP 	eyetracker.setRecordingState(False)
17.1503 	EXP 	eyetracker.setRecordingState(False)
17.1599 	EXP 	eyetracker.setRecordingState(False)
17.1708 	EXP 	eyetracker.setRecordingState(False)
17.1805 	EXP 	eyetracker.setRecordingState(False)
17.1903 	EXP 	eyetracker.setRecordingState(False)
17.2003 	EXP 	eyetracker.setRecordingState(False)
17.2103 	EXP 	eyetracker.setRecordingState(False)
17.2208 	EXP 	eyetracker.setRecordingState(False)
17.2315 	EXP 	eyetracker.setRecordingState(False)
17.2435 	EXP 	eyetracker.setRecordingState(False)
17.2554 	EXP 	eyetracker.setRecordingState(False)
17.2670 	EXP 	eyetracker.setRecordingState(False)
17.2786 	EXP 	eyetracker.setRecordingState(False)
17.2905 	EXP 	eyetracker.setRecordingState(False)
17.3017 	EXP 	eyetracker.setRecordingState(False)
17.3116 	EXP 	eyetracker.setRecordingState(False)
17.3207 	EXP 	eyetracker.setRecordingState(False)
17.3304 	EXP 	eyetracker.setRecordingState(False)
17.3400 	EXP 	eyetracker.setRecordingState(False)
17.3498 	EXP 	eyetracker.setRecordingState(False)
17.3595 	EXP 	eyetracker.setRecordingState(False)
17.3708 	EXP 	eyetracker.setRecordingState(False)
17.3811 	EXP 	eyetracker.setRecordingState(False)
17.3909 	EXP 	eyetracker.setRecordingState(False)
17.4001 	EXP 	eyetracker.setRecordingState(False)
17.4097 	EXP 	eyetracker.setRecordingState(False)
17.4189 	EXP 	eyetracker.setRecordingState(False)
17.4274 	EXP 	eyetracker.setRecordingState(False)
17.4367 	EXP 	eyetracker.setRecordingState(False)
17.4463 	EXP 	eyetracker.setRecordingState(False)
17.4558 	EXP 	eyetracker.setRecordingState(False)
17.4660 	EXP 	eyetracker.setRecordingState(False)
17.4755 	EXP 	eyetracker.setRecordingState(False)
17.4848 	EXP 	eyetracker.setRecordingState(False)
17.4955 	EXP 	eyetracker.setRecordingState(False)
17.5026 	EXP 	eyetracker.setRecordingState(False)
17.5106 	EXP 	eyetracker.setRecordingState(False)
17.5182 	EXP 	eyetracker.setRecordingState(False)
17.5263 	EXP 	eyetracker.setRecordingState(False)
17.5348 	EXP 	eyetracker.setRecordingState(False)
17.5456 	EXP 	eyetracker.setRecordingState(False)
17.5543 	EXP 	eyetracker.setRecordingState(False)
17.5632 	EXP 	eyetracker.setRecordingState(False)
17.5710 	EXP 	eyetracker.setRecordingState(False)
17.5795 	EXP 	eyetracker.setRecordingState(False)
17.5878 	EXP 	eyetracker.setRecordingState(False)
17.5960 	EXP 	eyetracker.setRecordingState(False)
17.6057 	EXP 	eyetracker.setRecordingState(False)
17.6154 	EXP 	eyetracker.setRecordingState(False)
17.6256 	EXP 	eyetracker.setRecordingState(False)
17.6356 	EXP 	eyetracker.setRecordingState(False)
17.6460 	EXP 	eyetracker.setRecordingState(False)
17.6571 	EXP 	eyetracker.setRecordingState(False)
17.6692 	EXP 	eyetracker.setRecordingState(False)
17.6800 	EXP 	eyetracker.setRecordingState(False)
17.6915 	EXP 	eyetracker.setRecordingState(False)
17.7022 	EXP 	eyetracker.setRecordingState(False)
17.7139 	EXP 	eyetracker.setRecordingState(False)
17.7243 	EXP 	eyetracker.setRecordingState(False)
17.7352 	EXP 	eyetracker.setRecordingState(False)
17.7458 	EXP 	eyetracker.setRecordingState(False)
17.7556 	EXP 	eyetracker.setRecordingState(False)
17.7659 	EXP 	eyetracker.setRecordingState(False)
17.7756 	EXP 	eyetracker.setRecordingState(False)
17.7853 	EXP 	eyetracker.setRecordingState(False)
17.7964 	EXP 	eyetracker.setRecordingState(False)
17.8087 	EXP 	eyetracker.setRecordingState(False)
17.8192 	EXP 	eyetracker.setRecordingState(False)
17.8302 	EXP 	eyetracker.setRecordingState(False)
17.8400 	EXP 	eyetracker.setRecordingState(False)
17.8505 	EXP 	eyetracker.setRecordingState(False)
17.8605 	EXP 	eyetracker.setRecordingState(False)
17.8706 	EXP 	eyetracker.setRecordingState(False)
17.8811 	EXP 	eyetracker.setRecordingState(False)
17.8922 	EXP 	eyetracker.setRecordingState(False)
17.9029 	EXP 	eyetracker.setRecordingState(False)
17.9143 	EXP 	eyetracker.setRecordingState(False)
17.9251 	EXP 	eyetracker.setRecordingState(False)
17.9360 	EXP 	eyetracker.setRecordingState(False)
17.9459 	EXP 	eyetracker.setRecordingState(False)
17.9567 	EXP 	eyetracker.setRecordingState(False)
17.9689 	EXP 	eyetracker.setRecordingState(False)
17.9798 	EXP 	eyetracker.setRecordingState(False)
17.9906 	EXP 	eyetracker.setRecordingState(False)
18.0003 	EXP 	eyetracker.setRecordingState(False)
18.0114 	EXP 	eyetracker.setRecordingState(False)
18.0221 	EXP 	eyetracker.setRecordingState(False)
18.0322 	EXP 	eyetracker.setRecordingState(False)
18.0422 	EXP 	eyetracker.setRecordingState(False)
18.0525 	EXP 	eyetracker.setRecordingState(False)
18.0630 	EXP 	eyetracker.setRecordingState(False)
18.0736 	EXP 	eyetracker.setRecordingState(False)
18.0837 	EXP 	eyetracker.setRecordingState(False)
18.0941 	EXP 	eyetracker.setRecordingState(False)
18.1038 	EXP 	eyetracker.setRecordingState(False)
18.1139 	EXP 	eyetracker.setRecordingState(False)
18.1246 	EXP 	eyetracker.setRecordingState(False)
18.1341 	EXP 	eyetracker.setRecordingState(False)
18.1443 	EXP 	eyetracker.setRecordingState(False)
18.1551 	EXP 	eyetracker.setRecordingState(False)
18.1664 	EXP 	eyetracker.setRecordingState(False)
18.1780 	EXP 	eyetracker.setRecordingState(False)
18.1888 	EXP 	eyetracker.setRecordingState(False)
18.2000 	EXP 	eyetracker.setRecordingState(False)
18.2105 	EXP 	eyetracker.setRecordingState(False)
18.2216 	EXP 	eyetracker.setRecordingState(False)
18.2309 	EXP 	eyetracker.setRecordingState(False)
18.2402 	EXP 	eyetracker.setRecordingState(False)
18.2512 	EXP 	eyetracker.setRecordingState(False)
18.2617 	EXP 	eyetracker.setRecordingState(False)
18.2716 	EXP 	eyetracker.setRecordingState(False)
18.2826 	EXP 	eyetracker.setRecordingState(False)
18.2928 	EXP 	eyetracker.setRecordingState(False)
18.3023 	EXP 	eyetracker.setRecordingState(False)
18.3114 	EXP 	eyetracker.setRecordingState(False)
18.3219 	EXP 	eyetracker.setRecordingState(False)
18.3324 	EXP 	eyetracker.setRecordingState(False)
18.3449 	EXP 	eyetracker.setRecordingState(False)
18.3550 	EXP 	eyetracker.setRecordingState(False)
18.3657 	EXP 	eyetracker.setRecordingState(False)
18.3747 	EXP 	eyetracker.setRecordingState(False)
18.3832 	EXP 	eyetracker.setRecordingState(False)
18.3917 	EXP 	eyetracker.setRecordingState(False)
18.4001 	EXP 	eyetracker.setRecordingState(False)
18.4075 	EXP 	eyetracker.setRecordingState(False)
18.4156 	EXP 	eyetracker.setRecordingState(False)
18.4233 	EXP 	eyetracker.setRecordingState(False)
18.4311 	EXP 	eyetracker.setRecordingState(False)
18.4405 	EXP 	eyetracker.setRecordingState(False)
18.4494 	EXP 	eyetracker.setRecordingState(False)
18.4581 	EXP 	eyetracker.setRecordingState(False)
18.4678 	EXP 	eyetracker.setRecordingState(False)
18.4786 	EXP 	eyetracker.setRecordingState(False)
18.4878 	EXP 	eyetracker.setRecordingState(False)
18.4979 	EXP 	eyetracker.setRecordingState(False)
18.5087 	EXP 	eyetracker.setRecordingState(False)
18.5166 	EXP 	eyetracker.setRecordingState(False)
18.5248 	EXP 	eyetracker.setRecordingState(False)
18.5325 	EXP 	eyetracker.setRecordingState(False)
18.5410 	EXP 	eyetracker.setRecordingState(False)
18.5499 	EXP 	eyetracker.setRecordingState(False)
18.5597 	EXP 	eyetracker.setRecordingState(False)
18.5700 	EXP 	eyetracker.setRecordingState(False)
18.5791 	EXP 	eyetracker.setRecordingState(False)
18.5881 	EXP 	eyetracker.setRecordingState(False)
18.5986 	EXP 	eyetracker.setRecordingState(False)
18.6094 	EXP 	eyetracker.setRecordingState(False)
18.6185 	EXP 	eyetracker.setRecordingState(False)
18.6295 	EXP 	eyetracker.setRecordingState(False)
18.6387 	EXP 	eyetracker.setRecordingState(False)
18.6471 	EXP 	eyetracker.setRecordingState(False)
18.6569 	EXP 	eyetracker.setRecordingState(False)
18.6665 	EXP 	eyetracker.setRecordingState(False)
18.6758 	EXP 	eyetracker.setRecordingState(False)
18.6845 	EXP 	eyetracker.setRecordingState(False)
18.6932 	EXP 	eyetracker.setRecordingState(False)
18.7028 	EXP 	eyetracker.setRecordingState(False)
18.7121 	EXP 	eyetracker.setRecordingState(False)
18.7216 	EXP 	eyetracker.setRecordingState(False)
18.7314 	EXP 	eyetracker.setRecordingState(False)
18.7414 	EXP 	eyetracker.setRecordingState(False)
18.7511 	EXP 	eyetracker.setRecordingState(False)
18.7614 	EXP 	eyetracker.setRecordingState(False)
18.7721 	EXP 	eyetracker.setRecordingState(False)
18.7817 	EXP 	eyetracker.setRecordingState(False)
18.7913 	EXP 	eyetracker.setRecordingState(False)
18.8024 	EXP 	eyetracker.setRecordingState(False)
18.8124 	EXP 	eyetracker.setRecordingState(False)
18.8209 	EXP 	eyetracker.setRecordingState(False)
18.8297 	EXP 	eyetracker.setRecordingState(False)
18.8381 	EXP 	eyetracker.setRecordingState(False)
18.8468 	EXP 	eyetracker.setRecordingState(False)
18.8557 	EXP 	eyetracker.setRecordingState(False)
18.8655 	EXP 	eyetracker.setRecordingState(False)
18.8755 	EXP 	eyetracker.setRecordingState(False)
18.8855 	EXP 	eyetracker.setRecordingState(False)
18.8965 	EXP 	eyetracker.setRecordingState(False)
18.9064 	EXP 	eyetracker.setRecordingState(False)
18.9162 	EXP 	eyetracker.setRecordingState(False)
18.9265 	EXP 	eyetracker.setRecordingState(False)
18.9363 	EXP 	eyetracker.setRecordingState(False)
18.9469 	EXP 	eyetracker.setRecordingState(False)
18.9578 	EXP 	eyetracker.setRecordingState(False)
18.9688 	EXP 	eyetracker.setRecordingState(False)
18.9791 	EXP 	eyetracker.setRecordingState(False)
18.9904 	EXP 	eyetracker.setRecordingState(False)
19.0009 	EXP 	eyetracker.setRecordingState(False)
19.0111 	EXP 	eyetracker.setRecordingState(False)
19.0207 	EXP 	eyetracker.setRecordingState(False)
19.0313 	EXP 	eyetracker.setRecordingState(False)
19.0418 	EXP 	eyetracker.setRecordingState(False)
19.0525 	EXP 	eyetracker.setRecordingState(False)
19.0625 	EXP 	eyetracker.setRecordingState(False)
19.0729 	EXP 	eyetracker.setRecordingState(False)
19.0837 	EXP 	eyetracker.setRecordingState(False)
19.0936 	EXP 	eyetracker.setRecordingState(False)
19.1036 	EXP 	eyetracker.setRecordingState(False)
19.1138 	EXP 	eyetracker.setRecordingState(False)
19.1232 	EXP 	eyetracker.setRecordingState(False)
19.1314 	EXP 	eyetracker.setRecordingState(False)
19.1397 	EXP 	eyetracker.setRecordingState(False)
19.1477 	EXP 	eyetracker.setRecordingState(False)
19.1558 	EXP 	eyetracker.setRecordingState(False)
19.1642 	EXP 	eyetracker.setRecordingState(False)
19.1720 	EXP 	eyetracker.setRecordingState(False)
19.1811 	EXP 	eyetracker.setRecordingState(False)
19.1891 	EXP 	eyetracker.setRecordingState(False)
19.1980 	EXP 	eyetracker.setRecordingState(False)
19.2071 	EXP 	eyetracker.setRecordingState(False)
19.2157 	EXP 	eyetracker.setRecordingState(False)
19.2240 	EXP 	eyetracker.setRecordingState(False)
19.2331 	EXP 	eyetracker.setRecordingState(False)
19.2434 	EXP 	eyetracker.setRecordingState(False)
19.2533 	EXP 	eyetracker.setRecordingState(False)
19.2632 	EXP 	eyetracker.setRecordingState(False)
19.2741 	EXP 	eyetracker.setRecordingState(False)
19.2842 	EXP 	eyetracker.setRecordingState(False)
19.2958 	EXP 	eyetracker.setRecordingState(False)
19.3055 	EXP 	eyetracker.setRecordingState(False)
19.3159 	EXP 	eyetracker.setRecordingState(False)
19.3265 	EXP 	eyetracker.setRecordingState(False)
19.3374 	EXP 	eyetracker.setRecordingState(False)
19.3479 	EXP 	eyetracker.setRecordingState(False)
19.3578 	EXP 	eyetracker.setRecordingState(False)
19.3663 	EXP 	eyetracker.setRecordingState(False)
19.3749 	EXP 	eyetracker.setRecordingState(False)
19.3839 	EXP 	eyetracker.setRecordingState(False)
19.3941 	EXP 	eyetracker.setRecordingState(False)
19.4039 	EXP 	eyetracker.setRecordingState(False)
19.4146 	EXP 	eyetracker.setRecordingState(False)
19.4242 	EXP 	eyetracker.setRecordingState(False)
19.4347 	EXP 	eyetracker.setRecordingState(False)
19.4443 	EXP 	eyetracker.setRecordingState(False)
19.4551 	EXP 	eyetracker.setRecordingState(False)
19.4654 	EXP 	eyetracker.setRecordingState(False)
19.4750 	EXP 	eyetracker.setRecordingState(False)
19.4840 	EXP 	eyetracker.setRecordingState(False)
19.4915 	EXP 	eyetracker.setRecordingState(False)
19.5022 	EXP 	eyetracker.setRecordingState(False)
19.5130 	EXP 	eyetracker.setRecordingState(False)
19.5233 	EXP 	eyetracker.setRecordingState(False)
19.5340 	EXP 	eyetracker.setRecordingState(False)
19.5443 	EXP 	eyetracker.setRecordingState(False)
19.5543 	EXP 	eyetracker.setRecordingState(False)
19.5638 	EXP 	eyetracker.setRecordingState(False)
19.5734 	EXP 	eyetracker.setRecordingState(False)
19.5827 	EXP 	eyetracker.setRecordingState(False)
19.5928 	EXP 	eyetracker.setRecordingState(False)
19.6031 	EXP 	eyetracker.setRecordingState(False)
19.6139 	EXP 	eyetracker.setRecordingState(False)
19.6241 	EXP 	eyetracker.setRecordingState(False)
19.6341 	EXP 	eyetracker.setRecordingState(False)
19.6453 	EXP 	eyetracker.setRecordingState(False)
19.6554 	EXP 	eyetracker.setRecordingState(False)
19.6656 	EXP 	eyetracker.setRecordingState(False)
19.6773 	EXP 	eyetracker.setRecordingState(False)
19.6881 	EXP 	eyetracker.setRecordingState(False)
19.6983 	EXP 	eyetracker.setRecordingState(False)
19.7086 	EXP 	eyetracker.setRecordingState(False)
19.7187 	EXP 	eyetracker.setRecordingState(False)
19.7281 	EXP 	eyetracker.setRecordingState(False)
19.7391 	EXP 	eyetracker.setRecordingState(False)
19.7491 	EXP 	eyetracker.setRecordingState(False)
19.7591 	EXP 	eyetracker.setRecordingState(False)
19.7700 	EXP 	eyetracker.setRecordingState(False)
19.7810 	EXP 	eyetracker.setRecordingState(False)
19.7911 	EXP 	eyetracker.setRecordingState(False)
19.8017 	EXP 	eyetracker.setRecordingState(False)
19.8115 	EXP 	eyetracker.setRecordingState(False)
19.8223 	EXP 	eyetracker.setRecordingState(False)
19.8337 	EXP 	eyetracker.setRecordingState(False)
19.8427 	EXP 	eyetracker.setRecordingState(False)
19.8502 	EXP 	eyetracker.setRecordingState(False)
19.8592 	EXP 	eyetracker.setRecordingState(False)
19.8688 	EXP 	eyetracker.setRecordingState(False)
19.8783 	EXP 	eyetracker.setRecordingState(False)
19.8876 	EXP 	eyetracker.setRecordingState(False)
19.8978 	EXP 	eyetracker.setRecordingState(False)
19.9078 	EXP 	eyetracker.setRecordingState(False)
19.9180 	EXP 	eyetracker.setRecordingState(False)
19.9282 	EXP 	eyetracker.setRecordingState(False)
19.9377 	EXP 	eyetracker.setRecordingState(False)
19.9487 	EXP 	eyetracker.setRecordingState(False)
19.9588 	EXP 	eyetracker.setRecordingState(False)
19.9695 	EXP 	eyetracker.setRecordingState(False)
19.9793 	EXP 	eyetracker.setRecordingState(False)
19.9908 	EXP 	eyetracker.setRecordingState(False)
19.9996 	EXP 	eyetracker.setRecordingState(False)
20.0096 	EXP 	eyetracker.setRecordingState(False)
20.0186 	EXP 	eyetracker.setRecordingState(False)
20.0258 	EXP 	eyetracker.setRecordingState(False)
20.0364 	EXP 	eyetracker.setRecordingState(False)
20.0462 	EXP 	eyetracker.setRecordingState(False)
20.0551 	EXP 	eyetracker.setRecordingState(False)
20.0653 	EXP 	eyetracker.setRecordingState(False)
20.0753 	EXP 	eyetracker.setRecordingState(False)
20.0857 	EXP 	eyetracker.setRecordingState(False)
20.0952 	EXP 	eyetracker.setRecordingState(False)
20.1045 	EXP 	eyetracker.setRecordingState(False)
20.1147 	EXP 	eyetracker.setRecordingState(False)
20.1236 	EXP 	eyetracker.setRecordingState(False)
20.1316 	EXP 	eyetracker.setRecordingState(False)
20.1391 	EXP 	eyetracker.setRecordingState(False)
20.1476 	EXP 	eyetracker.setRecordingState(False)
20.1577 	EXP 	eyetracker.setRecordingState(False)
20.1664 	EXP 	eyetracker.setRecordingState(False)
20.1767 	EXP 	eyetracker.setRecordingState(False)
20.1858 	EXP 	eyetracker.setRecordingState(False)
20.1948 	EXP 	eyetracker.setRecordingState(False)
20.2043 	EXP 	eyetracker.setRecordingState(False)
20.2141 	EXP 	eyetracker.setRecordingState(False)
20.2230 	EXP 	eyetracker.setRecordingState(False)
20.2333 	EXP 	eyetracker.setRecordingState(False)
20.2420 	EXP 	eyetracker.setRecordingState(False)
20.2509 	EXP 	eyetracker.setRecordingState(False)
20.2610 	EXP 	eyetracker.setRecordingState(False)
20.2702 	EXP 	eyetracker.setRecordingState(False)
20.2780 	EXP 	eyetracker.setRecordingState(False)
20.2889 	EXP 	eyetracker.setRecordingState(False)
20.2976 	EXP 	eyetracker.setRecordingState(False)
20.3071 	EXP 	eyetracker.setRecordingState(False)
20.3169 	EXP 	eyetracker.setRecordingState(False)
20.3261 	EXP 	eyetracker.setRecordingState(False)
20.3337 	EXP 	eyetracker.setRecordingState(False)
20.3411 	EXP 	eyetracker.setRecordingState(False)
20.3492 	EXP 	eyetracker.setRecordingState(False)
20.3570 	EXP 	eyetracker.setRecordingState(False)
20.3663 	EXP 	eyetracker.setRecordingState(False)
20.3753 	EXP 	eyetracker.setRecordingState(False)
20.3837 	EXP 	eyetracker.setRecordingState(False)
20.3930 	EXP 	eyetracker.setRecordingState(False)
20.4018 	EXP 	eyetracker.setRecordingState(False)
20.4105 	EXP 	eyetracker.setRecordingState(False)
20.4189 	EXP 	eyetracker.setRecordingState(False)
20.4302 	EXP 	eyetracker.setRecordingState(False)
20.4376 	EXP 	eyetracker.setRecordingState(False)
20.4461 	EXP 	eyetracker.setRecordingState(False)
20.4544 	EXP 	eyetracker.setRecordingState(False)
20.4620 	EXP 	eyetracker.setRecordingState(False)
20.4702 	EXP 	eyetracker.setRecordingState(False)
20.4809 	EXP 	eyetracker.setRecordingState(False)
20.4884 	EXP 	eyetracker.setRecordingState(False)
20.4962 	EXP 	eyetracker.setRecordingState(False)
20.5072 	EXP 	eyetracker.setRecordingState(False)
20.5161 	EXP 	eyetracker.setRecordingState(False)
20.5246 	EXP 	eyetracker.setRecordingState(False)
20.5355 	EXP 	eyetracker.setRecordingState(False)
20.5431 	EXP 	eyetracker.setRecordingState(False)
20.5515 	EXP 	eyetracker.setRecordingState(False)
20.5586 	EXP 	eyetracker.setRecordingState(False)
20.5663 	EXP 	eyetracker.setRecordingState(False)
20.5741 	EXP 	eyetracker.setRecordingState(False)
20.5814 	EXP 	eyetracker.setRecordingState(False)
20.5923 	EXP 	eyetracker.setRecordingState(False)
20.6008 	EXP 	eyetracker.setRecordingState(False)
20.6118 	EXP 	eyetracker.setRecordingState(False)
20.6225 	EXP 	eyetracker.setRecordingState(False)
20.6353 	EXP 	eyetracker.setRecordingState(False)
20.6458 	EXP 	eyetracker.setRecordingState(False)
20.6542 	EXP 	eyetracker.setRecordingState(False)
20.6662 	EXP 	eyetracker.setRecordingState(False)
20.6790 	EXP 	eyetracker.setRecordingState(False)
20.6908 	EXP 	eyetracker.setRecordingState(False)
20.7046 	EXP 	eyetracker.setRecordingState(False)
20.7235 	EXP 	eyetracker.setRecordingState(False)
20.7343 	EXP 	eyetracker.setRecordingState(False)
20.7500 	EXP 	eyetracker.setRecordingState(False)
20.7611 	EXP 	eyetracker.setRecordingState(False)
20.7775 	EXP 	eyetracker.setRecordingState(False)
20.7893 	EXP 	eyetracker.setRecordingState(False)
20.7991 	EXP 	eyetracker.setRecordingState(False)
20.8139 	EXP 	eyetracker.setRecordingState(False)
20.8250 	EXP 	eyetracker.setRecordingState(False)
20.8411 	EXP 	eyetracker.setRecordingState(False)
20.8515 	EXP 	eyetracker.setRecordingState(False)
20.8659 	EXP 	eyetracker.setRecordingState(False)
20.8763 	EXP 	eyetracker.setRecordingState(False)
20.8873 	EXP 	eyetracker.setRecordingState(False)
20.9010 	EXP 	eyetracker.setRecordingState(False)
20.9142 	EXP 	eyetracker.setRecordingState(False)
20.9295 	EXP 	eyetracker.setRecordingState(False)
20.9411 	EXP 	eyetracker.setRecordingState(False)
20.9520 	EXP 	eyetracker.setRecordingState(False)
20.9633 	EXP 	eyetracker.setRecordingState(False)
20.9734 	EXP 	eyetracker.setRecordingState(False)
20.9840 	EXP 	eyetracker.setRecordingState(False)
20.9929 	EXP 	eyetracker.setRecordingState(False)
21.0046 	EXP 	eyetracker.setRecordingState(False)
21.0133 	EXP 	eyetracker.setRecordingState(False)
21.0223 	EXP 	eyetracker.setRecordingState(False)
21.0328 	EXP 	eyetracker.setRecordingState(False)
21.0414 	EXP 	eyetracker.setRecordingState(False)
21.0498 	EXP 	eyetracker.setRecordingState(False)
21.0586 	EXP 	eyetracker.setRecordingState(False)
21.0677 	EXP 	eyetracker.setRecordingState(False)
21.0760 	EXP 	eyetracker.setRecordingState(False)
21.0846 	EXP 	eyetracker.setRecordingState(False)
21.0957 	EXP 	eyetracker.setRecordingState(False)
21.1075 	EXP 	eyetracker.setRecordingState(False)
21.1165 	EXP 	eyetracker.setRecordingState(False)
21.1248 	EXP 	eyetracker.setRecordingState(False)
21.1329 	EXP 	eyetracker.setRecordingState(False)
21.1432 	EXP 	eyetracker.setRecordingState(False)
21.1503 	EXP 	eyetracker.setRecordingState(False)
21.1587 	EXP 	eyetracker.setRecordingState(False)
21.1669 	EXP 	eyetracker.setRecordingState(False)
21.1767 	EXP 	eyetracker.setRecordingState(False)
21.1865 	EXP 	eyetracker.setRecordingState(False)
21.1943 	EXP 	eyetracker.setRecordingState(False)
21.2031 	EXP 	eyetracker.setRecordingState(False)
21.2132 	EXP 	eyetracker.setRecordingState(False)
21.2215 	EXP 	eyetracker.setRecordingState(False)
21.2303 	EXP 	eyetracker.setRecordingState(False)
21.2416 	EXP 	eyetracker.setRecordingState(False)
21.2491 	EXP 	eyetracker.setRecordingState(False)
21.2579 	EXP 	eyetracker.setRecordingState(False)
21.2663 	EXP 	eyetracker.setRecordingState(False)
21.2730 	EXP 	eyetracker.setRecordingState(False)
21.2830 	EXP 	eyetracker.setRecordingState(False)
21.2908 	EXP 	eyetracker.setRecordingState(False)
21.2996 	EXP 	eyetracker.setRecordingState(False)
21.3072 	EXP 	eyetracker.setRecordingState(False)
21.3144 	EXP 	eyetracker.setRecordingState(False)
21.3214 	EXP 	eyetracker.setRecordingState(False)
21.3312 	EXP 	eyetracker.setRecordingState(False)
21.3400 	EXP 	eyetracker.setRecordingState(False)
21.3493 	EXP 	eyetracker.setRecordingState(False)
21.3581 	EXP 	eyetracker.setRecordingState(False)
21.3666 	EXP 	eyetracker.setRecordingState(False)
21.3745 	EXP 	eyetracker.setRecordingState(False)
21.3831 	EXP 	eyetracker.setRecordingState(False)
21.3912 	EXP 	eyetracker.setRecordingState(False)
21.3995 	EXP 	eyetracker.setRecordingState(False)
21.4109 	EXP 	eyetracker.setRecordingState(False)
21.4205 	EXP 	eyetracker.setRecordingState(False)
21.4297 	EXP 	eyetracker.setRecordingState(False)
21.4390 	EXP 	eyetracker.setRecordingState(False)
21.4477 	EXP 	eyetracker.setRecordingState(False)
21.4587 	EXP 	eyetracker.setRecordingState(False)
21.4695 	EXP 	eyetracker.setRecordingState(False)
21.4792 	EXP 	eyetracker.setRecordingState(False)
21.4911 	EXP 	eyetracker.setRecordingState(False)
21.5021 	EXP 	eyetracker.setRecordingState(False)
21.5119 	EXP 	eyetracker.setRecordingState(False)
21.5227 	EXP 	eyetracker.setRecordingState(False)
21.5310 	EXP 	eyetracker.setRecordingState(False)
21.5389 	EXP 	eyetracker.setRecordingState(False)
21.5464 	EXP 	eyetracker.setRecordingState(False)
21.5542 	EXP 	eyetracker.setRecordingState(False)
21.5630 	EXP 	eyetracker.setRecordingState(False)
21.5728 	EXP 	eyetracker.setRecordingState(False)
21.5810 	EXP 	eyetracker.setRecordingState(False)
21.5915 	EXP 	eyetracker.setRecordingState(False)
21.6019 	EXP 	eyetracker.setRecordingState(False)
21.6121 	EXP 	eyetracker.setRecordingState(False)
21.6222 	EXP 	eyetracker.setRecordingState(False)
21.6339 	EXP 	eyetracker.setRecordingState(False)
21.6452 	EXP 	eyetracker.setRecordingState(False)
21.6563 	EXP 	eyetracker.setRecordingState(False)
21.6665 	EXP 	eyetracker.setRecordingState(False)
21.6779 	EXP 	eyetracker.setRecordingState(False)
21.6890 	EXP 	eyetracker.setRecordingState(False)
21.7013 	EXP 	eyetracker.setRecordingState(False)
21.7123 	EXP 	eyetracker.setRecordingState(False)
21.7221 	EXP 	eyetracker.setRecordingState(False)
21.7340 	EXP 	eyetracker.setRecordingState(False)
21.7452 	EXP 	eyetracker.setRecordingState(False)
21.7564 	EXP 	eyetracker.setRecordingState(False)
21.7702 	EXP 	eyetracker.setRecordingState(False)
21.7854 	EXP 	eyetracker.setRecordingState(False)
21.7990 	EXP 	eyetracker.setRecordingState(False)
21.8131 	EXP 	eyetracker.setRecordingState(False)
21.8271 	EXP 	eyetracker.setRecordingState(False)
21.8439 	EXP 	eyetracker.setRecordingState(False)
21.8628 	EXP 	eyetracker.setRecordingState(False)
21.8769 	EXP 	eyetracker.setRecordingState(False)
21.8898 	EXP 	eyetracker.setRecordingState(False)
21.9021 	EXP 	eyetracker.setRecordingState(False)
21.9143 	EXP 	eyetracker.setRecordingState(False)
21.9266 	EXP 	eyetracker.setRecordingState(False)
21.9410 	EXP 	eyetracker.setRecordingState(False)
21.9535 	EXP 	eyetracker.setRecordingState(False)
21.9690 	EXP 	eyetracker.setRecordingState(False)
21.9835 	EXP 	eyetracker.setRecordingState(False)
21.9941 	EXP 	eyetracker.setRecordingState(False)
22.0106 	EXP 	eyetracker.setRecordingState(False)
22.0208 	EXP 	eyetracker.setRecordingState(False)
22.0300 	EXP 	eyetracker.setRecordingState(False)
22.0369 	EXP 	eyetracker.setRecordingState(False)
22.0440 	EXP 	eyetracker.setRecordingState(False)
22.0510 	EXP 	eyetracker.setRecordingState(False)
22.0591 	EXP 	eyetracker.setRecordingState(False)
22.0688 	EXP 	eyetracker.setRecordingState(False)
22.0784 	EXP 	eyetracker.setRecordingState(False)
22.0863 	EXP 	eyetracker.setRecordingState(False)
22.0948 	EXP 	eyetracker.setRecordingState(False)
22.1041 	EXP 	eyetracker.setRecordingState(False)
22.1155 	EXP 	eyetracker.setRecordingState(False)
22.1245 	EXP 	eyetracker.setRecordingState(False)
22.1369 	EXP 	eyetracker.setRecordingState(False)
22.1491 	EXP 	eyetracker.setRecordingState(False)
22.1601 	EXP 	eyetracker.setRecordingState(False)
22.1745 	EXP 	eyetracker.setRecordingState(False)
22.1851 	EXP 	eyetracker.setRecordingState(False)
22.1945 	EXP 	eyetracker.setRecordingState(False)
22.2063 	EXP 	eyetracker.setRecordingState(False)
22.2150 	EXP 	eyetracker.setRecordingState(False)
22.2252 	EXP 	eyetracker.setRecordingState(False)
22.2338 	EXP 	eyetracker.setRecordingState(False)
22.2427 	EXP 	eyetracker.setRecordingState(False)
22.2523 	EXP 	eyetracker.setRecordingState(False)
22.2636 	EXP 	eyetracker.setRecordingState(False)
22.2719 	EXP 	eyetracker.setRecordingState(False)
22.2825 	EXP 	eyetracker.setRecordingState(False)
22.2912 	EXP 	eyetracker.setRecordingState(False)
22.3001 	EXP 	eyetracker.setRecordingState(False)
22.3083 	EXP 	eyetracker.setRecordingState(False)
22.3173 	EXP 	eyetracker.setRecordingState(False)
22.3257 	EXP 	eyetracker.setRecordingState(False)
22.3338 	EXP 	eyetracker.setRecordingState(False)
22.3435 	EXP 	eyetracker.setRecordingState(False)
22.3535 	EXP 	eyetracker.setRecordingState(False)
22.3631 	EXP 	eyetracker.setRecordingState(False)
22.3720 	EXP 	eyetracker.setRecordingState(False)
22.3814 	EXP 	eyetracker.setRecordingState(False)
22.3930 	EXP 	eyetracker.setRecordingState(False)
22.4047 	EXP 	eyetracker.setRecordingState(False)
22.4172 	EXP 	eyetracker.setRecordingState(False)
22.4302 	EXP 	eyetracker.setRecordingState(False)
22.4439 	EXP 	eyetracker.setRecordingState(False)
22.4568 	EXP 	eyetracker.setRecordingState(False)
22.4708 	EXP 	eyetracker.setRecordingState(False)
22.4833 	EXP 	eyetracker.setRecordingState(False)
22.4941 	EXP 	eyetracker.setRecordingState(False)
22.5037 	EXP 	eyetracker.setRecordingState(False)
22.5132 	EXP 	eyetracker.setRecordingState(False)
22.5222 	EXP 	eyetracker.setRecordingState(False)
22.5311 	EXP 	eyetracker.setRecordingState(False)
22.5407 	EXP 	eyetracker.setRecordingState(False)
22.5483 	EXP 	eyetracker.setRecordingState(False)
22.5576 	EXP 	eyetracker.setRecordingState(False)
22.5720 	EXP 	eyetracker.setRecordingState(False)
22.5829 	DATA 	Mouse: Left button down, pos=(1515,500)
22.5916 	EXP 	eyetracker.setRecordingState(False)
22.5956 	EXP 	eyetracker.setRecordingState(False)
22.6279 	INFO 	Keyboard events cleared
22.6260 	EXP 	text_12: autoDraw = False
22.6260 	EXP 	fortune: autoDraw = False
22.6260 	EXP 	marina: autoDraw = False
22.6260 	EXP 	Njoy: autoDraw = False
22.6260 	EXP 	text_13: autoDraw = False
22.6260 	EXP 	text_14: autoDraw = False
22.6260 	EXP 	text_15: autoDraw = False
22.6260 	EXP 	text_instr: autoDraw = True
22.6260 	EXP 	kandos: autoDraw = True
22.6260 	EXP 	ritzbury: autoDraw = True
22.6260 	EXP 	revello: autoDraw = True
22.6260 	EXP 	cadbury: autoDraw = True
22.6260 	EXP 	text_20: autoDraw = True
22.6260 	EXP 	text_21: autoDraw = True
22.6260 	EXP 	text_22: autoDraw = True
22.6260 	EXP 	text_23: autoDraw = True
22.6322 	EXP 	eyetracker.setRecordingState(False)
22.6448 	EXP 	eyetracker.setRecordingState(False)
22.6574 	EXP 	eyetracker.setRecordingState(False)
22.6699 	EXP 	eyetracker.setRecordingState(False)
22.6820 	EXP 	eyetracker.setRecordingState(False)
22.6935 	EXP 	eyetracker.setRecordingState(False)
22.7071 	EXP 	eyetracker.setRecordingState(False)
22.7217 	EXP 	eyetracker.setRecordingState(False)
22.7359 	EXP 	eyetracker.setRecordingState(False)
22.7484 	EXP 	eyetracker.setRecordingState(False)
22.7634 	EXP 	eyetracker.setRecordingState(False)
22.7775 	EXP 	eyetracker.setRecordingState(False)
22.7923 	EXP 	eyetracker.setRecordingState(False)
22.8078 	EXP 	eyetracker.setRecordingState(False)
22.8183 	DATA 	Mouse:  Left button up, pos=(1515,500)
22.8276 	EXP 	eyetracker.setRecordingState(False)
22.8451 	EXP 	eyetracker.setRecordingState(False)
22.8599 	EXP 	eyetracker.setRecordingState(False)
22.8782 	EXP 	eyetracker.setRecordingState(False)
22.8938 	EXP 	eyetracker.setRecordingState(False)
22.9047 	EXP 	eyetracker.setRecordingState(False)
22.9170 	EXP 	eyetracker.setRecordingState(False)
22.9287 	EXP 	eyetracker.setRecordingState(False)
22.9408 	EXP 	eyetracker.setRecordingState(False)
22.9527 	EXP 	eyetracker.setRecordingState(False)
22.9661 	EXP 	eyetracker.setRecordingState(False)
22.9822 	EXP 	eyetracker.setRecordingState(False)
22.9971 	EXP 	eyetracker.setRecordingState(False)
23.0122 	EXP 	eyetracker.setRecordingState(False)
23.0256 	EXP 	eyetracker.setRecordingState(False)
23.0387 	EXP 	eyetracker.setRecordingState(False)
23.0517 	EXP 	eyetracker.setRecordingState(False)
23.0627 	EXP 	eyetracker.setRecordingState(False)
23.0755 	EXP 	eyetracker.setRecordingState(False)
23.0870 	EXP 	eyetracker.setRecordingState(False)
23.0979 	EXP 	eyetracker.setRecordingState(False)
23.1065 	EXP 	eyetracker.setRecordingState(False)
23.1151 	EXP 	eyetracker.setRecordingState(False)
23.1249 	EXP 	eyetracker.setRecordingState(False)
23.1354 	EXP 	eyetracker.setRecordingState(False)
23.1454 	EXP 	eyetracker.setRecordingState(False)
23.1562 	EXP 	eyetracker.setRecordingState(False)
23.1670 	EXP 	eyetracker.setRecordingState(False)
23.1770 	EXP 	eyetracker.setRecordingState(False)
23.1882 	EXP 	eyetracker.setRecordingState(False)
23.1996 	EXP 	eyetracker.setRecordingState(False)
23.2098 	EXP 	eyetracker.setRecordingState(False)
23.2195 	EXP 	eyetracker.setRecordingState(False)
23.2277 	EXP 	eyetracker.setRecordingState(False)
23.2380 	EXP 	eyetracker.setRecordingState(False)
23.2488 	EXP 	eyetracker.setRecordingState(False)
23.2607 	EXP 	eyetracker.setRecordingState(False)
23.2714 	EXP 	eyetracker.setRecordingState(False)
23.2820 	EXP 	eyetracker.setRecordingState(False)
23.2920 	EXP 	eyetracker.setRecordingState(False)
23.3019 	EXP 	eyetracker.setRecordingState(False)
23.3129 	EXP 	eyetracker.setRecordingState(False)
23.3250 	EXP 	eyetracker.setRecordingState(False)
23.3377 	EXP 	eyetracker.setRecordingState(False)
23.3478 	EXP 	eyetracker.setRecordingState(False)
23.3602 	EXP 	eyetracker.setRecordingState(False)
23.3714 	EXP 	eyetracker.setRecordingState(False)
23.3824 	EXP 	eyetracker.setRecordingState(False)
23.3941 	EXP 	eyetracker.setRecordingState(False)
23.4047 	EXP 	eyetracker.setRecordingState(False)
23.4155 	EXP 	eyetracker.setRecordingState(False)
23.4255 	EXP 	eyetracker.setRecordingState(False)
23.4365 	EXP 	eyetracker.setRecordingState(False)
23.4472 	EXP 	eyetracker.setRecordingState(False)
23.4574 	EXP 	eyetracker.setRecordingState(False)
23.4700 	EXP 	eyetracker.setRecordingState(False)
23.4810 	EXP 	eyetracker.setRecordingState(False)
23.4920 	EXP 	eyetracker.setRecordingState(False)
23.5034 	EXP 	eyetracker.setRecordingState(False)
23.5147 	EXP 	eyetracker.setRecordingState(False)
23.5261 	EXP 	eyetracker.setRecordingState(False)
23.5369 	EXP 	eyetracker.setRecordingState(False)
23.5477 	EXP 	eyetracker.setRecordingState(False)
23.5583 	EXP 	eyetracker.setRecordingState(False)
23.5675 	EXP 	eyetracker.setRecordingState(False)
23.5757 	EXP 	eyetracker.setRecordingState(False)
23.5842 	EXP 	eyetracker.setRecordingState(False)
23.5930 	EXP 	eyetracker.setRecordingState(False)
23.6025 	EXP 	eyetracker.setRecordingState(False)
23.6133 	EXP 	eyetracker.setRecordingState(False)
23.6223 	EXP 	eyetracker.setRecordingState(False)
23.6309 	EXP 	eyetracker.setRecordingState(False)
23.6405 	EXP 	eyetracker.setRecordingState(False)
23.6502 	EXP 	eyetracker.setRecordingState(False)
23.6606 	EXP 	eyetracker.setRecordingState(False)
23.6721 	EXP 	eyetracker.setRecordingState(False)
23.6842 	EXP 	eyetracker.setRecordingState(False)
23.6950 	EXP 	eyetracker.setRecordingState(False)
23.7068 	EXP 	eyetracker.setRecordingState(False)
23.7170 	EXP 	eyetracker.setRecordingState(False)
23.7273 	EXP 	eyetracker.setRecordingState(False)
23.7373 	EXP 	eyetracker.setRecordingState(False)
23.7470 	EXP 	eyetracker.setRecordingState(False)
23.7577 	EXP 	eyetracker.setRecordingState(False)
23.7663 	EXP 	eyetracker.setRecordingState(False)
23.7768 	EXP 	eyetracker.setRecordingState(False)
23.7887 	EXP 	eyetracker.setRecordingState(False)
23.8008 	EXP 	eyetracker.setRecordingState(False)
23.8136 	EXP 	eyetracker.setRecordingState(False)
23.8295 	EXP 	eyetracker.setRecordingState(False)
23.8486 	EXP 	eyetracker.setRecordingState(False)
23.8637 	EXP 	eyetracker.setRecordingState(False)
23.8863 	EXP 	eyetracker.setRecordingState(False)
23.9044 	EXP 	eyetracker.setRecordingState(False)
23.9220 	EXP 	eyetracker.setRecordingState(False)
23.9429 	EXP 	eyetracker.setRecordingState(False)
23.9574 	EXP 	eyetracker.setRecordingState(False)
23.9707 	EXP 	eyetracker.setRecordingState(False)
23.9889 	EXP 	eyetracker.setRecordingState(False)
24.0029 	EXP 	eyetracker.setRecordingState(False)
24.0183 	EXP 	eyetracker.setRecordingState(False)
24.0293 	EXP 	eyetracker.setRecordingState(False)
24.0387 	EXP 	eyetracker.setRecordingState(False)
24.0487 	EXP 	eyetracker.setRecordingState(False)
24.0566 	EXP 	eyetracker.setRecordingState(False)
24.0676 	EXP 	eyetracker.setRecordingState(False)
24.0768 	EXP 	eyetracker.setRecordingState(False)
24.0869 	EXP 	eyetracker.setRecordingState(False)
24.0960 	EXP 	eyetracker.setRecordingState(False)
24.1039 	EXP 	eyetracker.setRecordingState(False)
24.1147 	EXP 	eyetracker.setRecordingState(False)
24.1255 	EXP 	eyetracker.setRecordingState(False)
24.1371 	EXP 	eyetracker.setRecordingState(False)
24.1510 	EXP 	eyetracker.setRecordingState(False)
24.1670 	EXP 	eyetracker.setRecordingState(False)
24.1823 	EXP 	eyetracker.setRecordingState(False)
24.1967 	EXP 	eyetracker.setRecordingState(False)
24.2120 	EXP 	eyetracker.setRecordingState(False)
24.2288 	EXP 	eyetracker.setRecordingState(False)
24.2431 	EXP 	eyetracker.setRecordingState(False)
24.2616 	EXP 	eyetracker.setRecordingState(False)
24.2787 	EXP 	eyetracker.setRecordingState(False)
24.2943 	EXP 	eyetracker.setRecordingState(False)
24.3114 	EXP 	eyetracker.setRecordingState(False)
24.3218 	EXP 	eyetracker.setRecordingState(False)
24.3343 	EXP 	eyetracker.setRecordingState(False)
24.3461 	EXP 	eyetracker.setRecordingState(False)
24.3569 	EXP 	eyetracker.setRecordingState(False)
24.3726 	EXP 	eyetracker.setRecordingState(False)
24.3837 	EXP 	eyetracker.setRecordingState(False)
24.3954 	EXP 	eyetracker.setRecordingState(False)
24.4072 	EXP 	eyetracker.setRecordingState(False)
24.4203 	EXP 	eyetracker.setRecordingState(False)
24.4367 	EXP 	eyetracker.setRecordingState(False)
24.4498 	EXP 	eyetracker.setRecordingState(False)
24.4619 	EXP 	eyetracker.setRecordingState(False)
24.4729 	EXP 	eyetracker.setRecordingState(False)
24.4853 	EXP 	eyetracker.setRecordingState(False)
24.4971 	EXP 	eyetracker.setRecordingState(False)
24.5095 	EXP 	eyetracker.setRecordingState(False)
24.5203 	EXP 	eyetracker.setRecordingState(False)
24.5326 	EXP 	eyetracker.setRecordingState(False)
24.5482 	EXP 	eyetracker.setRecordingState(False)
24.5615 	EXP 	eyetracker.setRecordingState(False)
24.5708 	EXP 	eyetracker.setRecordingState(False)
24.5789 	EXP 	eyetracker.setRecordingState(False)
24.5870 	EXP 	eyetracker.setRecordingState(False)
24.5969 	EXP 	eyetracker.setRecordingState(False)
24.6069 	EXP 	eyetracker.setRecordingState(False)
24.6172 	EXP 	eyetracker.setRecordingState(False)
24.6281 	EXP 	eyetracker.setRecordingState(False)
24.6393 	EXP 	eyetracker.setRecordingState(False)
24.6512 	EXP 	eyetracker.setRecordingState(False)
24.6650 	EXP 	eyetracker.setRecordingState(False)
24.6758 	EXP 	eyetracker.setRecordingState(False)
24.6871 	EXP 	eyetracker.setRecordingState(False)
24.6980 	EXP 	eyetracker.setRecordingState(False)
24.7088 	EXP 	eyetracker.setRecordingState(False)
24.7189 	EXP 	eyetracker.setRecordingState(False)
24.7289 	EXP 	eyetracker.setRecordingState(False)
24.7380 	EXP 	eyetracker.setRecordingState(False)
24.7480 	EXP 	eyetracker.setRecordingState(False)
24.7582 	EXP 	eyetracker.setRecordingState(False)
24.7705 	EXP 	eyetracker.setRecordingState(False)
24.7831 	EXP 	eyetracker.setRecordingState(False)
24.7951 	EXP 	eyetracker.setRecordingState(False)
24.8090 	EXP 	eyetracker.setRecordingState(False)
24.8201 	EXP 	eyetracker.setRecordingState(False)
24.8344 	EXP 	eyetracker.setRecordingState(False)
24.8475 	EXP 	eyetracker.setRecordingState(False)
24.8602 	EXP 	eyetracker.setRecordingState(False)
24.8756 	EXP 	eyetracker.setRecordingState(False)
24.8898 	EXP 	eyetracker.setRecordingState(False)
24.9019 	EXP 	eyetracker.setRecordingState(False)
24.9152 	EXP 	eyetracker.setRecordingState(False)
24.9286 	EXP 	eyetracker.setRecordingState(False)
24.9419 	EXP 	eyetracker.setRecordingState(False)
24.9547 	EXP 	eyetracker.setRecordingState(False)
24.9676 	EXP 	eyetracker.setRecordingState(False)
24.9819 	EXP 	eyetracker.setRecordingState(False)
24.9961 	EXP 	eyetracker.setRecordingState(False)
25.0075 	EXP 	eyetracker.setRecordingState(False)
25.0196 	EXP 	eyetracker.setRecordingState(False)
25.0253 	DATA 	Mouse: Left button down, pos=(1279,538)
25.0324 	EXP 	eyetracker.setRecordingState(False)
25.0359 	EXP 	eyetracker.setRecordingState(False)
25.0539 	INFO 	Keyboard events cleared
25.0525 	EXP 	text_instr: autoDraw = False
25.0525 	EXP 	kandos: autoDraw = False
25.0525 	EXP 	ritzbury: autoDraw = False
25.0525 	EXP 	revello: autoDraw = False
25.0525 	EXP 	cadbury: autoDraw = False
25.0525 	EXP 	text_20: autoDraw = False
25.0525 	EXP 	text_21: autoDraw = False
25.0525 	EXP 	text_22: autoDraw = False
25.0525 	EXP 	text_23: autoDraw = False
25.0525 	EXP 	text_instr_2: autoDraw = True
25.0525 	EXP 	goldi: autoDraw = True
25.0525 	EXP 	elephanthouse: autoDraw = True
25.0525 	EXP 	krest: autoDraw = True
25.0525 	EXP 	pussalla: autoDraw = True
25.0525 	EXP 	text_16: autoDraw = True
25.0525 	EXP 	text_17: autoDraw = True
25.0525 	EXP 	text_18: autoDraw = True
25.0525 	EXP 	text_19: autoDraw = True
25.0566 	EXP 	eyetracker.setRecordingState(False)
25.0678 	EXP 	eyetracker.setRecordingState(False)
25.0767 	EXP 	eyetracker.setRecordingState(False)
25.0853 	EXP 	eyetracker.setRecordingState(False)
25.0940 	EXP 	eyetracker.setRecordingState(False)
25.1043 	EXP 	eyetracker.setRecordingState(False)
25.1160 	EXP 	eyetracker.setRecordingState(False)
25.1276 	EXP 	eyetracker.setRecordingState(False)
25.1389 	EXP 	eyetracker.setRecordingState(False)
25.1514 	EXP 	eyetracker.setRecordingState(False)
25.1640 	EXP 	eyetracker.setRecordingState(False)
25.1751 	EXP 	eyetracker.setRecordingState(False)
25.1869 	EXP 	eyetracker.setRecordingState(False)
25.1980 	EXP 	eyetracker.setRecordingState(False)
25.2096 	EXP 	eyetracker.setRecordingState(False)
25.2208 	EXP 	eyetracker.setRecordingState(False)
25.2320 	EXP 	eyetracker.setRecordingState(False)
25.2431 	EXP 	eyetracker.setRecordingState(False)
25.2569 	DATA 	Mouse:  Left button up, pos=(1279,538)
25.2599 	EXP 	eyetracker.setRecordingState(False)
25.2746 	EXP 	eyetracker.setRecordingState(False)
25.2850 	EXP 	eyetracker.setRecordingState(False)
25.2943 	EXP 	eyetracker.setRecordingState(False)
25.3051 	EXP 	eyetracker.setRecordingState(False)
25.3162 	EXP 	eyetracker.setRecordingState(False)
25.3267 	EXP 	eyetracker.setRecordingState(False)
25.3373 	EXP 	eyetracker.setRecordingState(False)
25.3487 	EXP 	eyetracker.setRecordingState(False)
25.3588 	EXP 	eyetracker.setRecordingState(False)
25.3700 	EXP 	eyetracker.setRecordingState(False)
25.3810 	EXP 	eyetracker.setRecordingState(False)
25.3920 	EXP 	eyetracker.setRecordingState(False)
25.4034 	EXP 	eyetracker.setRecordingState(False)
25.4138 	EXP 	eyetracker.setRecordingState(False)
25.4246 	EXP 	eyetracker.setRecordingState(False)
25.4350 	EXP 	eyetracker.setRecordingState(False)
25.4443 	EXP 	eyetracker.setRecordingState(False)
25.4549 	EXP 	eyetracker.setRecordingState(False)
25.4651 	EXP 	eyetracker.setRecordingState(False)
25.4766 	EXP 	eyetracker.setRecordingState(False)
25.4900 	EXP 	eyetracker.setRecordingState(False)
25.5029 	EXP 	eyetracker.setRecordingState(False)
25.5151 	EXP 	eyetracker.setRecordingState(False)
25.5265 	EXP 	eyetracker.setRecordingState(False)
25.5384 	EXP 	eyetracker.setRecordingState(False)
25.5491 	EXP 	eyetracker.setRecordingState(False)
25.5602 	EXP 	eyetracker.setRecordingState(False)
25.5715 	EXP 	eyetracker.setRecordingState(False)
25.5806 	EXP 	eyetracker.setRecordingState(False)
25.5905 	EXP 	eyetracker.setRecordingState(False)
25.6016 	EXP 	eyetracker.setRecordingState(False)
25.6124 	EXP 	eyetracker.setRecordingState(False)
25.6233 	EXP 	eyetracker.setRecordingState(False)
25.6362 	EXP 	eyetracker.setRecordingState(False)
25.6492 	EXP 	eyetracker.setRecordingState(False)
25.6629 	EXP 	eyetracker.setRecordingState(False)
25.6776 	EXP 	eyetracker.setRecordingState(False)
25.6895 	EXP 	eyetracker.setRecordingState(False)
25.7033 	EXP 	eyetracker.setRecordingState(False)
25.7158 	EXP 	eyetracker.setRecordingState(False)
25.7276 	EXP 	eyetracker.setRecordingState(False)
25.7395 	EXP 	eyetracker.setRecordingState(False)
25.7500 	EXP 	eyetracker.setRecordingState(False)
25.7614 	EXP 	eyetracker.setRecordingState(False)
25.7710 	EXP 	eyetracker.setRecordingState(False)
25.7818 	EXP 	eyetracker.setRecordingState(False)
25.7918 	EXP 	eyetracker.setRecordingState(False)
25.8024 	EXP 	eyetracker.setRecordingState(False)
25.8121 	EXP 	eyetracker.setRecordingState(False)
25.8245 	EXP 	eyetracker.setRecordingState(False)
25.8348 	EXP 	eyetracker.setRecordingState(False)
25.8479 	EXP 	eyetracker.setRecordingState(False)
25.8572 	EXP 	eyetracker.setRecordingState(False)
25.8660 	EXP 	eyetracker.setRecordingState(False)
25.8735 	EXP 	eyetracker.setRecordingState(False)
25.8865 	EXP 	eyetracker.setRecordingState(False)
25.9017 	EXP 	eyetracker.setRecordingState(False)
25.9145 	EXP 	eyetracker.setRecordingState(False)
25.9259 	EXP 	eyetracker.setRecordingState(False)
25.9379 	EXP 	eyetracker.setRecordingState(False)
25.9510 	EXP 	eyetracker.setRecordingState(False)
25.9811 	EXP 	eyetracker.setRecordingState(False)
25.9985 	EXP 	eyetracker.setRecordingState(False)
26.0177 	EXP 	eyetracker.setRecordingState(False)
26.0355 	EXP 	eyetracker.setRecordingState(False)
26.0546 	EXP 	eyetracker.setRecordingState(False)
26.0679 	EXP 	eyetracker.setRecordingState(False)
26.0806 	EXP 	eyetracker.setRecordingState(False)
26.0935 	EXP 	eyetracker.setRecordingState(False)
26.1052 	EXP 	eyetracker.setRecordingState(False)
26.1176 	EXP 	eyetracker.setRecordingState(False)
26.1320 	EXP 	eyetracker.setRecordingState(False)
26.1459 	EXP 	eyetracker.setRecordingState(False)
26.1596 	EXP 	eyetracker.setRecordingState(False)
26.1719 	EXP 	eyetracker.setRecordingState(False)
26.1819 	EXP 	eyetracker.setRecordingState(False)
26.1927 	EXP 	eyetracker.setRecordingState(False)
26.2037 	EXP 	eyetracker.setRecordingState(False)
26.2139 	EXP 	eyetracker.setRecordingState(False)
26.2238 	EXP 	eyetracker.setRecordingState(False)
26.2340 	EXP 	eyetracker.setRecordingState(False)
26.2420 	EXP 	eyetracker.setRecordingState(False)
26.2527 	EXP 	eyetracker.setRecordingState(False)
26.2637 	EXP 	eyetracker.setRecordingState(False)
26.2729 	EXP 	eyetracker.setRecordingState(False)
26.2819 	EXP 	eyetracker.setRecordingState(False)
26.2906 	EXP 	eyetracker.setRecordingState(False)
26.3010 	EXP 	eyetracker.setRecordingState(False)
26.3120 	EXP 	eyetracker.setRecordingState(False)
26.3216 	EXP 	eyetracker.setRecordingState(False)
26.3328 	EXP 	eyetracker.setRecordingState(False)
26.3461 	EXP 	eyetracker.setRecordingState(False)
26.3585 	EXP 	eyetracker.setRecordingState(False)
26.3708 	EXP 	eyetracker.setRecordingState(False)
26.3856 	DATA 	Mouse: Left button down, pos=(1171,566)
26.3894 	EXP 	eyetracker.setRecordingState(False)
26.3946 	EXP 	text_instr_2: autoDraw = False
26.3946 	EXP 	goldi: autoDraw = False
26.3946 	EXP 	elephanthouse: autoDraw = False
26.3946 	EXP 	krest: autoDraw = False
26.3946 	EXP 	pussalla: autoDraw = False
26.3946 	EXP 	text_16: autoDraw = False
26.3946 	EXP 	text_17: autoDraw = False
26.3946 	EXP 	text_18: autoDraw = False
26.3946 	EXP 	text_19: autoDraw = False
26.3950 	EXP 	Cheese: status = STOPPED
26.4512 	INFO 	saved data to 'C:\\Users\\M S I\\OneDrive\\Documents\\GitHub\\Research-Project\\data\\481760_Cheese_2026-04-16_09h21.35.547.csv'
26.4526 	INFO 	saved data to C:\Users\M S I\OneDrive\Documents\GitHub\Research-Project\data\481760_Cheese_2026-04-16_09h21.35.547.psydat
26.4538 	DATA 	Mouse:  Left button up, pos=(1168,566)
