29.8104 	INFO 	Loaded monitor calibration from ['2025_12_23 12:18']
29.8662 	WARNING 	User requested fullscreen with size [1024  768], but screen is actually [1920, 1080]. Using actual size
34.1480 	INFO 	Using renderer 'Intel(R) UHD Graphics' for graphics
34.1480 	INFO 	OpenGL version supported by driver is 4..
34.1923 	EXP 	Created window1 = Window(allowGUI=True, allowStencil=False, autoLog=True, backendConf=UNKNOWN, backgroundFit=<method-wrapper '__getattribute__' of attributeSetter object at 0x000002484B8C8670>, backgroundImage=<method-wrapper '__getattribute__' of attributeSetter object at 0x000002484B8C8730>, bitsMode=UNKNOWN, blendMode='avg', bpc=(8, 8, 8), color=array([-1., -1., -1.]), colorSpace='rgb', depthBits=8, fullscr=True, gamma=None, gammaErrorPolicy='raise', infoMsg=UNKNOWN, lms=UNKNOWN, monitor=<psychopy.monitors.calibTools.Monitor object at 0x0000024854CDB940>, multiSample=False, name='window1', numSamples=2, pos=[np.float64(0.0), np.float64(0.0)], screen=0, size=array([1920, 1080]), stencilBits=0, stereo=False, title='PsychoPy', units='height', useFBO=True, useRetina=False, viewOri=0.0, viewPos=None, viewScale=None, waitBlanking=True, winType='pyglet')
34.1924 	EXP 	window1: backgroundImage = ''
34.1924 	EXP 	window1: backgroundFit = 'none'
35.1159 	EXP 	window1: Attempting to measure frame rate of screen (0) ...
35.1160 	EXP 	window1: recordFrameIntervals = False
35.3198 	EXP 	window1: recordFrameIntervals = True
35.5160 	EXP 	Screen (0) actual frame rate measured at 128.55Hz
35.5161 	EXP 	window1: recordFrameIntervals = False
54.7620 	INFO 	keyboard.Keyboard is using iohub backend.
54.7621 	EXP 	Cheese: status = STARTED
56.7521 	EXP 	Created text = TextStim(__class__=<class 'psychopy.visual.text.TextStim'>, alignHoriz=method-wrapper(...), alignText='center', alignVert=method-wrapper(...), anchorHoriz='center', anchorVert='center', antialias=True, autoDraw=False, autoLog=True, bold=False, color=array([1., 1., 1.]), colorSpace='rgb', contrast=1.0, depth=0.0, draggable=False, flipHoriz=False, flipVert=False, font='Arial', fontFiles=[], height=0.05, italic=False, languageStyle='LTR', name='text', opacity=1, ori=0.0, pos=array([0. , 0.3]), rgb=UNKNOWN, text='', units='height', win=Window(...), wrapWidth=1)
56.8061 	EXP 	Created ambewela = ImageStim(__class__=<class 'psychopy.visual.image.ImageStim'>, anchor=('center', 'center'), autoLog=True, color=array([1., 1., 1.]), colorSpace='rgb', contrast=1.0, depth=-1.0, draggable=False, flipHoriz=np.False_, flipVert=np.False_, image='default.png', interpolate=True, mask=None, maskParams=None, name='ambewela', opacity=1.0, ori=0.0, pos=array([-0.6,  0. ]), size=array([0.2, 0.2]), texRes=128.0, units='height', win=Window(...))
56.8256 	EXP 	Created kothmale = ImageStim(__class__=<class 'psychopy.visual.image.ImageStim'>, anchor=('center', 'center'), autoLog=True, color=array([1., 1., 1.]), colorSpace='rgb', contrast=1.0, depth=-2.0, draggable=False, flipHoriz=np.False_, flipVert=np.False_, image='default.png', interpolate=True, mask=None, maskParams=None, name='kothmale', opacity=1.0, ori=0.0, pos=array([-0.3,  0. ]), size=array([0.2, 0.2]), texRes=128.0, units='height', win=Window(...))
56.8519 	EXP 	Created happycow = ImageStim(__class__=<class 'psychopy.visual.image.ImageStim'>, anchor=('center', 'center'), autoLog=True, color=array([1., 1., 1.]), colorSpace='rgb', contrast=1.0, depth=-3.0, draggable=False, flipHoriz=np.False_, flipVert=np.False_, image='default.png', interpolate=True, mask=None, maskParams=None, name='happycow', opacity=1.0, ori=0.0, pos=array([0., 0.]), size=array([0.2, 0.2]), texRes=128.0, units='height', win=Window(...))
56.8790 	EXP 	Created kraft = ImageStim(__class__=<class 'psychopy.visual.image.ImageStim'>, anchor=('center', 'center'), autoLog=True, color=array([1., 1., 1.]), colorSpace='rgb', contrast=1.0, depth=-4.0, draggable=False, flipHoriz=np.False_, flipVert=np.False_, image='default.png', interpolate=True, mask=None, maskParams=None, name='kraft', opacity=1.0, ori=0.0, pos=array([0.3, 0. ]), size=array([0.2, 0.2]), texRes=128.0, units='height', win=Window(...))
56.8930 	EXP 	Created richlife = ImageStim(__class__=<class 'psychopy.visual.image.ImageStim'>, anchor=('center', 'center'), autoLog=True, color=array([1., 1., 1.]), colorSpace='rgb', contrast=1.0, depth=-5.0, draggable=False, flipHoriz=np.False_, flipVert=np.False_, image='default.png', interpolate=True, mask=None, maskParams=None, name='richlife', opacity=1.0, ori=0.0, pos=array([0.6, 0. ]), size=array([0.2, 0.2]), texRes=128.0, units='height', win=Window(...))
57.6104 	EXP 	Created text_2 = TextStim(__class__=<class 'psychopy.visual.text.TextStim'>, alignHoriz=method-wrapper(...), alignText='center', alignVert=method-wrapper(...), anchorHoriz='center', anchorVert='center', antialias=True, autoDraw=False, autoLog=True, bold=False, color=array([1., 1., 1.]), colorSpace='rgb', contrast=1.0, depth=-6.0, draggable=False, flipHoriz=False, flipVert=False, font='Arial', fontFiles=[], height=np.float64(0.02), italic=False, languageStyle='LTR', name='text_2', opacity=1, ori=0.0, pos=array([-0.6, -0.3]), rgb=UNKNOWN, text=str(...), units='height', win=Window(...), wrapWidth=1)
57.6298 	EXP 	Created text_3 = TextStim(__class__=<class 'psychopy.visual.text.TextStim'>, alignHoriz=method-wrapper(...), alignText='center', alignVert=method-wrapper(...), anchorHoriz='center', anchorVert='center', antialias=True, autoDraw=False, autoLog=True, bold=False, color=array([1., 1., 1.]), colorSpace='rgb', contrast=1.0, depth=-7.0, draggable=False, flipHoriz=False, flipVert=False, font='Arial', fontFiles=[], height=np.float64(0.02), italic=False, languageStyle='LTR', name='text_3', opacity=1, ori=0.0, pos=array([-0.3, -0.3]), rgb=UNKNOWN, text='Kothmale Cheddar\n250 g \nRs 1300', units='height', win=Window(...), wrapWidth=1)
57.6433 	EXP 	Created text_4 = TextStim(__class__=<class 'psychopy.visual.text.TextStim'>, alignHoriz=method-wrapper(...), alignText='center', alignVert=method-wrapper(...), anchorHoriz='center', anchorVert='center', antialias=True, autoDraw=False, autoLog=True, bold=False, color=array([1., 1., 1.]), colorSpace='rgb', contrast=1.0, depth=-8.0, draggable=False, flipHoriz=False, flipVert=False, font='Arial', fontFiles=[], height=np.float64(0.02), italic=False, languageStyle='LTR', name='text_4', opacity=1, ori=0.0, pos=array([ 0. , -0.3]), rgb=UNKNOWN, text='HappyCow Cheese\n340 g\nRs 1200', units='height', win=Window(...), wrapWidth=1)
57.6621 	EXP 	Created text_5 = TextStim(__class__=<class 'psychopy.visual.text.TextStim'>, alignHoriz=method-wrapper(...), alignText='center', alignVert=method-wrapper(...), anchorHoriz='center', anchorVert='center', antialias=True, autoDraw=False, autoLog=True, bold=False, color=array([1., 1., 1.]), colorSpace='rgb', contrast=1.0, depth=-9.0, draggable=False, flipHoriz=False, flipVert=False, font='Arial', fontFiles=[], height=np.float64(0.02), italic=False, languageStyle='LTR', name='text_5', opacity=1, ori=0.0, pos=array([ 0.3, -0.3]), rgb=UNKNOWN, text='Kraft Cheddar Cheese\n250 g\nRs 2590', units='height', win=Window(...), wrapWidth=1)
57.6873 	EXP 	Created text_6 = TextStim(__class__=<class 'psychopy.visual.text.TextStim'>, alignHoriz=method-wrapper(...), alignText='center', alignVert=method-wrapper(...), anchorHoriz='center', anchorVert='center', antialias=True, autoDraw=False, autoLog=True, bold=False, color=array([1., 1., 1.]), colorSpace='rgb', contrast=1.0, depth=-10.0, draggable=False, flipHoriz=False, flipVert=False, font='Arial', fontFiles=[], height=np.float64(0.02), italic=False, languageStyle='LTR', name='text_6', opacity=1, ori=0.0, pos=array([ 0.6, -0.3]), rgb=UNKNOWN, text='Rich Life Cheddar Cheese\n100 g\nRs 625', units='height', win=Window(...), wrapWidth=1)
57.7350 	EXP 	Created text_7 = TextStim(__class__=<class 'psychopy.visual.text.TextStim'>, alignHoriz=method-wrapper(...), alignText='center', alignVert=method-wrapper(...), anchorHoriz='center', anchorVert='center', antialias=True, autoDraw=False, autoLog=True, bold=False, color=array([1., 1., 1.]), colorSpace='rgb', contrast=1.0, depth=0.0, draggable=False, flipHoriz=False, flipVert=False, font='Arial', fontFiles=[], height=np.float64(0.05), italic=False, languageStyle='LTR', name='text_7', opacity=1, ori=0.0, pos=array([0. , 0.3]), rgb=UNKNOWN, text='Which one are you going to buy ?', units='height', win=Window(...), wrapWidth=1)
57.7749 	EXP 	Created highlandYoghurt = ImageStim(__class__=<class 'psychopy.visual.image.ImageStim'>, anchor=('center', 'center'), autoLog=True, color=array([1., 1., 1.]), colorSpace='rgb', contrast=1.0, depth=-1.0, draggable=False, flipHoriz=np.False_, flipVert=np.False_, image='Highland yp.jpg', interpolate=True, mask=None, maskParams=None, name='highlandYoghurt', opacity=1, ori=0.0, pos=array([-0.4,  0. ]), size=array([0.2, 0.2]), texRes=128.0, units='height', win=Window(...))
57.8043 	EXP 	Created anchoryoghurt = ImageStim(__class__=<class 'psychopy.visual.image.ImageStim'>, anchor=('center', 'center'), autoLog=True, color=array([1., 1., 1.]), colorSpace='rgb', contrast=1.0, depth=-2.0, draggable=False, flipHoriz=np.False_, flipVert=np.False_, image='anchor youghurt.jpg', interpolate=True, mask=None, maskParams=None, name='anchoryoghurt', opacity=1, ori=0.0, pos=array([-0.1,  0. ]), size=array([0.2, 0.2]), texRes=128.0, units='height', win=Window(...))
57.8347 	EXP 	Created ambewelayoghurt = ImageStim(__class__=<class 'psychopy.visual.image.ImageStim'>, anchor=('center', 'center'), autoLog=True, color=array([1., 1., 1.]), colorSpace='rgb', contrast=1.0, depth=-3.0, draggable=False, flipHoriz=np.False_, flipVert=np.False_, image='ambewela yoghurt.jpg', interpolate=True, mask=None, maskParams=None, name='ambewelayoghurt', opacity=1, ori=0.0, pos=array([0.2, 0. ]), size=array([0.2, 0.2]), texRes=128.0, units='height', win=Window(...))
57.8928 	EXP 	Created pelawatteyoghurt = ImageStim(__class__=<class 'psychopy.visual.image.ImageStim'>, anchor=('center', 'center'), autoLog=True, color=array([1., 1., 1.]), colorSpace='rgb', contrast=1.0, depth=-4.0, draggable=False, flipHoriz=np.False_, flipVert=np.False_, image='pelawatteypughurt.jpeg', interpolate=True, mask=None, maskParams=None, name='pelawatteyoghurt', opacity=1, ori=0.0, pos=array([0.5, 0. ]), size=array([0.2, 0.2]), texRes=128.0, units='height', win=Window(...))
57.9291 	EXP 	Created text_8 = TextStim(__class__=<class 'psychopy.visual.text.TextStim'>, alignHoriz=method-wrapper(...), alignText='center', alignVert=method-wrapper(...), anchorHoriz='center', anchorVert='center', antialias=True, autoDraw=False, autoLog=True, bold=False, color=array([1., 1., 1.]), colorSpace='rgb', contrast=1.0, depth=-5.0, draggable=False, flipHoriz=False, flipVert=False, font='Arial', fontFiles=[], height=np.float64(0.02), italic=False, languageStyle='LTR', name='text_8', opacity=1, ori=0.0, pos=array([-0.4, -0.3]), rgb=UNKNOWN, text=str(...), units='height', win=Window(...), wrapWidth=1)
57.9406 	EXP 	Created text_9 = TextStim(__class__=<class 'psychopy.visual.text.TextStim'>, alignHoriz=method-wrapper(...), alignText='center', alignVert=method-wrapper(...), anchorHoriz='center', anchorVert='center', antialias=True, autoDraw=False, autoLog=True, bold=False, color=array([1., 1., 1.]), colorSpace='rgb', contrast=1.0, depth=-6.0, draggable=False, flipHoriz=False, flipVert=False, font='Arial', fontFiles=[], height=np.float64(0.02), italic=False, languageStyle='LTR', name='text_9', opacity=1, ori=0.0, pos=array([-0.1, -0.3]), rgb=UNKNOWN, text='Anchor Yoghurt\n     80 g\n   Rs 70', units='height', win=Window(...), wrapWidth=1)
57.9591 	EXP 	Created text_10 = TextStim(__class__=<class 'psychopy.visual.text.TextStim'>, alignHoriz=method-wrapper(...), alignText='center', alignVert=method-wrapper(...), anchorHoriz='center', anchorVert='center', antialias=True, autoDraw=False, autoLog=True, bold=False, color=array([1., 1., 1.]), colorSpace='rgb', contrast=1.0, depth=-7.0, draggable=False, flipHoriz=False, flipVert=False, font='Arial', fontFiles=[], height=np.float64(0.02), italic=False, languageStyle='LTR', name='text_10', opacity=1, ori=0.0, pos=array([ 0.2, -0.3]), rgb=UNKNOWN, text='Ambewela Yoghurt\n      80 g\n     Rs 70', units='height', win=Window(...), wrapWidth=1)
57.9748 	EXP 	Created text_11 = TextStim(__class__=<class 'psychopy.visual.text.TextStim'>, alignHoriz=method-wrapper(...), alignText='center', alignVert=method-wrapper(...), anchorHoriz='center', anchorVert='center', antialias=True, autoDraw=False, autoLog=True, bold=False, color=array([1., 1., 1.]), colorSpace='rgb', contrast=1.0, depth=-8.0, draggable=False, flipHoriz=False, flipVert=False, font='Arial', fontFiles=[], height=np.float64(0.02), italic=False, languageStyle='LTR', name='text_11', opacity=1, ori=0.0, pos=array([ 0.5, -0.3]), rgb=UNKNOWN, text='Pelawatte Yoghurt\n       80 g\n      Rs  50', units='height', win=Window(...), wrapWidth=1)
57.9914 	EXP 	Created text_12 = TextStim(__class__=<class 'psychopy.visual.text.TextStim'>, alignHoriz=method-wrapper(...), alignText='center', alignVert=method-wrapper(...), anchorHoriz='center', anchorVert='center', antialias=True, autoDraw=False, autoLog=True, bold=False, color=array([1., 1., 1.]), colorSpace='rgb', contrast=1.0, depth=0.0, draggable=False, flipHoriz=False, flipVert=False, font='Arial', fontFiles=[], height=np.float64(0.05), italic=False, languageStyle='LTR', name='text_12', opacity=1, ori=0.0, pos=array([0. , 0.3]), rgb=UNKNOWN, text='Which one are you going to buy?', units='height', win=Window(...), wrapWidth=1)
58.0669 	EXP 	Created fortune = ImageStim(__class__=<class 'psychopy.visual.image.ImageStim'>, anchor=('center', 'center'), autoLog=True, color=array([1., 1., 1.]), colorSpace='rgb', contrast=1.0, depth=-1.0, draggable=False, flipHoriz=np.False_, flipVert=np.False_, image='fortune.jpg', interpolate=True, mask=None, maskParams=None, name='fortune', opacity=1, ori=0.0, pos=array([-0.5,  0. ]), size=array([0.2, 0.2]), texRes=128.0, units='height', win=Window(...))
58.1030 	EXP 	Created marina = ImageStim(__class__=<class 'psychopy.visual.image.ImageStim'>, anchor=('center', 'center'), autoLog=True, color=array([1., 1., 1.]), colorSpace='rgb', contrast=1.0, depth=-2.0, draggable=False, flipHoriz=np.False_, flipVert=np.False_, image='marina.jpeg', interpolate=True, mask=None, maskParams=None, name='marina', opacity=1, ori=0.0, pos=array([0., 0.]), size=array([0.2, 0.2]), texRes=128.0, units='height', win=Window(...))
58.1993 	EXP 	Created Njoy = ImageStim(__class__=<class 'psychopy.visual.image.ImageStim'>, anchor=('center', 'center'), autoLog=True, color=array([1., 1., 1.]), colorSpace='rgb', contrast=1.0, depth=-3.0, draggable=False, flipHoriz=np.False_, flipVert=np.False_, image='Njoy.jpg', interpolate=True, mask=None, maskParams=None, name='Njoy', opacity=1, ori=0.0, pos=array([0.5, 0. ]), size=array([0.2, 0.2]), texRes=128.0, units='height', win=Window(...))
58.2130 	EXP 	Created text_13 = TextStim(__class__=<class 'psychopy.visual.text.TextStim'>, alignHoriz=method-wrapper(...), alignText='center', alignVert=method-wrapper(...), anchorHoriz='center', anchorVert='center', antialias=True, autoDraw=False, autoLog=True, bold=False, color=array([1., 1., 1.]), colorSpace='rgb', contrast=1.0, depth=-4.0, draggable=False, flipHoriz=False, flipVert=False, font='Arial', fontFiles=[], height=np.float64(0.02), italic=False, languageStyle='LTR', name='text_13', opacity=1, ori=0.0, pos=array([-0.5, -0.3]), rgb=UNKNOWN, text=str(...), units='height', win=Window(...), wrapWidth=1)
58.2401 	EXP 	Created text_14 = TextStim(__class__=<class 'psychopy.visual.text.TextStim'>, alignHoriz=method-wrapper(...), alignText='center', alignVert=method-wrapper(...), anchorHoriz='center', anchorVert='center', antialias=True, autoDraw=False, autoLog=True, bold=False, color=array([1., 1., 1.]), colorSpace='rgb', contrast=1.0, depth=-5.0, draggable=False, flipHoriz=False, flipVert=False, font='Arial', fontFiles=[], height=np.float64(0.02), italic=False, languageStyle='LTR', name='text_14', opacity=1, ori=0.0, pos=array([ 0. , -0.3]), rgb=UNKNOWN, text=str(...), units='height', win=Window(...), wrapWidth=1)
58.2596 	EXP 	Created text_15 = TextStim(__class__=<class 'psychopy.visual.text.TextStim'>, alignHoriz=method-wrapper(...), alignText='center', alignVert=method-wrapper(...), anchorHoriz='center', anchorVert='center', antialias=True, autoDraw=False, autoLog=True, bold=False, color=array([1., 1., 1.]), colorSpace='rgb', contrast=1.0, depth=-6.0, draggable=False, flipHoriz=False, flipVert=False, font='Arial', fontFiles=[], height=np.float64(0.02), italic=False, languageStyle='LTR', name='text_15', opacity=1, ori=0.0, pos=array([ 0.5, -0.3]), rgb=UNKNOWN, text=str(...), units='height', win=Window(...), wrapWidth=1)
58.2960 	EXP 	Created text_instr = TextStim(__class__=<class 'psychopy.visual.text.TextStim'>, alignHoriz=method-wrapper(...), alignText='center', alignVert=method-wrapper(...), anchorHoriz='center', anchorVert='center', antialias=True, autoDraw=False, autoLog=True, bold=False, color=array([1., 1., 1.]), colorSpace='rgb', contrast=1.0, depth=0.0, draggable=False, flipHoriz=False, flipVert=False, font='Arial', fontFiles=[], height=np.float64(0.04), italic=False, languageStyle='LTR', name='text_instr', opacity=1, ori=0.0, pos=array([0. , 0.3]), rgb=UNKNOWN, text='Which one are you going to buy?', units='height', win=Window(...), wrapWidth=1)
58.3551 	EXP 	Created kandos = ImageStim(__class__=<class 'psychopy.visual.image.ImageStim'>, anchor=('center', 'center'), autoLog=True, color=array([1., 1., 1.]), colorSpace='rgb', contrast=1.0, depth=-1.0, draggable=False, flipHoriz=np.False_, flipVert=np.False_, image='Kandos.jpeg', interpolate=True, mask=None, maskParams=None, name='kandos', opacity=1, ori=0.0, pos=array([-0.4,  0. ]), size=array([0.2, 0.2]), texRes=128.0, units='height', win=Window(...))
58.3916 	EXP 	Created ritzbury = ImageStim(__class__=<class 'psychopy.visual.image.ImageStim'>, anchor=('center', 'center'), autoLog=True, color=array([1., 1., 1.]), colorSpace='rgb', contrast=1.0, depth=-2.0, draggable=False, flipHoriz=np.False_, flipVert=np.False_, image='ritzbury.jpg', interpolate=True, mask=None, maskParams=None, name='ritzbury', opacity=1.0, ori=0.0, pos=array([-0.1,  0. ]), size=array([0.2, 0.2]), texRes=128.0, units='height', win=Window(...))
58.4277 	EXP 	Created revello = ImageStim(__class__=<class 'psychopy.visual.image.ImageStim'>, anchor=('center', 'center'), autoLog=True, color=array([1., 1., 1.]), colorSpace='rgb', contrast=1.0, depth=-3.0, draggable=False, flipHoriz=np.False_, flipVert=np.False_, image='revello.jpg', interpolate=True, mask=None, maskParams=None, name='revello', opacity=1, ori=0.0, pos=array([0.2, 0. ]), size=array([0.2, 0.2]), texRes=128.0, units='height', win=Window(...))
58.4816 	EXP 	Created cadbury = ImageStim(__class__=<class 'psychopy.visual.image.ImageStim'>, anchor=('center', 'center'), autoLog=True, color=array([1., 1., 1.]), colorSpace='rgb', contrast=1.0, depth=-4.0, draggable=False, flipHoriz=np.False_, flipVert=np.False_, image='cadbury.jpg', interpolate=True, mask=None, maskParams=None, name='cadbury', opacity=1, ori=0.0, pos=array([0.5, 0. ]), size=array([0.2, 0.2]), texRes=128.0, units='height', win=Window(...))
58.5392 	EXP 	Created text_20 = TextStim(__class__=<class 'psychopy.visual.text.TextStim'>, alignHoriz=method-wrapper(...), alignText='center', alignVert=method-wrapper(...), anchorHoriz='center', anchorVert='center', antialias=True, autoDraw=False, autoLog=True, bold=False, color=array([1., 1., 1.]), colorSpace='rgb', contrast=1.0, depth=-8.0, draggable=False, flipHoriz=False, flipVert=False, font='Arial', fontFiles=[], height=np.float64(0.02), italic=False, languageStyle='LTR', name='text_20', opacity=1, ori=0.0, pos=array([-0.4, -0.3]), rgb=UNKNOWN, text='Kandos Chocolate\n        90 g\n    Rs  600', units='height', win=Window(...), wrapWidth=1)
58.5702 	EXP 	Created text_21 = TextStim(__class__=<class 'psychopy.visual.text.TextStim'>, alignHoriz=method-wrapper(...), alignText='center', alignVert=method-wrapper(...), anchorHoriz='center', anchorVert='center', antialias=True, autoDraw=False, autoLog=True, bold=False, color=array([1., 1., 1.]), colorSpace='rgb', contrast=1.0, depth=-9.0, draggable=False, flipHoriz=False, flipVert=False, font='Arial', fontFiles=[], height=np.float64(0.02), italic=False, languageStyle='LTR', name='text_21', opacity=1, ori=0.0, pos=array([-0.1, -0.3]), rgb=UNKNOWN, text=str(...), units='height', win=Window(...), wrapWidth=1)
58.6046 	EXP 	Created text_22 = TextStim(__class__=<class 'psychopy.visual.text.TextStim'>, alignHoriz=method-wrapper(...), alignText='center', alignVert=method-wrapper(...), anchorHoriz='center', anchorVert='center', antialias=True, autoDraw=False, autoLog=True, bold=False, color=array([1., 1., 1.]), colorSpace='rgb', contrast=1.0, depth=-10.0, draggable=False, flipHoriz=False, flipVert=False, font='Arial', fontFiles=[], height=np.float64(0.02), italic=False, languageStyle='LTR', name='text_22', opacity=1, ori=0.0, pos=array([ 0.2, -0.3]), rgb=UNKNOWN, text=str(...), units='height', win=Window(...), wrapWidth=1)
58.6387 	EXP 	Created text_23 = TextStim(__class__=<class 'psychopy.visual.text.TextStim'>, alignHoriz=method-wrapper(...), alignText='center', alignVert=method-wrapper(...), anchorHoriz='center', anchorVert='center', antialias=True, autoDraw=False, autoLog=True, bold=False, color=array([1., 1., 1.]), colorSpace='rgb', contrast=1.0, depth=-11.0, draggable=False, flipHoriz=False, flipVert=False, font='Arial', fontFiles=[], height=np.float64(0.02), italic=False, languageStyle='LTR', name='text_23', opacity=1, ori=0.0, pos=array([ 0.5, -0.3]), rgb=UNKNOWN, text=str(...), units='height', win=Window(...), wrapWidth=1)
58.6637 	EXP 	Created text_instr_2 = TextStim(__class__=<class 'psychopy.visual.text.TextStim'>, alignHoriz=method-wrapper(...), alignText='center', alignVert=method-wrapper(...), anchorHoriz='center', anchorVert='center', antialias=True, autoDraw=False, autoLog=True, bold=False, color=array([1., 1., 1.]), colorSpace='rgb', contrast=1.0, depth=0.0, draggable=False, flipHoriz=False, flipVert=False, font='Arial', fontFiles=[], height=np.float64(0.04), italic=False, languageStyle='LTR', name='text_instr_2', opacity=1, ori=0.0, pos=array([0. , 0.3]), rgb=UNKNOWN, text='Which one are going to buy', units='height', win=Window(...), wrapWidth=1)
58.7096 	EXP 	Created goldi = ImageStim(__class__=<class 'psychopy.visual.image.ImageStim'>, anchor=('center', 'center'), autoLog=True, color=array([1., 1., 1.]), colorSpace='rgb', contrast=1.0, depth=-1.0, draggable=False, flipHoriz=np.False_, flipVert=np.False_, image='goldi.jpg', interpolate=True, mask=None, maskParams=None, name='goldi', opacity=1, ori=0.0, pos=array([-0.4,  0. ]), size=array([0.2, 0.2]), texRes=128.0, units='height', win=Window(...))
58.8043 	EXP 	Created elephanthouse = ImageStim(__class__=<class 'psychopy.visual.image.ImageStim'>, anchor=('center', 'center'), autoLog=True, color=array([1., 1., 1.]), colorSpace='rgb', contrast=1.0, depth=-2.0, draggable=False, flipHoriz=np.False_, flipVert=np.False_, image='elephanthousre.jpg', interpolate=True, mask=None, maskParams=None, name='elephanthouse', opacity=1, ori=0.0, pos=array([-0.1,  0. ]), size=array([0.2, 0.2]), texRes=128.0, units='height', win=Window(...))
58.8278 	EXP 	Created krest = ImageStim(__class__=<class 'psychopy.visual.image.ImageStim'>, anchor=('center', 'center'), autoLog=True, color=array([1., 1., 1.]), colorSpace='rgb', contrast=1.0, depth=-3.0, draggable=False, flipHoriz=np.False_, flipVert=np.False_, image='krest.jpg', interpolate=True, mask=None, maskParams=None, name='krest', opacity=1, ori=0.0, pos=array([0.2, 0. ]), size=array([0.2, 0.2]), texRes=128.0, units='height', win=Window(...))
58.8810 	EXP 	Created pussalla = ImageStim(__class__=<class 'psychopy.visual.image.ImageStim'>, anchor=('center', 'center'), autoLog=True, color=array([1., 1., 1.]), colorSpace='rgb', contrast=1.0, depth=-4.0, draggable=False, flipHoriz=np.False_, flipVert=np.False_, image='pussalla.jpeg', interpolate=True, mask=None, maskParams=None, name='pussalla', opacity=1, ori=0.0, pos=array([0.5, 0. ]), size=array([0.2, 0.2]), texRes=128.0, units='height', win=Window(...))
58.9166 	EXP 	Created text_16 = TextStim(__class__=<class 'psychopy.visual.text.TextStim'>, alignHoriz=method-wrapper(...), alignText='center', alignVert=method-wrapper(...), anchorHoriz='center', anchorVert='center', antialias=True, autoDraw=False, autoLog=True, bold=False, color=array([1., 1., 1.]), colorSpace='rgb', contrast=1.0, depth=-6.0, draggable=False, flipHoriz=False, flipVert=False, font='Arial', fontFiles=[], height=np.float64(0.02), italic=False, languageStyle='LTR', name='text_16', opacity=1, ori=0.0, pos=array([-0.4, -0.3]), rgb=UNKNOWN, text=str(...), units='height', win=Window(...), wrapWidth=1)
58.9571 	EXP 	Created text_17 = TextStim(__class__=<class 'psychopy.visual.text.TextStim'>, alignHoriz=method-wrapper(...), alignText='center', alignVert=method-wrapper(...), anchorHoriz='center', anchorVert='center', antialias=True, autoDraw=False, autoLog=True, bold=False, color=array([1., 1., 1.]), colorSpace='rgb', contrast=1.0, depth=-7.0, draggable=False, flipHoriz=False, flipVert=False, font='Arial', fontFiles=[], height=np.float64(0.02), italic=False, languageStyle='LTR', name='text_17', opacity=1, ori=0.0, pos=array([-0.1, -0.3]), rgb=UNKNOWN, text=str(...), units='height', win=Window(...), wrapWidth=1)
58.9803 	EXP 	Created text_18 = TextStim(__class__=<class 'psychopy.visual.text.TextStim'>, alignHoriz=method-wrapper(...), alignText='center', alignVert=method-wrapper(...), anchorHoriz='center', anchorVert='center', antialias=True, autoDraw=False, autoLog=True, bold=False, color=array([1., 1., 1.]), colorSpace='rgb', contrast=1.0, depth=-8.0, draggable=False, flipHoriz=False, flipVert=False, font='Arial', fontFiles=[], height=np.float64(0.02), italic=False, languageStyle='LTR', name='text_18', opacity=1, ori=0.0, pos=array([ 0.2, -0.3]), rgb=UNKNOWN, text=str(...), units='height', win=Window(...), wrapWidth=1)
58.9975 	EXP 	Created text_19 = TextStim(__class__=<class 'psychopy.visual.text.TextStim'>, alignHoriz=method-wrapper(...), alignText='center', alignVert=method-wrapper(...), anchorHoriz='center', anchorVert='center', antialias=True, autoDraw=False, autoLog=True, bold=False, color=array([1., 1., 1.]), colorSpace='rgb', contrast=1.0, depth=-9.0, draggable=False, flipHoriz=False, flipVert=False, font='Arial', fontFiles=[], height=np.float64(0.02), italic=False, languageStyle='LTR', name='text_19', opacity=1, ori=0.0, pos=array([ 0.5, -0.3]), rgb=UNKNOWN, text=str(...), units='height', win=Window(...), wrapWidth=1)
1.4818 	EXP 	eyetracker.setRecordingState(True)
1.4821 	EXP 	eyetracker.setRecordingState(False)
1.7235 	INFO 	Keyboard events cleared
1.7229 	EXP 	ambewela: image = 'ambewelacheese.jpg'
1.7229 	EXP 	kothmale: image = 'kothmale cheese.jpg'
1.7229 	EXP 	happycow: image = 'happycow.jpeg'
1.7229 	EXP 	kraft: image = 'Kraft cheese.jpeg'
1.7229 	EXP 	richlife: image = 'richlifecheese.jpg'
1.7229 	EXP 	text: autoDraw = True
1.7229 	EXP 	ambewela: autoDraw = True
1.7229 	EXP 	kothmale: autoDraw = True
1.7229 	EXP 	happycow: autoDraw = True
1.7229 	EXP 	kraft: autoDraw = True
1.7229 	EXP 	richlife: autoDraw = True
1.7229 	EXP 	text_2: autoDraw = True
1.7229 	EXP 	text_3: autoDraw = True
1.7229 	EXP 	text_4: autoDraw = True
1.7229 	EXP 	text_5: autoDraw = True
1.7229 	EXP 	text_6: autoDraw = True
1.7229 	EXP 	text: height = np.float64(0.05)
1.7229 	EXP 	text: height = np.float64(0.05)
1.7229 	EXP 	text: height = np.float64(0.05)
1.7229 	EXP 	text: text = 'Which one are you going to buy?'
1.7320 	EXP 	eyetracker.setRecordingState(False)
1.7425 	EXP 	text: height = np.float64(0.05)
1.7425 	EXP 	text: height = np.float64(0.05)
1.7425 	EXP 	text: height = np.float64(0.05)
1.7425 	EXP 	text: text = 'Which one are you going to buy?'
1.7432 	EXP 	eyetracker.setRecordingState(False)
1.7507 	EXP 	text: height = np.float64(0.05)
1.7507 	EXP 	text: height = np.float64(0.05)
1.7507 	EXP 	text: height = np.float64(0.05)
1.7507 	EXP 	text: text = 'Which one are you going to buy?'
1.7515 	EXP 	eyetracker.setRecordingState(False)
1.7600 	EXP 	text: height = np.float64(0.05)
1.7600 	EXP 	text: height = np.float64(0.05)
1.7600 	EXP 	text: height = np.float64(0.05)
1.7600 	EXP 	text: text = 'Which one are you going to buy?'
1.7607 	EXP 	eyetracker.setRecordingState(False)
1.7687 	EXP 	text: height = np.float64(0.05)
1.7687 	EXP 	text: height = np.float64(0.05)
1.7687 	EXP 	text: height = np.float64(0.05)
1.7687 	EXP 	text: text = 'Which one are you going to buy?'
1.7697 	EXP 	eyetracker.setRecordingState(False)
1.7774 	EXP 	text: height = np.float64(0.05)
1.7774 	EXP 	text: height = np.float64(0.05)
1.7774 	EXP 	text: height = np.float64(0.05)
1.7774 	EXP 	text: text = 'Which one are you going to buy?'
1.7782 	EXP 	eyetracker.setRecordingState(False)
1.7872 	EXP 	text: height = np.float64(0.05)
1.7872 	EXP 	text: height = np.float64(0.05)
1.7872 	EXP 	text: height = np.float64(0.05)
1.7872 	EXP 	text: text = 'Which one are you going to buy?'
1.7880 	EXP 	eyetracker.setRecordingState(False)
1.7970 	EXP 	text: height = np.float64(0.05)
1.7970 	EXP 	text: height = np.float64(0.05)
1.7970 	EXP 	text: height = np.float64(0.05)
1.7970 	EXP 	text: text = 'Which one are you going to buy?'
1.7981 	EXP 	eyetracker.setRecordingState(False)
1.8059 	EXP 	text: height = np.float64(0.05)
1.8059 	EXP 	text: height = np.float64(0.05)
1.8059 	EXP 	text: height = np.float64(0.05)
1.8059 	EXP 	text: text = 'Which one are you going to buy?'
1.8067 	EXP 	eyetracker.setRecordingState(False)
1.8164 	EXP 	text: height = np.float64(0.05)
1.8164 	EXP 	text: height = np.float64(0.05)
1.8164 	EXP 	text: height = np.float64(0.05)
1.8164 	EXP 	text: text = 'Which one are you going to buy?'
1.8173 	EXP 	eyetracker.setRecordingState(False)
1.8271 	EXP 	text: height = np.float64(0.05)
1.8271 	EXP 	text: height = np.float64(0.05)
1.8271 	EXP 	text: height = np.float64(0.05)
1.8271 	EXP 	text: text = 'Which one are you going to buy?'
1.8278 	EXP 	eyetracker.setRecordingState(False)
1.8370 	EXP 	text: height = np.float64(0.05)
1.8370 	EXP 	text: height = np.float64(0.05)
1.8370 	EXP 	text: height = np.float64(0.05)
1.8370 	EXP 	text: text = 'Which one are you going to buy?'
1.8377 	EXP 	eyetracker.setRecordingState(False)
1.8466 	EXP 	text: height = np.float64(0.05)
1.8466 	EXP 	text: height = np.float64(0.05)
1.8466 	EXP 	text: height = np.float64(0.05)
1.8466 	EXP 	text: text = 'Which one are you going to buy?'
1.8476 	EXP 	eyetracker.setRecordingState(False)
1.8568 	EXP 	text: height = np.float64(0.05)
1.8568 	EXP 	text: height = np.float64(0.05)
1.8568 	EXP 	text: height = np.float64(0.05)
1.8568 	EXP 	text: text = 'Which one are you going to buy?'
1.8576 	EXP 	eyetracker.setRecordingState(False)
1.8693 	EXP 	text: height = np.float64(0.05)
1.8693 	EXP 	text: height = np.float64(0.05)
1.8693 	EXP 	text: height = np.float64(0.05)
1.8693 	EXP 	text: text = 'Which one are you going to buy?'
1.8702 	EXP 	eyetracker.setRecordingState(False)
1.8791 	EXP 	text: height = np.float64(0.05)
1.8791 	EXP 	text: height = np.float64(0.05)
1.8791 	EXP 	text: height = np.float64(0.05)
1.8791 	EXP 	text: text = 'Which one are you going to buy?'
1.8797 	EXP 	eyetracker.setRecordingState(False)
1.8887 	EXP 	text: height = np.float64(0.05)
1.8887 	EXP 	text: height = np.float64(0.05)
1.8887 	EXP 	text: height = np.float64(0.05)
1.8887 	EXP 	text: text = 'Which one are you going to buy?'
1.8896 	EXP 	eyetracker.setRecordingState(False)
1.8975 	EXP 	text: height = np.float64(0.05)
1.8975 	EXP 	text: height = np.float64(0.05)
1.8975 	EXP 	text: height = np.float64(0.05)
1.8975 	EXP 	text: text = 'Which one are you going to buy?'
1.8981 	EXP 	eyetracker.setRecordingState(False)
2.0260 	EXP 	text: height = np.float64(0.05)
2.0260 	EXP 	text: height = np.float64(0.05)
2.0260 	EXP 	text: height = np.float64(0.05)
2.0260 	EXP 	text: text = 'Which one are you going to buy?'
2.0267 	EXP 	eyetracker.setRecordingState(False)
2.0350 	EXP 	text: height = np.float64(0.05)
2.0350 	EXP 	text: height = np.float64(0.05)
2.0350 	EXP 	text: height = np.float64(0.05)
2.0350 	EXP 	text: text = 'Which one are you going to buy?'
2.0359 	EXP 	eyetracker.setRecordingState(False)
2.0449 	EXP 	text: height = np.float64(0.05)
2.0449 	EXP 	text: height = np.float64(0.05)
2.0449 	EXP 	text: height = np.float64(0.05)
2.0449 	EXP 	text: text = 'Which one are you going to buy?'
2.0457 	EXP 	eyetracker.setRecordingState(False)
2.0545 	EXP 	text: height = np.float64(0.05)
2.0545 	EXP 	text: height = np.float64(0.05)
2.0545 	EXP 	text: height = np.float64(0.05)
2.0545 	EXP 	text: text = 'Which one are you going to buy?'
2.0554 	EXP 	eyetracker.setRecordingState(False)
2.0632 	EXP 	text: height = np.float64(0.05)
2.0632 	EXP 	text: height = np.float64(0.05)
2.0632 	EXP 	text: height = np.float64(0.05)
2.0632 	EXP 	text: text = 'Which one are you going to buy?'
2.0640 	EXP 	eyetracker.setRecordingState(False)
2.0723 	EXP 	text: height = np.float64(0.05)
2.0723 	EXP 	text: height = np.float64(0.05)
2.0723 	EXP 	text: height = np.float64(0.05)
2.0723 	EXP 	text: text = 'Which one are you going to buy?'
2.0729 	EXP 	eyetracker.setRecordingState(False)
2.0812 	EXP 	text: height = np.float64(0.05)
2.0812 	EXP 	text: height = np.float64(0.05)
2.0812 	EXP 	text: height = np.float64(0.05)
2.0812 	EXP 	text: text = 'Which one are you going to buy?'
2.0819 	EXP 	eyetracker.setRecordingState(False)
2.0895 	EXP 	text: height = np.float64(0.05)
2.0895 	EXP 	text: height = np.float64(0.05)
2.0895 	EXP 	text: height = np.float64(0.05)
2.0895 	EXP 	text: text = 'Which one are you going to buy?'
2.0905 	EXP 	eyetracker.setRecordingState(False)
2.1001 	EXP 	text: height = np.float64(0.05)
2.1001 	EXP 	text: height = np.float64(0.05)
2.1001 	EXP 	text: height = np.float64(0.05)
2.1001 	EXP 	text: text = 'Which one are you going to buy?'
2.1008 	EXP 	eyetracker.setRecordingState(False)
2.1102 	EXP 	text: height = np.float64(0.05)
2.1102 	EXP 	text: height = np.float64(0.05)
2.1102 	EXP 	text: height = np.float64(0.05)
2.1102 	EXP 	text: text = 'Which one are you going to buy?'
2.1112 	EXP 	eyetracker.setRecordingState(False)
2.1190 	EXP 	text: height = np.float64(0.05)
2.1190 	EXP 	text: height = np.float64(0.05)
2.1190 	EXP 	text: height = np.float64(0.05)
2.1190 	EXP 	text: text = 'Which one are you going to buy?'
2.1199 	EXP 	eyetracker.setRecordingState(False)
2.1288 	EXP 	text: height = np.float64(0.05)
2.1288 	EXP 	text: height = np.float64(0.05)
2.1288 	EXP 	text: height = np.float64(0.05)
2.1288 	EXP 	text: text = 'Which one are you going to buy?'
2.1297 	EXP 	eyetracker.setRecordingState(False)
2.1378 	EXP 	text: height = np.float64(0.05)
2.1378 	EXP 	text: height = np.float64(0.05)
2.1378 	EXP 	text: height = np.float64(0.05)
2.1378 	EXP 	text: text = 'Which one are you going to buy?'
2.1388 	EXP 	eyetracker.setRecordingState(False)
2.1473 	EXP 	text: height = np.float64(0.05)
2.1473 	EXP 	text: height = np.float64(0.05)
2.1473 	EXP 	text: height = np.float64(0.05)
2.1473 	EXP 	text: text = 'Which one are you going to buy?'
2.1481 	EXP 	eyetracker.setRecordingState(False)
2.1562 	EXP 	text: height = np.float64(0.05)
2.1562 	EXP 	text: height = np.float64(0.05)
2.1562 	EXP 	text: height = np.float64(0.05)
2.1562 	EXP 	text: text = 'Which one are you going to buy?'
2.1569 	EXP 	eyetracker.setRecordingState(False)
2.1651 	EXP 	text: height = np.float64(0.05)
2.1651 	EXP 	text: height = np.float64(0.05)
2.1651 	EXP 	text: height = np.float64(0.05)
2.1651 	EXP 	text: text = 'Which one are you going to buy?'
2.1660 	EXP 	eyetracker.setRecordingState(False)
2.1751 	EXP 	text: height = np.float64(0.05)
2.1751 	EXP 	text: height = np.float64(0.05)
2.1751 	EXP 	text: height = np.float64(0.05)
2.1751 	EXP 	text: text = 'Which one are you going to buy?'
2.1758 	EXP 	eyetracker.setRecordingState(False)
2.1841 	EXP 	text: height = np.float64(0.05)
2.1841 	EXP 	text: height = np.float64(0.05)
2.1841 	EXP 	text: height = np.float64(0.05)
2.1841 	EXP 	text: text = 'Which one are you going to buy?'
2.1848 	EXP 	eyetracker.setRecordingState(False)
2.1938 	EXP 	text: height = np.float64(0.05)
2.1938 	EXP 	text: height = np.float64(0.05)
2.1938 	EXP 	text: height = np.float64(0.05)
2.1938 	EXP 	text: text = 'Which one are you going to buy?'
2.1946 	EXP 	eyetracker.setRecordingState(False)
2.2040 	EXP 	text: height = np.float64(0.05)
2.2040 	EXP 	text: height = np.float64(0.05)
2.2040 	EXP 	text: height = np.float64(0.05)
2.2040 	EXP 	text: text = 'Which one are you going to buy?'
2.2047 	EXP 	eyetracker.setRecordingState(False)
2.2126 	EXP 	text: height = np.float64(0.05)
2.2126 	EXP 	text: height = np.float64(0.05)
2.2126 	EXP 	text: height = np.float64(0.05)
2.2126 	EXP 	text: text = 'Which one are you going to buy?'
2.2136 	EXP 	eyetracker.setRecordingState(False)
2.2240 	EXP 	text: height = np.float64(0.05)
2.2240 	EXP 	text: height = np.float64(0.05)
2.2240 	EXP 	text: height = np.float64(0.05)
2.2240 	EXP 	text: text = 'Which one are you going to buy?'
2.2248 	EXP 	eyetracker.setRecordingState(False)
2.2349 	EXP 	text: height = np.float64(0.05)
2.2349 	EXP 	text: height = np.float64(0.05)
2.2349 	EXP 	text: height = np.float64(0.05)
2.2349 	EXP 	text: text = 'Which one are you going to buy?'
2.2357 	EXP 	eyetracker.setRecordingState(False)
2.2445 	EXP 	text: height = np.float64(0.05)
2.2445 	EXP 	text: height = np.float64(0.05)
2.2445 	EXP 	text: height = np.float64(0.05)
2.2445 	EXP 	text: text = 'Which one are you going to buy?'
2.2453 	EXP 	eyetracker.setRecordingState(False)
2.2544 	EXP 	text: height = np.float64(0.05)
2.2544 	EXP 	text: height = np.float64(0.05)
2.2544 	EXP 	text: height = np.float64(0.05)
2.2544 	EXP 	text: text = 'Which one are you going to buy?'
2.2554 	EXP 	eyetracker.setRecordingState(False)
2.2634 	EXP 	text: height = np.float64(0.05)
2.2634 	EXP 	text: height = np.float64(0.05)
2.2634 	EXP 	text: height = np.float64(0.05)
2.2634 	EXP 	text: text = 'Which one are you going to buy?'
2.2645 	EXP 	eyetracker.setRecordingState(False)
2.2756 	EXP 	text: height = np.float64(0.05)
2.2756 	EXP 	text: height = np.float64(0.05)
2.2756 	EXP 	text: height = np.float64(0.05)
2.2756 	EXP 	text: text = 'Which one are you going to buy?'
2.2769 	EXP 	eyetracker.setRecordingState(False)
2.2884 	EXP 	text: height = np.float64(0.05)
2.2884 	EXP 	text: height = np.float64(0.05)
2.2884 	EXP 	text: height = np.float64(0.05)
2.2884 	EXP 	text: text = 'Which one are you going to buy?'
2.2897 	EXP 	eyetracker.setRecordingState(False)
2.3008 	EXP 	text: height = np.float64(0.05)
2.3008 	EXP 	text: height = np.float64(0.05)
2.3008 	EXP 	text: height = np.float64(0.05)
2.3008 	EXP 	text: text = 'Which one are you going to buy?'
2.3020 	EXP 	eyetracker.setRecordingState(False)
2.3211 	EXP 	text: height = np.float64(0.05)
2.3211 	EXP 	text: height = np.float64(0.05)
2.3211 	EXP 	text: height = np.float64(0.05)
2.3211 	EXP 	text: text = 'Which one are you going to buy?'
2.3222 	EXP 	eyetracker.setRecordingState(False)
2.3541 	EXP 	text: height = np.float64(0.05)
2.3541 	EXP 	text: height = np.float64(0.05)
2.3541 	EXP 	text: height = np.float64(0.05)
2.3541 	EXP 	text: text = 'Which one are you going to buy?'
2.3549 	EXP 	eyetracker.setRecordingState(False)
2.3842 	EXP 	text: height = np.float64(0.05)
2.3842 	EXP 	text: height = np.float64(0.05)
2.3842 	EXP 	text: height = np.float64(0.05)
2.3842 	EXP 	text: text = 'Which one are you going to buy?'
2.3856 	EXP 	eyetracker.setRecordingState(False)
2.4044 	EXP 	text: height = np.float64(0.05)
2.4044 	EXP 	text: height = np.float64(0.05)
2.4044 	EXP 	text: height = np.float64(0.05)
2.4044 	EXP 	text: text = 'Which one are you going to buy?'
2.4069 	EXP 	eyetracker.setRecordingState(False)
2.4276 	EXP 	text: height = np.float64(0.05)
2.4276 	EXP 	text: height = np.float64(0.05)
2.4276 	EXP 	text: height = np.float64(0.05)
2.4276 	EXP 	text: text = 'Which one are you going to buy?'
2.4298 	EXP 	eyetracker.setRecordingState(False)
2.4502 	EXP 	text: height = np.float64(0.05)
2.4502 	EXP 	text: height = np.float64(0.05)
2.4502 	EXP 	text: height = np.float64(0.05)
2.4502 	EXP 	text: text = 'Which one are you going to buy?'
2.4523 	EXP 	eyetracker.setRecordingState(False)
2.4708 	EXP 	text: height = np.float64(0.05)
2.4708 	EXP 	text: height = np.float64(0.05)
2.4708 	EXP 	text: height = np.float64(0.05)
2.4708 	EXP 	text: text = 'Which one are you going to buy?'
2.4724 	EXP 	eyetracker.setRecordingState(False)
2.4914 	EXP 	text: height = np.float64(0.05)
2.4914 	EXP 	text: height = np.float64(0.05)
2.4914 	EXP 	text: height = np.float64(0.05)
2.4914 	EXP 	text: text = 'Which one are you going to buy?'
2.4939 	EXP 	eyetracker.setRecordingState(False)
2.5159 	EXP 	text: height = np.float64(0.05)
2.5159 	EXP 	text: height = np.float64(0.05)
2.5159 	EXP 	text: height = np.float64(0.05)
2.5159 	EXP 	text: text = 'Which one are you going to buy?'
2.5187 	EXP 	eyetracker.setRecordingState(False)
2.5524 	EXP 	text: height = np.float64(0.05)
2.5524 	EXP 	text: height = np.float64(0.05)
2.5524 	EXP 	text: height = np.float64(0.05)
2.5524 	EXP 	text: text = 'Which one are you going to buy?'
2.5549 	EXP 	eyetracker.setRecordingState(False)
2.5869 	EXP 	text: height = np.float64(0.05)
2.5869 	EXP 	text: height = np.float64(0.05)
2.5869 	EXP 	text: height = np.float64(0.05)
2.5869 	EXP 	text: text = 'Which one are you going to buy?'
2.5894 	EXP 	eyetracker.setRecordingState(False)
2.6206 	EXP 	text: height = np.float64(0.05)
2.6206 	EXP 	text: height = np.float64(0.05)
2.6206 	EXP 	text: height = np.float64(0.05)
2.6206 	EXP 	text: text = 'Which one are you going to buy?'
2.6221 	EXP 	eyetracker.setRecordingState(False)
2.6418 	EXP 	text: height = np.float64(0.05)
2.6418 	EXP 	text: height = np.float64(0.05)
2.6418 	EXP 	text: height = np.float64(0.05)
2.6418 	EXP 	text: text = 'Which one are you going to buy?'
2.6437 	EXP 	eyetracker.setRecordingState(False)
2.6696 	EXP 	text: height = np.float64(0.05)
2.6696 	EXP 	text: height = np.float64(0.05)
2.6696 	EXP 	text: height = np.float64(0.05)
2.6696 	EXP 	text: text = 'Which one are you going to buy?'
2.6717 	EXP 	eyetracker.setRecordingState(False)
2.6908 	EXP 	text: height = np.float64(0.05)
2.6908 	EXP 	text: height = np.float64(0.05)
2.6908 	EXP 	text: height = np.float64(0.05)
2.6908 	EXP 	text: text = 'Which one are you going to buy?'
2.6928 	EXP 	eyetracker.setRecordingState(False)
2.7188 	EXP 	text: height = np.float64(0.05)
2.7188 	EXP 	text: height = np.float64(0.05)
2.7188 	EXP 	text: height = np.float64(0.05)
2.7188 	EXP 	text: text = 'Which one are you going to buy?'
2.7194 	EXP 	eyetracker.setRecordingState(False)
2.7370 	EXP 	text: height = np.float64(0.05)
2.7370 	EXP 	text: height = np.float64(0.05)
2.7370 	EXP 	text: height = np.float64(0.05)
2.7370 	EXP 	text: text = 'Which one are you going to buy?'
2.7380 	EXP 	eyetracker.setRecordingState(False)
2.7528 	EXP 	text: height = np.float64(0.05)
2.7528 	EXP 	text: height = np.float64(0.05)
2.7528 	EXP 	text: height = np.float64(0.05)
2.7528 	EXP 	text: text = 'Which one are you going to buy?'
2.7542 	EXP 	eyetracker.setRecordingState(False)
2.7689 	EXP 	text: height = np.float64(0.05)
2.7689 	EXP 	text: height = np.float64(0.05)
2.7689 	EXP 	text: height = np.float64(0.05)
2.7689 	EXP 	text: text = 'Which one are you going to buy?'
2.7705 	EXP 	eyetracker.setRecordingState(False)
2.7799 	EXP 	text: height = np.float64(0.05)
2.7799 	EXP 	text: height = np.float64(0.05)
2.7799 	EXP 	text: height = np.float64(0.05)
2.7799 	EXP 	text: text = 'Which one are you going to buy?'
2.7806 	EXP 	eyetracker.setRecordingState(False)
2.7894 	EXP 	text: height = np.float64(0.05)
2.7894 	EXP 	text: height = np.float64(0.05)
2.7894 	EXP 	text: height = np.float64(0.05)
2.7894 	EXP 	text: text = 'Which one are you going to buy?'
2.7907 	EXP 	eyetracker.setRecordingState(False)
2.8040 	EXP 	text: height = np.float64(0.05)
2.8040 	EXP 	text: height = np.float64(0.05)
2.8040 	EXP 	text: height = np.float64(0.05)
2.8040 	EXP 	text: text = 'Which one are you going to buy?'
2.8054 	EXP 	eyetracker.setRecordingState(False)
2.8148 	EXP 	text: height = np.float64(0.05)
2.8148 	EXP 	text: height = np.float64(0.05)
2.8148 	EXP 	text: height = np.float64(0.05)
2.8148 	EXP 	text: text = 'Which one are you going to buy?'
2.8171 	EXP 	eyetracker.setRecordingState(False)
2.8330 	EXP 	text: height = np.float64(0.05)
2.8330 	EXP 	text: height = np.float64(0.05)
2.8330 	EXP 	text: height = np.float64(0.05)
2.8330 	EXP 	text: text = 'Which one are you going to buy?'
2.8348 	EXP 	eyetracker.setRecordingState(False)
2.8456 	EXP 	text: height = np.float64(0.05)
2.8456 	EXP 	text: height = np.float64(0.05)
2.8456 	EXP 	text: height = np.float64(0.05)
2.8456 	EXP 	text: text = 'Which one are you going to buy?'
2.8467 	EXP 	eyetracker.setRecordingState(False)
2.8653 	EXP 	text: height = np.float64(0.05)
2.8653 	EXP 	text: height = np.float64(0.05)
2.8653 	EXP 	text: height = np.float64(0.05)
2.8653 	EXP 	text: text = 'Which one are you going to buy?'
2.8670 	EXP 	eyetracker.setRecordingState(False)
2.8783 	EXP 	text: height = np.float64(0.05)
2.8783 	EXP 	text: height = np.float64(0.05)
2.8783 	EXP 	text: height = np.float64(0.05)
2.8783 	EXP 	text: text = 'Which one are you going to buy?'
2.8798 	EXP 	eyetracker.setRecordingState(False)
2.8923 	EXP 	text: height = np.float64(0.05)
2.8923 	EXP 	text: height = np.float64(0.05)
2.8923 	EXP 	text: height = np.float64(0.05)
2.8923 	EXP 	text: text = 'Which one are you going to buy?'
2.8947 	EXP 	eyetracker.setRecordingState(False)
2.9129 	EXP 	text: height = np.float64(0.05)
2.9129 	EXP 	text: height = np.float64(0.05)
2.9129 	EXP 	text: height = np.float64(0.05)
2.9129 	EXP 	text: text = 'Which one are you going to buy?'
2.9142 	EXP 	eyetracker.setRecordingState(False)
2.9366 	EXP 	text: height = np.float64(0.05)
2.9366 	EXP 	text: height = np.float64(0.05)
2.9366 	EXP 	text: height = np.float64(0.05)
2.9366 	EXP 	text: text = 'Which one are you going to buy?'
2.9379 	EXP 	eyetracker.setRecordingState(False)
2.9542 	EXP 	text: height = np.float64(0.05)
2.9542 	EXP 	text: height = np.float64(0.05)
2.9542 	EXP 	text: height = np.float64(0.05)
2.9542 	EXP 	text: text = 'Which one are you going to buy?'
2.9550 	EXP 	eyetracker.setRecordingState(False)
2.9670 	EXP 	text: height = np.float64(0.05)
2.9670 	EXP 	text: height = np.float64(0.05)
2.9670 	EXP 	text: height = np.float64(0.05)
2.9670 	EXP 	text: text = 'Which one are you going to buy?'
2.9691 	EXP 	eyetracker.setRecordingState(False)
2.9821 	EXP 	text: height = np.float64(0.05)
2.9821 	EXP 	text: height = np.float64(0.05)
2.9821 	EXP 	text: height = np.float64(0.05)
2.9821 	EXP 	text: text = 'Which one are you going to buy?'
2.9833 	EXP 	eyetracker.setRecordingState(False)
2.9910 	EXP 	text: height = np.float64(0.05)
2.9910 	EXP 	text: height = np.float64(0.05)
2.9910 	EXP 	text: height = np.float64(0.05)
2.9910 	EXP 	text: text = 'Which one are you going to buy?'
2.9921 	EXP 	eyetracker.setRecordingState(False)
3.0020 	EXP 	text: height = np.float64(0.05)
3.0020 	EXP 	text: height = np.float64(0.05)
3.0020 	EXP 	text: height = np.float64(0.05)
3.0020 	EXP 	text: text = 'Which one are you going to buy?'
3.0031 	EXP 	eyetracker.setRecordingState(False)
3.0106 	EXP 	text: height = np.float64(0.05)
3.0106 	EXP 	text: height = np.float64(0.05)
3.0106 	EXP 	text: height = np.float64(0.05)
3.0106 	EXP 	text: text = 'Which one are you going to buy?'
3.0112 	EXP 	eyetracker.setRecordingState(False)
3.0197 	EXP 	text: height = np.float64(0.05)
3.0197 	EXP 	text: height = np.float64(0.05)
3.0197 	EXP 	text: height = np.float64(0.05)
3.0197 	EXP 	text: text = 'Which one are you going to buy?'
3.0205 	EXP 	eyetracker.setRecordingState(False)
3.0280 	EXP 	text: height = np.float64(0.05)
3.0280 	EXP 	text: height = np.float64(0.05)
3.0280 	EXP 	text: height = np.float64(0.05)
3.0280 	EXP 	text: text = 'Which one are you going to buy?'
3.0292 	EXP 	eyetracker.setRecordingState(False)
3.0382 	EXP 	text: height = np.float64(0.05)
3.0382 	EXP 	text: height = np.float64(0.05)
3.0382 	EXP 	text: height = np.float64(0.05)
3.0382 	EXP 	text: text = 'Which one are you going to buy?'
3.0388 	EXP 	eyetracker.setRecordingState(False)
3.0470 	EXP 	text: height = np.float64(0.05)
3.0470 	EXP 	text: height = np.float64(0.05)
3.0470 	EXP 	text: height = np.float64(0.05)
3.0470 	EXP 	text: text = 'Which one are you going to buy?'
3.0478 	EXP 	eyetracker.setRecordingState(False)
3.0571 	EXP 	text: height = np.float64(0.05)
3.0571 	EXP 	text: height = np.float64(0.05)
3.0571 	EXP 	text: height = np.float64(0.05)
3.0571 	EXP 	text: text = 'Which one are you going to buy?'
3.0581 	EXP 	eyetracker.setRecordingState(False)
3.0670 	EXP 	text: height = np.float64(0.05)
3.0670 	EXP 	text: height = np.float64(0.05)
3.0670 	EXP 	text: height = np.float64(0.05)
3.0670 	EXP 	text: text = 'Which one are you going to buy?'
3.0677 	EXP 	eyetracker.setRecordingState(False)
3.0831 	EXP 	text: height = np.float64(0.05)
3.0831 	EXP 	text: height = np.float64(0.05)
3.0831 	EXP 	text: height = np.float64(0.05)
3.0831 	EXP 	text: text = 'Which one are you going to buy?'
3.0838 	EXP 	eyetracker.setRecordingState(False)
3.0931 	EXP 	text: height = np.float64(0.05)
3.0931 	EXP 	text: height = np.float64(0.05)
3.0931 	EXP 	text: height = np.float64(0.05)
3.0931 	EXP 	text: text = 'Which one are you going to buy?'
3.0942 	EXP 	eyetracker.setRecordingState(False)
3.1047 	EXP 	text: height = np.float64(0.05)
3.1047 	EXP 	text: height = np.float64(0.05)
3.1047 	EXP 	text: height = np.float64(0.05)
3.1047 	EXP 	text: text = 'Which one are you going to buy?'
3.1055 	EXP 	eyetracker.setRecordingState(False)
3.1206 	EXP 	text: height = np.float64(0.05)
3.1206 	EXP 	text: height = np.float64(0.05)
3.1206 	EXP 	text: height = np.float64(0.05)
3.1206 	EXP 	text: text = 'Which one are you going to buy?'
3.1215 	EXP 	eyetracker.setRecordingState(False)
3.1310 	EXP 	text: height = np.float64(0.05)
3.1310 	EXP 	text: height = np.float64(0.05)
3.1310 	EXP 	text: height = np.float64(0.05)
3.1310 	EXP 	text: text = 'Which one are you going to buy?'
3.1318 	EXP 	eyetracker.setRecordingState(False)
3.1491 	EXP 	text: height = np.float64(0.05)
3.1491 	EXP 	text: height = np.float64(0.05)
3.1491 	EXP 	text: height = np.float64(0.05)
3.1491 	EXP 	text: text = 'Which one are you going to buy?'
3.1501 	EXP 	eyetracker.setRecordingState(False)
3.1595 	EXP 	text: height = np.float64(0.05)
3.1595 	EXP 	text: height = np.float64(0.05)
3.1595 	EXP 	text: height = np.float64(0.05)
3.1595 	EXP 	text: text = 'Which one are you going to buy?'
3.1606 	EXP 	eyetracker.setRecordingState(False)
3.1684 	EXP 	text: height = np.float64(0.05)
3.1684 	EXP 	text: height = np.float64(0.05)
3.1684 	EXP 	text: height = np.float64(0.05)
3.1684 	EXP 	text: text = 'Which one are you going to buy?'
3.1691 	EXP 	eyetracker.setRecordingState(False)
3.1809 	EXP 	text: height = np.float64(0.05)
3.1809 	EXP 	text: height = np.float64(0.05)
3.1809 	EXP 	text: height = np.float64(0.05)
3.1809 	EXP 	text: text = 'Which one are you going to buy?'
3.1816 	EXP 	eyetracker.setRecordingState(False)
3.1891 	EXP 	text: height = np.float64(0.05)
3.1891 	EXP 	text: height = np.float64(0.05)
3.1891 	EXP 	text: height = np.float64(0.05)
3.1891 	EXP 	text: text = 'Which one are you going to buy?'
3.1897 	EXP 	eyetracker.setRecordingState(False)
3.1976 	EXP 	text: height = np.float64(0.05)
3.1976 	EXP 	text: height = np.float64(0.05)
3.1976 	EXP 	text: height = np.float64(0.05)
3.1976 	EXP 	text: text = 'Which one are you going to buy?'
3.1983 	EXP 	eyetracker.setRecordingState(False)
3.2077 	EXP 	text: height = np.float64(0.05)
3.2077 	EXP 	text: height = np.float64(0.05)
3.2077 	EXP 	text: height = np.float64(0.05)
3.2077 	EXP 	text: text = 'Which one are you going to buy?'
3.2086 	EXP 	eyetracker.setRecordingState(False)
3.2164 	EXP 	text: height = np.float64(0.05)
3.2164 	EXP 	text: height = np.float64(0.05)
3.2164 	EXP 	text: height = np.float64(0.05)
3.2164 	EXP 	text: text = 'Which one are you going to buy?'
3.2172 	EXP 	eyetracker.setRecordingState(False)
3.2265 	EXP 	text: height = np.float64(0.05)
3.2265 	EXP 	text: height = np.float64(0.05)
3.2265 	EXP 	text: height = np.float64(0.05)
3.2265 	EXP 	text: text = 'Which one are you going to buy?'
3.2273 	EXP 	eyetracker.setRecordingState(False)
3.2360 	EXP 	text: height = np.float64(0.05)
3.2360 	EXP 	text: height = np.float64(0.05)
3.2360 	EXP 	text: height = np.float64(0.05)
3.2360 	EXP 	text: text = 'Which one are you going to buy?'
3.2369 	EXP 	eyetracker.setRecordingState(False)
3.2446 	EXP 	text: height = np.float64(0.05)
3.2446 	EXP 	text: height = np.float64(0.05)
3.2446 	EXP 	text: height = np.float64(0.05)
3.2446 	EXP 	text: text = 'Which one are you going to buy?'
3.2452 	EXP 	eyetracker.setRecordingState(False)
3.2535 	EXP 	text: height = np.float64(0.05)
3.2535 	EXP 	text: height = np.float64(0.05)
3.2535 	EXP 	text: height = np.float64(0.05)
3.2535 	EXP 	text: text = 'Which one are you going to buy?'
3.2542 	EXP 	eyetracker.setRecordingState(False)
3.2618 	EXP 	text: height = np.float64(0.05)
3.2618 	EXP 	text: height = np.float64(0.05)
3.2618 	EXP 	text: height = np.float64(0.05)
3.2618 	EXP 	text: text = 'Which one are you going to buy?'
3.2626 	EXP 	eyetracker.setRecordingState(False)
3.2699 	EXP 	text: height = np.float64(0.05)
3.2699 	EXP 	text: height = np.float64(0.05)
3.2699 	EXP 	text: height = np.float64(0.05)
3.2699 	EXP 	text: text = 'Which one are you going to buy?'
3.2708 	EXP 	eyetracker.setRecordingState(False)
3.2785 	EXP 	text: height = np.float64(0.05)
3.2785 	EXP 	text: height = np.float64(0.05)
3.2785 	EXP 	text: height = np.float64(0.05)
3.2785 	EXP 	text: text = 'Which one are you going to buy?'
3.2795 	EXP 	eyetracker.setRecordingState(False)
3.2870 	EXP 	text: height = np.float64(0.05)
3.2870 	EXP 	text: height = np.float64(0.05)
3.2870 	EXP 	text: height = np.float64(0.05)
3.2870 	EXP 	text: text = 'Which one are you going to buy?'
3.2877 	EXP 	eyetracker.setRecordingState(False)
3.2947 	EXP 	text: height = np.float64(0.05)
3.2947 	EXP 	text: height = np.float64(0.05)
3.2947 	EXP 	text: height = np.float64(0.05)
3.2947 	EXP 	text: text = 'Which one are you going to buy?'
3.2952 	EXP 	eyetracker.setRecordingState(False)
3.3021 	EXP 	text: height = np.float64(0.05)
3.3021 	EXP 	text: height = np.float64(0.05)
3.3021 	EXP 	text: height = np.float64(0.05)
3.3021 	EXP 	text: text = 'Which one are you going to buy?'
3.3029 	EXP 	eyetracker.setRecordingState(False)
3.3103 	EXP 	text: height = np.float64(0.05)
3.3103 	EXP 	text: height = np.float64(0.05)
3.3103 	EXP 	text: height = np.float64(0.05)
3.3103 	EXP 	text: text = 'Which one are you going to buy?'
3.3114 	EXP 	eyetracker.setRecordingState(False)
3.3198 	EXP 	text: height = np.float64(0.05)
3.3198 	EXP 	text: height = np.float64(0.05)
3.3198 	EXP 	text: height = np.float64(0.05)
3.3198 	EXP 	text: text = 'Which one are you going to buy?'
3.3205 	EXP 	eyetracker.setRecordingState(False)
3.3278 	EXP 	text: height = np.float64(0.05)
3.3278 	EXP 	text: height = np.float64(0.05)
3.3278 	EXP 	text: height = np.float64(0.05)
3.3278 	EXP 	text: text = 'Which one are you going to buy?'
3.3284 	EXP 	eyetracker.setRecordingState(False)
3.3354 	EXP 	text: height = np.float64(0.05)
3.3354 	EXP 	text: height = np.float64(0.05)
3.3354 	EXP 	text: height = np.float64(0.05)
3.3354 	EXP 	text: text = 'Which one are you going to buy?'
3.3361 	EXP 	eyetracker.setRecordingState(False)
3.3429 	EXP 	text: height = np.float64(0.05)
3.3429 	EXP 	text: height = np.float64(0.05)
3.3429 	EXP 	text: height = np.float64(0.05)
3.3429 	EXP 	text: text = 'Which one are you going to buy?'
3.3435 	EXP 	eyetracker.setRecordingState(False)
3.3510 	EXP 	text: height = np.float64(0.05)
3.3510 	EXP 	text: height = np.float64(0.05)
3.3510 	EXP 	text: height = np.float64(0.05)
3.3510 	EXP 	text: text = 'Which one are you going to buy?'
3.3517 	EXP 	eyetracker.setRecordingState(False)
3.3591 	EXP 	text: height = np.float64(0.05)
3.3591 	EXP 	text: height = np.float64(0.05)
3.3591 	EXP 	text: height = np.float64(0.05)
3.3591 	EXP 	text: text = 'Which one are you going to buy?'
3.3602 	EXP 	eyetracker.setRecordingState(False)
3.3689 	EXP 	text: height = np.float64(0.05)
3.3689 	EXP 	text: height = np.float64(0.05)
3.3689 	EXP 	text: height = np.float64(0.05)
3.3689 	EXP 	text: text = 'Which one are you going to buy?'
3.3696 	EXP 	eyetracker.setRecordingState(False)
3.3794 	EXP 	text: height = np.float64(0.05)
3.3794 	EXP 	text: height = np.float64(0.05)
3.3794 	EXP 	text: height = np.float64(0.05)
3.3794 	EXP 	text: text = 'Which one are you going to buy?'
3.3805 	EXP 	eyetracker.setRecordingState(False)
3.3907 	EXP 	text: height = np.float64(0.05)
3.3907 	EXP 	text: height = np.float64(0.05)
3.3907 	EXP 	text: height = np.float64(0.05)
3.3907 	EXP 	text: text = 'Which one are you going to buy?'
3.3916 	EXP 	eyetracker.setRecordingState(False)
3.4005 	EXP 	text: height = np.float64(0.05)
3.4005 	EXP 	text: height = np.float64(0.05)
3.4005 	EXP 	text: height = np.float64(0.05)
3.4005 	EXP 	text: text = 'Which one are you going to buy?'
3.4016 	EXP 	eyetracker.setRecordingState(False)
3.4120 	EXP 	text: height = np.float64(0.05)
3.4120 	EXP 	text: height = np.float64(0.05)
3.4120 	EXP 	text: height = np.float64(0.05)
3.4120 	EXP 	text: text = 'Which one are you going to buy?'
3.4130 	EXP 	eyetracker.setRecordingState(False)
3.4245 	EXP 	text: height = np.float64(0.05)
3.4245 	EXP 	text: height = np.float64(0.05)
3.4245 	EXP 	text: height = np.float64(0.05)
3.4245 	EXP 	text: text = 'Which one are you going to buy?'
3.4252 	EXP 	eyetracker.setRecordingState(False)
3.4354 	EXP 	text: height = np.float64(0.05)
3.4354 	EXP 	text: height = np.float64(0.05)
3.4354 	EXP 	text: height = np.float64(0.05)
3.4354 	EXP 	text: text = 'Which one are you going to buy?'
3.4361 	EXP 	eyetracker.setRecordingState(False)
3.4435 	EXP 	text: height = np.float64(0.05)
3.4435 	EXP 	text: height = np.float64(0.05)
3.4435 	EXP 	text: height = np.float64(0.05)
3.4435 	EXP 	text: text = 'Which one are you going to buy?'
3.4443 	EXP 	eyetracker.setRecordingState(False)
3.4511 	EXP 	text: height = np.float64(0.05)
3.4511 	EXP 	text: height = np.float64(0.05)
3.4511 	EXP 	text: height = np.float64(0.05)
3.4511 	EXP 	text: text = 'Which one are you going to buy?'
3.4518 	EXP 	eyetracker.setRecordingState(False)
3.4595 	EXP 	text: height = np.float64(0.05)
3.4595 	EXP 	text: height = np.float64(0.05)
3.4595 	EXP 	text: height = np.float64(0.05)
3.4595 	EXP 	text: text = 'Which one are you going to buy?'
3.4602 	EXP 	eyetracker.setRecordingState(False)
3.4676 	EXP 	text: height = np.float64(0.05)
3.4676 	EXP 	text: height = np.float64(0.05)
3.4676 	EXP 	text: height = np.float64(0.05)
3.4676 	EXP 	text: text = 'Which one are you going to buy?'
3.4682 	EXP 	eyetracker.setRecordingState(False)
3.4762 	EXP 	text: height = np.float64(0.05)
3.4762 	EXP 	text: height = np.float64(0.05)
3.4762 	EXP 	text: height = np.float64(0.05)
3.4762 	EXP 	text: text = 'Which one are you going to buy?'
3.4769 	EXP 	eyetracker.setRecordingState(False)
3.4857 	EXP 	text: height = np.float64(0.05)
3.4857 	EXP 	text: height = np.float64(0.05)
3.4857 	EXP 	text: height = np.float64(0.05)
3.4857 	EXP 	text: text = 'Which one are you going to buy?'
3.4866 	EXP 	eyetracker.setRecordingState(False)
3.4945 	EXP 	text: height = np.float64(0.05)
3.4945 	EXP 	text: height = np.float64(0.05)
3.4945 	EXP 	text: height = np.float64(0.05)
3.4945 	EXP 	text: text = 'Which one are you going to buy?'
3.4953 	EXP 	eyetracker.setRecordingState(False)
3.5027 	EXP 	text: height = np.float64(0.05)
3.5027 	EXP 	text: height = np.float64(0.05)
3.5027 	EXP 	text: height = np.float64(0.05)
3.5027 	EXP 	text: text = 'Which one are you going to buy?'
3.5033 	EXP 	eyetracker.setRecordingState(False)
3.5108 	EXP 	text: height = np.float64(0.05)
3.5108 	EXP 	text: height = np.float64(0.05)
3.5108 	EXP 	text: height = np.float64(0.05)
3.5108 	EXP 	text: text = 'Which one are you going to buy?'
3.5115 	EXP 	eyetracker.setRecordingState(False)
3.5194 	EXP 	text: height = np.float64(0.05)
3.5194 	EXP 	text: height = np.float64(0.05)
3.5194 	EXP 	text: height = np.float64(0.05)
3.5194 	EXP 	text: text = 'Which one are you going to buy?'
3.5201 	EXP 	eyetracker.setRecordingState(False)
3.5275 	EXP 	text: height = np.float64(0.05)
3.5275 	EXP 	text: height = np.float64(0.05)
3.5275 	EXP 	text: height = np.float64(0.05)
3.5275 	EXP 	text: text = 'Which one are you going to buy?'
3.5288 	EXP 	eyetracker.setRecordingState(False)
3.5373 	EXP 	text: height = np.float64(0.05)
3.5373 	EXP 	text: height = np.float64(0.05)
3.5373 	EXP 	text: height = np.float64(0.05)
3.5373 	EXP 	text: text = 'Which one are you going to buy?'
3.5381 	EXP 	eyetracker.setRecordingState(False)
3.5452 	EXP 	text: height = np.float64(0.05)
3.5452 	EXP 	text: height = np.float64(0.05)
3.5452 	EXP 	text: height = np.float64(0.05)
3.5452 	EXP 	text: text = 'Which one are you going to buy?'
3.5460 	EXP 	eyetracker.setRecordingState(False)
3.5538 	EXP 	text: height = np.float64(0.05)
3.5538 	EXP 	text: height = np.float64(0.05)
3.5538 	EXP 	text: height = np.float64(0.05)
3.5538 	EXP 	text: text = 'Which one are you going to buy?'
3.5546 	EXP 	eyetracker.setRecordingState(False)
3.5615 	EXP 	text: height = np.float64(0.05)
3.5615 	EXP 	text: height = np.float64(0.05)
3.5615 	EXP 	text: height = np.float64(0.05)
3.5615 	EXP 	text: text = 'Which one are you going to buy?'
3.5623 	EXP 	eyetracker.setRecordingState(False)
3.5703 	EXP 	text: height = np.float64(0.05)
3.5703 	EXP 	text: height = np.float64(0.05)
3.5703 	EXP 	text: height = np.float64(0.05)
3.5703 	EXP 	text: text = 'Which one are you going to buy?'
3.5711 	EXP 	eyetracker.setRecordingState(False)
3.5834 	EXP 	text: height = np.float64(0.05)
3.5834 	EXP 	text: height = np.float64(0.05)
3.5834 	EXP 	text: height = np.float64(0.05)
3.5834 	EXP 	text: text = 'Which one are you going to buy?'
3.5849 	EXP 	eyetracker.setRecordingState(False)
3.5981 	EXP 	text: height = np.float64(0.05)
3.5981 	EXP 	text: height = np.float64(0.05)
3.5981 	EXP 	text: height = np.float64(0.05)
3.5981 	EXP 	text: text = 'Which one are you going to buy?'
3.5988 	EXP 	eyetracker.setRecordingState(False)
3.6063 	EXP 	text: height = np.float64(0.05)
3.6063 	EXP 	text: height = np.float64(0.05)
3.6063 	EXP 	text: height = np.float64(0.05)
3.6063 	EXP 	text: text = 'Which one are you going to buy?'
3.6072 	EXP 	eyetracker.setRecordingState(False)
3.6164 	EXP 	text: height = np.float64(0.05)
3.6164 	EXP 	text: height = np.float64(0.05)
3.6164 	EXP 	text: height = np.float64(0.05)
3.6164 	EXP 	text: text = 'Which one are you going to buy?'
3.6173 	EXP 	eyetracker.setRecordingState(False)
3.6247 	EXP 	text: height = np.float64(0.05)
3.6247 	EXP 	text: height = np.float64(0.05)
3.6247 	EXP 	text: height = np.float64(0.05)
3.6247 	EXP 	text: text = 'Which one are you going to buy?'
3.6257 	EXP 	eyetracker.setRecordingState(False)
3.6338 	EXP 	text: height = np.float64(0.05)
3.6338 	EXP 	text: height = np.float64(0.05)
3.6338 	EXP 	text: height = np.float64(0.05)
3.6338 	EXP 	text: text = 'Which one are you going to buy?'
3.6345 	EXP 	eyetracker.setRecordingState(False)
3.6417 	EXP 	text: height = np.float64(0.05)
3.6417 	EXP 	text: height = np.float64(0.05)
3.6417 	EXP 	text: height = np.float64(0.05)
3.6417 	EXP 	text: text = 'Which one are you going to buy?'
3.6425 	EXP 	eyetracker.setRecordingState(False)
3.6498 	EXP 	text: height = np.float64(0.05)
3.6498 	EXP 	text: height = np.float64(0.05)
3.6498 	EXP 	text: height = np.float64(0.05)
3.6498 	EXP 	text: text = 'Which one are you going to buy?'
3.6505 	EXP 	eyetracker.setRecordingState(False)
3.6580 	EXP 	text: height = np.float64(0.05)
3.6580 	EXP 	text: height = np.float64(0.05)
3.6580 	EXP 	text: height = np.float64(0.05)
3.6580 	EXP 	text: text = 'Which one are you going to buy?'
3.6588 	EXP 	eyetracker.setRecordingState(False)
3.6654 	EXP 	text: height = np.float64(0.05)
3.6654 	EXP 	text: height = np.float64(0.05)
3.6654 	EXP 	text: height = np.float64(0.05)
3.6654 	EXP 	text: text = 'Which one are you going to buy?'
3.6660 	EXP 	eyetracker.setRecordingState(False)
3.6732 	EXP 	text: height = np.float64(0.05)
3.6732 	EXP 	text: height = np.float64(0.05)
3.6732 	EXP 	text: height = np.float64(0.05)
3.6732 	EXP 	text: text = 'Which one are you going to buy?'
3.6740 	EXP 	eyetracker.setRecordingState(False)
3.6809 	EXP 	text: height = np.float64(0.05)
3.6809 	EXP 	text: height = np.float64(0.05)
3.6809 	EXP 	text: height = np.float64(0.05)
3.6809 	EXP 	text: text = 'Which one are you going to buy?'
3.6816 	EXP 	eyetracker.setRecordingState(False)
3.6889 	EXP 	text: height = np.float64(0.05)
3.6889 	EXP 	text: height = np.float64(0.05)
3.6889 	EXP 	text: height = np.float64(0.05)
3.6889 	EXP 	text: text = 'Which one are you going to buy?'
3.6895 	EXP 	eyetracker.setRecordingState(False)
3.6965 	EXP 	text: height = np.float64(0.05)
3.6965 	EXP 	text: height = np.float64(0.05)
3.6965 	EXP 	text: height = np.float64(0.05)
3.6965 	EXP 	text: text = 'Which one are you going to buy?'
3.6971 	EXP 	eyetracker.setRecordingState(False)
3.7045 	EXP 	text: height = np.float64(0.05)
3.7045 	EXP 	text: height = np.float64(0.05)
3.7045 	EXP 	text: height = np.float64(0.05)
3.7045 	EXP 	text: text = 'Which one are you going to buy?'
3.7054 	EXP 	eyetracker.setRecordingState(False)
3.7131 	EXP 	text: height = np.float64(0.05)
3.7131 	EXP 	text: height = np.float64(0.05)
3.7131 	EXP 	text: height = np.float64(0.05)
3.7131 	EXP 	text: text = 'Which one are you going to buy?'
3.7144 	EXP 	eyetracker.setRecordingState(False)
3.7230 	EXP 	text: height = np.float64(0.05)
3.7230 	EXP 	text: height = np.float64(0.05)
3.7230 	EXP 	text: height = np.float64(0.05)
3.7230 	EXP 	text: text = 'Which one are you going to buy?'
3.7239 	EXP 	eyetracker.setRecordingState(False)
3.7319 	EXP 	text: height = np.float64(0.05)
3.7319 	EXP 	text: height = np.float64(0.05)
3.7319 	EXP 	text: height = np.float64(0.05)
3.7319 	EXP 	text: text = 'Which one are you going to buy?'
3.7329 	EXP 	eyetracker.setRecordingState(False)
3.7416 	EXP 	text: height = np.float64(0.05)
3.7416 	EXP 	text: height = np.float64(0.05)
3.7416 	EXP 	text: height = np.float64(0.05)
3.7416 	EXP 	text: text = 'Which one are you going to buy?'
3.7425 	EXP 	eyetracker.setRecordingState(False)
3.7517 	EXP 	text: height = np.float64(0.05)
3.7517 	EXP 	text: height = np.float64(0.05)
3.7517 	EXP 	text: height = np.float64(0.05)
3.7517 	EXP 	text: text = 'Which one are you going to buy?'
3.7546 	EXP 	eyetracker.setRecordingState(False)
3.7738 	EXP 	text: height = np.float64(0.05)
3.7738 	EXP 	text: height = np.float64(0.05)
3.7738 	EXP 	text: height = np.float64(0.05)
3.7738 	EXP 	text: text = 'Which one are you going to buy?'
3.7750 	EXP 	eyetracker.setRecordingState(False)
3.7859 	EXP 	text: height = np.float64(0.05)
3.7859 	EXP 	text: height = np.float64(0.05)
3.7859 	EXP 	text: height = np.float64(0.05)
3.7859 	EXP 	text: text = 'Which one are you going to buy?'
3.7867 	EXP 	eyetracker.setRecordingState(False)
3.7939 	EXP 	text: height = np.float64(0.05)
3.7939 	EXP 	text: height = np.float64(0.05)
3.7939 	EXP 	text: height = np.float64(0.05)
3.7939 	EXP 	text: text = 'Which one are you going to buy?'
3.7947 	EXP 	eyetracker.setRecordingState(False)
3.8029 	EXP 	text: height = np.float64(0.05)
3.8029 	EXP 	text: height = np.float64(0.05)
3.8029 	EXP 	text: height = np.float64(0.05)
3.8029 	EXP 	text: text = 'Which one are you going to buy?'
3.8043 	EXP 	eyetracker.setRecordingState(False)
3.8186 	EXP 	text: height = np.float64(0.05)
3.8186 	EXP 	text: height = np.float64(0.05)
3.8186 	EXP 	text: height = np.float64(0.05)
3.8186 	EXP 	text: text = 'Which one are you going to buy?'
3.8207 	EXP 	eyetracker.setRecordingState(False)
3.8366 	EXP 	text: height = np.float64(0.05)
3.8366 	EXP 	text: height = np.float64(0.05)
3.8366 	EXP 	text: height = np.float64(0.05)
3.8366 	EXP 	text: text = 'Which one are you going to buy?'
3.8384 	EXP 	eyetracker.setRecordingState(False)
3.8607 	EXP 	text: height = np.float64(0.05)
3.8607 	EXP 	text: height = np.float64(0.05)
3.8607 	EXP 	text: height = np.float64(0.05)
3.8607 	EXP 	text: text = 'Which one are you going to buy?'
3.8625 	EXP 	eyetracker.setRecordingState(False)
3.8733 	EXP 	text: height = np.float64(0.05)
3.8733 	EXP 	text: height = np.float64(0.05)
3.8733 	EXP 	text: height = np.float64(0.05)
3.8733 	EXP 	text: text = 'Which one are you going to buy?'
3.8757 	EXP 	eyetracker.setRecordingState(False)
3.9002 	EXP 	text: height = np.float64(0.05)
3.9002 	EXP 	text: height = np.float64(0.05)
3.9002 	EXP 	text: height = np.float64(0.05)
3.9002 	EXP 	text: text = 'Which one are you going to buy?'
3.9020 	EXP 	eyetracker.setRecordingState(False)
3.9289 	EXP 	text: height = np.float64(0.05)
3.9289 	EXP 	text: height = np.float64(0.05)
3.9289 	EXP 	text: height = np.float64(0.05)
3.9289 	EXP 	text: text = 'Which one are you going to buy?'
3.9340 	EXP 	eyetracker.setRecordingState(False)
3.9613 	EXP 	text: height = np.float64(0.05)
3.9613 	EXP 	text: height = np.float64(0.05)
3.9613 	EXP 	text: height = np.float64(0.05)
3.9613 	EXP 	text: text = 'Which one are you going to buy?'
3.9641 	EXP 	eyetracker.setRecordingState(False)
3.9859 	EXP 	text: height = np.float64(0.05)
3.9859 	EXP 	text: height = np.float64(0.05)
3.9859 	EXP 	text: height = np.float64(0.05)
3.9859 	EXP 	text: text = 'Which one are you going to buy?'
3.9889 	EXP 	eyetracker.setRecordingState(False)
4.0005 	EXP 	text: height = np.float64(0.05)
4.0005 	EXP 	text: height = np.float64(0.05)
4.0005 	EXP 	text: height = np.float64(0.05)
4.0005 	EXP 	text: text = 'Which one are you going to buy?'
4.0015 	EXP 	eyetracker.setRecordingState(False)
4.0095 	EXP 	text: height = np.float64(0.05)
4.0095 	EXP 	text: height = np.float64(0.05)
4.0095 	EXP 	text: height = np.float64(0.05)
4.0095 	EXP 	text: text = 'Which one are you going to buy?'
4.0103 	EXP 	eyetracker.setRecordingState(False)
4.0178 	EXP 	text: height = np.float64(0.05)
4.0178 	EXP 	text: height = np.float64(0.05)
4.0178 	EXP 	text: height = np.float64(0.05)
4.0178 	EXP 	text: text = 'Which one are you going to buy?'
4.0188 	EXP 	eyetracker.setRecordingState(False)
4.0280 	EXP 	text: height = np.float64(0.05)
4.0280 	EXP 	text: height = np.float64(0.05)
4.0280 	EXP 	text: height = np.float64(0.05)
4.0280 	EXP 	text: text = 'Which one are you going to buy?'
4.0293 	EXP 	eyetracker.setRecordingState(False)
4.0366 	EXP 	text: height = np.float64(0.05)
4.0366 	EXP 	text: height = np.float64(0.05)
4.0366 	EXP 	text: height = np.float64(0.05)
4.0366 	EXP 	text: text = 'Which one are you going to buy?'
4.0378 	EXP 	eyetracker.setRecordingState(False)
4.0498 	EXP 	text: height = np.float64(0.05)
4.0498 	EXP 	text: height = np.float64(0.05)
4.0498 	EXP 	text: height = np.float64(0.05)
4.0498 	EXP 	text: text = 'Which one are you going to buy?'
4.0510 	EXP 	eyetracker.setRecordingState(False)
4.0590 	EXP 	text: height = np.float64(0.05)
4.0590 	EXP 	text: height = np.float64(0.05)
4.0590 	EXP 	text: height = np.float64(0.05)
4.0590 	EXP 	text: text = 'Which one are you going to buy?'
4.0603 	EXP 	eyetracker.setRecordingState(False)
4.0693 	EXP 	text: height = np.float64(0.05)
4.0693 	EXP 	text: height = np.float64(0.05)
4.0693 	EXP 	text: height = np.float64(0.05)
4.0693 	EXP 	text: text = 'Which one are you going to buy?'
4.0707 	EXP 	eyetracker.setRecordingState(False)
4.0811 	EXP 	text: height = np.float64(0.05)
4.0811 	EXP 	text: height = np.float64(0.05)
4.0811 	EXP 	text: height = np.float64(0.05)
4.0811 	EXP 	text: text = 'Which one are you going to buy?'
4.0843 	EXP 	eyetracker.setRecordingState(False)
4.0970 	EXP 	text: height = np.float64(0.05)
4.0970 	EXP 	text: height = np.float64(0.05)
4.0970 	EXP 	text: height = np.float64(0.05)
4.0970 	EXP 	text: text = 'Which one are you going to buy?'
4.0990 	EXP 	eyetracker.setRecordingState(False)
4.1093 	EXP 	text: height = np.float64(0.05)
4.1093 	EXP 	text: height = np.float64(0.05)
4.1093 	EXP 	text: height = np.float64(0.05)
4.1093 	EXP 	text: text = 'Which one are you going to buy?'
4.1104 	EXP 	eyetracker.setRecordingState(False)
4.1266 	EXP 	text: height = np.float64(0.05)
4.1266 	EXP 	text: height = np.float64(0.05)
4.1266 	EXP 	text: height = np.float64(0.05)
4.1266 	EXP 	text: text = 'Which one are you going to buy?'
4.1296 	EXP 	eyetracker.setRecordingState(False)
4.1423 	EXP 	text: height = np.float64(0.05)
4.1423 	EXP 	text: height = np.float64(0.05)
4.1423 	EXP 	text: height = np.float64(0.05)
4.1423 	EXP 	text: text = 'Which one are you going to buy?'
4.1435 	EXP 	eyetracker.setRecordingState(False)
4.1641 	EXP 	text: height = np.float64(0.05)
4.1641 	EXP 	text: height = np.float64(0.05)
4.1641 	EXP 	text: height = np.float64(0.05)
4.1641 	EXP 	text: text = 'Which one are you going to buy?'
4.1652 	EXP 	eyetracker.setRecordingState(False)
4.1772 	EXP 	text: height = np.float64(0.05)
4.1772 	EXP 	text: height = np.float64(0.05)
4.1772 	EXP 	text: height = np.float64(0.05)
4.1772 	EXP 	text: text = 'Which one are you going to buy?'
4.1781 	EXP 	eyetracker.setRecordingState(False)
4.1863 	EXP 	text: height = np.float64(0.05)
4.1863 	EXP 	text: height = np.float64(0.05)
4.1863 	EXP 	text: height = np.float64(0.05)
4.1863 	EXP 	text: text = 'Which one are you going to buy?'
4.1873 	EXP 	eyetracker.setRecordingState(False)
4.1953 	EXP 	text: height = np.float64(0.05)
4.1953 	EXP 	text: height = np.float64(0.05)
4.1953 	EXP 	text: height = np.float64(0.05)
4.1953 	EXP 	text: text = 'Which one are you going to buy?'
4.1962 	EXP 	eyetracker.setRecordingState(False)
4.2092 	EXP 	text: height = np.float64(0.05)
4.2092 	EXP 	text: height = np.float64(0.05)
4.2092 	EXP 	text: height = np.float64(0.05)
4.2092 	EXP 	text: text = 'Which one are you going to buy?'
4.2105 	EXP 	eyetracker.setRecordingState(False)
4.2216 	EXP 	text: height = np.float64(0.05)
4.2216 	EXP 	text: height = np.float64(0.05)
4.2216 	EXP 	text: height = np.float64(0.05)
4.2216 	EXP 	text: text = 'Which one are you going to buy?'
4.2225 	EXP 	eyetracker.setRecordingState(False)
4.2344 	EXP 	text: height = np.float64(0.05)
4.2344 	EXP 	text: height = np.float64(0.05)
4.2344 	EXP 	text: height = np.float64(0.05)
4.2344 	EXP 	text: text = 'Which one are you going to buy?'
4.2358 	EXP 	eyetracker.setRecordingState(False)
4.2645 	EXP 	text: height = np.float64(0.05)
4.2645 	EXP 	text: height = np.float64(0.05)
4.2645 	EXP 	text: height = np.float64(0.05)
4.2645 	EXP 	text: text = 'Which one are you going to buy?'
4.2674 	EXP 	eyetracker.setRecordingState(False)
4.2949 	EXP 	text: height = np.float64(0.05)
4.2949 	EXP 	text: height = np.float64(0.05)
4.2949 	EXP 	text: height = np.float64(0.05)
4.2949 	EXP 	text: text = 'Which one are you going to buy?'
4.2978 	EXP 	eyetracker.setRecordingState(False)
4.3207 	EXP 	text: height = np.float64(0.05)
4.3207 	EXP 	text: height = np.float64(0.05)
4.3207 	EXP 	text: height = np.float64(0.05)
4.3207 	EXP 	text: text = 'Which one are you going to buy?'
4.3217 	EXP 	eyetracker.setRecordingState(False)
4.3476 	EXP 	text: height = np.float64(0.05)
4.3476 	EXP 	text: height = np.float64(0.05)
4.3476 	EXP 	text: height = np.float64(0.05)
4.3476 	EXP 	text: text = 'Which one are you going to buy?'
4.3497 	EXP 	eyetracker.setRecordingState(False)
4.3690 	EXP 	text: height = np.float64(0.05)
4.3690 	EXP 	text: height = np.float64(0.05)
4.3690 	EXP 	text: height = np.float64(0.05)
4.3690 	EXP 	text: text = 'Which one are you going to buy?'
4.3698 	EXP 	eyetracker.setRecordingState(False)
4.3822 	EXP 	text: height = np.float64(0.05)
4.3822 	EXP 	text: height = np.float64(0.05)
4.3822 	EXP 	text: height = np.float64(0.05)
4.3822 	EXP 	text: text = 'Which one are you going to buy?'
4.3835 	EXP 	eyetracker.setRecordingState(False)
4.3944 	EXP 	text: height = np.float64(0.05)
4.3944 	EXP 	text: height = np.float64(0.05)
4.3944 	EXP 	text: height = np.float64(0.05)
4.3944 	EXP 	text: text = 'Which one are you going to buy?'
4.3955 	EXP 	eyetracker.setRecordingState(False)
4.4044 	EXP 	text: height = np.float64(0.05)
4.4044 	EXP 	text: height = np.float64(0.05)
4.4044 	EXP 	text: height = np.float64(0.05)
4.4044 	EXP 	text: text = 'Which one are you going to buy?'
4.4051 	EXP 	eyetracker.setRecordingState(False)
4.4132 	EXP 	text: height = np.float64(0.05)
4.4132 	EXP 	text: height = np.float64(0.05)
4.4132 	EXP 	text: height = np.float64(0.05)
4.4132 	EXP 	text: text = 'Which one are you going to buy?'
4.4138 	EXP 	eyetracker.setRecordingState(False)
4.4418 	EXP 	text: height = np.float64(0.05)
4.4418 	EXP 	text: height = np.float64(0.05)
4.4418 	EXP 	text: height = np.float64(0.05)
4.4418 	EXP 	text: text = 'Which one are you going to buy?'
4.4427 	EXP 	eyetracker.setRecordingState(False)
4.4630 	EXP 	text: height = np.float64(0.05)
4.4630 	EXP 	text: height = np.float64(0.05)
4.4630 	EXP 	text: height = np.float64(0.05)
4.4630 	EXP 	text: text = 'Which one are you going to buy?'
4.4649 	EXP 	eyetracker.setRecordingState(False)
4.4886 	EXP 	text: height = np.float64(0.05)
4.4886 	EXP 	text: height = np.float64(0.05)
4.4886 	EXP 	text: height = np.float64(0.05)
4.4886 	EXP 	text: text = 'Which one are you going to buy?'
4.4913 	EXP 	eyetracker.setRecordingState(False)
4.5118 	EXP 	text: height = np.float64(0.05)
4.5118 	EXP 	text: height = np.float64(0.05)
4.5118 	EXP 	text: height = np.float64(0.05)
4.5118 	EXP 	text: text = 'Which one are you going to buy?'
4.5130 	EXP 	eyetracker.setRecordingState(False)
4.5386 	EXP 	text: height = np.float64(0.05)
4.5386 	EXP 	text: height = np.float64(0.05)
4.5386 	EXP 	text: height = np.float64(0.05)
4.5386 	EXP 	text: text = 'Which one are you going to buy?'
4.5393 	EXP 	eyetracker.setRecordingState(False)
4.5622 	EXP 	text: height = np.float64(0.05)
4.5622 	EXP 	text: height = np.float64(0.05)
4.5622 	EXP 	text: height = np.float64(0.05)
4.5622 	EXP 	text: text = 'Which one are you going to buy?'
4.5650 	EXP 	eyetracker.setRecordingState(False)
4.5898 	EXP 	text: height = np.float64(0.05)
4.5898 	EXP 	text: height = np.float64(0.05)
4.5898 	EXP 	text: height = np.float64(0.05)
4.5898 	EXP 	text: text = 'Which one are you going to buy?'
4.5913 	EXP 	eyetracker.setRecordingState(False)
4.6145 	EXP 	text: height = np.float64(0.05)
4.6145 	EXP 	text: height = np.float64(0.05)
4.6145 	EXP 	text: height = np.float64(0.05)
4.6145 	EXP 	text: text = 'Which one are you going to buy?'
4.6154 	EXP 	eyetracker.setRecordingState(False)
4.6260 	EXP 	text: height = np.float64(0.05)
4.6260 	EXP 	text: height = np.float64(0.05)
4.6260 	EXP 	text: height = np.float64(0.05)
4.6260 	EXP 	text: text = 'Which one are you going to buy?'
4.6273 	EXP 	eyetracker.setRecordingState(False)
4.6390 	EXP 	text: height = np.float64(0.05)
4.6390 	EXP 	text: height = np.float64(0.05)
4.6390 	EXP 	text: height = np.float64(0.05)
4.6390 	EXP 	text: text = 'Which one are you going to buy?'
4.6421 	EXP 	eyetracker.setRecordingState(False)
4.6699 	EXP 	text: height = np.float64(0.05)
4.6699 	EXP 	text: height = np.float64(0.05)
4.6699 	EXP 	text: height = np.float64(0.05)
4.6699 	EXP 	text: text = 'Which one are you going to buy?'
4.6739 	EXP 	eyetracker.setRecordingState(False)
4.7042 	EXP 	text: height = np.float64(0.05)
4.7042 	EXP 	text: height = np.float64(0.05)
4.7042 	EXP 	text: height = np.float64(0.05)
4.7042 	EXP 	text: text = 'Which one are you going to buy?'
4.7067 	EXP 	eyetracker.setRecordingState(False)
4.7330 	EXP 	text: height = np.float64(0.05)
4.7330 	EXP 	text: height = np.float64(0.05)
4.7330 	EXP 	text: height = np.float64(0.05)
4.7330 	EXP 	text: text = 'Which one are you going to buy?'
4.7352 	EXP 	eyetracker.setRecordingState(False)
4.7654 	EXP 	text: height = np.float64(0.05)
4.7654 	EXP 	text: height = np.float64(0.05)
4.7654 	EXP 	text: height = np.float64(0.05)
4.7654 	EXP 	text: text = 'Which one are you going to buy?'
4.7690 	EXP 	eyetracker.setRecordingState(False)
4.7879 	EXP 	text: height = np.float64(0.05)
4.7879 	EXP 	text: height = np.float64(0.05)
4.7879 	EXP 	text: height = np.float64(0.05)
4.7879 	EXP 	text: text = 'Which one are you going to buy?'
4.7896 	EXP 	eyetracker.setRecordingState(False)
4.8048 	EXP 	text: height = np.float64(0.05)
4.8048 	EXP 	text: height = np.float64(0.05)
4.8048 	EXP 	text: height = np.float64(0.05)
4.8048 	EXP 	text: text = 'Which one are you going to buy?'
4.8062 	EXP 	eyetracker.setRecordingState(False)
4.8235 	EXP 	text: height = np.float64(0.05)
4.8235 	EXP 	text: height = np.float64(0.05)
4.8235 	EXP 	text: height = np.float64(0.05)
4.8235 	EXP 	text: text = 'Which one are you going to buy?'
4.8252 	EXP 	eyetracker.setRecordingState(False)
4.8591 	EXP 	text: height = np.float64(0.05)
4.8591 	EXP 	text: height = np.float64(0.05)
4.8591 	EXP 	text: height = np.float64(0.05)
4.8591 	EXP 	text: text = 'Which one are you going to buy?'
4.8619 	EXP 	eyetracker.setRecordingState(False)
4.8969 	EXP 	text: height = np.float64(0.05)
4.8969 	EXP 	text: height = np.float64(0.05)
4.8969 	EXP 	text: height = np.float64(0.05)
4.8969 	EXP 	text: text = 'Which one are you going to buy?'
4.8987 	EXP 	eyetracker.setRecordingState(False)
4.9218 	EXP 	text: height = np.float64(0.05)
4.9218 	EXP 	text: height = np.float64(0.05)
4.9218 	EXP 	text: height = np.float64(0.05)
4.9218 	EXP 	text: text = 'Which one are you going to buy?'
4.9246 	EXP 	eyetracker.setRecordingState(False)
4.9373 	EXP 	text: height = np.float64(0.05)
4.9373 	EXP 	text: height = np.float64(0.05)
4.9373 	EXP 	text: height = np.float64(0.05)
4.9373 	EXP 	text: text = 'Which one are you going to buy?'
4.9395 	EXP 	eyetracker.setRecordingState(False)
4.9616 	EXP 	text: height = np.float64(0.05)
4.9616 	EXP 	text: height = np.float64(0.05)
4.9616 	EXP 	text: height = np.float64(0.05)
4.9616 	EXP 	text: text = 'Which one are you going to buy?'
4.9627 	EXP 	eyetracker.setRecordingState(False)
4.9860 	EXP 	text: height = np.float64(0.05)
4.9860 	EXP 	text: height = np.float64(0.05)
4.9860 	EXP 	text: height = np.float64(0.05)
4.9860 	EXP 	text: text = 'Which one are you going to buy?'
4.9888 	EXP 	eyetracker.setRecordingState(False)
5.0166 	EXP 	text: height = np.float64(0.05)
5.0166 	EXP 	text: height = np.float64(0.05)
5.0166 	EXP 	text: height = np.float64(0.05)
5.0166 	EXP 	text: text = 'Which one are you going to buy?'
5.0198 	EXP 	eyetracker.setRecordingState(False)
5.0469 	EXP 	text: height = np.float64(0.05)
5.0469 	EXP 	text: height = np.float64(0.05)
5.0469 	EXP 	text: height = np.float64(0.05)
5.0469 	EXP 	text: text = 'Which one are you going to buy?'
5.0504 	EXP 	eyetracker.setRecordingState(False)
5.0773 	EXP 	text: height = np.float64(0.05)
5.0773 	EXP 	text: height = np.float64(0.05)
5.0773 	EXP 	text: height = np.float64(0.05)
5.0773 	EXP 	text: text = 'Which one are you going to buy?'
5.0797 	EXP 	eyetracker.setRecordingState(False)
5.1101 	EXP 	text: height = np.float64(0.05)
5.1101 	EXP 	text: height = np.float64(0.05)
5.1101 	EXP 	text: height = np.float64(0.05)
5.1101 	EXP 	text: text = 'Which one are you going to buy?'
5.1130 	EXP 	eyetracker.setRecordingState(False)
5.1409 	EXP 	text: height = np.float64(0.05)
5.1409 	EXP 	text: height = np.float64(0.05)
5.1409 	EXP 	text: height = np.float64(0.05)
5.1409 	EXP 	text: text = 'Which one are you going to buy?'
5.1435 	EXP 	eyetracker.setRecordingState(False)
5.1725 	EXP 	text: height = np.float64(0.05)
5.1725 	EXP 	text: height = np.float64(0.05)
5.1725 	EXP 	text: height = np.float64(0.05)
5.1725 	EXP 	text: text = 'Which one are you going to buy?'
5.1755 	EXP 	eyetracker.setRecordingState(False)
5.2067 	EXP 	text: height = np.float64(0.05)
5.2067 	EXP 	text: height = np.float64(0.05)
5.2067 	EXP 	text: height = np.float64(0.05)
5.2067 	EXP 	text: text = 'Which one are you going to buy?'
5.2087 	EXP 	eyetracker.setRecordingState(False)
5.2388 	EXP 	text: height = np.float64(0.05)
5.2388 	EXP 	text: height = np.float64(0.05)
5.2388 	EXP 	text: height = np.float64(0.05)
5.2388 	EXP 	text: text = 'Which one are you going to buy?'
5.2416 	EXP 	eyetracker.setRecordingState(False)
5.2695 	EXP 	text: height = np.float64(0.05)
5.2695 	EXP 	text: height = np.float64(0.05)
5.2695 	EXP 	text: height = np.float64(0.05)
5.2695 	EXP 	text: text = 'Which one are you going to buy?'
5.2727 	EXP 	eyetracker.setRecordingState(False)
5.3035 	EXP 	text: height = np.float64(0.05)
5.3035 	EXP 	text: height = np.float64(0.05)
5.3035 	EXP 	text: height = np.float64(0.05)
5.3035 	EXP 	text: text = 'Which one are you going to buy?'
5.3060 	EXP 	eyetracker.setRecordingState(False)
5.3366 	EXP 	text: height = np.float64(0.05)
5.3366 	EXP 	text: height = np.float64(0.05)
5.3366 	EXP 	text: height = np.float64(0.05)
5.3366 	EXP 	text: text = 'Which one are you going to buy?'
5.3399 	EXP 	eyetracker.setRecordingState(False)
5.3708 	EXP 	text: height = np.float64(0.05)
5.3708 	EXP 	text: height = np.float64(0.05)
5.3708 	EXP 	text: height = np.float64(0.05)
5.3708 	EXP 	text: text = 'Which one are you going to buy?'
5.3731 	EXP 	eyetracker.setRecordingState(False)
5.4033 	EXP 	text: height = np.float64(0.05)
5.4033 	EXP 	text: height = np.float64(0.05)
5.4033 	EXP 	text: height = np.float64(0.05)
5.4033 	EXP 	text: text = 'Which one are you going to buy?'
5.4056 	EXP 	eyetracker.setRecordingState(False)
5.4361 	EXP 	text: height = np.float64(0.05)
5.4361 	EXP 	text: height = np.float64(0.05)
5.4361 	EXP 	text: height = np.float64(0.05)
5.4361 	EXP 	text: text = 'Which one are you going to buy?'
5.4389 	EXP 	eyetracker.setRecordingState(False)
5.4607 	EXP 	text: height = np.float64(0.05)
5.4607 	EXP 	text: height = np.float64(0.05)
5.4607 	EXP 	text: height = np.float64(0.05)
5.4607 	EXP 	text: text = 'Which one are you going to buy?'
5.4638 	EXP 	eyetracker.setRecordingState(False)
5.4886 	EXP 	text: height = np.float64(0.05)
5.4886 	EXP 	text: height = np.float64(0.05)
5.4886 	EXP 	text: height = np.float64(0.05)
5.4886 	EXP 	text: text = 'Which one are you going to buy?'
5.4919 	EXP 	eyetracker.setRecordingState(False)
5.5177 	EXP 	text: height = np.float64(0.05)
5.5177 	EXP 	text: height = np.float64(0.05)
5.5177 	EXP 	text: height = np.float64(0.05)
5.5177 	EXP 	text: text = 'Which one are you going to buy?'
5.5209 	EXP 	eyetracker.setRecordingState(False)
5.5451 	EXP 	text: height = np.float64(0.05)
5.5451 	EXP 	text: height = np.float64(0.05)
5.5451 	EXP 	text: height = np.float64(0.05)
5.5451 	EXP 	text: text = 'Which one are you going to buy?'
5.5481 	EXP 	eyetracker.setRecordingState(False)
5.5768 	EXP 	text: height = np.float64(0.05)
5.5768 	EXP 	text: height = np.float64(0.05)
5.5768 	EXP 	text: height = np.float64(0.05)
5.5768 	EXP 	text: text = 'Which one are you going to buy?'
5.5792 	EXP 	eyetracker.setRecordingState(False)
5.6075 	EXP 	text: height = np.float64(0.05)
5.6075 	EXP 	text: height = np.float64(0.05)
5.6075 	EXP 	text: height = np.float64(0.05)
5.6075 	EXP 	text: text = 'Which one are you going to buy?'
5.6108 	EXP 	eyetracker.setRecordingState(False)
5.6396 	EXP 	text: height = np.float64(0.05)
5.6396 	EXP 	text: height = np.float64(0.05)
5.6396 	EXP 	text: height = np.float64(0.05)
5.6396 	EXP 	text: text = 'Which one are you going to buy?'
5.6418 	EXP 	eyetracker.setRecordingState(False)
5.6794 	EXP 	text: height = np.float64(0.05)
5.6794 	EXP 	text: height = np.float64(0.05)
5.6794 	EXP 	text: height = np.float64(0.05)
5.6794 	EXP 	text: text = 'Which one are you going to buy?'
5.6817 	EXP 	eyetracker.setRecordingState(False)
5.7077 	EXP 	text: height = np.float64(0.05)
5.7077 	EXP 	text: height = np.float64(0.05)
5.7077 	EXP 	text: height = np.float64(0.05)
5.7077 	EXP 	text: text = 'Which one are you going to buy?'
5.7110 	EXP 	eyetracker.setRecordingState(False)
5.7350 	EXP 	text: height = np.float64(0.05)
5.7350 	EXP 	text: height = np.float64(0.05)
5.7350 	EXP 	text: height = np.float64(0.05)
5.7350 	EXP 	text: text = 'Which one are you going to buy?'
5.7372 	EXP 	eyetracker.setRecordingState(False)
5.7650 	EXP 	text: height = np.float64(0.05)
5.7650 	EXP 	text: height = np.float64(0.05)
5.7650 	EXP 	text: height = np.float64(0.05)
5.7650 	EXP 	text: text = 'Which one are you going to buy?'
5.7675 	EXP 	eyetracker.setRecordingState(False)
5.7994 	EXP 	text: height = np.float64(0.05)
5.7994 	EXP 	text: height = np.float64(0.05)
5.7994 	EXP 	text: height = np.float64(0.05)
5.7994 	EXP 	text: text = 'Which one are you going to buy?'
5.8022 	EXP 	eyetracker.setRecordingState(False)
5.8330 	EXP 	text: height = np.float64(0.05)
5.8330 	EXP 	text: height = np.float64(0.05)
5.8330 	EXP 	text: height = np.float64(0.05)
5.8330 	EXP 	text: text = 'Which one are you going to buy?'
5.8362 	EXP 	eyetracker.setRecordingState(False)
5.8657 	EXP 	text: height = np.float64(0.05)
5.8657 	EXP 	text: height = np.float64(0.05)
5.8657 	EXP 	text: height = np.float64(0.05)
5.8657 	EXP 	text: text = 'Which one are you going to buy?'
5.8678 	EXP 	eyetracker.setRecordingState(False)
5.8914 	EXP 	text: height = np.float64(0.05)
5.8914 	EXP 	text: height = np.float64(0.05)
5.8914 	EXP 	text: height = np.float64(0.05)
5.8914 	EXP 	text: text = 'Which one are you going to buy?'
5.8938 	EXP 	eyetracker.setRecordingState(False)
5.9242 	EXP 	text: height = np.float64(0.05)
5.9242 	EXP 	text: height = np.float64(0.05)
5.9242 	EXP 	text: height = np.float64(0.05)
5.9242 	EXP 	text: text = 'Which one are you going to buy?'
5.9263 	EXP 	eyetracker.setRecordingState(False)
5.9376 	EXP 	text: height = np.float64(0.05)
5.9376 	EXP 	text: height = np.float64(0.05)
5.9376 	EXP 	text: height = np.float64(0.05)
5.9376 	EXP 	text: text = 'Which one are you going to buy?'
5.9402 	EXP 	eyetracker.setRecordingState(False)
5.9559 	EXP 	text: height = np.float64(0.05)
5.9559 	EXP 	text: height = np.float64(0.05)
5.9559 	EXP 	text: height = np.float64(0.05)
5.9559 	EXP 	text: text = 'Which one are you going to buy?'
5.9582 	EXP 	eyetracker.setRecordingState(False)
5.9784 	EXP 	text: height = np.float64(0.05)
5.9784 	EXP 	text: height = np.float64(0.05)
5.9784 	EXP 	text: height = np.float64(0.05)
5.9784 	EXP 	text: text = 'Which one are you going to buy?'
5.9797 	EXP 	eyetracker.setRecordingState(False)
6.0046 	EXP 	text: height = np.float64(0.05)
6.0046 	EXP 	text: height = np.float64(0.05)
6.0046 	EXP 	text: height = np.float64(0.05)
6.0046 	EXP 	text: text = 'Which one are you going to buy?'
6.0090 	EXP 	eyetracker.setRecordingState(False)
6.0380 	EXP 	text: height = np.float64(0.05)
6.0380 	EXP 	text: height = np.float64(0.05)
6.0380 	EXP 	text: height = np.float64(0.05)
6.0380 	EXP 	text: text = 'Which one are you going to buy?'
6.0404 	EXP 	eyetracker.setRecordingState(False)
6.0641 	EXP 	text: height = np.float64(0.05)
6.0641 	EXP 	text: height = np.float64(0.05)
6.0641 	EXP 	text: height = np.float64(0.05)
6.0641 	EXP 	text: text = 'Which one are you going to buy?'
6.0666 	EXP 	eyetracker.setRecordingState(False)
6.0924 	EXP 	text: height = np.float64(0.05)
6.0924 	EXP 	text: height = np.float64(0.05)
6.0924 	EXP 	text: height = np.float64(0.05)
6.0924 	EXP 	text: text = 'Which one are you going to buy?'
6.0948 	EXP 	eyetracker.setRecordingState(False)
6.1251 	EXP 	text: height = np.float64(0.05)
6.1251 	EXP 	text: height = np.float64(0.05)
6.1251 	EXP 	text: height = np.float64(0.05)
6.1251 	EXP 	text: text = 'Which one are you going to buy?'
6.1279 	EXP 	eyetracker.setRecordingState(False)
6.1623 	EXP 	text: height = np.float64(0.05)
6.1623 	EXP 	text: height = np.float64(0.05)
6.1623 	EXP 	text: height = np.float64(0.05)
6.1623 	EXP 	text: text = 'Which one are you going to buy?'
6.1652 	EXP 	eyetracker.setRecordingState(False)
6.2019 	EXP 	text: height = np.float64(0.05)
6.2019 	EXP 	text: height = np.float64(0.05)
6.2019 	EXP 	text: height = np.float64(0.05)
6.2019 	EXP 	text: text = 'Which one are you going to buy?'
6.2043 	EXP 	eyetracker.setRecordingState(False)
6.2298 	EXP 	text: height = np.float64(0.05)
6.2298 	EXP 	text: height = np.float64(0.05)
6.2298 	EXP 	text: height = np.float64(0.05)
6.2298 	EXP 	text: text = 'Which one are you going to buy?'
6.2324 	EXP 	eyetracker.setRecordingState(False)
6.2554 	EXP 	text: height = np.float64(0.05)
6.2554 	EXP 	text: height = np.float64(0.05)
6.2554 	EXP 	text: height = np.float64(0.05)
6.2554 	EXP 	text: text = 'Which one are you going to buy?'
6.2579 	EXP 	eyetracker.setRecordingState(False)
6.2883 	EXP 	text: height = np.float64(0.05)
6.2883 	EXP 	text: height = np.float64(0.05)
6.2883 	EXP 	text: height = np.float64(0.05)
6.2883 	EXP 	text: text = 'Which one are you going to buy?'
6.2906 	EXP 	eyetracker.setRecordingState(False)
6.3225 	EXP 	text: height = np.float64(0.05)
6.3225 	EXP 	text: height = np.float64(0.05)
6.3225 	EXP 	text: height = np.float64(0.05)
6.3225 	EXP 	text: text = 'Which one are you going to buy?'
6.3254 	EXP 	eyetracker.setRecordingState(False)
6.3583 	EXP 	text: height = np.float64(0.05)
6.3583 	EXP 	text: height = np.float64(0.05)
6.3583 	EXP 	text: height = np.float64(0.05)
6.3583 	EXP 	text: text = 'Which one are you going to buy?'
6.3615 	EXP 	eyetracker.setRecordingState(False)
6.3892 	EXP 	text: height = np.float64(0.05)
6.3892 	EXP 	text: height = np.float64(0.05)
6.3892 	EXP 	text: height = np.float64(0.05)
6.3892 	EXP 	text: text = 'Which one are you going to buy?'
6.3911 	EXP 	eyetracker.setRecordingState(False)
6.4187 	EXP 	text: height = np.float64(0.05)
6.4187 	EXP 	text: height = np.float64(0.05)
6.4187 	EXP 	text: height = np.float64(0.05)
6.4187 	EXP 	text: text = 'Which one are you going to buy?'
6.4213 	EXP 	eyetracker.setRecordingState(False)
6.4433 	EXP 	text: height = np.float64(0.05)
6.4433 	EXP 	text: height = np.float64(0.05)
6.4433 	EXP 	text: height = np.float64(0.05)
6.4433 	EXP 	text: text = 'Which one are you going to buy?'
6.4458 	EXP 	eyetracker.setRecordingState(False)
6.4721 	EXP 	text: height = np.float64(0.05)
6.4721 	EXP 	text: height = np.float64(0.05)
6.4721 	EXP 	text: height = np.float64(0.05)
6.4721 	EXP 	text: text = 'Which one are you going to buy?'
6.4742 	EXP 	eyetracker.setRecordingState(False)
6.5006 	EXP 	text: height = np.float64(0.05)
6.5006 	EXP 	text: height = np.float64(0.05)
6.5006 	EXP 	text: height = np.float64(0.05)
6.5006 	EXP 	text: text = 'Which one are you going to buy?'
6.5035 	EXP 	eyetracker.setRecordingState(False)
6.5326 	EXP 	text: height = np.float64(0.05)
6.5326 	EXP 	text: height = np.float64(0.05)
6.5326 	EXP 	text: height = np.float64(0.05)
6.5326 	EXP 	text: text = 'Which one are you going to buy?'
6.5355 	EXP 	eyetracker.setRecordingState(False)
6.5637 	EXP 	text: height = np.float64(0.05)
6.5637 	EXP 	text: height = np.float64(0.05)
6.5637 	EXP 	text: height = np.float64(0.05)
6.5637 	EXP 	text: text = 'Which one are you going to buy?'
6.5654 	EXP 	eyetracker.setRecordingState(False)
6.5796 	EXP 	text: height = np.float64(0.05)
6.5796 	EXP 	text: height = np.float64(0.05)
6.5796 	EXP 	text: height = np.float64(0.05)
6.5796 	EXP 	text: text = 'Which one are you going to buy?'
6.5811 	EXP 	eyetracker.setRecordingState(False)
6.5977 	EXP 	text: height = np.float64(0.05)
6.5977 	EXP 	text: height = np.float64(0.05)
6.5977 	EXP 	text: height = np.float64(0.05)
6.5977 	EXP 	text: text = 'Which one are you going to buy?'
6.6001 	EXP 	eyetracker.setRecordingState(False)
6.6234 	EXP 	text: height = np.float64(0.05)
6.6234 	EXP 	text: height = np.float64(0.05)
6.6234 	EXP 	text: height = np.float64(0.05)
6.6234 	EXP 	text: text = 'Which one are you going to buy?'
6.6263 	EXP 	eyetracker.setRecordingState(False)
6.6522 	EXP 	text: height = np.float64(0.05)
6.6522 	EXP 	text: height = np.float64(0.05)
6.6522 	EXP 	text: height = np.float64(0.05)
6.6522 	EXP 	text: text = 'Which one are you going to buy?'
6.6546 	EXP 	eyetracker.setRecordingState(False)
6.6738 	EXP 	text: height = np.float64(0.05)
6.6738 	EXP 	text: height = np.float64(0.05)
6.6738 	EXP 	text: height = np.float64(0.05)
6.6738 	EXP 	text: text = 'Which one are you going to buy?'
6.6754 	EXP 	eyetracker.setRecordingState(False)
6.6934 	EXP 	text: height = np.float64(0.05)
6.6934 	EXP 	text: height = np.float64(0.05)
6.6934 	EXP 	text: height = np.float64(0.05)
6.6934 	EXP 	text: text = 'Which one are you going to buy?'
6.6952 	EXP 	eyetracker.setRecordingState(False)
6.7075 	EXP 	text: height = np.float64(0.05)
6.7075 	EXP 	text: height = np.float64(0.05)
6.7075 	EXP 	text: height = np.float64(0.05)
6.7075 	EXP 	text: text = 'Which one are you going to buy?'
6.7091 	EXP 	eyetracker.setRecordingState(False)
6.7212 	EXP 	text: height = np.float64(0.05)
6.7212 	EXP 	text: height = np.float64(0.05)
6.7212 	EXP 	text: height = np.float64(0.05)
6.7212 	EXP 	text: text = 'Which one are you going to buy?'
6.7224 	EXP 	eyetracker.setRecordingState(False)
6.7345 	EXP 	text: height = np.float64(0.05)
6.7345 	EXP 	text: height = np.float64(0.05)
6.7345 	EXP 	text: height = np.float64(0.05)
6.7345 	EXP 	text: text = 'Which one are you going to buy?'
6.7357 	EXP 	eyetracker.setRecordingState(False)
6.7482 	EXP 	text: height = np.float64(0.05)
6.7482 	EXP 	text: height = np.float64(0.05)
6.7482 	EXP 	text: height = np.float64(0.05)
6.7482 	EXP 	text: text = 'Which one are you going to buy?'
6.7499 	EXP 	eyetracker.setRecordingState(False)
6.7655 	EXP 	text: height = np.float64(0.05)
6.7655 	EXP 	text: height = np.float64(0.05)
6.7655 	EXP 	text: height = np.float64(0.05)
6.7655 	EXP 	text: text = 'Which one are you going to buy?'
6.7668 	EXP 	eyetracker.setRecordingState(False)
6.7784 	EXP 	text: height = np.float64(0.05)
6.7784 	EXP 	text: height = np.float64(0.05)
6.7784 	EXP 	text: height = np.float64(0.05)
6.7784 	EXP 	text: text = 'Which one are you going to buy?'
6.7796 	EXP 	eyetracker.setRecordingState(False)
6.7941 	EXP 	text: height = np.float64(0.05)
6.7941 	EXP 	text: height = np.float64(0.05)
6.7941 	EXP 	text: height = np.float64(0.05)
6.7941 	EXP 	text: text = 'Which one are you going to buy?'
6.7955 	EXP 	eyetracker.setRecordingState(False)
6.8084 	EXP 	text: height = np.float64(0.05)
6.8084 	EXP 	text: height = np.float64(0.05)
6.8084 	EXP 	text: height = np.float64(0.05)
6.8084 	EXP 	text: text = 'Which one are you going to buy?'
6.8095 	EXP 	eyetracker.setRecordingState(False)
6.8214 	EXP 	text: height = np.float64(0.05)
6.8214 	EXP 	text: height = np.float64(0.05)
6.8214 	EXP 	text: height = np.float64(0.05)
6.8214 	EXP 	text: text = 'Which one are you going to buy?'
6.8227 	EXP 	eyetracker.setRecordingState(False)
6.8342 	EXP 	text: height = np.float64(0.05)
6.8342 	EXP 	text: height = np.float64(0.05)
6.8342 	EXP 	text: height = np.float64(0.05)
6.8342 	EXP 	text: text = 'Which one are you going to buy?'
6.8357 	EXP 	eyetracker.setRecordingState(False)
6.8487 	EXP 	text: height = np.float64(0.05)
6.8487 	EXP 	text: height = np.float64(0.05)
6.8487 	EXP 	text: height = np.float64(0.05)
6.8487 	EXP 	text: text = 'Which one are you going to buy?'
6.8502 	EXP 	eyetracker.setRecordingState(False)
6.8628 	EXP 	text: height = np.float64(0.05)
6.8628 	EXP 	text: height = np.float64(0.05)
6.8628 	EXP 	text: height = np.float64(0.05)
6.8628 	EXP 	text: text = 'Which one are you going to buy?'
6.8644 	EXP 	eyetracker.setRecordingState(False)
6.8771 	EXP 	text: height = np.float64(0.05)
6.8771 	EXP 	text: height = np.float64(0.05)
6.8771 	EXP 	text: height = np.float64(0.05)
6.8771 	EXP 	text: text = 'Which one are you going to buy?'
6.8782 	EXP 	eyetracker.setRecordingState(False)
6.8906 	EXP 	text: height = np.float64(0.05)
6.8906 	EXP 	text: height = np.float64(0.05)
6.8906 	EXP 	text: height = np.float64(0.05)
6.8906 	EXP 	text: text = 'Which one are you going to buy?'
6.8916 	EXP 	eyetracker.setRecordingState(False)
6.9016 	EXP 	text: height = np.float64(0.05)
6.9016 	EXP 	text: height = np.float64(0.05)
6.9016 	EXP 	text: height = np.float64(0.05)
6.9016 	EXP 	text: text = 'Which one are you going to buy?'
6.9024 	EXP 	eyetracker.setRecordingState(False)
6.9116 	EXP 	text: height = np.float64(0.05)
6.9116 	EXP 	text: height = np.float64(0.05)
6.9116 	EXP 	text: height = np.float64(0.05)
6.9116 	EXP 	text: text = 'Which one are you going to buy?'
6.9127 	EXP 	eyetracker.setRecordingState(False)
6.9254 	EXP 	text: height = np.float64(0.05)
6.9254 	EXP 	text: height = np.float64(0.05)
6.9254 	EXP 	text: height = np.float64(0.05)
6.9254 	EXP 	text: text = 'Which one are you going to buy?'
6.9267 	EXP 	eyetracker.setRecordingState(False)
6.9410 	EXP 	text: height = np.float64(0.05)
6.9410 	EXP 	text: height = np.float64(0.05)
6.9410 	EXP 	text: height = np.float64(0.05)
6.9410 	EXP 	text: text = 'Which one are you going to buy?'
6.9430 	EXP 	eyetracker.setRecordingState(False)
6.9596 	EXP 	text: height = np.float64(0.05)
6.9596 	EXP 	text: height = np.float64(0.05)
6.9596 	EXP 	text: height = np.float64(0.05)
6.9596 	EXP 	text: text = 'Which one are you going to buy?'
6.9612 	EXP 	eyetracker.setRecordingState(False)
6.9773 	EXP 	text: height = np.float64(0.05)
6.9773 	EXP 	text: height = np.float64(0.05)
6.9773 	EXP 	text: height = np.float64(0.05)
6.9773 	EXP 	text: text = 'Which one are you going to buy?'
6.9792 	EXP 	eyetracker.setRecordingState(False)
6.9961 	EXP 	text: height = np.float64(0.05)
6.9961 	EXP 	text: height = np.float64(0.05)
6.9961 	EXP 	text: height = np.float64(0.05)
6.9961 	EXP 	text: text = 'Which one are you going to buy?'
6.9978 	EXP 	eyetracker.setRecordingState(False)
7.0136 	EXP 	text: height = np.float64(0.05)
7.0136 	EXP 	text: height = np.float64(0.05)
7.0136 	EXP 	text: height = np.float64(0.05)
7.0136 	EXP 	text: text = 'Which one are you going to buy?'
7.0149 	EXP 	eyetracker.setRecordingState(False)
7.0286 	EXP 	text: height = np.float64(0.05)
7.0286 	EXP 	text: height = np.float64(0.05)
7.0286 	EXP 	text: height = np.float64(0.05)
7.0286 	EXP 	text: text = 'Which one are you going to buy?'
7.0304 	EXP 	eyetracker.setRecordingState(False)
7.0466 	EXP 	text: height = np.float64(0.05)
7.0466 	EXP 	text: height = np.float64(0.05)
7.0466 	EXP 	text: height = np.float64(0.05)
7.0466 	EXP 	text: text = 'Which one are you going to buy?'
7.0485 	EXP 	eyetracker.setRecordingState(False)
7.0636 	EXP 	text: height = np.float64(0.05)
7.0636 	EXP 	text: height = np.float64(0.05)
7.0636 	EXP 	text: height = np.float64(0.05)
7.0636 	EXP 	text: text = 'Which one are you going to buy?'
7.0652 	EXP 	eyetracker.setRecordingState(False)
7.0814 	EXP 	text: height = np.float64(0.05)
7.0814 	EXP 	text: height = np.float64(0.05)
7.0814 	EXP 	text: height = np.float64(0.05)
7.0814 	EXP 	text: text = 'Which one are you going to buy?'
7.0832 	EXP 	eyetracker.setRecordingState(False)
7.0979 	EXP 	text: height = np.float64(0.05)
7.0979 	EXP 	text: height = np.float64(0.05)
7.0979 	EXP 	text: height = np.float64(0.05)
7.0979 	EXP 	text: text = 'Which one are you going to buy?'
7.0990 	EXP 	eyetracker.setRecordingState(False)
7.1110 	EXP 	text: height = np.float64(0.05)
7.1110 	EXP 	text: height = np.float64(0.05)
7.1110 	EXP 	text: height = np.float64(0.05)
7.1110 	EXP 	text: text = 'Which one are you going to buy?'
7.1123 	EXP 	eyetracker.setRecordingState(False)
7.1256 	EXP 	text: height = np.float64(0.05)
7.1256 	EXP 	text: height = np.float64(0.05)
7.1256 	EXP 	text: height = np.float64(0.05)
7.1256 	EXP 	text: text = 'Which one are you going to buy?'
7.1268 	EXP 	eyetracker.setRecordingState(False)
7.1397 	EXP 	text: height = np.float64(0.05)
7.1397 	EXP 	text: height = np.float64(0.05)
7.1397 	EXP 	text: height = np.float64(0.05)
7.1397 	EXP 	text: text = 'Which one are you going to buy?'
7.1412 	EXP 	eyetracker.setRecordingState(False)
7.1560 	EXP 	text: height = np.float64(0.05)
7.1560 	EXP 	text: height = np.float64(0.05)
7.1560 	EXP 	text: height = np.float64(0.05)
7.1560 	EXP 	text: text = 'Which one are you going to buy?'
7.1577 	EXP 	eyetracker.setRecordingState(False)
7.1803 	EXP 	text: height = np.float64(0.05)
7.1803 	EXP 	text: height = np.float64(0.05)
7.1803 	EXP 	text: height = np.float64(0.05)
7.1803 	EXP 	text: text = 'Which one are you going to buy?'
7.1827 	EXP 	eyetracker.setRecordingState(False)
7.2084 	EXP 	text: height = np.float64(0.05)
7.2084 	EXP 	text: height = np.float64(0.05)
7.2084 	EXP 	text: height = np.float64(0.05)
7.2084 	EXP 	text: text = 'Which one are you going to buy?'
7.2111 	EXP 	eyetracker.setRecordingState(False)
7.2395 	EXP 	text: height = np.float64(0.05)
7.2395 	EXP 	text: height = np.float64(0.05)
7.2395 	EXP 	text: height = np.float64(0.05)
7.2395 	EXP 	text: text = 'Which one are you going to buy?'
7.2432 	EXP 	eyetracker.setRecordingState(False)
7.2679 	EXP 	text: height = np.float64(0.05)
7.2679 	EXP 	text: height = np.float64(0.05)
7.2679 	EXP 	text: height = np.float64(0.05)
7.2679 	EXP 	text: text = 'Which one are you going to buy?'
7.2701 	EXP 	eyetracker.setRecordingState(False)
7.2892 	EXP 	text: height = np.float64(0.05)
7.2892 	EXP 	text: height = np.float64(0.05)
7.2892 	EXP 	text: height = np.float64(0.05)
7.2892 	EXP 	text: text = 'Which one are you going to buy?'
7.2912 	EXP 	eyetracker.setRecordingState(False)
7.3074 	EXP 	text: height = np.float64(0.05)
7.3074 	EXP 	text: height = np.float64(0.05)
7.3074 	EXP 	text: height = np.float64(0.05)
7.3074 	EXP 	text: text = 'Which one are you going to buy?'
7.3098 	EXP 	eyetracker.setRecordingState(False)
7.3290 	EXP 	text: height = np.float64(0.05)
7.3290 	EXP 	text: height = np.float64(0.05)
7.3290 	EXP 	text: height = np.float64(0.05)
7.3290 	EXP 	text: text = 'Which one are you going to buy?'
7.3305 	EXP 	eyetracker.setRecordingState(False)
7.3385 	EXP 	text: height = np.float64(0.05)
7.3385 	EXP 	text: height = np.float64(0.05)
7.3385 	EXP 	text: height = np.float64(0.05)
7.3385 	EXP 	text: text = 'Which one are you going to buy?'
7.3393 	EXP 	eyetracker.setRecordingState(False)
7.3529 	EXP 	text: height = np.float64(0.05)
7.3529 	EXP 	text: height = np.float64(0.05)
7.3529 	EXP 	text: height = np.float64(0.05)
7.3529 	EXP 	text: text = 'Which one are you going to buy?'
7.3547 	EXP 	eyetracker.setRecordingState(False)
7.3683 	EXP 	text: height = np.float64(0.05)
7.3683 	EXP 	text: height = np.float64(0.05)
7.3683 	EXP 	text: height = np.float64(0.05)
7.3683 	EXP 	text: text = 'Which one are you going to buy?'
7.3701 	EXP 	eyetracker.setRecordingState(False)
7.3830 	EXP 	text: height = np.float64(0.05)
7.3830 	EXP 	text: height = np.float64(0.05)
7.3830 	EXP 	text: height = np.float64(0.05)
7.3830 	EXP 	text: text = 'Which one are you going to buy?'
7.3843 	EXP 	eyetracker.setRecordingState(False)
7.4014 	EXP 	text: height = np.float64(0.05)
7.4014 	EXP 	text: height = np.float64(0.05)
7.4014 	EXP 	text: height = np.float64(0.05)
7.4014 	EXP 	text: text = 'Which one are you going to buy?'
7.4042 	EXP 	eyetracker.setRecordingState(False)
7.4234 	EXP 	text: height = np.float64(0.05)
7.4234 	EXP 	text: height = np.float64(0.05)
7.4234 	EXP 	text: height = np.float64(0.05)
7.4234 	EXP 	text: text = 'Which one are you going to buy?'
7.4250 	EXP 	eyetracker.setRecordingState(False)
7.4462 	EXP 	text: height = np.float64(0.05)
7.4462 	EXP 	text: height = np.float64(0.05)
7.4462 	EXP 	text: height = np.float64(0.05)
7.4462 	EXP 	text: text = 'Which one are you going to buy?'
7.4481 	EXP 	eyetracker.setRecordingState(False)
7.4633 	EXP 	text: height = np.float64(0.05)
7.4633 	EXP 	text: height = np.float64(0.05)
7.4633 	EXP 	text: height = np.float64(0.05)
7.4633 	EXP 	text: text = 'Which one are you going to buy?'
7.4650 	EXP 	eyetracker.setRecordingState(False)
7.4842 	EXP 	text: height = np.float64(0.05)
7.4842 	EXP 	text: height = np.float64(0.05)
7.4842 	EXP 	text: height = np.float64(0.05)
7.4842 	EXP 	text: text = 'Which one are you going to buy?'
7.4863 	EXP 	eyetracker.setRecordingState(False)
7.5076 	EXP 	text: height = np.float64(0.05)
7.5076 	EXP 	text: height = np.float64(0.05)
7.5076 	EXP 	text: height = np.float64(0.05)
7.5076 	EXP 	text: text = 'Which one are you going to buy?'
7.5094 	EXP 	eyetracker.setRecordingState(False)
7.5265 	EXP 	text: height = np.float64(0.05)
7.5265 	EXP 	text: height = np.float64(0.05)
7.5265 	EXP 	text: height = np.float64(0.05)
7.5265 	EXP 	text: text = 'Which one are you going to buy?'
7.5286 	EXP 	eyetracker.setRecordingState(False)
7.5422 	EXP 	text: height = np.float64(0.05)
7.5422 	EXP 	text: height = np.float64(0.05)
7.5422 	EXP 	text: height = np.float64(0.05)
7.5422 	EXP 	text: text = 'Which one are you going to buy?'
7.5439 	EXP 	eyetracker.setRecordingState(False)
7.5619 	EXP 	text: height = np.float64(0.05)
7.5619 	EXP 	text: height = np.float64(0.05)
7.5619 	EXP 	text: height = np.float64(0.05)
7.5619 	EXP 	text: text = 'Which one are you going to buy?'
7.5636 	EXP 	eyetracker.setRecordingState(False)
7.5840 	EXP 	text: height = np.float64(0.05)
7.5840 	EXP 	text: height = np.float64(0.05)
7.5840 	EXP 	text: height = np.float64(0.05)
7.5840 	EXP 	text: text = 'Which one are you going to buy?'
7.5858 	EXP 	eyetracker.setRecordingState(False)
7.5999 	EXP 	text: height = np.float64(0.05)
7.5999 	EXP 	text: height = np.float64(0.05)
7.5999 	EXP 	text: height = np.float64(0.05)
7.5999 	EXP 	text: text = 'Which one are you going to buy?'
7.6012 	EXP 	eyetracker.setRecordingState(False)
7.6156 	EXP 	text: height = np.float64(0.05)
7.6156 	EXP 	text: height = np.float64(0.05)
7.6156 	EXP 	text: height = np.float64(0.05)
7.6156 	EXP 	text: text = 'Which one are you going to buy?'
7.6168 	EXP 	eyetracker.setRecordingState(False)
7.6296 	EXP 	text: height = np.float64(0.05)
7.6296 	EXP 	text: height = np.float64(0.05)
7.6296 	EXP 	text: height = np.float64(0.05)
7.6296 	EXP 	text: text = 'Which one are you going to buy?'
7.6305 	EXP 	eyetracker.setRecordingState(False)
7.6426 	EXP 	text: height = np.float64(0.05)
7.6426 	EXP 	text: height = np.float64(0.05)
7.6426 	EXP 	text: height = np.float64(0.05)
7.6426 	EXP 	text: text = 'Which one are you going to buy?'
7.6445 	EXP 	eyetracker.setRecordingState(False)
7.6612 	EXP 	text: height = np.float64(0.05)
7.6612 	EXP 	text: height = np.float64(0.05)
7.6612 	EXP 	text: height = np.float64(0.05)
7.6612 	EXP 	text: text = 'Which one are you going to buy?'
7.6630 	EXP 	eyetracker.setRecordingState(False)
7.6899 	EXP 	text: height = np.float64(0.05)
7.6899 	EXP 	text: height = np.float64(0.05)
7.6899 	EXP 	text: height = np.float64(0.05)
7.6899 	EXP 	text: text = 'Which one are you going to buy?'
7.6926 	EXP 	eyetracker.setRecordingState(False)
7.7143 	EXP 	text: height = np.float64(0.05)
7.7143 	EXP 	text: height = np.float64(0.05)
7.7143 	EXP 	text: height = np.float64(0.05)
7.7143 	EXP 	text: text = 'Which one are you going to buy?'
7.7155 	EXP 	eyetracker.setRecordingState(False)
7.7349 	EXP 	text: height = np.float64(0.05)
7.7349 	EXP 	text: height = np.float64(0.05)
7.7349 	EXP 	text: height = np.float64(0.05)
7.7349 	EXP 	text: text = 'Which one are you going to buy?'
7.7378 	EXP 	eyetracker.setRecordingState(False)
7.7565 	EXP 	text: height = np.float64(0.05)
7.7565 	EXP 	text: height = np.float64(0.05)
7.7565 	EXP 	text: height = np.float64(0.05)
7.7565 	EXP 	text: text = 'Which one are you going to buy?'
7.7590 	EXP 	eyetracker.setRecordingState(False)
7.7854 	EXP 	text: height = np.float64(0.05)
7.7854 	EXP 	text: height = np.float64(0.05)
7.7854 	EXP 	text: height = np.float64(0.05)
7.7854 	EXP 	text: text = 'Which one are you going to buy?'
7.7879 	EXP 	eyetracker.setRecordingState(False)
7.8123 	EXP 	text: height = np.float64(0.05)
7.8123 	EXP 	text: height = np.float64(0.05)
7.8123 	EXP 	text: height = np.float64(0.05)
7.8123 	EXP 	text: text = 'Which one are you going to buy?'
7.8140 	EXP 	eyetracker.setRecordingState(False)
7.8385 	EXP 	text: height = np.float64(0.05)
7.8385 	EXP 	text: height = np.float64(0.05)
7.8385 	EXP 	text: height = np.float64(0.05)
7.8385 	EXP 	text: text = 'Which one are you going to buy?'
7.8408 	EXP 	eyetracker.setRecordingState(False)
7.8659 	EXP 	text: height = np.float64(0.05)
7.8659 	EXP 	text: height = np.float64(0.05)
7.8659 	EXP 	text: height = np.float64(0.05)
7.8659 	EXP 	text: text = 'Which one are you going to buy?'
7.8683 	EXP 	eyetracker.setRecordingState(False)
7.8882 	EXP 	text: height = np.float64(0.05)
7.8882 	EXP 	text: height = np.float64(0.05)
7.8882 	EXP 	text: height = np.float64(0.05)
7.8882 	EXP 	text: text = 'Which one are you going to buy?'
7.8910 	EXP 	eyetracker.setRecordingState(False)
7.9179 	EXP 	text: height = np.float64(0.05)
7.9179 	EXP 	text: height = np.float64(0.05)
7.9179 	EXP 	text: height = np.float64(0.05)
7.9179 	EXP 	text: text = 'Which one are you going to buy?'
7.9205 	EXP 	eyetracker.setRecordingState(False)
7.9464 	EXP 	text: height = np.float64(0.05)
7.9464 	EXP 	text: height = np.float64(0.05)
7.9464 	EXP 	text: height = np.float64(0.05)
7.9464 	EXP 	text: text = 'Which one are you going to buy?'
7.9484 	EXP 	eyetracker.setRecordingState(False)
7.9690 	EXP 	text: height = np.float64(0.05)
7.9690 	EXP 	text: height = np.float64(0.05)
7.9690 	EXP 	text: height = np.float64(0.05)
7.9690 	EXP 	text: text = 'Which one are you going to buy?'
7.9705 	EXP 	eyetracker.setRecordingState(False)
7.9951 	EXP 	text: height = np.float64(0.05)
7.9951 	EXP 	text: height = np.float64(0.05)
7.9951 	EXP 	text: height = np.float64(0.05)
7.9951 	EXP 	text: text = 'Which one are you going to buy?'
7.9977 	EXP 	eyetracker.setRecordingState(False)
8.0197 	EXP 	text: height = np.float64(0.05)
8.0197 	EXP 	text: height = np.float64(0.05)
8.0197 	EXP 	text: height = np.float64(0.05)
8.0197 	EXP 	text: text = 'Which one are you going to buy?'
8.0225 	EXP 	eyetracker.setRecordingState(False)
8.0446 	EXP 	text: height = np.float64(0.05)
8.0446 	EXP 	text: height = np.float64(0.05)
8.0446 	EXP 	text: height = np.float64(0.05)
8.0446 	EXP 	text: text = 'Which one are you going to buy?'
8.0463 	EXP 	eyetracker.setRecordingState(False)
8.0684 	EXP 	text: height = np.float64(0.05)
8.0684 	EXP 	text: height = np.float64(0.05)
8.0684 	EXP 	text: height = np.float64(0.05)
8.0684 	EXP 	text: text = 'Which one are you going to buy?'
8.0711 	EXP 	eyetracker.setRecordingState(False)
8.0958 	EXP 	text: height = np.float64(0.05)
8.0958 	EXP 	text: height = np.float64(0.05)
8.0958 	EXP 	text: height = np.float64(0.05)
8.0958 	EXP 	text: text = 'Which one are you going to buy?'
8.0981 	EXP 	eyetracker.setRecordingState(False)
8.1186 	EXP 	text: height = np.float64(0.05)
8.1186 	EXP 	text: height = np.float64(0.05)
8.1186 	EXP 	text: height = np.float64(0.05)
8.1186 	EXP 	text: text = 'Which one are you going to buy?'
8.1204 	EXP 	eyetracker.setRecordingState(False)
8.1474 	EXP 	text: height = np.float64(0.05)
8.1474 	EXP 	text: height = np.float64(0.05)
8.1474 	EXP 	text: height = np.float64(0.05)
8.1474 	EXP 	text: text = 'Which one are you going to buy?'
8.1495 	EXP 	eyetracker.setRecordingState(False)
8.1712 	EXP 	text: height = np.float64(0.05)
8.1712 	EXP 	text: height = np.float64(0.05)
8.1712 	EXP 	text: height = np.float64(0.05)
8.1712 	EXP 	text: text = 'Which one are you going to buy?'
8.1735 	EXP 	eyetracker.setRecordingState(False)
8.1923 	EXP 	text: height = np.float64(0.05)
8.1923 	EXP 	text: height = np.float64(0.05)
8.1923 	EXP 	text: height = np.float64(0.05)
8.1923 	EXP 	text: text = 'Which one are you going to buy?'
8.1941 	EXP 	eyetracker.setRecordingState(False)
8.2158 	EXP 	text: height = np.float64(0.05)
8.2158 	EXP 	text: height = np.float64(0.05)
8.2158 	EXP 	text: height = np.float64(0.05)
8.2158 	EXP 	text: text = 'Which one are you going to buy?'
8.2175 	EXP 	eyetracker.setRecordingState(False)
8.2346 	EXP 	text: height = np.float64(0.05)
8.2346 	EXP 	text: height = np.float64(0.05)
8.2346 	EXP 	text: height = np.float64(0.05)
8.2346 	EXP 	text: text = 'Which one are you going to buy?'
8.2361 	EXP 	eyetracker.setRecordingState(False)
8.2478 	EXP 	text: height = np.float64(0.05)
8.2478 	EXP 	text: height = np.float64(0.05)
8.2478 	EXP 	text: height = np.float64(0.05)
8.2478 	EXP 	text: text = 'Which one are you going to buy?'
8.2488 	EXP 	eyetracker.setRecordingState(False)
8.2596 	EXP 	text: height = np.float64(0.05)
8.2596 	EXP 	text: height = np.float64(0.05)
8.2596 	EXP 	text: height = np.float64(0.05)
8.2596 	EXP 	text: text = 'Which one are you going to buy?'
8.2608 	EXP 	eyetracker.setRecordingState(False)
8.2748 	EXP 	text: height = np.float64(0.05)
8.2748 	EXP 	text: height = np.float64(0.05)
8.2748 	EXP 	text: height = np.float64(0.05)
8.2748 	EXP 	text: text = 'Which one are you going to buy?'
8.2766 	EXP 	eyetracker.setRecordingState(False)
8.2949 	EXP 	text: height = np.float64(0.05)
8.2949 	EXP 	text: height = np.float64(0.05)
8.2949 	EXP 	text: height = np.float64(0.05)
8.2949 	EXP 	text: text = 'Which one are you going to buy?'
8.2969 	EXP 	eyetracker.setRecordingState(False)
8.3165 	EXP 	text: height = np.float64(0.05)
8.3165 	EXP 	text: height = np.float64(0.05)
8.3165 	EXP 	text: height = np.float64(0.05)
8.3165 	EXP 	text: text = 'Which one are you going to buy?'
8.3191 	EXP 	eyetracker.setRecordingState(False)
8.3373 	EXP 	text: height = np.float64(0.05)
8.3373 	EXP 	text: height = np.float64(0.05)
8.3373 	EXP 	text: height = np.float64(0.05)
8.3373 	EXP 	text: text = 'Which one are you going to buy?'
8.3392 	EXP 	eyetracker.setRecordingState(False)
8.3593 	EXP 	text: height = np.float64(0.05)
8.3593 	EXP 	text: height = np.float64(0.05)
8.3593 	EXP 	text: height = np.float64(0.05)
8.3593 	EXP 	text: text = 'Which one are you going to buy?'
8.3602 	EXP 	eyetracker.setRecordingState(False)
8.3902 	EXP 	text: height = np.float64(0.05)
8.3902 	EXP 	text: height = np.float64(0.05)
8.3902 	EXP 	text: height = np.float64(0.05)
8.3902 	EXP 	text: text = 'Which one are you going to buy?'
8.3921 	EXP 	eyetracker.setRecordingState(False)
8.4076 	EXP 	text: height = np.float64(0.05)
8.4076 	EXP 	text: height = np.float64(0.05)
8.4076 	EXP 	text: height = np.float64(0.05)
8.4076 	EXP 	text: text = 'Which one are you going to buy?'
8.4098 	EXP 	eyetracker.setRecordingState(False)
8.4351 	EXP 	text: height = np.float64(0.05)
8.4351 	EXP 	text: height = np.float64(0.05)
8.4351 	EXP 	text: height = np.float64(0.05)
8.4351 	EXP 	text: text = 'Which one are you going to buy?'
8.4370 	EXP 	eyetracker.setRecordingState(False)
8.4601 	EXP 	text: height = np.float64(0.05)
8.4601 	EXP 	text: height = np.float64(0.05)
8.4601 	EXP 	text: height = np.float64(0.05)
8.4601 	EXP 	text: text = 'Which one are you going to buy?'
8.4624 	EXP 	eyetracker.setRecordingState(False)
8.4854 	EXP 	text: height = np.float64(0.05)
8.4854 	EXP 	text: height = np.float64(0.05)
8.4854 	EXP 	text: height = np.float64(0.05)
8.4854 	EXP 	text: text = 'Which one are you going to buy?'
8.4875 	EXP 	eyetracker.setRecordingState(False)
8.5122 	EXP 	text: height = np.float64(0.05)
8.5122 	EXP 	text: height = np.float64(0.05)
8.5122 	EXP 	text: height = np.float64(0.05)
8.5122 	EXP 	text: text = 'Which one are you going to buy?'
8.5146 	EXP 	eyetracker.setRecordingState(False)
8.5357 	EXP 	text: height = np.float64(0.05)
8.5357 	EXP 	text: height = np.float64(0.05)
8.5357 	EXP 	text: height = np.float64(0.05)
8.5357 	EXP 	text: text = 'Which one are you going to buy?'
8.5374 	EXP 	eyetracker.setRecordingState(False)
8.5569 	EXP 	text: height = np.float64(0.05)
8.5569 	EXP 	text: height = np.float64(0.05)
8.5569 	EXP 	text: height = np.float64(0.05)
8.5569 	EXP 	text: text = 'Which one are you going to buy?'
8.5590 	EXP 	eyetracker.setRecordingState(False)
8.5800 	EXP 	text: height = np.float64(0.05)
8.5800 	EXP 	text: height = np.float64(0.05)
8.5800 	EXP 	text: height = np.float64(0.05)
8.5800 	EXP 	text: text = 'Which one are you going to buy?'
8.5822 	EXP 	eyetracker.setRecordingState(False)
8.6007 	EXP 	text: height = np.float64(0.05)
8.6007 	EXP 	text: height = np.float64(0.05)
8.6007 	EXP 	text: height = np.float64(0.05)
8.6007 	EXP 	text: text = 'Which one are you going to buy?'
8.6031 	EXP 	eyetracker.setRecordingState(False)
8.6268 	EXP 	text: height = np.float64(0.05)
8.6268 	EXP 	text: height = np.float64(0.05)
8.6268 	EXP 	text: height = np.float64(0.05)
8.6268 	EXP 	text: text = 'Which one are you going to buy?'
8.6291 	EXP 	eyetracker.setRecordingState(False)
8.6519 	EXP 	text: height = np.float64(0.05)
8.6519 	EXP 	text: height = np.float64(0.05)
8.6519 	EXP 	text: height = np.float64(0.05)
8.6519 	EXP 	text: text = 'Which one are you going to buy?'
8.6536 	EXP 	eyetracker.setRecordingState(False)
8.6711 	EXP 	text: height = np.float64(0.05)
8.6711 	EXP 	text: height = np.float64(0.05)
8.6711 	EXP 	text: height = np.float64(0.05)
8.6711 	EXP 	text: text = 'Which one are you going to buy?'
8.6740 	EXP 	eyetracker.setRecordingState(False)
8.6939 	EXP 	text: height = np.float64(0.05)
8.6939 	EXP 	text: height = np.float64(0.05)
8.6939 	EXP 	text: height = np.float64(0.05)
8.6939 	EXP 	text: text = 'Which one are you going to buy?'
8.6957 	EXP 	eyetracker.setRecordingState(False)
8.7189 	EXP 	text: height = np.float64(0.05)
8.7189 	EXP 	text: height = np.float64(0.05)
8.7189 	EXP 	text: height = np.float64(0.05)
8.7189 	EXP 	text: text = 'Which one are you going to buy?'
8.7209 	EXP 	eyetracker.setRecordingState(False)
8.7421 	EXP 	text: height = np.float64(0.05)
8.7421 	EXP 	text: height = np.float64(0.05)
8.7421 	EXP 	text: height = np.float64(0.05)
8.7421 	EXP 	text: text = 'Which one are you going to buy?'
8.7440 	EXP 	eyetracker.setRecordingState(False)
8.7629 	EXP 	text: height = np.float64(0.05)
8.7629 	EXP 	text: height = np.float64(0.05)
8.7629 	EXP 	text: height = np.float64(0.05)
8.7629 	EXP 	text: text = 'Which one are you going to buy?'
8.7653 	EXP 	eyetracker.setRecordingState(False)
8.7862 	EXP 	text: height = np.float64(0.05)
8.7862 	EXP 	text: height = np.float64(0.05)
8.7862 	EXP 	text: height = np.float64(0.05)
8.7862 	EXP 	text: text = 'Which one are you going to buy?'
8.7884 	EXP 	eyetracker.setRecordingState(False)
8.8119 	EXP 	text: height = np.float64(0.05)
8.8119 	EXP 	text: height = np.float64(0.05)
8.8119 	EXP 	text: height = np.float64(0.05)
8.8119 	EXP 	text: text = 'Which one are you going to buy?'
8.8141 	EXP 	eyetracker.setRecordingState(False)
8.8353 	EXP 	text: height = np.float64(0.05)
8.8353 	EXP 	text: height = np.float64(0.05)
8.8353 	EXP 	text: height = np.float64(0.05)
8.8353 	EXP 	text: text = 'Which one are you going to buy?'
8.8374 	EXP 	eyetracker.setRecordingState(False)
8.8536 	EXP 	text: height = np.float64(0.05)
8.8536 	EXP 	text: height = np.float64(0.05)
8.8536 	EXP 	text: height = np.float64(0.05)
8.8536 	EXP 	text: text = 'Which one are you going to buy?'
8.8552 	EXP 	eyetracker.setRecordingState(False)
8.8720 	EXP 	text: height = np.float64(0.05)
8.8720 	EXP 	text: height = np.float64(0.05)
8.8720 	EXP 	text: height = np.float64(0.05)
8.8720 	EXP 	text: text = 'Which one are you going to buy?'
8.8736 	EXP 	eyetracker.setRecordingState(False)
8.8955 	EXP 	text: height = np.float64(0.05)
8.8955 	EXP 	text: height = np.float64(0.05)
8.8955 	EXP 	text: height = np.float64(0.05)
8.8955 	EXP 	text: text = 'Which one are you going to buy?'
8.8981 	EXP 	eyetracker.setRecordingState(False)
8.9150 	EXP 	text: height = np.float64(0.05)
8.9150 	EXP 	text: height = np.float64(0.05)
8.9150 	EXP 	text: height = np.float64(0.05)
8.9150 	EXP 	text: text = 'Which one are you going to buy?'
8.9164 	EXP 	eyetracker.setRecordingState(False)
8.9351 	EXP 	text: height = np.float64(0.05)
8.9351 	EXP 	text: height = np.float64(0.05)
8.9351 	EXP 	text: height = np.float64(0.05)
8.9351 	EXP 	text: text = 'Which one are you going to buy?'
8.9373 	EXP 	eyetracker.setRecordingState(False)
8.9584 	EXP 	text: height = np.float64(0.05)
8.9584 	EXP 	text: height = np.float64(0.05)
8.9584 	EXP 	text: height = np.float64(0.05)
8.9584 	EXP 	text: text = 'Which one are you going to buy?'
8.9617 	EXP 	eyetracker.setRecordingState(False)
8.9846 	EXP 	text: height = np.float64(0.05)
8.9846 	EXP 	text: height = np.float64(0.05)
8.9846 	EXP 	text: height = np.float64(0.05)
8.9846 	EXP 	text: text = 'Which one are you going to buy?'
8.9869 	EXP 	eyetracker.setRecordingState(False)
9.0066 	EXP 	text: height = np.float64(0.05)
9.0066 	EXP 	text: height = np.float64(0.05)
9.0066 	EXP 	text: height = np.float64(0.05)
9.0066 	EXP 	text: text = 'Which one are you going to buy?'
9.0084 	EXP 	eyetracker.setRecordingState(False)
9.0327 	EXP 	text: height = np.float64(0.05)
9.0327 	EXP 	text: height = np.float64(0.05)
9.0327 	EXP 	text: height = np.float64(0.05)
9.0327 	EXP 	text: text = 'Which one are you going to buy?'
9.0346 	EXP 	eyetracker.setRecordingState(False)
9.0534 	EXP 	text: height = np.float64(0.05)
9.0534 	EXP 	text: height = np.float64(0.05)
9.0534 	EXP 	text: height = np.float64(0.05)
9.0534 	EXP 	text: text = 'Which one are you going to buy?'
9.0548 	EXP 	eyetracker.setRecordingState(False)
9.0679 	EXP 	text: height = np.float64(0.05)
9.0679 	EXP 	text: height = np.float64(0.05)
9.0679 	EXP 	text: height = np.float64(0.05)
9.0679 	EXP 	text: text = 'Which one are you going to buy?'
9.0697 	EXP 	eyetracker.setRecordingState(False)
9.0853 	EXP 	text: height = np.float64(0.05)
9.0853 	EXP 	text: height = np.float64(0.05)
9.0853 	EXP 	text: height = np.float64(0.05)
9.0853 	EXP 	text: text = 'Which one are you going to buy?'
9.0873 	EXP 	eyetracker.setRecordingState(False)
9.1043 	EXP 	text: height = np.float64(0.05)
9.1043 	EXP 	text: height = np.float64(0.05)
9.1043 	EXP 	text: height = np.float64(0.05)
9.1043 	EXP 	text: text = 'Which one are you going to buy?'
9.1058 	EXP 	eyetracker.setRecordingState(False)
9.1179 	EXP 	text: height = np.float64(0.05)
9.1179 	EXP 	text: height = np.float64(0.05)
9.1179 	EXP 	text: height = np.float64(0.05)
9.1179 	EXP 	text: text = 'Which one are you going to buy?'
9.1190 	EXP 	eyetracker.setRecordingState(False)
9.1321 	EXP 	text: height = np.float64(0.05)
9.1321 	EXP 	text: height = np.float64(0.05)
9.1321 	EXP 	text: height = np.float64(0.05)
9.1321 	EXP 	text: text = 'Which one are you going to buy?'
9.1329 	EXP 	eyetracker.setRecordingState(False)
9.1418 	EXP 	text: height = np.float64(0.05)
9.1418 	EXP 	text: height = np.float64(0.05)
9.1418 	EXP 	text: height = np.float64(0.05)
9.1418 	EXP 	text: text = 'Which one are you going to buy?'
9.1429 	EXP 	eyetracker.setRecordingState(False)
9.1550 	EXP 	text: height = np.float64(0.05)
9.1550 	EXP 	text: height = np.float64(0.05)
9.1550 	EXP 	text: height = np.float64(0.05)
9.1550 	EXP 	text: text = 'Which one are you going to buy?'
9.1566 	EXP 	eyetracker.setRecordingState(False)
9.1697 	EXP 	text: height = np.float64(0.05)
9.1697 	EXP 	text: height = np.float64(0.05)
9.1697 	EXP 	text: height = np.float64(0.05)
9.1697 	EXP 	text: text = 'Which one are you going to buy?'
9.1710 	EXP 	eyetracker.setRecordingState(False)
9.1844 	EXP 	text: height = np.float64(0.05)
9.1844 	EXP 	text: height = np.float64(0.05)
9.1844 	EXP 	text: height = np.float64(0.05)
9.1844 	EXP 	text: text = 'Which one are you going to buy?'
9.1865 	EXP 	eyetracker.setRecordingState(False)
9.2004 	EXP 	text: height = np.float64(0.05)
9.2004 	EXP 	text: height = np.float64(0.05)
9.2004 	EXP 	text: height = np.float64(0.05)
9.2004 	EXP 	text: text = 'Which one are you going to buy?'
9.2017 	EXP 	eyetracker.setRecordingState(False)
9.2149 	EXP 	text: height = np.float64(0.05)
9.2149 	EXP 	text: height = np.float64(0.05)
9.2149 	EXP 	text: height = np.float64(0.05)
9.2149 	EXP 	text: text = 'Which one are you going to buy?'
9.2166 	EXP 	eyetracker.setRecordingState(False)
9.2314 	EXP 	text: height = np.float64(0.05)
9.2314 	EXP 	text: height = np.float64(0.05)
9.2314 	EXP 	text: height = np.float64(0.05)
9.2314 	EXP 	text: text = 'Which one are you going to buy?'
9.2327 	EXP 	eyetracker.setRecordingState(False)
9.2464 	EXP 	text: height = np.float64(0.05)
9.2464 	EXP 	text: height = np.float64(0.05)
9.2464 	EXP 	text: height = np.float64(0.05)
9.2464 	EXP 	text: text = 'Which one are you going to buy?'
9.2477 	EXP 	eyetracker.setRecordingState(False)
9.2600 	EXP 	text: height = np.float64(0.05)
9.2600 	EXP 	text: height = np.float64(0.05)
9.2600 	EXP 	text: height = np.float64(0.05)
9.2600 	EXP 	text: text = 'Which one are you going to buy?'
9.2617 	EXP 	eyetracker.setRecordingState(False)
9.2786 	EXP 	text: height = np.float64(0.05)
9.2786 	EXP 	text: height = np.float64(0.05)
9.2786 	EXP 	text: height = np.float64(0.05)
9.2786 	EXP 	text: text = 'Which one are you going to buy?'
9.2806 	EXP 	eyetracker.setRecordingState(False)
9.2964 	EXP 	text: height = np.float64(0.05)
9.2964 	EXP 	text: height = np.float64(0.05)
9.2964 	EXP 	text: height = np.float64(0.05)
9.2964 	EXP 	text: text = 'Which one are you going to buy?'
9.2980 	EXP 	eyetracker.setRecordingState(False)
9.3121 	EXP 	text: height = np.float64(0.05)
9.3121 	EXP 	text: height = np.float64(0.05)
9.3121 	EXP 	text: height = np.float64(0.05)
9.3121 	EXP 	text: text = 'Which one are you going to buy?'
9.3138 	EXP 	eyetracker.setRecordingState(False)
9.3320 	EXP 	text: height = np.float64(0.05)
9.3320 	EXP 	text: height = np.float64(0.05)
9.3320 	EXP 	text: height = np.float64(0.05)
9.3320 	EXP 	text: text = 'Which one are you going to buy?'
9.3337 	EXP 	eyetracker.setRecordingState(False)
9.3496 	EXP 	text: height = np.float64(0.05)
9.3496 	EXP 	text: height = np.float64(0.05)
9.3496 	EXP 	text: height = np.float64(0.05)
9.3496 	EXP 	text: text = 'Which one are you going to buy?'
9.3510 	EXP 	eyetracker.setRecordingState(False)
9.3640 	EXP 	text: height = np.float64(0.05)
9.3640 	EXP 	text: height = np.float64(0.05)
9.3640 	EXP 	text: height = np.float64(0.05)
9.3640 	EXP 	text: text = 'Which one are you going to buy?'
9.3652 	EXP 	eyetracker.setRecordingState(False)
9.3766 	EXP 	text: height = np.float64(0.05)
9.3766 	EXP 	text: height = np.float64(0.05)
9.3766 	EXP 	text: height = np.float64(0.05)
9.3766 	EXP 	text: text = 'Which one are you going to buy?'
9.3777 	EXP 	eyetracker.setRecordingState(False)
9.3889 	EXP 	text: height = np.float64(0.05)
9.3889 	EXP 	text: height = np.float64(0.05)
9.3889 	EXP 	text: height = np.float64(0.05)
9.3889 	EXP 	text: text = 'Which one are you going to buy?'
9.3902 	EXP 	eyetracker.setRecordingState(False)
9.4043 	EXP 	text: height = np.float64(0.05)
9.4043 	EXP 	text: height = np.float64(0.05)
9.4043 	EXP 	text: height = np.float64(0.05)
9.4043 	EXP 	text: text = 'Which one are you going to buy?'
9.4060 	EXP 	eyetracker.setRecordingState(False)
9.4227 	EXP 	text: height = np.float64(0.05)
9.4227 	EXP 	text: height = np.float64(0.05)
9.4227 	EXP 	text: height = np.float64(0.05)
9.4227 	EXP 	text: text = 'Which one are you going to buy?'
9.4244 	EXP 	eyetracker.setRecordingState(False)
9.4410 	EXP 	text: height = np.float64(0.05)
9.4410 	EXP 	text: height = np.float64(0.05)
9.4410 	EXP 	text: height = np.float64(0.05)
9.4410 	EXP 	text: text = 'Which one are you going to buy?'
9.4429 	EXP 	eyetracker.setRecordingState(False)
9.4622 	EXP 	text: height = np.float64(0.05)
9.4622 	EXP 	text: height = np.float64(0.05)
9.4622 	EXP 	text: height = np.float64(0.05)
9.4622 	EXP 	text: text = 'Which one are you going to buy?'
9.4645 	EXP 	eyetracker.setRecordingState(False)
9.4813 	EXP 	text: height = np.float64(0.05)
9.4813 	EXP 	text: height = np.float64(0.05)
9.4813 	EXP 	text: height = np.float64(0.05)
9.4813 	EXP 	text: text = 'Which one are you going to buy?'
9.4826 	EXP 	eyetracker.setRecordingState(False)
9.4944 	EXP 	text: height = np.float64(0.05)
9.4944 	EXP 	text: height = np.float64(0.05)
9.4944 	EXP 	text: height = np.float64(0.05)
9.4944 	EXP 	text: text = 'Which one are you going to buy?'
9.4954 	EXP 	eyetracker.setRecordingState(False)
9.5095 	EXP 	text: height = np.float64(0.05)
9.5095 	EXP 	text: height = np.float64(0.05)
9.5095 	EXP 	text: height = np.float64(0.05)
9.5095 	EXP 	text: text = 'Which one are you going to buy?'
9.5113 	EXP 	eyetracker.setRecordingState(False)
9.5281 	EXP 	text: height = np.float64(0.05)
9.5281 	EXP 	text: height = np.float64(0.05)
9.5281 	EXP 	text: height = np.float64(0.05)
9.5281 	EXP 	text: text = 'Which one are you going to buy?'
9.5298 	EXP 	eyetracker.setRecordingState(False)
9.5466 	EXP 	text: height = np.float64(0.05)
9.5466 	EXP 	text: height = np.float64(0.05)
9.5466 	EXP 	text: height = np.float64(0.05)
9.5466 	EXP 	text: text = 'Which one are you going to buy?'
9.5481 	EXP 	eyetracker.setRecordingState(False)
9.5670 	EXP 	text: height = np.float64(0.05)
9.5670 	EXP 	text: height = np.float64(0.05)
9.5670 	EXP 	text: height = np.float64(0.05)
9.5670 	EXP 	text: text = 'Which one are you going to buy?'
9.5690 	EXP 	eyetracker.setRecordingState(False)
9.5840 	EXP 	text: height = np.float64(0.05)
9.5840 	EXP 	text: height = np.float64(0.05)
9.5840 	EXP 	text: height = np.float64(0.05)
9.5840 	EXP 	text: text = 'Which one are you going to buy?'
9.5860 	EXP 	eyetracker.setRecordingState(False)
9.5979 	EXP 	text: height = np.float64(0.05)
9.5979 	EXP 	text: height = np.float64(0.05)
9.5979 	EXP 	text: height = np.float64(0.05)
9.5979 	EXP 	text: text = 'Which one are you going to buy?'
9.5991 	EXP 	eyetracker.setRecordingState(False)
9.6097 	EXP 	text: height = np.float64(0.05)
9.6097 	EXP 	text: height = np.float64(0.05)
9.6097 	EXP 	text: height = np.float64(0.05)
9.6097 	EXP 	text: text = 'Which one are you going to buy?'
9.6107 	EXP 	eyetracker.setRecordingState(False)
9.6208 	EXP 	text: height = np.float64(0.05)
9.6208 	EXP 	text: height = np.float64(0.05)
9.6208 	EXP 	text: height = np.float64(0.05)
9.6208 	EXP 	text: text = 'Which one are you going to buy?'
9.6216 	EXP 	eyetracker.setRecordingState(False)
9.6321 	EXP 	text: height = np.float64(0.05)
9.6321 	EXP 	text: height = np.float64(0.05)
9.6321 	EXP 	text: height = np.float64(0.05)
9.6321 	EXP 	text: text = 'Which one are you going to buy?'
9.6337 	EXP 	eyetracker.setRecordingState(False)
9.6471 	EXP 	text: height = np.float64(0.05)
9.6471 	EXP 	text: height = np.float64(0.05)
9.6471 	EXP 	text: height = np.float64(0.05)
9.6471 	EXP 	text: text = 'Which one are you going to buy?'
9.6488 	EXP 	eyetracker.setRecordingState(False)
9.6645 	EXP 	text: height = np.float64(0.05)
9.6645 	EXP 	text: height = np.float64(0.05)
9.6645 	EXP 	text: height = np.float64(0.05)
9.6645 	EXP 	text: text = 'Which one are you going to buy?'
9.6665 	EXP 	eyetracker.setRecordingState(False)
9.6814 	EXP 	text: height = np.float64(0.05)
9.6814 	EXP 	text: height = np.float64(0.05)
9.6814 	EXP 	text: height = np.float64(0.05)
9.6814 	EXP 	text: text = 'Which one are you going to buy?'
9.6829 	EXP 	eyetracker.setRecordingState(False)
9.6970 	EXP 	text: height = np.float64(0.05)
9.6970 	EXP 	text: height = np.float64(0.05)
9.6970 	EXP 	text: height = np.float64(0.05)
9.6970 	EXP 	text: text = 'Which one are you going to buy?'
9.6985 	EXP 	eyetracker.setRecordingState(False)
9.7121 	EXP 	text: height = np.float64(0.05)
9.7121 	EXP 	text: height = np.float64(0.05)
9.7121 	EXP 	text: height = np.float64(0.05)
9.7121 	EXP 	text: text = 'Which one are you going to buy?'
9.7139 	EXP 	eyetracker.setRecordingState(False)
9.7332 	EXP 	text: height = np.float64(0.05)
9.7332 	EXP 	text: height = np.float64(0.05)
9.7332 	EXP 	text: height = np.float64(0.05)
9.7332 	EXP 	text: text = 'Which one are you going to buy?'
9.7349 	EXP 	eyetracker.setRecordingState(False)
9.7496 	EXP 	text: height = np.float64(0.05)
9.7496 	EXP 	text: height = np.float64(0.05)
9.7496 	EXP 	text: height = np.float64(0.05)
9.7496 	EXP 	text: text = 'Which one are you going to buy?'
9.7507 	EXP 	eyetracker.setRecordingState(False)
9.7628 	EXP 	text: height = np.float64(0.05)
9.7628 	EXP 	text: height = np.float64(0.05)
9.7628 	EXP 	text: height = np.float64(0.05)
9.7628 	EXP 	text: text = 'Which one are you going to buy?'
9.7636 	EXP 	eyetracker.setRecordingState(False)
9.7716 	EXP 	text: height = np.float64(0.05)
9.7716 	EXP 	text: height = np.float64(0.05)
9.7716 	EXP 	text: height = np.float64(0.05)
9.7716 	EXP 	text: text = 'Which one are you going to buy?'
9.7723 	EXP 	eyetracker.setRecordingState(False)
9.7803 	EXP 	text: height = np.float64(0.05)
9.7803 	EXP 	text: height = np.float64(0.05)
9.7803 	EXP 	text: height = np.float64(0.05)
9.7803 	EXP 	text: text = 'Which one are you going to buy?'
9.7812 	EXP 	eyetracker.setRecordingState(False)
9.7900 	EXP 	text: height = np.float64(0.05)
9.7900 	EXP 	text: height = np.float64(0.05)
9.7900 	EXP 	text: height = np.float64(0.05)
9.7900 	EXP 	text: text = 'Which one are you going to buy?'
9.7907 	EXP 	eyetracker.setRecordingState(False)
9.8000 	EXP 	text: height = np.float64(0.05)
9.8000 	EXP 	text: height = np.float64(0.05)
9.8000 	EXP 	text: height = np.float64(0.05)
9.8000 	EXP 	text: text = 'Which one are you going to buy?'
9.8007 	EXP 	eyetracker.setRecordingState(False)
9.8087 	EXP 	text: height = np.float64(0.05)
9.8087 	EXP 	text: height = np.float64(0.05)
9.8087 	EXP 	text: height = np.float64(0.05)
9.8087 	EXP 	text: text = 'Which one are you going to buy?'
9.8095 	EXP 	eyetracker.setRecordingState(False)
9.8168 	EXP 	text: height = np.float64(0.05)
9.8168 	EXP 	text: height = np.float64(0.05)
9.8168 	EXP 	text: height = np.float64(0.05)
9.8168 	EXP 	text: text = 'Which one are you going to buy?'
9.8175 	EXP 	eyetracker.setRecordingState(False)
9.8244 	EXP 	text: height = np.float64(0.05)
9.8244 	EXP 	text: height = np.float64(0.05)
9.8244 	EXP 	text: height = np.float64(0.05)
9.8244 	EXP 	text: text = 'Which one are you going to buy?'
9.8251 	EXP 	eyetracker.setRecordingState(False)
9.8319 	EXP 	text: height = np.float64(0.05)
9.8319 	EXP 	text: height = np.float64(0.05)
9.8319 	EXP 	text: height = np.float64(0.05)
9.8319 	EXP 	text: text = 'Which one are you going to buy?'
9.8324 	EXP 	eyetracker.setRecordingState(False)
9.8394 	EXP 	text: height = np.float64(0.05)
9.8394 	EXP 	text: height = np.float64(0.05)
9.8394 	EXP 	text: height = np.float64(0.05)
9.8394 	EXP 	text: text = 'Which one are you going to buy?'
9.8404 	EXP 	eyetracker.setRecordingState(False)
9.8475 	EXP 	text: height = np.float64(0.05)
9.8475 	EXP 	text: height = np.float64(0.05)
9.8475 	EXP 	text: height = np.float64(0.05)
9.8475 	EXP 	text: text = 'Which one are you going to buy?'
9.8481 	EXP 	eyetracker.setRecordingState(False)
9.8548 	EXP 	text: height = np.float64(0.05)
9.8548 	EXP 	text: height = np.float64(0.05)
9.8548 	EXP 	text: height = np.float64(0.05)
9.8548 	EXP 	text: text = 'Which one are you going to buy?'
9.8557 	EXP 	eyetracker.setRecordingState(False)
9.8626 	EXP 	text: height = np.float64(0.05)
9.8626 	EXP 	text: height = np.float64(0.05)
9.8626 	EXP 	text: height = np.float64(0.05)
9.8626 	EXP 	text: text = 'Which one are you going to buy?'
9.8632 	EXP 	eyetracker.setRecordingState(False)
9.8702 	EXP 	text: height = np.float64(0.05)
9.8702 	EXP 	text: height = np.float64(0.05)
9.8702 	EXP 	text: height = np.float64(0.05)
9.8702 	EXP 	text: text = 'Which one are you going to buy?'
9.8708 	EXP 	eyetracker.setRecordingState(False)
9.8782 	EXP 	text: height = np.float64(0.05)
9.8782 	EXP 	text: height = np.float64(0.05)
9.8782 	EXP 	text: height = np.float64(0.05)
9.8782 	EXP 	text: text = 'Which one are you going to buy?'
9.8788 	EXP 	eyetracker.setRecordingState(False)
9.8855 	EXP 	text: height = np.float64(0.05)
9.8855 	EXP 	text: height = np.float64(0.05)
9.8855 	EXP 	text: height = np.float64(0.05)
9.8855 	EXP 	text: text = 'Which one are you going to buy?'
9.8864 	EXP 	eyetracker.setRecordingState(False)
9.8933 	EXP 	text: height = np.float64(0.05)
9.8933 	EXP 	text: height = np.float64(0.05)
9.8933 	EXP 	text: height = np.float64(0.05)
9.8933 	EXP 	text: text = 'Which one are you going to buy?'
9.8938 	EXP 	eyetracker.setRecordingState(False)
9.9006 	EXP 	text: height = np.float64(0.05)
9.9006 	EXP 	text: height = np.float64(0.05)
9.9006 	EXP 	text: height = np.float64(0.05)
9.9006 	EXP 	text: text = 'Which one are you going to buy?'
9.9014 	EXP 	eyetracker.setRecordingState(False)
9.9088 	EXP 	text: height = np.float64(0.05)
9.9088 	EXP 	text: height = np.float64(0.05)
9.9088 	EXP 	text: height = np.float64(0.05)
9.9088 	EXP 	text: text = 'Which one are you going to buy?'
9.9096 	EXP 	eyetracker.setRecordingState(False)
9.9166 	EXP 	text: height = np.float64(0.05)
9.9166 	EXP 	text: height = np.float64(0.05)
9.9166 	EXP 	text: height = np.float64(0.05)
9.9166 	EXP 	text: text = 'Which one are you going to buy?'
9.9173 	EXP 	eyetracker.setRecordingState(False)
9.9242 	EXP 	text: height = np.float64(0.05)
9.9242 	EXP 	text: height = np.float64(0.05)
9.9242 	EXP 	text: height = np.float64(0.05)
9.9242 	EXP 	text: text = 'Which one are you going to buy?'
9.9251 	EXP 	eyetracker.setRecordingState(False)
9.9333 	EXP 	text: height = np.float64(0.05)
9.9333 	EXP 	text: height = np.float64(0.05)
9.9333 	EXP 	text: height = np.float64(0.05)
9.9333 	EXP 	text: text = 'Which one are you going to buy?'
9.9340 	EXP 	eyetracker.setRecordingState(False)
9.9418 	EXP 	text: height = np.float64(0.05)
9.9418 	EXP 	text: height = np.float64(0.05)
9.9418 	EXP 	text: height = np.float64(0.05)
9.9418 	EXP 	text: text = 'Which one are you going to buy?'
9.9426 	EXP 	eyetracker.setRecordingState(False)
9.9502 	EXP 	text: height = np.float64(0.05)
9.9502 	EXP 	text: height = np.float64(0.05)
9.9502 	EXP 	text: height = np.float64(0.05)
9.9502 	EXP 	text: text = 'Which one are you going to buy?'
9.9512 	EXP 	eyetracker.setRecordingState(False)
9.9594 	EXP 	text: height = np.float64(0.05)
9.9594 	EXP 	text: height = np.float64(0.05)
9.9594 	EXP 	text: height = np.float64(0.05)
9.9594 	EXP 	text: text = 'Which one are you going to buy?'
9.9601 	EXP 	eyetracker.setRecordingState(False)
9.9675 	EXP 	text: height = np.float64(0.05)
9.9675 	EXP 	text: height = np.float64(0.05)
9.9675 	EXP 	text: height = np.float64(0.05)
9.9675 	EXP 	text: text = 'Which one are you going to buy?'
9.9684 	EXP 	eyetracker.setRecordingState(False)
9.9774 	EXP 	text: height = np.float64(0.05)
9.9774 	EXP 	text: height = np.float64(0.05)
9.9774 	EXP 	text: height = np.float64(0.05)
9.9774 	EXP 	text: text = 'Which one are you going to buy?'
9.9787 	EXP 	eyetracker.setRecordingState(False)
9.9914 	EXP 	text: height = np.float64(0.05)
9.9914 	EXP 	text: height = np.float64(0.05)
9.9914 	EXP 	text: height = np.float64(0.05)
9.9914 	EXP 	text: text = 'Which one are you going to buy?'
9.9932 	EXP 	eyetracker.setRecordingState(False)
10.0087 	EXP 	text: height = np.float64(0.05)
10.0087 	EXP 	text: height = np.float64(0.05)
10.0087 	EXP 	text: height = np.float64(0.05)
10.0087 	EXP 	text: text = 'Which one are you going to buy?'
10.0102 	EXP 	eyetracker.setRecordingState(False)
10.0234 	EXP 	text: height = np.float64(0.05)
10.0234 	EXP 	text: height = np.float64(0.05)
10.0234 	EXP 	text: height = np.float64(0.05)
10.0234 	EXP 	text: text = 'Which one are you going to buy?'
10.0251 	EXP 	eyetracker.setRecordingState(False)
10.0399 	EXP 	text: height = np.float64(0.05)
10.0399 	EXP 	text: height = np.float64(0.05)
10.0399 	EXP 	text: height = np.float64(0.05)
10.0399 	EXP 	text: text = 'Which one are you going to buy?'
10.0417 	EXP 	eyetracker.setRecordingState(False)
10.0560 	EXP 	text: height = np.float64(0.05)
10.0560 	EXP 	text: height = np.float64(0.05)
10.0560 	EXP 	text: height = np.float64(0.05)
10.0560 	EXP 	text: text = 'Which one are you going to buy?'
10.0573 	EXP 	eyetracker.setRecordingState(False)
10.0726 	EXP 	text: height = np.float64(0.05)
10.0726 	EXP 	text: height = np.float64(0.05)
10.0726 	EXP 	text: height = np.float64(0.05)
10.0726 	EXP 	text: text = 'Which one are you going to buy?'
10.0742 	EXP 	eyetracker.setRecordingState(False)
10.0865 	EXP 	text: height = np.float64(0.05)
10.0865 	EXP 	text: height = np.float64(0.05)
10.0865 	EXP 	text: height = np.float64(0.05)
10.0865 	EXP 	text: text = 'Which one are you going to buy?'
10.0877 	EXP 	eyetracker.setRecordingState(False)
10.1016 	EXP 	text: height = np.float64(0.05)
10.1016 	EXP 	text: height = np.float64(0.05)
10.1016 	EXP 	text: height = np.float64(0.05)
10.1016 	EXP 	text: text = 'Which one are you going to buy?'
10.1026 	EXP 	eyetracker.setRecordingState(False)
10.1145 	EXP 	text: height = np.float64(0.05)
10.1145 	EXP 	text: height = np.float64(0.05)
10.1145 	EXP 	text: height = np.float64(0.05)
10.1145 	EXP 	text: text = 'Which one are you going to buy?'
10.1162 	EXP 	eyetracker.setRecordingState(False)
10.1329 	EXP 	text: height = np.float64(0.05)
10.1329 	EXP 	text: height = np.float64(0.05)
10.1329 	EXP 	text: height = np.float64(0.05)
10.1329 	EXP 	text: text = 'Which one are you going to buy?'
10.1346 	EXP 	eyetracker.setRecordingState(False)
10.1527 	EXP 	text: height = np.float64(0.05)
10.1527 	EXP 	text: height = np.float64(0.05)
10.1527 	EXP 	text: height = np.float64(0.05)
10.1527 	EXP 	text: text = 'Which one are you going to buy?'
10.1542 	EXP 	eyetracker.setRecordingState(False)
10.1646 	EXP 	text: height = np.float64(0.05)
10.1646 	EXP 	text: height = np.float64(0.05)
10.1646 	EXP 	text: height = np.float64(0.05)
10.1646 	EXP 	text: text = 'Which one are you going to buy?'
10.1655 	EXP 	eyetracker.setRecordingState(False)
10.1745 	EXP 	text: height = np.float64(0.05)
10.1745 	EXP 	text: height = np.float64(0.05)
10.1745 	EXP 	text: height = np.float64(0.05)
10.1745 	EXP 	text: text = 'Which one are you going to buy?'
10.1754 	EXP 	eyetracker.setRecordingState(False)
10.1867 	EXP 	text: height = np.float64(0.05)
10.1867 	EXP 	text: height = np.float64(0.05)
10.1867 	EXP 	text: height = np.float64(0.05)
10.1867 	EXP 	text: text = 'Which one are you going to buy?'
10.1877 	EXP 	eyetracker.setRecordingState(False)
10.1972 	EXP 	text: height = np.float64(0.05)
10.1972 	EXP 	text: height = np.float64(0.05)
10.1972 	EXP 	text: height = np.float64(0.05)
10.1972 	EXP 	text: text = 'Which one are you going to buy?'
10.1981 	EXP 	eyetracker.setRecordingState(False)
10.2082 	EXP 	text: height = np.float64(0.05)
10.2082 	EXP 	text: height = np.float64(0.05)
10.2082 	EXP 	text: height = np.float64(0.05)
10.2082 	EXP 	text: text = 'Which one are you going to buy?'
10.2097 	EXP 	eyetracker.setRecordingState(False)
10.2241 	EXP 	text: height = np.float64(0.05)
10.2241 	EXP 	text: height = np.float64(0.05)
10.2241 	EXP 	text: height = np.float64(0.05)
10.2241 	EXP 	text: text = 'Which one are you going to buy?'
10.2253 	EXP 	eyetracker.setRecordingState(False)
10.2409 	EXP 	text: height = np.float64(0.05)
10.2409 	EXP 	text: height = np.float64(0.05)
10.2409 	EXP 	text: height = np.float64(0.05)
10.2409 	EXP 	text: text = 'Which one are you going to buy?'
10.2426 	EXP 	eyetracker.setRecordingState(False)
10.2595 	EXP 	text: height = np.float64(0.05)
10.2595 	EXP 	text: height = np.float64(0.05)
10.2595 	EXP 	text: height = np.float64(0.05)
10.2595 	EXP 	text: text = 'Which one are you going to buy?'
10.2613 	EXP 	eyetracker.setRecordingState(False)
10.2777 	EXP 	text: height = np.float64(0.05)
10.2777 	EXP 	text: height = np.float64(0.05)
10.2777 	EXP 	text: height = np.float64(0.05)
10.2777 	EXP 	text: text = 'Which one are you going to buy?'
10.2800 	EXP 	eyetracker.setRecordingState(False)
10.2978 	EXP 	text: height = np.float64(0.05)
10.2978 	EXP 	text: height = np.float64(0.05)
10.2978 	EXP 	text: height = np.float64(0.05)
10.2978 	EXP 	text: text = 'Which one are you going to buy?'
10.2992 	EXP 	eyetracker.setRecordingState(False)
10.3164 	EXP 	text: height = np.float64(0.05)
10.3164 	EXP 	text: height = np.float64(0.05)
10.3164 	EXP 	text: height = np.float64(0.05)
10.3164 	EXP 	text: text = 'Which one are you going to buy?'
10.3181 	EXP 	eyetracker.setRecordingState(False)
10.3348 	EXP 	text: height = np.float64(0.05)
10.3348 	EXP 	text: height = np.float64(0.05)
10.3348 	EXP 	text: height = np.float64(0.05)
10.3348 	EXP 	text: text = 'Which one are you going to buy?'
10.3367 	EXP 	eyetracker.setRecordingState(False)
10.3559 	EXP 	text: height = np.float64(0.05)
10.3559 	EXP 	text: height = np.float64(0.05)
10.3559 	EXP 	text: height = np.float64(0.05)
10.3559 	EXP 	text: text = 'Which one are you going to buy?'
10.3578 	EXP 	eyetracker.setRecordingState(False)
10.3737 	EXP 	text: height = np.float64(0.05)
10.3737 	EXP 	text: height = np.float64(0.05)
10.3737 	EXP 	text: height = np.float64(0.05)
10.3737 	EXP 	text: text = 'Which one are you going to buy?'
10.3756 	EXP 	eyetracker.setRecordingState(False)
10.3934 	EXP 	text: height = np.float64(0.05)
10.3934 	EXP 	text: height = np.float64(0.05)
10.3934 	EXP 	text: height = np.float64(0.05)
10.3934 	EXP 	text: text = 'Which one are you going to buy?'
10.3954 	EXP 	eyetracker.setRecordingState(False)
10.4096 	EXP 	text: height = np.float64(0.05)
10.4096 	EXP 	text: height = np.float64(0.05)
10.4096 	EXP 	text: height = np.float64(0.05)
10.4096 	EXP 	text: text = 'Which one are you going to buy?'
10.4112 	EXP 	eyetracker.setRecordingState(False)
10.4258 	EXP 	text: height = np.float64(0.05)
10.4258 	EXP 	text: height = np.float64(0.05)
10.4258 	EXP 	text: height = np.float64(0.05)
10.4258 	EXP 	text: text = 'Which one are you going to buy?'
10.4268 	EXP 	eyetracker.setRecordingState(False)
10.4385 	EXP 	text: height = np.float64(0.05)
10.4385 	EXP 	text: height = np.float64(0.05)
10.4385 	EXP 	text: height = np.float64(0.05)
10.4385 	EXP 	text: text = 'Which one are you going to buy?'
10.4400 	EXP 	eyetracker.setRecordingState(False)
10.4542 	EXP 	text: height = np.float64(0.05)
10.4542 	EXP 	text: height = np.float64(0.05)
10.4542 	EXP 	text: height = np.float64(0.05)
10.4542 	EXP 	text: text = 'Which one are you going to buy?'
10.4560 	EXP 	eyetracker.setRecordingState(False)
10.4697 	EXP 	text: height = np.float64(0.05)
10.4697 	EXP 	text: height = np.float64(0.05)
10.4697 	EXP 	text: height = np.float64(0.05)
10.4697 	EXP 	text: text = 'Which one are you going to buy?'
10.4712 	EXP 	eyetracker.setRecordingState(False)
10.4834 	EXP 	text: height = np.float64(0.05)
10.4834 	EXP 	text: height = np.float64(0.05)
10.4834 	EXP 	text: height = np.float64(0.05)
10.4834 	EXP 	text: text = 'Which one are you going to buy?'
10.4847 	EXP 	eyetracker.setRecordingState(False)
10.4987 	EXP 	text: height = np.float64(0.05)
10.4987 	EXP 	text: height = np.float64(0.05)
10.4987 	EXP 	text: height = np.float64(0.05)
10.4987 	EXP 	text: text = 'Which one are you going to buy?'
10.5004 	EXP 	eyetracker.setRecordingState(False)
10.5153 	EXP 	text: height = np.float64(0.05)
10.5153 	EXP 	text: height = np.float64(0.05)
10.5153 	EXP 	text: height = np.float64(0.05)
10.5153 	EXP 	text: text = 'Which one are you going to buy?'
10.5168 	EXP 	eyetracker.setRecordingState(False)
10.5306 	EXP 	text: height = np.float64(0.05)
10.5306 	EXP 	text: height = np.float64(0.05)
10.5306 	EXP 	text: height = np.float64(0.05)
10.5306 	EXP 	text: text = 'Which one are you going to buy?'
10.5321 	EXP 	eyetracker.setRecordingState(False)
10.5479 	EXP 	text: height = np.float64(0.05)
10.5479 	EXP 	text: height = np.float64(0.05)
10.5479 	EXP 	text: height = np.float64(0.05)
10.5479 	EXP 	text: text = 'Which one are you going to buy?'
10.5497 	EXP 	eyetracker.setRecordingState(False)
10.5660 	EXP 	text: height = np.float64(0.05)
10.5660 	EXP 	text: height = np.float64(0.05)
10.5660 	EXP 	text: height = np.float64(0.05)
10.5660 	EXP 	text: text = 'Which one are you going to buy?'
10.5675 	EXP 	eyetracker.setRecordingState(False)
10.5799 	EXP 	text: height = np.float64(0.05)
10.5799 	EXP 	text: height = np.float64(0.05)
10.5799 	EXP 	text: height = np.float64(0.05)
10.5799 	EXP 	text: text = 'Which one are you going to buy?'
10.5812 	EXP 	eyetracker.setRecordingState(False)
10.5928 	EXP 	text: height = np.float64(0.05)
10.5928 	EXP 	text: height = np.float64(0.05)
10.5928 	EXP 	text: height = np.float64(0.05)
10.5928 	EXP 	text: text = 'Which one are you going to buy?'
10.5939 	EXP 	eyetracker.setRecordingState(False)
10.6065 	EXP 	text: height = np.float64(0.05)
10.6065 	EXP 	text: height = np.float64(0.05)
10.6065 	EXP 	text: height = np.float64(0.05)
10.6065 	EXP 	text: text = 'Which one are you going to buy?'
10.6083 	EXP 	eyetracker.setRecordingState(False)
10.6239 	EXP 	text: height = np.float64(0.05)
10.6239 	EXP 	text: height = np.float64(0.05)
10.6239 	EXP 	text: height = np.float64(0.05)
10.6239 	EXP 	text: text = 'Which one are you going to buy?'
10.6256 	EXP 	eyetracker.setRecordingState(False)
10.6427 	EXP 	text: height = np.float64(0.05)
10.6427 	EXP 	text: height = np.float64(0.05)
10.6427 	EXP 	text: height = np.float64(0.05)
10.6427 	EXP 	text: text = 'Which one are you going to buy?'
10.6447 	EXP 	eyetracker.setRecordingState(False)
10.6610 	EXP 	text: height = np.float64(0.05)
10.6610 	EXP 	text: height = np.float64(0.05)
10.6610 	EXP 	text: height = np.float64(0.05)
10.6610 	EXP 	text: text = 'Which one are you going to buy?'
10.6626 	EXP 	eyetracker.setRecordingState(False)
10.6784 	EXP 	text: height = np.float64(0.05)
10.6784 	EXP 	text: height = np.float64(0.05)
10.6784 	EXP 	text: height = np.float64(0.05)
10.6784 	EXP 	text: text = 'Which one are you going to buy?'
10.6798 	EXP 	eyetracker.setRecordingState(False)
10.6902 	EXP 	text: height = np.float64(0.05)
10.6902 	EXP 	text: height = np.float64(0.05)
10.6902 	EXP 	text: height = np.float64(0.05)
10.6902 	EXP 	text: text = 'Which one are you going to buy?'
10.6912 	EXP 	eyetracker.setRecordingState(False)
10.7006 	EXP 	text: height = np.float64(0.05)
10.7006 	EXP 	text: height = np.float64(0.05)
10.7006 	EXP 	text: height = np.float64(0.05)
10.7006 	EXP 	text: text = 'Which one are you going to buy?'
10.7014 	EXP 	eyetracker.setRecordingState(False)
10.7116 	EXP 	text: height = np.float64(0.05)
10.7116 	EXP 	text: height = np.float64(0.05)
10.7116 	EXP 	text: height = np.float64(0.05)
10.7116 	EXP 	text: text = 'Which one are you going to buy?'
10.7130 	EXP 	eyetracker.setRecordingState(False)
10.7276 	EXP 	text: height = np.float64(0.05)
10.7276 	EXP 	text: height = np.float64(0.05)
10.7276 	EXP 	text: height = np.float64(0.05)
10.7276 	EXP 	text: text = 'Which one are you going to buy?'
10.7289 	EXP 	eyetracker.setRecordingState(False)
10.7433 	EXP 	text: height = np.float64(0.05)
10.7433 	EXP 	text: height = np.float64(0.05)
10.7433 	EXP 	text: height = np.float64(0.05)
10.7433 	EXP 	text: text = 'Which one are you going to buy?'
10.7454 	EXP 	eyetracker.setRecordingState(False)
10.7633 	EXP 	text: height = np.float64(0.05)
10.7633 	EXP 	text: height = np.float64(0.05)
10.7633 	EXP 	text: height = np.float64(0.05)
10.7633 	EXP 	text: text = 'Which one are you going to buy?'
10.7650 	EXP 	eyetracker.setRecordingState(False)
10.7818 	EXP 	text: height = np.float64(0.05)
10.7818 	EXP 	text: height = np.float64(0.05)
10.7818 	EXP 	text: height = np.float64(0.05)
10.7818 	EXP 	text: text = 'Which one are you going to buy?'
10.7837 	EXP 	eyetracker.setRecordingState(False)
10.7984 	EXP 	text: height = np.float64(0.05)
10.7984 	EXP 	text: height = np.float64(0.05)
10.7984 	EXP 	text: height = np.float64(0.05)
10.7984 	EXP 	text: text = 'Which one are you going to buy?'
10.7998 	EXP 	eyetracker.setRecordingState(False)
10.8133 	EXP 	text: height = np.float64(0.05)
10.8133 	EXP 	text: height = np.float64(0.05)
10.8133 	EXP 	text: height = np.float64(0.05)
10.8133 	EXP 	text: text = 'Which one are you going to buy?'
10.8147 	EXP 	eyetracker.setRecordingState(False)
10.8245 	EXP 	text: height = np.float64(0.05)
10.8245 	EXP 	text: height = np.float64(0.05)
10.8245 	EXP 	text: height = np.float64(0.05)
10.8245 	EXP 	text: text = 'Which one are you going to buy?'
10.8255 	EXP 	eyetracker.setRecordingState(False)
10.8347 	EXP 	text: height = np.float64(0.05)
10.8347 	EXP 	text: height = np.float64(0.05)
10.8347 	EXP 	text: height = np.float64(0.05)
10.8347 	EXP 	text: text = 'Which one are you going to buy?'
10.8357 	EXP 	eyetracker.setRecordingState(False)
10.8456 	EXP 	text: height = np.float64(0.05)
10.8456 	EXP 	text: height = np.float64(0.05)
10.8456 	EXP 	text: height = np.float64(0.05)
10.8456 	EXP 	text: text = 'Which one are you going to buy?'
10.8468 	EXP 	eyetracker.setRecordingState(False)
10.8613 	EXP 	text: height = np.float64(0.05)
10.8613 	EXP 	text: height = np.float64(0.05)
10.8613 	EXP 	text: height = np.float64(0.05)
10.8613 	EXP 	text: text = 'Which one are you going to buy?'
10.8625 	EXP 	eyetracker.setRecordingState(False)
10.8765 	EXP 	text: height = np.float64(0.05)
10.8765 	EXP 	text: height = np.float64(0.05)
10.8765 	EXP 	text: height = np.float64(0.05)
10.8765 	EXP 	text: text = 'Which one are you going to buy?'
10.8781 	EXP 	eyetracker.setRecordingState(False)
10.8921 	EXP 	text: height = np.float64(0.05)
10.8921 	EXP 	text: height = np.float64(0.05)
10.8921 	EXP 	text: height = np.float64(0.05)
10.8921 	EXP 	text: text = 'Which one are you going to buy?'
10.8935 	EXP 	eyetracker.setRecordingState(False)
10.9058 	EXP 	text: height = np.float64(0.05)
10.9058 	EXP 	text: height = np.float64(0.05)
10.9058 	EXP 	text: height = np.float64(0.05)
10.9058 	EXP 	text: text = 'Which one are you going to buy?'
10.9069 	EXP 	eyetracker.setRecordingState(False)
10.9181 	EXP 	text: height = np.float64(0.05)
10.9181 	EXP 	text: height = np.float64(0.05)
10.9181 	EXP 	text: height = np.float64(0.05)
10.9181 	EXP 	text: text = 'Which one are you going to buy?'
10.9193 	EXP 	eyetracker.setRecordingState(False)
10.9330 	EXP 	text: height = np.float64(0.05)
10.9330 	EXP 	text: height = np.float64(0.05)
10.9330 	EXP 	text: height = np.float64(0.05)
10.9330 	EXP 	text: text = 'Which one are you going to buy?'
10.9345 	EXP 	eyetracker.setRecordingState(False)
10.9528 	EXP 	text: height = np.float64(0.05)
10.9528 	EXP 	text: height = np.float64(0.05)
10.9528 	EXP 	text: height = np.float64(0.05)
10.9528 	EXP 	text: text = 'Which one are you going to buy?'
10.9546 	EXP 	eyetracker.setRecordingState(False)
10.9720 	EXP 	text: height = np.float64(0.05)
10.9720 	EXP 	text: height = np.float64(0.05)
10.9720 	EXP 	text: height = np.float64(0.05)
10.9720 	EXP 	text: text = 'Which one are you going to buy?'
10.9741 	EXP 	eyetracker.setRecordingState(False)
10.9901 	EXP 	text: height = np.float64(0.05)
10.9901 	EXP 	text: height = np.float64(0.05)
10.9901 	EXP 	text: height = np.float64(0.05)
10.9901 	EXP 	text: text = 'Which one are you going to buy?'
10.9915 	EXP 	eyetracker.setRecordingState(False)
11.0029 	EXP 	text: height = np.float64(0.05)
11.0029 	EXP 	text: height = np.float64(0.05)
11.0029 	EXP 	text: height = np.float64(0.05)
11.0029 	EXP 	text: text = 'Which one are you going to buy?'
11.0042 	EXP 	eyetracker.setRecordingState(False)
11.0157 	EXP 	text: height = np.float64(0.05)
11.0157 	EXP 	text: height = np.float64(0.05)
11.0157 	EXP 	text: height = np.float64(0.05)
11.0157 	EXP 	text: text = 'Which one are you going to buy?'
11.0167 	EXP 	eyetracker.setRecordingState(False)
11.0289 	EXP 	text: height = np.float64(0.05)
11.0289 	EXP 	text: height = np.float64(0.05)
11.0289 	EXP 	text: height = np.float64(0.05)
11.0289 	EXP 	text: text = 'Which one are you going to buy?'
11.0305 	EXP 	eyetracker.setRecordingState(False)
11.0476 	EXP 	text: height = np.float64(0.05)
11.0476 	EXP 	text: height = np.float64(0.05)
11.0476 	EXP 	text: height = np.float64(0.05)
11.0476 	EXP 	text: text = 'Which one are you going to buy?'
11.0497 	EXP 	eyetracker.setRecordingState(False)
11.0659 	EXP 	text: height = np.float64(0.05)
11.0659 	EXP 	text: height = np.float64(0.05)
11.0659 	EXP 	text: height = np.float64(0.05)
11.0659 	EXP 	text: text = 'Which one are you going to buy?'
11.0676 	EXP 	eyetracker.setRecordingState(False)
11.0867 	EXP 	text: height = np.float64(0.05)
11.0867 	EXP 	text: height = np.float64(0.05)
11.0867 	EXP 	text: height = np.float64(0.05)
11.0867 	EXP 	text: text = 'Which one are you going to buy?'
11.0885 	EXP 	eyetracker.setRecordingState(False)
11.1051 	EXP 	text: height = np.float64(0.05)
11.1051 	EXP 	text: height = np.float64(0.05)
11.1051 	EXP 	text: height = np.float64(0.05)
11.1051 	EXP 	text: text = 'Which one are you going to buy?'
11.1069 	EXP 	eyetracker.setRecordingState(False)
11.1236 	EXP 	text: height = np.float64(0.05)
11.1236 	EXP 	text: height = np.float64(0.05)
11.1236 	EXP 	text: height = np.float64(0.05)
11.1236 	EXP 	text: text = 'Which one are you going to buy?'
11.1255 	EXP 	eyetracker.setRecordingState(False)
11.1432 	EXP 	text: height = np.float64(0.05)
11.1432 	EXP 	text: height = np.float64(0.05)
11.1432 	EXP 	text: height = np.float64(0.05)
11.1432 	EXP 	text: text = 'Which one are you going to buy?'
11.1447 	EXP 	eyetracker.setRecordingState(False)
11.1575 	EXP 	text: height = np.float64(0.05)
11.1575 	EXP 	text: height = np.float64(0.05)
11.1575 	EXP 	text: height = np.float64(0.05)
11.1575 	EXP 	text: text = 'Which one are you going to buy?'
11.1585 	EXP 	eyetracker.setRecordingState(False)
11.1676 	EXP 	text: height = np.float64(0.05)
11.1676 	EXP 	text: height = np.float64(0.05)
11.1676 	EXP 	text: height = np.float64(0.05)
11.1676 	EXP 	text: text = 'Which one are you going to buy?'
11.1684 	EXP 	eyetracker.setRecordingState(False)
11.1760 	EXP 	text: height = np.float64(0.05)
11.1760 	EXP 	text: height = np.float64(0.05)
11.1760 	EXP 	text: height = np.float64(0.05)
11.1760 	EXP 	text: text = 'Which one are you going to buy?'
11.1770 	EXP 	eyetracker.setRecordingState(False)
11.1873 	EXP 	text: height = np.float64(0.05)
11.1873 	EXP 	text: height = np.float64(0.05)
11.1873 	EXP 	text: height = np.float64(0.05)
11.1873 	EXP 	text: text = 'Which one are you going to buy?'
11.1885 	EXP 	eyetracker.setRecordingState(False)
11.2037 	EXP 	text: height = np.float64(0.05)
11.2037 	EXP 	text: height = np.float64(0.05)
11.2037 	EXP 	text: height = np.float64(0.05)
11.2037 	EXP 	text: text = 'Which one are you going to buy?'
11.2051 	EXP 	eyetracker.setRecordingState(False)
11.2197 	EXP 	text: height = np.float64(0.05)
11.2197 	EXP 	text: height = np.float64(0.05)
11.2197 	EXP 	text: height = np.float64(0.05)
11.2197 	EXP 	text: text = 'Which one are you going to buy?'
11.2208 	EXP 	eyetracker.setRecordingState(False)
11.2329 	EXP 	text: height = np.float64(0.05)
11.2329 	EXP 	text: height = np.float64(0.05)
11.2329 	EXP 	text: height = np.float64(0.05)
11.2329 	EXP 	text: text = 'Which one are you going to buy?'
11.2339 	EXP 	eyetracker.setRecordingState(False)
11.2455 	EXP 	text: height = np.float64(0.05)
11.2455 	EXP 	text: height = np.float64(0.05)
11.2455 	EXP 	text: height = np.float64(0.05)
11.2455 	EXP 	text: text = 'Which one are you going to buy?'
11.2463 	EXP 	eyetracker.setRecordingState(False)
11.2546 	EXP 	text: height = np.float64(0.05)
11.2546 	EXP 	text: height = np.float64(0.05)
11.2546 	EXP 	text: height = np.float64(0.05)
11.2546 	EXP 	text: text = 'Which one are you going to buy?'
11.2554 	EXP 	eyetracker.setRecordingState(False)
11.2647 	EXP 	text: height = np.float64(0.05)
11.2647 	EXP 	text: height = np.float64(0.05)
11.2647 	EXP 	text: height = np.float64(0.05)
11.2647 	EXP 	text: text = 'Which one are you going to buy?'
11.2655 	EXP 	eyetracker.setRecordingState(False)
11.2750 	EXP 	text: height = np.float64(0.05)
11.2750 	EXP 	text: height = np.float64(0.05)
11.2750 	EXP 	text: height = np.float64(0.05)
11.2750 	EXP 	text: text = 'Which one are you going to buy?'
11.2763 	EXP 	eyetracker.setRecordingState(False)
11.2896 	EXP 	text: height = np.float64(0.05)
11.2896 	EXP 	text: height = np.float64(0.05)
11.2896 	EXP 	text: height = np.float64(0.05)
11.2896 	EXP 	text: text = 'Which one are you going to buy?'
11.2913 	EXP 	eyetracker.setRecordingState(False)
11.3019 	EXP 	text: height = np.float64(0.05)
11.3019 	EXP 	text: height = np.float64(0.05)
11.3019 	EXP 	text: height = np.float64(0.05)
11.3019 	EXP 	text: text = 'Which one are you going to buy?'
11.3027 	EXP 	eyetracker.setRecordingState(False)
11.3115 	EXP 	text: height = np.float64(0.05)
11.3115 	EXP 	text: height = np.float64(0.05)
11.3115 	EXP 	text: height = np.float64(0.05)
11.3115 	EXP 	text: text = 'Which one are you going to buy?'
11.3123 	EXP 	eyetracker.setRecordingState(False)
11.3201 	EXP 	text: height = np.float64(0.05)
11.3201 	EXP 	text: height = np.float64(0.05)
11.3201 	EXP 	text: height = np.float64(0.05)
11.3201 	EXP 	text: text = 'Which one are you going to buy?'
11.3210 	EXP 	eyetracker.setRecordingState(False)
11.3286 	EXP 	text: height = np.float64(0.05)
11.3286 	EXP 	text: height = np.float64(0.05)
11.3286 	EXP 	text: height = np.float64(0.05)
11.3286 	EXP 	text: text = 'Which one are you going to buy?'
11.3292 	EXP 	eyetracker.setRecordingState(False)
11.3365 	EXP 	text: height = np.float64(0.05)
11.3365 	EXP 	text: height = np.float64(0.05)
11.3365 	EXP 	text: height = np.float64(0.05)
11.3365 	EXP 	text: text = 'Which one are you going to buy?'
11.3372 	EXP 	eyetracker.setRecordingState(False)
11.3442 	EXP 	text: height = np.float64(0.05)
11.3442 	EXP 	text: height = np.float64(0.05)
11.3442 	EXP 	text: height = np.float64(0.05)
11.3442 	EXP 	text: text = 'Which one are you going to buy?'
11.3448 	EXP 	eyetracker.setRecordingState(False)
11.3515 	EXP 	text: height = np.float64(0.05)
11.3515 	EXP 	text: height = np.float64(0.05)
11.3515 	EXP 	text: height = np.float64(0.05)
11.3515 	EXP 	text: text = 'Which one are you going to buy?'
11.3523 	EXP 	eyetracker.setRecordingState(False)
11.3595 	EXP 	text: height = np.float64(0.05)
11.3595 	EXP 	text: height = np.float64(0.05)
11.3595 	EXP 	text: height = np.float64(0.05)
11.3595 	EXP 	text: text = 'Which one are you going to buy?'
11.3601 	EXP 	eyetracker.setRecordingState(False)
11.3669 	EXP 	text: height = np.float64(0.05)
11.3669 	EXP 	text: height = np.float64(0.05)
11.3669 	EXP 	text: height = np.float64(0.05)
11.3669 	EXP 	text: text = 'Which one are you going to buy?'
11.3678 	EXP 	eyetracker.setRecordingState(False)
11.3748 	EXP 	text: height = np.float64(0.05)
11.3748 	EXP 	text: height = np.float64(0.05)
11.3748 	EXP 	text: height = np.float64(0.05)
11.3748 	EXP 	text: text = 'Which one are you going to buy?'
11.3753 	EXP 	eyetracker.setRecordingState(False)
11.3821 	EXP 	text: height = np.float64(0.05)
11.3821 	EXP 	text: height = np.float64(0.05)
11.3821 	EXP 	text: height = np.float64(0.05)
11.3821 	EXP 	text: text = 'Which one are you going to buy?'
11.3827 	EXP 	eyetracker.setRecordingState(False)
11.3902 	EXP 	text: height = np.float64(0.05)
11.3902 	EXP 	text: height = np.float64(0.05)
11.3902 	EXP 	text: height = np.float64(0.05)
11.3902 	EXP 	text: text = 'Which one are you going to buy?'
11.3909 	EXP 	eyetracker.setRecordingState(False)
11.3980 	EXP 	text: height = np.float64(0.05)
11.3980 	EXP 	text: height = np.float64(0.05)
11.3980 	EXP 	text: height = np.float64(0.05)
11.3980 	EXP 	text: text = 'Which one are you going to buy?'
11.3988 	EXP 	eyetracker.setRecordingState(False)
11.4061 	EXP 	text: height = np.float64(0.05)
11.4061 	EXP 	text: height = np.float64(0.05)
11.4061 	EXP 	text: height = np.float64(0.05)
11.4061 	EXP 	text: text = 'Which one are you going to buy?'
11.4067 	EXP 	eyetracker.setRecordingState(False)
11.4133 	EXP 	text: height = np.float64(0.05)
11.4133 	EXP 	text: height = np.float64(0.05)
11.4133 	EXP 	text: height = np.float64(0.05)
11.4133 	EXP 	text: text = 'Which one are you going to buy?'
11.4140 	EXP 	eyetracker.setRecordingState(False)
11.4222 	EXP 	text: height = np.float64(0.05)
11.4222 	EXP 	text: height = np.float64(0.05)
11.4222 	EXP 	text: height = np.float64(0.05)
11.4222 	EXP 	text: text = 'Which one are you going to buy?'
11.4228 	EXP 	eyetracker.setRecordingState(False)
11.4296 	EXP 	text: height = np.float64(0.05)
11.4296 	EXP 	text: height = np.float64(0.05)
11.4296 	EXP 	text: height = np.float64(0.05)
11.4296 	EXP 	text: text = 'Which one are you going to buy?'
11.4303 	EXP 	eyetracker.setRecordingState(False)
11.4377 	EXP 	text: height = np.float64(0.05)
11.4377 	EXP 	text: height = np.float64(0.05)
11.4377 	EXP 	text: height = np.float64(0.05)
11.4377 	EXP 	text: text = 'Which one are you going to buy?'
11.4384 	EXP 	eyetracker.setRecordingState(False)
11.4457 	EXP 	text: height = np.float64(0.05)
11.4457 	EXP 	text: height = np.float64(0.05)
11.4457 	EXP 	text: height = np.float64(0.05)
11.4457 	EXP 	text: text = 'Which one are you going to buy?'
11.4463 	EXP 	eyetracker.setRecordingState(False)
11.4541 	EXP 	text: height = np.float64(0.05)
11.4541 	EXP 	text: height = np.float64(0.05)
11.4541 	EXP 	text: height = np.float64(0.05)
11.4541 	EXP 	text: text = 'Which one are you going to buy?'
11.4549 	EXP 	eyetracker.setRecordingState(False)
11.4626 	EXP 	text: height = np.float64(0.05)
11.4626 	EXP 	text: height = np.float64(0.05)
11.4626 	EXP 	text: height = np.float64(0.05)
11.4626 	EXP 	text: text = 'Which one are you going to buy?'
11.4632 	EXP 	eyetracker.setRecordingState(False)
11.4710 	EXP 	text: height = np.float64(0.05)
11.4710 	EXP 	text: height = np.float64(0.05)
11.4710 	EXP 	text: height = np.float64(0.05)
11.4710 	EXP 	text: text = 'Which one are you going to buy?'
11.4716 	EXP 	eyetracker.setRecordingState(False)
11.4800 	EXP 	text: height = np.float64(0.05)
11.4800 	EXP 	text: height = np.float64(0.05)
11.4800 	EXP 	text: height = np.float64(0.05)
11.4800 	EXP 	text: text = 'Which one are you going to buy?'
11.4809 	EXP 	eyetracker.setRecordingState(False)
11.4914 	EXP 	text: height = np.float64(0.05)
11.4914 	EXP 	text: height = np.float64(0.05)
11.4914 	EXP 	text: height = np.float64(0.05)
11.4914 	EXP 	text: text = 'Which one are you going to buy?'
11.4930 	EXP 	eyetracker.setRecordingState(False)
11.5063 	EXP 	text: height = np.float64(0.05)
11.5063 	EXP 	text: height = np.float64(0.05)
11.5063 	EXP 	text: height = np.float64(0.05)
11.5063 	EXP 	text: text = 'Which one are you going to buy?'
11.5074 	EXP 	eyetracker.setRecordingState(False)
11.5189 	EXP 	text: height = np.float64(0.05)
11.5189 	EXP 	text: height = np.float64(0.05)
11.5189 	EXP 	text: height = np.float64(0.05)
11.5189 	EXP 	text: text = 'Which one are you going to buy?'
11.5203 	EXP 	eyetracker.setRecordingState(False)
11.5350 	EXP 	text: height = np.float64(0.05)
11.5350 	EXP 	text: height = np.float64(0.05)
11.5350 	EXP 	text: height = np.float64(0.05)
11.5350 	EXP 	text: text = 'Which one are you going to buy?'
11.5362 	EXP 	eyetracker.setRecordingState(False)
11.5490 	EXP 	text: height = np.float64(0.05)
11.5490 	EXP 	text: height = np.float64(0.05)
11.5490 	EXP 	text: height = np.float64(0.05)
11.5490 	EXP 	text: text = 'Which one are you going to buy?'
11.5501 	EXP 	eyetracker.setRecordingState(False)
11.5609 	EXP 	text: height = np.float64(0.05)
11.5609 	EXP 	text: height = np.float64(0.05)
11.5609 	EXP 	text: height = np.float64(0.05)
11.5609 	EXP 	text: text = 'Which one are you going to buy?'
11.5624 	EXP 	eyetracker.setRecordingState(False)
11.5760 	EXP 	text: height = np.float64(0.05)
11.5760 	EXP 	text: height = np.float64(0.05)
11.5760 	EXP 	text: height = np.float64(0.05)
11.5760 	EXP 	text: text = 'Which one are you going to buy?'
11.5772 	EXP 	eyetracker.setRecordingState(False)
11.5887 	EXP 	text: height = np.float64(0.05)
11.5887 	EXP 	text: height = np.float64(0.05)
11.5887 	EXP 	text: height = np.float64(0.05)
11.5887 	EXP 	text: text = 'Which one are you going to buy?'
11.5898 	EXP 	eyetracker.setRecordingState(False)
11.6026 	EXP 	text: height = np.float64(0.05)
11.6026 	EXP 	text: height = np.float64(0.05)
11.6026 	EXP 	text: height = np.float64(0.05)
11.6026 	EXP 	text: text = 'Which one are you going to buy?'
11.6042 	EXP 	eyetracker.setRecordingState(False)
11.6211 	EXP 	text: height = np.float64(0.05)
11.6211 	EXP 	text: height = np.float64(0.05)
11.6211 	EXP 	text: height = np.float64(0.05)
11.6211 	EXP 	text: text = 'Which one are you going to buy?'
11.6224 	EXP 	eyetracker.setRecordingState(False)
11.6358 	EXP 	text: height = np.float64(0.05)
11.6358 	EXP 	text: height = np.float64(0.05)
11.6358 	EXP 	text: height = np.float64(0.05)
11.6358 	EXP 	text: text = 'Which one are you going to buy?'
11.6369 	EXP 	eyetracker.setRecordingState(False)
11.6493 	EXP 	text: height = np.float64(0.05)
11.6493 	EXP 	text: height = np.float64(0.05)
11.6493 	EXP 	text: height = np.float64(0.05)
11.6493 	EXP 	text: text = 'Which one are you going to buy?'
11.6504 	EXP 	eyetracker.setRecordingState(False)
11.6643 	EXP 	text: height = np.float64(0.05)
11.6643 	EXP 	text: height = np.float64(0.05)
11.6643 	EXP 	text: height = np.float64(0.05)
11.6643 	EXP 	text: text = 'Which one are you going to buy?'
11.6665 	EXP 	eyetracker.setRecordingState(False)
11.6805 	EXP 	text: height = np.float64(0.05)
11.6805 	EXP 	text: height = np.float64(0.05)
11.6805 	EXP 	text: height = np.float64(0.05)
11.6805 	EXP 	text: text = 'Which one are you going to buy?'
11.6827 	EXP 	eyetracker.setRecordingState(False)
11.7014 	EXP 	text: height = np.float64(0.05)
11.7014 	EXP 	text: height = np.float64(0.05)
11.7014 	EXP 	text: height = np.float64(0.05)
11.7014 	EXP 	text: text = 'Which one are you going to buy?'
11.7035 	EXP 	eyetracker.setRecordingState(False)
11.7203 	EXP 	text: height = np.float64(0.05)
11.7203 	EXP 	text: height = np.float64(0.05)
11.7203 	EXP 	text: height = np.float64(0.05)
11.7203 	EXP 	text: text = 'Which one are you going to buy?'
11.7220 	EXP 	eyetracker.setRecordingState(False)
11.7389 	EXP 	text: height = np.float64(0.05)
11.7389 	EXP 	text: height = np.float64(0.05)
11.7389 	EXP 	text: height = np.float64(0.05)
11.7389 	EXP 	text: text = 'Which one are you going to buy?'
11.7404 	EXP 	eyetracker.setRecordingState(False)
11.7583 	EXP 	text: height = np.float64(0.05)
11.7583 	EXP 	text: height = np.float64(0.05)
11.7583 	EXP 	text: height = np.float64(0.05)
11.7583 	EXP 	text: text = 'Which one are you going to buy?'
11.7602 	EXP 	eyetracker.setRecordingState(False)
11.7764 	EXP 	text: height = np.float64(0.05)
11.7764 	EXP 	text: height = np.float64(0.05)
11.7764 	EXP 	text: height = np.float64(0.05)
11.7764 	EXP 	text: text = 'Which one are you going to buy?'
11.7782 	EXP 	eyetracker.setRecordingState(False)
11.7956 	EXP 	text: height = np.float64(0.05)
11.7956 	EXP 	text: height = np.float64(0.05)
11.7956 	EXP 	text: height = np.float64(0.05)
11.7956 	EXP 	text: text = 'Which one are you going to buy?'
11.7967 	EXP 	eyetracker.setRecordingState(False)
11.8061 	EXP 	text: height = np.float64(0.05)
11.8061 	EXP 	text: height = np.float64(0.05)
11.8061 	EXP 	text: height = np.float64(0.05)
11.8061 	EXP 	text: text = 'Which one are you going to buy?'
11.8069 	EXP 	eyetracker.setRecordingState(False)
11.8176 	EXP 	text: height = np.float64(0.05)
11.8176 	EXP 	text: height = np.float64(0.05)
11.8176 	EXP 	text: height = np.float64(0.05)
11.8176 	EXP 	text: text = 'Which one are you going to buy?'
11.8191 	EXP 	eyetracker.setRecordingState(False)
11.8350 	EXP 	text: height = np.float64(0.05)
11.8350 	EXP 	text: height = np.float64(0.05)
11.8350 	EXP 	text: height = np.float64(0.05)
11.8350 	EXP 	text: text = 'Which one are you going to buy?'
11.8366 	EXP 	eyetracker.setRecordingState(False)
11.8524 	EXP 	text: height = np.float64(0.05)
11.8524 	EXP 	text: height = np.float64(0.05)
11.8524 	EXP 	text: height = np.float64(0.05)
11.8524 	EXP 	text: text = 'Which one are you going to buy?'
11.8540 	EXP 	eyetracker.setRecordingState(False)
11.8676 	EXP 	text: height = np.float64(0.05)
11.8676 	EXP 	text: height = np.float64(0.05)
11.8676 	EXP 	text: height = np.float64(0.05)
11.8676 	EXP 	text: text = 'Which one are you going to buy?'
11.8691 	EXP 	eyetracker.setRecordingState(False)
11.8819 	EXP 	text: height = np.float64(0.05)
11.8819 	EXP 	text: height = np.float64(0.05)
11.8819 	EXP 	text: height = np.float64(0.05)
11.8819 	EXP 	text: text = 'Which one are you going to buy?'
11.8835 	EXP 	eyetracker.setRecordingState(False)
11.8992 	EXP 	text: height = np.float64(0.05)
11.8992 	EXP 	text: height = np.float64(0.05)
11.8992 	EXP 	text: height = np.float64(0.05)
11.8992 	EXP 	text: text = 'Which one are you going to buy?'
11.9004 	EXP 	eyetracker.setRecordingState(False)
11.9130 	EXP 	text: height = np.float64(0.05)
11.9130 	EXP 	text: height = np.float64(0.05)
11.9130 	EXP 	text: height = np.float64(0.05)
11.9130 	EXP 	text: text = 'Which one are you going to buy?'
11.9142 	EXP 	eyetracker.setRecordingState(False)
11.9305 	EXP 	text: height = np.float64(0.05)
11.9305 	EXP 	text: height = np.float64(0.05)
11.9305 	EXP 	text: height = np.float64(0.05)
11.9305 	EXP 	text: text = 'Which one are you going to buy?'
11.9327 	EXP 	eyetracker.setRecordingState(False)
11.9543 	EXP 	text: height = np.float64(0.05)
11.9543 	EXP 	text: height = np.float64(0.05)
11.9543 	EXP 	text: height = np.float64(0.05)
11.9543 	EXP 	text: text = 'Which one are you going to buy?'
11.9566 	EXP 	eyetracker.setRecordingState(False)
11.9749 	EXP 	text: height = np.float64(0.05)
11.9749 	EXP 	text: height = np.float64(0.05)
11.9749 	EXP 	text: height = np.float64(0.05)
11.9749 	EXP 	text: text = 'Which one are you going to buy?'
11.9767 	EXP 	eyetracker.setRecordingState(False)
11.9959 	EXP 	text: height = np.float64(0.05)
11.9959 	EXP 	text: height = np.float64(0.05)
11.9959 	EXP 	text: height = np.float64(0.05)
11.9959 	EXP 	text: text = 'Which one are you going to buy?'
11.9987 	EXP 	eyetracker.setRecordingState(False)
12.0182 	EXP 	text: height = np.float64(0.05)
12.0182 	EXP 	text: height = np.float64(0.05)
12.0182 	EXP 	text: height = np.float64(0.05)
12.0182 	EXP 	text: text = 'Which one are you going to buy?'
12.0196 	EXP 	eyetracker.setRecordingState(False)
12.0350 	EXP 	text: height = np.float64(0.05)
12.0350 	EXP 	text: height = np.float64(0.05)
12.0350 	EXP 	text: height = np.float64(0.05)
12.0350 	EXP 	text: text = 'Which one are you going to buy?'
12.0362 	EXP 	eyetracker.setRecordingState(False)
12.0519 	EXP 	text: height = np.float64(0.05)
12.0519 	EXP 	text: height = np.float64(0.05)
12.0519 	EXP 	text: height = np.float64(0.05)
12.0519 	EXP 	text: text = 'Which one are you going to buy?'
12.0539 	EXP 	eyetracker.setRecordingState(False)
12.0743 	EXP 	text: height = np.float64(0.05)
12.0743 	EXP 	text: height = np.float64(0.05)
12.0743 	EXP 	text: height = np.float64(0.05)
12.0743 	EXP 	text: text = 'Which one are you going to buy?'
12.0761 	EXP 	eyetracker.setRecordingState(False)
12.0918 	EXP 	text: height = np.float64(0.05)
12.0918 	EXP 	text: height = np.float64(0.05)
12.0918 	EXP 	text: height = np.float64(0.05)
12.0918 	EXP 	text: text = 'Which one are you going to buy?'
12.0933 	EXP 	eyetracker.setRecordingState(False)
12.1082 	EXP 	text: height = np.float64(0.05)
12.1082 	EXP 	text: height = np.float64(0.05)
12.1082 	EXP 	text: height = np.float64(0.05)
12.1082 	EXP 	text: text = 'Which one are you going to buy?'
12.1101 	EXP 	eyetracker.setRecordingState(False)
12.1269 	EXP 	text: height = np.float64(0.05)
12.1269 	EXP 	text: height = np.float64(0.05)
12.1269 	EXP 	text: height = np.float64(0.05)
12.1269 	EXP 	text: text = 'Which one are you going to buy?'
12.1286 	EXP 	eyetracker.setRecordingState(False)
12.1452 	EXP 	text: height = np.float64(0.05)
12.1452 	EXP 	text: height = np.float64(0.05)
12.1452 	EXP 	text: height = np.float64(0.05)
12.1452 	EXP 	text: text = 'Which one are you going to buy?'
12.1469 	EXP 	eyetracker.setRecordingState(False)
12.1604 	EXP 	text: height = np.float64(0.05)
12.1604 	EXP 	text: height = np.float64(0.05)
12.1604 	EXP 	text: height = np.float64(0.05)
12.1604 	EXP 	text: text = 'Which one are you going to buy?'
12.1616 	EXP 	eyetracker.setRecordingState(False)
12.1720 	EXP 	text: height = np.float64(0.05)
12.1720 	EXP 	text: height = np.float64(0.05)
12.1720 	EXP 	text: height = np.float64(0.05)
12.1720 	EXP 	text: text = 'Which one are you going to buy?'
12.1730 	EXP 	eyetracker.setRecordingState(False)
12.1814 	EXP 	text: height = np.float64(0.05)
12.1814 	EXP 	text: height = np.float64(0.05)
12.1814 	EXP 	text: height = np.float64(0.05)
12.1814 	EXP 	text: text = 'Which one are you going to buy?'
12.1821 	EXP 	eyetracker.setRecordingState(False)
12.1898 	EXP 	text: height = np.float64(0.05)
12.1898 	EXP 	text: height = np.float64(0.05)
12.1898 	EXP 	text: height = np.float64(0.05)
12.1898 	EXP 	text: text = 'Which one are you going to buy?'
12.1904 	EXP 	eyetracker.setRecordingState(False)
12.1980 	EXP 	text: height = np.float64(0.05)
12.1980 	EXP 	text: height = np.float64(0.05)
12.1980 	EXP 	text: height = np.float64(0.05)
12.1980 	EXP 	text: text = 'Which one are you going to buy?'
12.1986 	EXP 	eyetracker.setRecordingState(False)
12.2058 	EXP 	text: height = np.float64(0.05)
12.2058 	EXP 	text: height = np.float64(0.05)
12.2058 	EXP 	text: height = np.float64(0.05)
12.2058 	EXP 	text: text = 'Which one are you going to buy?'
12.2063 	EXP 	eyetracker.setRecordingState(False)
12.2134 	EXP 	text: height = np.float64(0.05)
12.2134 	EXP 	text: height = np.float64(0.05)
12.2134 	EXP 	text: height = np.float64(0.05)
12.2134 	EXP 	text: text = 'Which one are you going to buy?'
12.2143 	EXP 	eyetracker.setRecordingState(False)
12.2212 	EXP 	text: height = np.float64(0.05)
12.2212 	EXP 	text: height = np.float64(0.05)
12.2212 	EXP 	text: height = np.float64(0.05)
12.2212 	EXP 	text: text = 'Which one are you going to buy?'
12.2218 	EXP 	eyetracker.setRecordingState(False)
12.2285 	EXP 	text: height = np.float64(0.05)
12.2285 	EXP 	text: height = np.float64(0.05)
12.2285 	EXP 	text: height = np.float64(0.05)
12.2285 	EXP 	text: text = 'Which one are you going to buy?'
12.2293 	EXP 	eyetracker.setRecordingState(False)
12.2361 	EXP 	text: height = np.float64(0.05)
12.2361 	EXP 	text: height = np.float64(0.05)
12.2361 	EXP 	text: height = np.float64(0.05)
12.2361 	EXP 	text: text = 'Which one are you going to buy?'
12.2367 	EXP 	eyetracker.setRecordingState(False)
12.2447 	EXP 	text: height = np.float64(0.05)
12.2447 	EXP 	text: height = np.float64(0.05)
12.2447 	EXP 	text: height = np.float64(0.05)
12.2447 	EXP 	text: text = 'Which one are you going to buy?'
12.2455 	EXP 	eyetracker.setRecordingState(False)
12.2523 	EXP 	text: height = np.float64(0.05)
12.2523 	EXP 	text: height = np.float64(0.05)
12.2523 	EXP 	text: height = np.float64(0.05)
12.2523 	EXP 	text: text = 'Which one are you going to buy?'
12.2528 	EXP 	eyetracker.setRecordingState(False)
12.2597 	EXP 	text: height = np.float64(0.05)
12.2597 	EXP 	text: height = np.float64(0.05)
12.2597 	EXP 	text: height = np.float64(0.05)
12.2597 	EXP 	text: text = 'Which one are you going to buy?'
12.2604 	EXP 	eyetracker.setRecordingState(False)
12.2678 	EXP 	text: height = np.float64(0.05)
12.2678 	EXP 	text: height = np.float64(0.05)
12.2678 	EXP 	text: height = np.float64(0.05)
12.2678 	EXP 	text: text = 'Which one are you going to buy?'
12.2687 	EXP 	eyetracker.setRecordingState(False)
12.2758 	EXP 	text: height = np.float64(0.05)
12.2758 	EXP 	text: height = np.float64(0.05)
12.2758 	EXP 	text: height = np.float64(0.05)
12.2758 	EXP 	text: text = 'Which one are you going to buy?'
12.2766 	EXP 	eyetracker.setRecordingState(False)
12.2832 	EXP 	text: height = np.float64(0.05)
12.2832 	EXP 	text: height = np.float64(0.05)
12.2832 	EXP 	text: height = np.float64(0.05)
12.2832 	EXP 	text: text = 'Which one are you going to buy?'
12.2838 	EXP 	eyetracker.setRecordingState(False)
12.2904 	EXP 	text: height = np.float64(0.05)
12.2904 	EXP 	text: height = np.float64(0.05)
12.2904 	EXP 	text: height = np.float64(0.05)
12.2904 	EXP 	text: text = 'Which one are you going to buy?'
12.2912 	EXP 	eyetracker.setRecordingState(False)
12.3016 	EXP 	text: height = np.float64(0.05)
12.3016 	EXP 	text: height = np.float64(0.05)
12.3016 	EXP 	text: height = np.float64(0.05)
12.3016 	EXP 	text: text = 'Which one are you going to buy?'
12.3023 	EXP 	eyetracker.setRecordingState(False)
12.3092 	EXP 	text: height = np.float64(0.05)
12.3092 	EXP 	text: height = np.float64(0.05)
12.3092 	EXP 	text: height = np.float64(0.05)
12.3092 	EXP 	text: text = 'Which one are you going to buy?'
12.3100 	EXP 	eyetracker.setRecordingState(False)
12.3169 	EXP 	text: height = np.float64(0.05)
12.3169 	EXP 	text: height = np.float64(0.05)
12.3169 	EXP 	text: height = np.float64(0.05)
12.3169 	EXP 	text: text = 'Which one are you going to buy?'
12.3175 	EXP 	eyetracker.setRecordingState(False)
12.3241 	EXP 	text: height = np.float64(0.05)
12.3241 	EXP 	text: height = np.float64(0.05)
12.3241 	EXP 	text: height = np.float64(0.05)
12.3241 	EXP 	text: text = 'Which one are you going to buy?'
12.3249 	EXP 	eyetracker.setRecordingState(False)
12.3317 	EXP 	text: height = np.float64(0.05)
12.3317 	EXP 	text: height = np.float64(0.05)
12.3317 	EXP 	text: height = np.float64(0.05)
12.3317 	EXP 	text: text = 'Which one are you going to buy?'
12.3326 	EXP 	eyetracker.setRecordingState(False)
12.3400 	EXP 	text: height = np.float64(0.05)
12.3400 	EXP 	text: height = np.float64(0.05)
12.3400 	EXP 	text: height = np.float64(0.05)
12.3400 	EXP 	text: text = 'Which one are you going to buy?'
12.3408 	EXP 	eyetracker.setRecordingState(False)
12.3479 	EXP 	text: height = np.float64(0.05)
12.3479 	EXP 	text: height = np.float64(0.05)
12.3479 	EXP 	text: height = np.float64(0.05)
12.3479 	EXP 	text: text = 'Which one are you going to buy?'
12.3485 	EXP 	eyetracker.setRecordingState(False)
12.3553 	EXP 	text: height = np.float64(0.05)
12.3553 	EXP 	text: height = np.float64(0.05)
12.3553 	EXP 	text: height = np.float64(0.05)
12.3553 	EXP 	text: text = 'Which one are you going to buy?'
12.3561 	EXP 	eyetracker.setRecordingState(False)
12.3629 	EXP 	text: height = np.float64(0.05)
12.3629 	EXP 	text: height = np.float64(0.05)
12.3629 	EXP 	text: height = np.float64(0.05)
12.3629 	EXP 	text: text = 'Which one are you going to buy?'
12.3645 	EXP 	eyetracker.setRecordingState(False)
12.3715 	EXP 	text: height = np.float64(0.05)
12.3715 	EXP 	text: height = np.float64(0.05)
12.3715 	EXP 	text: height = np.float64(0.05)
12.3715 	EXP 	text: text = 'Which one are you going to buy?'
12.3724 	EXP 	eyetracker.setRecordingState(False)
12.3793 	EXP 	text: height = np.float64(0.05)
12.3793 	EXP 	text: height = np.float64(0.05)
12.3793 	EXP 	text: height = np.float64(0.05)
12.3793 	EXP 	text: text = 'Which one are you going to buy?'
12.3798 	EXP 	eyetracker.setRecordingState(False)
12.3866 	EXP 	text: height = np.float64(0.05)
12.3866 	EXP 	text: height = np.float64(0.05)
12.3866 	EXP 	text: height = np.float64(0.05)
12.3866 	EXP 	text: text = 'Which one are you going to buy?'
12.3875 	EXP 	eyetracker.setRecordingState(False)
12.3943 	EXP 	text: height = np.float64(0.05)
12.3943 	EXP 	text: height = np.float64(0.05)
12.3943 	EXP 	text: height = np.float64(0.05)
12.3943 	EXP 	text: text = 'Which one are you going to buy?'
12.3949 	EXP 	eyetracker.setRecordingState(False)
12.4019 	EXP 	text: height = np.float64(0.05)
12.4019 	EXP 	text: height = np.float64(0.05)
12.4019 	EXP 	text: height = np.float64(0.05)
12.4019 	EXP 	text: text = 'Which one are you going to buy?'
12.4027 	EXP 	eyetracker.setRecordingState(False)
12.4100 	EXP 	text: height = np.float64(0.05)
12.4100 	EXP 	text: height = np.float64(0.05)
12.4100 	EXP 	text: height = np.float64(0.05)
12.4100 	EXP 	text: text = 'Which one are you going to buy?'
12.4107 	EXP 	eyetracker.setRecordingState(False)
12.4182 	EXP 	text: height = np.float64(0.05)
12.4182 	EXP 	text: height = np.float64(0.05)
12.4182 	EXP 	text: height = np.float64(0.05)
12.4182 	EXP 	text: text = 'Which one are you going to buy?'
12.4190 	EXP 	eyetracker.setRecordingState(False)
12.4263 	EXP 	text: height = np.float64(0.05)
12.4263 	EXP 	text: height = np.float64(0.05)
12.4263 	EXP 	text: height = np.float64(0.05)
12.4263 	EXP 	text: text = 'Which one are you going to buy?'
12.4269 	EXP 	eyetracker.setRecordingState(False)
12.4342 	EXP 	text: height = np.float64(0.05)
12.4342 	EXP 	text: height = np.float64(0.05)
12.4342 	EXP 	text: height = np.float64(0.05)
12.4342 	EXP 	text: text = 'Which one are you going to buy?'
12.4351 	EXP 	eyetracker.setRecordingState(False)
12.4426 	EXP 	text: height = np.float64(0.05)
12.4426 	EXP 	text: height = np.float64(0.05)
12.4426 	EXP 	text: height = np.float64(0.05)
12.4426 	EXP 	text: text = 'Which one are you going to buy?'
12.4433 	EXP 	eyetracker.setRecordingState(False)
12.4501 	EXP 	text: height = np.float64(0.05)
12.4501 	EXP 	text: height = np.float64(0.05)
12.4501 	EXP 	text: height = np.float64(0.05)
12.4501 	EXP 	text: text = 'Which one are you going to buy?'
12.4508 	EXP 	eyetracker.setRecordingState(False)
12.4576 	EXP 	text: height = np.float64(0.05)
12.4576 	EXP 	text: height = np.float64(0.05)
12.4576 	EXP 	text: height = np.float64(0.05)
12.4576 	EXP 	text: text = 'Which one are you going to buy?'
12.4582 	EXP 	eyetracker.setRecordingState(False)
12.4654 	EXP 	text: height = np.float64(0.05)
12.4654 	EXP 	text: height = np.float64(0.05)
12.4654 	EXP 	text: height = np.float64(0.05)
12.4654 	EXP 	text: text = 'Which one are you going to buy?'
12.4662 	EXP 	eyetracker.setRecordingState(False)
12.4729 	EXP 	text: height = np.float64(0.05)
12.4729 	EXP 	text: height = np.float64(0.05)
12.4729 	EXP 	text: height = np.float64(0.05)
12.4729 	EXP 	text: text = 'Which one are you going to buy?'
12.4735 	EXP 	eyetracker.setRecordingState(False)
12.4807 	EXP 	text: height = np.float64(0.05)
12.4807 	EXP 	text: height = np.float64(0.05)
12.4807 	EXP 	text: height = np.float64(0.05)
12.4807 	EXP 	text: text = 'Which one are you going to buy?'
12.4815 	EXP 	eyetracker.setRecordingState(False)
12.4883 	EXP 	text: height = np.float64(0.05)
12.4883 	EXP 	text: height = np.float64(0.05)
12.4883 	EXP 	text: height = np.float64(0.05)
12.4883 	EXP 	text: text = 'Which one are you going to buy?'
12.4888 	EXP 	eyetracker.setRecordingState(False)
12.4959 	EXP 	text: height = np.float64(0.05)
12.4959 	EXP 	text: height = np.float64(0.05)
12.4959 	EXP 	text: height = np.float64(0.05)
12.4959 	EXP 	text: text = 'Which one are you going to buy?'
12.4968 	EXP 	eyetracker.setRecordingState(False)
12.5036 	EXP 	text: height = np.float64(0.05)
12.5036 	EXP 	text: height = np.float64(0.05)
12.5036 	EXP 	text: height = np.float64(0.05)
12.5036 	EXP 	text: text = 'Which one are you going to buy?'
12.5042 	EXP 	eyetracker.setRecordingState(False)
12.5113 	EXP 	text: height = np.float64(0.05)
12.5113 	EXP 	text: height = np.float64(0.05)
12.5113 	EXP 	text: height = np.float64(0.05)
12.5113 	EXP 	text: text = 'Which one are you going to buy?'
12.5119 	EXP 	eyetracker.setRecordingState(False)
12.5187 	EXP 	text: height = np.float64(0.05)
12.5187 	EXP 	text: height = np.float64(0.05)
12.5187 	EXP 	text: height = np.float64(0.05)
12.5187 	EXP 	text: text = 'Which one are you going to buy?'
12.5192 	EXP 	eyetracker.setRecordingState(False)
12.5261 	EXP 	text: height = np.float64(0.05)
12.5261 	EXP 	text: height = np.float64(0.05)
12.5261 	EXP 	text: height = np.float64(0.05)
12.5261 	EXP 	text: text = 'Which one are you going to buy?'
12.5269 	EXP 	eyetracker.setRecordingState(False)
12.5337 	EXP 	text: height = np.float64(0.05)
12.5337 	EXP 	text: height = np.float64(0.05)
12.5337 	EXP 	text: height = np.float64(0.05)
12.5337 	EXP 	text: text = 'Which one are you going to buy?'
12.5343 	EXP 	eyetracker.setRecordingState(False)
12.5412 	EXP 	text: height = np.float64(0.05)
12.5412 	EXP 	text: height = np.float64(0.05)
12.5412 	EXP 	text: height = np.float64(0.05)
12.5412 	EXP 	text: text = 'Which one are you going to buy?'
12.5418 	EXP 	eyetracker.setRecordingState(False)
12.5488 	EXP 	text: height = np.float64(0.05)
12.5488 	EXP 	text: height = np.float64(0.05)
12.5488 	EXP 	text: height = np.float64(0.05)
12.5488 	EXP 	text: text = 'Which one are you going to buy?'
12.5495 	EXP 	eyetracker.setRecordingState(False)
12.5564 	EXP 	text: height = np.float64(0.05)
12.5564 	EXP 	text: height = np.float64(0.05)
12.5564 	EXP 	text: height = np.float64(0.05)
12.5564 	EXP 	text: text = 'Which one are you going to buy?'
12.5570 	EXP 	eyetracker.setRecordingState(False)
12.5638 	EXP 	text: height = np.float64(0.05)
12.5638 	EXP 	text: height = np.float64(0.05)
12.5638 	EXP 	text: height = np.float64(0.05)
12.5638 	EXP 	text: text = 'Which one are you going to buy?'
12.5644 	EXP 	eyetracker.setRecordingState(False)
12.5712 	EXP 	text: height = np.float64(0.05)
12.5712 	EXP 	text: height = np.float64(0.05)
12.5712 	EXP 	text: height = np.float64(0.05)
12.5712 	EXP 	text: text = 'Which one are you going to buy?'
12.5720 	EXP 	eyetracker.setRecordingState(False)
12.5798 	EXP 	text: height = np.float64(0.05)
12.5798 	EXP 	text: height = np.float64(0.05)
12.5798 	EXP 	text: height = np.float64(0.05)
12.5798 	EXP 	text: text = 'Which one are you going to buy?'
12.5803 	EXP 	eyetracker.setRecordingState(False)
12.5871 	EXP 	text: height = np.float64(0.05)
12.5871 	EXP 	text: height = np.float64(0.05)
12.5871 	EXP 	text: height = np.float64(0.05)
12.5871 	EXP 	text: text = 'Which one are you going to buy?'
12.5879 	EXP 	eyetracker.setRecordingState(False)
12.5946 	EXP 	text: height = np.float64(0.05)
12.5946 	EXP 	text: height = np.float64(0.05)
12.5946 	EXP 	text: height = np.float64(0.05)
12.5946 	EXP 	text: text = 'Which one are you going to buy?'
12.5952 	EXP 	eyetracker.setRecordingState(False)
12.6021 	EXP 	text: height = np.float64(0.05)
12.6021 	EXP 	text: height = np.float64(0.05)
12.6021 	EXP 	text: height = np.float64(0.05)
12.6021 	EXP 	text: text = 'Which one are you going to buy?'
12.6029 	EXP 	eyetracker.setRecordingState(False)
12.6097 	EXP 	text: height = np.float64(0.05)
12.6097 	EXP 	text: height = np.float64(0.05)
12.6097 	EXP 	text: height = np.float64(0.05)
12.6097 	EXP 	text: text = 'Which one are you going to buy?'
12.6102 	EXP 	eyetracker.setRecordingState(False)
12.6172 	EXP 	text: height = np.float64(0.05)
12.6172 	EXP 	text: height = np.float64(0.05)
12.6172 	EXP 	text: height = np.float64(0.05)
12.6172 	EXP 	text: text = 'Which one are you going to buy?'
12.6182 	EXP 	eyetracker.setRecordingState(False)
12.6254 	EXP 	text: height = np.float64(0.05)
12.6254 	EXP 	text: height = np.float64(0.05)
12.6254 	EXP 	text: height = np.float64(0.05)
12.6254 	EXP 	text: text = 'Which one are you going to buy?'
12.6260 	EXP 	eyetracker.setRecordingState(False)
12.6328 	EXP 	text: height = np.float64(0.05)
12.6328 	EXP 	text: height = np.float64(0.05)
12.6328 	EXP 	text: height = np.float64(0.05)
12.6328 	EXP 	text: text = 'Which one are you going to buy?'
12.6336 	EXP 	eyetracker.setRecordingState(False)
12.6404 	EXP 	text: height = np.float64(0.05)
12.6404 	EXP 	text: height = np.float64(0.05)
12.6404 	EXP 	text: height = np.float64(0.05)
12.6404 	EXP 	text: text = 'Which one are you going to buy?'
12.6410 	EXP 	eyetracker.setRecordingState(False)
12.6479 	EXP 	text: height = np.float64(0.05)
12.6479 	EXP 	text: height = np.float64(0.05)
12.6479 	EXP 	text: height = np.float64(0.05)
12.6479 	EXP 	text: text = 'Which one are you going to buy?'
12.6487 	EXP 	eyetracker.setRecordingState(False)
12.6560 	EXP 	text: height = np.float64(0.05)
12.6560 	EXP 	text: height = np.float64(0.05)
12.6560 	EXP 	text: height = np.float64(0.05)
12.6560 	EXP 	text: text = 'Which one are you going to buy?'
12.6566 	EXP 	eyetracker.setRecordingState(False)
12.6635 	EXP 	text: height = np.float64(0.05)
12.6635 	EXP 	text: height = np.float64(0.05)
12.6635 	EXP 	text: height = np.float64(0.05)
12.6635 	EXP 	text: text = 'Which one are you going to buy?'
12.6641 	EXP 	eyetracker.setRecordingState(False)
12.6710 	EXP 	text: height = np.float64(0.05)
12.6710 	EXP 	text: height = np.float64(0.05)
12.6710 	EXP 	text: height = np.float64(0.05)
12.6710 	EXP 	text: text = 'Which one are you going to buy?'
12.6716 	EXP 	eyetracker.setRecordingState(False)
12.6782 	EXP 	text: height = np.float64(0.05)
12.6782 	EXP 	text: height = np.float64(0.05)
12.6782 	EXP 	text: height = np.float64(0.05)
12.6782 	EXP 	text: text = 'Which one are you going to buy?'
12.6787 	EXP 	eyetracker.setRecordingState(False)
12.6866 	EXP 	text: height = np.float64(0.05)
12.6866 	EXP 	text: height = np.float64(0.05)
12.6866 	EXP 	text: height = np.float64(0.05)
12.6866 	EXP 	text: text = 'Which one are you going to buy?'
12.6872 	EXP 	eyetracker.setRecordingState(False)
12.6942 	EXP 	text: height = np.float64(0.05)
12.6942 	EXP 	text: height = np.float64(0.05)
12.6942 	EXP 	text: height = np.float64(0.05)
12.6942 	EXP 	text: text = 'Which one are you going to buy?'
12.6948 	EXP 	eyetracker.setRecordingState(False)
12.7019 	EXP 	text: height = np.float64(0.05)
12.7019 	EXP 	text: height = np.float64(0.05)
12.7019 	EXP 	text: height = np.float64(0.05)
12.7019 	EXP 	text: text = 'Which one are you going to buy?'
12.7025 	EXP 	eyetracker.setRecordingState(False)
12.7091 	EXP 	text: height = np.float64(0.05)
12.7091 	EXP 	text: height = np.float64(0.05)
12.7091 	EXP 	text: height = np.float64(0.05)
12.7091 	EXP 	text: text = 'Which one are you going to buy?'
12.7096 	EXP 	eyetracker.setRecordingState(False)
12.7170 	EXP 	text: height = np.float64(0.05)
12.7170 	EXP 	text: height = np.float64(0.05)
12.7170 	EXP 	text: height = np.float64(0.05)
12.7170 	EXP 	text: text = 'Which one are you going to buy?'
12.7176 	EXP 	eyetracker.setRecordingState(False)
12.7245 	EXP 	text: height = np.float64(0.05)
12.7245 	EXP 	text: height = np.float64(0.05)
12.7245 	EXP 	text: height = np.float64(0.05)
12.7245 	EXP 	text: text = 'Which one are you going to buy?'
12.7251 	EXP 	eyetracker.setRecordingState(False)
12.7333 	EXP 	text: height = np.float64(0.05)
12.7333 	EXP 	text: height = np.float64(0.05)
12.7333 	EXP 	text: height = np.float64(0.05)
12.7333 	EXP 	text: text = 'Which one are you going to buy?'
12.7340 	EXP 	eyetracker.setRecordingState(False)
12.7410 	EXP 	text: height = np.float64(0.05)
12.7410 	EXP 	text: height = np.float64(0.05)
12.7410 	EXP 	text: height = np.float64(0.05)
12.7410 	EXP 	text: text = 'Which one are you going to buy?'
12.7416 	EXP 	eyetracker.setRecordingState(False)
12.7498 	EXP 	text: height = np.float64(0.05)
12.7498 	EXP 	text: height = np.float64(0.05)
12.7498 	EXP 	text: height = np.float64(0.05)
12.7498 	EXP 	text: text = 'Which one are you going to buy?'
12.7504 	EXP 	eyetracker.setRecordingState(False)
12.7574 	EXP 	text: height = np.float64(0.05)
12.7574 	EXP 	text: height = np.float64(0.05)
12.7574 	EXP 	text: height = np.float64(0.05)
12.7574 	EXP 	text: text = 'Which one are you going to buy?'
12.7582 	EXP 	eyetracker.setRecordingState(False)
12.7651 	EXP 	text: height = np.float64(0.05)
12.7651 	EXP 	text: height = np.float64(0.05)
12.7651 	EXP 	text: height = np.float64(0.05)
12.7651 	EXP 	text: text = 'Which one are you going to buy?'
12.7657 	EXP 	eyetracker.setRecordingState(False)
12.7723 	EXP 	text: height = np.float64(0.05)
12.7723 	EXP 	text: height = np.float64(0.05)
12.7723 	EXP 	text: height = np.float64(0.05)
12.7723 	EXP 	text: text = 'Which one are you going to buy?'
12.7728 	EXP 	eyetracker.setRecordingState(False)
12.7800 	EXP 	text: height = np.float64(0.05)
12.7800 	EXP 	text: height = np.float64(0.05)
12.7800 	EXP 	text: height = np.float64(0.05)
12.7800 	EXP 	text: text = 'Which one are you going to buy?'
12.7807 	EXP 	eyetracker.setRecordingState(False)
12.7875 	EXP 	text: height = np.float64(0.05)
12.7875 	EXP 	text: height = np.float64(0.05)
12.7875 	EXP 	text: height = np.float64(0.05)
12.7875 	EXP 	text: text = 'Which one are you going to buy?'
12.7881 	EXP 	eyetracker.setRecordingState(False)
12.7950 	EXP 	text: height = np.float64(0.05)
12.7950 	EXP 	text: height = np.float64(0.05)
12.7950 	EXP 	text: height = np.float64(0.05)
12.7950 	EXP 	text: text = 'Which one are you going to buy?'
12.7956 	EXP 	eyetracker.setRecordingState(False)
12.8024 	EXP 	text: height = np.float64(0.05)
12.8024 	EXP 	text: height = np.float64(0.05)
12.8024 	EXP 	text: height = np.float64(0.05)
12.8024 	EXP 	text: text = 'Which one are you going to buy?'
12.8030 	EXP 	eyetracker.setRecordingState(False)
12.8103 	EXP 	text: height = np.float64(0.05)
12.8103 	EXP 	text: height = np.float64(0.05)
12.8103 	EXP 	text: height = np.float64(0.05)
12.8103 	EXP 	text: text = 'Which one are you going to buy?'
12.8110 	EXP 	eyetracker.setRecordingState(False)
12.8178 	EXP 	text: height = np.float64(0.05)
12.8178 	EXP 	text: height = np.float64(0.05)
12.8178 	EXP 	text: height = np.float64(0.05)
12.8178 	EXP 	text: text = 'Which one are you going to buy?'
12.8184 	EXP 	eyetracker.setRecordingState(False)
12.8257 	EXP 	text: height = np.float64(0.05)
12.8257 	EXP 	text: height = np.float64(0.05)
12.8257 	EXP 	text: height = np.float64(0.05)
12.8257 	EXP 	text: text = 'Which one are you going to buy?'
12.8264 	EXP 	eyetracker.setRecordingState(False)
12.8331 	EXP 	text: height = np.float64(0.05)
12.8331 	EXP 	text: height = np.float64(0.05)
12.8331 	EXP 	text: height = np.float64(0.05)
12.8331 	EXP 	text: text = 'Which one are you going to buy?'
12.8337 	EXP 	eyetracker.setRecordingState(False)
12.8407 	EXP 	text: height = np.float64(0.05)
12.8407 	EXP 	text: height = np.float64(0.05)
12.8407 	EXP 	text: height = np.float64(0.05)
12.8407 	EXP 	text: text = 'Which one are you going to buy?'
12.8413 	EXP 	eyetracker.setRecordingState(False)
12.8484 	EXP 	text: height = np.float64(0.05)
12.8484 	EXP 	text: height = np.float64(0.05)
12.8484 	EXP 	text: height = np.float64(0.05)
12.8484 	EXP 	text: text = 'Which one are you going to buy?'
12.8490 	EXP 	eyetracker.setRecordingState(False)
12.8557 	EXP 	text: height = np.float64(0.05)
12.8557 	EXP 	text: height = np.float64(0.05)
12.8557 	EXP 	text: height = np.float64(0.05)
12.8557 	EXP 	text: text = 'Which one are you going to buy?'
12.8563 	EXP 	eyetracker.setRecordingState(False)
12.8632 	EXP 	text: height = np.float64(0.05)
12.8632 	EXP 	text: height = np.float64(0.05)
12.8632 	EXP 	text: height = np.float64(0.05)
12.8632 	EXP 	text: text = 'Which one are you going to buy?'
12.8638 	EXP 	eyetracker.setRecordingState(False)
12.8706 	EXP 	text: height = np.float64(0.05)
12.8706 	EXP 	text: height = np.float64(0.05)
12.8706 	EXP 	text: height = np.float64(0.05)
12.8706 	EXP 	text: text = 'Which one are you going to buy?'
12.8715 	EXP 	eyetracker.setRecordingState(False)
12.8784 	EXP 	text: height = np.float64(0.05)
12.8784 	EXP 	text: height = np.float64(0.05)
12.8784 	EXP 	text: height = np.float64(0.05)
12.8784 	EXP 	text: text = 'Which one are you going to buy?'
12.8792 	EXP 	eyetracker.setRecordingState(False)
12.8861 	EXP 	text: height = np.float64(0.05)
12.8861 	EXP 	text: height = np.float64(0.05)
12.8861 	EXP 	text: height = np.float64(0.05)
12.8861 	EXP 	text: text = 'Which one are you going to buy?'
12.8869 	EXP 	eyetracker.setRecordingState(False)
12.8940 	EXP 	text: height = np.float64(0.05)
12.8940 	EXP 	text: height = np.float64(0.05)
12.8940 	EXP 	text: height = np.float64(0.05)
12.8940 	EXP 	text: text = 'Which one are you going to buy?'
12.8946 	EXP 	eyetracker.setRecordingState(False)
12.9014 	EXP 	text: height = np.float64(0.05)
12.9014 	EXP 	text: height = np.float64(0.05)
12.9014 	EXP 	text: height = np.float64(0.05)
12.9014 	EXP 	text: text = 'Which one are you going to buy?'
12.9024 	EXP 	eyetracker.setRecordingState(False)
12.9100 	EXP 	text: height = np.float64(0.05)
12.9100 	EXP 	text: height = np.float64(0.05)
12.9100 	EXP 	text: height = np.float64(0.05)
12.9100 	EXP 	text: text = 'Which one are you going to buy?'
12.9106 	EXP 	eyetracker.setRecordingState(False)
12.9172 	EXP 	text: height = np.float64(0.05)
12.9172 	EXP 	text: height = np.float64(0.05)
12.9172 	EXP 	text: height = np.float64(0.05)
12.9172 	EXP 	text: text = 'Which one are you going to buy?'
12.9180 	EXP 	eyetracker.setRecordingState(False)
12.9247 	EXP 	text: height = np.float64(0.05)
12.9247 	EXP 	text: height = np.float64(0.05)
12.9247 	EXP 	text: height = np.float64(0.05)
12.9247 	EXP 	text: text = 'Which one are you going to buy?'
12.9254 	EXP 	eyetracker.setRecordingState(False)
12.9326 	EXP 	text: height = np.float64(0.05)
12.9326 	EXP 	text: height = np.float64(0.05)
12.9326 	EXP 	text: height = np.float64(0.05)
12.9326 	EXP 	text: text = 'Which one are you going to buy?'
12.9333 	EXP 	eyetracker.setRecordingState(False)
12.9405 	EXP 	text: height = np.float64(0.05)
12.9405 	EXP 	text: height = np.float64(0.05)
12.9405 	EXP 	text: height = np.float64(0.05)
12.9405 	EXP 	text: text = 'Which one are you going to buy?'
12.9411 	EXP 	eyetracker.setRecordingState(False)
12.9479 	EXP 	text: height = np.float64(0.05)
12.9479 	EXP 	text: height = np.float64(0.05)
12.9479 	EXP 	text: height = np.float64(0.05)
12.9479 	EXP 	text: text = 'Which one are you going to buy?'
12.9487 	EXP 	eyetracker.setRecordingState(False)
12.9556 	EXP 	text: height = np.float64(0.05)
12.9556 	EXP 	text: height = np.float64(0.05)
12.9556 	EXP 	text: height = np.float64(0.05)
12.9556 	EXP 	text: text = 'Which one are you going to buy?'
12.9562 	EXP 	eyetracker.setRecordingState(False)
12.9632 	EXP 	text: height = np.float64(0.05)
12.9632 	EXP 	text: height = np.float64(0.05)
12.9632 	EXP 	text: height = np.float64(0.05)
12.9632 	EXP 	text: text = 'Which one are you going to buy?'
12.9640 	EXP 	eyetracker.setRecordingState(False)
12.9714 	EXP 	text: height = np.float64(0.05)
12.9714 	EXP 	text: height = np.float64(0.05)
12.9714 	EXP 	text: height = np.float64(0.05)
12.9714 	EXP 	text: text = 'Which one are you going to buy?'
12.9720 	EXP 	eyetracker.setRecordingState(False)
12.9787 	EXP 	text: height = np.float64(0.05)
12.9787 	EXP 	text: height = np.float64(0.05)
12.9787 	EXP 	text: height = np.float64(0.05)
12.9787 	EXP 	text: text = 'Which one are you going to buy?'
12.9796 	EXP 	eyetracker.setRecordingState(False)
12.9863 	EXP 	text: height = np.float64(0.05)
12.9863 	EXP 	text: height = np.float64(0.05)
12.9863 	EXP 	text: height = np.float64(0.05)
12.9863 	EXP 	text: text = 'Which one are you going to buy?'
12.9869 	EXP 	eyetracker.setRecordingState(False)
12.9941 	EXP 	text: height = np.float64(0.05)
12.9941 	EXP 	text: height = np.float64(0.05)
12.9941 	EXP 	text: height = np.float64(0.05)
12.9941 	EXP 	text: text = 'Which one are you going to buy?'
12.9948 	EXP 	eyetracker.setRecordingState(False)
13.0022 	EXP 	text: height = np.float64(0.05)
13.0022 	EXP 	text: height = np.float64(0.05)
13.0022 	EXP 	text: height = np.float64(0.05)
13.0022 	EXP 	text: text = 'Which one are you going to buy?'
13.0028 	EXP 	eyetracker.setRecordingState(False)
13.0094 	EXP 	text: height = np.float64(0.05)
13.0094 	EXP 	text: height = np.float64(0.05)
13.0094 	EXP 	text: height = np.float64(0.05)
13.0094 	EXP 	text: text = 'Which one are you going to buy?'
13.0102 	EXP 	eyetracker.setRecordingState(False)
13.0171 	EXP 	text: height = np.float64(0.05)
13.0171 	EXP 	text: height = np.float64(0.05)
13.0171 	EXP 	text: height = np.float64(0.05)
13.0171 	EXP 	text: text = 'Which one are you going to buy?'
13.0178 	EXP 	eyetracker.setRecordingState(False)
13.0247 	EXP 	text: height = np.float64(0.05)
13.0247 	EXP 	text: height = np.float64(0.05)
13.0247 	EXP 	text: height = np.float64(0.05)
13.0247 	EXP 	text: text = 'Which one are you going to buy?'
13.0255 	EXP 	eyetracker.setRecordingState(False)
13.0329 	EXP 	text: height = np.float64(0.05)
13.0329 	EXP 	text: height = np.float64(0.05)
13.0329 	EXP 	text: height = np.float64(0.05)
13.0329 	EXP 	text: text = 'Which one are you going to buy?'
13.0335 	EXP 	eyetracker.setRecordingState(False)
13.0402 	EXP 	text: height = np.float64(0.05)
13.0402 	EXP 	text: height = np.float64(0.05)
13.0402 	EXP 	text: height = np.float64(0.05)
13.0402 	EXP 	text: text = 'Which one are you going to buy?'
13.0409 	EXP 	eyetracker.setRecordingState(False)
13.0483 	EXP 	text: height = np.float64(0.05)
13.0483 	EXP 	text: height = np.float64(0.05)
13.0483 	EXP 	text: height = np.float64(0.05)
13.0483 	EXP 	text: text = 'Which one are you going to buy?'
13.0489 	EXP 	eyetracker.setRecordingState(False)
13.0555 	EXP 	text: height = np.float64(0.05)
13.0555 	EXP 	text: height = np.float64(0.05)
13.0555 	EXP 	text: height = np.float64(0.05)
13.0555 	EXP 	text: text = 'Which one are you going to buy?'
13.0563 	EXP 	eyetracker.setRecordingState(False)
13.0636 	EXP 	text: height = np.float64(0.05)
13.0636 	EXP 	text: height = np.float64(0.05)
13.0636 	EXP 	text: height = np.float64(0.05)
13.0636 	EXP 	text: text = 'Which one are you going to buy?'
13.0642 	EXP 	eyetracker.setRecordingState(False)
13.0711 	EXP 	text: height = np.float64(0.05)
13.0711 	EXP 	text: height = np.float64(0.05)
13.0711 	EXP 	text: height = np.float64(0.05)
13.0711 	EXP 	text: text = 'Which one are you going to buy?'
13.0719 	EXP 	eyetracker.setRecordingState(False)
13.0791 	EXP 	text: height = np.float64(0.05)
13.0791 	EXP 	text: height = np.float64(0.05)
13.0791 	EXP 	text: height = np.float64(0.05)
13.0791 	EXP 	text: text = 'Which one are you going to buy?'
13.0797 	EXP 	eyetracker.setRecordingState(False)
13.0866 	EXP 	text: height = np.float64(0.05)
13.0866 	EXP 	text: height = np.float64(0.05)
13.0866 	EXP 	text: height = np.float64(0.05)
13.0866 	EXP 	text: text = 'Which one are you going to buy?'
13.0874 	EXP 	eyetracker.setRecordingState(False)
13.0944 	EXP 	text: height = np.float64(0.05)
13.0944 	EXP 	text: height = np.float64(0.05)
13.0944 	EXP 	text: height = np.float64(0.05)
13.0944 	EXP 	text: text = 'Which one are you going to buy?'
13.0950 	EXP 	eyetracker.setRecordingState(False)
13.1024 	EXP 	text: height = np.float64(0.05)
13.1024 	EXP 	text: height = np.float64(0.05)
13.1024 	EXP 	text: height = np.float64(0.05)
13.1024 	EXP 	text: text = 'Which one are you going to buy?'
13.1032 	EXP 	eyetracker.setRecordingState(False)
13.1104 	EXP 	text: height = np.float64(0.05)
13.1104 	EXP 	text: height = np.float64(0.05)
13.1104 	EXP 	text: height = np.float64(0.05)
13.1104 	EXP 	text: text = 'Which one are you going to buy?'
13.1110 	EXP 	eyetracker.setRecordingState(False)
13.1181 	EXP 	text: height = np.float64(0.05)
13.1181 	EXP 	text: height = np.float64(0.05)
13.1181 	EXP 	text: height = np.float64(0.05)
13.1181 	EXP 	text: text = 'Which one are you going to buy?'
13.1189 	EXP 	eyetracker.setRecordingState(False)
13.1261 	EXP 	text: height = np.float64(0.05)
13.1261 	EXP 	text: height = np.float64(0.05)
13.1261 	EXP 	text: height = np.float64(0.05)
13.1261 	EXP 	text: text = 'Which one are you going to buy?'
13.1267 	EXP 	eyetracker.setRecordingState(False)
13.1337 	EXP 	text: height = np.float64(0.05)
13.1337 	EXP 	text: height = np.float64(0.05)
13.1337 	EXP 	text: height = np.float64(0.05)
13.1337 	EXP 	text: text = 'Which one are you going to buy?'
13.1345 	EXP 	eyetracker.setRecordingState(False)
13.1418 	EXP 	text: height = np.float64(0.05)
13.1418 	EXP 	text: height = np.float64(0.05)
13.1418 	EXP 	text: height = np.float64(0.05)
13.1418 	EXP 	text: text = 'Which one are you going to buy?'
13.1426 	EXP 	eyetracker.setRecordingState(False)
13.1506 	EXP 	text: height = np.float64(0.05)
13.1506 	EXP 	text: height = np.float64(0.05)
13.1506 	EXP 	text: height = np.float64(0.05)
13.1506 	EXP 	text: text = 'Which one are you going to buy?'
13.1514 	EXP 	eyetracker.setRecordingState(False)
13.1592 	EXP 	text: height = np.float64(0.05)
13.1592 	EXP 	text: height = np.float64(0.05)
13.1592 	EXP 	text: height = np.float64(0.05)
13.1592 	EXP 	text: text = 'Which one are you going to buy?'
13.1599 	EXP 	eyetracker.setRecordingState(False)
13.1682 	EXP 	text: height = np.float64(0.05)
13.1682 	EXP 	text: height = np.float64(0.05)
13.1682 	EXP 	text: height = np.float64(0.05)
13.1682 	EXP 	text: text = 'Which one are you going to buy?'
13.1687 	EXP 	eyetracker.setRecordingState(False)
13.1775 	EXP 	text: height = np.float64(0.05)
13.1775 	EXP 	text: height = np.float64(0.05)
13.1775 	EXP 	text: height = np.float64(0.05)
13.1775 	EXP 	text: text = 'Which one are you going to buy?'
13.1782 	EXP 	eyetracker.setRecordingState(False)
13.1850 	EXP 	text: height = np.float64(0.05)
13.1850 	EXP 	text: height = np.float64(0.05)
13.1850 	EXP 	text: height = np.float64(0.05)
13.1850 	EXP 	text: text = 'Which one are you going to buy?'
13.1857 	EXP 	eyetracker.setRecordingState(False)
13.1929 	EXP 	text: height = np.float64(0.05)
13.1929 	EXP 	text: height = np.float64(0.05)
13.1929 	EXP 	text: height = np.float64(0.05)
13.1929 	EXP 	text: text = 'Which one are you going to buy?'
13.1935 	EXP 	eyetracker.setRecordingState(False)
13.2006 	EXP 	text: height = np.float64(0.05)
13.2006 	EXP 	text: height = np.float64(0.05)
13.2006 	EXP 	text: height = np.float64(0.05)
13.2006 	EXP 	text: text = 'Which one are you going to buy?'
13.2015 	EXP 	eyetracker.setRecordingState(False)
13.2101 	EXP 	text: height = np.float64(0.05)
13.2101 	EXP 	text: height = np.float64(0.05)
13.2101 	EXP 	text: height = np.float64(0.05)
13.2101 	EXP 	text: text = 'Which one are you going to buy?'
13.2111 	EXP 	eyetracker.setRecordingState(False)
13.2196 	EXP 	text: height = np.float64(0.05)
13.2196 	EXP 	text: height = np.float64(0.05)
13.2196 	EXP 	text: height = np.float64(0.05)
13.2196 	EXP 	text: text = 'Which one are you going to buy?'
13.2204 	EXP 	eyetracker.setRecordingState(False)
13.2284 	EXP 	text: height = np.float64(0.05)
13.2284 	EXP 	text: height = np.float64(0.05)
13.2284 	EXP 	text: height = np.float64(0.05)
13.2284 	EXP 	text: text = 'Which one are you going to buy?'
13.2291 	EXP 	eyetracker.setRecordingState(False)
13.2373 	EXP 	text: height = np.float64(0.05)
13.2373 	EXP 	text: height = np.float64(0.05)
13.2373 	EXP 	text: height = np.float64(0.05)
13.2373 	EXP 	text: text = 'Which one are you going to buy?'
13.2383 	EXP 	eyetracker.setRecordingState(False)
13.2489 	EXP 	text: height = np.float64(0.05)
13.2489 	EXP 	text: height = np.float64(0.05)
13.2489 	EXP 	text: height = np.float64(0.05)
13.2489 	EXP 	text: text = 'Which one are you going to buy?'
13.2500 	EXP 	eyetracker.setRecordingState(False)
13.2608 	EXP 	text: height = np.float64(0.05)
13.2608 	EXP 	text: height = np.float64(0.05)
13.2608 	EXP 	text: height = np.float64(0.05)
13.2608 	EXP 	text: text = 'Which one are you going to buy?'
13.2616 	EXP 	eyetracker.setRecordingState(False)
13.2708 	EXP 	text: height = np.float64(0.05)
13.2708 	EXP 	text: height = np.float64(0.05)
13.2708 	EXP 	text: height = np.float64(0.05)
13.2708 	EXP 	text: text = 'Which one are you going to buy?'
13.2717 	EXP 	eyetracker.setRecordingState(False)
13.2805 	EXP 	text: height = np.float64(0.05)
13.2805 	EXP 	text: height = np.float64(0.05)
13.2805 	EXP 	text: height = np.float64(0.05)
13.2805 	EXP 	text: text = 'Which one are you going to buy?'
13.2814 	EXP 	eyetracker.setRecordingState(False)
13.2898 	EXP 	text: height = np.float64(0.05)
13.2898 	EXP 	text: height = np.float64(0.05)
13.2898 	EXP 	text: height = np.float64(0.05)
13.2898 	EXP 	text: text = 'Which one are you going to buy?'
13.2910 	EXP 	eyetracker.setRecordingState(False)
13.3006 	EXP 	text: height = np.float64(0.05)
13.3006 	EXP 	text: height = np.float64(0.05)
13.3006 	EXP 	text: height = np.float64(0.05)
13.3006 	EXP 	text: text = 'Which one are you going to buy?'
13.3015 	EXP 	eyetracker.setRecordingState(False)
13.3102 	EXP 	text: height = np.float64(0.05)
13.3102 	EXP 	text: height = np.float64(0.05)
13.3102 	EXP 	text: height = np.float64(0.05)
13.3102 	EXP 	text: text = 'Which one are you going to buy?'
13.3111 	EXP 	eyetracker.setRecordingState(False)
13.3194 	EXP 	text: height = np.float64(0.05)
13.3194 	EXP 	text: height = np.float64(0.05)
13.3194 	EXP 	text: height = np.float64(0.05)
13.3194 	EXP 	text: text = 'Which one are you going to buy?'
13.3201 	EXP 	eyetracker.setRecordingState(False)
13.3275 	EXP 	text: height = np.float64(0.05)
13.3275 	EXP 	text: height = np.float64(0.05)
13.3275 	EXP 	text: height = np.float64(0.05)
13.3275 	EXP 	text: text = 'Which one are you going to buy?'
13.3281 	EXP 	eyetracker.setRecordingState(False)
13.3350 	EXP 	text: height = np.float64(0.05)
13.3350 	EXP 	text: height = np.float64(0.05)
13.3350 	EXP 	text: height = np.float64(0.05)
13.3350 	EXP 	text: text = 'Which one are you going to buy?'
13.3356 	EXP 	eyetracker.setRecordingState(False)
13.3425 	EXP 	text: height = np.float64(0.05)
13.3425 	EXP 	text: height = np.float64(0.05)
13.3425 	EXP 	text: height = np.float64(0.05)
13.3425 	EXP 	text: text = 'Which one are you going to buy?'
13.3434 	EXP 	eyetracker.setRecordingState(False)
13.3505 	EXP 	text: height = np.float64(0.05)
13.3505 	EXP 	text: height = np.float64(0.05)
13.3505 	EXP 	text: height = np.float64(0.05)
13.3505 	EXP 	text: text = 'Which one are you going to buy?'
13.3511 	EXP 	eyetracker.setRecordingState(False)
13.3579 	EXP 	text: height = np.float64(0.05)
13.3579 	EXP 	text: height = np.float64(0.05)
13.3579 	EXP 	text: height = np.float64(0.05)
13.3579 	EXP 	text: text = 'Which one are you going to buy?'
13.3586 	EXP 	eyetracker.setRecordingState(False)
13.3655 	EXP 	text: height = np.float64(0.05)
13.3655 	EXP 	text: height = np.float64(0.05)
13.3655 	EXP 	text: height = np.float64(0.05)
13.3655 	EXP 	text: text = 'Which one are you going to buy?'
13.3661 	EXP 	eyetracker.setRecordingState(False)
13.3727 	EXP 	text: height = np.float64(0.05)
13.3727 	EXP 	text: height = np.float64(0.05)
13.3727 	EXP 	text: height = np.float64(0.05)
13.3727 	EXP 	text: text = 'Which one are you going to buy?'
13.3735 	EXP 	eyetracker.setRecordingState(False)
13.3807 	EXP 	text: height = np.float64(0.05)
13.3807 	EXP 	text: height = np.float64(0.05)
13.3807 	EXP 	text: height = np.float64(0.05)
13.3807 	EXP 	text: text = 'Which one are you going to buy?'
13.3814 	EXP 	eyetracker.setRecordingState(False)
13.3884 	EXP 	text: height = np.float64(0.05)
13.3884 	EXP 	text: height = np.float64(0.05)
13.3884 	EXP 	text: height = np.float64(0.05)
13.3884 	EXP 	text: text = 'Which one are you going to buy?'
13.3891 	EXP 	eyetracker.setRecordingState(False)
13.3959 	EXP 	text: height = np.float64(0.05)
13.3959 	EXP 	text: height = np.float64(0.05)
13.3959 	EXP 	text: height = np.float64(0.05)
13.3959 	EXP 	text: text = 'Which one are you going to buy?'
13.3965 	EXP 	eyetracker.setRecordingState(False)
13.4033 	EXP 	text: height = np.float64(0.05)
13.4033 	EXP 	text: height = np.float64(0.05)
13.4033 	EXP 	text: height = np.float64(0.05)
13.4033 	EXP 	text: text = 'Which one are you going to buy?'
13.4041 	EXP 	eyetracker.setRecordingState(False)
13.4115 	EXP 	text: height = np.float64(0.05)
13.4115 	EXP 	text: height = np.float64(0.05)
13.4115 	EXP 	text: height = np.float64(0.05)
13.4115 	EXP 	text: text = 'Which one are you going to buy?'
13.4121 	EXP 	eyetracker.setRecordingState(False)
13.4203 	EXP 	text: height = np.float64(0.05)
13.4203 	EXP 	text: height = np.float64(0.05)
13.4203 	EXP 	text: height = np.float64(0.05)
13.4203 	EXP 	text: text = 'Which one are you going to buy?'
13.4212 	EXP 	eyetracker.setRecordingState(False)
13.4280 	EXP 	text: height = np.float64(0.05)
13.4280 	EXP 	text: height = np.float64(0.05)
13.4280 	EXP 	text: height = np.float64(0.05)
13.4280 	EXP 	text: text = 'Which one are you going to buy?'
13.4286 	EXP 	eyetracker.setRecordingState(False)
13.4352 	EXP 	text: height = np.float64(0.05)
13.4352 	EXP 	text: height = np.float64(0.05)
13.4352 	EXP 	text: height = np.float64(0.05)
13.4352 	EXP 	text: text = 'Which one are you going to buy?'
13.4360 	EXP 	eyetracker.setRecordingState(False)
13.4432 	EXP 	text: height = np.float64(0.05)
13.4432 	EXP 	text: height = np.float64(0.05)
13.4432 	EXP 	text: height = np.float64(0.05)
13.4432 	EXP 	text: text = 'Which one are you going to buy?'
13.4438 	EXP 	eyetracker.setRecordingState(False)
13.4512 	EXP 	text: height = np.float64(0.05)
13.4512 	EXP 	text: height = np.float64(0.05)
13.4512 	EXP 	text: height = np.float64(0.05)
13.4512 	EXP 	text: text = 'Which one are you going to buy?'
13.4520 	EXP 	eyetracker.setRecordingState(False)
13.4590 	EXP 	text: height = np.float64(0.05)
13.4590 	EXP 	text: height = np.float64(0.05)
13.4590 	EXP 	text: height = np.float64(0.05)
13.4590 	EXP 	text: text = 'Which one are you going to buy?'
13.4598 	EXP 	eyetracker.setRecordingState(False)
13.4667 	EXP 	text: height = np.float64(0.05)
13.4667 	EXP 	text: height = np.float64(0.05)
13.4667 	EXP 	text: height = np.float64(0.05)
13.4667 	EXP 	text: text = 'Which one are you going to buy?'
13.4675 	EXP 	eyetracker.setRecordingState(False)
13.4743 	EXP 	text: height = np.float64(0.05)
13.4743 	EXP 	text: height = np.float64(0.05)
13.4743 	EXP 	text: height = np.float64(0.05)
13.4743 	EXP 	text: text = 'Which one are you going to buy?'
13.4749 	EXP 	eyetracker.setRecordingState(False)
13.4824 	EXP 	text: height = np.float64(0.05)
13.4824 	EXP 	text: height = np.float64(0.05)
13.4824 	EXP 	text: height = np.float64(0.05)
13.4824 	EXP 	text: text = 'Which one are you going to buy?'
13.4832 	EXP 	eyetracker.setRecordingState(False)
13.4901 	EXP 	text: height = np.float64(0.05)
13.4901 	EXP 	text: height = np.float64(0.05)
13.4901 	EXP 	text: height = np.float64(0.05)
13.4901 	EXP 	text: text = 'Which one are you going to buy?'
13.4907 	EXP 	eyetracker.setRecordingState(False)
13.4974 	EXP 	text: height = np.float64(0.05)
13.4974 	EXP 	text: height = np.float64(0.05)
13.4974 	EXP 	text: height = np.float64(0.05)
13.4974 	EXP 	text: text = 'Which one are you going to buy?'
13.4981 	EXP 	eyetracker.setRecordingState(False)
13.5055 	EXP 	text: height = np.float64(0.05)
13.5055 	EXP 	text: height = np.float64(0.05)
13.5055 	EXP 	text: height = np.float64(0.05)
13.5055 	EXP 	text: text = 'Which one are you going to buy?'
13.5061 	EXP 	eyetracker.setRecordingState(False)
13.5129 	EXP 	text: height = np.float64(0.05)
13.5129 	EXP 	text: height = np.float64(0.05)
13.5129 	EXP 	text: height = np.float64(0.05)
13.5129 	EXP 	text: text = 'Which one are you going to buy?'
13.5137 	EXP 	eyetracker.setRecordingState(False)
13.5209 	EXP 	text: height = np.float64(0.05)
13.5209 	EXP 	text: height = np.float64(0.05)
13.5209 	EXP 	text: height = np.float64(0.05)
13.5209 	EXP 	text: text = 'Which one are you going to buy?'
13.5217 	EXP 	eyetracker.setRecordingState(False)
13.5289 	EXP 	text: height = np.float64(0.05)
13.5289 	EXP 	text: height = np.float64(0.05)
13.5289 	EXP 	text: height = np.float64(0.05)
13.5289 	EXP 	text: text = 'Which one are you going to buy?'
13.5297 	EXP 	eyetracker.setRecordingState(False)
13.5370 	EXP 	text: height = np.float64(0.05)
13.5370 	EXP 	text: height = np.float64(0.05)
13.5370 	EXP 	text: height = np.float64(0.05)
13.5370 	EXP 	text: text = 'Which one are you going to buy?'
13.5376 	EXP 	eyetracker.setRecordingState(False)
13.5445 	EXP 	text: height = np.float64(0.05)
13.5445 	EXP 	text: height = np.float64(0.05)
13.5445 	EXP 	text: height = np.float64(0.05)
13.5445 	EXP 	text: text = 'Which one are you going to buy?'
13.5453 	EXP 	eyetracker.setRecordingState(False)
13.5525 	EXP 	text: height = np.float64(0.05)
13.5525 	EXP 	text: height = np.float64(0.05)
13.5525 	EXP 	text: height = np.float64(0.05)
13.5525 	EXP 	text: text = 'Which one are you going to buy?'
13.5531 	EXP 	eyetracker.setRecordingState(False)
13.5599 	EXP 	text: height = np.float64(0.05)
13.5599 	EXP 	text: height = np.float64(0.05)
13.5599 	EXP 	text: height = np.float64(0.05)
13.5599 	EXP 	text: text = 'Which one are you going to buy?'
13.5607 	EXP 	eyetracker.setRecordingState(False)
13.5681 	EXP 	text: height = np.float64(0.05)
13.5681 	EXP 	text: height = np.float64(0.05)
13.5681 	EXP 	text: height = np.float64(0.05)
13.5681 	EXP 	text: text = 'Which one are you going to buy?'
13.5686 	EXP 	eyetracker.setRecordingState(False)
13.5753 	EXP 	text: height = np.float64(0.05)
13.5753 	EXP 	text: height = np.float64(0.05)
13.5753 	EXP 	text: height = np.float64(0.05)
13.5753 	EXP 	text: text = 'Which one are you going to buy?'
13.5761 	EXP 	eyetracker.setRecordingState(False)
13.5831 	EXP 	text: height = np.float64(0.05)
13.5831 	EXP 	text: height = np.float64(0.05)
13.5831 	EXP 	text: height = np.float64(0.05)
13.5831 	EXP 	text: text = 'Which one are you going to buy?'
13.5838 	EXP 	eyetracker.setRecordingState(False)
13.5906 	EXP 	text: height = np.float64(0.05)
13.5906 	EXP 	text: height = np.float64(0.05)
13.5906 	EXP 	text: height = np.float64(0.05)
13.5906 	EXP 	text: text = 'Which one are you going to buy?'
13.5914 	EXP 	eyetracker.setRecordingState(False)
13.5991 	EXP 	text: height = np.float64(0.05)
13.5991 	EXP 	text: height = np.float64(0.05)
13.5991 	EXP 	text: height = np.float64(0.05)
13.5991 	EXP 	text: text = 'Which one are you going to buy?'
13.5997 	EXP 	eyetracker.setRecordingState(False)
13.6067 	EXP 	text: height = np.float64(0.05)
13.6067 	EXP 	text: height = np.float64(0.05)
13.6067 	EXP 	text: height = np.float64(0.05)
13.6067 	EXP 	text: text = 'Which one are you going to buy?'
13.6077 	EXP 	eyetracker.setRecordingState(False)
13.6146 	EXP 	text: height = np.float64(0.05)
13.6146 	EXP 	text: height = np.float64(0.05)
13.6146 	EXP 	text: height = np.float64(0.05)
13.6146 	EXP 	text: text = 'Which one are you going to buy?'
13.6152 	EXP 	eyetracker.setRecordingState(False)
13.6224 	EXP 	text: height = np.float64(0.05)
13.6224 	EXP 	text: height = np.float64(0.05)
13.6224 	EXP 	text: height = np.float64(0.05)
13.6224 	EXP 	text: text = 'Which one are you going to buy?'
13.6232 	EXP 	eyetracker.setRecordingState(False)
13.6307 	EXP 	text: height = np.float64(0.05)
13.6307 	EXP 	text: height = np.float64(0.05)
13.6307 	EXP 	text: height = np.float64(0.05)
13.6307 	EXP 	text: text = 'Which one are you going to buy?'
13.6314 	EXP 	eyetracker.setRecordingState(False)
13.6382 	EXP 	text: height = np.float64(0.05)
13.6382 	EXP 	text: height = np.float64(0.05)
13.6382 	EXP 	text: height = np.float64(0.05)
13.6382 	EXP 	text: text = 'Which one are you going to buy?'
13.6390 	EXP 	eyetracker.setRecordingState(False)
13.6460 	EXP 	text: height = np.float64(0.05)
13.6460 	EXP 	text: height = np.float64(0.05)
13.6460 	EXP 	text: height = np.float64(0.05)
13.6460 	EXP 	text: text = 'Which one are you going to buy?'
13.6466 	EXP 	eyetracker.setRecordingState(False)
13.6534 	EXP 	text: height = np.float64(0.05)
13.6534 	EXP 	text: height = np.float64(0.05)
13.6534 	EXP 	text: height = np.float64(0.05)
13.6534 	EXP 	text: text = 'Which one are you going to buy?'
13.6542 	EXP 	eyetracker.setRecordingState(False)
13.6615 	EXP 	text: height = np.float64(0.05)
13.6615 	EXP 	text: height = np.float64(0.05)
13.6615 	EXP 	text: height = np.float64(0.05)
13.6615 	EXP 	text: text = 'Which one are you going to buy?'
13.6621 	EXP 	eyetracker.setRecordingState(False)
13.6688 	EXP 	text: height = np.float64(0.05)
13.6688 	EXP 	text: height = np.float64(0.05)
13.6688 	EXP 	text: height = np.float64(0.05)
13.6688 	EXP 	text: text = 'Which one are you going to buy?'
13.6696 	EXP 	eyetracker.setRecordingState(False)
13.6766 	EXP 	text: height = np.float64(0.05)
13.6766 	EXP 	text: height = np.float64(0.05)
13.6766 	EXP 	text: height = np.float64(0.05)
13.6766 	EXP 	text: text = 'Which one are you going to buy?'
13.6773 	EXP 	eyetracker.setRecordingState(False)
13.6841 	EXP 	text: height = np.float64(0.05)
13.6841 	EXP 	text: height = np.float64(0.05)
13.6841 	EXP 	text: height = np.float64(0.05)
13.6841 	EXP 	text: text = 'Which one are you going to buy?'
13.6849 	EXP 	eyetracker.setRecordingState(False)
13.6920 	EXP 	text: height = np.float64(0.05)
13.6920 	EXP 	text: height = np.float64(0.05)
13.6920 	EXP 	text: height = np.float64(0.05)
13.6920 	EXP 	text: text = 'Which one are you going to buy?'
13.6927 	EXP 	eyetracker.setRecordingState(False)
13.6998 	EXP 	text: height = np.float64(0.05)
13.6998 	EXP 	text: height = np.float64(0.05)
13.6998 	EXP 	text: height = np.float64(0.05)
13.6998 	EXP 	text: text = 'Which one are you going to buy?'
13.7006 	EXP 	eyetracker.setRecordingState(False)
13.7076 	EXP 	text: height = np.float64(0.05)
13.7076 	EXP 	text: height = np.float64(0.05)
13.7076 	EXP 	text: height = np.float64(0.05)
13.7076 	EXP 	text: text = 'Which one are you going to buy?'
13.7082 	EXP 	eyetracker.setRecordingState(False)
13.7148 	EXP 	text: height = np.float64(0.05)
13.7148 	EXP 	text: height = np.float64(0.05)
13.7148 	EXP 	text: height = np.float64(0.05)
13.7148 	EXP 	text: text = 'Which one are you going to buy?'
13.7156 	EXP 	eyetracker.setRecordingState(False)
13.7227 	EXP 	text: height = np.float64(0.05)
13.7227 	EXP 	text: height = np.float64(0.05)
13.7227 	EXP 	text: height = np.float64(0.05)
13.7227 	EXP 	text: text = 'Which one are you going to buy?'
13.7236 	EXP 	eyetracker.setRecordingState(False)
13.7307 	EXP 	text: height = np.float64(0.05)
13.7307 	EXP 	text: height = np.float64(0.05)
13.7307 	EXP 	text: height = np.float64(0.05)
13.7307 	EXP 	text: text = 'Which one are you going to buy?'
13.7315 	EXP 	eyetracker.setRecordingState(False)
13.7383 	EXP 	text: height = np.float64(0.05)
13.7383 	EXP 	text: height = np.float64(0.05)
13.7383 	EXP 	text: height = np.float64(0.05)
13.7383 	EXP 	text: text = 'Which one are you going to buy?'
13.7389 	EXP 	eyetracker.setRecordingState(False)
13.7454 	EXP 	text: height = np.float64(0.05)
13.7454 	EXP 	text: height = np.float64(0.05)
13.7454 	EXP 	text: height = np.float64(0.05)
13.7454 	EXP 	text: text = 'Which one are you going to buy?'
13.7463 	EXP 	eyetracker.setRecordingState(False)
13.7531 	EXP 	text: height = np.float64(0.05)
13.7531 	EXP 	text: height = np.float64(0.05)
13.7531 	EXP 	text: height = np.float64(0.05)
13.7531 	EXP 	text: text = 'Which one are you going to buy?'
13.7537 	EXP 	eyetracker.setRecordingState(False)
13.7628 	EXP 	text: height = np.float64(0.05)
13.7628 	EXP 	text: height = np.float64(0.05)
13.7628 	EXP 	text: height = np.float64(0.05)
13.7628 	EXP 	text: text = 'Which one are you going to buy?'
13.7636 	EXP 	eyetracker.setRecordingState(False)
13.7709 	EXP 	text: height = np.float64(0.05)
13.7709 	EXP 	text: height = np.float64(0.05)
13.7709 	EXP 	text: height = np.float64(0.05)
13.7709 	EXP 	text: text = 'Which one are you going to buy?'
13.7718 	EXP 	eyetracker.setRecordingState(False)
13.7791 	EXP 	text: height = np.float64(0.05)
13.7791 	EXP 	text: height = np.float64(0.05)
13.7791 	EXP 	text: height = np.float64(0.05)
13.7791 	EXP 	text: text = 'Which one are you going to buy?'
13.7798 	EXP 	eyetracker.setRecordingState(False)
13.7868 	EXP 	text: height = np.float64(0.05)
13.7868 	EXP 	text: height = np.float64(0.05)
13.7868 	EXP 	text: height = np.float64(0.05)
13.7868 	EXP 	text: text = 'Which one are you going to buy?'
13.7876 	EXP 	eyetracker.setRecordingState(False)
13.7953 	EXP 	text: height = np.float64(0.05)
13.7953 	EXP 	text: height = np.float64(0.05)
13.7953 	EXP 	text: height = np.float64(0.05)
13.7953 	EXP 	text: text = 'Which one are you going to buy?'
13.7963 	EXP 	eyetracker.setRecordingState(False)
13.8047 	EXP 	text: height = np.float64(0.05)
13.8047 	EXP 	text: height = np.float64(0.05)
13.8047 	EXP 	text: height = np.float64(0.05)
13.8047 	EXP 	text: text = 'Which one are you going to buy?'
13.8056 	EXP 	eyetracker.setRecordingState(False)
13.8139 	EXP 	text: height = np.float64(0.05)
13.8139 	EXP 	text: height = np.float64(0.05)
13.8139 	EXP 	text: height = np.float64(0.05)
13.8139 	EXP 	text: text = 'Which one are you going to buy?'
13.8147 	EXP 	eyetracker.setRecordingState(False)
13.8235 	EXP 	text: height = np.float64(0.05)
13.8235 	EXP 	text: height = np.float64(0.05)
13.8235 	EXP 	text: height = np.float64(0.05)
13.8235 	EXP 	text: text = 'Which one are you going to buy?'
13.8244 	EXP 	eyetracker.setRecordingState(False)
13.8326 	EXP 	text: height = np.float64(0.05)
13.8326 	EXP 	text: height = np.float64(0.05)
13.8326 	EXP 	text: height = np.float64(0.05)
13.8326 	EXP 	text: text = 'Which one are you going to buy?'
13.8335 	EXP 	eyetracker.setRecordingState(False)
13.8445 	EXP 	text: height = np.float64(0.05)
13.8445 	EXP 	text: height = np.float64(0.05)
13.8445 	EXP 	text: height = np.float64(0.05)
13.8445 	EXP 	text: text = 'Which one are you going to buy?'
13.8458 	EXP 	eyetracker.setRecordingState(False)
13.8595 	EXP 	text: height = np.float64(0.05)
13.8595 	EXP 	text: height = np.float64(0.05)
13.8595 	EXP 	text: height = np.float64(0.05)
13.8595 	EXP 	text: text = 'Which one are you going to buy?'
13.8610 	EXP 	eyetracker.setRecordingState(False)
13.8751 	EXP 	text: height = np.float64(0.05)
13.8751 	EXP 	text: height = np.float64(0.05)
13.8751 	EXP 	text: height = np.float64(0.05)
13.8751 	EXP 	text: text = 'Which one are you going to buy?'
13.8768 	EXP 	eyetracker.setRecordingState(False)
13.8939 	EXP 	text: height = np.float64(0.05)
13.8939 	EXP 	text: height = np.float64(0.05)
13.8939 	EXP 	text: height = np.float64(0.05)
13.8939 	EXP 	text: text = 'Which one are you going to buy?'
13.8954 	EXP 	eyetracker.setRecordingState(False)
13.9092 	EXP 	text: height = np.float64(0.05)
13.9092 	EXP 	text: height = np.float64(0.05)
13.9092 	EXP 	text: height = np.float64(0.05)
13.9092 	EXP 	text: text = 'Which one are you going to buy?'
13.9111 	EXP 	eyetracker.setRecordingState(False)
13.9265 	EXP 	text: height = np.float64(0.05)
13.9265 	EXP 	text: height = np.float64(0.05)
13.9265 	EXP 	text: height = np.float64(0.05)
13.9265 	EXP 	text: text = 'Which one are you going to buy?'
13.9277 	EXP 	eyetracker.setRecordingState(False)
13.9387 	EXP 	text: height = np.float64(0.05)
13.9387 	EXP 	text: height = np.float64(0.05)
13.9387 	EXP 	text: height = np.float64(0.05)
13.9387 	EXP 	text: text = 'Which one are you going to buy?'
13.9397 	EXP 	eyetracker.setRecordingState(False)
13.9508 	EXP 	text: height = np.float64(0.05)
13.9508 	EXP 	text: height = np.float64(0.05)
13.9508 	EXP 	text: height = np.float64(0.05)
13.9508 	EXP 	text: text = 'Which one are you going to buy?'
13.9519 	EXP 	eyetracker.setRecordingState(False)
13.9614 	EXP 	text: height = np.float64(0.05)
13.9614 	EXP 	text: height = np.float64(0.05)
13.9614 	EXP 	text: height = np.float64(0.05)
13.9614 	EXP 	text: text = 'Which one are you going to buy?'
13.9623 	EXP 	eyetracker.setRecordingState(False)
13.9732 	EXP 	text: height = np.float64(0.05)
13.9732 	EXP 	text: height = np.float64(0.05)
13.9732 	EXP 	text: height = np.float64(0.05)
13.9732 	EXP 	text: text = 'Which one are you going to buy?'
13.9745 	EXP 	eyetracker.setRecordingState(False)
13.9878 	EXP 	text: height = np.float64(0.05)
13.9878 	EXP 	text: height = np.float64(0.05)
13.9878 	EXP 	text: height = np.float64(0.05)
13.9878 	EXP 	text: text = 'Which one are you going to buy?'
13.9893 	EXP 	eyetracker.setRecordingState(False)
14.0036 	EXP 	text: height = np.float64(0.05)
14.0036 	EXP 	text: height = np.float64(0.05)
14.0036 	EXP 	text: height = np.float64(0.05)
14.0036 	EXP 	text: text = 'Which one are you going to buy?'
14.0049 	EXP 	eyetracker.setRecordingState(False)
14.0176 	EXP 	text: height = np.float64(0.05)
14.0176 	EXP 	text: height = np.float64(0.05)
14.0176 	EXP 	text: height = np.float64(0.05)
14.0176 	EXP 	text: text = 'Which one are you going to buy?'
14.0193 	EXP 	eyetracker.setRecordingState(False)
14.0344 	EXP 	text: height = np.float64(0.05)
14.0344 	EXP 	text: height = np.float64(0.05)
14.0344 	EXP 	text: height = np.float64(0.05)
14.0344 	EXP 	text: text = 'Which one are you going to buy?'
14.0360 	EXP 	eyetracker.setRecordingState(False)
14.0492 	EXP 	text: height = np.float64(0.05)
14.0492 	EXP 	text: height = np.float64(0.05)
14.0492 	EXP 	text: height = np.float64(0.05)
14.0492 	EXP 	text: text = 'Which one are you going to buy?'
14.0505 	EXP 	eyetracker.setRecordingState(False)
14.0643 	EXP 	text: height = np.float64(0.05)
14.0643 	EXP 	text: height = np.float64(0.05)
14.0643 	EXP 	text: height = np.float64(0.05)
14.0643 	EXP 	text: text = 'Which one are you going to buy?'
14.0658 	EXP 	eyetracker.setRecordingState(False)
14.0824 	EXP 	text: height = np.float64(0.05)
14.0824 	EXP 	text: height = np.float64(0.05)
14.0824 	EXP 	text: height = np.float64(0.05)
14.0824 	EXP 	text: text = 'Which one are you going to buy?'
14.0838 	EXP 	eyetracker.setRecordingState(False)
14.0969 	EXP 	text: height = np.float64(0.05)
14.0969 	EXP 	text: height = np.float64(0.05)
14.0969 	EXP 	text: height = np.float64(0.05)
14.0969 	EXP 	text: text = 'Which one are you going to buy?'
14.0979 	EXP 	eyetracker.setRecordingState(False)
14.1107 	EXP 	text: height = np.float64(0.05)
14.1107 	EXP 	text: height = np.float64(0.05)
14.1107 	EXP 	text: height = np.float64(0.05)
14.1107 	EXP 	text: text = 'Which one are you going to buy?'
14.1117 	EXP 	eyetracker.setRecordingState(False)
14.1236 	EXP 	text: height = np.float64(0.05)
14.1236 	EXP 	text: height = np.float64(0.05)
14.1236 	EXP 	text: height = np.float64(0.05)
14.1236 	EXP 	text: text = 'Which one are you going to buy?'
14.1247 	EXP 	eyetracker.setRecordingState(False)
14.1368 	EXP 	text: height = np.float64(0.05)
14.1368 	EXP 	text: height = np.float64(0.05)
14.1368 	EXP 	text: height = np.float64(0.05)
14.1368 	EXP 	text: text = 'Which one are you going to buy?'
14.1378 	EXP 	eyetracker.setRecordingState(False)
14.1492 	EXP 	text: height = np.float64(0.05)
14.1492 	EXP 	text: height = np.float64(0.05)
14.1492 	EXP 	text: height = np.float64(0.05)
14.1492 	EXP 	text: text = 'Which one are you going to buy?'
14.1508 	EXP 	eyetracker.setRecordingState(False)
14.1632 	EXP 	text: height = np.float64(0.05)
14.1632 	EXP 	text: height = np.float64(0.05)
14.1632 	EXP 	text: height = np.float64(0.05)
14.1632 	EXP 	text: text = 'Which one are you going to buy?'
14.1644 	EXP 	eyetracker.setRecordingState(False)
14.1764 	EXP 	text: height = np.float64(0.05)
14.1764 	EXP 	text: height = np.float64(0.05)
14.1764 	EXP 	text: height = np.float64(0.05)
14.1764 	EXP 	text: text = 'Which one are you going to buy?'
14.1779 	EXP 	eyetracker.setRecordingState(False)
14.1928 	EXP 	text: height = np.float64(0.05)
14.1928 	EXP 	text: height = np.float64(0.05)
14.1928 	EXP 	text: height = np.float64(0.05)
14.1928 	EXP 	text: text = 'Which one are you going to buy?'
14.1938 	EXP 	eyetracker.setRecordingState(False)
14.2053 	EXP 	text: height = np.float64(0.05)
14.2053 	EXP 	text: height = np.float64(0.05)
14.2053 	EXP 	text: height = np.float64(0.05)
14.2053 	EXP 	text: text = 'Which one are you going to buy?'
14.2063 	EXP 	eyetracker.setRecordingState(False)
14.2142 	EXP 	text: height = np.float64(0.05)
14.2142 	EXP 	text: height = np.float64(0.05)
14.2142 	EXP 	text: height = np.float64(0.05)
14.2142 	EXP 	text: text = 'Which one are you going to buy?'
14.2152 	EXP 	eyetracker.setRecordingState(False)
14.2259 	EXP 	text: height = np.float64(0.05)
14.2259 	EXP 	text: height = np.float64(0.05)
14.2259 	EXP 	text: height = np.float64(0.05)
14.2259 	EXP 	text: text = 'Which one are you going to buy?'
14.2274 	EXP 	eyetracker.setRecordingState(False)
14.2407 	EXP 	text: height = np.float64(0.05)
14.2407 	EXP 	text: height = np.float64(0.05)
14.2407 	EXP 	text: height = np.float64(0.05)
14.2407 	EXP 	text: text = 'Which one are you going to buy?'
14.2420 	EXP 	eyetracker.setRecordingState(False)
14.2533 	EXP 	text: height = np.float64(0.05)
14.2533 	EXP 	text: height = np.float64(0.05)
14.2533 	EXP 	text: height = np.float64(0.05)
14.2533 	EXP 	text: text = 'Which one are you going to buy?'
14.2545 	EXP 	eyetracker.setRecordingState(False)
14.2649 	EXP 	text: height = np.float64(0.05)
14.2649 	EXP 	text: height = np.float64(0.05)
14.2649 	EXP 	text: height = np.float64(0.05)
14.2649 	EXP 	text: text = 'Which one are you going to buy?'
14.2661 	EXP 	eyetracker.setRecordingState(False)
14.2764 	EXP 	text: height = np.float64(0.05)
14.2764 	EXP 	text: height = np.float64(0.05)
14.2764 	EXP 	text: height = np.float64(0.05)
14.2764 	EXP 	text: text = 'Which one are you going to buy?'
14.2778 	EXP 	eyetracker.setRecordingState(False)
14.2870 	EXP 	text: height = np.float64(0.05)
14.2870 	EXP 	text: height = np.float64(0.05)
14.2870 	EXP 	text: height = np.float64(0.05)
14.2870 	EXP 	text: text = 'Which one are you going to buy?'
14.2882 	EXP 	eyetracker.setRecordingState(False)
14.3014 	EXP 	text: height = np.float64(0.05)
14.3014 	EXP 	text: height = np.float64(0.05)
14.3014 	EXP 	text: height = np.float64(0.05)
14.3014 	EXP 	text: text = 'Which one are you going to buy?'
14.3032 	EXP 	eyetracker.setRecordingState(False)
14.3183 	EXP 	text: height = np.float64(0.05)
14.3183 	EXP 	text: height = np.float64(0.05)
14.3183 	EXP 	text: height = np.float64(0.05)
14.3183 	EXP 	text: text = 'Which one are you going to buy?'
14.3199 	EXP 	eyetracker.setRecordingState(False)
14.3363 	EXP 	text: height = np.float64(0.05)
14.3363 	EXP 	text: height = np.float64(0.05)
14.3363 	EXP 	text: height = np.float64(0.05)
14.3363 	EXP 	text: text = 'Which one are you going to buy?'
14.3378 	EXP 	eyetracker.setRecordingState(False)
14.3527 	EXP 	text: height = np.float64(0.05)
14.3527 	EXP 	text: height = np.float64(0.05)
14.3527 	EXP 	text: height = np.float64(0.05)
14.3527 	EXP 	text: text = 'Which one are you going to buy?'
14.3545 	EXP 	eyetracker.setRecordingState(False)
14.3685 	EXP 	text: height = np.float64(0.05)
14.3685 	EXP 	text: height = np.float64(0.05)
14.3685 	EXP 	text: height = np.float64(0.05)
14.3685 	EXP 	text: text = 'Which one are you going to buy?'
14.3700 	EXP 	eyetracker.setRecordingState(False)
14.3836 	EXP 	text: height = np.float64(0.05)
14.3836 	EXP 	text: height = np.float64(0.05)
14.3836 	EXP 	text: height = np.float64(0.05)
14.3836 	EXP 	text: text = 'Which one are you going to buy?'
14.3848 	EXP 	eyetracker.setRecordingState(False)
14.3998 	EXP 	text: height = np.float64(0.05)
14.3998 	EXP 	text: height = np.float64(0.05)
14.3998 	EXP 	text: height = np.float64(0.05)
14.3998 	EXP 	text: text = 'Which one are you going to buy?'
14.4015 	EXP 	eyetracker.setRecordingState(False)
14.4167 	EXP 	text: height = np.float64(0.05)
14.4167 	EXP 	text: height = np.float64(0.05)
14.4167 	EXP 	text: height = np.float64(0.05)
14.4167 	EXP 	text: text = 'Which one are you going to buy?'
14.4186 	EXP 	eyetracker.setRecordingState(False)
14.4324 	EXP 	text: height = np.float64(0.05)
14.4324 	EXP 	text: height = np.float64(0.05)
14.4324 	EXP 	text: height = np.float64(0.05)
14.4324 	EXP 	text: text = 'Which one are you going to buy?'
14.4340 	EXP 	eyetracker.setRecordingState(False)
14.4468 	EXP 	text: height = np.float64(0.05)
14.4468 	EXP 	text: height = np.float64(0.05)
14.4468 	EXP 	text: height = np.float64(0.05)
14.4468 	EXP 	text: text = 'Which one are you going to buy?'
14.4483 	EXP 	eyetracker.setRecordingState(False)
14.4631 	EXP 	text: height = np.float64(0.05)
14.4631 	EXP 	text: height = np.float64(0.05)
14.4631 	EXP 	text: height = np.float64(0.05)
14.4631 	EXP 	text: text = 'Which one are you going to buy?'
14.4645 	EXP 	eyetracker.setRecordingState(False)
14.4791 	EXP 	text: height = np.float64(0.05)
14.4791 	EXP 	text: height = np.float64(0.05)
14.4791 	EXP 	text: height = np.float64(0.05)
14.4791 	EXP 	text: text = 'Which one are you going to buy?'
14.4812 	EXP 	eyetracker.setRecordingState(False)
14.4980 	EXP 	text: height = np.float64(0.05)
14.4980 	EXP 	text: height = np.float64(0.05)
14.4980 	EXP 	text: height = np.float64(0.05)
14.4980 	EXP 	text: text = 'Which one are you going to buy?'
14.4994 	EXP 	eyetracker.setRecordingState(False)
14.5162 	EXP 	text: height = np.float64(0.05)
14.5162 	EXP 	text: height = np.float64(0.05)
14.5162 	EXP 	text: height = np.float64(0.05)
14.5162 	EXP 	text: text = 'Which one are you going to buy?'
14.5178 	EXP 	eyetracker.setRecordingState(False)
14.5315 	EXP 	text: height = np.float64(0.05)
14.5315 	EXP 	text: height = np.float64(0.05)
14.5315 	EXP 	text: height = np.float64(0.05)
14.5315 	EXP 	text: text = 'Which one are you going to buy?'
14.5331 	EXP 	eyetracker.setRecordingState(False)
14.5488 	EXP 	text: height = np.float64(0.05)
14.5488 	EXP 	text: height = np.float64(0.05)
14.5488 	EXP 	text: height = np.float64(0.05)
14.5488 	EXP 	text: text = 'Which one are you going to buy?'
14.5506 	EXP 	eyetracker.setRecordingState(False)
14.5668 	EXP 	text: height = np.float64(0.05)
14.5668 	EXP 	text: height = np.float64(0.05)
14.5668 	EXP 	text: height = np.float64(0.05)
14.5668 	EXP 	text: text = 'Which one are you going to buy?'
14.5681 	EXP 	eyetracker.setRecordingState(False)
14.5828 	EXP 	text: height = np.float64(0.05)
14.5828 	EXP 	text: height = np.float64(0.05)
14.5828 	EXP 	text: height = np.float64(0.05)
14.5828 	EXP 	text: text = 'Which one are you going to buy?'
14.5842 	EXP 	eyetracker.setRecordingState(False)
14.5990 	EXP 	text: height = np.float64(0.05)
14.5990 	EXP 	text: height = np.float64(0.05)
14.5990 	EXP 	text: height = np.float64(0.05)
14.5990 	EXP 	text: text = 'Which one are you going to buy?'
14.6008 	EXP 	eyetracker.setRecordingState(False)
14.6168 	EXP 	text: height = np.float64(0.05)
14.6168 	EXP 	text: height = np.float64(0.05)
14.6168 	EXP 	text: height = np.float64(0.05)
14.6168 	EXP 	text: text = 'Which one are you going to buy?'
14.6181 	EXP 	eyetracker.setRecordingState(False)
14.6302 	EXP 	text: height = np.float64(0.05)
14.6302 	EXP 	text: height = np.float64(0.05)
14.6302 	EXP 	text: height = np.float64(0.05)
14.6302 	EXP 	text: text = 'Which one are you going to buy?'
14.6312 	EXP 	eyetracker.setRecordingState(False)
14.6439 	EXP 	text: height = np.float64(0.05)
14.6439 	EXP 	text: height = np.float64(0.05)
14.6439 	EXP 	text: height = np.float64(0.05)
14.6439 	EXP 	text: text = 'Which one are you going to buy?'
14.6451 	EXP 	eyetracker.setRecordingState(False)
14.6569 	EXP 	text: height = np.float64(0.05)
14.6569 	EXP 	text: height = np.float64(0.05)
14.6569 	EXP 	text: height = np.float64(0.05)
14.6569 	EXP 	text: text = 'Which one are you going to buy?'
14.6581 	EXP 	eyetracker.setRecordingState(False)
14.6690 	EXP 	text: height = np.float64(0.05)
14.6690 	EXP 	text: height = np.float64(0.05)
14.6690 	EXP 	text: height = np.float64(0.05)
14.6690 	EXP 	text: text = 'Which one are you going to buy?'
14.6700 	EXP 	eyetracker.setRecordingState(False)
14.6798 	EXP 	text: height = np.float64(0.05)
14.6798 	EXP 	text: height = np.float64(0.05)
14.6798 	EXP 	text: height = np.float64(0.05)
14.6798 	EXP 	text: text = 'Which one are you going to buy?'
14.6809 	EXP 	eyetracker.setRecordingState(False)
14.6932 	EXP 	text: height = np.float64(0.05)
14.6932 	EXP 	text: height = np.float64(0.05)
14.6932 	EXP 	text: height = np.float64(0.05)
14.6932 	EXP 	text: text = 'Which one are you going to buy?'
14.6942 	EXP 	eyetracker.setRecordingState(False)
14.7067 	EXP 	text: height = np.float64(0.05)
14.7067 	EXP 	text: height = np.float64(0.05)
14.7067 	EXP 	text: height = np.float64(0.05)
14.7067 	EXP 	text: text = 'Which one are you going to buy?'
14.7078 	EXP 	eyetracker.setRecordingState(False)
14.7190 	EXP 	text: height = np.float64(0.05)
14.7190 	EXP 	text: height = np.float64(0.05)
14.7190 	EXP 	text: height = np.float64(0.05)
14.7190 	EXP 	text: text = 'Which one are you going to buy?'
14.7200 	EXP 	eyetracker.setRecordingState(False)
14.7322 	EXP 	text: height = np.float64(0.05)
14.7322 	EXP 	text: height = np.float64(0.05)
14.7322 	EXP 	text: height = np.float64(0.05)
14.7322 	EXP 	text: text = 'Which one are you going to buy?'
14.7347 	EXP 	eyetracker.setRecordingState(False)
14.7524 	EXP 	text: height = np.float64(0.05)
14.7524 	EXP 	text: height = np.float64(0.05)
14.7524 	EXP 	text: height = np.float64(0.05)
14.7524 	EXP 	text: text = 'Which one are you going to buy?'
14.7539 	EXP 	eyetracker.setRecordingState(False)
14.7698 	EXP 	text: height = np.float64(0.05)
14.7698 	EXP 	text: height = np.float64(0.05)
14.7698 	EXP 	text: height = np.float64(0.05)
14.7698 	EXP 	text: text = 'Which one are you going to buy?'
14.7714 	EXP 	eyetracker.setRecordingState(False)
14.7856 	EXP 	text: height = np.float64(0.05)
14.7856 	EXP 	text: height = np.float64(0.05)
14.7856 	EXP 	text: height = np.float64(0.05)
14.7856 	EXP 	text: text = 'Which one are you going to buy?'
14.7869 	EXP 	eyetracker.setRecordingState(False)
14.7997 	EXP 	text: height = np.float64(0.05)
14.7997 	EXP 	text: height = np.float64(0.05)
14.7997 	EXP 	text: height = np.float64(0.05)
14.7997 	EXP 	text: text = 'Which one are you going to buy?'
14.8010 	EXP 	eyetracker.setRecordingState(False)
14.8128 	EXP 	text: height = np.float64(0.05)
14.8128 	EXP 	text: height = np.float64(0.05)
14.8128 	EXP 	text: height = np.float64(0.05)
14.8128 	EXP 	text: text = 'Which one are you going to buy?'
14.8139 	EXP 	eyetracker.setRecordingState(False)
14.8269 	EXP 	text: height = np.float64(0.05)
14.8269 	EXP 	text: height = np.float64(0.05)
14.8269 	EXP 	text: height = np.float64(0.05)
14.8269 	EXP 	text: text = 'Which one are you going to buy?'
14.8288 	EXP 	eyetracker.setRecordingState(False)
14.8455 	EXP 	text: height = np.float64(0.05)
14.8455 	EXP 	text: height = np.float64(0.05)
14.8455 	EXP 	text: height = np.float64(0.05)
14.8455 	EXP 	text: text = 'Which one are you going to buy?'
14.8468 	EXP 	eyetracker.setRecordingState(False)
14.8587 	EXP 	text: height = np.float64(0.05)
14.8587 	EXP 	text: height = np.float64(0.05)
14.8587 	EXP 	text: height = np.float64(0.05)
14.8587 	EXP 	text: text = 'Which one are you going to buy?'
14.8600 	EXP 	eyetracker.setRecordingState(False)
14.8714 	EXP 	text: height = np.float64(0.05)
14.8714 	EXP 	text: height = np.float64(0.05)
14.8714 	EXP 	text: height = np.float64(0.05)
14.8714 	EXP 	text: text = 'Which one are you going to buy?'
14.8730 	EXP 	eyetracker.setRecordingState(False)
14.8866 	EXP 	text: height = np.float64(0.05)
14.8866 	EXP 	text: height = np.float64(0.05)
14.8866 	EXP 	text: height = np.float64(0.05)
14.8866 	EXP 	text: text = 'Which one are you going to buy?'
14.8878 	EXP 	eyetracker.setRecordingState(False)
14.9006 	EXP 	text: height = np.float64(0.05)
14.9006 	EXP 	text: height = np.float64(0.05)
14.9006 	EXP 	text: height = np.float64(0.05)
14.9006 	EXP 	text: text = 'Which one are you going to buy?'
14.9019 	EXP 	eyetracker.setRecordingState(False)
14.9159 	EXP 	text: height = np.float64(0.05)
14.9159 	EXP 	text: height = np.float64(0.05)
14.9159 	EXP 	text: height = np.float64(0.05)
14.9159 	EXP 	text: text = 'Which one are you going to buy?'
14.9177 	EXP 	eyetracker.setRecordingState(False)
14.9372 	EXP 	text: height = np.float64(0.05)
14.9372 	EXP 	text: height = np.float64(0.05)
14.9372 	EXP 	text: height = np.float64(0.05)
14.9372 	EXP 	text: text = 'Which one are you going to buy?'
14.9395 	EXP 	eyetracker.setRecordingState(False)
14.9594 	EXP 	text: height = np.float64(0.05)
14.9594 	EXP 	text: height = np.float64(0.05)
14.9594 	EXP 	text: height = np.float64(0.05)
14.9594 	EXP 	text: text = 'Which one are you going to buy?'
14.9612 	EXP 	eyetracker.setRecordingState(False)
14.9778 	EXP 	text: height = np.float64(0.05)
14.9778 	EXP 	text: height = np.float64(0.05)
14.9778 	EXP 	text: height = np.float64(0.05)
14.9778 	EXP 	text: text = 'Which one are you going to buy?'
14.9794 	EXP 	eyetracker.setRecordingState(False)
14.9936 	EXP 	text: height = np.float64(0.05)
14.9936 	EXP 	text: height = np.float64(0.05)
14.9936 	EXP 	text: height = np.float64(0.05)
14.9936 	EXP 	text: text = 'Which one are you going to buy?'
14.9954 	EXP 	eyetracker.setRecordingState(False)
15.0092 	EXP 	text: height = np.float64(0.05)
15.0092 	EXP 	text: height = np.float64(0.05)
15.0092 	EXP 	text: height = np.float64(0.05)
15.0092 	EXP 	text: text = 'Which one are you going to buy?'
15.0105 	EXP 	eyetracker.setRecordingState(False)
15.0242 	EXP 	text: height = np.float64(0.05)
15.0242 	EXP 	text: height = np.float64(0.05)
15.0242 	EXP 	text: height = np.float64(0.05)
15.0242 	EXP 	text: text = 'Which one are you going to buy?'
15.0259 	EXP 	eyetracker.setRecordingState(False)
15.0446 	EXP 	text: height = np.float64(0.05)
15.0446 	EXP 	text: height = np.float64(0.05)
15.0446 	EXP 	text: height = np.float64(0.05)
15.0446 	EXP 	text: text = 'Which one are you going to buy?'
15.0465 	EXP 	eyetracker.setRecordingState(False)
15.0605 	EXP 	text: height = np.float64(0.05)
15.0605 	EXP 	text: height = np.float64(0.05)
15.0605 	EXP 	text: height = np.float64(0.05)
15.0605 	EXP 	text: text = 'Which one are you going to buy?'
15.0624 	EXP 	eyetracker.setRecordingState(False)
15.0827 	EXP 	text: height = np.float64(0.05)
15.0827 	EXP 	text: height = np.float64(0.05)
15.0827 	EXP 	text: height = np.float64(0.05)
15.0827 	EXP 	text: text = 'Which one are you going to buy?'
15.0849 	EXP 	eyetracker.setRecordingState(False)
15.1012 	EXP 	text: height = np.float64(0.05)
15.1012 	EXP 	text: height = np.float64(0.05)
15.1012 	EXP 	text: height = np.float64(0.05)
15.1012 	EXP 	text: text = 'Which one are you going to buy?'
15.1022 	EXP 	eyetracker.setRecordingState(False)
15.1157 	EXP 	text: height = np.float64(0.05)
15.1157 	EXP 	text: height = np.float64(0.05)
15.1157 	EXP 	text: height = np.float64(0.05)
15.1157 	EXP 	text: text = 'Which one are you going to buy?'
15.1175 	EXP 	eyetracker.setRecordingState(False)
15.1369 	EXP 	text: height = np.float64(0.05)
15.1369 	EXP 	text: height = np.float64(0.05)
15.1369 	EXP 	text: height = np.float64(0.05)
15.1369 	EXP 	text: text = 'Which one are you going to buy?'
15.1390 	EXP 	eyetracker.setRecordingState(False)
15.1604 	EXP 	text: height = np.float64(0.05)
15.1604 	EXP 	text: height = np.float64(0.05)
15.1604 	EXP 	text: height = np.float64(0.05)
15.1604 	EXP 	text: text = 'Which one are you going to buy?'
15.1628 	EXP 	eyetracker.setRecordingState(False)
15.1841 	EXP 	text: height = np.float64(0.05)
15.1841 	EXP 	text: height = np.float64(0.05)
15.1841 	EXP 	text: height = np.float64(0.05)
15.1841 	EXP 	text: text = 'Which one are you going to buy?'
15.1860 	EXP 	eyetracker.setRecordingState(False)
15.2031 	EXP 	text: height = np.float64(0.05)
15.2031 	EXP 	text: height = np.float64(0.05)
15.2031 	EXP 	text: height = np.float64(0.05)
15.2031 	EXP 	text: text = 'Which one are you going to buy?'
15.2043 	EXP 	eyetracker.setRecordingState(False)
15.2164 	EXP 	text: height = np.float64(0.05)
15.2164 	EXP 	text: height = np.float64(0.05)
15.2164 	EXP 	text: height = np.float64(0.05)
15.2164 	EXP 	text: text = 'Which one are you going to buy?'
15.2174 	EXP 	eyetracker.setRecordingState(False)
15.2291 	EXP 	text: height = np.float64(0.05)
15.2291 	EXP 	text: height = np.float64(0.05)
15.2291 	EXP 	text: height = np.float64(0.05)
15.2291 	EXP 	text: text = 'Which one are you going to buy?'
15.2308 	EXP 	eyetracker.setRecordingState(False)
15.2455 	EXP 	text: height = np.float64(0.05)
15.2455 	EXP 	text: height = np.float64(0.05)
15.2455 	EXP 	text: height = np.float64(0.05)
15.2455 	EXP 	text: text = 'Which one are you going to buy?'
15.2473 	EXP 	eyetracker.setRecordingState(False)
15.2622 	EXP 	text: height = np.float64(0.05)
15.2622 	EXP 	text: height = np.float64(0.05)
15.2622 	EXP 	text: height = np.float64(0.05)
15.2622 	EXP 	text: text = 'Which one are you going to buy?'
15.2640 	EXP 	eyetracker.setRecordingState(False)
15.2807 	EXP 	text: height = np.float64(0.05)
15.2807 	EXP 	text: height = np.float64(0.05)
15.2807 	EXP 	text: height = np.float64(0.05)
15.2807 	EXP 	text: text = 'Which one are you going to buy?'
15.2825 	EXP 	eyetracker.setRecordingState(False)
15.2958 	EXP 	text: height = np.float64(0.05)
15.2958 	EXP 	text: height = np.float64(0.05)
15.2958 	EXP 	text: height = np.float64(0.05)
15.2958 	EXP 	text: text = 'Which one are you going to buy?'
15.2970 	EXP 	eyetracker.setRecordingState(False)
15.3101 	EXP 	text: height = np.float64(0.05)
15.3101 	EXP 	text: height = np.float64(0.05)
15.3101 	EXP 	text: height = np.float64(0.05)
15.3101 	EXP 	text: text = 'Which one are you going to buy?'
15.3113 	EXP 	eyetracker.setRecordingState(False)
15.3216 	EXP 	text: height = np.float64(0.05)
15.3216 	EXP 	text: height = np.float64(0.05)
15.3216 	EXP 	text: height = np.float64(0.05)
15.3216 	EXP 	text: text = 'Which one are you going to buy?'
15.3228 	EXP 	eyetracker.setRecordingState(False)
15.3338 	EXP 	text: height = np.float64(0.05)
15.3338 	EXP 	text: height = np.float64(0.05)
15.3338 	EXP 	text: height = np.float64(0.05)
15.3338 	EXP 	text: text = 'Which one are you going to buy?'
15.3349 	EXP 	eyetracker.setRecordingState(False)
15.3453 	EXP 	text: height = np.float64(0.05)
15.3453 	EXP 	text: height = np.float64(0.05)
15.3453 	EXP 	text: height = np.float64(0.05)
15.3453 	EXP 	text: text = 'Which one are you going to buy?'
15.3466 	EXP 	eyetracker.setRecordingState(False)
15.3593 	EXP 	text: height = np.float64(0.05)
15.3593 	EXP 	text: height = np.float64(0.05)
15.3593 	EXP 	text: height = np.float64(0.05)
15.3593 	EXP 	text: text = 'Which one are you going to buy?'
15.3606 	EXP 	eyetracker.setRecordingState(False)
15.3709 	EXP 	text: height = np.float64(0.05)
15.3709 	EXP 	text: height = np.float64(0.05)
15.3709 	EXP 	text: height = np.float64(0.05)
15.3709 	EXP 	text: text = 'Which one are you going to buy?'
15.3720 	EXP 	eyetracker.setRecordingState(False)
15.3812 	EXP 	text: height = np.float64(0.05)
15.3812 	EXP 	text: height = np.float64(0.05)
15.3812 	EXP 	text: height = np.float64(0.05)
15.3812 	EXP 	text: text = 'Which one are you going to buy?'
15.3820 	EXP 	eyetracker.setRecordingState(False)
15.3899 	EXP 	text: height = np.float64(0.05)
15.3899 	EXP 	text: height = np.float64(0.05)
15.3899 	EXP 	text: height = np.float64(0.05)
15.3899 	EXP 	text: text = 'Which one are you going to buy?'
15.3908 	EXP 	eyetracker.setRecordingState(False)
15.3984 	EXP 	text: height = np.float64(0.05)
15.3984 	EXP 	text: height = np.float64(0.05)
15.3984 	EXP 	text: height = np.float64(0.05)
15.3984 	EXP 	text: text = 'Which one are you going to buy?'
15.3992 	EXP 	eyetracker.setRecordingState(False)
15.4065 	EXP 	text: height = np.float64(0.05)
15.4065 	EXP 	text: height = np.float64(0.05)
15.4065 	EXP 	text: height = np.float64(0.05)
15.4065 	EXP 	text: text = 'Which one are you going to buy?'
15.4071 	EXP 	eyetracker.setRecordingState(False)
15.4138 	EXP 	text: height = np.float64(0.05)
15.4138 	EXP 	text: height = np.float64(0.05)
15.4138 	EXP 	text: height = np.float64(0.05)
15.4138 	EXP 	text: text = 'Which one are you going to buy?'
15.4146 	EXP 	eyetracker.setRecordingState(False)
15.4223 	EXP 	text: height = np.float64(0.05)
15.4223 	EXP 	text: height = np.float64(0.05)
15.4223 	EXP 	text: height = np.float64(0.05)
15.4223 	EXP 	text: text = 'Which one are you going to buy?'
15.4229 	EXP 	eyetracker.setRecordingState(False)
15.4294 	EXP 	text: height = np.float64(0.05)
15.4294 	EXP 	text: height = np.float64(0.05)
15.4294 	EXP 	text: height = np.float64(0.05)
15.4294 	EXP 	text: text = 'Which one are you going to buy?'
15.4301 	EXP 	eyetracker.setRecordingState(False)
15.4371 	EXP 	text: height = np.float64(0.05)
15.4371 	EXP 	text: height = np.float64(0.05)
15.4371 	EXP 	text: height = np.float64(0.05)
15.4371 	EXP 	text: text = 'Which one are you going to buy?'
15.4379 	EXP 	eyetracker.setRecordingState(False)
15.4448 	EXP 	text: height = np.float64(0.05)
15.4448 	EXP 	text: height = np.float64(0.05)
15.4448 	EXP 	text: height = np.float64(0.05)
15.4448 	EXP 	text: text = 'Which one are you going to buy?'
15.4456 	EXP 	eyetracker.setRecordingState(False)
15.4526 	EXP 	text: height = np.float64(0.05)
15.4526 	EXP 	text: height = np.float64(0.05)
15.4526 	EXP 	text: height = np.float64(0.05)
15.4526 	EXP 	text: text = 'Which one are you going to buy?'
15.4533 	EXP 	eyetracker.setRecordingState(False)
15.4611 	EXP 	text: height = np.float64(0.05)
15.4611 	EXP 	text: height = np.float64(0.05)
15.4611 	EXP 	text: height = np.float64(0.05)
15.4611 	EXP 	text: text = 'Which one are you going to buy?'
15.4619 	EXP 	eyetracker.setRecordingState(False)
15.4687 	EXP 	text: height = np.float64(0.05)
15.4687 	EXP 	text: height = np.float64(0.05)
15.4687 	EXP 	text: height = np.float64(0.05)
15.4687 	EXP 	text: text = 'Which one are you going to buy?'
15.4693 	EXP 	eyetracker.setRecordingState(False)
15.4763 	EXP 	text: height = np.float64(0.05)
15.4763 	EXP 	text: height = np.float64(0.05)
15.4763 	EXP 	text: height = np.float64(0.05)
15.4763 	EXP 	text: text = 'Which one are you going to buy?'
15.4771 	EXP 	eyetracker.setRecordingState(False)
15.4841 	EXP 	text: height = np.float64(0.05)
15.4841 	EXP 	text: height = np.float64(0.05)
15.4841 	EXP 	text: height = np.float64(0.05)
15.4841 	EXP 	text: text = 'Which one are you going to buy?'
15.4847 	EXP 	eyetracker.setRecordingState(False)
15.4916 	EXP 	text: height = np.float64(0.05)
15.4916 	EXP 	text: height = np.float64(0.05)
15.4916 	EXP 	text: height = np.float64(0.05)
15.4916 	EXP 	text: text = 'Which one are you going to buy?'
15.4923 	EXP 	eyetracker.setRecordingState(False)
15.4995 	EXP 	text: height = np.float64(0.05)
15.4995 	EXP 	text: height = np.float64(0.05)
15.4995 	EXP 	text: height = np.float64(0.05)
15.4995 	EXP 	text: text = 'Which one are you going to buy?'
15.5001 	EXP 	eyetracker.setRecordingState(False)
15.5072 	EXP 	text: height = np.float64(0.05)
15.5072 	EXP 	text: height = np.float64(0.05)
15.5072 	EXP 	text: height = np.float64(0.05)
15.5072 	EXP 	text: text = 'Which one are you going to buy?'
15.5080 	EXP 	eyetracker.setRecordingState(False)
15.5152 	EXP 	text: height = np.float64(0.05)
15.5152 	EXP 	text: height = np.float64(0.05)
15.5152 	EXP 	text: height = np.float64(0.05)
15.5152 	EXP 	text: text = 'Which one are you going to buy?'
15.5158 	EXP 	eyetracker.setRecordingState(False)
15.5225 	EXP 	text: height = np.float64(0.05)
15.5225 	EXP 	text: height = np.float64(0.05)
15.5225 	EXP 	text: height = np.float64(0.05)
15.5225 	EXP 	text: text = 'Which one are you going to buy?'
15.5231 	EXP 	eyetracker.setRecordingState(False)
15.5304 	EXP 	text: height = np.float64(0.05)
15.5304 	EXP 	text: height = np.float64(0.05)
15.5304 	EXP 	text: height = np.float64(0.05)
15.5304 	EXP 	text: text = 'Which one are you going to buy?'
15.5310 	EXP 	eyetracker.setRecordingState(False)
15.5377 	EXP 	text: height = np.float64(0.05)
15.5377 	EXP 	text: height = np.float64(0.05)
15.5377 	EXP 	text: height = np.float64(0.05)
15.5377 	EXP 	text: text = 'Which one are you going to buy?'
15.5384 	EXP 	eyetracker.setRecordingState(False)
15.5454 	EXP 	text: height = np.float64(0.05)
15.5454 	EXP 	text: height = np.float64(0.05)
15.5454 	EXP 	text: height = np.float64(0.05)
15.5454 	EXP 	text: text = 'Which one are you going to buy?'
15.5461 	EXP 	eyetracker.setRecordingState(False)
15.5528 	EXP 	text: height = np.float64(0.05)
15.5528 	EXP 	text: height = np.float64(0.05)
15.5528 	EXP 	text: height = np.float64(0.05)
15.5528 	EXP 	text: text = 'Which one are you going to buy?'
15.5534 	EXP 	eyetracker.setRecordingState(False)
15.5607 	EXP 	text: height = np.float64(0.05)
15.5607 	EXP 	text: height = np.float64(0.05)
15.5607 	EXP 	text: height = np.float64(0.05)
15.5607 	EXP 	text: text = 'Which one are you going to buy?'
15.5613 	EXP 	eyetracker.setRecordingState(False)
15.5679 	EXP 	text: height = np.float64(0.05)
15.5679 	EXP 	text: height = np.float64(0.05)
15.5679 	EXP 	text: height = np.float64(0.05)
15.5679 	EXP 	text: text = 'Which one are you going to buy?'
15.5685 	EXP 	eyetracker.setRecordingState(False)
15.5760 	EXP 	text: height = np.float64(0.05)
15.5760 	EXP 	text: height = np.float64(0.05)
15.5760 	EXP 	text: height = np.float64(0.05)
15.5760 	EXP 	text: text = 'Which one are you going to buy?'
15.5766 	EXP 	eyetracker.setRecordingState(False)
15.5834 	EXP 	text: height = np.float64(0.05)
15.5834 	EXP 	text: height = np.float64(0.05)
15.5834 	EXP 	text: height = np.float64(0.05)
15.5834 	EXP 	text: text = 'Which one are you going to buy?'
15.5840 	EXP 	eyetracker.setRecordingState(False)
15.5913 	EXP 	text: height = np.float64(0.05)
15.5913 	EXP 	text: height = np.float64(0.05)
15.5913 	EXP 	text: height = np.float64(0.05)
15.5913 	EXP 	text: text = 'Which one are you going to buy?'
15.5920 	EXP 	eyetracker.setRecordingState(False)
15.5986 	EXP 	text: height = np.float64(0.05)
15.5986 	EXP 	text: height = np.float64(0.05)
15.5986 	EXP 	text: height = np.float64(0.05)
15.5986 	EXP 	text: text = 'Which one are you going to buy?'
15.5991 	EXP 	eyetracker.setRecordingState(False)
15.6061 	EXP 	text: height = np.float64(0.05)
15.6061 	EXP 	text: height = np.float64(0.05)
15.6061 	EXP 	text: height = np.float64(0.05)
15.6061 	EXP 	text: text = 'Which one are you going to buy?'
15.6067 	EXP 	eyetracker.setRecordingState(False)
15.6133 	EXP 	text: height = np.float64(0.05)
15.6133 	EXP 	text: height = np.float64(0.05)
15.6133 	EXP 	text: height = np.float64(0.05)
15.6133 	EXP 	text: text = 'Which one are you going to buy?'
15.6139 	EXP 	eyetracker.setRecordingState(False)
15.6211 	EXP 	text: height = np.float64(0.05)
15.6211 	EXP 	text: height = np.float64(0.05)
15.6211 	EXP 	text: height = np.float64(0.05)
15.6211 	EXP 	text: text = 'Which one are you going to buy?'
15.6217 	EXP 	eyetracker.setRecordingState(False)
15.6286 	EXP 	text: height = np.float64(0.05)
15.6286 	EXP 	text: height = np.float64(0.05)
15.6286 	EXP 	text: height = np.float64(0.05)
15.6286 	EXP 	text: text = 'Which one are you going to buy?'
15.6292 	EXP 	eyetracker.setRecordingState(False)
15.6361 	EXP 	text: height = np.float64(0.05)
15.6361 	EXP 	text: height = np.float64(0.05)
15.6361 	EXP 	text: height = np.float64(0.05)
15.6361 	EXP 	text: text = 'Which one are you going to buy?'
15.6367 	EXP 	eyetracker.setRecordingState(False)
15.6437 	EXP 	text: height = np.float64(0.05)
15.6437 	EXP 	text: height = np.float64(0.05)
15.6437 	EXP 	text: height = np.float64(0.05)
15.6437 	EXP 	text: text = 'Which one are you going to buy?'
15.6443 	EXP 	eyetracker.setRecordingState(False)
15.6516 	EXP 	text: height = np.float64(0.05)
15.6516 	EXP 	text: height = np.float64(0.05)
15.6516 	EXP 	text: height = np.float64(0.05)
15.6516 	EXP 	text: text = 'Which one are you going to buy?'
15.6524 	EXP 	eyetracker.setRecordingState(False)
15.6593 	EXP 	text: height = np.float64(0.05)
15.6593 	EXP 	text: height = np.float64(0.05)
15.6593 	EXP 	text: height = np.float64(0.05)
15.6593 	EXP 	text: text = 'Which one are you going to buy?'
15.6599 	EXP 	eyetracker.setRecordingState(False)
15.6668 	EXP 	text: height = np.float64(0.05)
15.6668 	EXP 	text: height = np.float64(0.05)
15.6668 	EXP 	text: height = np.float64(0.05)
15.6668 	EXP 	text: text = 'Which one are you going to buy?'
15.6674 	EXP 	eyetracker.setRecordingState(False)
15.6741 	EXP 	text: height = np.float64(0.05)
15.6741 	EXP 	text: height = np.float64(0.05)
15.6741 	EXP 	text: height = np.float64(0.05)
15.6741 	EXP 	text: text = 'Which one are you going to buy?'
15.6746 	EXP 	eyetracker.setRecordingState(False)
15.6815 	EXP 	text: height = np.float64(0.05)
15.6815 	EXP 	text: height = np.float64(0.05)
15.6815 	EXP 	text: height = np.float64(0.05)
15.6815 	EXP 	text: text = 'Which one are you going to buy?'
15.6821 	EXP 	eyetracker.setRecordingState(False)
15.6888 	EXP 	text: height = np.float64(0.05)
15.6888 	EXP 	text: height = np.float64(0.05)
15.6888 	EXP 	text: height = np.float64(0.05)
15.6888 	EXP 	text: text = 'Which one are you going to buy?'
15.6894 	EXP 	eyetracker.setRecordingState(False)
15.6963 	EXP 	text: height = np.float64(0.05)
15.6963 	EXP 	text: height = np.float64(0.05)
15.6963 	EXP 	text: height = np.float64(0.05)
15.6963 	EXP 	text: text = 'Which one are you going to buy?'
15.6971 	EXP 	eyetracker.setRecordingState(False)
15.7040 	EXP 	text: height = np.float64(0.05)
15.7040 	EXP 	text: height = np.float64(0.05)
15.7040 	EXP 	text: height = np.float64(0.05)
15.7040 	EXP 	text: text = 'Which one are you going to buy?'
15.7047 	EXP 	eyetracker.setRecordingState(False)
15.7118 	EXP 	text: height = np.float64(0.05)
15.7118 	EXP 	text: height = np.float64(0.05)
15.7118 	EXP 	text: height = np.float64(0.05)
15.7118 	EXP 	text: text = 'Which one are you going to buy?'
15.7126 	EXP 	eyetracker.setRecordingState(False)
15.7195 	EXP 	text: height = np.float64(0.05)
15.7195 	EXP 	text: height = np.float64(0.05)
15.7195 	EXP 	text: height = np.float64(0.05)
15.7195 	EXP 	text: text = 'Which one are you going to buy?'
15.7201 	EXP 	eyetracker.setRecordingState(False)
15.7268 	EXP 	text: height = np.float64(0.05)
15.7268 	EXP 	text: height = np.float64(0.05)
15.7268 	EXP 	text: height = np.float64(0.05)
15.7268 	EXP 	text: text = 'Which one are you going to buy?'
15.7274 	EXP 	eyetracker.setRecordingState(False)
15.7342 	EXP 	text: height = np.float64(0.05)
15.7342 	EXP 	text: height = np.float64(0.05)
15.7342 	EXP 	text: height = np.float64(0.05)
15.7342 	EXP 	text: text = 'Which one are you going to buy?'
15.7348 	EXP 	eyetracker.setRecordingState(False)
15.7414 	EXP 	text: height = np.float64(0.05)
15.7414 	EXP 	text: height = np.float64(0.05)
15.7414 	EXP 	text: height = np.float64(0.05)
15.7414 	EXP 	text: text = 'Which one are you going to buy?'
15.7424 	EXP 	eyetracker.setRecordingState(False)
15.7498 	EXP 	text: height = np.float64(0.05)
15.7498 	EXP 	text: height = np.float64(0.05)
15.7498 	EXP 	text: height = np.float64(0.05)
15.7498 	EXP 	text: text = 'Which one are you going to buy?'
15.7504 	EXP 	eyetracker.setRecordingState(False)
15.7570 	EXP 	text: height = np.float64(0.05)
15.7570 	EXP 	text: height = np.float64(0.05)
15.7570 	EXP 	text: height = np.float64(0.05)
15.7570 	EXP 	text: text = 'Which one are you going to buy?'
15.7577 	EXP 	eyetracker.setRecordingState(False)
15.7648 	EXP 	text: height = np.float64(0.05)
15.7648 	EXP 	text: height = np.float64(0.05)
15.7648 	EXP 	text: height = np.float64(0.05)
15.7648 	EXP 	text: text = 'Which one are you going to buy?'
15.7653 	EXP 	eyetracker.setRecordingState(False)
15.7719 	EXP 	text: height = np.float64(0.05)
15.7719 	EXP 	text: height = np.float64(0.05)
15.7719 	EXP 	text: height = np.float64(0.05)
15.7719 	EXP 	text: text = 'Which one are you going to buy?'
15.7725 	EXP 	eyetracker.setRecordingState(False)
15.7811 	EXP 	text: height = np.float64(0.05)
15.7811 	EXP 	text: height = np.float64(0.05)
15.7811 	EXP 	text: height = np.float64(0.05)
15.7811 	EXP 	text: text = 'Which one are you going to buy?'
15.7818 	EXP 	eyetracker.setRecordingState(False)
15.7886 	EXP 	text: height = np.float64(0.05)
15.7886 	EXP 	text: height = np.float64(0.05)
15.7886 	EXP 	text: height = np.float64(0.05)
15.7886 	EXP 	text: text = 'Which one are you going to buy?'
15.7894 	EXP 	eyetracker.setRecordingState(False)
15.7964 	EXP 	text: height = np.float64(0.05)
15.7964 	EXP 	text: height = np.float64(0.05)
15.7964 	EXP 	text: height = np.float64(0.05)
15.7964 	EXP 	text: text = 'Which one are you going to buy?'
15.7970 	EXP 	eyetracker.setRecordingState(False)
15.8038 	EXP 	text: height = np.float64(0.05)
15.8038 	EXP 	text: height = np.float64(0.05)
15.8038 	EXP 	text: height = np.float64(0.05)
15.8038 	EXP 	text: text = 'Which one are you going to buy?'
15.8044 	EXP 	eyetracker.setRecordingState(False)
15.8116 	EXP 	text: height = np.float64(0.05)
15.8116 	EXP 	text: height = np.float64(0.05)
15.8116 	EXP 	text: height = np.float64(0.05)
15.8116 	EXP 	text: text = 'Which one are you going to buy?'
15.8122 	EXP 	eyetracker.setRecordingState(False)
15.8189 	EXP 	text: height = np.float64(0.05)
15.8189 	EXP 	text: height = np.float64(0.05)
15.8189 	EXP 	text: height = np.float64(0.05)
15.8189 	EXP 	text: text = 'Which one are you going to buy?'
15.8195 	EXP 	eyetracker.setRecordingState(False)
15.8272 	EXP 	text: height = np.float64(0.05)
15.8272 	EXP 	text: height = np.float64(0.05)
15.8272 	EXP 	text: height = np.float64(0.05)
15.8272 	EXP 	text: text = 'Which one are you going to buy?'
15.8279 	EXP 	eyetracker.setRecordingState(False)
15.8349 	EXP 	text: height = np.float64(0.05)
15.8349 	EXP 	text: height = np.float64(0.05)
15.8349 	EXP 	text: height = np.float64(0.05)
15.8349 	EXP 	text: text = 'Which one are you going to buy?'
15.8354 	EXP 	eyetracker.setRecordingState(False)
15.8435 	EXP 	text: height = np.float64(0.05)
15.8435 	EXP 	text: height = np.float64(0.05)
15.8435 	EXP 	text: height = np.float64(0.05)
15.8435 	EXP 	text: text = 'Which one are you going to buy?'
15.8441 	EXP 	eyetracker.setRecordingState(False)
15.8511 	EXP 	text: height = np.float64(0.05)
15.8511 	EXP 	text: height = np.float64(0.05)
15.8511 	EXP 	text: height = np.float64(0.05)
15.8511 	EXP 	text: text = 'Which one are you going to buy?'
15.8519 	EXP 	eyetracker.setRecordingState(False)
15.8590 	EXP 	text: height = np.float64(0.05)
15.8590 	EXP 	text: height = np.float64(0.05)
15.8590 	EXP 	text: height = np.float64(0.05)
15.8590 	EXP 	text: text = 'Which one are you going to buy?'
15.8596 	EXP 	eyetracker.setRecordingState(False)
15.8661 	EXP 	text: height = np.float64(0.05)
15.8661 	EXP 	text: height = np.float64(0.05)
15.8661 	EXP 	text: height = np.float64(0.05)
15.8661 	EXP 	text: text = 'Which one are you going to buy?'
15.8666 	EXP 	eyetracker.setRecordingState(False)
15.8748 	EXP 	text: height = np.float64(0.05)
15.8748 	EXP 	text: height = np.float64(0.05)
15.8748 	EXP 	text: height = np.float64(0.05)
15.8748 	EXP 	text: text = 'Which one are you going to buy?'
15.8754 	EXP 	eyetracker.setRecordingState(False)
15.8823 	EXP 	text: height = np.float64(0.05)
15.8823 	EXP 	text: height = np.float64(0.05)
15.8823 	EXP 	text: height = np.float64(0.05)
15.8823 	EXP 	text: text = 'Which one are you going to buy?'
15.8829 	EXP 	eyetracker.setRecordingState(False)
15.8901 	EXP 	text: height = np.float64(0.05)
15.8901 	EXP 	text: height = np.float64(0.05)
15.8901 	EXP 	text: height = np.float64(0.05)
15.8901 	EXP 	text: text = 'Which one are you going to buy?'
15.8907 	EXP 	eyetracker.setRecordingState(False)
15.8975 	EXP 	text: height = np.float64(0.05)
15.8975 	EXP 	text: height = np.float64(0.05)
15.8975 	EXP 	text: height = np.float64(0.05)
15.8975 	EXP 	text: text = 'Which one are you going to buy?'
15.8981 	EXP 	eyetracker.setRecordingState(False)
15.9052 	EXP 	text: height = np.float64(0.05)
15.9052 	EXP 	text: height = np.float64(0.05)
15.9052 	EXP 	text: height = np.float64(0.05)
15.9052 	EXP 	text: text = 'Which one are you going to buy?'
15.9058 	EXP 	eyetracker.setRecordingState(False)
15.9125 	EXP 	text: height = np.float64(0.05)
15.9125 	EXP 	text: height = np.float64(0.05)
15.9125 	EXP 	text: height = np.float64(0.05)
15.9125 	EXP 	text: text = 'Which one are you going to buy?'
15.9131 	EXP 	eyetracker.setRecordingState(False)
15.9205 	EXP 	text: height = np.float64(0.05)
15.9205 	EXP 	text: height = np.float64(0.05)
15.9205 	EXP 	text: height = np.float64(0.05)
15.9205 	EXP 	text: text = 'Which one are you going to buy?'
15.9211 	EXP 	eyetracker.setRecordingState(False)
15.9279 	EXP 	text: height = np.float64(0.05)
15.9279 	EXP 	text: height = np.float64(0.05)
15.9279 	EXP 	text: height = np.float64(0.05)
15.9279 	EXP 	text: text = 'Which one are you going to buy?'
15.9285 	EXP 	eyetracker.setRecordingState(False)
15.9359 	EXP 	text: height = np.float64(0.05)
15.9359 	EXP 	text: height = np.float64(0.05)
15.9359 	EXP 	text: height = np.float64(0.05)
15.9359 	EXP 	text: text = 'Which one are you going to buy?'
15.9365 	EXP 	eyetracker.setRecordingState(False)
15.9432 	EXP 	text: height = np.float64(0.05)
15.9432 	EXP 	text: height = np.float64(0.05)
15.9432 	EXP 	text: height = np.float64(0.05)
15.9432 	EXP 	text: text = 'Which one are you going to buy?'
15.9438 	EXP 	eyetracker.setRecordingState(False)
15.9504 	EXP 	text: height = np.float64(0.05)
15.9504 	EXP 	text: height = np.float64(0.05)
15.9504 	EXP 	text: height = np.float64(0.05)
15.9504 	EXP 	text: text = 'Which one are you going to buy?'
15.9511 	EXP 	eyetracker.setRecordingState(False)
15.9578 	EXP 	text: height = np.float64(0.05)
15.9578 	EXP 	text: height = np.float64(0.05)
15.9578 	EXP 	text: height = np.float64(0.05)
15.9578 	EXP 	text: text = 'Which one are you going to buy?'
15.9583 	EXP 	eyetracker.setRecordingState(False)
15.9649 	EXP 	text: height = np.float64(0.05)
15.9649 	EXP 	text: height = np.float64(0.05)
15.9649 	EXP 	text: height = np.float64(0.05)
15.9649 	EXP 	text: text = 'Which one are you going to buy?'
15.9656 	EXP 	eyetracker.setRecordingState(False)
15.9726 	EXP 	text: height = np.float64(0.05)
15.9726 	EXP 	text: height = np.float64(0.05)
15.9726 	EXP 	text: height = np.float64(0.05)
15.9726 	EXP 	text: text = 'Which one are you going to buy?'
15.9732 	EXP 	eyetracker.setRecordingState(False)
15.9799 	EXP 	text: height = np.float64(0.05)
15.9799 	EXP 	text: height = np.float64(0.05)
15.9799 	EXP 	text: height = np.float64(0.05)
15.9799 	EXP 	text: text = 'Which one are you going to buy?'
15.9804 	EXP 	eyetracker.setRecordingState(False)
15.9876 	EXP 	text: height = np.float64(0.05)
15.9876 	EXP 	text: height = np.float64(0.05)
15.9876 	EXP 	text: height = np.float64(0.05)
15.9876 	EXP 	text: text = 'Which one are you going to buy?'
15.9882 	EXP 	eyetracker.setRecordingState(False)
15.9951 	EXP 	text: height = np.float64(0.05)
15.9951 	EXP 	text: height = np.float64(0.05)
15.9951 	EXP 	text: height = np.float64(0.05)
15.9951 	EXP 	text: text = 'Which one are you going to buy?'
15.9958 	EXP 	eyetracker.setRecordingState(False)
16.0028 	EXP 	text: height = np.float64(0.05)
16.0028 	EXP 	text: height = np.float64(0.05)
16.0028 	EXP 	text: height = np.float64(0.05)
16.0028 	EXP 	text: text = 'Which one are you going to buy?'
16.0034 	EXP 	eyetracker.setRecordingState(False)
16.0101 	EXP 	text: height = np.float64(0.05)
16.0101 	EXP 	text: height = np.float64(0.05)
16.0101 	EXP 	text: height = np.float64(0.05)
16.0101 	EXP 	text: text = 'Which one are you going to buy?'
16.0109 	EXP 	eyetracker.setRecordingState(False)
16.0177 	EXP 	text: height = np.float64(0.05)
16.0177 	EXP 	text: height = np.float64(0.05)
16.0177 	EXP 	text: height = np.float64(0.05)
16.0177 	EXP 	text: text = 'Which one are you going to buy?'
16.0183 	EXP 	eyetracker.setRecordingState(False)
16.0250 	EXP 	text: height = np.float64(0.05)
16.0250 	EXP 	text: height = np.float64(0.05)
16.0250 	EXP 	text: height = np.float64(0.05)
16.0250 	EXP 	text: text = 'Which one are you going to buy?'
16.0258 	EXP 	eyetracker.setRecordingState(False)
16.0328 	EXP 	text: height = np.float64(0.05)
16.0328 	EXP 	text: height = np.float64(0.05)
16.0328 	EXP 	text: height = np.float64(0.05)
16.0328 	EXP 	text: text = 'Which one are you going to buy?'
16.0334 	EXP 	eyetracker.setRecordingState(False)
16.0401 	EXP 	text: height = np.float64(0.05)
16.0401 	EXP 	text: height = np.float64(0.05)
16.0401 	EXP 	text: height = np.float64(0.05)
16.0401 	EXP 	text: text = 'Which one are you going to buy?'
16.0409 	EXP 	eyetracker.setRecordingState(False)
16.0480 	EXP 	text: height = np.float64(0.05)
16.0480 	EXP 	text: height = np.float64(0.05)
16.0480 	EXP 	text: height = np.float64(0.05)
16.0480 	EXP 	text: text = 'Which one are you going to buy?'
16.0485 	EXP 	eyetracker.setRecordingState(False)
16.0555 	EXP 	text: height = np.float64(0.05)
16.0555 	EXP 	text: height = np.float64(0.05)
16.0555 	EXP 	text: height = np.float64(0.05)
16.0555 	EXP 	text: text = 'Which one are you going to buy?'
16.0563 	EXP 	eyetracker.setRecordingState(False)
16.0636 	EXP 	text: height = np.float64(0.05)
16.0636 	EXP 	text: height = np.float64(0.05)
16.0636 	EXP 	text: height = np.float64(0.05)
16.0636 	EXP 	text: text = 'Which one are you going to buy?'
16.0642 	EXP 	eyetracker.setRecordingState(False)
16.0710 	EXP 	text: height = np.float64(0.05)
16.0710 	EXP 	text: height = np.float64(0.05)
16.0710 	EXP 	text: height = np.float64(0.05)
16.0710 	EXP 	text: text = 'Which one are you going to buy?'
16.0718 	EXP 	eyetracker.setRecordingState(False)
16.0787 	EXP 	text: height = np.float64(0.05)
16.0787 	EXP 	text: height = np.float64(0.05)
16.0787 	EXP 	text: height = np.float64(0.05)
16.0787 	EXP 	text: text = 'Which one are you going to buy?'
16.0793 	EXP 	eyetracker.setRecordingState(False)
16.0861 	EXP 	text: height = np.float64(0.05)
16.0861 	EXP 	text: height = np.float64(0.05)
16.0861 	EXP 	text: height = np.float64(0.05)
16.0861 	EXP 	text: text = 'Which one are you going to buy?'
16.0869 	EXP 	eyetracker.setRecordingState(False)
16.0940 	EXP 	text: height = np.float64(0.05)
16.0940 	EXP 	text: height = np.float64(0.05)
16.0940 	EXP 	text: height = np.float64(0.05)
16.0940 	EXP 	text: text = 'Which one are you going to buy?'
16.0946 	EXP 	eyetracker.setRecordingState(False)
16.1012 	EXP 	text: height = np.float64(0.05)
16.1012 	EXP 	text: height = np.float64(0.05)
16.1012 	EXP 	text: height = np.float64(0.05)
16.1012 	EXP 	text: text = 'Which one are you going to buy?'
16.1018 	EXP 	eyetracker.setRecordingState(False)
16.1089 	EXP 	text: height = np.float64(0.05)
16.1089 	EXP 	text: height = np.float64(0.05)
16.1089 	EXP 	text: height = np.float64(0.05)
16.1089 	EXP 	text: text = 'Which one are you going to buy?'
16.1095 	EXP 	eyetracker.setRecordingState(False)
16.1162 	EXP 	text: height = np.float64(0.05)
16.1162 	EXP 	text: height = np.float64(0.05)
16.1162 	EXP 	text: height = np.float64(0.05)
16.1162 	EXP 	text: text = 'Which one are you going to buy?'
16.1168 	EXP 	eyetracker.setRecordingState(False)
16.1240 	EXP 	text: height = np.float64(0.05)
16.1240 	EXP 	text: height = np.float64(0.05)
16.1240 	EXP 	text: height = np.float64(0.05)
16.1240 	EXP 	text: text = 'Which one are you going to buy?'
16.1246 	EXP 	eyetracker.setRecordingState(False)
16.1314 	EXP 	text: height = np.float64(0.05)
16.1314 	EXP 	text: height = np.float64(0.05)
16.1314 	EXP 	text: height = np.float64(0.05)
16.1314 	EXP 	text: text = 'Which one are you going to buy?'
16.1320 	EXP 	eyetracker.setRecordingState(False)
16.1393 	EXP 	text: height = np.float64(0.05)
16.1393 	EXP 	text: height = np.float64(0.05)
16.1393 	EXP 	text: height = np.float64(0.05)
16.1393 	EXP 	text: text = 'Which one are you going to buy?'
16.1399 	EXP 	eyetracker.setRecordingState(False)
16.1465 	EXP 	text: height = np.float64(0.05)
16.1465 	EXP 	text: height = np.float64(0.05)
16.1465 	EXP 	text: height = np.float64(0.05)
16.1465 	EXP 	text: text = 'Which one are you going to buy?'
16.1471 	EXP 	eyetracker.setRecordingState(False)
16.1537 	EXP 	text: height = np.float64(0.05)
16.1537 	EXP 	text: height = np.float64(0.05)
16.1537 	EXP 	text: height = np.float64(0.05)
16.1537 	EXP 	text: text = 'Which one are you going to buy?'
16.1544 	EXP 	eyetracker.setRecordingState(False)
16.1615 	EXP 	text: height = np.float64(0.05)
16.1615 	EXP 	text: height = np.float64(0.05)
16.1615 	EXP 	text: height = np.float64(0.05)
16.1615 	EXP 	text: text = 'Which one are you going to buy?'
16.1621 	EXP 	eyetracker.setRecordingState(False)
16.1687 	EXP 	text: height = np.float64(0.05)
16.1687 	EXP 	text: height = np.float64(0.05)
16.1687 	EXP 	text: height = np.float64(0.05)
16.1687 	EXP 	text: text = 'Which one are you going to buy?'
16.1698 	EXP 	eyetracker.setRecordingState(False)
16.1768 	EXP 	text: height = np.float64(0.05)
16.1768 	EXP 	text: height = np.float64(0.05)
16.1768 	EXP 	text: height = np.float64(0.05)
16.1768 	EXP 	text: text = 'Which one are you going to buy?'
16.1773 	EXP 	eyetracker.setRecordingState(False)
16.1841 	EXP 	text: height = np.float64(0.05)
16.1841 	EXP 	text: height = np.float64(0.05)
16.1841 	EXP 	text: height = np.float64(0.05)
16.1841 	EXP 	text: text = 'Which one are you going to buy?'
16.1850 	EXP 	eyetracker.setRecordingState(False)
16.1923 	EXP 	text: height = np.float64(0.05)
16.1923 	EXP 	text: height = np.float64(0.05)
16.1923 	EXP 	text: height = np.float64(0.05)
16.1923 	EXP 	text: text = 'Which one are you going to buy?'
16.1928 	EXP 	eyetracker.setRecordingState(False)
16.1995 	EXP 	text: height = np.float64(0.05)
16.1995 	EXP 	text: height = np.float64(0.05)
16.1995 	EXP 	text: height = np.float64(0.05)
16.1995 	EXP 	text: text = 'Which one are you going to buy?'
16.2002 	EXP 	eyetracker.setRecordingState(False)
16.2082 	EXP 	text: height = np.float64(0.05)
16.2082 	EXP 	text: height = np.float64(0.05)
16.2082 	EXP 	text: height = np.float64(0.05)
16.2082 	EXP 	text: text = 'Which one are you going to buy?'
16.2088 	EXP 	eyetracker.setRecordingState(False)
16.2173 	EXP 	text: height = np.float64(0.05)
16.2173 	EXP 	text: height = np.float64(0.05)
16.2173 	EXP 	text: height = np.float64(0.05)
16.2173 	EXP 	text: text = 'Which one are you going to buy?'
16.2181 	EXP 	eyetracker.setRecordingState(False)
16.2253 	EXP 	text: height = np.float64(0.05)
16.2253 	EXP 	text: height = np.float64(0.05)
16.2253 	EXP 	text: height = np.float64(0.05)
16.2253 	EXP 	text: text = 'Which one are you going to buy?'
16.2259 	EXP 	eyetracker.setRecordingState(False)
16.2326 	EXP 	text: height = np.float64(0.05)
16.2326 	EXP 	text: height = np.float64(0.05)
16.2326 	EXP 	text: height = np.float64(0.05)
16.2326 	EXP 	text: text = 'Which one are you going to buy?'
16.2333 	EXP 	eyetracker.setRecordingState(False)
16.2401 	EXP 	text: height = np.float64(0.05)
16.2401 	EXP 	text: height = np.float64(0.05)
16.2401 	EXP 	text: height = np.float64(0.05)
16.2401 	EXP 	text: text = 'Which one are you going to buy?'
16.2408 	EXP 	eyetracker.setRecordingState(False)
16.2476 	EXP 	text: height = np.float64(0.05)
16.2476 	EXP 	text: height = np.float64(0.05)
16.2476 	EXP 	text: height = np.float64(0.05)
16.2476 	EXP 	text: text = 'Which one are you going to buy?'
16.2484 	EXP 	eyetracker.setRecordingState(False)
16.2552 	EXP 	text: height = np.float64(0.05)
16.2552 	EXP 	text: height = np.float64(0.05)
16.2552 	EXP 	text: height = np.float64(0.05)
16.2552 	EXP 	text: text = 'Which one are you going to buy?'
16.2558 	EXP 	eyetracker.setRecordingState(False)
16.2629 	EXP 	text: height = np.float64(0.05)
16.2629 	EXP 	text: height = np.float64(0.05)
16.2629 	EXP 	text: height = np.float64(0.05)
16.2629 	EXP 	text: text = 'Which one are you going to buy?'
16.2636 	EXP 	eyetracker.setRecordingState(False)
16.2709 	EXP 	text: height = np.float64(0.05)
16.2709 	EXP 	text: height = np.float64(0.05)
16.2709 	EXP 	text: height = np.float64(0.05)
16.2709 	EXP 	text: text = 'Which one are you going to buy?'
16.2716 	EXP 	eyetracker.setRecordingState(False)
16.2790 	EXP 	text: height = np.float64(0.05)
16.2790 	EXP 	text: height = np.float64(0.05)
16.2790 	EXP 	text: height = np.float64(0.05)
16.2790 	EXP 	text: text = 'Which one are you going to buy?'
16.2798 	EXP 	eyetracker.setRecordingState(False)
16.2873 	EXP 	text: height = np.float64(0.05)
16.2873 	EXP 	text: height = np.float64(0.05)
16.2873 	EXP 	text: height = np.float64(0.05)
16.2873 	EXP 	text: text = 'Which one are you going to buy?'
16.2881 	EXP 	eyetracker.setRecordingState(False)
16.2956 	EXP 	text: height = np.float64(0.05)
16.2956 	EXP 	text: height = np.float64(0.05)
16.2956 	EXP 	text: height = np.float64(0.05)
16.2956 	EXP 	text: text = 'Which one are you going to buy?'
16.2967 	EXP 	eyetracker.setRecordingState(False)
16.3060 	EXP 	text: height = np.float64(0.05)
16.3060 	EXP 	text: height = np.float64(0.05)
16.3060 	EXP 	text: height = np.float64(0.05)
16.3060 	EXP 	text: text = 'Which one are you going to buy?'
16.3070 	EXP 	eyetracker.setRecordingState(False)
16.3164 	EXP 	text: height = np.float64(0.05)
16.3164 	EXP 	text: height = np.float64(0.05)
16.3164 	EXP 	text: height = np.float64(0.05)
16.3164 	EXP 	text: text = 'Which one are you going to buy?'
16.3178 	EXP 	eyetracker.setRecordingState(False)
16.3298 	EXP 	text: height = np.float64(0.05)
16.3298 	EXP 	text: height = np.float64(0.05)
16.3298 	EXP 	text: height = np.float64(0.05)
16.3298 	EXP 	text: text = 'Which one are you going to buy?'
16.3309 	EXP 	eyetracker.setRecordingState(False)
16.3415 	EXP 	text: height = np.float64(0.05)
16.3415 	EXP 	text: height = np.float64(0.05)
16.3415 	EXP 	text: height = np.float64(0.05)
16.3415 	EXP 	text: text = 'Which one are you going to buy?'
16.3431 	EXP 	eyetracker.setRecordingState(False)
16.3568 	EXP 	text: height = np.float64(0.05)
16.3568 	EXP 	text: height = np.float64(0.05)
16.3568 	EXP 	text: height = np.float64(0.05)
16.3568 	EXP 	text: text = 'Which one are you going to buy?'
16.3585 	EXP 	eyetracker.setRecordingState(False)
16.3708 	EXP 	text: height = np.float64(0.05)
16.3708 	EXP 	text: height = np.float64(0.05)
16.3708 	EXP 	text: height = np.float64(0.05)
16.3708 	EXP 	text: text = 'Which one are you going to buy?'
16.3722 	EXP 	eyetracker.setRecordingState(False)
16.3869 	EXP 	text: height = np.float64(0.05)
16.3869 	EXP 	text: height = np.float64(0.05)
16.3869 	EXP 	text: height = np.float64(0.05)
16.3869 	EXP 	text: text = 'Which one are you going to buy?'
16.3888 	EXP 	eyetracker.setRecordingState(False)
16.4068 	EXP 	text: height = np.float64(0.05)
16.4068 	EXP 	text: height = np.float64(0.05)
16.4068 	EXP 	text: height = np.float64(0.05)
16.4068 	EXP 	text: text = 'Which one are you going to buy?'
16.4087 	EXP 	eyetracker.setRecordingState(False)
16.4284 	EXP 	text: height = np.float64(0.05)
16.4284 	EXP 	text: height = np.float64(0.05)
16.4284 	EXP 	text: height = np.float64(0.05)
16.4284 	EXP 	text: text = 'Which one are you going to buy?'
16.4307 	EXP 	eyetracker.setRecordingState(False)
16.4521 	EXP 	text: height = np.float64(0.05)
16.4521 	EXP 	text: height = np.float64(0.05)
16.4521 	EXP 	text: height = np.float64(0.05)
16.4521 	EXP 	text: text = 'Which one are you going to buy?'
16.4542 	EXP 	eyetracker.setRecordingState(False)
16.4768 	EXP 	text: height = np.float64(0.05)
16.4768 	EXP 	text: height = np.float64(0.05)
16.4768 	EXP 	text: height = np.float64(0.05)
16.4768 	EXP 	text: text = 'Which one are you going to buy?'
16.4791 	EXP 	eyetracker.setRecordingState(False)
16.4997 	EXP 	text: height = np.float64(0.05)
16.4997 	EXP 	text: height = np.float64(0.05)
16.4997 	EXP 	text: height = np.float64(0.05)
16.4997 	EXP 	text: text = 'Which one are you going to buy?'
16.5022 	EXP 	eyetracker.setRecordingState(False)
16.5253 	EXP 	text: height = np.float64(0.05)
16.5253 	EXP 	text: height = np.float64(0.05)
16.5253 	EXP 	text: height = np.float64(0.05)
16.5253 	EXP 	text: text = 'Which one are you going to buy?'
16.5275 	EXP 	eyetracker.setRecordingState(False)
16.5464 	EXP 	text: height = np.float64(0.05)
16.5464 	EXP 	text: height = np.float64(0.05)
16.5464 	EXP 	text: height = np.float64(0.05)
16.5464 	EXP 	text: text = 'Which one are you going to buy?'
16.5482 	EXP 	eyetracker.setRecordingState(False)
16.5626 	EXP 	text: height = np.float64(0.05)
16.5626 	EXP 	text: height = np.float64(0.05)
16.5626 	EXP 	text: height = np.float64(0.05)
16.5626 	EXP 	text: text = 'Which one are you going to buy?'
16.5643 	EXP 	eyetracker.setRecordingState(False)
16.5782 	EXP 	text: height = np.float64(0.05)
16.5782 	EXP 	text: height = np.float64(0.05)
16.5782 	EXP 	text: height = np.float64(0.05)
16.5782 	EXP 	text: text = 'Which one are you going to buy?'
16.5796 	EXP 	eyetracker.setRecordingState(False)
16.5915 	EXP 	text: height = np.float64(0.05)
16.5915 	EXP 	text: height = np.float64(0.05)
16.5915 	EXP 	text: height = np.float64(0.05)
16.5915 	EXP 	text: text = 'Which one are you going to buy?'
16.5930 	EXP 	eyetracker.setRecordingState(False)
16.6084 	EXP 	text: height = np.float64(0.05)
16.6084 	EXP 	text: height = np.float64(0.05)
16.6084 	EXP 	text: height = np.float64(0.05)
16.6084 	EXP 	text: text = 'Which one are you going to buy?'
16.6101 	EXP 	eyetracker.setRecordingState(False)
16.6270 	EXP 	text: height = np.float64(0.05)
16.6270 	EXP 	text: height = np.float64(0.05)
16.6270 	EXP 	text: height = np.float64(0.05)
16.6270 	EXP 	text: text = 'Which one are you going to buy?'
16.6288 	EXP 	eyetracker.setRecordingState(False)
16.6436 	EXP 	text: height = np.float64(0.05)
16.6436 	EXP 	text: height = np.float64(0.05)
16.6436 	EXP 	text: height = np.float64(0.05)
16.6436 	EXP 	text: text = 'Which one are you going to buy?'
16.6449 	EXP 	eyetracker.setRecordingState(False)
16.6607 	EXP 	text: height = np.float64(0.05)
16.6607 	EXP 	text: height = np.float64(0.05)
16.6607 	EXP 	text: height = np.float64(0.05)
16.6607 	EXP 	text: text = 'Which one are you going to buy?'
16.6625 	EXP 	eyetracker.setRecordingState(False)
16.6788 	EXP 	text: height = np.float64(0.05)
16.6788 	EXP 	text: height = np.float64(0.05)
16.6788 	EXP 	text: height = np.float64(0.05)
16.6788 	EXP 	text: text = 'Which one are you going to buy?'
16.6807 	EXP 	eyetracker.setRecordingState(False)
16.6980 	EXP 	text: height = np.float64(0.05)
16.6980 	EXP 	text: height = np.float64(0.05)
16.6980 	EXP 	text: height = np.float64(0.05)
16.6980 	EXP 	text: text = 'Which one are you going to buy?'
16.6997 	EXP 	eyetracker.setRecordingState(False)
16.7160 	EXP 	text: height = np.float64(0.05)
16.7160 	EXP 	text: height = np.float64(0.05)
16.7160 	EXP 	text: height = np.float64(0.05)
16.7160 	EXP 	text: text = 'Which one are you going to buy?'
16.7177 	EXP 	eyetracker.setRecordingState(False)
16.7325 	EXP 	text: height = np.float64(0.05)
16.7325 	EXP 	text: height = np.float64(0.05)
16.7325 	EXP 	text: height = np.float64(0.05)
16.7325 	EXP 	text: text = 'Which one are you going to buy?'
16.7337 	EXP 	eyetracker.setRecordingState(False)
16.7463 	EXP 	text: height = np.float64(0.05)
16.7463 	EXP 	text: height = np.float64(0.05)
16.7463 	EXP 	text: height = np.float64(0.05)
16.7463 	EXP 	text: text = 'Which one are you going to buy?'
16.7476 	EXP 	eyetracker.setRecordingState(False)
16.7597 	EXP 	text: height = np.float64(0.05)
16.7597 	EXP 	text: height = np.float64(0.05)
16.7597 	EXP 	text: height = np.float64(0.05)
16.7597 	EXP 	text: text = 'Which one are you going to buy?'
16.7611 	EXP 	eyetracker.setRecordingState(False)
16.7721 	EXP 	text: height = np.float64(0.05)
16.7721 	EXP 	text: height = np.float64(0.05)
16.7721 	EXP 	text: height = np.float64(0.05)
16.7721 	EXP 	text: text = 'Which one are you going to buy?'
16.7731 	EXP 	eyetracker.setRecordingState(False)
16.7830 	EXP 	text: height = np.float64(0.05)
16.7830 	EXP 	text: height = np.float64(0.05)
16.7830 	EXP 	text: height = np.float64(0.05)
16.7830 	EXP 	text: text = 'Which one are you going to buy?'
16.7840 	EXP 	eyetracker.setRecordingState(False)
16.7938 	EXP 	text: height = np.float64(0.05)
16.7938 	EXP 	text: height = np.float64(0.05)
16.7938 	EXP 	text: height = np.float64(0.05)
16.7938 	EXP 	text: text = 'Which one are you going to buy?'
16.7949 	EXP 	eyetracker.setRecordingState(False)
16.8085 	EXP 	text: height = np.float64(0.05)
16.8085 	EXP 	text: height = np.float64(0.05)
16.8085 	EXP 	text: height = np.float64(0.05)
16.8085 	EXP 	text: text = 'Which one are you going to buy?'
16.8102 	EXP 	eyetracker.setRecordingState(False)
16.8294 	EXP 	text: height = np.float64(0.05)
16.8294 	EXP 	text: height = np.float64(0.05)
16.8294 	EXP 	text: height = np.float64(0.05)
16.8294 	EXP 	text: text = 'Which one are you going to buy?'
16.8312 	EXP 	eyetracker.setRecordingState(False)
16.8484 	EXP 	text: height = np.float64(0.05)
16.8484 	EXP 	text: height = np.float64(0.05)
16.8484 	EXP 	text: height = np.float64(0.05)
16.8484 	EXP 	text: text = 'Which one are you going to buy?'
16.8502 	EXP 	eyetracker.setRecordingState(False)
16.8696 	EXP 	text: height = np.float64(0.05)
16.8696 	EXP 	text: height = np.float64(0.05)
16.8696 	EXP 	text: height = np.float64(0.05)
16.8696 	EXP 	text: text = 'Which one are you going to buy?'
16.8718 	EXP 	eyetracker.setRecordingState(False)
16.8884 	EXP 	text: height = np.float64(0.05)
16.8884 	EXP 	text: height = np.float64(0.05)
16.8884 	EXP 	text: height = np.float64(0.05)
16.8884 	EXP 	text: text = 'Which one are you going to buy?'
16.8902 	EXP 	eyetracker.setRecordingState(False)
16.9065 	EXP 	text: height = np.float64(0.05)
16.9065 	EXP 	text: height = np.float64(0.05)
16.9065 	EXP 	text: height = np.float64(0.05)
16.9065 	EXP 	text: text = 'Which one are you going to buy?'
16.9083 	EXP 	eyetracker.setRecordingState(False)
16.9256 	EXP 	text: height = np.float64(0.05)
16.9256 	EXP 	text: height = np.float64(0.05)
16.9256 	EXP 	text: height = np.float64(0.05)
16.9256 	EXP 	text: text = 'Which one are you going to buy?'
16.9275 	EXP 	eyetracker.setRecordingState(False)
16.9430 	EXP 	text: height = np.float64(0.05)
16.9430 	EXP 	text: height = np.float64(0.05)
16.9430 	EXP 	text: height = np.float64(0.05)
16.9430 	EXP 	text: text = 'Which one are you going to buy?'
16.9446 	EXP 	eyetracker.setRecordingState(False)
16.9567 	EXP 	text: height = np.float64(0.05)
16.9567 	EXP 	text: height = np.float64(0.05)
16.9567 	EXP 	text: height = np.float64(0.05)
16.9567 	EXP 	text: text = 'Which one are you going to buy?'
16.9578 	EXP 	eyetracker.setRecordingState(False)
16.9684 	EXP 	text: height = np.float64(0.05)
16.9684 	EXP 	text: height = np.float64(0.05)
16.9684 	EXP 	text: height = np.float64(0.05)
16.9684 	EXP 	text: text = 'Which one are you going to buy?'
16.9694 	EXP 	eyetracker.setRecordingState(False)
16.9829 	EXP 	text: height = np.float64(0.05)
16.9829 	EXP 	text: height = np.float64(0.05)
16.9829 	EXP 	text: height = np.float64(0.05)
16.9829 	EXP 	text: text = 'Which one are you going to buy?'
16.9840 	EXP 	eyetracker.setRecordingState(False)
16.9963 	EXP 	text: height = np.float64(0.05)
16.9963 	EXP 	text: height = np.float64(0.05)
16.9963 	EXP 	text: height = np.float64(0.05)
16.9963 	EXP 	text: text = 'Which one are you going to buy?'
16.9980 	EXP 	eyetracker.setRecordingState(False)
17.0115 	EXP 	text: height = np.float64(0.05)
17.0115 	EXP 	text: height = np.float64(0.05)
17.0115 	EXP 	text: height = np.float64(0.05)
17.0115 	EXP 	text: text = 'Which one are you going to buy?'
17.0126 	EXP 	eyetracker.setRecordingState(False)
17.0244 	EXP 	text: height = np.float64(0.05)
17.0244 	EXP 	text: height = np.float64(0.05)
17.0244 	EXP 	text: height = np.float64(0.05)
17.0244 	EXP 	text: text = 'Which one are you going to buy?'
17.0260 	EXP 	eyetracker.setRecordingState(False)
17.0413 	EXP 	text: height = np.float64(0.05)
17.0413 	EXP 	text: height = np.float64(0.05)
17.0413 	EXP 	text: height = np.float64(0.05)
17.0413 	EXP 	text: text = 'Which one are you going to buy?'
17.0431 	EXP 	eyetracker.setRecordingState(False)
17.0592 	EXP 	text: height = np.float64(0.05)
17.0592 	EXP 	text: height = np.float64(0.05)
17.0592 	EXP 	text: height = np.float64(0.05)
17.0592 	EXP 	text: text = 'Which one are you going to buy?'
17.0606 	EXP 	eyetracker.setRecordingState(False)
17.0743 	EXP 	text: height = np.float64(0.05)
17.0743 	EXP 	text: height = np.float64(0.05)
17.0743 	EXP 	text: height = np.float64(0.05)
17.0743 	EXP 	text: text = 'Which one are you going to buy?'
17.0761 	EXP 	eyetracker.setRecordingState(False)
17.0909 	EXP 	text: height = np.float64(0.05)
17.0909 	EXP 	text: height = np.float64(0.05)
17.0909 	EXP 	text: height = np.float64(0.05)
17.0909 	EXP 	text: text = 'Which one are you going to buy?'
17.0926 	EXP 	eyetracker.setRecordingState(False)
17.1071 	EXP 	text: height = np.float64(0.05)
17.1071 	EXP 	text: height = np.float64(0.05)
17.1071 	EXP 	text: height = np.float64(0.05)
17.1071 	EXP 	text: text = 'Which one are you going to buy?'
17.1086 	EXP 	eyetracker.setRecordingState(False)
17.1231 	EXP 	text: height = np.float64(0.05)
17.1231 	EXP 	text: height = np.float64(0.05)
17.1231 	EXP 	text: height = np.float64(0.05)
17.1231 	EXP 	text: text = 'Which one are you going to buy?'
17.1246 	EXP 	eyetracker.setRecordingState(False)
17.1369 	EXP 	text: height = np.float64(0.05)
17.1369 	EXP 	text: height = np.float64(0.05)
17.1369 	EXP 	text: height = np.float64(0.05)
17.1369 	EXP 	text: text = 'Which one are you going to buy?'
17.1382 	EXP 	eyetracker.setRecordingState(False)
17.1504 	EXP 	text: height = np.float64(0.05)
17.1504 	EXP 	text: height = np.float64(0.05)
17.1504 	EXP 	text: height = np.float64(0.05)
17.1504 	EXP 	text: text = 'Which one are you going to buy?'
17.1514 	EXP 	eyetracker.setRecordingState(False)
17.1629 	EXP 	text: height = np.float64(0.05)
17.1629 	EXP 	text: height = np.float64(0.05)
17.1629 	EXP 	text: height = np.float64(0.05)
17.1629 	EXP 	text: text = 'Which one are you going to buy?'
17.1642 	EXP 	eyetracker.setRecordingState(False)
17.1756 	EXP 	text: height = np.float64(0.05)
17.1756 	EXP 	text: height = np.float64(0.05)
17.1756 	EXP 	text: height = np.float64(0.05)
17.1756 	EXP 	text: text = 'Which one are you going to buy?'
17.1767 	EXP 	eyetracker.setRecordingState(False)
17.1910 	EXP 	text: height = np.float64(0.05)
17.1910 	EXP 	text: height = np.float64(0.05)
17.1910 	EXP 	text: height = np.float64(0.05)
17.1910 	EXP 	text: text = 'Which one are you going to buy?'
17.1928 	EXP 	eyetracker.setRecordingState(False)
17.2090 	EXP 	text: height = np.float64(0.05)
17.2090 	EXP 	text: height = np.float64(0.05)
17.2090 	EXP 	text: height = np.float64(0.05)
17.2090 	EXP 	text: text = 'Which one are you going to buy?'
17.2118 	EXP 	eyetracker.setRecordingState(False)
17.2286 	EXP 	text: height = np.float64(0.05)
17.2286 	EXP 	text: height = np.float64(0.05)
17.2286 	EXP 	text: height = np.float64(0.05)
17.2286 	EXP 	text: text = 'Which one are you going to buy?'
17.2301 	EXP 	eyetracker.setRecordingState(False)
17.2426 	EXP 	text: height = np.float64(0.05)
17.2426 	EXP 	text: height = np.float64(0.05)
17.2426 	EXP 	text: height = np.float64(0.05)
17.2426 	EXP 	text: text = 'Which one are you going to buy?'
17.2434 	EXP 	eyetracker.setRecordingState(False)
17.2533 	EXP 	text: height = np.float64(0.05)
17.2533 	EXP 	text: height = np.float64(0.05)
17.2533 	EXP 	text: height = np.float64(0.05)
17.2533 	EXP 	text: text = 'Which one are you going to buy?'
17.2546 	EXP 	eyetracker.setRecordingState(False)
17.2680 	EXP 	text: height = np.float64(0.05)
17.2680 	EXP 	text: height = np.float64(0.05)
17.2680 	EXP 	text: height = np.float64(0.05)
17.2680 	EXP 	text: text = 'Which one are you going to buy?'
17.2694 	EXP 	eyetracker.setRecordingState(False)
17.2847 	EXP 	text: height = np.float64(0.05)
17.2847 	EXP 	text: height = np.float64(0.05)
17.2847 	EXP 	text: height = np.float64(0.05)
17.2847 	EXP 	text: text = 'Which one are you going to buy?'
17.2864 	EXP 	eyetracker.setRecordingState(False)
17.3021 	EXP 	text: height = np.float64(0.05)
17.3021 	EXP 	text: height = np.float64(0.05)
17.3021 	EXP 	text: height = np.float64(0.05)
17.3021 	EXP 	text: text = 'Which one are you going to buy?'
17.3034 	EXP 	eyetracker.setRecordingState(False)
17.3182 	EXP 	text: height = np.float64(0.05)
17.3182 	EXP 	text: height = np.float64(0.05)
17.3182 	EXP 	text: height = np.float64(0.05)
17.3182 	EXP 	text: text = 'Which one are you going to buy?'
17.3202 	EXP 	eyetracker.setRecordingState(False)
17.3368 	EXP 	text: height = np.float64(0.05)
17.3368 	EXP 	text: height = np.float64(0.05)
17.3368 	EXP 	text: height = np.float64(0.05)
17.3368 	EXP 	text: text = 'Which one are you going to buy?'
17.3385 	EXP 	eyetracker.setRecordingState(False)
17.3528 	EXP 	text: height = np.float64(0.05)
17.3528 	EXP 	text: height = np.float64(0.05)
17.3528 	EXP 	text: height = np.float64(0.05)
17.3528 	EXP 	text: text = 'Which one are you going to buy?'
17.3547 	EXP 	eyetracker.setRecordingState(False)
17.3732 	EXP 	text: height = np.float64(0.05)
17.3732 	EXP 	text: height = np.float64(0.05)
17.3732 	EXP 	text: height = np.float64(0.05)
17.3732 	EXP 	text: text = 'Which one are you going to buy?'
17.3756 	EXP 	eyetracker.setRecordingState(False)
17.3924 	EXP 	text: height = np.float64(0.05)
17.3924 	EXP 	text: height = np.float64(0.05)
17.3924 	EXP 	text: height = np.float64(0.05)
17.3924 	EXP 	text: text = 'Which one are you going to buy?'
17.3941 	EXP 	eyetracker.setRecordingState(False)
17.4099 	EXP 	text: height = np.float64(0.05)
17.4099 	EXP 	text: height = np.float64(0.05)
17.4099 	EXP 	text: height = np.float64(0.05)
17.4099 	EXP 	text: text = 'Which one are you going to buy?'
17.4115 	EXP 	eyetracker.setRecordingState(False)
17.4298 	EXP 	text: height = np.float64(0.05)
17.4298 	EXP 	text: height = np.float64(0.05)
17.4298 	EXP 	text: height = np.float64(0.05)
17.4298 	EXP 	text: text = 'Which one are you going to buy?'
17.4318 	EXP 	eyetracker.setRecordingState(False)
17.4474 	EXP 	text: height = np.float64(0.05)
17.4474 	EXP 	text: height = np.float64(0.05)
17.4474 	EXP 	text: height = np.float64(0.05)
17.4474 	EXP 	text: text = 'Which one are you going to buy?'
17.4493 	EXP 	eyetracker.setRecordingState(False)
17.4638 	EXP 	text: height = np.float64(0.05)
17.4638 	EXP 	text: height = np.float64(0.05)
17.4638 	EXP 	text: height = np.float64(0.05)
17.4638 	EXP 	text: text = 'Which one are you going to buy?'
17.4651 	EXP 	eyetracker.setRecordingState(False)
17.4805 	EXP 	text: height = np.float64(0.05)
17.4805 	EXP 	text: height = np.float64(0.05)
17.4805 	EXP 	text: height = np.float64(0.05)
17.4805 	EXP 	text: text = 'Which one are you going to buy?'
17.4816 	EXP 	eyetracker.setRecordingState(False)
17.4974 	EXP 	text: height = np.float64(0.05)
17.4974 	EXP 	text: height = np.float64(0.05)
17.4974 	EXP 	text: height = np.float64(0.05)
17.4974 	EXP 	text: text = 'Which one are you going to buy?'
17.4990 	EXP 	eyetracker.setRecordingState(False)
17.5156 	EXP 	text: height = np.float64(0.05)
17.5156 	EXP 	text: height = np.float64(0.05)
17.5156 	EXP 	text: height = np.float64(0.05)
17.5156 	EXP 	text: text = 'Which one are you going to buy?'
17.5172 	EXP 	eyetracker.setRecordingState(False)
17.5341 	EXP 	text: height = np.float64(0.05)
17.5341 	EXP 	text: height = np.float64(0.05)
17.5341 	EXP 	text: height = np.float64(0.05)
17.5341 	EXP 	text: text = 'Which one are you going to buy?'
17.5356 	EXP 	eyetracker.setRecordingState(False)
17.5500 	EXP 	text: height = np.float64(0.05)
17.5500 	EXP 	text: height = np.float64(0.05)
17.5500 	EXP 	text: height = np.float64(0.05)
17.5500 	EXP 	text: text = 'Which one are you going to buy?'
17.5515 	EXP 	eyetracker.setRecordingState(False)
17.5659 	EXP 	text: height = np.float64(0.05)
17.5659 	EXP 	text: height = np.float64(0.05)
17.5659 	EXP 	text: height = np.float64(0.05)
17.5659 	EXP 	text: text = 'Which one are you going to buy?'
17.5674 	EXP 	eyetracker.setRecordingState(False)
17.5841 	EXP 	text: height = np.float64(0.05)
17.5841 	EXP 	text: height = np.float64(0.05)
17.5841 	EXP 	text: height = np.float64(0.05)
17.5841 	EXP 	text: text = 'Which one are you going to buy?'
17.5859 	EXP 	eyetracker.setRecordingState(False)
17.6025 	EXP 	text: height = np.float64(0.05)
17.6025 	EXP 	text: height = np.float64(0.05)
17.6025 	EXP 	text: height = np.float64(0.05)
17.6025 	EXP 	text: text = 'Which one are you going to buy?'
17.6043 	EXP 	eyetracker.setRecordingState(False)
17.6234 	EXP 	text: height = np.float64(0.05)
17.6234 	EXP 	text: height = np.float64(0.05)
17.6234 	EXP 	text: height = np.float64(0.05)
17.6234 	EXP 	text: text = 'Which one are you going to buy?'
17.6250 	EXP 	eyetracker.setRecordingState(False)
17.6416 	EXP 	text: height = np.float64(0.05)
17.6416 	EXP 	text: height = np.float64(0.05)
17.6416 	EXP 	text: height = np.float64(0.05)
17.6416 	EXP 	text: text = 'Which one are you going to buy?'
17.6432 	EXP 	eyetracker.setRecordingState(False)
17.6600 	EXP 	text: height = np.float64(0.05)
17.6600 	EXP 	text: height = np.float64(0.05)
17.6600 	EXP 	text: height = np.float64(0.05)
17.6600 	EXP 	text: text = 'Which one are you going to buy?'
17.6617 	EXP 	eyetracker.setRecordingState(False)
17.6815 	EXP 	text: height = np.float64(0.05)
17.6815 	EXP 	text: height = np.float64(0.05)
17.6815 	EXP 	text: height = np.float64(0.05)
17.6815 	EXP 	text: text = 'Which one are you going to buy?'
17.6833 	EXP 	eyetracker.setRecordingState(False)
17.6982 	EXP 	text: height = np.float64(0.05)
17.6982 	EXP 	text: height = np.float64(0.05)
17.6982 	EXP 	text: height = np.float64(0.05)
17.6982 	EXP 	text: text = 'Which one are you going to buy?'
17.7014 	EXP 	eyetracker.setRecordingState(False)
17.7184 	EXP 	text: height = np.float64(0.05)
17.7184 	EXP 	text: height = np.float64(0.05)
17.7184 	EXP 	text: height = np.float64(0.05)
17.7184 	EXP 	text: text = 'Which one are you going to buy?'
17.7202 	EXP 	eyetracker.setRecordingState(False)
17.7415 	EXP 	text: height = np.float64(0.05)
17.7415 	EXP 	text: height = np.float64(0.05)
17.7415 	EXP 	text: height = np.float64(0.05)
17.7415 	EXP 	text: text = 'Which one are you going to buy?'
17.7445 	EXP 	eyetracker.setRecordingState(False)
17.7609 	EXP 	text: height = np.float64(0.05)
17.7609 	EXP 	text: height = np.float64(0.05)
17.7609 	EXP 	text: height = np.float64(0.05)
17.7609 	EXP 	text: text = 'Which one are you going to buy?'
17.7644 	EXP 	eyetracker.setRecordingState(False)
17.7836 	EXP 	text: height = np.float64(0.05)
17.7836 	EXP 	text: height = np.float64(0.05)
17.7836 	EXP 	text: height = np.float64(0.05)
17.7836 	EXP 	text: text = 'Which one are you going to buy?'
17.7846 	EXP 	eyetracker.setRecordingState(False)
17.7999 	EXP 	text: height = np.float64(0.05)
17.7999 	EXP 	text: height = np.float64(0.05)
17.7999 	EXP 	text: height = np.float64(0.05)
17.7999 	EXP 	text: text = 'Which one are you going to buy?'
17.8016 	EXP 	eyetracker.setRecordingState(False)
17.8193 	EXP 	text: height = np.float64(0.05)
17.8193 	EXP 	text: height = np.float64(0.05)
17.8193 	EXP 	text: height = np.float64(0.05)
17.8193 	EXP 	text: text = 'Which one are you going to buy?'
17.8206 	EXP 	eyetracker.setRecordingState(False)
17.8348 	EXP 	text: height = np.float64(0.05)
17.8348 	EXP 	text: height = np.float64(0.05)
17.8348 	EXP 	text: height = np.float64(0.05)
17.8348 	EXP 	text: text = 'Which one are you going to buy?'
17.8360 	EXP 	eyetracker.setRecordingState(False)
17.8487 	EXP 	text: height = np.float64(0.05)
17.8487 	EXP 	text: height = np.float64(0.05)
17.8487 	EXP 	text: height = np.float64(0.05)
17.8487 	EXP 	text: text = 'Which one are you going to buy?'
17.8504 	EXP 	eyetracker.setRecordingState(False)
17.8692 	EXP 	text: height = np.float64(0.05)
17.8692 	EXP 	text: height = np.float64(0.05)
17.8692 	EXP 	text: height = np.float64(0.05)
17.8692 	EXP 	text: text = 'Which one are you going to buy?'
17.8708 	EXP 	eyetracker.setRecordingState(False)
17.8865 	EXP 	text: height = np.float64(0.05)
17.8865 	EXP 	text: height = np.float64(0.05)
17.8865 	EXP 	text: height = np.float64(0.05)
17.8865 	EXP 	text: text = 'Which one are you going to buy?'
17.8896 	EXP 	eyetracker.setRecordingState(False)
17.9072 	EXP 	text: height = np.float64(0.05)
17.9072 	EXP 	text: height = np.float64(0.05)
17.9072 	EXP 	text: height = np.float64(0.05)
17.9072 	EXP 	text: text = 'Which one are you going to buy?'
17.9088 	EXP 	eyetracker.setRecordingState(False)
17.9256 	EXP 	text: height = np.float64(0.05)
17.9256 	EXP 	text: height = np.float64(0.05)
17.9256 	EXP 	text: height = np.float64(0.05)
17.9256 	EXP 	text: text = 'Which one are you going to buy?'
17.9276 	EXP 	eyetracker.setRecordingState(False)
17.9430 	EXP 	text: height = np.float64(0.05)
17.9430 	EXP 	text: height = np.float64(0.05)
17.9430 	EXP 	text: height = np.float64(0.05)
17.9430 	EXP 	text: text = 'Which one are you going to buy?'
17.9443 	EXP 	eyetracker.setRecordingState(False)
17.9604 	EXP 	text: height = np.float64(0.05)
17.9604 	EXP 	text: height = np.float64(0.05)
17.9604 	EXP 	text: height = np.float64(0.05)
17.9604 	EXP 	text: text = 'Which one are you going to buy?'
17.9620 	EXP 	eyetracker.setRecordingState(False)
17.9768 	EXP 	text: height = np.float64(0.05)
17.9768 	EXP 	text: height = np.float64(0.05)
17.9768 	EXP 	text: height = np.float64(0.05)
17.9768 	EXP 	text: text = 'Which one are you going to buy?'
17.9806 	EXP 	eyetracker.setRecordingState(False)
17.9985 	EXP 	text: height = np.float64(0.05)
17.9985 	EXP 	text: height = np.float64(0.05)
17.9985 	EXP 	text: height = np.float64(0.05)
17.9985 	EXP 	text: text = 'Which one are you going to buy?'
18.0032 	EXP 	eyetracker.setRecordingState(False)
18.0238 	EXP 	text: height = np.float64(0.05)
18.0238 	EXP 	text: height = np.float64(0.05)
18.0238 	EXP 	text: height = np.float64(0.05)
18.0238 	EXP 	text: text = 'Which one are you going to buy?'
18.0259 	EXP 	eyetracker.setRecordingState(False)
18.0461 	EXP 	text: height = np.float64(0.05)
18.0461 	EXP 	text: height = np.float64(0.05)
18.0461 	EXP 	text: height = np.float64(0.05)
18.0461 	EXP 	text: text = 'Which one are you going to buy?'
18.0485 	EXP 	eyetracker.setRecordingState(False)
18.0701 	EXP 	text: height = np.float64(0.05)
18.0701 	EXP 	text: height = np.float64(0.05)
18.0701 	EXP 	text: height = np.float64(0.05)
18.0701 	EXP 	text: text = 'Which one are you going to buy?'
18.0741 	EXP 	eyetracker.setRecordingState(False)
18.0929 	EXP 	text: height = np.float64(0.05)
18.0929 	EXP 	text: height = np.float64(0.05)
18.0929 	EXP 	text: height = np.float64(0.05)
18.0929 	EXP 	text: text = 'Which one are you going to buy?'
18.0951 	EXP 	eyetracker.setRecordingState(False)
18.1142 	EXP 	text: height = np.float64(0.05)
18.1142 	EXP 	text: height = np.float64(0.05)
18.1142 	EXP 	text: height = np.float64(0.05)
18.1142 	EXP 	text: text = 'Which one are you going to buy?'
18.1160 	EXP 	eyetracker.setRecordingState(False)
18.1314 	EXP 	text: height = np.float64(0.05)
18.1314 	EXP 	text: height = np.float64(0.05)
18.1314 	EXP 	text: height = np.float64(0.05)
18.1314 	EXP 	text: text = 'Which one are you going to buy?'
18.1332 	EXP 	eyetracker.setRecordingState(False)
18.1471 	EXP 	text: height = np.float64(0.05)
18.1471 	EXP 	text: height = np.float64(0.05)
18.1471 	EXP 	text: height = np.float64(0.05)
18.1471 	EXP 	text: text = 'Which one are you going to buy?'
18.1489 	EXP 	eyetracker.setRecordingState(False)
18.1650 	EXP 	text: height = np.float64(0.05)
18.1650 	EXP 	text: height = np.float64(0.05)
18.1650 	EXP 	text: height = np.float64(0.05)
18.1650 	EXP 	text: text = 'Which one are you going to buy?'
18.1662 	EXP 	eyetracker.setRecordingState(False)
18.1796 	EXP 	text: height = np.float64(0.05)
18.1796 	EXP 	text: height = np.float64(0.05)
18.1796 	EXP 	text: height = np.float64(0.05)
18.1796 	EXP 	text: text = 'Which one are you going to buy?'
18.1819 	EXP 	eyetracker.setRecordingState(False)
18.1952 	EXP 	text: height = np.float64(0.05)
18.1952 	EXP 	text: height = np.float64(0.05)
18.1952 	EXP 	text: height = np.float64(0.05)
18.1952 	EXP 	text: text = 'Which one are you going to buy?'
18.1964 	EXP 	eyetracker.setRecordingState(False)
18.2101 	EXP 	text: height = np.float64(0.05)
18.2101 	EXP 	text: height = np.float64(0.05)
18.2101 	EXP 	text: height = np.float64(0.05)
18.2101 	EXP 	text: text = 'Which one are you going to buy?'
18.2115 	EXP 	eyetracker.setRecordingState(False)
18.2240 	EXP 	text: height = np.float64(0.05)
18.2240 	EXP 	text: height = np.float64(0.05)
18.2240 	EXP 	text: height = np.float64(0.05)
18.2240 	EXP 	text: text = 'Which one are you going to buy?'
18.2255 	EXP 	eyetracker.setRecordingState(False)
18.2392 	EXP 	text: height = np.float64(0.05)
18.2392 	EXP 	text: height = np.float64(0.05)
18.2392 	EXP 	text: height = np.float64(0.05)
18.2392 	EXP 	text: text = 'Which one are you going to buy?'
18.2403 	EXP 	eyetracker.setRecordingState(False)
18.2538 	EXP 	text: height = np.float64(0.05)
18.2538 	EXP 	text: height = np.float64(0.05)
18.2538 	EXP 	text: height = np.float64(0.05)
18.2538 	EXP 	text: text = 'Which one are you going to buy?'
18.2548 	EXP 	eyetracker.setRecordingState(False)
18.2647 	EXP 	text: height = np.float64(0.05)
18.2647 	EXP 	text: height = np.float64(0.05)
18.2647 	EXP 	text: height = np.float64(0.05)
18.2647 	EXP 	text: text = 'Which one are you going to buy?'
18.2656 	EXP 	eyetracker.setRecordingState(False)
18.2744 	EXP 	text: height = np.float64(0.05)
18.2744 	EXP 	text: height = np.float64(0.05)
18.2744 	EXP 	text: height = np.float64(0.05)
18.2744 	EXP 	text: text = 'Which one are you going to buy?'
18.2755 	EXP 	eyetracker.setRecordingState(False)
18.2874 	EXP 	text: height = np.float64(0.05)
18.2874 	EXP 	text: height = np.float64(0.05)
18.2874 	EXP 	text: height = np.float64(0.05)
18.2874 	EXP 	text: text = 'Which one are you going to buy?'
18.2890 	EXP 	eyetracker.setRecordingState(False)
18.2994 	EXP 	text: height = np.float64(0.05)
18.2994 	EXP 	text: height = np.float64(0.05)
18.2994 	EXP 	text: height = np.float64(0.05)
18.2994 	EXP 	text: text = 'Which one are you going to buy?'
18.3004 	EXP 	eyetracker.setRecordingState(False)
18.3112 	EXP 	text: height = np.float64(0.05)
18.3112 	EXP 	text: height = np.float64(0.05)
18.3112 	EXP 	text: height = np.float64(0.05)
18.3112 	EXP 	text: text = 'Which one are you going to buy?'
18.3125 	EXP 	eyetracker.setRecordingState(False)
18.3218 	EXP 	text: height = np.float64(0.05)
18.3218 	EXP 	text: height = np.float64(0.05)
18.3218 	EXP 	text: height = np.float64(0.05)
18.3218 	EXP 	text: text = 'Which one are you going to buy?'
18.3235 	EXP 	eyetracker.setRecordingState(False)
18.3332 	EXP 	text: height = np.float64(0.05)
18.3332 	EXP 	text: height = np.float64(0.05)
18.3332 	EXP 	text: height = np.float64(0.05)
18.3332 	EXP 	text: text = 'Which one are you going to buy?'
18.3347 	EXP 	eyetracker.setRecordingState(False)
18.3493 	EXP 	text: height = np.float64(0.05)
18.3493 	EXP 	text: height = np.float64(0.05)
18.3493 	EXP 	text: height = np.float64(0.05)
18.3493 	EXP 	text: text = 'Which one are you going to buy?'
18.3514 	EXP 	eyetracker.setRecordingState(False)
18.3656 	EXP 	text: height = np.float64(0.05)
18.3656 	EXP 	text: height = np.float64(0.05)
18.3656 	EXP 	text: height = np.float64(0.05)
18.3656 	EXP 	text: text = 'Which one are you going to buy?'
18.3674 	EXP 	eyetracker.setRecordingState(False)
18.3812 	EXP 	text: height = np.float64(0.05)
18.3812 	EXP 	text: height = np.float64(0.05)
18.3812 	EXP 	text: height = np.float64(0.05)
18.3812 	EXP 	text: text = 'Which one are you going to buy?'
18.3827 	EXP 	eyetracker.setRecordingState(False)
18.3960 	EXP 	text: height = np.float64(0.05)
18.3960 	EXP 	text: height = np.float64(0.05)
18.3960 	EXP 	text: height = np.float64(0.05)
18.3960 	EXP 	text: text = 'Which one are you going to buy?'
18.3976 	EXP 	eyetracker.setRecordingState(False)
18.4097 	EXP 	text: height = np.float64(0.05)
18.4097 	EXP 	text: height = np.float64(0.05)
18.4097 	EXP 	text: height = np.float64(0.05)
18.4097 	EXP 	text: text = 'Which one are you going to buy?'
18.4111 	EXP 	eyetracker.setRecordingState(False)
18.4264 	EXP 	text: height = np.float64(0.05)
18.4264 	EXP 	text: height = np.float64(0.05)
18.4264 	EXP 	text: height = np.float64(0.05)
18.4264 	EXP 	text: text = 'Which one are you going to buy?'
18.4282 	EXP 	eyetracker.setRecordingState(False)
18.4396 	EXP 	text: height = np.float64(0.05)
18.4396 	EXP 	text: height = np.float64(0.05)
18.4396 	EXP 	text: height = np.float64(0.05)
18.4396 	EXP 	text: text = 'Which one are you going to buy?'
18.4405 	EXP 	eyetracker.setRecordingState(False)
18.4514 	EXP 	text: height = np.float64(0.05)
18.4514 	EXP 	text: height = np.float64(0.05)
18.4514 	EXP 	text: height = np.float64(0.05)
18.4514 	EXP 	text: text = 'Which one are you going to buy?'
18.4535 	EXP 	eyetracker.setRecordingState(False)
18.4664 	EXP 	text: height = np.float64(0.05)
18.4664 	EXP 	text: height = np.float64(0.05)
18.4664 	EXP 	text: height = np.float64(0.05)
18.4664 	EXP 	text: text = 'Which one are you going to buy?'
18.4681 	EXP 	eyetracker.setRecordingState(False)
18.4800 	EXP 	text: height = np.float64(0.05)
18.4800 	EXP 	text: height = np.float64(0.05)
18.4800 	EXP 	text: height = np.float64(0.05)
18.4800 	EXP 	text: text = 'Which one are you going to buy?'
18.4810 	EXP 	eyetracker.setRecordingState(False)
18.4935 	EXP 	text: height = np.float64(0.05)
18.4935 	EXP 	text: height = np.float64(0.05)
18.4935 	EXP 	text: height = np.float64(0.05)
18.4935 	EXP 	text: text = 'Which one are you going to buy?'
18.4951 	EXP 	eyetracker.setRecordingState(False)
18.5050 	EXP 	text: height = np.float64(0.05)
18.5050 	EXP 	text: height = np.float64(0.05)
18.5050 	EXP 	text: height = np.float64(0.05)
18.5050 	EXP 	text: text = 'Which one are you going to buy?'
18.5062 	EXP 	eyetracker.setRecordingState(False)
18.5190 	EXP 	text: height = np.float64(0.05)
18.5190 	EXP 	text: height = np.float64(0.05)
18.5190 	EXP 	text: height = np.float64(0.05)
18.5190 	EXP 	text: text = 'Which one are you going to buy?'
18.5212 	EXP 	eyetracker.setRecordingState(False)
18.5336 	EXP 	text: height = np.float64(0.05)
18.5336 	EXP 	text: height = np.float64(0.05)
18.5336 	EXP 	text: height = np.float64(0.05)
18.5336 	EXP 	text: text = 'Which one are you going to buy?'
18.5351 	EXP 	eyetracker.setRecordingState(False)
18.5475 	EXP 	text: height = np.float64(0.05)
18.5475 	EXP 	text: height = np.float64(0.05)
18.5475 	EXP 	text: height = np.float64(0.05)
18.5475 	EXP 	text: text = 'Which one are you going to buy?'
18.5490 	EXP 	eyetracker.setRecordingState(False)
18.5605 	EXP 	text: height = np.float64(0.05)
18.5605 	EXP 	text: height = np.float64(0.05)
18.5605 	EXP 	text: height = np.float64(0.05)
18.5605 	EXP 	text: text = 'Which one are you going to buy?'
18.5615 	EXP 	eyetracker.setRecordingState(False)
18.5729 	EXP 	text: height = np.float64(0.05)
18.5729 	EXP 	text: height = np.float64(0.05)
18.5729 	EXP 	text: height = np.float64(0.05)
18.5729 	EXP 	text: text = 'Which one are you going to buy?'
18.5742 	EXP 	eyetracker.setRecordingState(False)
18.5899 	EXP 	text: height = np.float64(0.05)
18.5899 	EXP 	text: height = np.float64(0.05)
18.5899 	EXP 	text: height = np.float64(0.05)
18.5899 	EXP 	text: text = 'Which one are you going to buy?'
18.5915 	EXP 	eyetracker.setRecordingState(False)
18.6055 	EXP 	text: height = np.float64(0.05)
18.6055 	EXP 	text: height = np.float64(0.05)
18.6055 	EXP 	text: height = np.float64(0.05)
18.6055 	EXP 	text: text = 'Which one are you going to buy?'
18.6078 	EXP 	eyetracker.setRecordingState(False)
18.6216 	EXP 	text: height = np.float64(0.05)
18.6216 	EXP 	text: height = np.float64(0.05)
18.6216 	EXP 	text: height = np.float64(0.05)
18.6216 	EXP 	text: text = 'Which one are you going to buy?'
18.6245 	EXP 	eyetracker.setRecordingState(False)
18.6468 	EXP 	text: height = np.float64(0.05)
18.6468 	EXP 	text: height = np.float64(0.05)
18.6468 	EXP 	text: height = np.float64(0.05)
18.6468 	EXP 	text: text = 'Which one are you going to buy?'
18.6489 	EXP 	eyetracker.setRecordingState(False)
18.6658 	EXP 	text: height = np.float64(0.05)
18.6658 	EXP 	text: height = np.float64(0.05)
18.6658 	EXP 	text: height = np.float64(0.05)
18.6658 	EXP 	text: text = 'Which one are you going to buy?'
18.6674 	EXP 	eyetracker.setRecordingState(False)
18.6849 	EXP 	text: height = np.float64(0.05)
18.6849 	EXP 	text: height = np.float64(0.05)
18.6849 	EXP 	text: height = np.float64(0.05)
18.6849 	EXP 	text: text = 'Which one are you going to buy?'
18.6880 	EXP 	eyetracker.setRecordingState(False)
18.7027 	EXP 	text: height = np.float64(0.05)
18.7027 	EXP 	text: height = np.float64(0.05)
18.7027 	EXP 	text: height = np.float64(0.05)
18.7027 	EXP 	text: text = 'Which one are you going to buy?'
18.7047 	EXP 	eyetracker.setRecordingState(False)
18.7154 	EXP 	text: height = np.float64(0.05)
18.7154 	EXP 	text: height = np.float64(0.05)
18.7154 	EXP 	text: height = np.float64(0.05)
18.7154 	EXP 	text: text = 'Which one are you going to buy?'
18.7172 	EXP 	eyetracker.setRecordingState(False)
18.7318 	EXP 	text: height = np.float64(0.05)
18.7318 	EXP 	text: height = np.float64(0.05)
18.7318 	EXP 	text: height = np.float64(0.05)
18.7318 	EXP 	text: text = 'Which one are you going to buy?'
18.7337 	EXP 	eyetracker.setRecordingState(False)
18.7454 	EXP 	text: height = np.float64(0.05)
18.7454 	EXP 	text: height = np.float64(0.05)
18.7454 	EXP 	text: height = np.float64(0.05)
18.7454 	EXP 	text: text = 'Which one are you going to buy?'
18.7469 	EXP 	eyetracker.setRecordingState(False)
18.7568 	EXP 	text: height = np.float64(0.05)
18.7568 	EXP 	text: height = np.float64(0.05)
18.7568 	EXP 	text: height = np.float64(0.05)
18.7568 	EXP 	text: text = 'Which one are you going to buy?'
18.7577 	EXP 	eyetracker.setRecordingState(False)
18.7668 	EXP 	text: height = np.float64(0.05)
18.7668 	EXP 	text: height = np.float64(0.05)
18.7668 	EXP 	text: height = np.float64(0.05)
18.7668 	EXP 	text: text = 'Which one are you going to buy?'
18.7684 	EXP 	eyetracker.setRecordingState(False)
18.7772 	EXP 	text: height = np.float64(0.05)
18.7772 	EXP 	text: height = np.float64(0.05)
18.7772 	EXP 	text: height = np.float64(0.05)
18.7772 	EXP 	text: text = 'Which one are you going to buy?'
18.7780 	EXP 	eyetracker.setRecordingState(False)
18.7862 	EXP 	text: height = np.float64(0.05)
18.7862 	EXP 	text: height = np.float64(0.05)
18.7862 	EXP 	text: height = np.float64(0.05)
18.7862 	EXP 	text: text = 'Which one are you going to buy?'
18.7872 	EXP 	eyetracker.setRecordingState(False)
18.7971 	EXP 	text: height = np.float64(0.05)
18.7971 	EXP 	text: height = np.float64(0.05)
18.7971 	EXP 	text: height = np.float64(0.05)
18.7971 	EXP 	text: text = 'Which one are you going to buy?'
18.7993 	EXP 	eyetracker.setRecordingState(False)
18.8123 	EXP 	text: height = np.float64(0.05)
18.8123 	EXP 	text: height = np.float64(0.05)
18.8123 	EXP 	text: height = np.float64(0.05)
18.8123 	EXP 	text: text = 'Which one are you going to buy?'
18.8137 	EXP 	eyetracker.setRecordingState(False)
18.8275 	EXP 	text: height = np.float64(0.05)
18.8275 	EXP 	text: height = np.float64(0.05)
18.8275 	EXP 	text: height = np.float64(0.05)
18.8275 	EXP 	text: text = 'Which one are you going to buy?'
18.8287 	EXP 	eyetracker.setRecordingState(False)
18.8413 	EXP 	text: height = np.float64(0.05)
18.8413 	EXP 	text: height = np.float64(0.05)
18.8413 	EXP 	text: height = np.float64(0.05)
18.8413 	EXP 	text: text = 'Which one are you going to buy?'
18.8430 	EXP 	eyetracker.setRecordingState(False)
18.8570 	EXP 	text: height = np.float64(0.05)
18.8570 	EXP 	text: height = np.float64(0.05)
18.8570 	EXP 	text: height = np.float64(0.05)
18.8570 	EXP 	text: text = 'Which one are you going to buy?'
18.8585 	EXP 	eyetracker.setRecordingState(False)
18.8736 	EXP 	text: height = np.float64(0.05)
18.8736 	EXP 	text: height = np.float64(0.05)
18.8736 	EXP 	text: height = np.float64(0.05)
18.8736 	EXP 	text: text = 'Which one are you going to buy?'
18.8755 	EXP 	eyetracker.setRecordingState(False)
18.8902 	EXP 	text: height = np.float64(0.05)
18.8902 	EXP 	text: height = np.float64(0.05)
18.8902 	EXP 	text: height = np.float64(0.05)
18.8902 	EXP 	text: text = 'Which one are you going to buy?'
18.8914 	EXP 	eyetracker.setRecordingState(False)
18.9035 	EXP 	text: height = np.float64(0.05)
18.9035 	EXP 	text: height = np.float64(0.05)
18.9035 	EXP 	text: height = np.float64(0.05)
18.9035 	EXP 	text: text = 'Which one are you going to buy?'
18.9049 	EXP 	eyetracker.setRecordingState(False)
18.9166 	EXP 	text: height = np.float64(0.05)
18.9166 	EXP 	text: height = np.float64(0.05)
18.9166 	EXP 	text: height = np.float64(0.05)
18.9166 	EXP 	text: text = 'Which one are you going to buy?'
18.9184 	EXP 	eyetracker.setRecordingState(False)
18.9308 	EXP 	text: height = np.float64(0.05)
18.9308 	EXP 	text: height = np.float64(0.05)
18.9308 	EXP 	text: height = np.float64(0.05)
18.9308 	EXP 	text: text = 'Which one are you going to buy?'
18.9317 	EXP 	eyetracker.setRecordingState(False)
18.9407 	EXP 	text: height = np.float64(0.05)
18.9407 	EXP 	text: height = np.float64(0.05)
18.9407 	EXP 	text: height = np.float64(0.05)
18.9407 	EXP 	text: text = 'Which one are you going to buy?'
18.9414 	EXP 	eyetracker.setRecordingState(False)
18.9502 	EXP 	text: height = np.float64(0.05)
18.9502 	EXP 	text: height = np.float64(0.05)
18.9502 	EXP 	text: height = np.float64(0.05)
18.9502 	EXP 	text: text = 'Which one are you going to buy?'
18.9517 	EXP 	eyetracker.setRecordingState(False)
18.9627 	EXP 	text: height = np.float64(0.05)
18.9627 	EXP 	text: height = np.float64(0.05)
18.9627 	EXP 	text: height = np.float64(0.05)
18.9627 	EXP 	text: text = 'Which one are you going to buy?'
18.9637 	EXP 	eyetracker.setRecordingState(False)
18.9737 	EXP 	text: height = np.float64(0.05)
18.9737 	EXP 	text: height = np.float64(0.05)
18.9737 	EXP 	text: height = np.float64(0.05)
18.9737 	EXP 	text: text = 'Which one are you going to buy?'
18.9746 	EXP 	eyetracker.setRecordingState(False)
18.9846 	EXP 	text: height = np.float64(0.05)
18.9846 	EXP 	text: height = np.float64(0.05)
18.9846 	EXP 	text: height = np.float64(0.05)
18.9846 	EXP 	text: text = 'Which one are you going to buy?'
18.9853 	EXP 	eyetracker.setRecordingState(False)
18.9948 	EXP 	text: height = np.float64(0.05)
18.9948 	EXP 	text: height = np.float64(0.05)
18.9948 	EXP 	text: height = np.float64(0.05)
18.9948 	EXP 	text: text = 'Which one are you going to buy?'
18.9957 	EXP 	eyetracker.setRecordingState(False)
19.0039 	EXP 	text: height = np.float64(0.05)
19.0039 	EXP 	text: height = np.float64(0.05)
19.0039 	EXP 	text: height = np.float64(0.05)
19.0039 	EXP 	text: text = 'Which one are you going to buy?'
19.0051 	EXP 	eyetracker.setRecordingState(False)
19.0157 	EXP 	text: height = np.float64(0.05)
19.0157 	EXP 	text: height = np.float64(0.05)
19.0157 	EXP 	text: height = np.float64(0.05)
19.0157 	EXP 	text: text = 'Which one are you going to buy?'
19.0174 	EXP 	eyetracker.setRecordingState(False)
19.0313 	EXP 	text: height = np.float64(0.05)
19.0313 	EXP 	text: height = np.float64(0.05)
19.0313 	EXP 	text: height = np.float64(0.05)
19.0313 	EXP 	text: text = 'Which one are you going to buy?'
19.0328 	EXP 	eyetracker.setRecordingState(False)
19.0450 	EXP 	text: height = np.float64(0.05)
19.0450 	EXP 	text: height = np.float64(0.05)
19.0450 	EXP 	text: height = np.float64(0.05)
19.0450 	EXP 	text: text = 'Which one are you going to buy?'
19.0463 	EXP 	eyetracker.setRecordingState(False)
19.0581 	EXP 	text: height = np.float64(0.05)
19.0581 	EXP 	text: height = np.float64(0.05)
19.0581 	EXP 	text: height = np.float64(0.05)
19.0581 	EXP 	text: text = 'Which one are you going to buy?'
19.0593 	EXP 	eyetracker.setRecordingState(False)
19.0722 	EXP 	text: height = np.float64(0.05)
19.0722 	EXP 	text: height = np.float64(0.05)
19.0722 	EXP 	text: height = np.float64(0.05)
19.0722 	EXP 	text: text = 'Which one are you going to buy?'
19.0734 	EXP 	eyetracker.setRecordingState(False)
19.0892 	EXP 	text: height = np.float64(0.05)
19.0892 	EXP 	text: height = np.float64(0.05)
19.0892 	EXP 	text: height = np.float64(0.05)
19.0892 	EXP 	text: text = 'Which one are you going to buy?'
19.0902 	EXP 	eyetracker.setRecordingState(False)
19.1024 	EXP 	text: height = np.float64(0.05)
19.1024 	EXP 	text: height = np.float64(0.05)
19.1024 	EXP 	text: height = np.float64(0.05)
19.1024 	EXP 	text: text = 'Which one are you going to buy?'
19.1033 	EXP 	eyetracker.setRecordingState(False)
19.1136 	EXP 	text: height = np.float64(0.05)
19.1136 	EXP 	text: height = np.float64(0.05)
19.1136 	EXP 	text: height = np.float64(0.05)
19.1136 	EXP 	text: text = 'Which one are you going to buy?'
19.1147 	EXP 	eyetracker.setRecordingState(False)
19.1306 	EXP 	text: height = np.float64(0.05)
19.1306 	EXP 	text: height = np.float64(0.05)
19.1306 	EXP 	text: height = np.float64(0.05)
19.1306 	EXP 	text: text = 'Which one are you going to buy?'
19.1319 	EXP 	eyetracker.setRecordingState(False)
19.1470 	EXP 	text: height = np.float64(0.05)
19.1470 	EXP 	text: height = np.float64(0.05)
19.1470 	EXP 	text: height = np.float64(0.05)
19.1470 	EXP 	text: text = 'Which one are you going to buy?'
19.1488 	EXP 	eyetracker.setRecordingState(False)
19.1623 	EXP 	text: height = np.float64(0.05)
19.1623 	EXP 	text: height = np.float64(0.05)
19.1623 	EXP 	text: height = np.float64(0.05)
19.1623 	EXP 	text: text = 'Which one are you going to buy?'
19.1634 	EXP 	eyetracker.setRecordingState(False)
19.1754 	EXP 	text: height = np.float64(0.05)
19.1754 	EXP 	text: height = np.float64(0.05)
19.1754 	EXP 	text: height = np.float64(0.05)
19.1754 	EXP 	text: text = 'Which one are you going to buy?'
19.1763 	EXP 	eyetracker.setRecordingState(False)
19.1916 	EXP 	text: height = np.float64(0.05)
19.1916 	EXP 	text: height = np.float64(0.05)
19.1916 	EXP 	text: height = np.float64(0.05)
19.1916 	EXP 	text: text = 'Which one are you going to buy?'
19.1933 	EXP 	eyetracker.setRecordingState(False)
19.2104 	EXP 	text: height = np.float64(0.05)
19.2104 	EXP 	text: height = np.float64(0.05)
19.2104 	EXP 	text: height = np.float64(0.05)
19.2104 	EXP 	text: text = 'Which one are you going to buy?'
19.2121 	EXP 	eyetracker.setRecordingState(False)
19.2247 	EXP 	text: height = np.float64(0.05)
19.2247 	EXP 	text: height = np.float64(0.05)
19.2247 	EXP 	text: height = np.float64(0.05)
19.2247 	EXP 	text: text = 'Which one are you going to buy?'
19.2260 	EXP 	eyetracker.setRecordingState(False)
19.2361 	EXP 	text: height = np.float64(0.05)
19.2361 	EXP 	text: height = np.float64(0.05)
19.2361 	EXP 	text: height = np.float64(0.05)
19.2361 	EXP 	text: text = 'Which one are you going to buy?'
19.2369 	EXP 	eyetracker.setRecordingState(False)
19.2466 	EXP 	text: height = np.float64(0.05)
19.2466 	EXP 	text: height = np.float64(0.05)
19.2466 	EXP 	text: height = np.float64(0.05)
19.2466 	EXP 	text: text = 'Which one are you going to buy?'
19.2473 	EXP 	eyetracker.setRecordingState(False)
19.2563 	EXP 	text: height = np.float64(0.05)
19.2563 	EXP 	text: height = np.float64(0.05)
19.2563 	EXP 	text: height = np.float64(0.05)
19.2563 	EXP 	text: text = 'Which one are you going to buy?'
19.2569 	EXP 	eyetracker.setRecordingState(False)
19.2658 	EXP 	text: height = np.float64(0.05)
19.2658 	EXP 	text: height = np.float64(0.05)
19.2658 	EXP 	text: height = np.float64(0.05)
19.2658 	EXP 	text: text = 'Which one are you going to buy?'
19.2669 	EXP 	eyetracker.setRecordingState(False)
19.2784 	EXP 	text: height = np.float64(0.05)
19.2784 	EXP 	text: height = np.float64(0.05)
19.2784 	EXP 	text: height = np.float64(0.05)
19.2784 	EXP 	text: text = 'Which one are you going to buy?'
19.2806 	EXP 	eyetracker.setRecordingState(False)
19.2949 	EXP 	text: height = np.float64(0.05)
19.2949 	EXP 	text: height = np.float64(0.05)
19.2949 	EXP 	text: height = np.float64(0.05)
19.2949 	EXP 	text: text = 'Which one are you going to buy?'
19.2966 	EXP 	eyetracker.setRecordingState(False)
19.3135 	EXP 	text: height = np.float64(0.05)
19.3135 	EXP 	text: height = np.float64(0.05)
19.3135 	EXP 	text: height = np.float64(0.05)
19.3135 	EXP 	text: text = 'Which one are you going to buy?'
19.3150 	EXP 	eyetracker.setRecordingState(False)
19.3290 	EXP 	text: height = np.float64(0.05)
19.3290 	EXP 	text: height = np.float64(0.05)
19.3290 	EXP 	text: height = np.float64(0.05)
19.3290 	EXP 	text: text = 'Which one are you going to buy?'
19.3303 	EXP 	eyetracker.setRecordingState(False)
19.3442 	EXP 	text: height = np.float64(0.05)
19.3442 	EXP 	text: height = np.float64(0.05)
19.3442 	EXP 	text: height = np.float64(0.05)
19.3442 	EXP 	text: text = 'Which one are you going to buy?'
19.3467 	EXP 	eyetracker.setRecordingState(False)
19.3659 	EXP 	text: height = np.float64(0.05)
19.3659 	EXP 	text: height = np.float64(0.05)
19.3659 	EXP 	text: height = np.float64(0.05)
19.3659 	EXP 	text: text = 'Which one are you going to buy?'
19.3696 	EXP 	eyetracker.setRecordingState(False)
19.3933 	EXP 	text: height = np.float64(0.05)
19.3933 	EXP 	text: height = np.float64(0.05)
19.3933 	EXP 	text: height = np.float64(0.05)
19.3933 	EXP 	text: text = 'Which one are you going to buy?'
19.3953 	EXP 	eyetracker.setRecordingState(False)
19.4165 	EXP 	text: height = np.float64(0.05)
19.4165 	EXP 	text: height = np.float64(0.05)
19.4165 	EXP 	text: height = np.float64(0.05)
19.4165 	EXP 	text: text = 'Which one are you going to buy?'
19.4205 	EXP 	eyetracker.setRecordingState(False)
19.4377 	EXP 	text: height = np.float64(0.05)
19.4377 	EXP 	text: height = np.float64(0.05)
19.4377 	EXP 	text: height = np.float64(0.05)
19.4377 	EXP 	text: text = 'Which one are you going to buy?'
19.4401 	EXP 	eyetracker.setRecordingState(False)
19.4570 	EXP 	text: height = np.float64(0.05)
19.4570 	EXP 	text: height = np.float64(0.05)
19.4570 	EXP 	text: height = np.float64(0.05)
19.4570 	EXP 	text: text = 'Which one are you going to buy?'
19.4588 	EXP 	eyetracker.setRecordingState(False)
19.4755 	EXP 	text: height = np.float64(0.05)
19.4755 	EXP 	text: height = np.float64(0.05)
19.4755 	EXP 	text: height = np.float64(0.05)
19.4755 	EXP 	text: text = 'Which one are you going to buy?'
19.4772 	EXP 	eyetracker.setRecordingState(False)
19.4943 	EXP 	text: height = np.float64(0.05)
19.4943 	EXP 	text: height = np.float64(0.05)
19.4943 	EXP 	text: height = np.float64(0.05)
19.4943 	EXP 	text: text = 'Which one are you going to buy?'
19.4972 	EXP 	eyetracker.setRecordingState(False)
19.5122 	EXP 	text: height = np.float64(0.05)
19.5122 	EXP 	text: height = np.float64(0.05)
19.5122 	EXP 	text: height = np.float64(0.05)
19.5122 	EXP 	text: text = 'Which one are you going to buy?'
19.5138 	EXP 	eyetracker.setRecordingState(False)
19.5290 	EXP 	text: height = np.float64(0.05)
19.5290 	EXP 	text: height = np.float64(0.05)
19.5290 	EXP 	text: height = np.float64(0.05)
19.5290 	EXP 	text: text = 'Which one are you going to buy?'
19.5313 	EXP 	eyetracker.setRecordingState(False)
19.5471 	EXP 	text: height = np.float64(0.05)
19.5471 	EXP 	text: height = np.float64(0.05)
19.5471 	EXP 	text: height = np.float64(0.05)
19.5471 	EXP 	text: text = 'Which one are you going to buy?'
19.5484 	EXP 	eyetracker.setRecordingState(False)
19.5597 	EXP 	text: height = np.float64(0.05)
19.5597 	EXP 	text: height = np.float64(0.05)
19.5597 	EXP 	text: height = np.float64(0.05)
19.5597 	EXP 	text: text = 'Which one are you going to buy?'
19.5615 	EXP 	eyetracker.setRecordingState(False)
19.5716 	EXP 	text: height = np.float64(0.05)
19.5716 	EXP 	text: height = np.float64(0.05)
19.5716 	EXP 	text: height = np.float64(0.05)
19.5716 	EXP 	text: text = 'Which one are you going to buy?'
19.5734 	EXP 	eyetracker.setRecordingState(False)
19.5850 	EXP 	text: height = np.float64(0.05)
19.5850 	EXP 	text: height = np.float64(0.05)
19.5850 	EXP 	text: height = np.float64(0.05)
19.5850 	EXP 	text: text = 'Which one are you going to buy?'
19.5867 	EXP 	eyetracker.setRecordingState(False)
19.6015 	EXP 	text: height = np.float64(0.05)
19.6015 	EXP 	text: height = np.float64(0.05)
19.6015 	EXP 	text: height = np.float64(0.05)
19.6015 	EXP 	text: text = 'Which one are you going to buy?'
19.6029 	EXP 	eyetracker.setRecordingState(False)
19.6159 	EXP 	text: height = np.float64(0.05)
19.6159 	EXP 	text: height = np.float64(0.05)
19.6159 	EXP 	text: height = np.float64(0.05)
19.6159 	EXP 	text: text = 'Which one are you going to buy?'
19.6171 	EXP 	eyetracker.setRecordingState(False)
19.6339 	EXP 	text: height = np.float64(0.05)
19.6339 	EXP 	text: height = np.float64(0.05)
19.6339 	EXP 	text: height = np.float64(0.05)
19.6339 	EXP 	text: text = 'Which one are you going to buy?'
19.6356 	EXP 	eyetracker.setRecordingState(False)
19.6482 	EXP 	text: height = np.float64(0.05)
19.6482 	EXP 	text: height = np.float64(0.05)
19.6482 	EXP 	text: height = np.float64(0.05)
19.6482 	EXP 	text: text = 'Which one are you going to buy?'
19.6504 	EXP 	eyetracker.setRecordingState(False)
19.6641 	EXP 	text: height = np.float64(0.05)
19.6641 	EXP 	text: height = np.float64(0.05)
19.6641 	EXP 	text: height = np.float64(0.05)
19.6641 	EXP 	text: text = 'Which one are you going to buy?'
19.6661 	EXP 	eyetracker.setRecordingState(False)
19.6786 	EXP 	text: height = np.float64(0.05)
19.6786 	EXP 	text: height = np.float64(0.05)
19.6786 	EXP 	text: height = np.float64(0.05)
19.6786 	EXP 	text: text = 'Which one are you going to buy?'
19.6798 	EXP 	eyetracker.setRecordingState(False)
19.6928 	EXP 	text: height = np.float64(0.05)
19.6928 	EXP 	text: height = np.float64(0.05)
19.6928 	EXP 	text: height = np.float64(0.05)
19.6928 	EXP 	text: text = 'Which one are you going to buy?'
19.6944 	EXP 	eyetracker.setRecordingState(False)
19.7114 	EXP 	text: height = np.float64(0.05)
19.7114 	EXP 	text: height = np.float64(0.05)
19.7114 	EXP 	text: height = np.float64(0.05)
19.7114 	EXP 	text: text = 'Which one are you going to buy?'
19.7131 	EXP 	eyetracker.setRecordingState(False)
19.7276 	EXP 	text: height = np.float64(0.05)
19.7276 	EXP 	text: height = np.float64(0.05)
19.7276 	EXP 	text: height = np.float64(0.05)
19.7276 	EXP 	text: text = 'Which one are you going to buy?'
19.7288 	EXP 	eyetracker.setRecordingState(False)
19.7422 	EXP 	text: height = np.float64(0.05)
19.7422 	EXP 	text: height = np.float64(0.05)
19.7422 	EXP 	text: height = np.float64(0.05)
19.7422 	EXP 	text: text = 'Which one are you going to buy?'
19.7437 	EXP 	eyetracker.setRecordingState(False)
19.7592 	EXP 	text: height = np.float64(0.05)
19.7592 	EXP 	text: height = np.float64(0.05)
19.7592 	EXP 	text: height = np.float64(0.05)
19.7592 	EXP 	text: text = 'Which one are you going to buy?'
19.7622 	EXP 	eyetracker.setRecordingState(False)
19.7758 	EXP 	text: height = np.float64(0.05)
19.7758 	EXP 	text: height = np.float64(0.05)
19.7758 	EXP 	text: height = np.float64(0.05)
19.7758 	EXP 	text: text = 'Which one are you going to buy?'
19.7774 	EXP 	eyetracker.setRecordingState(False)
19.7901 	EXP 	text: height = np.float64(0.05)
19.7901 	EXP 	text: height = np.float64(0.05)
19.7901 	EXP 	text: height = np.float64(0.05)
19.7901 	EXP 	text: text = 'Which one are you going to buy?'
19.7918 	EXP 	eyetracker.setRecordingState(False)
19.8067 	EXP 	text: height = np.float64(0.05)
19.8067 	EXP 	text: height = np.float64(0.05)
19.8067 	EXP 	text: height = np.float64(0.05)
19.8067 	EXP 	text: text = 'Which one are you going to buy?'
19.8084 	EXP 	eyetracker.setRecordingState(False)
19.8214 	EXP 	text: height = np.float64(0.05)
19.8214 	EXP 	text: height = np.float64(0.05)
19.8214 	EXP 	text: height = np.float64(0.05)
19.8214 	EXP 	text: text = 'Which one are you going to buy?'
19.8227 	EXP 	eyetracker.setRecordingState(False)
19.8369 	EXP 	text: height = np.float64(0.05)
19.8369 	EXP 	text: height = np.float64(0.05)
19.8369 	EXP 	text: height = np.float64(0.05)
19.8369 	EXP 	text: text = 'Which one are you going to buy?'
19.8385 	EXP 	eyetracker.setRecordingState(False)
19.8500 	EXP 	text: height = np.float64(0.05)
19.8500 	EXP 	text: height = np.float64(0.05)
19.8500 	EXP 	text: height = np.float64(0.05)
19.8500 	EXP 	text: text = 'Which one are you going to buy?'
19.8512 	EXP 	eyetracker.setRecordingState(False)
19.8660 	EXP 	text: height = np.float64(0.05)
19.8660 	EXP 	text: height = np.float64(0.05)
19.8660 	EXP 	text: height = np.float64(0.05)
19.8660 	EXP 	text: text = 'Which one are you going to buy?'
19.8678 	EXP 	eyetracker.setRecordingState(False)
19.8873 	EXP 	text: height = np.float64(0.05)
19.8873 	EXP 	text: height = np.float64(0.05)
19.8873 	EXP 	text: height = np.float64(0.05)
19.8873 	EXP 	text: text = 'Which one are you going to buy?'
19.8894 	EXP 	eyetracker.setRecordingState(False)
19.9069 	EXP 	text: height = np.float64(0.05)
19.9069 	EXP 	text: height = np.float64(0.05)
19.9069 	EXP 	text: height = np.float64(0.05)
19.9069 	EXP 	text: text = 'Which one are you going to buy?'
19.9089 	EXP 	eyetracker.setRecordingState(False)
19.9233 	EXP 	text: height = np.float64(0.05)
19.9233 	EXP 	text: height = np.float64(0.05)
19.9233 	EXP 	text: height = np.float64(0.05)
19.9233 	EXP 	text: text = 'Which one are you going to buy?'
19.9255 	EXP 	eyetracker.setRecordingState(False)
19.9436 	EXP 	text: height = np.float64(0.05)
19.9436 	EXP 	text: height = np.float64(0.05)
19.9436 	EXP 	text: height = np.float64(0.05)
19.9436 	EXP 	text: text = 'Which one are you going to buy?'
19.9456 	EXP 	eyetracker.setRecordingState(False)
19.9632 	EXP 	text: height = np.float64(0.05)
19.9632 	EXP 	text: height = np.float64(0.05)
19.9632 	EXP 	text: height = np.float64(0.05)
19.9632 	EXP 	text: text = 'Which one are you going to buy?'
19.9664 	EXP 	eyetracker.setRecordingState(False)
19.9852 	EXP 	text: height = np.float64(0.05)
19.9852 	EXP 	text: height = np.float64(0.05)
19.9852 	EXP 	text: height = np.float64(0.05)
19.9852 	EXP 	text: text = 'Which one are you going to buy?'
19.9865 	EXP 	eyetracker.setRecordingState(False)
20.0010 	EXP 	text: height = np.float64(0.05)
20.0010 	EXP 	text: height = np.float64(0.05)
20.0010 	EXP 	text: height = np.float64(0.05)
20.0010 	EXP 	text: text = 'Which one are you going to buy?'
20.0040 	EXP 	eyetracker.setRecordingState(False)
20.0212 	EXP 	text: height = np.float64(0.05)
20.0212 	EXP 	text: height = np.float64(0.05)
20.0212 	EXP 	text: height = np.float64(0.05)
20.0212 	EXP 	text: text = 'Which one are you going to buy?'
20.0225 	EXP 	eyetracker.setRecordingState(False)
20.0352 	EXP 	text: height = np.float64(0.05)
20.0352 	EXP 	text: height = np.float64(0.05)
20.0352 	EXP 	text: height = np.float64(0.05)
20.0352 	EXP 	text: text = 'Which one are you going to buy?'
20.0363 	EXP 	eyetracker.setRecordingState(False)
20.0482 	EXP 	text: height = np.float64(0.05)
20.0482 	EXP 	text: height = np.float64(0.05)
20.0482 	EXP 	text: height = np.float64(0.05)
20.0482 	EXP 	text: text = 'Which one are you going to buy?'
20.0491 	EXP 	eyetracker.setRecordingState(False)
20.0587 	EXP 	text: height = np.float64(0.05)
20.0587 	EXP 	text: height = np.float64(0.05)
20.0587 	EXP 	text: height = np.float64(0.05)
20.0587 	EXP 	text: text = 'Which one are you going to buy?'
20.0616 	EXP 	eyetracker.setRecordingState(False)
20.0739 	EXP 	text: height = np.float64(0.05)
20.0739 	EXP 	text: height = np.float64(0.05)
20.0739 	EXP 	text: height = np.float64(0.05)
20.0739 	EXP 	text: text = 'Which one are you going to buy?'
20.0754 	EXP 	eyetracker.setRecordingState(False)
20.0883 	EXP 	text: height = np.float64(0.05)
20.0883 	EXP 	text: height = np.float64(0.05)
20.0883 	EXP 	text: height = np.float64(0.05)
20.0883 	EXP 	text: text = 'Which one are you going to buy?'
20.0901 	EXP 	eyetracker.setRecordingState(False)
20.1061 	EXP 	text: height = np.float64(0.05)
20.1061 	EXP 	text: height = np.float64(0.05)
20.1061 	EXP 	text: height = np.float64(0.05)
20.1061 	EXP 	text: text = 'Which one are you going to buy?'
20.1076 	EXP 	eyetracker.setRecordingState(False)
20.1238 	EXP 	text: height = np.float64(0.05)
20.1238 	EXP 	text: height = np.float64(0.05)
20.1238 	EXP 	text: height = np.float64(0.05)
20.1238 	EXP 	text: text = 'Which one are you going to buy?'
20.1252 	EXP 	eyetracker.setRecordingState(False)
20.1365 	EXP 	text: height = np.float64(0.05)
20.1365 	EXP 	text: height = np.float64(0.05)
20.1365 	EXP 	text: height = np.float64(0.05)
20.1365 	EXP 	text: text = 'Which one are you going to buy?'
20.1376 	EXP 	eyetracker.setRecordingState(False)
20.1527 	EXP 	text: height = np.float64(0.05)
20.1527 	EXP 	text: height = np.float64(0.05)
20.1527 	EXP 	text: height = np.float64(0.05)
20.1527 	EXP 	text: text = 'Which one are you going to buy?'
20.1541 	EXP 	eyetracker.setRecordingState(False)
20.1692 	EXP 	text: height = np.float64(0.05)
20.1692 	EXP 	text: height = np.float64(0.05)
20.1692 	EXP 	text: height = np.float64(0.05)
20.1692 	EXP 	text: text = 'Which one are you going to buy?'
20.1705 	EXP 	eyetracker.setRecordingState(False)
20.1837 	EXP 	text: height = np.float64(0.05)
20.1837 	EXP 	text: height = np.float64(0.05)
20.1837 	EXP 	text: height = np.float64(0.05)
20.1837 	EXP 	text: text = 'Which one are you going to buy?'
20.1855 	EXP 	eyetracker.setRecordingState(False)
20.2022 	EXP 	text: height = np.float64(0.05)
20.2022 	EXP 	text: height = np.float64(0.05)
20.2022 	EXP 	text: height = np.float64(0.05)
20.2022 	EXP 	text: text = 'Which one are you going to buy?'
20.2034 	EXP 	eyetracker.setRecordingState(False)
20.2158 	EXP 	text: height = np.float64(0.05)
20.2158 	EXP 	text: height = np.float64(0.05)
20.2158 	EXP 	text: height = np.float64(0.05)
20.2158 	EXP 	text: text = 'Which one are you going to buy?'
20.2176 	EXP 	eyetracker.setRecordingState(False)
20.2345 	EXP 	text: height = np.float64(0.05)
20.2345 	EXP 	text: height = np.float64(0.05)
20.2345 	EXP 	text: height = np.float64(0.05)
20.2345 	EXP 	text: text = 'Which one are you going to buy?'
20.2379 	EXP 	eyetracker.setRecordingState(False)
20.2588 	EXP 	text: height = np.float64(0.05)
20.2588 	EXP 	text: height = np.float64(0.05)
20.2588 	EXP 	text: height = np.float64(0.05)
20.2588 	EXP 	text: text = 'Which one are you going to buy?'
20.2607 	EXP 	eyetracker.setRecordingState(False)
20.2782 	EXP 	text: height = np.float64(0.05)
20.2782 	EXP 	text: height = np.float64(0.05)
20.2782 	EXP 	text: height = np.float64(0.05)
20.2782 	EXP 	text: text = 'Which one are you going to buy?'
20.2799 	EXP 	eyetracker.setRecordingState(False)
20.3003 	EXP 	text: height = np.float64(0.05)
20.3003 	EXP 	text: height = np.float64(0.05)
20.3003 	EXP 	text: height = np.float64(0.05)
20.3003 	EXP 	text: text = 'Which one are you going to buy?'
20.3039 	EXP 	eyetracker.setRecordingState(False)
20.3277 	EXP 	text: height = np.float64(0.05)
20.3277 	EXP 	text: height = np.float64(0.05)
20.3277 	EXP 	text: height = np.float64(0.05)
20.3277 	EXP 	text: text = 'Which one are you going to buy?'
20.3295 	EXP 	eyetracker.setRecordingState(False)
20.3473 	EXP 	text: height = np.float64(0.05)
20.3473 	EXP 	text: height = np.float64(0.05)
20.3473 	EXP 	text: height = np.float64(0.05)
20.3473 	EXP 	text: text = 'Which one are you going to buy?'
20.3489 	EXP 	eyetracker.setRecordingState(False)
20.3629 	EXP 	text: height = np.float64(0.05)
20.3629 	EXP 	text: height = np.float64(0.05)
20.3629 	EXP 	text: height = np.float64(0.05)
20.3629 	EXP 	text: text = 'Which one are you going to buy?'
20.3642 	EXP 	eyetracker.setRecordingState(False)
20.3767 	EXP 	text: height = np.float64(0.05)
20.3767 	EXP 	text: height = np.float64(0.05)
20.3767 	EXP 	text: height = np.float64(0.05)
20.3767 	EXP 	text: text = 'Which one are you going to buy?'
20.3778 	EXP 	eyetracker.setRecordingState(False)
20.3881 	EXP 	text: height = np.float64(0.05)
20.3881 	EXP 	text: height = np.float64(0.05)
20.3881 	EXP 	text: height = np.float64(0.05)
20.3881 	EXP 	text: text = 'Which one are you going to buy?'
20.3890 	EXP 	eyetracker.setRecordingState(False)
20.3990 	EXP 	text: height = np.float64(0.05)
20.3990 	EXP 	text: height = np.float64(0.05)
20.3990 	EXP 	text: height = np.float64(0.05)
20.3990 	EXP 	text: text = 'Which one are you going to buy?'
20.4003 	EXP 	eyetracker.setRecordingState(False)
20.4124 	EXP 	text: height = np.float64(0.05)
20.4124 	EXP 	text: height = np.float64(0.05)
20.4124 	EXP 	text: height = np.float64(0.05)
20.4124 	EXP 	text: text = 'Which one are you going to buy?'
20.4137 	EXP 	eyetracker.setRecordingState(False)
20.4260 	EXP 	text: height = np.float64(0.05)
20.4260 	EXP 	text: height = np.float64(0.05)
20.4260 	EXP 	text: height = np.float64(0.05)
20.4260 	EXP 	text: text = 'Which one are you going to buy?'
20.4270 	EXP 	eyetracker.setRecordingState(False)
20.4377 	EXP 	text: height = np.float64(0.05)
20.4377 	EXP 	text: height = np.float64(0.05)
20.4377 	EXP 	text: height = np.float64(0.05)
20.4377 	EXP 	text: text = 'Which one are you going to buy?'
20.4393 	EXP 	eyetracker.setRecordingState(False)
20.4538 	EXP 	text: height = np.float64(0.05)
20.4538 	EXP 	text: height = np.float64(0.05)
20.4538 	EXP 	text: height = np.float64(0.05)
20.4538 	EXP 	text: text = 'Which one are you going to buy?'
20.4551 	EXP 	eyetracker.setRecordingState(False)
20.4670 	EXP 	text: height = np.float64(0.05)
20.4670 	EXP 	text: height = np.float64(0.05)
20.4670 	EXP 	text: height = np.float64(0.05)
20.4670 	EXP 	text: text = 'Which one are you going to buy?'
20.4686 	EXP 	eyetracker.setRecordingState(False)
20.4820 	EXP 	text: height = np.float64(0.05)
20.4820 	EXP 	text: height = np.float64(0.05)
20.4820 	EXP 	text: height = np.float64(0.05)
20.4820 	EXP 	text: text = 'Which one are you going to buy?'
20.4836 	EXP 	eyetracker.setRecordingState(False)
20.5008 	EXP 	text: height = np.float64(0.05)
20.5008 	EXP 	text: height = np.float64(0.05)
20.5008 	EXP 	text: height = np.float64(0.05)
20.5008 	EXP 	text: text = 'Which one are you going to buy?'
20.5020 	EXP 	eyetracker.setRecordingState(False)
20.5143 	EXP 	text: height = np.float64(0.05)
20.5143 	EXP 	text: height = np.float64(0.05)
20.5143 	EXP 	text: height = np.float64(0.05)
20.5143 	EXP 	text: text = 'Which one are you going to buy?'
20.5161 	EXP 	eyetracker.setRecordingState(False)
20.5299 	EXP 	text: height = np.float64(0.05)
20.5299 	EXP 	text: height = np.float64(0.05)
20.5299 	EXP 	text: height = np.float64(0.05)
20.5299 	EXP 	text: text = 'Which one are you going to buy?'
20.5321 	EXP 	eyetracker.setRecordingState(False)
20.5448 	EXP 	text: height = np.float64(0.05)
20.5448 	EXP 	text: height = np.float64(0.05)
20.5448 	EXP 	text: height = np.float64(0.05)
20.5448 	EXP 	text: text = 'Which one are you going to buy?'
20.5463 	EXP 	eyetracker.setRecordingState(False)
20.5576 	EXP 	text: height = np.float64(0.05)
20.5576 	EXP 	text: height = np.float64(0.05)
20.5576 	EXP 	text: height = np.float64(0.05)
20.5576 	EXP 	text: text = 'Which one are you going to buy?'
20.5587 	EXP 	eyetracker.setRecordingState(False)
20.5722 	EXP 	text: height = np.float64(0.05)
20.5722 	EXP 	text: height = np.float64(0.05)
20.5722 	EXP 	text: height = np.float64(0.05)
20.5722 	EXP 	text: text = 'Which one are you going to buy?'
20.5739 	EXP 	eyetracker.setRecordingState(False)
20.5899 	EXP 	text: height = np.float64(0.05)
20.5899 	EXP 	text: height = np.float64(0.05)
20.5899 	EXP 	text: height = np.float64(0.05)
20.5899 	EXP 	text: text = 'Which one are you going to buy?'
20.5934 	EXP 	eyetracker.setRecordingState(False)
20.6103 	EXP 	text: height = np.float64(0.05)
20.6103 	EXP 	text: height = np.float64(0.05)
20.6103 	EXP 	text: height = np.float64(0.05)
20.6103 	EXP 	text: text = 'Which one are you going to buy?'
20.6132 	EXP 	eyetracker.setRecordingState(False)
20.6254 	EXP 	text: height = np.float64(0.05)
20.6254 	EXP 	text: height = np.float64(0.05)
20.6254 	EXP 	text: height = np.float64(0.05)
20.6254 	EXP 	text: text = 'Which one are you going to buy?'
20.6266 	EXP 	eyetracker.setRecordingState(False)
20.6377 	EXP 	text: height = np.float64(0.05)
20.6377 	EXP 	text: height = np.float64(0.05)
20.6377 	EXP 	text: height = np.float64(0.05)
20.6377 	EXP 	text: text = 'Which one are you going to buy?'
20.6392 	EXP 	eyetracker.setRecordingState(False)
20.6486 	EXP 	text: height = np.float64(0.05)
20.6486 	EXP 	text: height = np.float64(0.05)
20.6486 	EXP 	text: height = np.float64(0.05)
20.6486 	EXP 	text: text = 'Which one are you going to buy?'
20.6497 	EXP 	eyetracker.setRecordingState(False)
20.6586 	EXP 	text: height = np.float64(0.05)
20.6586 	EXP 	text: height = np.float64(0.05)
20.6586 	EXP 	text: height = np.float64(0.05)
20.6586 	EXP 	text: text = 'Which one are you going to buy?'
20.6596 	EXP 	eyetracker.setRecordingState(False)
20.6684 	EXP 	text: height = np.float64(0.05)
20.6684 	EXP 	text: height = np.float64(0.05)
20.6684 	EXP 	text: height = np.float64(0.05)
20.6684 	EXP 	text: text = 'Which one are you going to buy?'
20.6699 	EXP 	eyetracker.setRecordingState(False)
20.6786 	EXP 	text: height = np.float64(0.05)
20.6786 	EXP 	text: height = np.float64(0.05)
20.6786 	EXP 	text: height = np.float64(0.05)
20.6786 	EXP 	text: text = 'Which one are you going to buy?'
20.6796 	EXP 	eyetracker.setRecordingState(False)
20.6906 	EXP 	text: height = np.float64(0.05)
20.6906 	EXP 	text: height = np.float64(0.05)
20.6906 	EXP 	text: height = np.float64(0.05)
20.6906 	EXP 	text: text = 'Which one are you going to buy?'
20.6916 	EXP 	eyetracker.setRecordingState(False)
20.7022 	EXP 	text: height = np.float64(0.05)
20.7022 	EXP 	text: height = np.float64(0.05)
20.7022 	EXP 	text: height = np.float64(0.05)
20.7022 	EXP 	text: text = 'Which one are you going to buy?'
20.7031 	EXP 	eyetracker.setRecordingState(False)
20.7130 	EXP 	text: height = np.float64(0.05)
20.7130 	EXP 	text: height = np.float64(0.05)
20.7130 	EXP 	text: height = np.float64(0.05)
20.7130 	EXP 	text: text = 'Which one are you going to buy?'
20.7145 	EXP 	eyetracker.setRecordingState(False)
20.7267 	EXP 	text: height = np.float64(0.05)
20.7267 	EXP 	text: height = np.float64(0.05)
20.7267 	EXP 	text: height = np.float64(0.05)
20.7267 	EXP 	text: text = 'Which one are you going to buy?'
20.7282 	EXP 	eyetracker.setRecordingState(False)
20.7394 	EXP 	text: height = np.float64(0.05)
20.7394 	EXP 	text: height = np.float64(0.05)
20.7394 	EXP 	text: height = np.float64(0.05)
20.7394 	EXP 	text: text = 'Which one are you going to buy?'
20.7408 	EXP 	eyetracker.setRecordingState(False)
20.7540 	EXP 	text: height = np.float64(0.05)
20.7540 	EXP 	text: height = np.float64(0.05)
20.7540 	EXP 	text: height = np.float64(0.05)
20.7540 	EXP 	text: text = 'Which one are you going to buy?'
20.7551 	EXP 	eyetracker.setRecordingState(False)
20.7674 	EXP 	text: height = np.float64(0.05)
20.7674 	EXP 	text: height = np.float64(0.05)
20.7674 	EXP 	text: height = np.float64(0.05)
20.7674 	EXP 	text: text = 'Which one are you going to buy?'
20.7685 	EXP 	eyetracker.setRecordingState(False)
20.7813 	EXP 	text: height = np.float64(0.05)
20.7813 	EXP 	text: height = np.float64(0.05)
20.7813 	EXP 	text: height = np.float64(0.05)
20.7813 	EXP 	text: text = 'Which one are you going to buy?'
20.7823 	EXP 	eyetracker.setRecordingState(False)
20.7952 	EXP 	text: height = np.float64(0.05)
20.7952 	EXP 	text: height = np.float64(0.05)
20.7952 	EXP 	text: height = np.float64(0.05)
20.7952 	EXP 	text: text = 'Which one are you going to buy?'
20.7967 	EXP 	eyetracker.setRecordingState(False)
20.8109 	EXP 	text: height = np.float64(0.05)
20.8109 	EXP 	text: height = np.float64(0.05)
20.8109 	EXP 	text: height = np.float64(0.05)
20.8109 	EXP 	text: text = 'Which one are you going to buy?'
20.8126 	EXP 	eyetracker.setRecordingState(False)
20.8265 	EXP 	text: height = np.float64(0.05)
20.8265 	EXP 	text: height = np.float64(0.05)
20.8265 	EXP 	text: height = np.float64(0.05)
20.8265 	EXP 	text: text = 'Which one are you going to buy?'
20.8281 	EXP 	eyetracker.setRecordingState(False)
20.8399 	EXP 	text: height = np.float64(0.05)
20.8399 	EXP 	text: height = np.float64(0.05)
20.8399 	EXP 	text: height = np.float64(0.05)
20.8399 	EXP 	text: text = 'Which one are you going to buy?'
20.8413 	EXP 	eyetracker.setRecordingState(False)
20.8533 	EXP 	text: height = np.float64(0.05)
20.8533 	EXP 	text: height = np.float64(0.05)
20.8533 	EXP 	text: height = np.float64(0.05)
20.8533 	EXP 	text: text = 'Which one are you going to buy?'
20.8545 	EXP 	eyetracker.setRecordingState(False)
20.8649 	EXP 	text: height = np.float64(0.05)
20.8649 	EXP 	text: height = np.float64(0.05)
20.8649 	EXP 	text: height = np.float64(0.05)
20.8649 	EXP 	text: text = 'Which one are you going to buy?'
20.8658 	EXP 	eyetracker.setRecordingState(False)
20.8751 	EXP 	text: height = np.float64(0.05)
20.8751 	EXP 	text: height = np.float64(0.05)
20.8751 	EXP 	text: height = np.float64(0.05)
20.8751 	EXP 	text: text = 'Which one are you going to buy?'
20.8762 	EXP 	eyetracker.setRecordingState(False)
20.8859 	EXP 	text: height = np.float64(0.05)
20.8859 	EXP 	text: height = np.float64(0.05)
20.8859 	EXP 	text: height = np.float64(0.05)
20.8859 	EXP 	text: text = 'Which one are you going to buy?'
20.8866 	EXP 	eyetracker.setRecordingState(False)
20.8949 	EXP 	text: height = np.float64(0.05)
20.8949 	EXP 	text: height = np.float64(0.05)
20.8949 	EXP 	text: height = np.float64(0.05)
20.8949 	EXP 	text: text = 'Which one are you going to buy?'
20.8960 	EXP 	eyetracker.setRecordingState(False)
20.9073 	EXP 	text: height = np.float64(0.05)
20.9073 	EXP 	text: height = np.float64(0.05)
20.9073 	EXP 	text: height = np.float64(0.05)
20.9073 	EXP 	text: text = 'Which one are you going to buy?'
20.9080 	EXP 	eyetracker.setRecordingState(False)
20.9180 	EXP 	text: height = np.float64(0.05)
20.9180 	EXP 	text: height = np.float64(0.05)
20.9180 	EXP 	text: height = np.float64(0.05)
20.9180 	EXP 	text: text = 'Which one are you going to buy?'
20.9191 	EXP 	eyetracker.setRecordingState(False)
20.9282 	EXP 	text: height = np.float64(0.05)
20.9282 	EXP 	text: height = np.float64(0.05)
20.9282 	EXP 	text: height = np.float64(0.05)
20.9282 	EXP 	text: text = 'Which one are you going to buy?'
20.9292 	EXP 	eyetracker.setRecordingState(False)
20.9371 	EXP 	text: height = np.float64(0.05)
20.9371 	EXP 	text: height = np.float64(0.05)
20.9371 	EXP 	text: height = np.float64(0.05)
20.9371 	EXP 	text: text = 'Which one are you going to buy?'
20.9382 	EXP 	eyetracker.setRecordingState(False)
20.9488 	EXP 	text: height = np.float64(0.05)
20.9488 	EXP 	text: height = np.float64(0.05)
20.9488 	EXP 	text: height = np.float64(0.05)
20.9488 	EXP 	text: text = 'Which one are you going to buy?'
20.9498 	EXP 	eyetracker.setRecordingState(False)
20.9580 	EXP 	text: height = np.float64(0.05)
20.9580 	EXP 	text: height = np.float64(0.05)
20.9580 	EXP 	text: height = np.float64(0.05)
20.9580 	EXP 	text: text = 'Which one are you going to buy?'
20.9590 	EXP 	eyetracker.setRecordingState(False)
20.9673 	EXP 	text: height = np.float64(0.05)
20.9673 	EXP 	text: height = np.float64(0.05)
20.9673 	EXP 	text: height = np.float64(0.05)
20.9673 	EXP 	text: text = 'Which one are you going to buy?'
20.9682 	EXP 	eyetracker.setRecordingState(False)
20.9799 	EXP 	text: height = np.float64(0.05)
20.9799 	EXP 	text: height = np.float64(0.05)
20.9799 	EXP 	text: height = np.float64(0.05)
20.9799 	EXP 	text: text = 'Which one are you going to buy?'
20.9807 	EXP 	eyetracker.setRecordingState(False)
20.9896 	EXP 	text: height = np.float64(0.05)
20.9896 	EXP 	text: height = np.float64(0.05)
20.9896 	EXP 	text: height = np.float64(0.05)
20.9896 	EXP 	text: text = 'Which one are you going to buy?'
20.9912 	EXP 	eyetracker.setRecordingState(False)
21.0002 	EXP 	text: height = np.float64(0.05)
21.0002 	EXP 	text: height = np.float64(0.05)
21.0002 	EXP 	text: height = np.float64(0.05)
21.0002 	EXP 	text: text = 'Which one are you going to buy?'
21.0013 	EXP 	eyetracker.setRecordingState(False)
21.0138 	EXP 	text: height = np.float64(0.05)
21.0138 	EXP 	text: height = np.float64(0.05)
21.0138 	EXP 	text: height = np.float64(0.05)
21.0138 	EXP 	text: text = 'Which one are you going to buy?'
21.0152 	EXP 	eyetracker.setRecordingState(False)
21.0279 	EXP 	text: height = np.float64(0.05)
21.0279 	EXP 	text: height = np.float64(0.05)
21.0279 	EXP 	text: height = np.float64(0.05)
21.0279 	EXP 	text: text = 'Which one are you going to buy?'
21.0292 	EXP 	eyetracker.setRecordingState(False)
21.0418 	EXP 	text: height = np.float64(0.05)
21.0418 	EXP 	text: height = np.float64(0.05)
21.0418 	EXP 	text: height = np.float64(0.05)
21.0418 	EXP 	text: text = 'Which one are you going to buy?'
21.0430 	EXP 	eyetracker.setRecordingState(False)
21.0540 	EXP 	text: height = np.float64(0.05)
21.0540 	EXP 	text: height = np.float64(0.05)
21.0540 	EXP 	text: height = np.float64(0.05)
21.0540 	EXP 	text: text = 'Which one are you going to buy?'
21.0554 	EXP 	eyetracker.setRecordingState(False)
21.0699 	EXP 	text: height = np.float64(0.05)
21.0699 	EXP 	text: height = np.float64(0.05)
21.0699 	EXP 	text: height = np.float64(0.05)
21.0699 	EXP 	text: text = 'Which one are you going to buy?'
21.0720 	EXP 	eyetracker.setRecordingState(False)
21.0824 	EXP 	text: height = np.float64(0.05)
21.0824 	EXP 	text: height = np.float64(0.05)
21.0824 	EXP 	text: height = np.float64(0.05)
21.0824 	EXP 	text: text = 'Which one are you going to buy?'
21.0836 	EXP 	eyetracker.setRecordingState(False)
21.0976 	EXP 	text: height = np.float64(0.05)
21.0976 	EXP 	text: height = np.float64(0.05)
21.0976 	EXP 	text: height = np.float64(0.05)
21.0976 	EXP 	text: text = 'Which one are you going to buy?'
21.0991 	EXP 	eyetracker.setRecordingState(False)
21.1121 	EXP 	text: height = np.float64(0.05)
21.1121 	EXP 	text: height = np.float64(0.05)
21.1121 	EXP 	text: height = np.float64(0.05)
21.1121 	EXP 	text: text = 'Which one are you going to buy?'
21.1136 	EXP 	eyetracker.setRecordingState(False)
21.1303 	EXP 	text: height = np.float64(0.05)
21.1303 	EXP 	text: height = np.float64(0.05)
21.1303 	EXP 	text: height = np.float64(0.05)
21.1303 	EXP 	text: text = 'Which one are you going to buy?'
21.1320 	EXP 	eyetracker.setRecordingState(False)
21.1550 	EXP 	text: height = np.float64(0.05)
21.1550 	EXP 	text: height = np.float64(0.05)
21.1550 	EXP 	text: height = np.float64(0.05)
21.1550 	EXP 	text: text = 'Which one are you going to buy?'
21.1570 	EXP 	eyetracker.setRecordingState(False)
21.1774 	EXP 	text: height = np.float64(0.05)
21.1774 	EXP 	text: height = np.float64(0.05)
21.1774 	EXP 	text: height = np.float64(0.05)
21.1774 	EXP 	text: text = 'Which one are you going to buy?'
21.1791 	EXP 	eyetracker.setRecordingState(False)
21.1899 	EXP 	text: height = np.float64(0.05)
21.1899 	EXP 	text: height = np.float64(0.05)
21.1899 	EXP 	text: height = np.float64(0.05)
21.1899 	EXP 	text: text = 'Which one are you going to buy?'
21.1911 	EXP 	eyetracker.setRecordingState(False)
21.2008 	EXP 	text: height = np.float64(0.05)
21.2008 	EXP 	text: height = np.float64(0.05)
21.2008 	EXP 	text: height = np.float64(0.05)
21.2008 	EXP 	text: text = 'Which one are you going to buy?'
21.2016 	EXP 	eyetracker.setRecordingState(False)
21.2102 	EXP 	text: height = np.float64(0.05)
21.2102 	EXP 	text: height = np.float64(0.05)
21.2102 	EXP 	text: height = np.float64(0.05)
21.2102 	EXP 	text: text = 'Which one are you going to buy?'
21.2111 	EXP 	eyetracker.setRecordingState(False)
21.2194 	EXP 	text: height = np.float64(0.05)
21.2194 	EXP 	text: height = np.float64(0.05)
21.2194 	EXP 	text: height = np.float64(0.05)
21.2194 	EXP 	text: text = 'Which one are you going to buy?'
21.2212 	EXP 	eyetracker.setRecordingState(False)
21.2323 	EXP 	text: height = np.float64(0.05)
21.2323 	EXP 	text: height = np.float64(0.05)
21.2323 	EXP 	text: height = np.float64(0.05)
21.2323 	EXP 	text: text = 'Which one are you going to buy?'
21.2333 	EXP 	eyetracker.setRecordingState(False)
21.2448 	EXP 	text: height = np.float64(0.05)
21.2448 	EXP 	text: height = np.float64(0.05)
21.2448 	EXP 	text: height = np.float64(0.05)
21.2448 	EXP 	text: text = 'Which one are you going to buy?'
21.2463 	EXP 	eyetracker.setRecordingState(False)
21.2558 	EXP 	text: height = np.float64(0.05)
21.2558 	EXP 	text: height = np.float64(0.05)
21.2558 	EXP 	text: height = np.float64(0.05)
21.2558 	EXP 	text: text = 'Which one are you going to buy?'
21.2565 	EXP 	eyetracker.setRecordingState(False)
21.2653 	EXP 	text: height = np.float64(0.05)
21.2653 	EXP 	text: height = np.float64(0.05)
21.2653 	EXP 	text: height = np.float64(0.05)
21.2653 	EXP 	text: text = 'Which one are you going to buy?'
21.2660 	EXP 	eyetracker.setRecordingState(False)
21.2736 	EXP 	text: height = np.float64(0.05)
21.2736 	EXP 	text: height = np.float64(0.05)
21.2736 	EXP 	text: height = np.float64(0.05)
21.2736 	EXP 	text: text = 'Which one are you going to buy?'
21.2751 	EXP 	eyetracker.setRecordingState(False)
21.2847 	EXP 	text: height = np.float64(0.05)
21.2847 	EXP 	text: height = np.float64(0.05)
21.2847 	EXP 	text: height = np.float64(0.05)
21.2847 	EXP 	text: text = 'Which one are you going to buy?'
21.2859 	EXP 	eyetracker.setRecordingState(False)
21.2982 	EXP 	text: height = np.float64(0.05)
21.2982 	EXP 	text: height = np.float64(0.05)
21.2982 	EXP 	text: height = np.float64(0.05)
21.2982 	EXP 	text: text = 'Which one are you going to buy?'
21.2998 	EXP 	eyetracker.setRecordingState(False)
21.3120 	EXP 	text: height = np.float64(0.05)
21.3120 	EXP 	text: height = np.float64(0.05)
21.3120 	EXP 	text: height = np.float64(0.05)
21.3120 	EXP 	text: text = 'Which one are you going to buy?'
21.3132 	EXP 	eyetracker.setRecordingState(False)
21.3238 	EXP 	text: height = np.float64(0.05)
21.3238 	EXP 	text: height = np.float64(0.05)
21.3238 	EXP 	text: height = np.float64(0.05)
21.3238 	EXP 	text: text = 'Which one are you going to buy?'
21.3256 	EXP 	eyetracker.setRecordingState(False)
21.3389 	EXP 	text: height = np.float64(0.05)
21.3389 	EXP 	text: height = np.float64(0.05)
21.3389 	EXP 	text: height = np.float64(0.05)
21.3389 	EXP 	text: text = 'Which one are you going to buy?'
21.3405 	EXP 	eyetracker.setRecordingState(False)
21.3544 	EXP 	text: height = np.float64(0.05)
21.3544 	EXP 	text: height = np.float64(0.05)
21.3544 	EXP 	text: height = np.float64(0.05)
21.3544 	EXP 	text: text = 'Which one are you going to buy?'
21.3557 	EXP 	eyetracker.setRecordingState(False)
21.3676 	EXP 	text: height = np.float64(0.05)
21.3676 	EXP 	text: height = np.float64(0.05)
21.3676 	EXP 	text: height = np.float64(0.05)
21.3676 	EXP 	text: text = 'Which one are you going to buy?'
21.3688 	EXP 	eyetracker.setRecordingState(False)
21.3793 	EXP 	text: height = np.float64(0.05)
21.3793 	EXP 	text: height = np.float64(0.05)
21.3793 	EXP 	text: height = np.float64(0.05)
21.3793 	EXP 	text: text = 'Which one are you going to buy?'
21.3802 	EXP 	eyetracker.setRecordingState(False)
21.3938 	EXP 	text: height = np.float64(0.05)
21.3938 	EXP 	text: height = np.float64(0.05)
21.3938 	EXP 	text: height = np.float64(0.05)
21.3938 	EXP 	text: text = 'Which one are you going to buy?'
21.3953 	EXP 	eyetracker.setRecordingState(False)
21.4107 	EXP 	text: height = np.float64(0.05)
21.4107 	EXP 	text: height = np.float64(0.05)
21.4107 	EXP 	text: height = np.float64(0.05)
21.4107 	EXP 	text: text = 'Which one are you going to buy?'
21.4124 	EXP 	eyetracker.setRecordingState(False)
21.4308 	EXP 	text: height = np.float64(0.05)
21.4308 	EXP 	text: height = np.float64(0.05)
21.4308 	EXP 	text: height = np.float64(0.05)
21.4308 	EXP 	text: text = 'Which one are you going to buy?'
21.4321 	EXP 	eyetracker.setRecordingState(False)
21.4447 	EXP 	text: height = np.float64(0.05)
21.4447 	EXP 	text: height = np.float64(0.05)
21.4447 	EXP 	text: height = np.float64(0.05)
21.4447 	EXP 	text: text = 'Which one are you going to buy?'
21.4460 	EXP 	eyetracker.setRecordingState(False)
21.4594 	EXP 	text: height = np.float64(0.05)
21.4594 	EXP 	text: height = np.float64(0.05)
21.4594 	EXP 	text: height = np.float64(0.05)
21.4594 	EXP 	text: text = 'Which one are you going to buy?'
21.4604 	EXP 	eyetracker.setRecordingState(False)
21.4726 	EXP 	text: height = np.float64(0.05)
21.4726 	EXP 	text: height = np.float64(0.05)
21.4726 	EXP 	text: height = np.float64(0.05)
21.4726 	EXP 	text: text = 'Which one are you going to buy?'
21.4737 	EXP 	eyetracker.setRecordingState(False)
21.4877 	EXP 	text: height = np.float64(0.05)
21.4877 	EXP 	text: height = np.float64(0.05)
21.4877 	EXP 	text: height = np.float64(0.05)
21.4877 	EXP 	text: text = 'Which one are you going to buy?'
21.4895 	EXP 	eyetracker.setRecordingState(False)
21.5050 	EXP 	text: height = np.float64(0.05)
21.5050 	EXP 	text: height = np.float64(0.05)
21.5050 	EXP 	text: height = np.float64(0.05)
21.5050 	EXP 	text: text = 'Which one are you going to buy?'
21.5065 	EXP 	eyetracker.setRecordingState(False)
21.5215 	EXP 	text: height = np.float64(0.05)
21.5215 	EXP 	text: height = np.float64(0.05)
21.5215 	EXP 	text: height = np.float64(0.05)
21.5215 	EXP 	text: text = 'Which one are you going to buy?'
21.5230 	EXP 	eyetracker.setRecordingState(False)
21.5405 	EXP 	text: height = np.float64(0.05)
21.5405 	EXP 	text: height = np.float64(0.05)
21.5405 	EXP 	text: height = np.float64(0.05)
21.5405 	EXP 	text: text = 'Which one are you going to buy?'
21.5423 	EXP 	eyetracker.setRecordingState(False)
21.5569 	EXP 	text: height = np.float64(0.05)
21.5569 	EXP 	text: height = np.float64(0.05)
21.5569 	EXP 	text: height = np.float64(0.05)
21.5569 	EXP 	text: text = 'Which one are you going to buy?'
21.5583 	EXP 	eyetracker.setRecordingState(False)
21.5729 	EXP 	text: height = np.float64(0.05)
21.5729 	EXP 	text: height = np.float64(0.05)
21.5729 	EXP 	text: height = np.float64(0.05)
21.5729 	EXP 	text: text = 'Which one are you going to buy?'
21.5744 	EXP 	eyetracker.setRecordingState(False)
21.5926 	EXP 	text: height = np.float64(0.05)
21.5926 	EXP 	text: height = np.float64(0.05)
21.5926 	EXP 	text: height = np.float64(0.05)
21.5926 	EXP 	text: text = 'Which one are you going to buy?'
21.5942 	EXP 	eyetracker.setRecordingState(False)
21.6081 	EXP 	text: height = np.float64(0.05)
21.6081 	EXP 	text: height = np.float64(0.05)
21.6081 	EXP 	text: height = np.float64(0.05)
21.6081 	EXP 	text: text = 'Which one are you going to buy?'
21.6096 	EXP 	eyetracker.setRecordingState(False)
21.6237 	EXP 	text: height = np.float64(0.05)
21.6237 	EXP 	text: height = np.float64(0.05)
21.6237 	EXP 	text: height = np.float64(0.05)
21.6237 	EXP 	text: text = 'Which one are you going to buy?'
21.6252 	EXP 	eyetracker.setRecordingState(False)
21.6382 	EXP 	text: height = np.float64(0.05)
21.6382 	EXP 	text: height = np.float64(0.05)
21.6382 	EXP 	text: height = np.float64(0.05)
21.6382 	EXP 	text: text = 'Which one are you going to buy?'
21.6394 	EXP 	eyetracker.setRecordingState(False)
21.6510 	EXP 	text: height = np.float64(0.05)
21.6510 	EXP 	text: height = np.float64(0.05)
21.6510 	EXP 	text: height = np.float64(0.05)
21.6510 	EXP 	text: text = 'Which one are you going to buy?'
21.6521 	EXP 	eyetracker.setRecordingState(False)
21.6638 	EXP 	text: height = np.float64(0.05)
21.6638 	EXP 	text: height = np.float64(0.05)
21.6638 	EXP 	text: height = np.float64(0.05)
21.6638 	EXP 	text: text = 'Which one are you going to buy?'
21.6658 	EXP 	eyetracker.setRecordingState(False)
21.6821 	EXP 	text: height = np.float64(0.05)
21.6821 	EXP 	text: height = np.float64(0.05)
21.6821 	EXP 	text: height = np.float64(0.05)
21.6821 	EXP 	text: text = 'Which one are you going to buy?'
21.6836 	EXP 	eyetracker.setRecordingState(False)
21.6970 	EXP 	text: height = np.float64(0.05)
21.6970 	EXP 	text: height = np.float64(0.05)
21.6970 	EXP 	text: height = np.float64(0.05)
21.6970 	EXP 	text: text = 'Which one are you going to buy?'
21.6985 	EXP 	eyetracker.setRecordingState(False)
21.7117 	EXP 	text: height = np.float64(0.05)
21.7117 	EXP 	text: height = np.float64(0.05)
21.7117 	EXP 	text: height = np.float64(0.05)
21.7117 	EXP 	text: text = 'Which one are you going to buy?'
21.7138 	EXP 	eyetracker.setRecordingState(False)
21.7302 	EXP 	text: height = np.float64(0.05)
21.7302 	EXP 	text: height = np.float64(0.05)
21.7302 	EXP 	text: height = np.float64(0.05)
21.7302 	EXP 	text: text = 'Which one are you going to buy?'
21.7317 	EXP 	eyetracker.setRecordingState(False)
21.7469 	EXP 	text: height = np.float64(0.05)
21.7469 	EXP 	text: height = np.float64(0.05)
21.7469 	EXP 	text: height = np.float64(0.05)
21.7469 	EXP 	text: text = 'Which one are you going to buy?'
21.7489 	EXP 	eyetracker.setRecordingState(False)
21.7671 	EXP 	text: height = np.float64(0.05)
21.7671 	EXP 	text: height = np.float64(0.05)
21.7671 	EXP 	text: height = np.float64(0.05)
21.7671 	EXP 	text: text = 'Which one are you going to buy?'
21.7689 	EXP 	eyetracker.setRecordingState(False)
21.7850 	EXP 	text: height = np.float64(0.05)
21.7850 	EXP 	text: height = np.float64(0.05)
21.7850 	EXP 	text: height = np.float64(0.05)
21.7850 	EXP 	text: text = 'Which one are you going to buy?'
21.7866 	EXP 	eyetracker.setRecordingState(False)
21.8018 	EXP 	text: height = np.float64(0.05)
21.8018 	EXP 	text: height = np.float64(0.05)
21.8018 	EXP 	text: height = np.float64(0.05)
21.8018 	EXP 	text: text = 'Which one are you going to buy?'
21.8033 	EXP 	eyetracker.setRecordingState(False)
21.8180 	EXP 	text: height = np.float64(0.05)
21.8180 	EXP 	text: height = np.float64(0.05)
21.8180 	EXP 	text: height = np.float64(0.05)
21.8180 	EXP 	text: text = 'Which one are you going to buy?'
21.8196 	EXP 	eyetracker.setRecordingState(False)
21.8382 	EXP 	text: height = np.float64(0.05)
21.8382 	EXP 	text: height = np.float64(0.05)
21.8382 	EXP 	text: height = np.float64(0.05)
21.8382 	EXP 	text: text = 'Which one are you going to buy?'
21.8403 	EXP 	eyetracker.setRecordingState(False)
21.8568 	EXP 	text: height = np.float64(0.05)
21.8568 	EXP 	text: height = np.float64(0.05)
21.8568 	EXP 	text: height = np.float64(0.05)
21.8568 	EXP 	text: text = 'Which one are you going to buy?'
21.8586 	EXP 	eyetracker.setRecordingState(False)
21.8723 	EXP 	text: height = np.float64(0.05)
21.8723 	EXP 	text: height = np.float64(0.05)
21.8723 	EXP 	text: height = np.float64(0.05)
21.8723 	EXP 	text: text = 'Which one are you going to buy?'
21.8740 	EXP 	eyetracker.setRecordingState(False)
21.8869 	EXP 	text: height = np.float64(0.05)
21.8869 	EXP 	text: height = np.float64(0.05)
21.8869 	EXP 	text: height = np.float64(0.05)
21.8869 	EXP 	text: text = 'Which one are you going to buy?'
21.8880 	EXP 	eyetracker.setRecordingState(False)
21.9003 	EXP 	text: height = np.float64(0.05)
21.9003 	EXP 	text: height = np.float64(0.05)
21.9003 	EXP 	text: height = np.float64(0.05)
21.9003 	EXP 	text: text = 'Which one are you going to buy?'
21.9022 	EXP 	eyetracker.setRecordingState(False)
21.9182 	EXP 	text: height = np.float64(0.05)
21.9182 	EXP 	text: height = np.float64(0.05)
21.9182 	EXP 	text: height = np.float64(0.05)
21.9182 	EXP 	text: text = 'Which one are you going to buy?'
21.9204 	EXP 	eyetracker.setRecordingState(False)
21.9383 	EXP 	text: height = np.float64(0.05)
21.9383 	EXP 	text: height = np.float64(0.05)
21.9383 	EXP 	text: height = np.float64(0.05)
21.9383 	EXP 	text: text = 'Which one are you going to buy?'
21.9403 	EXP 	eyetracker.setRecordingState(False)
21.9570 	EXP 	text: height = np.float64(0.05)
21.9570 	EXP 	text: height = np.float64(0.05)
21.9570 	EXP 	text: height = np.float64(0.05)
21.9570 	EXP 	text: text = 'Which one are you going to buy?'
21.9583 	EXP 	eyetracker.setRecordingState(False)
21.9708 	EXP 	text: height = np.float64(0.05)
21.9708 	EXP 	text: height = np.float64(0.05)
21.9708 	EXP 	text: height = np.float64(0.05)
21.9708 	EXP 	text: text = 'Which one are you going to buy?'
21.9721 	EXP 	eyetracker.setRecordingState(False)
21.9869 	EXP 	text: height = np.float64(0.05)
21.9869 	EXP 	text: height = np.float64(0.05)
21.9869 	EXP 	text: height = np.float64(0.05)
21.9869 	EXP 	text: text = 'Which one are you going to buy?'
21.9888 	EXP 	eyetracker.setRecordingState(False)
22.0048 	EXP 	text: height = np.float64(0.05)
22.0048 	EXP 	text: height = np.float64(0.05)
22.0048 	EXP 	text: height = np.float64(0.05)
22.0048 	EXP 	text: text = 'Which one are you going to buy?'
22.0064 	EXP 	eyetracker.setRecordingState(False)
22.0217 	EXP 	text: height = np.float64(0.05)
22.0217 	EXP 	text: height = np.float64(0.05)
22.0217 	EXP 	text: height = np.float64(0.05)
22.0217 	EXP 	text: text = 'Which one are you going to buy?'
22.0229 	EXP 	eyetracker.setRecordingState(False)
22.0336 	EXP 	text: height = np.float64(0.05)
22.0336 	EXP 	text: height = np.float64(0.05)
22.0336 	EXP 	text: height = np.float64(0.05)
22.0336 	EXP 	text: text = 'Which one are you going to buy?'
22.0346 	EXP 	eyetracker.setRecordingState(False)
22.0449 	EXP 	text: height = np.float64(0.05)
22.0449 	EXP 	text: height = np.float64(0.05)
22.0449 	EXP 	text: height = np.float64(0.05)
22.0449 	EXP 	text: text = 'Which one are you going to buy?'
22.0458 	EXP 	eyetracker.setRecordingState(False)
22.0570 	EXP 	text: height = np.float64(0.05)
22.0570 	EXP 	text: height = np.float64(0.05)
22.0570 	EXP 	text: height = np.float64(0.05)
22.0570 	EXP 	text: text = 'Which one are you going to buy?'
22.0585 	EXP 	eyetracker.setRecordingState(False)
22.0712 	EXP 	text: height = np.float64(0.05)
22.0712 	EXP 	text: height = np.float64(0.05)
22.0712 	EXP 	text: height = np.float64(0.05)
22.0712 	EXP 	text: text = 'Which one are you going to buy?'
22.0723 	EXP 	eyetracker.setRecordingState(False)
22.0821 	EXP 	text: height = np.float64(0.05)
22.0821 	EXP 	text: height = np.float64(0.05)
22.0821 	EXP 	text: height = np.float64(0.05)
22.0821 	EXP 	text: text = 'Which one are you going to buy?'
22.0829 	EXP 	eyetracker.setRecordingState(False)
22.0918 	EXP 	text: height = np.float64(0.05)
22.0918 	EXP 	text: height = np.float64(0.05)
22.0918 	EXP 	text: height = np.float64(0.05)
22.0918 	EXP 	text: text = 'Which one are you going to buy?'
22.0927 	EXP 	eyetracker.setRecordingState(False)
22.1020 	EXP 	text: height = np.float64(0.05)
22.1020 	EXP 	text: height = np.float64(0.05)
22.1020 	EXP 	text: height = np.float64(0.05)
22.1020 	EXP 	text: text = 'Which one are you going to buy?'
22.1030 	EXP 	eyetracker.setRecordingState(False)
22.1167 	EXP 	text: height = np.float64(0.05)
22.1167 	EXP 	text: height = np.float64(0.05)
22.1167 	EXP 	text: height = np.float64(0.05)
22.1167 	EXP 	text: text = 'Which one are you going to buy?'
22.1183 	EXP 	eyetracker.setRecordingState(False)
22.1348 	EXP 	text: height = np.float64(0.05)
22.1348 	EXP 	text: height = np.float64(0.05)
22.1348 	EXP 	text: height = np.float64(0.05)
22.1348 	EXP 	text: text = 'Which one are you going to buy?'
22.1365 	EXP 	eyetracker.setRecordingState(False)
22.1530 	EXP 	text: height = np.float64(0.05)
22.1530 	EXP 	text: height = np.float64(0.05)
22.1530 	EXP 	text: height = np.float64(0.05)
22.1530 	EXP 	text: text = 'Which one are you going to buy?'
22.1547 	EXP 	eyetracker.setRecordingState(False)
22.1735 	EXP 	text: height = np.float64(0.05)
22.1735 	EXP 	text: height = np.float64(0.05)
22.1735 	EXP 	text: height = np.float64(0.05)
22.1735 	EXP 	text: text = 'Which one are you going to buy?'
22.1752 	EXP 	eyetracker.setRecordingState(False)
22.1906 	EXP 	text: height = np.float64(0.05)
22.1906 	EXP 	text: height = np.float64(0.05)
22.1906 	EXP 	text: height = np.float64(0.05)
22.1906 	EXP 	text: text = 'Which one are you going to buy?'
22.1919 	EXP 	eyetracker.setRecordingState(False)
22.2068 	EXP 	text: height = np.float64(0.05)
22.2068 	EXP 	text: height = np.float64(0.05)
22.2068 	EXP 	text: height = np.float64(0.05)
22.2068 	EXP 	text: text = 'Which one are you going to buy?'
22.2093 	EXP 	eyetracker.setRecordingState(False)
22.2276 	EXP 	text: height = np.float64(0.05)
22.2276 	EXP 	text: height = np.float64(0.05)
22.2276 	EXP 	text: height = np.float64(0.05)
22.2276 	EXP 	text: text = 'Which one are you going to buy?'
22.2292 	EXP 	eyetracker.setRecordingState(False)
22.2437 	EXP 	text: height = np.float64(0.05)
22.2437 	EXP 	text: height = np.float64(0.05)
22.2437 	EXP 	text: height = np.float64(0.05)
22.2437 	EXP 	text: text = 'Which one are you going to buy?'
22.2451 	EXP 	eyetracker.setRecordingState(False)
22.2584 	EXP 	text: height = np.float64(0.05)
22.2584 	EXP 	text: height = np.float64(0.05)
22.2584 	EXP 	text: height = np.float64(0.05)
22.2584 	EXP 	text: text = 'Which one are you going to buy?'
22.2603 	EXP 	eyetracker.setRecordingState(False)
22.2763 	EXP 	text: height = np.float64(0.05)
22.2763 	EXP 	text: height = np.float64(0.05)
22.2763 	EXP 	text: height = np.float64(0.05)
22.2763 	EXP 	text: text = 'Which one are you going to buy?'
22.2781 	EXP 	eyetracker.setRecordingState(False)
22.2954 	EXP 	text: height = np.float64(0.05)
22.2954 	EXP 	text: height = np.float64(0.05)
22.2954 	EXP 	text: height = np.float64(0.05)
22.2954 	EXP 	text: text = 'Which one are you going to buy?'
22.2974 	EXP 	eyetracker.setRecordingState(False)
22.3140 	EXP 	text: height = np.float64(0.05)
22.3140 	EXP 	text: height = np.float64(0.05)
22.3140 	EXP 	text: height = np.float64(0.05)
22.3140 	EXP 	text: text = 'Which one are you going to buy?'
22.3161 	EXP 	eyetracker.setRecordingState(False)
22.3369 	EXP 	text: height = np.float64(0.05)
22.3369 	EXP 	text: height = np.float64(0.05)
22.3369 	EXP 	text: height = np.float64(0.05)
22.3369 	EXP 	text: text = 'Which one are you going to buy?'
22.3387 	EXP 	eyetracker.setRecordingState(False)
22.3566 	EXP 	text: height = np.float64(0.05)
22.3566 	EXP 	text: height = np.float64(0.05)
22.3566 	EXP 	text: height = np.float64(0.05)
22.3566 	EXP 	text: text = 'Which one are you going to buy?'
22.3586 	EXP 	eyetracker.setRecordingState(False)
22.3778 	EXP 	text: height = np.float64(0.05)
22.3778 	EXP 	text: height = np.float64(0.05)
22.3778 	EXP 	text: height = np.float64(0.05)
22.3778 	EXP 	text: text = 'Which one are you going to buy?'
22.3798 	EXP 	eyetracker.setRecordingState(False)
22.3987 	EXP 	text: height = np.float64(0.05)
22.3987 	EXP 	text: height = np.float64(0.05)
22.3987 	EXP 	text: height = np.float64(0.05)
22.3987 	EXP 	text: text = 'Which one are you going to buy?'
22.4006 	EXP 	eyetracker.setRecordingState(False)
22.4180 	EXP 	text: height = np.float64(0.05)
22.4180 	EXP 	text: height = np.float64(0.05)
22.4180 	EXP 	text: height = np.float64(0.05)
22.4180 	EXP 	text: text = 'Which one are you going to buy?'
22.4198 	EXP 	eyetracker.setRecordingState(False)
22.4359 	EXP 	text: height = np.float64(0.05)
22.4359 	EXP 	text: height = np.float64(0.05)
22.4359 	EXP 	text: height = np.float64(0.05)
22.4359 	EXP 	text: text = 'Which one are you going to buy?'
22.4375 	EXP 	eyetracker.setRecordingState(False)
22.4532 	EXP 	text: height = np.float64(0.05)
22.4532 	EXP 	text: height = np.float64(0.05)
22.4532 	EXP 	text: height = np.float64(0.05)
22.4532 	EXP 	text: text = 'Which one are you going to buy?'
22.4548 	EXP 	eyetracker.setRecordingState(False)
22.4693 	EXP 	text: height = np.float64(0.05)
22.4693 	EXP 	text: height = np.float64(0.05)
22.4693 	EXP 	text: height = np.float64(0.05)
22.4693 	EXP 	text: text = 'Which one are you going to buy?'
22.4707 	EXP 	eyetracker.setRecordingState(False)
22.4831 	EXP 	text: height = np.float64(0.05)
22.4831 	EXP 	text: height = np.float64(0.05)
22.4831 	EXP 	text: height = np.float64(0.05)
22.4831 	EXP 	text: text = 'Which one are you going to buy?'
22.4843 	EXP 	eyetracker.setRecordingState(False)
22.4945 	EXP 	text: height = np.float64(0.05)
22.4945 	EXP 	text: height = np.float64(0.05)
22.4945 	EXP 	text: height = np.float64(0.05)
22.4945 	EXP 	text: text = 'Which one are you going to buy?'
22.4953 	EXP 	eyetracker.setRecordingState(False)
22.5047 	EXP 	text: height = np.float64(0.05)
22.5047 	EXP 	text: height = np.float64(0.05)
22.5047 	EXP 	text: height = np.float64(0.05)
22.5047 	EXP 	text: text = 'Which one are you going to buy?'
22.5057 	EXP 	eyetracker.setRecordingState(False)
22.5150 	EXP 	text: height = np.float64(0.05)
22.5150 	EXP 	text: height = np.float64(0.05)
22.5150 	EXP 	text: height = np.float64(0.05)
22.5150 	EXP 	text: text = 'Which one are you going to buy?'
22.5159 	EXP 	eyetracker.setRecordingState(False)
22.5250 	EXP 	text: height = np.float64(0.05)
22.5250 	EXP 	text: height = np.float64(0.05)
22.5250 	EXP 	text: height = np.float64(0.05)
22.5250 	EXP 	text: text = 'Which one are you going to buy?'
22.5257 	EXP 	eyetracker.setRecordingState(False)
22.5345 	EXP 	text: height = np.float64(0.05)
22.5345 	EXP 	text: height = np.float64(0.05)
22.5345 	EXP 	text: height = np.float64(0.05)
22.5345 	EXP 	text: text = 'Which one are you going to buy?'
22.5352 	EXP 	eyetracker.setRecordingState(False)
22.5447 	EXP 	text: height = np.float64(0.05)
22.5447 	EXP 	text: height = np.float64(0.05)
22.5447 	EXP 	text: height = np.float64(0.05)
22.5447 	EXP 	text: text = 'Which one are you going to buy?'
22.5462 	EXP 	eyetracker.setRecordingState(False)
22.5608 	EXP 	text: height = np.float64(0.05)
22.5608 	EXP 	text: height = np.float64(0.05)
22.5608 	EXP 	text: height = np.float64(0.05)
22.5608 	EXP 	text: text = 'Which one are you going to buy?'
22.5629 	EXP 	eyetracker.setRecordingState(False)
22.5800 	EXP 	text: height = np.float64(0.05)
22.5800 	EXP 	text: height = np.float64(0.05)
22.5800 	EXP 	text: height = np.float64(0.05)
22.5800 	EXP 	text: text = 'Which one are you going to buy?'
22.5818 	EXP 	eyetracker.setRecordingState(False)
22.5973 	EXP 	text: height = np.float64(0.05)
22.5973 	EXP 	text: height = np.float64(0.05)
22.5973 	EXP 	text: height = np.float64(0.05)
22.5973 	EXP 	text: text = 'Which one are you going to buy?'
22.5989 	EXP 	eyetracker.setRecordingState(False)
22.6183 	EXP 	text: height = np.float64(0.05)
22.6183 	EXP 	text: height = np.float64(0.05)
22.6183 	EXP 	text: height = np.float64(0.05)
22.6183 	EXP 	text: text = 'Which one are you going to buy?'
22.6198 	EXP 	eyetracker.setRecordingState(False)
22.6359 	EXP 	text: height = np.float64(0.05)
22.6359 	EXP 	text: height = np.float64(0.05)
22.6359 	EXP 	text: height = np.float64(0.05)
22.6359 	EXP 	text: text = 'Which one are you going to buy?'
22.6378 	EXP 	eyetracker.setRecordingState(False)
22.6533 	EXP 	text: height = np.float64(0.05)
22.6533 	EXP 	text: height = np.float64(0.05)
22.6533 	EXP 	text: height = np.float64(0.05)
22.6533 	EXP 	text: text = 'Which one are you going to buy?'
22.6549 	EXP 	eyetracker.setRecordingState(False)
22.6706 	EXP 	text: height = np.float64(0.05)
22.6706 	EXP 	text: height = np.float64(0.05)
22.6706 	EXP 	text: height = np.float64(0.05)
22.6706 	EXP 	text: text = 'Which one are you going to buy?'
22.6723 	EXP 	eyetracker.setRecordingState(False)
22.6872 	EXP 	text: height = np.float64(0.05)
22.6872 	EXP 	text: height = np.float64(0.05)
22.6872 	EXP 	text: height = np.float64(0.05)
22.6872 	EXP 	text: text = 'Which one are you going to buy?'
22.6886 	EXP 	eyetracker.setRecordingState(False)
22.7036 	EXP 	text: height = np.float64(0.05)
22.7036 	EXP 	text: height = np.float64(0.05)
22.7036 	EXP 	text: height = np.float64(0.05)
22.7036 	EXP 	text: text = 'Which one are you going to buy?'
22.7052 	EXP 	eyetracker.setRecordingState(False)
22.7220 	EXP 	text: height = np.float64(0.05)
22.7220 	EXP 	text: height = np.float64(0.05)
22.7220 	EXP 	text: height = np.float64(0.05)
22.7220 	EXP 	text: text = 'Which one are you going to buy?'
22.7236 	EXP 	eyetracker.setRecordingState(False)
22.7382 	EXP 	text: height = np.float64(0.05)
22.7382 	EXP 	text: height = np.float64(0.05)
22.7382 	EXP 	text: height = np.float64(0.05)
22.7382 	EXP 	text: text = 'Which one are you going to buy?'
22.7396 	EXP 	eyetracker.setRecordingState(False)
22.7558 	EXP 	text: height = np.float64(0.05)
22.7558 	EXP 	text: height = np.float64(0.05)
22.7558 	EXP 	text: height = np.float64(0.05)
22.7558 	EXP 	text: text = 'Which one are you going to buy?'
22.7575 	EXP 	eyetracker.setRecordingState(False)
22.7720 	EXP 	text: height = np.float64(0.05)
22.7720 	EXP 	text: height = np.float64(0.05)
22.7720 	EXP 	text: height = np.float64(0.05)
22.7720 	EXP 	text: text = 'Which one are you going to buy?'
22.7734 	EXP 	eyetracker.setRecordingState(False)
22.7873 	EXP 	text: height = np.float64(0.05)
22.7873 	EXP 	text: height = np.float64(0.05)
22.7873 	EXP 	text: height = np.float64(0.05)
22.7873 	EXP 	text: text = 'Which one are you going to buy?'
22.7886 	EXP 	eyetracker.setRecordingState(False)
22.8026 	EXP 	text: height = np.float64(0.05)
22.8026 	EXP 	text: height = np.float64(0.05)
22.8026 	EXP 	text: height = np.float64(0.05)
22.8026 	EXP 	text: text = 'Which one are you going to buy?'
22.8041 	EXP 	eyetracker.setRecordingState(False)
22.8177 	EXP 	text: height = np.float64(0.05)
22.8177 	EXP 	text: height = np.float64(0.05)
22.8177 	EXP 	text: height = np.float64(0.05)
22.8177 	EXP 	text: text = 'Which one are you going to buy?'
22.8188 	EXP 	eyetracker.setRecordingState(False)
22.8328 	EXP 	text: height = np.float64(0.05)
22.8328 	EXP 	text: height = np.float64(0.05)
22.8328 	EXP 	text: height = np.float64(0.05)
22.8328 	EXP 	text: text = 'Which one are you going to buy?'
22.8344 	EXP 	eyetracker.setRecordingState(False)
22.8502 	EXP 	text: height = np.float64(0.05)
22.8502 	EXP 	text: height = np.float64(0.05)
22.8502 	EXP 	text: height = np.float64(0.05)
22.8502 	EXP 	text: text = 'Which one are you going to buy?'
22.8516 	EXP 	eyetracker.setRecordingState(False)
22.8634 	EXP 	text: height = np.float64(0.05)
22.8634 	EXP 	text: height = np.float64(0.05)
22.8634 	EXP 	text: height = np.float64(0.05)
22.8634 	EXP 	text: text = 'Which one are you going to buy?'
22.8644 	EXP 	eyetracker.setRecordingState(False)
22.8752 	EXP 	text: height = np.float64(0.05)
22.8752 	EXP 	text: height = np.float64(0.05)
22.8752 	EXP 	text: height = np.float64(0.05)
22.8752 	EXP 	text: text = 'Which one are you going to buy?'
22.8762 	EXP 	eyetracker.setRecordingState(False)
22.8857 	EXP 	text: height = np.float64(0.05)
22.8857 	EXP 	text: height = np.float64(0.05)
22.8857 	EXP 	text: height = np.float64(0.05)
22.8857 	EXP 	text: text = 'Which one are you going to buy?'
22.8865 	EXP 	eyetracker.setRecordingState(False)
22.8952 	EXP 	text: height = np.float64(0.05)
22.8952 	EXP 	text: height = np.float64(0.05)
22.8952 	EXP 	text: height = np.float64(0.05)
22.8952 	EXP 	text: text = 'Which one are you going to buy?'
22.8961 	EXP 	eyetracker.setRecordingState(False)
22.9054 	EXP 	text: height = np.float64(0.05)
22.9054 	EXP 	text: height = np.float64(0.05)
22.9054 	EXP 	text: height = np.float64(0.05)
22.9054 	EXP 	text: text = 'Which one are you going to buy?'
22.9062 	EXP 	eyetracker.setRecordingState(False)
22.9155 	EXP 	text: height = np.float64(0.05)
22.9155 	EXP 	text: height = np.float64(0.05)
22.9155 	EXP 	text: height = np.float64(0.05)
22.9155 	EXP 	text: text = 'Which one are you going to buy?'
22.9166 	EXP 	eyetracker.setRecordingState(False)
22.9296 	EXP 	text: height = np.float64(0.05)
22.9296 	EXP 	text: height = np.float64(0.05)
22.9296 	EXP 	text: height = np.float64(0.05)
22.9296 	EXP 	text: text = 'Which one are you going to buy?'
22.9315 	EXP 	eyetracker.setRecordingState(False)
22.9488 	EXP 	text: height = np.float64(0.05)
22.9488 	EXP 	text: height = np.float64(0.05)
22.9488 	EXP 	text: height = np.float64(0.05)
22.9488 	EXP 	text: text = 'Which one are you going to buy?'
22.9505 	EXP 	eyetracker.setRecordingState(False)
22.9660 	EXP 	text: height = np.float64(0.05)
22.9660 	EXP 	text: height = np.float64(0.05)
22.9660 	EXP 	text: height = np.float64(0.05)
22.9660 	EXP 	text: text = 'Which one are you going to buy?'
22.9680 	EXP 	eyetracker.setRecordingState(False)
22.9851 	EXP 	text: height = np.float64(0.05)
22.9851 	EXP 	text: height = np.float64(0.05)
22.9851 	EXP 	text: height = np.float64(0.05)
22.9851 	EXP 	text: text = 'Which one are you going to buy?'
22.9870 	EXP 	eyetracker.setRecordingState(False)
23.0057 	EXP 	text: height = np.float64(0.05)
23.0057 	EXP 	text: height = np.float64(0.05)
23.0057 	EXP 	text: height = np.float64(0.05)
23.0057 	EXP 	text: text = 'Which one are you going to buy?'
23.0074 	EXP 	eyetracker.setRecordingState(False)
23.0239 	EXP 	text: height = np.float64(0.05)
23.0239 	EXP 	text: height = np.float64(0.05)
23.0239 	EXP 	text: height = np.float64(0.05)
23.0239 	EXP 	text: text = 'Which one are you going to buy?'
23.0252 	EXP 	eyetracker.setRecordingState(False)
23.0421 	EXP 	text: height = np.float64(0.05)
23.0421 	EXP 	text: height = np.float64(0.05)
23.0421 	EXP 	text: height = np.float64(0.05)
23.0421 	EXP 	text: text = 'Which one are you going to buy?'
23.0440 	EXP 	eyetracker.setRecordingState(False)
23.0637 	EXP 	text: height = np.float64(0.05)
23.0637 	EXP 	text: height = np.float64(0.05)
23.0637 	EXP 	text: height = np.float64(0.05)
23.0637 	EXP 	text: text = 'Which one are you going to buy?'
23.0653 	EXP 	eyetracker.setRecordingState(False)
23.0819 	EXP 	text: height = np.float64(0.05)
23.0819 	EXP 	text: height = np.float64(0.05)
23.0819 	EXP 	text: height = np.float64(0.05)
23.0819 	EXP 	text: text = 'Which one are you going to buy?'
23.0835 	EXP 	eyetracker.setRecordingState(False)
23.1020 	EXP 	text: height = np.float64(0.05)
23.1020 	EXP 	text: height = np.float64(0.05)
23.1020 	EXP 	text: height = np.float64(0.05)
23.1020 	EXP 	text: text = 'Which one are you going to buy?'
23.1037 	EXP 	eyetracker.setRecordingState(False)
23.1190 	EXP 	text: height = np.float64(0.05)
23.1190 	EXP 	text: height = np.float64(0.05)
23.1190 	EXP 	text: height = np.float64(0.05)
23.1190 	EXP 	text: text = 'Which one are you going to buy?'
23.1205 	EXP 	eyetracker.setRecordingState(False)
23.1358 	EXP 	text: height = np.float64(0.05)
23.1358 	EXP 	text: height = np.float64(0.05)
23.1358 	EXP 	text: height = np.float64(0.05)
23.1358 	EXP 	text: text = 'Which one are you going to buy?'
23.1377 	EXP 	eyetracker.setRecordingState(False)
23.1540 	EXP 	text: height = np.float64(0.05)
23.1540 	EXP 	text: height = np.float64(0.05)
23.1540 	EXP 	text: height = np.float64(0.05)
23.1540 	EXP 	text: text = 'Which one are you going to buy?'
23.1556 	EXP 	eyetracker.setRecordingState(False)
23.1702 	EXP 	text: height = np.float64(0.05)
23.1702 	EXP 	text: height = np.float64(0.05)
23.1702 	EXP 	text: height = np.float64(0.05)
23.1702 	EXP 	text: text = 'Which one are you going to buy?'
23.1717 	EXP 	eyetracker.setRecordingState(False)
23.1882 	EXP 	text: height = np.float64(0.05)
23.1882 	EXP 	text: height = np.float64(0.05)
23.1882 	EXP 	text: height = np.float64(0.05)
23.1882 	EXP 	text: text = 'Which one are you going to buy?'
23.1901 	EXP 	eyetracker.setRecordingState(False)
23.2053 	EXP 	text: height = np.float64(0.05)
23.2053 	EXP 	text: height = np.float64(0.05)
23.2053 	EXP 	text: height = np.float64(0.05)
23.2053 	EXP 	text: text = 'Which one are you going to buy?'
23.2070 	EXP 	eyetracker.setRecordingState(False)
23.2235 	EXP 	text: height = np.float64(0.05)
23.2235 	EXP 	text: height = np.float64(0.05)
23.2235 	EXP 	text: height = np.float64(0.05)
23.2235 	EXP 	text: text = 'Which one are you going to buy?'
23.2249 	EXP 	eyetracker.setRecordingState(False)
23.2429 	EXP 	text: height = np.float64(0.05)
23.2429 	EXP 	text: height = np.float64(0.05)
23.2429 	EXP 	text: height = np.float64(0.05)
23.2429 	EXP 	text: text = 'Which one are you going to buy?'
23.2448 	EXP 	eyetracker.setRecordingState(False)
23.2642 	EXP 	text: height = np.float64(0.05)
23.2642 	EXP 	text: height = np.float64(0.05)
23.2642 	EXP 	text: height = np.float64(0.05)
23.2642 	EXP 	text: text = 'Which one are you going to buy?'
23.2658 	EXP 	eyetracker.setRecordingState(False)
23.2795 	EXP 	text: height = np.float64(0.05)
23.2795 	EXP 	text: height = np.float64(0.05)
23.2795 	EXP 	text: height = np.float64(0.05)
23.2795 	EXP 	text: text = 'Which one are you going to buy?'
23.2807 	EXP 	eyetracker.setRecordingState(False)
23.2913 	EXP 	text: height = np.float64(0.05)
23.2913 	EXP 	text: height = np.float64(0.05)
23.2913 	EXP 	text: height = np.float64(0.05)
23.2913 	EXP 	text: text = 'Which one are you going to buy?'
23.2921 	EXP 	eyetracker.setRecordingState(False)
23.3031 	EXP 	text: height = np.float64(0.05)
23.3031 	EXP 	text: height = np.float64(0.05)
23.3031 	EXP 	text: height = np.float64(0.05)
23.3031 	EXP 	text: text = 'Which one are you going to buy?'
23.3047 	EXP 	eyetracker.setRecordingState(False)
23.3209 	EXP 	text: height = np.float64(0.05)
23.3209 	EXP 	text: height = np.float64(0.05)
23.3209 	EXP 	text: height = np.float64(0.05)
23.3209 	EXP 	text: text = 'Which one are you going to buy?'
23.3223 	EXP 	eyetracker.setRecordingState(False)
23.3381 	EXP 	text: height = np.float64(0.05)
23.3381 	EXP 	text: height = np.float64(0.05)
23.3381 	EXP 	text: height = np.float64(0.05)
23.3381 	EXP 	text: text = 'Which one are you going to buy?'
23.3402 	EXP 	eyetracker.setRecordingState(False)
23.3583 	EXP 	text: height = np.float64(0.05)
23.3583 	EXP 	text: height = np.float64(0.05)
23.3583 	EXP 	text: height = np.float64(0.05)
23.3583 	EXP 	text: text = 'Which one are you going to buy?'
23.3601 	EXP 	eyetracker.setRecordingState(False)
23.3802 	EXP 	text: height = np.float64(0.05)
23.3802 	EXP 	text: height = np.float64(0.05)
23.3802 	EXP 	text: height = np.float64(0.05)
23.3802 	EXP 	text: text = 'Which one are you going to buy?'
23.3821 	EXP 	eyetracker.setRecordingState(False)
23.4016 	EXP 	text: height = np.float64(0.05)
23.4016 	EXP 	text: height = np.float64(0.05)
23.4016 	EXP 	text: height = np.float64(0.05)
23.4016 	EXP 	text: text = 'Which one are you going to buy?'
23.4033 	EXP 	eyetracker.setRecordingState(False)
23.4186 	EXP 	text: height = np.float64(0.05)
23.4186 	EXP 	text: height = np.float64(0.05)
23.4186 	EXP 	text: height = np.float64(0.05)
23.4186 	EXP 	text: text = 'Which one are you going to buy?'
23.4199 	EXP 	eyetracker.setRecordingState(False)
23.4351 	EXP 	text: height = np.float64(0.05)
23.4351 	EXP 	text: height = np.float64(0.05)
23.4351 	EXP 	text: height = np.float64(0.05)
23.4351 	EXP 	text: text = 'Which one are you going to buy?'
23.4371 	EXP 	eyetracker.setRecordingState(False)
23.4568 	EXP 	text: height = np.float64(0.05)
23.4568 	EXP 	text: height = np.float64(0.05)
23.4568 	EXP 	text: height = np.float64(0.05)
23.4568 	EXP 	text: text = 'Which one are you going to buy?'
23.4587 	EXP 	eyetracker.setRecordingState(False)
23.4764 	EXP 	text: height = np.float64(0.05)
23.4764 	EXP 	text: height = np.float64(0.05)
23.4764 	EXP 	text: height = np.float64(0.05)
23.4764 	EXP 	text: text = 'Which one are you going to buy?'
23.4782 	EXP 	eyetracker.setRecordingState(False)
23.4949 	EXP 	text: height = np.float64(0.05)
23.4949 	EXP 	text: height = np.float64(0.05)
23.4949 	EXP 	text: height = np.float64(0.05)
23.4949 	EXP 	text: text = 'Which one are you going to buy?'
23.4967 	EXP 	eyetracker.setRecordingState(False)
23.5147 	EXP 	text: height = np.float64(0.05)
23.5147 	EXP 	text: height = np.float64(0.05)
23.5147 	EXP 	text: height = np.float64(0.05)
23.5147 	EXP 	text: text = 'Which one are you going to buy?'
23.5166 	EXP 	eyetracker.setRecordingState(False)
23.5303 	EXP 	text: height = np.float64(0.05)
23.5303 	EXP 	text: height = np.float64(0.05)
23.5303 	EXP 	text: height = np.float64(0.05)
23.5303 	EXP 	text: text = 'Which one are you going to buy?'
23.5320 	EXP 	eyetracker.setRecordingState(False)
23.5466 	EXP 	text: height = np.float64(0.05)
23.5466 	EXP 	text: height = np.float64(0.05)
23.5466 	EXP 	text: height = np.float64(0.05)
23.5466 	EXP 	text: text = 'Which one are you going to buy?'
23.5481 	EXP 	eyetracker.setRecordingState(False)
23.5590 	EXP 	text: height = np.float64(0.05)
23.5590 	EXP 	text: height = np.float64(0.05)
23.5590 	EXP 	text: height = np.float64(0.05)
23.5590 	EXP 	text: text = 'Which one are you going to buy?'
23.5598 	EXP 	eyetracker.setRecordingState(False)
23.5706 	EXP 	text: height = np.float64(0.05)
23.5706 	EXP 	text: height = np.float64(0.05)
23.5706 	EXP 	text: height = np.float64(0.05)
23.5706 	EXP 	text: text = 'Which one are you going to buy?'
23.5720 	EXP 	eyetracker.setRecordingState(False)
23.5838 	EXP 	text: height = np.float64(0.05)
23.5838 	EXP 	text: height = np.float64(0.05)
23.5838 	EXP 	text: height = np.float64(0.05)
23.5838 	EXP 	text: text = 'Which one are you going to buy?'
23.5850 	EXP 	eyetracker.setRecordingState(False)
23.5948 	EXP 	text: height = np.float64(0.05)
23.5948 	EXP 	text: height = np.float64(0.05)
23.5948 	EXP 	text: height = np.float64(0.05)
23.5948 	EXP 	text: text = 'Which one are you going to buy?'
23.5956 	EXP 	eyetracker.setRecordingState(False)
23.6054 	EXP 	text: height = np.float64(0.05)
23.6054 	EXP 	text: height = np.float64(0.05)
23.6054 	EXP 	text: height = np.float64(0.05)
23.6054 	EXP 	text: text = 'Which one are you going to buy?'
23.6068 	EXP 	eyetracker.setRecordingState(False)
23.6195 	EXP 	text: height = np.float64(0.05)
23.6195 	EXP 	text: height = np.float64(0.05)
23.6195 	EXP 	text: height = np.float64(0.05)
23.6195 	EXP 	text: text = 'Which one are you going to buy?'
23.6205 	EXP 	eyetracker.setRecordingState(False)
23.6301 	EXP 	text: height = np.float64(0.05)
23.6301 	EXP 	text: height = np.float64(0.05)
23.6301 	EXP 	text: height = np.float64(0.05)
23.6301 	EXP 	text: text = 'Which one are you going to buy?'
23.6314 	EXP 	eyetracker.setRecordingState(False)
23.6432 	EXP 	text: height = np.float64(0.05)
23.6432 	EXP 	text: height = np.float64(0.05)
23.6432 	EXP 	text: height = np.float64(0.05)
23.6432 	EXP 	text: text = 'Which one are you going to buy?'
23.6448 	EXP 	eyetracker.setRecordingState(False)
23.6603 	EXP 	text: height = np.float64(0.05)
23.6603 	EXP 	text: height = np.float64(0.05)
23.6603 	EXP 	text: height = np.float64(0.05)
23.6603 	EXP 	text: text = 'Which one are you going to buy?'
23.6623 	EXP 	eyetracker.setRecordingState(False)
23.6780 	EXP 	text: height = np.float64(0.05)
23.6780 	EXP 	text: height = np.float64(0.05)
23.6780 	EXP 	text: height = np.float64(0.05)
23.6780 	EXP 	text: text = 'Which one are you going to buy?'
23.6794 	EXP 	eyetracker.setRecordingState(False)
23.6944 	EXP 	text: height = np.float64(0.05)
23.6944 	EXP 	text: height = np.float64(0.05)
23.6944 	EXP 	text: height = np.float64(0.05)
23.6944 	EXP 	text: text = 'Which one are you going to buy?'
23.6962 	EXP 	eyetracker.setRecordingState(False)
23.7109 	EXP 	text: height = np.float64(0.05)
23.7109 	EXP 	text: height = np.float64(0.05)
23.7109 	EXP 	text: height = np.float64(0.05)
23.7109 	EXP 	text: text = 'Which one are you going to buy?'
23.7127 	EXP 	eyetracker.setRecordingState(False)
23.7268 	EXP 	text: height = np.float64(0.05)
23.7268 	EXP 	text: height = np.float64(0.05)
23.7268 	EXP 	text: height = np.float64(0.05)
23.7268 	EXP 	text: text = 'Which one are you going to buy?'
23.7283 	EXP 	eyetracker.setRecordingState(False)
23.7433 	EXP 	text: height = np.float64(0.05)
23.7433 	EXP 	text: height = np.float64(0.05)
23.7433 	EXP 	text: height = np.float64(0.05)
23.7433 	EXP 	text: text = 'Which one are you going to buy?'
23.7447 	EXP 	eyetracker.setRecordingState(False)
23.7568 	EXP 	text: height = np.float64(0.05)
23.7568 	EXP 	text: height = np.float64(0.05)
23.7568 	EXP 	text: height = np.float64(0.05)
23.7568 	EXP 	text: text = 'Which one are you going to buy?'
23.7578 	EXP 	eyetracker.setRecordingState(False)
23.7695 	EXP 	text: height = np.float64(0.05)
23.7695 	EXP 	text: height = np.float64(0.05)
23.7695 	EXP 	text: height = np.float64(0.05)
23.7695 	EXP 	text: text = 'Which one are you going to buy?'
23.7711 	EXP 	eyetracker.setRecordingState(False)
23.7856 	EXP 	text: height = np.float64(0.05)
23.7856 	EXP 	text: height = np.float64(0.05)
23.7856 	EXP 	text: height = np.float64(0.05)
23.7856 	EXP 	text: text = 'Which one are you going to buy?'
23.7874 	EXP 	eyetracker.setRecordingState(False)
23.8024 	EXP 	text: height = np.float64(0.05)
23.8024 	EXP 	text: height = np.float64(0.05)
23.8024 	EXP 	text: height = np.float64(0.05)
23.8024 	EXP 	text: text = 'Which one are you going to buy?'
23.8038 	EXP 	eyetracker.setRecordingState(False)
23.8149 	EXP 	text: height = np.float64(0.05)
23.8149 	EXP 	text: height = np.float64(0.05)
23.8149 	EXP 	text: height = np.float64(0.05)
23.8149 	EXP 	text: text = 'Which one are you going to buy?'
23.8158 	EXP 	eyetracker.setRecordingState(False)
23.8266 	EXP 	text: height = np.float64(0.05)
23.8266 	EXP 	text: height = np.float64(0.05)
23.8266 	EXP 	text: height = np.float64(0.05)
23.8266 	EXP 	text: text = 'Which one are you going to buy?'
23.8277 	EXP 	eyetracker.setRecordingState(False)
23.8389 	EXP 	text: height = np.float64(0.05)
23.8389 	EXP 	text: height = np.float64(0.05)
23.8389 	EXP 	text: height = np.float64(0.05)
23.8389 	EXP 	text: text = 'Which one are you going to buy?'
23.8399 	EXP 	eyetracker.setRecordingState(False)
23.8492 	EXP 	text: height = np.float64(0.05)
23.8492 	EXP 	text: height = np.float64(0.05)
23.8492 	EXP 	text: height = np.float64(0.05)
23.8492 	EXP 	text: text = 'Which one are you going to buy?'
23.8500 	EXP 	eyetracker.setRecordingState(False)
23.8588 	EXP 	text: height = np.float64(0.05)
23.8588 	EXP 	text: height = np.float64(0.05)
23.8588 	EXP 	text: height = np.float64(0.05)
23.8588 	EXP 	text: text = 'Which one are you going to buy?'
23.8595 	EXP 	eyetracker.setRecordingState(False)
23.8677 	EXP 	text: height = np.float64(0.05)
23.8677 	EXP 	text: height = np.float64(0.05)
23.8677 	EXP 	text: height = np.float64(0.05)
23.8677 	EXP 	text: text = 'Which one are you going to buy?'
23.8688 	EXP 	eyetracker.setRecordingState(False)
23.8786 	EXP 	text: height = np.float64(0.05)
23.8786 	EXP 	text: height = np.float64(0.05)
23.8786 	EXP 	text: height = np.float64(0.05)
23.8786 	EXP 	text: text = 'Which one are you going to buy?'
23.8802 	EXP 	eyetracker.setRecordingState(False)
23.8942 	EXP 	text: height = np.float64(0.05)
23.8942 	EXP 	text: height = np.float64(0.05)
23.8942 	EXP 	text: height = np.float64(0.05)
23.8942 	EXP 	text: text = 'Which one are you going to buy?'
23.8960 	EXP 	eyetracker.setRecordingState(False)
23.9112 	EXP 	text: height = np.float64(0.05)
23.9112 	EXP 	text: height = np.float64(0.05)
23.9112 	EXP 	text: height = np.float64(0.05)
23.9112 	EXP 	text: text = 'Which one are you going to buy?'
23.9125 	EXP 	eyetracker.setRecordingState(False)
23.9264 	EXP 	text: height = np.float64(0.05)
23.9264 	EXP 	text: height = np.float64(0.05)
23.9264 	EXP 	text: height = np.float64(0.05)
23.9264 	EXP 	text: text = 'Which one are you going to buy?'
23.9281 	EXP 	eyetracker.setRecordingState(False)
23.9448 	EXP 	text: height = np.float64(0.05)
23.9448 	EXP 	text: height = np.float64(0.05)
23.9448 	EXP 	text: height = np.float64(0.05)
23.9448 	EXP 	text: text = 'Which one are you going to buy?'
23.9470 	EXP 	eyetracker.setRecordingState(False)
23.9620 	EXP 	text: height = np.float64(0.05)
23.9620 	EXP 	text: height = np.float64(0.05)
23.9620 	EXP 	text: height = np.float64(0.05)
23.9620 	EXP 	text: text = 'Which one are you going to buy?'
23.9637 	EXP 	eyetracker.setRecordingState(False)
23.9768 	EXP 	text: height = np.float64(0.05)
23.9768 	EXP 	text: height = np.float64(0.05)
23.9768 	EXP 	text: height = np.float64(0.05)
23.9768 	EXP 	text: text = 'Which one are you going to buy?'
23.9780 	EXP 	eyetracker.setRecordingState(False)
23.9928 	EXP 	text: height = np.float64(0.05)
23.9928 	EXP 	text: height = np.float64(0.05)
23.9928 	EXP 	text: height = np.float64(0.05)
23.9928 	EXP 	text: text = 'Which one are you going to buy?'
23.9946 	EXP 	eyetracker.setRecordingState(False)
24.0107 	EXP 	text: height = np.float64(0.05)
24.0107 	EXP 	text: height = np.float64(0.05)
24.0107 	EXP 	text: height = np.float64(0.05)
24.0107 	EXP 	text: text = 'Which one are you going to buy?'
24.0118 	EXP 	eyetracker.setRecordingState(False)
24.0227 	EXP 	text: height = np.float64(0.05)
24.0227 	EXP 	text: height = np.float64(0.05)
24.0227 	EXP 	text: height = np.float64(0.05)
24.0227 	EXP 	text: text = 'Which one are you going to buy?'
24.0235 	EXP 	eyetracker.setRecordingState(False)
24.0335 	EXP 	text: height = np.float64(0.05)
24.0335 	EXP 	text: height = np.float64(0.05)
24.0335 	EXP 	text: height = np.float64(0.05)
24.0335 	EXP 	text: text = 'Which one are you going to buy?'
24.0343 	EXP 	eyetracker.setRecordingState(False)
24.0429 	EXP 	text: height = np.float64(0.05)
24.0429 	EXP 	text: height = np.float64(0.05)
24.0429 	EXP 	text: height = np.float64(0.05)
24.0429 	EXP 	text: text = 'Which one are you going to buy?'
24.0439 	EXP 	eyetracker.setRecordingState(False)
24.0531 	EXP 	text: height = np.float64(0.05)
24.0531 	EXP 	text: height = np.float64(0.05)
24.0531 	EXP 	text: height = np.float64(0.05)
24.0531 	EXP 	text: text = 'Which one are you going to buy?'
24.0547 	EXP 	eyetracker.setRecordingState(False)
24.0663 	EXP 	text: height = np.float64(0.05)
24.0663 	EXP 	text: height = np.float64(0.05)
24.0663 	EXP 	text: height = np.float64(0.05)
24.0663 	EXP 	text: text = 'Which one are you going to buy?'
24.0670 	EXP 	eyetracker.setRecordingState(False)
24.0781 	EXP 	text: height = np.float64(0.05)
24.0781 	EXP 	text: height = np.float64(0.05)
24.0781 	EXP 	text: height = np.float64(0.05)
24.0781 	EXP 	text: text = 'Which one are you going to buy?'
24.0790 	EXP 	eyetracker.setRecordingState(False)
24.0902 	EXP 	text: height = np.float64(0.05)
24.0902 	EXP 	text: height = np.float64(0.05)
24.0902 	EXP 	text: height = np.float64(0.05)
24.0902 	EXP 	text: text = 'Which one are you going to buy?'
24.0915 	EXP 	eyetracker.setRecordingState(False)
24.1012 	DATA 	Mouse: Left button down, pos=(1293,475)
24.1039 	EXP 	text: height = np.float64(0.05)
24.1039 	EXP 	text: height = np.float64(0.05)
24.1039 	EXP 	text: height = np.float64(0.05)
24.1039 	EXP 	text: text = 'Which one are you going to buy?'
24.1070 	EXP 	eyetracker.setRecordingState(False)
24.1110 	EXP 	eyetracker.setRecordingState(False)
24.1276 	INFO 	Keyboard events cleared
24.1266 	EXP 	text: autoDraw = False
24.1266 	EXP 	ambewela: autoDraw = False
24.1266 	EXP 	kothmale: autoDraw = False
24.1266 	EXP 	happycow: autoDraw = False
24.1266 	EXP 	kraft: autoDraw = False
24.1266 	EXP 	richlife: autoDraw = False
24.1266 	EXP 	text_2: autoDraw = False
24.1266 	EXP 	text_3: autoDraw = False
24.1266 	EXP 	text_4: autoDraw = False
24.1266 	EXP 	text_5: autoDraw = False
24.1266 	EXP 	text_6: autoDraw = False
24.1266 	EXP 	text_7: autoDraw = True
24.1266 	EXP 	highlandYoghurt: autoDraw = True
24.1266 	EXP 	anchoryoghurt: autoDraw = True
24.1266 	EXP 	ambewelayoghurt: autoDraw = True
24.1266 	EXP 	pelawatteyoghurt: autoDraw = True
24.1266 	EXP 	text_8: autoDraw = True
24.1266 	EXP 	text_9: autoDraw = True
24.1266 	EXP 	text_10: autoDraw = True
24.1266 	EXP 	text_11: autoDraw = True
24.1299 	EXP 	eyetracker.setRecordingState(False)
24.1382 	EXP 	eyetracker.setRecordingState(False)
24.1463 	EXP 	eyetracker.setRecordingState(False)
24.1562 	EXP 	eyetracker.setRecordingState(False)
24.1656 	EXP 	eyetracker.setRecordingState(False)
24.1744 	EXP 	eyetracker.setRecordingState(False)
24.1840 	EXP 	eyetracker.setRecordingState(False)
24.1935 	EXP 	eyetracker.setRecordingState(False)
24.2044 	EXP 	eyetracker.setRecordingState(False)
24.2153 	EXP 	eyetracker.setRecordingState(False)
24.2251 	EXP 	eyetracker.setRecordingState(False)
24.2374 	EXP 	eyetracker.setRecordingState(False)
24.2486 	EXP 	eyetracker.setRecordingState(False)
24.2589 	EXP 	eyetracker.setRecordingState(False)
24.2698 	EXP 	eyetracker.setRecordingState(False)
24.2788 	EXP 	eyetracker.setRecordingState(False)
24.2886 	EXP 	eyetracker.setRecordingState(False)
24.2984 	EXP 	eyetracker.setRecordingState(False)
24.3066 	EXP 	eyetracker.setRecordingState(False)
24.3159 	EXP 	eyetracker.setRecordingState(False)
24.3260 	EXP 	eyetracker.setRecordingState(False)
24.3307 	DATA 	Mouse:  Left button up, pos=(1293,475)
24.3361 	EXP 	eyetracker.setRecordingState(False)
24.3464 	EXP 	eyetracker.setRecordingState(False)
24.3551 	EXP 	eyetracker.setRecordingState(False)
24.3640 	EXP 	eyetracker.setRecordingState(False)
24.3726 	EXP 	eyetracker.setRecordingState(False)
24.3806 	EXP 	eyetracker.setRecordingState(False)
24.3910 	EXP 	eyetracker.setRecordingState(False)
24.4002 	EXP 	eyetracker.setRecordingState(False)
24.4083 	EXP 	eyetracker.setRecordingState(False)
24.4176 	EXP 	eyetracker.setRecordingState(False)
24.4267 	EXP 	eyetracker.setRecordingState(False)
24.4366 	EXP 	eyetracker.setRecordingState(False)
24.4466 	EXP 	eyetracker.setRecordingState(False)
24.4582 	EXP 	eyetracker.setRecordingState(False)
24.4678 	EXP 	eyetracker.setRecordingState(False)
24.4775 	EXP 	eyetracker.setRecordingState(False)
24.4884 	EXP 	eyetracker.setRecordingState(False)
24.4970 	EXP 	eyetracker.setRecordingState(False)
24.5042 	EXP 	eyetracker.setRecordingState(False)
24.5111 	EXP 	eyetracker.setRecordingState(False)
24.5181 	EXP 	eyetracker.setRecordingState(False)
24.5253 	EXP 	eyetracker.setRecordingState(False)
24.5322 	EXP 	eyetracker.setRecordingState(False)
24.5390 	EXP 	eyetracker.setRecordingState(False)
24.5456 	EXP 	eyetracker.setRecordingState(False)
24.5523 	EXP 	eyetracker.setRecordingState(False)
24.5590 	EXP 	eyetracker.setRecordingState(False)
24.5665 	EXP 	eyetracker.setRecordingState(False)
24.5743 	EXP 	eyetracker.setRecordingState(False)
24.5826 	EXP 	eyetracker.setRecordingState(False)
24.5933 	EXP 	eyetracker.setRecordingState(False)
24.6025 	EXP 	eyetracker.setRecordingState(False)
24.6114 	EXP 	eyetracker.setRecordingState(False)
24.6216 	EXP 	eyetracker.setRecordingState(False)
24.6304 	EXP 	eyetracker.setRecordingState(False)
24.6385 	EXP 	eyetracker.setRecordingState(False)
24.6485 	EXP 	eyetracker.setRecordingState(False)
24.6570 	EXP 	eyetracker.setRecordingState(False)
24.6643 	EXP 	eyetracker.setRecordingState(False)
24.6719 	EXP 	eyetracker.setRecordingState(False)
24.6805 	EXP 	eyetracker.setRecordingState(False)
24.6910 	EXP 	eyetracker.setRecordingState(False)
24.6999 	EXP 	eyetracker.setRecordingState(False)
24.7084 	EXP 	eyetracker.setRecordingState(False)
24.7167 	EXP 	eyetracker.setRecordingState(False)
24.7248 	EXP 	eyetracker.setRecordingState(False)
24.7359 	EXP 	eyetracker.setRecordingState(False)
24.7475 	EXP 	eyetracker.setRecordingState(False)
24.7581 	EXP 	eyetracker.setRecordingState(False)
24.7688 	EXP 	eyetracker.setRecordingState(False)
24.7800 	EXP 	eyetracker.setRecordingState(False)
24.7889 	EXP 	eyetracker.setRecordingState(False)
24.7972 	EXP 	eyetracker.setRecordingState(False)
24.8053 	EXP 	eyetracker.setRecordingState(False)
24.8166 	EXP 	eyetracker.setRecordingState(False)
24.8260 	EXP 	eyetracker.setRecordingState(False)
24.8337 	EXP 	eyetracker.setRecordingState(False)
24.8438 	EXP 	eyetracker.setRecordingState(False)
24.8517 	EXP 	eyetracker.setRecordingState(False)
24.8604 	EXP 	eyetracker.setRecordingState(False)
24.8680 	EXP 	eyetracker.setRecordingState(False)
24.8765 	EXP 	eyetracker.setRecordingState(False)
24.8870 	EXP 	eyetracker.setRecordingState(False)
24.8966 	EXP 	eyetracker.setRecordingState(False)
24.9085 	EXP 	eyetracker.setRecordingState(False)
24.9182 	EXP 	eyetracker.setRecordingState(False)
24.9269 	EXP 	eyetracker.setRecordingState(False)
24.9371 	EXP 	eyetracker.setRecordingState(False)
24.9459 	EXP 	eyetracker.setRecordingState(False)
24.9558 	EXP 	eyetracker.setRecordingState(False)
24.9647 	EXP 	eyetracker.setRecordingState(False)
24.9722 	EXP 	eyetracker.setRecordingState(False)
24.9808 	EXP 	eyetracker.setRecordingState(False)
24.9888 	EXP 	eyetracker.setRecordingState(False)
24.9991 	EXP 	eyetracker.setRecordingState(False)
25.0084 	EXP 	eyetracker.setRecordingState(False)
25.0191 	EXP 	eyetracker.setRecordingState(False)
25.0279 	EXP 	eyetracker.setRecordingState(False)
25.0366 	EXP 	eyetracker.setRecordingState(False)
25.0451 	EXP 	eyetracker.setRecordingState(False)
25.0560 	EXP 	eyetracker.setRecordingState(False)
25.0651 	EXP 	eyetracker.setRecordingState(False)
25.0776 	EXP 	eyetracker.setRecordingState(False)
25.0869 	EXP 	eyetracker.setRecordingState(False)
25.0964 	EXP 	eyetracker.setRecordingState(False)
25.1057 	EXP 	eyetracker.setRecordingState(False)
25.1144 	EXP 	eyetracker.setRecordingState(False)
25.1251 	EXP 	eyetracker.setRecordingState(False)
25.1355 	EXP 	eyetracker.setRecordingState(False)
25.1440 	EXP 	eyetracker.setRecordingState(False)
25.1524 	EXP 	eyetracker.setRecordingState(False)
25.1602 	EXP 	eyetracker.setRecordingState(False)
25.1680 	EXP 	eyetracker.setRecordingState(False)
25.1754 	EXP 	eyetracker.setRecordingState(False)
25.1838 	EXP 	eyetracker.setRecordingState(False)
25.1912 	EXP 	eyetracker.setRecordingState(False)
25.1995 	EXP 	eyetracker.setRecordingState(False)
25.2076 	EXP 	eyetracker.setRecordingState(False)
25.2159 	EXP 	eyetracker.setRecordingState(False)
25.2245 	EXP 	eyetracker.setRecordingState(False)
25.2362 	EXP 	eyetracker.setRecordingState(False)
25.2474 	EXP 	eyetracker.setRecordingState(False)
25.2568 	EXP 	eyetracker.setRecordingState(False)
25.2643 	EXP 	eyetracker.setRecordingState(False)
25.2713 	EXP 	eyetracker.setRecordingState(False)
25.2791 	EXP 	eyetracker.setRecordingState(False)
25.2876 	EXP 	eyetracker.setRecordingState(False)
25.2972 	EXP 	eyetracker.setRecordingState(False)
25.3055 	EXP 	eyetracker.setRecordingState(False)
25.3144 	EXP 	eyetracker.setRecordingState(False)
25.3238 	EXP 	eyetracker.setRecordingState(False)
25.3341 	EXP 	eyetracker.setRecordingState(False)
25.3437 	EXP 	eyetracker.setRecordingState(False)
25.3544 	EXP 	eyetracker.setRecordingState(False)
25.3656 	EXP 	eyetracker.setRecordingState(False)
25.3778 	EXP 	eyetracker.setRecordingState(False)
25.3862 	EXP 	eyetracker.setRecordingState(False)
25.3956 	EXP 	eyetracker.setRecordingState(False)
25.4050 	EXP 	eyetracker.setRecordingState(False)
25.4153 	EXP 	eyetracker.setRecordingState(False)
25.4237 	EXP 	eyetracker.setRecordingState(False)
25.4343 	EXP 	eyetracker.setRecordingState(False)
25.4437 	EXP 	eyetracker.setRecordingState(False)
25.4535 	EXP 	eyetracker.setRecordingState(False)
25.4616 	EXP 	eyetracker.setRecordingState(False)
25.4701 	EXP 	eyetracker.setRecordingState(False)
25.4822 	EXP 	eyetracker.setRecordingState(False)
25.4914 	EXP 	eyetracker.setRecordingState(False)
25.4999 	EXP 	eyetracker.setRecordingState(False)
25.5073 	EXP 	eyetracker.setRecordingState(False)
25.5158 	EXP 	eyetracker.setRecordingState(False)
25.5248 	EXP 	eyetracker.setRecordingState(False)
25.5361 	EXP 	eyetracker.setRecordingState(False)
25.5452 	EXP 	eyetracker.setRecordingState(False)
25.5550 	EXP 	eyetracker.setRecordingState(False)
25.5651 	EXP 	eyetracker.setRecordingState(False)
25.5754 	EXP 	eyetracker.setRecordingState(False)
25.5872 	EXP 	eyetracker.setRecordingState(False)
25.5969 	EXP 	eyetracker.setRecordingState(False)
25.6070 	EXP 	eyetracker.setRecordingState(False)
25.6170 	EXP 	eyetracker.setRecordingState(False)
25.6276 	EXP 	eyetracker.setRecordingState(False)
25.6370 	EXP 	eyetracker.setRecordingState(False)
25.6474 	EXP 	eyetracker.setRecordingState(False)
25.6583 	EXP 	eyetracker.setRecordingState(False)
25.6691 	EXP 	eyetracker.setRecordingState(False)
25.6775 	EXP 	eyetracker.setRecordingState(False)
25.6913 	EXP 	eyetracker.setRecordingState(False)
25.7009 	EXP 	eyetracker.setRecordingState(False)
25.7093 	EXP 	eyetracker.setRecordingState(False)
25.7198 	EXP 	eyetracker.setRecordingState(False)
25.7284 	EXP 	eyetracker.setRecordingState(False)
25.7367 	EXP 	eyetracker.setRecordingState(False)
25.7455 	EXP 	eyetracker.setRecordingState(False)
25.7543 	EXP 	eyetracker.setRecordingState(False)
25.7637 	EXP 	eyetracker.setRecordingState(False)
25.7716 	EXP 	eyetracker.setRecordingState(False)
25.7812 	EXP 	eyetracker.setRecordingState(False)
25.7906 	EXP 	eyetracker.setRecordingState(False)
25.7992 	EXP 	eyetracker.setRecordingState(False)
25.8097 	EXP 	eyetracker.setRecordingState(False)
25.8178 	EXP 	eyetracker.setRecordingState(False)
25.8266 	EXP 	eyetracker.setRecordingState(False)
25.8341 	EXP 	eyetracker.setRecordingState(False)
25.8431 	EXP 	eyetracker.setRecordingState(False)
25.8506 	EXP 	eyetracker.setRecordingState(False)
25.8588 	EXP 	eyetracker.setRecordingState(False)
25.8658 	EXP 	eyetracker.setRecordingState(False)
25.8739 	EXP 	eyetracker.setRecordingState(False)
25.8817 	EXP 	eyetracker.setRecordingState(False)
25.8901 	EXP 	eyetracker.setRecordingState(False)
25.8999 	EXP 	eyetracker.setRecordingState(False)
25.9087 	EXP 	eyetracker.setRecordingState(False)
25.9180 	EXP 	eyetracker.setRecordingState(False)
25.9280 	EXP 	eyetracker.setRecordingState(False)
25.9382 	EXP 	eyetracker.setRecordingState(False)
25.9505 	EXP 	eyetracker.setRecordingState(False)
25.9593 	EXP 	eyetracker.setRecordingState(False)
25.9694 	EXP 	eyetracker.setRecordingState(False)
25.9772 	EXP 	eyetracker.setRecordingState(False)
25.9871 	EXP 	eyetracker.setRecordingState(False)
25.9968 	EXP 	eyetracker.setRecordingState(False)
26.0053 	EXP 	eyetracker.setRecordingState(False)
26.0148 	EXP 	eyetracker.setRecordingState(False)
26.0234 	EXP 	eyetracker.setRecordingState(False)
26.0336 	EXP 	eyetracker.setRecordingState(False)
26.0418 	EXP 	eyetracker.setRecordingState(False)
26.0499 	EXP 	eyetracker.setRecordingState(False)
26.0589 	EXP 	eyetracker.setRecordingState(False)
26.0696 	EXP 	eyetracker.setRecordingState(False)
26.0792 	EXP 	eyetracker.setRecordingState(False)
26.0897 	EXP 	eyetracker.setRecordingState(False)
26.0989 	EXP 	eyetracker.setRecordingState(False)
26.1076 	EXP 	eyetracker.setRecordingState(False)
26.1175 	EXP 	eyetracker.setRecordingState(False)
26.1286 	EXP 	eyetracker.setRecordingState(False)
26.1395 	EXP 	eyetracker.setRecordingState(False)
26.1487 	EXP 	eyetracker.setRecordingState(False)
26.1597 	EXP 	eyetracker.setRecordingState(False)
26.1691 	EXP 	eyetracker.setRecordingState(False)
26.1779 	EXP 	eyetracker.setRecordingState(False)
26.1899 	EXP 	eyetracker.setRecordingState(False)
26.2027 	EXP 	eyetracker.setRecordingState(False)
26.2113 	EXP 	eyetracker.setRecordingState(False)
26.2240 	EXP 	eyetracker.setRecordingState(False)
26.2335 	EXP 	eyetracker.setRecordingState(False)
26.2415 	EXP 	eyetracker.setRecordingState(False)
26.2502 	EXP 	eyetracker.setRecordingState(False)
26.2581 	EXP 	eyetracker.setRecordingState(False)
26.2661 	EXP 	eyetracker.setRecordingState(False)
26.2747 	EXP 	eyetracker.setRecordingState(False)
26.2842 	EXP 	eyetracker.setRecordingState(False)
26.2930 	EXP 	eyetracker.setRecordingState(False)
26.3031 	EXP 	eyetracker.setRecordingState(False)
26.3156 	EXP 	eyetracker.setRecordingState(False)
26.3270 	EXP 	eyetracker.setRecordingState(False)
26.3410 	EXP 	eyetracker.setRecordingState(False)
26.3508 	EXP 	eyetracker.setRecordingState(False)
26.3639 	EXP 	eyetracker.setRecordingState(False)
26.3768 	EXP 	eyetracker.setRecordingState(False)
26.3879 	EXP 	eyetracker.setRecordingState(False)
26.3969 	EXP 	eyetracker.setRecordingState(False)
26.4065 	EXP 	eyetracker.setRecordingState(False)
26.4158 	EXP 	eyetracker.setRecordingState(False)
26.4234 	EXP 	eyetracker.setRecordingState(False)
26.4312 	EXP 	eyetracker.setRecordingState(False)
26.4392 	EXP 	eyetracker.setRecordingState(False)
26.4464 	EXP 	eyetracker.setRecordingState(False)
26.4533 	EXP 	eyetracker.setRecordingState(False)
26.4619 	EXP 	eyetracker.setRecordingState(False)
26.4736 	EXP 	eyetracker.setRecordingState(False)
26.4829 	EXP 	eyetracker.setRecordingState(False)
26.4932 	EXP 	eyetracker.setRecordingState(False)
26.5022 	EXP 	eyetracker.setRecordingState(False)
26.5111 	EXP 	eyetracker.setRecordingState(False)
26.5200 	EXP 	eyetracker.setRecordingState(False)
26.5305 	EXP 	eyetracker.setRecordingState(False)
26.5405 	EXP 	eyetracker.setRecordingState(False)
26.5501 	EXP 	eyetracker.setRecordingState(False)
26.5583 	EXP 	eyetracker.setRecordingState(False)
26.5656 	EXP 	eyetracker.setRecordingState(False)
26.5728 	EXP 	eyetracker.setRecordingState(False)
26.5804 	EXP 	eyetracker.setRecordingState(False)
26.5900 	EXP 	eyetracker.setRecordingState(False)
26.5990 	EXP 	eyetracker.setRecordingState(False)
26.6081 	EXP 	eyetracker.setRecordingState(False)
26.6168 	EXP 	eyetracker.setRecordingState(False)
26.6262 	EXP 	eyetracker.setRecordingState(False)
26.6341 	EXP 	eyetracker.setRecordingState(False)
26.6432 	EXP 	eyetracker.setRecordingState(False)
26.6512 	EXP 	eyetracker.setRecordingState(False)
26.6579 	EXP 	eyetracker.setRecordingState(False)
26.6660 	EXP 	eyetracker.setRecordingState(False)
26.6755 	EXP 	eyetracker.setRecordingState(False)
26.6845 	EXP 	eyetracker.setRecordingState(False)
26.6938 	EXP 	eyetracker.setRecordingState(False)
26.7041 	EXP 	eyetracker.setRecordingState(False)
26.7127 	EXP 	eyetracker.setRecordingState(False)
26.7206 	EXP 	eyetracker.setRecordingState(False)
26.7318 	EXP 	eyetracker.setRecordingState(False)
26.7401 	EXP 	eyetracker.setRecordingState(False)
26.7499 	EXP 	eyetracker.setRecordingState(False)
26.7585 	EXP 	eyetracker.setRecordingState(False)
26.7656 	EXP 	eyetracker.setRecordingState(False)
26.7735 	EXP 	eyetracker.setRecordingState(False)
26.7819 	EXP 	eyetracker.setRecordingState(False)
26.7891 	EXP 	eyetracker.setRecordingState(False)
26.7966 	EXP 	eyetracker.setRecordingState(False)
26.8052 	EXP 	eyetracker.setRecordingState(False)
26.8145 	EXP 	eyetracker.setRecordingState(False)
26.8250 	EXP 	eyetracker.setRecordingState(False)
26.8357 	EXP 	eyetracker.setRecordingState(False)
26.8454 	EXP 	eyetracker.setRecordingState(False)
26.8566 	EXP 	eyetracker.setRecordingState(False)
26.8665 	EXP 	eyetracker.setRecordingState(False)
26.8754 	EXP 	eyetracker.setRecordingState(False)
26.8847 	EXP 	eyetracker.setRecordingState(False)
26.8929 	EXP 	eyetracker.setRecordingState(False)
26.9004 	EXP 	eyetracker.setRecordingState(False)
26.9083 	EXP 	eyetracker.setRecordingState(False)
26.9160 	EXP 	eyetracker.setRecordingState(False)
26.9255 	EXP 	eyetracker.setRecordingState(False)
26.9360 	EXP 	eyetracker.setRecordingState(False)
26.9457 	EXP 	eyetracker.setRecordingState(False)
26.9562 	EXP 	eyetracker.setRecordingState(False)
26.9659 	EXP 	eyetracker.setRecordingState(False)
26.9756 	EXP 	eyetracker.setRecordingState(False)
26.9853 	EXP 	eyetracker.setRecordingState(False)
26.9937 	EXP 	eyetracker.setRecordingState(False)
27.0037 	EXP 	eyetracker.setRecordingState(False)
27.0111 	EXP 	eyetracker.setRecordingState(False)
27.0184 	EXP 	eyetracker.setRecordingState(False)
27.0253 	EXP 	eyetracker.setRecordingState(False)
27.0326 	EXP 	eyetracker.setRecordingState(False)
27.0412 	EXP 	eyetracker.setRecordingState(False)
27.0505 	EXP 	eyetracker.setRecordingState(False)
27.0594 	EXP 	eyetracker.setRecordingState(False)
27.0672 	EXP 	eyetracker.setRecordingState(False)
27.0751 	EXP 	eyetracker.setRecordingState(False)
27.0831 	EXP 	eyetracker.setRecordingState(False)
27.0944 	EXP 	eyetracker.setRecordingState(False)
27.1042 	EXP 	eyetracker.setRecordingState(False)
27.1132 	EXP 	eyetracker.setRecordingState(False)
27.1243 	EXP 	eyetracker.setRecordingState(False)
27.1328 	EXP 	eyetracker.setRecordingState(False)
27.1440 	EXP 	eyetracker.setRecordingState(False)
27.1545 	EXP 	eyetracker.setRecordingState(False)
27.1637 	EXP 	eyetracker.setRecordingState(False)
27.1741 	EXP 	eyetracker.setRecordingState(False)
27.1850 	EXP 	eyetracker.setRecordingState(False)
27.1946 	EXP 	eyetracker.setRecordingState(False)
27.2039 	EXP 	eyetracker.setRecordingState(False)
27.2155 	EXP 	eyetracker.setRecordingState(False)
27.2254 	EXP 	eyetracker.setRecordingState(False)
27.2362 	EXP 	eyetracker.setRecordingState(False)
27.2455 	EXP 	eyetracker.setRecordingState(False)
27.2564 	EXP 	eyetracker.setRecordingState(False)
27.2681 	EXP 	eyetracker.setRecordingState(False)
27.2767 	EXP 	eyetracker.setRecordingState(False)
27.2847 	EXP 	eyetracker.setRecordingState(False)
27.2926 	EXP 	eyetracker.setRecordingState(False)
27.3007 	EXP 	eyetracker.setRecordingState(False)
27.3101 	EXP 	eyetracker.setRecordingState(False)
27.3206 	EXP 	eyetracker.setRecordingState(False)
27.3299 	EXP 	eyetracker.setRecordingState(False)
27.3385 	EXP 	eyetracker.setRecordingState(False)
27.3470 	EXP 	eyetracker.setRecordingState(False)
27.3557 	EXP 	eyetracker.setRecordingState(False)
27.3667 	EXP 	eyetracker.setRecordingState(False)
27.3758 	EXP 	eyetracker.setRecordingState(False)
27.3847 	EXP 	eyetracker.setRecordingState(False)
27.3938 	EXP 	eyetracker.setRecordingState(False)
27.4032 	EXP 	eyetracker.setRecordingState(False)
27.4131 	EXP 	eyetracker.setRecordingState(False)
27.4252 	EXP 	eyetracker.setRecordingState(False)
27.4346 	EXP 	eyetracker.setRecordingState(False)
27.4454 	EXP 	eyetracker.setRecordingState(False)
27.4586 	EXP 	eyetracker.setRecordingState(False)
27.4685 	EXP 	eyetracker.setRecordingState(False)
27.4785 	EXP 	eyetracker.setRecordingState(False)
27.4895 	EXP 	eyetracker.setRecordingState(False)
27.4986 	EXP 	eyetracker.setRecordingState(False)
27.5082 	EXP 	eyetracker.setRecordingState(False)
27.5183 	EXP 	eyetracker.setRecordingState(False)
27.5290 	EXP 	eyetracker.setRecordingState(False)
27.5386 	EXP 	eyetracker.setRecordingState(False)
27.5510 	EXP 	eyetracker.setRecordingState(False)
27.5606 	EXP 	eyetracker.setRecordingState(False)
27.5711 	EXP 	eyetracker.setRecordingState(False)
27.5786 	EXP 	eyetracker.setRecordingState(False)
27.5862 	EXP 	eyetracker.setRecordingState(False)
27.5948 	EXP 	eyetracker.setRecordingState(False)
27.6048 	EXP 	eyetracker.setRecordingState(False)
27.6135 	EXP 	eyetracker.setRecordingState(False)
27.6214 	EXP 	eyetracker.setRecordingState(False)
27.6283 	EXP 	eyetracker.setRecordingState(False)
27.6351 	EXP 	eyetracker.setRecordingState(False)
27.6425 	EXP 	eyetracker.setRecordingState(False)
27.6509 	EXP 	eyetracker.setRecordingState(False)
27.6597 	EXP 	eyetracker.setRecordingState(False)
27.6684 	EXP 	eyetracker.setRecordingState(False)
27.6771 	EXP 	eyetracker.setRecordingState(False)
27.6862 	EXP 	eyetracker.setRecordingState(False)
27.6955 	EXP 	eyetracker.setRecordingState(False)
27.7048 	EXP 	eyetracker.setRecordingState(False)
27.7146 	EXP 	eyetracker.setRecordingState(False)
27.7250 	EXP 	eyetracker.setRecordingState(False)
27.7343 	EXP 	eyetracker.setRecordingState(False)
27.7434 	EXP 	eyetracker.setRecordingState(False)
27.7536 	EXP 	eyetracker.setRecordingState(False)
27.7643 	EXP 	eyetracker.setRecordingState(False)
27.7734 	EXP 	eyetracker.setRecordingState(False)
27.7823 	EXP 	eyetracker.setRecordingState(False)
27.7917 	EXP 	eyetracker.setRecordingState(False)
27.8014 	EXP 	eyetracker.setRecordingState(False)
27.8119 	EXP 	eyetracker.setRecordingState(False)
27.8234 	EXP 	eyetracker.setRecordingState(False)
27.8336 	EXP 	eyetracker.setRecordingState(False)
27.8439 	EXP 	eyetracker.setRecordingState(False)
27.8535 	EXP 	eyetracker.setRecordingState(False)
27.8622 	EXP 	eyetracker.setRecordingState(False)
27.8706 	EXP 	eyetracker.setRecordingState(False)
27.8783 	EXP 	eyetracker.setRecordingState(False)
27.8869 	EXP 	eyetracker.setRecordingState(False)
27.8951 	EXP 	eyetracker.setRecordingState(False)
27.9047 	EXP 	eyetracker.setRecordingState(False)
27.9135 	EXP 	eyetracker.setRecordingState(False)
27.9223 	EXP 	eyetracker.setRecordingState(False)
27.9320 	EXP 	eyetracker.setRecordingState(False)
27.9414 	EXP 	eyetracker.setRecordingState(False)
27.9507 	EXP 	eyetracker.setRecordingState(False)
27.9612 	EXP 	eyetracker.setRecordingState(False)
27.9701 	EXP 	eyetracker.setRecordingState(False)
27.9787 	EXP 	eyetracker.setRecordingState(False)
27.9870 	EXP 	eyetracker.setRecordingState(False)
27.9961 	EXP 	eyetracker.setRecordingState(False)
28.0041 	EXP 	eyetracker.setRecordingState(False)
28.0121 	EXP 	eyetracker.setRecordingState(False)
28.0194 	EXP 	eyetracker.setRecordingState(False)
28.0266 	EXP 	eyetracker.setRecordingState(False)
28.0348 	EXP 	eyetracker.setRecordingState(False)
28.0434 	EXP 	eyetracker.setRecordingState(False)
28.0524 	EXP 	eyetracker.setRecordingState(False)
28.0634 	EXP 	eyetracker.setRecordingState(False)
28.0726 	EXP 	eyetracker.setRecordingState(False)
28.0811 	EXP 	eyetracker.setRecordingState(False)
28.0900 	EXP 	eyetracker.setRecordingState(False)
28.0998 	EXP 	eyetracker.setRecordingState(False)
28.1102 	EXP 	eyetracker.setRecordingState(False)
28.1202 	EXP 	eyetracker.setRecordingState(False)
28.1296 	EXP 	eyetracker.setRecordingState(False)
28.1408 	EXP 	eyetracker.setRecordingState(False)
28.1513 	EXP 	eyetracker.setRecordingState(False)
28.1611 	EXP 	eyetracker.setRecordingState(False)
28.1718 	EXP 	eyetracker.setRecordingState(False)
28.1825 	EXP 	eyetracker.setRecordingState(False)
28.1925 	EXP 	eyetracker.setRecordingState(False)
28.2018 	EXP 	eyetracker.setRecordingState(False)
28.2114 	EXP 	eyetracker.setRecordingState(False)
28.2202 	EXP 	eyetracker.setRecordingState(False)
28.2280 	EXP 	eyetracker.setRecordingState(False)
28.2356 	EXP 	eyetracker.setRecordingState(False)
28.2463 	EXP 	eyetracker.setRecordingState(False)
28.2554 	EXP 	eyetracker.setRecordingState(False)
28.2663 	EXP 	eyetracker.setRecordingState(False)
28.2759 	EXP 	eyetracker.setRecordingState(False)
28.2848 	EXP 	eyetracker.setRecordingState(False)
28.2950 	EXP 	eyetracker.setRecordingState(False)
28.3043 	EXP 	eyetracker.setRecordingState(False)
28.3136 	EXP 	eyetracker.setRecordingState(False)
28.3246 	EXP 	eyetracker.setRecordingState(False)
28.3349 	EXP 	eyetracker.setRecordingState(False)
28.3456 	EXP 	eyetracker.setRecordingState(False)
28.3537 	EXP 	eyetracker.setRecordingState(False)
28.3614 	EXP 	eyetracker.setRecordingState(False)
28.3716 	EXP 	eyetracker.setRecordingState(False)
28.3815 	EXP 	eyetracker.setRecordingState(False)
28.3941 	EXP 	eyetracker.setRecordingState(False)
28.4037 	EXP 	eyetracker.setRecordingState(False)
28.4159 	EXP 	eyetracker.setRecordingState(False)
28.4253 	EXP 	eyetracker.setRecordingState(False)
28.4337 	EXP 	eyetracker.setRecordingState(False)
28.4432 	EXP 	eyetracker.setRecordingState(False)
28.4526 	EXP 	eyetracker.setRecordingState(False)
28.4640 	EXP 	eyetracker.setRecordingState(False)
28.4741 	EXP 	eyetracker.setRecordingState(False)
28.4845 	EXP 	eyetracker.setRecordingState(False)
28.4942 	EXP 	eyetracker.setRecordingState(False)
28.5053 	EXP 	eyetracker.setRecordingState(False)
28.5153 	EXP 	eyetracker.setRecordingState(False)
28.5264 	EXP 	eyetracker.setRecordingState(False)
28.5377 	EXP 	eyetracker.setRecordingState(False)
28.5483 	EXP 	eyetracker.setRecordingState(False)
28.5581 	EXP 	eyetracker.setRecordingState(False)
28.5675 	EXP 	eyetracker.setRecordingState(False)
28.5760 	EXP 	eyetracker.setRecordingState(False)
28.5844 	EXP 	eyetracker.setRecordingState(False)
28.5937 	EXP 	eyetracker.setRecordingState(False)
28.6037 	EXP 	eyetracker.setRecordingState(False)
28.6118 	EXP 	eyetracker.setRecordingState(False)
28.6198 	EXP 	eyetracker.setRecordingState(False)
28.6273 	EXP 	eyetracker.setRecordingState(False)
28.6348 	EXP 	eyetracker.setRecordingState(False)
28.6420 	EXP 	eyetracker.setRecordingState(False)
28.6489 	EXP 	eyetracker.setRecordingState(False)
28.6593 	EXP 	eyetracker.setRecordingState(False)
28.6688 	EXP 	eyetracker.setRecordingState(False)
28.6795 	EXP 	eyetracker.setRecordingState(False)
28.6893 	EXP 	eyetracker.setRecordingState(False)
28.7007 	EXP 	eyetracker.setRecordingState(False)
28.7104 	EXP 	eyetracker.setRecordingState(False)
28.7199 	EXP 	eyetracker.setRecordingState(False)
28.7298 	EXP 	eyetracker.setRecordingState(False)
28.7390 	EXP 	eyetracker.setRecordingState(False)
28.7476 	EXP 	eyetracker.setRecordingState(False)
28.7576 	EXP 	eyetracker.setRecordingState(False)
28.7658 	EXP 	eyetracker.setRecordingState(False)
28.7739 	EXP 	eyetracker.setRecordingState(False)
28.7822 	EXP 	eyetracker.setRecordingState(False)
28.7916 	EXP 	eyetracker.setRecordingState(False)
28.8008 	EXP 	eyetracker.setRecordingState(False)
28.8097 	EXP 	eyetracker.setRecordingState(False)
28.8219 	EXP 	eyetracker.setRecordingState(False)
28.8312 	EXP 	eyetracker.setRecordingState(False)
28.8423 	EXP 	eyetracker.setRecordingState(False)
28.8528 	EXP 	eyetracker.setRecordingState(False)
28.8629 	EXP 	eyetracker.setRecordingState(False)
28.8727 	EXP 	eyetracker.setRecordingState(False)
28.8827 	EXP 	eyetracker.setRecordingState(False)
28.8924 	EXP 	eyetracker.setRecordingState(False)
28.9027 	EXP 	eyetracker.setRecordingState(False)
28.9130 	EXP 	eyetracker.setRecordingState(False)
28.9228 	EXP 	eyetracker.setRecordingState(False)
28.9331 	EXP 	eyetracker.setRecordingState(False)
28.9437 	EXP 	eyetracker.setRecordingState(False)
28.9534 	EXP 	eyetracker.setRecordingState(False)
28.9612 	EXP 	eyetracker.setRecordingState(False)
28.9689 	EXP 	eyetracker.setRecordingState(False)
28.9760 	EXP 	eyetracker.setRecordingState(False)
28.9842 	EXP 	eyetracker.setRecordingState(False)
28.9926 	EXP 	eyetracker.setRecordingState(False)
29.0021 	EXP 	eyetracker.setRecordingState(False)
29.0126 	EXP 	eyetracker.setRecordingState(False)
29.0222 	EXP 	eyetracker.setRecordingState(False)
29.0319 	EXP 	eyetracker.setRecordingState(False)
29.0433 	EXP 	eyetracker.setRecordingState(False)
29.0512 	EXP 	eyetracker.setRecordingState(False)
29.0588 	EXP 	eyetracker.setRecordingState(False)
29.0657 	EXP 	eyetracker.setRecordingState(False)
29.0743 	EXP 	eyetracker.setRecordingState(False)
29.0824 	EXP 	eyetracker.setRecordingState(False)
29.0912 	EXP 	eyetracker.setRecordingState(False)
29.0988 	EXP 	eyetracker.setRecordingState(False)
29.1087 	EXP 	eyetracker.setRecordingState(False)
29.1174 	EXP 	eyetracker.setRecordingState(False)
29.1281 	EXP 	eyetracker.setRecordingState(False)
29.1376 	EXP 	eyetracker.setRecordingState(False)
29.1471 	EXP 	eyetracker.setRecordingState(False)
29.1575 	EXP 	eyetracker.setRecordingState(False)
29.1679 	EXP 	eyetracker.setRecordingState(False)
29.1775 	EXP 	eyetracker.setRecordingState(False)
29.1881 	EXP 	eyetracker.setRecordingState(False)
29.1972 	EXP 	eyetracker.setRecordingState(False)
29.2061 	EXP 	eyetracker.setRecordingState(False)
29.2141 	EXP 	eyetracker.setRecordingState(False)
29.2231 	EXP 	eyetracker.setRecordingState(False)
29.2316 	EXP 	eyetracker.setRecordingState(False)
29.2390 	EXP 	eyetracker.setRecordingState(False)
29.2465 	EXP 	eyetracker.setRecordingState(False)
29.2547 	EXP 	eyetracker.setRecordingState(False)
29.2621 	EXP 	eyetracker.setRecordingState(False)
29.2701 	EXP 	eyetracker.setRecordingState(False)
29.2790 	EXP 	eyetracker.setRecordingState(False)
29.2874 	EXP 	eyetracker.setRecordingState(False)
29.2950 	EXP 	eyetracker.setRecordingState(False)
29.3024 	EXP 	eyetracker.setRecordingState(False)
29.3105 	EXP 	eyetracker.setRecordingState(False)
29.3179 	EXP 	eyetracker.setRecordingState(False)
29.3281 	EXP 	eyetracker.setRecordingState(False)
29.3353 	EXP 	eyetracker.setRecordingState(False)
29.3443 	EXP 	eyetracker.setRecordingState(False)
29.3534 	EXP 	eyetracker.setRecordingState(False)
29.3633 	EXP 	eyetracker.setRecordingState(False)
29.3725 	EXP 	eyetracker.setRecordingState(False)
29.3813 	EXP 	eyetracker.setRecordingState(False)
29.3908 	EXP 	eyetracker.setRecordingState(False)
29.4005 	EXP 	eyetracker.setRecordingState(False)
29.4085 	EXP 	eyetracker.setRecordingState(False)
29.4172 	EXP 	eyetracker.setRecordingState(False)
29.4278 	EXP 	eyetracker.setRecordingState(False)
29.4376 	EXP 	eyetracker.setRecordingState(False)
29.4452 	EXP 	eyetracker.setRecordingState(False)
29.4567 	EXP 	eyetracker.setRecordingState(False)
29.4674 	EXP 	eyetracker.setRecordingState(False)
29.4777 	EXP 	eyetracker.setRecordingState(False)
29.4874 	EXP 	eyetracker.setRecordingState(False)
29.4979 	EXP 	eyetracker.setRecordingState(False)
29.5074 	EXP 	eyetracker.setRecordingState(False)
29.5189 	EXP 	eyetracker.setRecordingState(False)
29.5290 	EXP 	eyetracker.setRecordingState(False)
29.5405 	EXP 	eyetracker.setRecordingState(False)
29.5530 	EXP 	eyetracker.setRecordingState(False)
29.5642 	EXP 	eyetracker.setRecordingState(False)
29.5751 	EXP 	eyetracker.setRecordingState(False)
29.5844 	EXP 	eyetracker.setRecordingState(False)
29.5955 	EXP 	eyetracker.setRecordingState(False)
29.6037 	EXP 	eyetracker.setRecordingState(False)
29.6125 	EXP 	eyetracker.setRecordingState(False)
29.6212 	EXP 	eyetracker.setRecordingState(False)
29.6307 	EXP 	eyetracker.setRecordingState(False)
29.6399 	EXP 	eyetracker.setRecordingState(False)
29.6477 	EXP 	eyetracker.setRecordingState(False)
29.6564 	EXP 	eyetracker.setRecordingState(False)
29.6664 	EXP 	eyetracker.setRecordingState(False)
29.6743 	EXP 	eyetracker.setRecordingState(False)
29.6852 	EXP 	eyetracker.setRecordingState(False)
29.6942 	EXP 	eyetracker.setRecordingState(False)
29.7037 	EXP 	eyetracker.setRecordingState(False)
29.7143 	EXP 	eyetracker.setRecordingState(False)
29.7230 	EXP 	eyetracker.setRecordingState(False)
29.7315 	EXP 	eyetracker.setRecordingState(False)
29.7398 	EXP 	eyetracker.setRecordingState(False)
29.7494 	EXP 	eyetracker.setRecordingState(False)
29.7587 	EXP 	eyetracker.setRecordingState(False)
29.7691 	EXP 	eyetracker.setRecordingState(False)
29.7798 	EXP 	eyetracker.setRecordingState(False)
29.7905 	EXP 	eyetracker.setRecordingState(False)
29.8002 	EXP 	eyetracker.setRecordingState(False)
29.8105 	EXP 	eyetracker.setRecordingState(False)
29.8195 	EXP 	eyetracker.setRecordingState(False)
29.8284 	EXP 	eyetracker.setRecordingState(False)
29.8388 	EXP 	eyetracker.setRecordingState(False)
29.8479 	EXP 	eyetracker.setRecordingState(False)
29.8560 	EXP 	eyetracker.setRecordingState(False)
29.8643 	EXP 	eyetracker.setRecordingState(False)
29.8747 	EXP 	eyetracker.setRecordingState(False)
29.8833 	EXP 	eyetracker.setRecordingState(False)
29.8919 	EXP 	eyetracker.setRecordingState(False)
29.9011 	EXP 	eyetracker.setRecordingState(False)
29.9113 	EXP 	eyetracker.setRecordingState(False)
29.9237 	EXP 	eyetracker.setRecordingState(False)
29.9336 	EXP 	eyetracker.setRecordingState(False)
29.9446 	EXP 	eyetracker.setRecordingState(False)
29.9539 	EXP 	eyetracker.setRecordingState(False)
29.9627 	EXP 	eyetracker.setRecordingState(False)
29.9727 	EXP 	eyetracker.setRecordingState(False)
29.9824 	EXP 	eyetracker.setRecordingState(False)
29.9927 	EXP 	eyetracker.setRecordingState(False)
30.0021 	EXP 	eyetracker.setRecordingState(False)
30.0099 	EXP 	eyetracker.setRecordingState(False)
30.0175 	EXP 	eyetracker.setRecordingState(False)
30.0271 	EXP 	eyetracker.setRecordingState(False)
30.0356 	EXP 	eyetracker.setRecordingState(False)
30.0437 	EXP 	eyetracker.setRecordingState(False)
30.0549 	EXP 	eyetracker.setRecordingState(False)
30.0644 	EXP 	eyetracker.setRecordingState(False)
30.0735 	EXP 	eyetracker.setRecordingState(False)
30.0841 	EXP 	eyetracker.setRecordingState(False)
30.0936 	EXP 	eyetracker.setRecordingState(False)
30.1020 	EXP 	eyetracker.setRecordingState(False)
30.1121 	EXP 	eyetracker.setRecordingState(False)
30.1220 	EXP 	eyetracker.setRecordingState(False)
30.1295 	EXP 	eyetracker.setRecordingState(False)
30.1394 	EXP 	eyetracker.setRecordingState(False)
30.1495 	EXP 	eyetracker.setRecordingState(False)
30.1566 	EXP 	eyetracker.setRecordingState(False)
30.1648 	EXP 	eyetracker.setRecordingState(False)
30.1734 	EXP 	eyetracker.setRecordingState(False)
30.1814 	EXP 	eyetracker.setRecordingState(False)
30.1911 	EXP 	eyetracker.setRecordingState(False)
30.2017 	EXP 	eyetracker.setRecordingState(False)
30.2122 	EXP 	eyetracker.setRecordingState(False)
30.2215 	EXP 	eyetracker.setRecordingState(False)
30.2313 	EXP 	eyetracker.setRecordingState(False)
30.2401 	EXP 	eyetracker.setRecordingState(False)
30.2502 	EXP 	eyetracker.setRecordingState(False)
30.2601 	EXP 	eyetracker.setRecordingState(False)
30.2697 	EXP 	eyetracker.setRecordingState(False)
30.2790 	EXP 	eyetracker.setRecordingState(False)
30.2883 	EXP 	eyetracker.setRecordingState(False)
30.2968 	EXP 	eyetracker.setRecordingState(False)
30.3080 	EXP 	eyetracker.setRecordingState(False)
30.3168 	EXP 	eyetracker.setRecordingState(False)
30.3270 	EXP 	eyetracker.setRecordingState(False)
30.3372 	EXP 	eyetracker.setRecordingState(False)
30.3444 	EXP 	eyetracker.setRecordingState(False)
30.3532 	EXP 	eyetracker.setRecordingState(False)
30.3629 	EXP 	eyetracker.setRecordingState(False)
30.3722 	EXP 	eyetracker.setRecordingState(False)
30.3816 	EXP 	eyetracker.setRecordingState(False)
30.3940 	EXP 	eyetracker.setRecordingState(False)
30.4073 	EXP 	eyetracker.setRecordingState(False)
30.4241 	EXP 	eyetracker.setRecordingState(False)
30.4392 	EXP 	eyetracker.setRecordingState(False)
30.4535 	EXP 	eyetracker.setRecordingState(False)
30.4690 	EXP 	eyetracker.setRecordingState(False)
30.4820 	EXP 	eyetracker.setRecordingState(False)
30.4971 	EXP 	eyetracker.setRecordingState(False)
30.5154 	EXP 	eyetracker.setRecordingState(False)
30.5329 	EXP 	eyetracker.setRecordingState(False)
30.5458 	EXP 	eyetracker.setRecordingState(False)
30.5591 	EXP 	eyetracker.setRecordingState(False)
30.5694 	EXP 	eyetracker.setRecordingState(False)
30.5792 	EXP 	eyetracker.setRecordingState(False)
30.5876 	EXP 	eyetracker.setRecordingState(False)
30.5948 	EXP 	eyetracker.setRecordingState(False)
30.6050 	EXP 	eyetracker.setRecordingState(False)
30.6133 	EXP 	eyetracker.setRecordingState(False)
30.6240 	EXP 	eyetracker.setRecordingState(False)
30.6373 	EXP 	eyetracker.setRecordingState(False)
30.6467 	EXP 	eyetracker.setRecordingState(False)
30.6591 	EXP 	eyetracker.setRecordingState(False)
30.6700 	EXP 	eyetracker.setRecordingState(False)
30.6801 	EXP 	eyetracker.setRecordingState(False)
30.6916 	EXP 	eyetracker.setRecordingState(False)
30.7057 	EXP 	eyetracker.setRecordingState(False)
30.7175 	EXP 	eyetracker.setRecordingState(False)
30.7280 	EXP 	eyetracker.setRecordingState(False)
30.7395 	EXP 	eyetracker.setRecordingState(False)
30.7494 	EXP 	eyetracker.setRecordingState(False)
30.7634 	EXP 	eyetracker.setRecordingState(False)
30.7751 	EXP 	eyetracker.setRecordingState(False)
30.7843 	EXP 	eyetracker.setRecordingState(False)
30.7962 	EXP 	eyetracker.setRecordingState(False)
30.8061 	EXP 	eyetracker.setRecordingState(False)
30.8184 	EXP 	eyetracker.setRecordingState(False)
30.8299 	EXP 	eyetracker.setRecordingState(False)
30.8401 	EXP 	eyetracker.setRecordingState(False)
30.8525 	EXP 	eyetracker.setRecordingState(False)
30.8620 	EXP 	eyetracker.setRecordingState(False)
30.8741 	EXP 	eyetracker.setRecordingState(False)
30.8824 	EXP 	eyetracker.setRecordingState(False)
30.8903 	EXP 	eyetracker.setRecordingState(False)
30.9013 	EXP 	eyetracker.setRecordingState(False)
30.9103 	EXP 	eyetracker.setRecordingState(False)
30.9215 	EXP 	eyetracker.setRecordingState(False)
30.9320 	EXP 	eyetracker.setRecordingState(False)
30.9430 	EXP 	eyetracker.setRecordingState(False)
30.9512 	EXP 	eyetracker.setRecordingState(False)
30.9588 	EXP 	eyetracker.setRecordingState(False)
30.9675 	EXP 	eyetracker.setRecordingState(False)
30.9758 	EXP 	eyetracker.setRecordingState(False)
30.9837 	EXP 	eyetracker.setRecordingState(False)
30.9924 	EXP 	eyetracker.setRecordingState(False)
31.0009 	EXP 	eyetracker.setRecordingState(False)
31.0090 	EXP 	eyetracker.setRecordingState(False)
31.0194 	EXP 	eyetracker.setRecordingState(False)
31.0271 	EXP 	eyetracker.setRecordingState(False)
31.0354 	EXP 	eyetracker.setRecordingState(False)
31.0464 	EXP 	eyetracker.setRecordingState(False)
31.0562 	EXP 	eyetracker.setRecordingState(False)
31.0690 	EXP 	eyetracker.setRecordingState(False)
31.0791 	EXP 	eyetracker.setRecordingState(False)
31.0915 	EXP 	eyetracker.setRecordingState(False)
31.1045 	EXP 	eyetracker.setRecordingState(False)
31.1165 	EXP 	eyetracker.setRecordingState(False)
31.1304 	EXP 	eyetracker.setRecordingState(False)
31.1408 	EXP 	eyetracker.setRecordingState(False)
31.1526 	EXP 	eyetracker.setRecordingState(False)
31.1644 	EXP 	eyetracker.setRecordingState(False)
31.1763 	EXP 	eyetracker.setRecordingState(False)
31.1872 	EXP 	eyetracker.setRecordingState(False)
31.1960 	EXP 	eyetracker.setRecordingState(False)
31.2059 	EXP 	eyetracker.setRecordingState(False)
31.2175 	EXP 	eyetracker.setRecordingState(False)
31.2287 	EXP 	eyetracker.setRecordingState(False)
31.2389 	EXP 	eyetracker.setRecordingState(False)
31.2517 	EXP 	eyetracker.setRecordingState(False)
31.2642 	EXP 	eyetracker.setRecordingState(False)
31.2751 	EXP 	eyetracker.setRecordingState(False)
31.2862 	EXP 	eyetracker.setRecordingState(False)
31.2960 	EXP 	eyetracker.setRecordingState(False)
31.3057 	EXP 	eyetracker.setRecordingState(False)
31.3138 	EXP 	eyetracker.setRecordingState(False)
31.3242 	EXP 	eyetracker.setRecordingState(False)
31.3339 	EXP 	eyetracker.setRecordingState(False)
31.3433 	EXP 	eyetracker.setRecordingState(False)
31.3529 	EXP 	eyetracker.setRecordingState(False)
31.3652 	EXP 	eyetracker.setRecordingState(False)
31.3757 	EXP 	eyetracker.setRecordingState(False)
31.3861 	EXP 	eyetracker.setRecordingState(False)
31.3956 	EXP 	eyetracker.setRecordingState(False)
31.4049 	EXP 	eyetracker.setRecordingState(False)
31.4136 	EXP 	eyetracker.setRecordingState(False)
31.4221 	EXP 	eyetracker.setRecordingState(False)
31.4299 	EXP 	eyetracker.setRecordingState(False)
31.4398 	EXP 	eyetracker.setRecordingState(False)
31.4490 	EXP 	eyetracker.setRecordingState(False)
31.4614 	EXP 	eyetracker.setRecordingState(False)
31.4718 	EXP 	eyetracker.setRecordingState(False)
31.4818 	EXP 	eyetracker.setRecordingState(False)
31.4915 	EXP 	eyetracker.setRecordingState(False)
31.5029 	EXP 	eyetracker.setRecordingState(False)
31.5143 	EXP 	eyetracker.setRecordingState(False)
31.5247 	EXP 	eyetracker.setRecordingState(False)
31.5359 	EXP 	eyetracker.setRecordingState(False)
31.5478 	EXP 	eyetracker.setRecordingState(False)
31.5660 	EXP 	eyetracker.setRecordingState(False)
31.5795 	EXP 	eyetracker.setRecordingState(False)
31.5961 	EXP 	eyetracker.setRecordingState(False)
31.6086 	EXP 	eyetracker.setRecordingState(False)
31.6190 	EXP 	eyetracker.setRecordingState(False)
31.6303 	EXP 	eyetracker.setRecordingState(False)
31.6406 	EXP 	eyetracker.setRecordingState(False)
31.6513 	EXP 	eyetracker.setRecordingState(False)
31.6616 	EXP 	eyetracker.setRecordingState(False)
31.6762 	EXP 	eyetracker.setRecordingState(False)
31.6902 	EXP 	eyetracker.setRecordingState(False)
31.7041 	EXP 	eyetracker.setRecordingState(False)
31.7184 	EXP 	eyetracker.setRecordingState(False)
31.7316 	EXP 	eyetracker.setRecordingState(False)
31.7441 	EXP 	eyetracker.setRecordingState(False)
31.7540 	EXP 	eyetracker.setRecordingState(False)
31.7625 	EXP 	eyetracker.setRecordingState(False)
31.7725 	EXP 	eyetracker.setRecordingState(False)
31.7812 	EXP 	eyetracker.setRecordingState(False)
31.7891 	EXP 	eyetracker.setRecordingState(False)
31.7965 	EXP 	eyetracker.setRecordingState(False)
31.8036 	EXP 	eyetracker.setRecordingState(False)
31.8101 	EXP 	eyetracker.setRecordingState(False)
31.8174 	EXP 	eyetracker.setRecordingState(False)
31.8252 	EXP 	eyetracker.setRecordingState(False)
31.8342 	EXP 	eyetracker.setRecordingState(False)
31.8439 	EXP 	eyetracker.setRecordingState(False)
31.8540 	EXP 	eyetracker.setRecordingState(False)
31.8636 	EXP 	eyetracker.setRecordingState(False)
31.8738 	EXP 	eyetracker.setRecordingState(False)
31.8836 	EXP 	eyetracker.setRecordingState(False)
31.8938 	EXP 	eyetracker.setRecordingState(False)
31.9050 	EXP 	eyetracker.setRecordingState(False)
31.9138 	EXP 	eyetracker.setRecordingState(False)
31.9211 	EXP 	eyetracker.setRecordingState(False)
31.9297 	EXP 	eyetracker.setRecordingState(False)
31.9400 	EXP 	eyetracker.setRecordingState(False)
31.9495 	EXP 	eyetracker.setRecordingState(False)
31.9575 	EXP 	eyetracker.setRecordingState(False)
31.9657 	EXP 	eyetracker.setRecordingState(False)
31.9749 	EXP 	eyetracker.setRecordingState(False)
31.9849 	EXP 	eyetracker.setRecordingState(False)
31.9932 	EXP 	eyetracker.setRecordingState(False)
32.0046 	EXP 	eyetracker.setRecordingState(False)
32.0150 	EXP 	eyetracker.setRecordingState(False)
32.0249 	EXP 	eyetracker.setRecordingState(False)
32.0344 	EXP 	eyetracker.setRecordingState(False)
32.0450 	EXP 	eyetracker.setRecordingState(False)
32.0522 	EXP 	eyetracker.setRecordingState(False)
32.0602 	EXP 	eyetracker.setRecordingState(False)
32.0691 	EXP 	eyetracker.setRecordingState(False)
32.0781 	EXP 	eyetracker.setRecordingState(False)
32.0866 	EXP 	eyetracker.setRecordingState(False)
32.0948 	EXP 	eyetracker.setRecordingState(False)
32.1034 	EXP 	eyetracker.setRecordingState(False)
32.1104 	EXP 	eyetracker.setRecordingState(False)
32.1164 	EXP 	eyetracker.setRecordingState(False)
32.1224 	EXP 	eyetracker.setRecordingState(False)
32.1300 	EXP 	eyetracker.setRecordingState(False)
32.1379 	EXP 	eyetracker.setRecordingState(False)
32.1460 	EXP 	eyetracker.setRecordingState(False)
32.1551 	EXP 	eyetracker.setRecordingState(False)
32.1651 	EXP 	eyetracker.setRecordingState(False)
32.1741 	EXP 	eyetracker.setRecordingState(False)
32.1843 	EXP 	eyetracker.setRecordingState(False)
32.1945 	EXP 	eyetracker.setRecordingState(False)
32.2040 	EXP 	eyetracker.setRecordingState(False)
32.2149 	EXP 	eyetracker.setRecordingState(False)
32.2243 	EXP 	eyetracker.setRecordingState(False)
32.2352 	EXP 	eyetracker.setRecordingState(False)
32.2439 	EXP 	eyetracker.setRecordingState(False)
32.2525 	EXP 	eyetracker.setRecordingState(False)
32.2633 	EXP 	eyetracker.setRecordingState(False)
32.2728 	EXP 	eyetracker.setRecordingState(False)
32.2833 	EXP 	eyetracker.setRecordingState(False)
32.2928 	EXP 	eyetracker.setRecordingState(False)
32.3021 	EXP 	eyetracker.setRecordingState(False)
32.3129 	EXP 	eyetracker.setRecordingState(False)
32.3227 	EXP 	eyetracker.setRecordingState(False)
32.3325 	EXP 	eyetracker.setRecordingState(False)
32.3433 	EXP 	eyetracker.setRecordingState(False)
32.3555 	EXP 	eyetracker.setRecordingState(False)
32.3662 	EXP 	eyetracker.setRecordingState(False)
32.3767 	EXP 	eyetracker.setRecordingState(False)
32.3856 	EXP 	eyetracker.setRecordingState(False)
32.3957 	EXP 	eyetracker.setRecordingState(False)
32.4057 	EXP 	eyetracker.setRecordingState(False)
32.4154 	EXP 	eyetracker.setRecordingState(False)
32.4321 	EXP 	eyetracker.setRecordingState(False)
32.4428 	EXP 	eyetracker.setRecordingState(False)
32.4522 	EXP 	eyetracker.setRecordingState(False)
32.4632 	EXP 	eyetracker.setRecordingState(False)
32.4722 	EXP 	eyetracker.setRecordingState(False)
32.4830 	EXP 	eyetracker.setRecordingState(False)
32.4926 	EXP 	eyetracker.setRecordingState(False)
32.5028 	EXP 	eyetracker.setRecordingState(False)
32.5127 	EXP 	eyetracker.setRecordingState(False)
32.5225 	EXP 	eyetracker.setRecordingState(False)
32.5348 	EXP 	eyetracker.setRecordingState(False)
32.5449 	EXP 	eyetracker.setRecordingState(False)
32.5534 	EXP 	eyetracker.setRecordingState(False)
32.5640 	EXP 	eyetracker.setRecordingState(False)
32.5727 	EXP 	eyetracker.setRecordingState(False)
32.5822 	EXP 	eyetracker.setRecordingState(False)
32.5903 	EXP 	eyetracker.setRecordingState(False)
32.5986 	EXP 	eyetracker.setRecordingState(False)
32.6077 	EXP 	eyetracker.setRecordingState(False)
32.6174 	EXP 	eyetracker.setRecordingState(False)
32.6282 	EXP 	eyetracker.setRecordingState(False)
32.6362 	EXP 	eyetracker.setRecordingState(False)
32.6441 	EXP 	eyetracker.setRecordingState(False)
32.6541 	EXP 	eyetracker.setRecordingState(False)
32.6627 	EXP 	eyetracker.setRecordingState(False)
32.6734 	EXP 	eyetracker.setRecordingState(False)
32.6824 	EXP 	eyetracker.setRecordingState(False)
32.6905 	EXP 	eyetracker.setRecordingState(False)
32.6993 	EXP 	eyetracker.setRecordingState(False)
32.7096 	EXP 	eyetracker.setRecordingState(False)
32.7187 	EXP 	eyetracker.setRecordingState(False)
32.7275 	EXP 	eyetracker.setRecordingState(False)
32.7389 	EXP 	eyetracker.setRecordingState(False)
32.7483 	EXP 	eyetracker.setRecordingState(False)
32.7585 	EXP 	eyetracker.setRecordingState(False)
32.7691 	EXP 	eyetracker.setRecordingState(False)
32.7784 	EXP 	eyetracker.setRecordingState(False)
32.7876 	EXP 	eyetracker.setRecordingState(False)
32.7967 	EXP 	eyetracker.setRecordingState(False)
32.8050 	EXP 	eyetracker.setRecordingState(False)
32.8139 	EXP 	eyetracker.setRecordingState(False)
32.8228 	EXP 	eyetracker.setRecordingState(False)
32.8313 	EXP 	eyetracker.setRecordingState(False)
32.8412 	EXP 	eyetracker.setRecordingState(False)
32.8504 	EXP 	eyetracker.setRecordingState(False)
32.8578 	EXP 	eyetracker.setRecordingState(False)
32.8644 	EXP 	eyetracker.setRecordingState(False)
32.8702 	EXP 	eyetracker.setRecordingState(False)
32.8759 	EXP 	eyetracker.setRecordingState(False)
32.8829 	EXP 	eyetracker.setRecordingState(False)
32.8907 	EXP 	eyetracker.setRecordingState(False)
32.8989 	EXP 	eyetracker.setRecordingState(False)
32.9060 	EXP 	eyetracker.setRecordingState(False)
32.9135 	EXP 	eyetracker.setRecordingState(False)
32.9225 	EXP 	eyetracker.setRecordingState(False)
32.9325 	EXP 	eyetracker.setRecordingState(False)
32.9413 	EXP 	eyetracker.setRecordingState(False)
32.9513 	EXP 	eyetracker.setRecordingState(False)
32.9621 	EXP 	eyetracker.setRecordingState(False)
32.9720 	EXP 	eyetracker.setRecordingState(False)
32.9831 	EXP 	eyetracker.setRecordingState(False)
32.9953 	EXP 	eyetracker.setRecordingState(False)
33.0063 	EXP 	eyetracker.setRecordingState(False)
33.0158 	EXP 	eyetracker.setRecordingState(False)
33.0263 	EXP 	eyetracker.setRecordingState(False)
33.0376 	EXP 	eyetracker.setRecordingState(False)
33.0486 	EXP 	eyetracker.setRecordingState(False)
33.0613 	EXP 	eyetracker.setRecordingState(False)
33.0743 	EXP 	eyetracker.setRecordingState(False)
33.0867 	EXP 	eyetracker.setRecordingState(False)
33.0969 	EXP 	eyetracker.setRecordingState(False)
33.1066 	EXP 	eyetracker.setRecordingState(False)
33.1167 	EXP 	eyetracker.setRecordingState(False)
33.1254 	EXP 	eyetracker.setRecordingState(False)
33.1346 	EXP 	eyetracker.setRecordingState(False)
33.1440 	EXP 	eyetracker.setRecordingState(False)
33.1550 	EXP 	eyetracker.setRecordingState(False)
33.1664 	EXP 	eyetracker.setRecordingState(False)
33.1756 	EXP 	eyetracker.setRecordingState(False)
33.1849 	EXP 	eyetracker.setRecordingState(False)
33.1936 	EXP 	eyetracker.setRecordingState(False)
33.2038 	EXP 	eyetracker.setRecordingState(False)
33.2140 	EXP 	eyetracker.setRecordingState(False)
33.2230 	EXP 	eyetracker.setRecordingState(False)
33.2321 	EXP 	eyetracker.setRecordingState(False)
33.2423 	EXP 	eyetracker.setRecordingState(False)
33.2516 	EXP 	eyetracker.setRecordingState(False)
33.2627 	EXP 	eyetracker.setRecordingState(False)
33.2743 	EXP 	eyetracker.setRecordingState(False)
33.2848 	EXP 	eyetracker.setRecordingState(False)
33.2951 	EXP 	eyetracker.setRecordingState(False)
33.3069 	EXP 	eyetracker.setRecordingState(False)
33.3158 	EXP 	eyetracker.setRecordingState(False)
33.3248 	EXP 	eyetracker.setRecordingState(False)
33.3336 	EXP 	eyetracker.setRecordingState(False)
33.3419 	EXP 	eyetracker.setRecordingState(False)
33.3510 	EXP 	eyetracker.setRecordingState(False)
33.3607 	EXP 	eyetracker.setRecordingState(False)
33.3693 	EXP 	eyetracker.setRecordingState(False)
33.3809 	EXP 	eyetracker.setRecordingState(False)
33.3883 	EXP 	eyetracker.setRecordingState(False)
33.3944 	EXP 	eyetracker.setRecordingState(False)
33.4007 	EXP 	eyetracker.setRecordingState(False)
33.4071 	EXP 	eyetracker.setRecordingState(False)
33.4136 	EXP 	eyetracker.setRecordingState(False)
33.4214 	EXP 	eyetracker.setRecordingState(False)
33.4288 	EXP 	eyetracker.setRecordingState(False)
33.4360 	EXP 	eyetracker.setRecordingState(False)
33.4441 	EXP 	eyetracker.setRecordingState(False)
33.4528 	EXP 	eyetracker.setRecordingState(False)
33.4632 	EXP 	eyetracker.setRecordingState(False)
33.4730 	EXP 	eyetracker.setRecordingState(False)
33.4839 	EXP 	eyetracker.setRecordingState(False)
33.4948 	EXP 	eyetracker.setRecordingState(False)
33.5077 	EXP 	eyetracker.setRecordingState(False)
33.5221 	EXP 	eyetracker.setRecordingState(False)
33.5365 	EXP 	eyetracker.setRecordingState(False)
33.5480 	EXP 	eyetracker.setRecordingState(False)
33.5585 	EXP 	eyetracker.setRecordingState(False)
33.5736 	EXP 	eyetracker.setRecordingState(False)
33.5846 	EXP 	eyetracker.setRecordingState(False)
33.5953 	EXP 	eyetracker.setRecordingState(False)
33.6087 	EXP 	eyetracker.setRecordingState(False)
33.6222 	EXP 	eyetracker.setRecordingState(False)
33.6352 	EXP 	eyetracker.setRecordingState(False)
33.6490 	EXP 	eyetracker.setRecordingState(False)
33.6648 	EXP 	eyetracker.setRecordingState(False)
33.6778 	EXP 	eyetracker.setRecordingState(False)
33.6923 	EXP 	eyetracker.setRecordingState(False)
33.7045 	EXP 	eyetracker.setRecordingState(False)
33.7199 	EXP 	eyetracker.setRecordingState(False)
33.7333 	EXP 	eyetracker.setRecordingState(False)
33.7464 	EXP 	eyetracker.setRecordingState(False)
33.7598 	EXP 	eyetracker.setRecordingState(False)
33.7715 	EXP 	eyetracker.setRecordingState(False)
33.7819 	EXP 	eyetracker.setRecordingState(False)
33.7925 	EXP 	eyetracker.setRecordingState(False)
33.8042 	EXP 	eyetracker.setRecordingState(False)
33.8155 	EXP 	eyetracker.setRecordingState(False)
33.8267 	EXP 	eyetracker.setRecordingState(False)
33.8381 	EXP 	eyetracker.setRecordingState(False)
33.8485 	EXP 	eyetracker.setRecordingState(False)
33.8593 	EXP 	eyetracker.setRecordingState(False)
33.8699 	EXP 	eyetracker.setRecordingState(False)
33.8790 	EXP 	eyetracker.setRecordingState(False)
33.8892 	EXP 	eyetracker.setRecordingState(False)
33.8999 	EXP 	eyetracker.setRecordingState(False)
33.9108 	EXP 	eyetracker.setRecordingState(False)
33.9217 	EXP 	eyetracker.setRecordingState(False)
33.9307 	EXP 	eyetracker.setRecordingState(False)
33.9396 	EXP 	eyetracker.setRecordingState(False)
33.9496 	EXP 	eyetracker.setRecordingState(False)
33.9573 	EXP 	eyetracker.setRecordingState(False)
33.9681 	EXP 	eyetracker.setRecordingState(False)
33.9773 	EXP 	eyetracker.setRecordingState(False)
33.9887 	EXP 	eyetracker.setRecordingState(False)
33.9972 	EXP 	eyetracker.setRecordingState(False)
34.0067 	EXP 	eyetracker.setRecordingState(False)
34.0180 	EXP 	eyetracker.setRecordingState(False)
34.0277 	EXP 	eyetracker.setRecordingState(False)
34.0355 	EXP 	eyetracker.setRecordingState(False)
34.0460 	EXP 	eyetracker.setRecordingState(False)
34.0546 	EXP 	eyetracker.setRecordingState(False)
34.0653 	EXP 	eyetracker.setRecordingState(False)
34.0747 	EXP 	eyetracker.setRecordingState(False)
34.0824 	EXP 	eyetracker.setRecordingState(False)
34.0943 	EXP 	eyetracker.setRecordingState(False)
34.1031 	EXP 	eyetracker.setRecordingState(False)
34.1147 	EXP 	eyetracker.setRecordingState(False)
34.1234 	EXP 	eyetracker.setRecordingState(False)
34.1306 	EXP 	eyetracker.setRecordingState(False)
34.1394 	EXP 	eyetracker.setRecordingState(False)
34.1480 	EXP 	eyetracker.setRecordingState(False)
34.1580 	EXP 	eyetracker.setRecordingState(False)
34.1682 	EXP 	eyetracker.setRecordingState(False)
34.1789 	EXP 	eyetracker.setRecordingState(False)
34.1884 	EXP 	eyetracker.setRecordingState(False)
34.1987 	EXP 	eyetracker.setRecordingState(False)
34.2069 	EXP 	eyetracker.setRecordingState(False)
34.2147 	EXP 	eyetracker.setRecordingState(False)
34.2226 	EXP 	eyetracker.setRecordingState(False)
34.2311 	EXP 	eyetracker.setRecordingState(False)
34.2389 	EXP 	eyetracker.setRecordingState(False)
34.2481 	EXP 	eyetracker.setRecordingState(False)
34.2575 	EXP 	eyetracker.setRecordingState(False)
34.2651 	EXP 	eyetracker.setRecordingState(False)
34.2746 	EXP 	eyetracker.setRecordingState(False)
34.2857 	EXP 	eyetracker.setRecordingState(False)
34.2978 	EXP 	eyetracker.setRecordingState(False)
34.3075 	EXP 	eyetracker.setRecordingState(False)
34.3190 	EXP 	eyetracker.setRecordingState(False)
34.3294 	EXP 	eyetracker.setRecordingState(False)
34.3391 	EXP 	eyetracker.setRecordingState(False)
34.3479 	EXP 	eyetracker.setRecordingState(False)
34.3600 	EXP 	eyetracker.setRecordingState(False)
34.3701 	EXP 	eyetracker.setRecordingState(False)
34.3824 	EXP 	eyetracker.setRecordingState(False)
34.3924 	EXP 	eyetracker.setRecordingState(False)
34.4015 	EXP 	eyetracker.setRecordingState(False)
34.4102 	EXP 	eyetracker.setRecordingState(False)
34.4184 	EXP 	eyetracker.setRecordingState(False)
34.4260 	EXP 	eyetracker.setRecordingState(False)
34.4343 	EXP 	eyetracker.setRecordingState(False)
34.4450 	EXP 	eyetracker.setRecordingState(False)
34.4548 	EXP 	eyetracker.setRecordingState(False)
34.4663 	EXP 	eyetracker.setRecordingState(False)
34.4763 	EXP 	eyetracker.setRecordingState(False)
34.4862 	EXP 	eyetracker.setRecordingState(False)
34.4973 	EXP 	eyetracker.setRecordingState(False)
34.5072 	EXP 	eyetracker.setRecordingState(False)
34.5168 	EXP 	eyetracker.setRecordingState(False)
34.5259 	EXP 	eyetracker.setRecordingState(False)
34.5348 	EXP 	eyetracker.setRecordingState(False)
34.5445 	EXP 	eyetracker.setRecordingState(False)
34.5546 	EXP 	eyetracker.setRecordingState(False)
34.5649 	EXP 	eyetracker.setRecordingState(False)
34.5756 	EXP 	eyetracker.setRecordingState(False)
34.5855 	EXP 	eyetracker.setRecordingState(False)
34.5975 	EXP 	eyetracker.setRecordingState(False)
34.6077 	EXP 	eyetracker.setRecordingState(False)
34.6181 	EXP 	eyetracker.setRecordingState(False)
34.6290 	EXP 	eyetracker.setRecordingState(False)
34.6403 	EXP 	eyetracker.setRecordingState(False)
34.6474 	EXP 	eyetracker.setRecordingState(False)
34.6551 	EXP 	eyetracker.setRecordingState(False)
34.6625 	EXP 	eyetracker.setRecordingState(False)
34.6715 	EXP 	eyetracker.setRecordingState(False)
34.6807 	EXP 	eyetracker.setRecordingState(False)
34.6902 	EXP 	eyetracker.setRecordingState(False)
34.7014 	EXP 	eyetracker.setRecordingState(False)
34.7101 	EXP 	eyetracker.setRecordingState(False)
34.7181 	EXP 	eyetracker.setRecordingState(False)
34.7283 	EXP 	eyetracker.setRecordingState(False)
34.7381 	EXP 	eyetracker.setRecordingState(False)
34.7465 	EXP 	eyetracker.setRecordingState(False)
34.7568 	EXP 	eyetracker.setRecordingState(False)
34.7659 	EXP 	eyetracker.setRecordingState(False)
34.7783 	EXP 	eyetracker.setRecordingState(False)
34.7872 	EXP 	eyetracker.setRecordingState(False)
34.7995 	EXP 	eyetracker.setRecordingState(False)
34.8096 	EXP 	eyetracker.setRecordingState(False)
34.8207 	EXP 	eyetracker.setRecordingState(False)
34.8313 	EXP 	eyetracker.setRecordingState(False)
34.8410 	EXP 	eyetracker.setRecordingState(False)
34.8517 	EXP 	eyetracker.setRecordingState(False)
34.8638 	EXP 	eyetracker.setRecordingState(False)
34.8733 	EXP 	eyetracker.setRecordingState(False)
34.8826 	EXP 	eyetracker.setRecordingState(False)
34.8925 	EXP 	eyetracker.setRecordingState(False)
34.9017 	EXP 	eyetracker.setRecordingState(False)
34.9099 	EXP 	eyetracker.setRecordingState(False)
34.9194 	EXP 	eyetracker.setRecordingState(False)
34.9273 	EXP 	eyetracker.setRecordingState(False)
34.9353 	EXP 	eyetracker.setRecordingState(False)
34.9431 	EXP 	eyetracker.setRecordingState(False)
34.9508 	EXP 	eyetracker.setRecordingState(False)
34.9587 	EXP 	eyetracker.setRecordingState(False)
34.9672 	EXP 	eyetracker.setRecordingState(False)
34.9746 	EXP 	eyetracker.setRecordingState(False)
34.9825 	EXP 	eyetracker.setRecordingState(False)
34.9914 	EXP 	eyetracker.setRecordingState(False)
34.9991 	EXP 	eyetracker.setRecordingState(False)
35.0082 	EXP 	eyetracker.setRecordingState(False)
35.0180 	EXP 	eyetracker.setRecordingState(False)
35.0259 	EXP 	eyetracker.setRecordingState(False)
35.0339 	EXP 	eyetracker.setRecordingState(False)
35.0423 	EXP 	eyetracker.setRecordingState(False)
35.0508 	EXP 	eyetracker.setRecordingState(False)
35.0604 	EXP 	eyetracker.setRecordingState(False)
35.0694 	EXP 	eyetracker.setRecordingState(False)
35.0779 	EXP 	eyetracker.setRecordingState(False)
35.0869 	EXP 	eyetracker.setRecordingState(False)
35.0948 	EXP 	eyetracker.setRecordingState(False)
35.1039 	EXP 	eyetracker.setRecordingState(False)
35.1141 	EXP 	eyetracker.setRecordingState(False)
35.1232 	EXP 	eyetracker.setRecordingState(False)
35.1350 	EXP 	eyetracker.setRecordingState(False)
35.1434 	EXP 	eyetracker.setRecordingState(False)
35.1517 	EXP 	eyetracker.setRecordingState(False)
35.1629 	EXP 	eyetracker.setRecordingState(False)
35.1718 	EXP 	eyetracker.setRecordingState(False)
35.1804 	EXP 	eyetracker.setRecordingState(False)
35.1911 	EXP 	eyetracker.setRecordingState(False)
35.2012 	EXP 	eyetracker.setRecordingState(False)
35.2120 	EXP 	eyetracker.setRecordingState(False)
35.2212 	EXP 	eyetracker.setRecordingState(False)
35.2305 	EXP 	eyetracker.setRecordingState(False)
35.2399 	EXP 	eyetracker.setRecordingState(False)
35.2474 	EXP 	eyetracker.setRecordingState(False)
35.2551 	EXP 	eyetracker.setRecordingState(False)
35.2617 	EXP 	eyetracker.setRecordingState(False)
35.2693 	EXP 	eyetracker.setRecordingState(False)
35.2761 	EXP 	eyetracker.setRecordingState(False)
35.2833 	EXP 	eyetracker.setRecordingState(False)
35.2900 	EXP 	eyetracker.setRecordingState(False)
35.2974 	EXP 	eyetracker.setRecordingState(False)
35.3052 	EXP 	eyetracker.setRecordingState(False)
35.3129 	EXP 	eyetracker.setRecordingState(False)
35.3231 	EXP 	eyetracker.setRecordingState(False)
35.3323 	EXP 	eyetracker.setRecordingState(False)
35.3413 	EXP 	eyetracker.setRecordingState(False)
35.3505 	EXP 	eyetracker.setRecordingState(False)
35.3603 	EXP 	eyetracker.setRecordingState(False)
35.3687 	EXP 	eyetracker.setRecordingState(False)
35.3805 	EXP 	eyetracker.setRecordingState(False)
35.3896 	EXP 	eyetracker.setRecordingState(False)
35.3975 	EXP 	eyetracker.setRecordingState(False)
35.4076 	EXP 	eyetracker.setRecordingState(False)
35.4159 	EXP 	eyetracker.setRecordingState(False)
35.4225 	EXP 	eyetracker.setRecordingState(False)
35.4286 	EXP 	eyetracker.setRecordingState(False)
35.4355 	EXP 	eyetracker.setRecordingState(False)
35.4423 	EXP 	eyetracker.setRecordingState(False)
35.4489 	EXP 	eyetracker.setRecordingState(False)
35.4568 	EXP 	eyetracker.setRecordingState(False)
35.4649 	EXP 	eyetracker.setRecordingState(False)
35.4737 	EXP 	eyetracker.setRecordingState(False)
35.4848 	EXP 	eyetracker.setRecordingState(False)
35.4982 	EXP 	eyetracker.setRecordingState(False)
35.5079 	EXP 	eyetracker.setRecordingState(False)
35.5169 	EXP 	eyetracker.setRecordingState(False)
35.5286 	EXP 	eyetracker.setRecordingState(False)
35.5374 	EXP 	eyetracker.setRecordingState(False)
35.5480 	EXP 	eyetracker.setRecordingState(False)
35.5576 	EXP 	eyetracker.setRecordingState(False)
35.5665 	EXP 	eyetracker.setRecordingState(False)
35.5748 	EXP 	eyetracker.setRecordingState(False)
35.5841 	EXP 	eyetracker.setRecordingState(False)
35.5944 	EXP 	eyetracker.setRecordingState(False)
35.6051 	EXP 	eyetracker.setRecordingState(False)
35.6145 	EXP 	eyetracker.setRecordingState(False)
35.6255 	EXP 	eyetracker.setRecordingState(False)
35.6363 	EXP 	eyetracker.setRecordingState(False)
35.6453 	EXP 	eyetracker.setRecordingState(False)
35.6540 	EXP 	eyetracker.setRecordingState(False)
35.6624 	EXP 	eyetracker.setRecordingState(False)
35.6714 	EXP 	eyetracker.setRecordingState(False)
35.6810 	EXP 	eyetracker.setRecordingState(False)
35.6893 	EXP 	eyetracker.setRecordingState(False)
35.6991 	EXP 	eyetracker.setRecordingState(False)
35.7085 	EXP 	eyetracker.setRecordingState(False)
35.7202 	EXP 	eyetracker.setRecordingState(False)
35.7301 	EXP 	eyetracker.setRecordingState(False)
35.7380 	EXP 	eyetracker.setRecordingState(False)
35.7465 	EXP 	eyetracker.setRecordingState(False)
35.7527 	EXP 	eyetracker.setRecordingState(False)
35.7610 	EXP 	eyetracker.setRecordingState(False)
35.7682 	EXP 	eyetracker.setRecordingState(False)
35.7768 	EXP 	eyetracker.setRecordingState(False)
35.7851 	EXP 	eyetracker.setRecordingState(False)
35.7927 	EXP 	eyetracker.setRecordingState(False)
35.7987 	EXP 	eyetracker.setRecordingState(False)
35.8070 	EXP 	eyetracker.setRecordingState(False)
35.8151 	EXP 	eyetracker.setRecordingState(False)
35.8252 	EXP 	eyetracker.setRecordingState(False)
35.8327 	EXP 	eyetracker.setRecordingState(False)
35.8416 	EXP 	eyetracker.setRecordingState(False)
35.8495 	EXP 	eyetracker.setRecordingState(False)
35.8599 	EXP 	eyetracker.setRecordingState(False)
35.8691 	EXP 	eyetracker.setRecordingState(False)
35.8760 	EXP 	eyetracker.setRecordingState(False)
35.8835 	EXP 	eyetracker.setRecordingState(False)
35.8910 	EXP 	eyetracker.setRecordingState(False)
35.8985 	EXP 	eyetracker.setRecordingState(False)
35.9095 	EXP 	eyetracker.setRecordingState(False)
35.9183 	EXP 	eyetracker.setRecordingState(False)
35.9256 	EXP 	eyetracker.setRecordingState(False)
35.9361 	EXP 	eyetracker.setRecordingState(False)
35.9448 	EXP 	eyetracker.setRecordingState(False)
35.9533 	EXP 	eyetracker.setRecordingState(False)
35.9618 	EXP 	eyetracker.setRecordingState(False)
35.9728 	EXP 	eyetracker.setRecordingState(False)
35.9826 	EXP 	eyetracker.setRecordingState(False)
35.9910 	EXP 	eyetracker.setRecordingState(False)
36.0013 	EXP 	eyetracker.setRecordingState(False)
36.0102 	EXP 	eyetracker.setRecordingState(False)
36.0186 	EXP 	eyetracker.setRecordingState(False)
36.0276 	EXP 	eyetracker.setRecordingState(False)
36.0376 	EXP 	eyetracker.setRecordingState(False)
36.0498 	EXP 	eyetracker.setRecordingState(False)
36.0585 	EXP 	eyetracker.setRecordingState(False)
36.0656 	EXP 	eyetracker.setRecordingState(False)
36.0743 	EXP 	eyetracker.setRecordingState(False)
36.0841 	EXP 	eyetracker.setRecordingState(False)
36.0934 	EXP 	eyetracker.setRecordingState(False)
36.1022 	EXP 	eyetracker.setRecordingState(False)
36.1122 	EXP 	eyetracker.setRecordingState(False)
36.1216 	EXP 	eyetracker.setRecordingState(False)
36.1304 	EXP 	eyetracker.setRecordingState(False)
36.1411 	EXP 	eyetracker.setRecordingState(False)
36.1494 	EXP 	eyetracker.setRecordingState(False)
36.1584 	EXP 	eyetracker.setRecordingState(False)
36.1688 	EXP 	eyetracker.setRecordingState(False)
36.1776 	EXP 	eyetracker.setRecordingState(False)
36.1874 	EXP 	eyetracker.setRecordingState(False)
36.1971 	EXP 	eyetracker.setRecordingState(False)
36.2065 	EXP 	eyetracker.setRecordingState(False)
36.2161 	EXP 	eyetracker.setRecordingState(False)
36.2253 	EXP 	eyetracker.setRecordingState(False)
36.2340 	EXP 	eyetracker.setRecordingState(False)
36.2441 	EXP 	eyetracker.setRecordingState(False)
36.2534 	EXP 	eyetracker.setRecordingState(False)
36.2611 	EXP 	eyetracker.setRecordingState(False)
36.2693 	EXP 	eyetracker.setRecordingState(False)
36.2786 	EXP 	eyetracker.setRecordingState(False)
36.2884 	EXP 	eyetracker.setRecordingState(False)
36.2985 	EXP 	eyetracker.setRecordingState(False)
36.3064 	EXP 	eyetracker.setRecordingState(False)
36.3155 	EXP 	eyetracker.setRecordingState(False)
36.3244 	EXP 	eyetracker.setRecordingState(False)
36.3336 	EXP 	eyetracker.setRecordingState(False)
36.3444 	EXP 	eyetracker.setRecordingState(False)
36.3558 	EXP 	eyetracker.setRecordingState(False)
36.3649 	EXP 	eyetracker.setRecordingState(False)
36.3738 	EXP 	eyetracker.setRecordingState(False)
36.3844 	EXP 	eyetracker.setRecordingState(False)
36.3934 	EXP 	eyetracker.setRecordingState(False)
36.4014 	EXP 	eyetracker.setRecordingState(False)
36.4096 	EXP 	eyetracker.setRecordingState(False)
36.4189 	EXP 	eyetracker.setRecordingState(False)
36.4272 	EXP 	eyetracker.setRecordingState(False)
36.4366 	EXP 	eyetracker.setRecordingState(False)
36.4447 	EXP 	eyetracker.setRecordingState(False)
36.4555 	EXP 	eyetracker.setRecordingState(False)
36.4646 	EXP 	eyetracker.setRecordingState(False)
36.4747 	EXP 	eyetracker.setRecordingState(False)
36.4840 	EXP 	eyetracker.setRecordingState(False)
36.4924 	EXP 	eyetracker.setRecordingState(False)
36.5007 	EXP 	eyetracker.setRecordingState(False)
36.5101 	EXP 	eyetracker.setRecordingState(False)
36.5192 	EXP 	eyetracker.setRecordingState(False)
36.5296 	EXP 	eyetracker.setRecordingState(False)
36.5403 	EXP 	eyetracker.setRecordingState(False)
36.5498 	EXP 	eyetracker.setRecordingState(False)
36.5608 	EXP 	eyetracker.setRecordingState(False)
36.5691 	EXP 	eyetracker.setRecordingState(False)
36.5763 	EXP 	eyetracker.setRecordingState(False)
36.5835 	EXP 	eyetracker.setRecordingState(False)
36.5918 	EXP 	eyetracker.setRecordingState(False)
36.5999 	EXP 	eyetracker.setRecordingState(False)
36.6094 	EXP 	eyetracker.setRecordingState(False)
36.6171 	EXP 	eyetracker.setRecordingState(False)
36.6248 	EXP 	eyetracker.setRecordingState(False)
36.6322 	EXP 	eyetracker.setRecordingState(False)
36.6394 	EXP 	eyetracker.setRecordingState(False)
36.6462 	EXP 	eyetracker.setRecordingState(False)
36.6544 	EXP 	eyetracker.setRecordingState(False)
36.6636 	EXP 	eyetracker.setRecordingState(False)
36.6731 	EXP 	eyetracker.setRecordingState(False)
36.6825 	EXP 	eyetracker.setRecordingState(False)
36.6915 	EXP 	eyetracker.setRecordingState(False)
36.7007 	EXP 	eyetracker.setRecordingState(False)
36.7101 	EXP 	eyetracker.setRecordingState(False)
36.7192 	EXP 	eyetracker.setRecordingState(False)
36.7287 	EXP 	eyetracker.setRecordingState(False)
36.7379 	EXP 	eyetracker.setRecordingState(False)
36.7472 	EXP 	eyetracker.setRecordingState(False)
36.7571 	EXP 	eyetracker.setRecordingState(False)
36.7688 	EXP 	eyetracker.setRecordingState(False)
36.7771 	EXP 	eyetracker.setRecordingState(False)
36.7852 	EXP 	eyetracker.setRecordingState(False)
36.7940 	EXP 	eyetracker.setRecordingState(False)
36.8009 	EXP 	eyetracker.setRecordingState(False)
36.8121 	EXP 	eyetracker.setRecordingState(False)
36.8209 	EXP 	eyetracker.setRecordingState(False)
36.8317 	EXP 	eyetracker.setRecordingState(False)
36.8411 	EXP 	eyetracker.setRecordingState(False)
36.8500 	EXP 	eyetracker.setRecordingState(False)
36.8609 	EXP 	eyetracker.setRecordingState(False)
36.8696 	EXP 	eyetracker.setRecordingState(False)
36.8785 	EXP 	eyetracker.setRecordingState(False)
36.8870 	EXP 	eyetracker.setRecordingState(False)
36.8949 	EXP 	eyetracker.setRecordingState(False)
36.9020 	EXP 	eyetracker.setRecordingState(False)
36.9091 	EXP 	eyetracker.setRecordingState(False)
36.9160 	EXP 	eyetracker.setRecordingState(False)
36.9230 	EXP 	eyetracker.setRecordingState(False)
36.9308 	EXP 	eyetracker.setRecordingState(False)
36.9384 	EXP 	eyetracker.setRecordingState(False)
36.9457 	EXP 	eyetracker.setRecordingState(False)
36.9542 	EXP 	eyetracker.setRecordingState(False)
36.9641 	EXP 	eyetracker.setRecordingState(False)
36.9719 	EXP 	eyetracker.setRecordingState(False)
36.9797 	EXP 	eyetracker.setRecordingState(False)
36.9880 	EXP 	eyetracker.setRecordingState(False)
36.9958 	EXP 	eyetracker.setRecordingState(False)
37.0049 	EXP 	eyetracker.setRecordingState(False)
37.0145 	EXP 	eyetracker.setRecordingState(False)
37.0234 	EXP 	eyetracker.setRecordingState(False)
37.0348 	EXP 	eyetracker.setRecordingState(False)
37.0446 	EXP 	eyetracker.setRecordingState(False)
37.0568 	EXP 	eyetracker.setRecordingState(False)
37.0663 	EXP 	eyetracker.setRecordingState(False)
37.0774 	EXP 	eyetracker.setRecordingState(False)
37.0870 	EXP 	eyetracker.setRecordingState(False)
37.0971 	EXP 	eyetracker.setRecordingState(False)
37.1081 	EXP 	eyetracker.setRecordingState(False)
37.1187 	EXP 	eyetracker.setRecordingState(False)
37.1285 	EXP 	eyetracker.setRecordingState(False)
37.1403 	EXP 	eyetracker.setRecordingState(False)
37.1497 	EXP 	eyetracker.setRecordingState(False)
37.1598 	EXP 	eyetracker.setRecordingState(False)
37.1684 	EXP 	eyetracker.setRecordingState(False)
37.1760 	EXP 	eyetracker.setRecordingState(False)
37.1837 	EXP 	eyetracker.setRecordingState(False)
37.1925 	EXP 	eyetracker.setRecordingState(False)
37.2037 	EXP 	eyetracker.setRecordingState(False)
37.2129 	EXP 	eyetracker.setRecordingState(False)
37.2230 	EXP 	eyetracker.setRecordingState(False)
37.2336 	EXP 	eyetracker.setRecordingState(False)
37.2439 	EXP 	eyetracker.setRecordingState(False)
37.2539 	EXP 	eyetracker.setRecordingState(False)
37.2641 	EXP 	eyetracker.setRecordingState(False)
37.2734 	EXP 	eyetracker.setRecordingState(False)
37.2836 	EXP 	eyetracker.setRecordingState(False)
37.2944 	EXP 	eyetracker.setRecordingState(False)
37.3032 	EXP 	eyetracker.setRecordingState(False)
37.3133 	EXP 	eyetracker.setRecordingState(False)
37.3230 	EXP 	eyetracker.setRecordingState(False)
37.3323 	EXP 	eyetracker.setRecordingState(False)
37.3433 	EXP 	eyetracker.setRecordingState(False)
37.3535 	EXP 	eyetracker.setRecordingState(False)
37.3616 	EXP 	eyetracker.setRecordingState(False)
37.3707 	EXP 	eyetracker.setRecordingState(False)
37.3779 	EXP 	eyetracker.setRecordingState(False)
37.3845 	EXP 	eyetracker.setRecordingState(False)
37.3921 	EXP 	eyetracker.setRecordingState(False)
37.4013 	EXP 	eyetracker.setRecordingState(False)
37.4084 	EXP 	eyetracker.setRecordingState(False)
37.4187 	EXP 	eyetracker.setRecordingState(False)
37.4249 	EXP 	eyetracker.setRecordingState(False)
37.4323 	EXP 	eyetracker.setRecordingState(False)
37.4405 	EXP 	eyetracker.setRecordingState(False)
37.4492 	EXP 	eyetracker.setRecordingState(False)
37.4579 	EXP 	eyetracker.setRecordingState(False)
37.4702 	EXP 	eyetracker.setRecordingState(False)
37.4820 	EXP 	eyetracker.setRecordingState(False)
37.4926 	EXP 	eyetracker.setRecordingState(False)
37.5171 	EXP 	eyetracker.setRecordingState(False)
37.5308 	EXP 	eyetracker.setRecordingState(False)
37.5461 	EXP 	eyetracker.setRecordingState(False)
37.5656 	EXP 	eyetracker.setRecordingState(False)
37.5811 	EXP 	eyetracker.setRecordingState(False)
37.5968 	EXP 	eyetracker.setRecordingState(False)
37.6095 	EXP 	eyetracker.setRecordingState(False)
37.6217 	EXP 	eyetracker.setRecordingState(False)
37.6310 	EXP 	eyetracker.setRecordingState(False)
37.6438 	EXP 	eyetracker.setRecordingState(False)
37.6524 	EXP 	eyetracker.setRecordingState(False)
37.6607 	EXP 	eyetracker.setRecordingState(False)
37.6713 	EXP 	eyetracker.setRecordingState(False)
37.6814 	EXP 	eyetracker.setRecordingState(False)
37.6913 	EXP 	eyetracker.setRecordingState(False)
37.7023 	EXP 	eyetracker.setRecordingState(False)
37.7121 	EXP 	eyetracker.setRecordingState(False)
37.7206 	EXP 	eyetracker.setRecordingState(False)
37.7295 	EXP 	eyetracker.setRecordingState(False)
37.7399 	EXP 	eyetracker.setRecordingState(False)
37.7497 	EXP 	eyetracker.setRecordingState(False)
37.7580 	EXP 	eyetracker.setRecordingState(False)
37.7687 	EXP 	eyetracker.setRecordingState(False)
37.7775 	EXP 	eyetracker.setRecordingState(False)
37.7852 	EXP 	eyetracker.setRecordingState(False)
37.7943 	EXP 	eyetracker.setRecordingState(False)
37.8032 	EXP 	eyetracker.setRecordingState(False)
37.8103 	EXP 	eyetracker.setRecordingState(False)
37.8194 	EXP 	eyetracker.setRecordingState(False)
37.8298 	EXP 	eyetracker.setRecordingState(False)
37.8405 	EXP 	eyetracker.setRecordingState(False)
37.8499 	EXP 	eyetracker.setRecordingState(False)
37.8586 	EXP 	eyetracker.setRecordingState(False)
37.8671 	EXP 	eyetracker.setRecordingState(False)
37.8788 	EXP 	eyetracker.setRecordingState(False)
37.8880 	EXP 	eyetracker.setRecordingState(False)
37.8956 	EXP 	eyetracker.setRecordingState(False)
37.9046 	EXP 	eyetracker.setRecordingState(False)
37.9116 	EXP 	eyetracker.setRecordingState(False)
37.9207 	EXP 	eyetracker.setRecordingState(False)
37.9285 	EXP 	eyetracker.setRecordingState(False)
37.9371 	EXP 	eyetracker.setRecordingState(False)
37.9462 	EXP 	eyetracker.setRecordingState(False)
37.9567 	EXP 	eyetracker.setRecordingState(False)
37.9663 	EXP 	eyetracker.setRecordingState(False)
37.9757 	EXP 	eyetracker.setRecordingState(False)
37.9863 	EXP 	eyetracker.setRecordingState(False)
37.9970 	EXP 	eyetracker.setRecordingState(False)
38.0072 	EXP 	eyetracker.setRecordingState(False)
38.0181 	EXP 	eyetracker.setRecordingState(False)
38.0282 	EXP 	eyetracker.setRecordingState(False)
38.0362 	EXP 	eyetracker.setRecordingState(False)
38.0479 	EXP 	eyetracker.setRecordingState(False)
38.0568 	EXP 	eyetracker.setRecordingState(False)
38.0650 	EXP 	eyetracker.setRecordingState(False)
38.0772 	EXP 	eyetracker.setRecordingState(False)
38.0881 	EXP 	eyetracker.setRecordingState(False)
38.0974 	EXP 	eyetracker.setRecordingState(False)
38.1069 	EXP 	eyetracker.setRecordingState(False)
38.1148 	EXP 	eyetracker.setRecordingState(False)
38.1280 	EXP 	eyetracker.setRecordingState(False)
38.1352 	EXP 	eyetracker.setRecordingState(False)
38.1442 	EXP 	eyetracker.setRecordingState(False)
38.1530 	EXP 	eyetracker.setRecordingState(False)
38.1616 	EXP 	eyetracker.setRecordingState(False)
38.1703 	EXP 	eyetracker.setRecordingState(False)
38.1817 	EXP 	eyetracker.setRecordingState(False)
38.1907 	EXP 	eyetracker.setRecordingState(False)
38.2000 	EXP 	eyetracker.setRecordingState(False)
38.2094 	EXP 	eyetracker.setRecordingState(False)
38.2226 	EXP 	eyetracker.setRecordingState(False)
38.2320 	EXP 	eyetracker.setRecordingState(False)
38.2434 	EXP 	eyetracker.setRecordingState(False)
38.2522 	EXP 	eyetracker.setRecordingState(False)
38.2614 	EXP 	eyetracker.setRecordingState(False)
38.2721 	EXP 	eyetracker.setRecordingState(False)
38.2815 	EXP 	eyetracker.setRecordingState(False)
38.2917 	EXP 	eyetracker.setRecordingState(False)
38.3021 	EXP 	eyetracker.setRecordingState(False)
38.3139 	EXP 	eyetracker.setRecordingState(False)
38.3246 	EXP 	eyetracker.setRecordingState(False)
38.3347 	EXP 	eyetracker.setRecordingState(False)
38.3475 	EXP 	eyetracker.setRecordingState(False)
38.3565 	EXP 	eyetracker.setRecordingState(False)
38.3648 	EXP 	eyetracker.setRecordingState(False)
38.3766 	EXP 	eyetracker.setRecordingState(False)
38.3879 	EXP 	eyetracker.setRecordingState(False)
38.3968 	EXP 	eyetracker.setRecordingState(False)
38.4061 	EXP 	eyetracker.setRecordingState(False)
38.4174 	EXP 	eyetracker.setRecordingState(False)
38.4248 	EXP 	eyetracker.setRecordingState(False)
38.4333 	EXP 	eyetracker.setRecordingState(False)
38.4406 	EXP 	eyetracker.setRecordingState(False)
38.4472 	EXP 	eyetracker.setRecordingState(False)
38.4551 	EXP 	eyetracker.setRecordingState(False)
38.4648 	EXP 	eyetracker.setRecordingState(False)
38.4752 	EXP 	eyetracker.setRecordingState(False)
38.4864 	EXP 	eyetracker.setRecordingState(False)
38.4963 	EXP 	eyetracker.setRecordingState(False)
38.5056 	EXP 	eyetracker.setRecordingState(False)
38.5149 	EXP 	eyetracker.setRecordingState(False)
38.5245 	EXP 	eyetracker.setRecordingState(False)
38.5345 	EXP 	eyetracker.setRecordingState(False)
38.5440 	EXP 	eyetracker.setRecordingState(False)
38.5529 	EXP 	eyetracker.setRecordingState(False)
38.5620 	EXP 	eyetracker.setRecordingState(False)
38.5699 	EXP 	eyetracker.setRecordingState(False)
38.5797 	EXP 	eyetracker.setRecordingState(False)
38.5893 	EXP 	eyetracker.setRecordingState(False)
38.5999 	EXP 	eyetracker.setRecordingState(False)
38.6099 	EXP 	eyetracker.setRecordingState(False)
38.6189 	EXP 	eyetracker.setRecordingState(False)
38.6289 	EXP 	eyetracker.setRecordingState(False)
38.6385 	EXP 	eyetracker.setRecordingState(False)
38.6483 	EXP 	eyetracker.setRecordingState(False)
38.6580 	EXP 	eyetracker.setRecordingState(False)
38.6670 	EXP 	eyetracker.setRecordingState(False)
38.6768 	EXP 	eyetracker.setRecordingState(False)
38.6862 	EXP 	eyetracker.setRecordingState(False)
38.6951 	EXP 	eyetracker.setRecordingState(False)
38.7051 	EXP 	eyetracker.setRecordingState(False)
38.7154 	EXP 	eyetracker.setRecordingState(False)
38.7247 	EXP 	eyetracker.setRecordingState(False)
38.7349 	EXP 	eyetracker.setRecordingState(False)
38.7444 	EXP 	eyetracker.setRecordingState(False)
38.7552 	EXP 	eyetracker.setRecordingState(False)
38.7660 	EXP 	eyetracker.setRecordingState(False)
38.7771 	EXP 	eyetracker.setRecordingState(False)
38.7875 	EXP 	eyetracker.setRecordingState(False)
38.7992 	EXP 	eyetracker.setRecordingState(False)
38.8103 	EXP 	eyetracker.setRecordingState(False)
38.8208 	EXP 	eyetracker.setRecordingState(False)
38.8324 	EXP 	eyetracker.setRecordingState(False)
38.8433 	EXP 	eyetracker.setRecordingState(False)
38.8545 	EXP 	eyetracker.setRecordingState(False)
38.8666 	EXP 	eyetracker.setRecordingState(False)
38.8787 	EXP 	eyetracker.setRecordingState(False)
38.8890 	EXP 	eyetracker.setRecordingState(False)
38.9002 	EXP 	eyetracker.setRecordingState(False)
38.9123 	EXP 	eyetracker.setRecordingState(False)
38.9231 	EXP 	eyetracker.setRecordingState(False)
38.9342 	EXP 	eyetracker.setRecordingState(False)
38.9458 	EXP 	eyetracker.setRecordingState(False)
38.9571 	EXP 	eyetracker.setRecordingState(False)
38.9688 	EXP 	eyetracker.setRecordingState(False)
38.9812 	EXP 	eyetracker.setRecordingState(False)
38.9939 	EXP 	eyetracker.setRecordingState(False)
39.0043 	EXP 	eyetracker.setRecordingState(False)
39.0156 	EXP 	eyetracker.setRecordingState(False)
39.0267 	EXP 	eyetracker.setRecordingState(False)
39.0392 	EXP 	eyetracker.setRecordingState(False)
39.0497 	EXP 	eyetracker.setRecordingState(False)
39.0605 	EXP 	eyetracker.setRecordingState(False)
39.0724 	EXP 	eyetracker.setRecordingState(False)
39.0856 	EXP 	eyetracker.setRecordingState(False)
39.0996 	EXP 	eyetracker.setRecordingState(False)
39.1121 	EXP 	eyetracker.setRecordingState(False)
39.1229 	EXP 	eyetracker.setRecordingState(False)
39.1333 	EXP 	eyetracker.setRecordingState(False)
39.1412 	EXP 	eyetracker.setRecordingState(False)
39.1472 	EXP 	eyetracker.setRecordingState(False)
39.1541 	EXP 	eyetracker.setRecordingState(False)
39.1615 	EXP 	eyetracker.setRecordingState(False)
39.1688 	EXP 	eyetracker.setRecordingState(False)
39.1763 	EXP 	eyetracker.setRecordingState(False)
39.1836 	EXP 	eyetracker.setRecordingState(False)
39.1902 	EXP 	eyetracker.setRecordingState(False)
39.1975 	EXP 	eyetracker.setRecordingState(False)
39.2042 	EXP 	eyetracker.setRecordingState(False)
39.2117 	EXP 	eyetracker.setRecordingState(False)
39.2193 	EXP 	eyetracker.setRecordingState(False)
39.2272 	EXP 	eyetracker.setRecordingState(False)
39.2351 	EXP 	eyetracker.setRecordingState(False)
39.2451 	EXP 	eyetracker.setRecordingState(False)
39.2531 	EXP 	eyetracker.setRecordingState(False)
39.2607 	EXP 	eyetracker.setRecordingState(False)
39.2671 	EXP 	eyetracker.setRecordingState(False)
39.2742 	EXP 	eyetracker.setRecordingState(False)
39.2805 	EXP 	eyetracker.setRecordingState(False)
39.2867 	EXP 	eyetracker.setRecordingState(False)
39.2932 	EXP 	eyetracker.setRecordingState(False)
39.3010 	EXP 	eyetracker.setRecordingState(False)
39.3081 	EXP 	eyetracker.setRecordingState(False)
39.3154 	EXP 	eyetracker.setRecordingState(False)
39.3226 	EXP 	eyetracker.setRecordingState(False)
39.3294 	EXP 	eyetracker.setRecordingState(False)
39.3358 	EXP 	eyetracker.setRecordingState(False)
39.3428 	EXP 	eyetracker.setRecordingState(False)
39.3503 	EXP 	eyetracker.setRecordingState(False)
39.3565 	EXP 	eyetracker.setRecordingState(False)
39.3636 	EXP 	eyetracker.setRecordingState(False)
39.3703 	EXP 	eyetracker.setRecordingState(False)
39.3765 	EXP 	eyetracker.setRecordingState(False)
39.3831 	EXP 	eyetracker.setRecordingState(False)
39.3917 	EXP 	eyetracker.setRecordingState(False)
39.3995 	EXP 	eyetracker.setRecordingState(False)
39.4078 	EXP 	eyetracker.setRecordingState(False)
39.4163 	EXP 	eyetracker.setRecordingState(False)
39.4252 	EXP 	eyetracker.setRecordingState(False)
39.4323 	EXP 	eyetracker.setRecordingState(False)
39.4391 	EXP 	eyetracker.setRecordingState(False)
39.4463 	EXP 	eyetracker.setRecordingState(False)
39.4527 	EXP 	eyetracker.setRecordingState(False)
39.4597 	EXP 	eyetracker.setRecordingState(False)
39.4657 	EXP 	eyetracker.setRecordingState(False)
39.4721 	EXP 	eyetracker.setRecordingState(False)
39.4769 	EXP 	eyetracker.setRecordingState(False)
39.4825 	EXP 	eyetracker.setRecordingState(False)
39.4889 	EXP 	eyetracker.setRecordingState(False)
39.4945 	EXP 	eyetracker.setRecordingState(False)
39.5014 	EXP 	eyetracker.setRecordingState(False)
39.5089 	EXP 	eyetracker.setRecordingState(False)
39.5159 	EXP 	eyetracker.setRecordingState(False)
39.5228 	EXP 	eyetracker.setRecordingState(False)
39.5344 	EXP 	eyetracker.setRecordingState(False)
39.5434 	EXP 	eyetracker.setRecordingState(False)
39.5500 	EXP 	eyetracker.setRecordingState(False)
39.5605 	EXP 	eyetracker.setRecordingState(False)
39.5677 	EXP 	eyetracker.setRecordingState(False)
39.5752 	EXP 	eyetracker.setRecordingState(False)
39.5827 	EXP 	eyetracker.setRecordingState(False)
39.5914 	EXP 	eyetracker.setRecordingState(False)
39.6013 	EXP 	eyetracker.setRecordingState(False)
39.6104 	EXP 	eyetracker.setRecordingState(False)
39.6206 	EXP 	eyetracker.setRecordingState(False)
39.6324 	EXP 	eyetracker.setRecordingState(False)
39.6438 	EXP 	eyetracker.setRecordingState(False)
39.6540 	EXP 	eyetracker.setRecordingState(False)
39.6655 	EXP 	eyetracker.setRecordingState(False)
39.6743 	EXP 	eyetracker.setRecordingState(False)
39.6837 	EXP 	eyetracker.setRecordingState(False)
39.6927 	EXP 	eyetracker.setRecordingState(False)
39.7008 	EXP 	eyetracker.setRecordingState(False)
39.7086 	EXP 	eyetracker.setRecordingState(False)
39.7176 	EXP 	eyetracker.setRecordingState(False)
39.7242 	EXP 	eyetracker.setRecordingState(False)
39.7332 	EXP 	eyetracker.setRecordingState(False)
39.7405 	EXP 	eyetracker.setRecordingState(False)
39.7490 	EXP 	eyetracker.setRecordingState(False)
39.7566 	EXP 	eyetracker.setRecordingState(False)
39.7636 	EXP 	eyetracker.setRecordingState(False)
39.7715 	EXP 	eyetracker.setRecordingState(False)
39.7796 	EXP 	eyetracker.setRecordingState(False)
39.7902 	EXP 	eyetracker.setRecordingState(False)
39.7991 	EXP 	eyetracker.setRecordingState(False)
39.8110 	EXP 	eyetracker.setRecordingState(False)
39.8213 	EXP 	eyetracker.setRecordingState(False)
39.8323 	EXP 	eyetracker.setRecordingState(False)
39.8419 	EXP 	eyetracker.setRecordingState(False)
39.8502 	EXP 	eyetracker.setRecordingState(False)
39.8602 	EXP 	eyetracker.setRecordingState(False)
39.8694 	EXP 	eyetracker.setRecordingState(False)
39.8820 	EXP 	eyetracker.setRecordingState(False)
39.8908 	EXP 	eyetracker.setRecordingState(False)
39.8997 	EXP 	eyetracker.setRecordingState(False)
39.9079 	EXP 	eyetracker.setRecordingState(False)
39.9177 	EXP 	eyetracker.setRecordingState(False)
39.9267 	EXP 	eyetracker.setRecordingState(False)
39.9368 	EXP 	eyetracker.setRecordingState(False)
39.9464 	EXP 	eyetracker.setRecordingState(False)
39.9566 	EXP 	eyetracker.setRecordingState(False)
39.9656 	EXP 	eyetracker.setRecordingState(False)
39.9747 	EXP 	eyetracker.setRecordingState(False)
39.9852 	EXP 	eyetracker.setRecordingState(False)
39.9954 	EXP 	eyetracker.setRecordingState(False)
40.0049 	EXP 	eyetracker.setRecordingState(False)
40.0155 	EXP 	eyetracker.setRecordingState(False)
40.0251 	EXP 	eyetracker.setRecordingState(False)
40.0366 	EXP 	eyetracker.setRecordingState(False)
40.0460 	EXP 	eyetracker.setRecordingState(False)
40.0545 	EXP 	eyetracker.setRecordingState(False)
40.0640 	EXP 	eyetracker.setRecordingState(False)
40.0731 	EXP 	eyetracker.setRecordingState(False)
40.0832 	EXP 	eyetracker.setRecordingState(False)
40.0932 	EXP 	eyetracker.setRecordingState(False)
40.1033 	EXP 	eyetracker.setRecordingState(False)
40.1154 	EXP 	eyetracker.setRecordingState(False)
40.1266 	EXP 	eyetracker.setRecordingState(False)
40.1366 	EXP 	eyetracker.setRecordingState(False)
40.1465 	EXP 	eyetracker.setRecordingState(False)
40.1546 	EXP 	eyetracker.setRecordingState(False)
40.1625 	EXP 	eyetracker.setRecordingState(False)
40.1702 	EXP 	eyetracker.setRecordingState(False)
40.1764 	EXP 	eyetracker.setRecordingState(False)
40.1829 	EXP 	eyetracker.setRecordingState(False)
40.1890 	EXP 	eyetracker.setRecordingState(False)
40.1963 	EXP 	eyetracker.setRecordingState(False)
40.2028 	EXP 	eyetracker.setRecordingState(False)
40.2107 	EXP 	eyetracker.setRecordingState(False)
40.2191 	EXP 	eyetracker.setRecordingState(False)
40.2288 	EXP 	eyetracker.setRecordingState(False)
40.2382 	EXP 	eyetracker.setRecordingState(False)
40.2474 	EXP 	eyetracker.setRecordingState(False)
40.2570 	EXP 	eyetracker.setRecordingState(False)
40.2661 	EXP 	eyetracker.setRecordingState(False)
40.2766 	EXP 	eyetracker.setRecordingState(False)
40.2851 	EXP 	eyetracker.setRecordingState(False)
40.2954 	EXP 	eyetracker.setRecordingState(False)
40.3038 	EXP 	eyetracker.setRecordingState(False)
40.3130 	EXP 	eyetracker.setRecordingState(False)
40.3228 	EXP 	eyetracker.setRecordingState(False)
40.3308 	EXP 	eyetracker.setRecordingState(False)
40.3387 	EXP 	eyetracker.setRecordingState(False)
40.3485 	EXP 	eyetracker.setRecordingState(False)
40.3581 	EXP 	eyetracker.setRecordingState(False)
40.3679 	EXP 	eyetracker.setRecordingState(False)
40.3792 	EXP 	eyetracker.setRecordingState(False)
40.3913 	EXP 	eyetracker.setRecordingState(False)
40.4013 	EXP 	eyetracker.setRecordingState(False)
40.4093 	EXP 	eyetracker.setRecordingState(False)
40.4225 	EXP 	eyetracker.setRecordingState(False)
40.4311 	EXP 	eyetracker.setRecordingState(False)
40.4394 	EXP 	eyetracker.setRecordingState(False)
40.4472 	EXP 	eyetracker.setRecordingState(False)
40.4547 	EXP 	eyetracker.setRecordingState(False)
40.4634 	EXP 	eyetracker.setRecordingState(False)
40.4723 	EXP 	eyetracker.setRecordingState(False)
40.4834 	EXP 	eyetracker.setRecordingState(False)
40.4921 	EXP 	eyetracker.setRecordingState(False)
40.5030 	EXP 	eyetracker.setRecordingState(False)
40.5135 	EXP 	eyetracker.setRecordingState(False)
40.5230 	EXP 	eyetracker.setRecordingState(False)
40.5339 	EXP 	eyetracker.setRecordingState(False)
40.5441 	EXP 	eyetracker.setRecordingState(False)
40.5531 	EXP 	eyetracker.setRecordingState(False)
40.5628 	EXP 	eyetracker.setRecordingState(False)
40.5751 	EXP 	eyetracker.setRecordingState(False)
40.5862 	EXP 	eyetracker.setRecordingState(False)
40.5976 	EXP 	eyetracker.setRecordingState(False)
40.6095 	EXP 	eyetracker.setRecordingState(False)
40.6227 	EXP 	eyetracker.setRecordingState(False)
40.6326 	EXP 	eyetracker.setRecordingState(False)
40.6431 	EXP 	eyetracker.setRecordingState(False)
40.6517 	EXP 	eyetracker.setRecordingState(False)
40.6600 	EXP 	eyetracker.setRecordingState(False)
40.6712 	EXP 	eyetracker.setRecordingState(False)
40.6812 	EXP 	eyetracker.setRecordingState(False)
40.6917 	EXP 	eyetracker.setRecordingState(False)
40.6991 	EXP 	eyetracker.setRecordingState(False)
40.7066 	EXP 	eyetracker.setRecordingState(False)
40.7141 	EXP 	eyetracker.setRecordingState(False)
40.7227 	EXP 	eyetracker.setRecordingState(False)
40.7326 	EXP 	eyetracker.setRecordingState(False)
40.7418 	EXP 	eyetracker.setRecordingState(False)
40.7498 	EXP 	eyetracker.setRecordingState(False)
40.7573 	EXP 	eyetracker.setRecordingState(False)
40.7655 	EXP 	eyetracker.setRecordingState(False)
40.7743 	EXP 	eyetracker.setRecordingState(False)
40.7834 	EXP 	eyetracker.setRecordingState(False)
40.7927 	EXP 	eyetracker.setRecordingState(False)
40.8027 	EXP 	eyetracker.setRecordingState(False)
40.8123 	EXP 	eyetracker.setRecordingState(False)
40.8214 	EXP 	eyetracker.setRecordingState(False)
40.8304 	EXP 	eyetracker.setRecordingState(False)
40.8394 	EXP 	eyetracker.setRecordingState(False)
40.8466 	EXP 	eyetracker.setRecordingState(False)
40.8536 	EXP 	eyetracker.setRecordingState(False)
40.8611 	EXP 	eyetracker.setRecordingState(False)
40.8685 	EXP 	eyetracker.setRecordingState(False)
40.8754 	EXP 	eyetracker.setRecordingState(False)
40.8834 	EXP 	eyetracker.setRecordingState(False)
40.8936 	EXP 	eyetracker.setRecordingState(False)
40.9031 	EXP 	eyetracker.setRecordingState(False)
40.9134 	EXP 	eyetracker.setRecordingState(False)
40.9237 	EXP 	eyetracker.setRecordingState(False)
40.9323 	EXP 	eyetracker.setRecordingState(False)
40.9423 	EXP 	eyetracker.setRecordingState(False)
40.9521 	EXP 	eyetracker.setRecordingState(False)
40.9603 	EXP 	eyetracker.setRecordingState(False)
40.9717 	EXP 	eyetracker.setRecordingState(False)
40.9819 	EXP 	eyetracker.setRecordingState(False)
40.9929 	EXP 	eyetracker.setRecordingState(False)
41.0049 	EXP 	eyetracker.setRecordingState(False)
41.0152 	EXP 	eyetracker.setRecordingState(False)
41.0273 	EXP 	eyetracker.setRecordingState(False)
41.0375 	EXP 	eyetracker.setRecordingState(False)
41.0482 	EXP 	eyetracker.setRecordingState(False)
41.0578 	EXP 	eyetracker.setRecordingState(False)
41.0677 	EXP 	eyetracker.setRecordingState(False)
41.0773 	EXP 	eyetracker.setRecordingState(False)
41.0877 	EXP 	eyetracker.setRecordingState(False)
41.0973 	EXP 	eyetracker.setRecordingState(False)
41.1070 	EXP 	eyetracker.setRecordingState(False)
41.1175 	EXP 	eyetracker.setRecordingState(False)
41.1283 	EXP 	eyetracker.setRecordingState(False)
41.1402 	EXP 	eyetracker.setRecordingState(False)
41.1506 	EXP 	eyetracker.setRecordingState(False)
41.1615 	EXP 	eyetracker.setRecordingState(False)
41.1716 	EXP 	eyetracker.setRecordingState(False)
41.1817 	EXP 	eyetracker.setRecordingState(False)
41.1917 	EXP 	eyetracker.setRecordingState(False)
41.2017 	EXP 	eyetracker.setRecordingState(False)
41.2123 	EXP 	eyetracker.setRecordingState(False)
41.2227 	EXP 	eyetracker.setRecordingState(False)
41.2323 	EXP 	eyetracker.setRecordingState(False)
41.2412 	EXP 	eyetracker.setRecordingState(False)
41.2494 	EXP 	eyetracker.setRecordingState(False)
41.2591 	EXP 	eyetracker.setRecordingState(False)
41.2667 	EXP 	eyetracker.setRecordingState(False)
41.2738 	EXP 	eyetracker.setRecordingState(False)
41.2810 	EXP 	eyetracker.setRecordingState(False)
41.2890 	EXP 	eyetracker.setRecordingState(False)
41.2992 	EXP 	eyetracker.setRecordingState(False)
41.3085 	EXP 	eyetracker.setRecordingState(False)
41.3189 	EXP 	eyetracker.setRecordingState(False)
41.3283 	EXP 	eyetracker.setRecordingState(False)
41.3385 	EXP 	eyetracker.setRecordingState(False)
41.3480 	EXP 	eyetracker.setRecordingState(False)
41.3577 	EXP 	eyetracker.setRecordingState(False)
41.3691 	EXP 	eyetracker.setRecordingState(False)
41.3786 	EXP 	eyetracker.setRecordingState(False)
41.3887 	EXP 	eyetracker.setRecordingState(False)
41.3991 	EXP 	eyetracker.setRecordingState(False)
41.4089 	EXP 	eyetracker.setRecordingState(False)
41.4193 	EXP 	eyetracker.setRecordingState(False)
41.4311 	EXP 	eyetracker.setRecordingState(False)
41.4408 	EXP 	eyetracker.setRecordingState(False)
41.4500 	EXP 	eyetracker.setRecordingState(False)
41.4582 	EXP 	eyetracker.setRecordingState(False)
41.4660 	EXP 	eyetracker.setRecordingState(False)
41.4741 	EXP 	eyetracker.setRecordingState(False)
41.4816 	EXP 	eyetracker.setRecordingState(False)
41.4894 	EXP 	eyetracker.setRecordingState(False)
41.4979 	EXP 	eyetracker.setRecordingState(False)
41.5064 	EXP 	eyetracker.setRecordingState(False)
41.5151 	EXP 	eyetracker.setRecordingState(False)
41.5255 	EXP 	eyetracker.setRecordingState(False)
41.5361 	EXP 	eyetracker.setRecordingState(False)
41.5444 	EXP 	eyetracker.setRecordingState(False)
41.5528 	EXP 	eyetracker.setRecordingState(False)
41.5613 	EXP 	eyetracker.setRecordingState(False)
41.5693 	EXP 	eyetracker.setRecordingState(False)
41.5789 	EXP 	eyetracker.setRecordingState(False)
41.5870 	EXP 	eyetracker.setRecordingState(False)
41.5941 	EXP 	eyetracker.setRecordingState(False)
41.6030 	EXP 	eyetracker.setRecordingState(False)
41.6110 	EXP 	eyetracker.setRecordingState(False)
41.6215 	EXP 	eyetracker.setRecordingState(False)
41.6301 	EXP 	eyetracker.setRecordingState(False)
41.6397 	EXP 	eyetracker.setRecordingState(False)
41.6503 	EXP 	eyetracker.setRecordingState(False)
41.6591 	EXP 	eyetracker.setRecordingState(False)
41.6688 	EXP 	eyetracker.setRecordingState(False)
41.6780 	EXP 	eyetracker.setRecordingState(False)
41.6881 	EXP 	eyetracker.setRecordingState(False)
41.6980 	EXP 	eyetracker.setRecordingState(False)
41.7064 	EXP 	eyetracker.setRecordingState(False)
41.7157 	EXP 	eyetracker.setRecordingState(False)
41.7268 	EXP 	eyetracker.setRecordingState(False)
41.7363 	EXP 	eyetracker.setRecordingState(False)
41.7465 	EXP 	eyetracker.setRecordingState(False)
41.7538 	EXP 	eyetracker.setRecordingState(False)
41.7613 	EXP 	eyetracker.setRecordingState(False)
41.7694 	EXP 	eyetracker.setRecordingState(False)
41.7797 	EXP 	eyetracker.setRecordingState(False)
41.7899 	EXP 	eyetracker.setRecordingState(False)
41.8003 	EXP 	eyetracker.setRecordingState(False)
41.8104 	EXP 	eyetracker.setRecordingState(False)
41.8198 	EXP 	eyetracker.setRecordingState(False)
41.8296 	EXP 	eyetracker.setRecordingState(False)
41.8393 	EXP 	eyetracker.setRecordingState(False)
41.8508 	EXP 	eyetracker.setRecordingState(False)
41.8600 	EXP 	eyetracker.setRecordingState(False)
41.8690 	EXP 	eyetracker.setRecordingState(False)
41.8772 	EXP 	eyetracker.setRecordingState(False)
41.8866 	EXP 	eyetracker.setRecordingState(False)
41.8952 	EXP 	eyetracker.setRecordingState(False)
41.9058 	EXP 	eyetracker.setRecordingState(False)
41.9146 	EXP 	eyetracker.setRecordingState(False)
41.9232 	EXP 	eyetracker.setRecordingState(False)
41.9318 	EXP 	eyetracker.setRecordingState(False)
41.9420 	EXP 	eyetracker.setRecordingState(False)
41.9507 	EXP 	eyetracker.setRecordingState(False)
41.9587 	EXP 	eyetracker.setRecordingState(False)
41.9689 	EXP 	eyetracker.setRecordingState(False)
41.9787 	EXP 	eyetracker.setRecordingState(False)
41.9883 	EXP 	eyetracker.setRecordingState(False)
41.9992 	EXP 	eyetracker.setRecordingState(False)
42.0071 	EXP 	eyetracker.setRecordingState(False)
42.0168 	EXP 	eyetracker.setRecordingState(False)
42.0267 	EXP 	eyetracker.setRecordingState(False)
42.0359 	EXP 	eyetracker.setRecordingState(False)
42.0452 	EXP 	eyetracker.setRecordingState(False)
42.0547 	EXP 	eyetracker.setRecordingState(False)
42.0657 	EXP 	eyetracker.setRecordingState(False)
42.0761 	EXP 	eyetracker.setRecordingState(False)
42.0870 	EXP 	eyetracker.setRecordingState(False)
42.0976 	EXP 	eyetracker.setRecordingState(False)
42.1091 	EXP 	eyetracker.setRecordingState(False)
42.1214 	EXP 	eyetracker.setRecordingState(False)
42.1313 	EXP 	eyetracker.setRecordingState(False)
42.1412 	EXP 	eyetracker.setRecordingState(False)
42.1513 	EXP 	eyetracker.setRecordingState(False)
42.1611 	EXP 	eyetracker.setRecordingState(False)
42.1726 	EXP 	eyetracker.setRecordingState(False)
42.1819 	EXP 	eyetracker.setRecordingState(False)
42.1926 	EXP 	eyetracker.setRecordingState(False)
42.2018 	EXP 	eyetracker.setRecordingState(False)
42.2097 	EXP 	eyetracker.setRecordingState(False)
42.2180 	EXP 	eyetracker.setRecordingState(False)
42.2253 	EXP 	eyetracker.setRecordingState(False)
42.2314 	EXP 	eyetracker.setRecordingState(False)
42.2372 	EXP 	eyetracker.setRecordingState(False)
42.2432 	EXP 	eyetracker.setRecordingState(False)
42.2504 	EXP 	eyetracker.setRecordingState(False)
42.2571 	EXP 	eyetracker.setRecordingState(False)
42.2633 	EXP 	eyetracker.setRecordingState(False)
42.2699 	EXP 	eyetracker.setRecordingState(False)
42.2761 	EXP 	eyetracker.setRecordingState(False)
42.2825 	EXP 	eyetracker.setRecordingState(False)
42.2886 	EXP 	eyetracker.setRecordingState(False)
42.2950 	EXP 	eyetracker.setRecordingState(False)
42.3008 	EXP 	eyetracker.setRecordingState(False)
42.3066 	EXP 	eyetracker.setRecordingState(False)
42.3133 	EXP 	eyetracker.setRecordingState(False)
42.3212 	EXP 	eyetracker.setRecordingState(False)
42.3284 	EXP 	eyetracker.setRecordingState(False)
42.3349 	EXP 	eyetracker.setRecordingState(False)
42.3417 	EXP 	eyetracker.setRecordingState(False)
42.3482 	EXP 	eyetracker.setRecordingState(False)
42.3551 	EXP 	eyetracker.setRecordingState(False)
42.3623 	EXP 	eyetracker.setRecordingState(False)
42.3693 	EXP 	eyetracker.setRecordingState(False)
42.3769 	EXP 	eyetracker.setRecordingState(False)
42.3839 	EXP 	eyetracker.setRecordingState(False)
42.3915 	EXP 	eyetracker.setRecordingState(False)
42.4010 	EXP 	eyetracker.setRecordingState(False)
42.4106 	EXP 	eyetracker.setRecordingState(False)
42.4194 	EXP 	eyetracker.setRecordingState(False)
42.4294 	EXP 	eyetracker.setRecordingState(False)
42.4370 	EXP 	eyetracker.setRecordingState(False)
42.4437 	EXP 	eyetracker.setRecordingState(False)
42.4507 	EXP 	eyetracker.setRecordingState(False)
42.4574 	EXP 	eyetracker.setRecordingState(False)
42.4652 	EXP 	eyetracker.setRecordingState(False)
42.4739 	EXP 	eyetracker.setRecordingState(False)
42.4808 	EXP 	eyetracker.setRecordingState(False)
42.4880 	EXP 	eyetracker.setRecordingState(False)
42.4945 	EXP 	eyetracker.setRecordingState(False)
42.5002 	EXP 	eyetracker.setRecordingState(False)
42.5073 	EXP 	eyetracker.setRecordingState(False)
42.5143 	EXP 	eyetracker.setRecordingState(False)
42.5213 	EXP 	eyetracker.setRecordingState(False)
42.5280 	EXP 	eyetracker.setRecordingState(False)
42.5345 	EXP 	eyetracker.setRecordingState(False)
42.5412 	EXP 	eyetracker.setRecordingState(False)
42.5484 	EXP 	eyetracker.setRecordingState(False)
42.5562 	EXP 	eyetracker.setRecordingState(False)
42.5636 	EXP 	eyetracker.setRecordingState(False)
42.5711 	EXP 	eyetracker.setRecordingState(False)
42.5789 	EXP 	eyetracker.setRecordingState(False)
42.5862 	EXP 	eyetracker.setRecordingState(False)
42.5941 	EXP 	eyetracker.setRecordingState(False)
42.6033 	EXP 	eyetracker.setRecordingState(False)
42.6111 	EXP 	eyetracker.setRecordingState(False)
42.6192 	EXP 	eyetracker.setRecordingState(False)
42.6283 	EXP 	eyetracker.setRecordingState(False)
42.6363 	EXP 	eyetracker.setRecordingState(False)
42.6454 	EXP 	eyetracker.setRecordingState(False)
42.6536 	EXP 	eyetracker.setRecordingState(False)
42.6615 	EXP 	eyetracker.setRecordingState(False)
42.6694 	EXP 	eyetracker.setRecordingState(False)
42.6782 	EXP 	eyetracker.setRecordingState(False)
42.6873 	EXP 	eyetracker.setRecordingState(False)
42.6965 	EXP 	eyetracker.setRecordingState(False)
42.7047 	EXP 	eyetracker.setRecordingState(False)
42.7126 	EXP 	eyetracker.setRecordingState(False)
42.7191 	EXP 	eyetracker.setRecordingState(False)
42.7264 	EXP 	eyetracker.setRecordingState(False)
42.7336 	EXP 	eyetracker.setRecordingState(False)
42.7418 	EXP 	eyetracker.setRecordingState(False)
42.7514 	EXP 	eyetracker.setRecordingState(False)
42.7602 	EXP 	eyetracker.setRecordingState(False)
42.7684 	EXP 	eyetracker.setRecordingState(False)
42.7770 	EXP 	eyetracker.setRecordingState(False)
42.7858 	EXP 	eyetracker.setRecordingState(False)
42.7947 	EXP 	eyetracker.setRecordingState(False)
42.8035 	EXP 	eyetracker.setRecordingState(False)
42.8115 	EXP 	eyetracker.setRecordingState(False)
42.8222 	EXP 	eyetracker.setRecordingState(False)
42.8313 	EXP 	eyetracker.setRecordingState(False)
42.8406 	EXP 	eyetracker.setRecordingState(False)
42.8501 	EXP 	eyetracker.setRecordingState(False)
42.8590 	EXP 	eyetracker.setRecordingState(False)
42.8706 	EXP 	eyetracker.setRecordingState(False)
42.8797 	EXP 	eyetracker.setRecordingState(False)
42.8886 	EXP 	eyetracker.setRecordingState(False)
42.8978 	EXP 	eyetracker.setRecordingState(False)
42.9063 	EXP 	eyetracker.setRecordingState(False)
42.9145 	EXP 	eyetracker.setRecordingState(False)
42.9217 	EXP 	eyetracker.setRecordingState(False)
42.9298 	EXP 	eyetracker.setRecordingState(False)
42.9397 	EXP 	eyetracker.setRecordingState(False)
42.9493 	EXP 	eyetracker.setRecordingState(False)
42.9581 	EXP 	eyetracker.setRecordingState(False)
42.9676 	EXP 	eyetracker.setRecordingState(False)
42.9755 	EXP 	eyetracker.setRecordingState(False)
42.9833 	EXP 	eyetracker.setRecordingState(False)
42.9906 	EXP 	eyetracker.setRecordingState(False)
42.9984 	EXP 	eyetracker.setRecordingState(False)
43.0070 	EXP 	eyetracker.setRecordingState(False)
43.0174 	EXP 	eyetracker.setRecordingState(False)
43.0265 	EXP 	eyetracker.setRecordingState(False)
43.0353 	EXP 	eyetracker.setRecordingState(False)
43.0458 	EXP 	eyetracker.setRecordingState(False)
43.0551 	EXP 	eyetracker.setRecordingState(False)
43.0658 	EXP 	eyetracker.setRecordingState(False)
43.0749 	EXP 	eyetracker.setRecordingState(False)
43.0833 	EXP 	eyetracker.setRecordingState(False)
43.0906 	EXP 	eyetracker.setRecordingState(False)
43.0982 	EXP 	eyetracker.setRecordingState(False)
43.1056 	EXP 	eyetracker.setRecordingState(False)
43.1151 	EXP 	eyetracker.setRecordingState(False)
43.1237 	EXP 	eyetracker.setRecordingState(False)
43.1339 	EXP 	eyetracker.setRecordingState(False)
43.1441 	EXP 	eyetracker.setRecordingState(False)
43.1531 	EXP 	eyetracker.setRecordingState(False)
43.1641 	EXP 	eyetracker.setRecordingState(False)
43.1731 	EXP 	eyetracker.setRecordingState(False)
43.1827 	EXP 	eyetracker.setRecordingState(False)
43.1926 	EXP 	eyetracker.setRecordingState(False)
43.2017 	EXP 	eyetracker.setRecordingState(False)
43.2124 	EXP 	eyetracker.setRecordingState(False)
43.2210 	EXP 	eyetracker.setRecordingState(False)
43.2320 	EXP 	eyetracker.setRecordingState(False)
43.2407 	EXP 	eyetracker.setRecordingState(False)
43.2494 	EXP 	eyetracker.setRecordingState(False)
43.2607 	EXP 	eyetracker.setRecordingState(False)
43.2683 	EXP 	eyetracker.setRecordingState(False)
43.2764 	EXP 	eyetracker.setRecordingState(False)
43.2834 	EXP 	eyetracker.setRecordingState(False)
43.2934 	EXP 	eyetracker.setRecordingState(False)
43.3023 	EXP 	eyetracker.setRecordingState(False)
43.3110 	EXP 	eyetracker.setRecordingState(False)
43.3195 	EXP 	eyetracker.setRecordingState(False)
43.3279 	EXP 	eyetracker.setRecordingState(False)
43.3387 	EXP 	eyetracker.setRecordingState(False)
43.3474 	EXP 	eyetracker.setRecordingState(False)
43.3573 	EXP 	eyetracker.setRecordingState(False)
43.3669 	EXP 	eyetracker.setRecordingState(False)
43.3774 	EXP 	eyetracker.setRecordingState(False)
43.3868 	EXP 	eyetracker.setRecordingState(False)
43.3971 	EXP 	eyetracker.setRecordingState(False)
43.4056 	EXP 	eyetracker.setRecordingState(False)
43.4152 	EXP 	eyetracker.setRecordingState(False)
43.4265 	EXP 	eyetracker.setRecordingState(False)
43.4346 	EXP 	eyetracker.setRecordingState(False)
43.4413 	EXP 	eyetracker.setRecordingState(False)
43.4498 	EXP 	eyetracker.setRecordingState(False)
43.4570 	EXP 	eyetracker.setRecordingState(False)
43.4653 	EXP 	eyetracker.setRecordingState(False)
43.4718 	EXP 	eyetracker.setRecordingState(False)
43.4794 	EXP 	eyetracker.setRecordingState(False)
43.4858 	EXP 	eyetracker.setRecordingState(False)
43.4919 	EXP 	eyetracker.setRecordingState(False)
43.4984 	EXP 	eyetracker.setRecordingState(False)
43.5051 	EXP 	eyetracker.setRecordingState(False)
43.5124 	EXP 	eyetracker.setRecordingState(False)
43.5187 	EXP 	eyetracker.setRecordingState(False)
43.5252 	EXP 	eyetracker.setRecordingState(False)
43.5325 	EXP 	eyetracker.setRecordingState(False)
43.5403 	EXP 	eyetracker.setRecordingState(False)
43.5481 	EXP 	eyetracker.setRecordingState(False)
43.5551 	EXP 	eyetracker.setRecordingState(False)
43.5626 	EXP 	eyetracker.setRecordingState(False)
43.5699 	EXP 	eyetracker.setRecordingState(False)
43.5780 	EXP 	eyetracker.setRecordingState(False)
43.5884 	EXP 	eyetracker.setRecordingState(False)
43.5973 	EXP 	eyetracker.setRecordingState(False)
43.6055 	EXP 	eyetracker.setRecordingState(False)
43.6149 	EXP 	eyetracker.setRecordingState(False)
43.6249 	EXP 	eyetracker.setRecordingState(False)
43.6341 	EXP 	eyetracker.setRecordingState(False)
43.6457 	EXP 	eyetracker.setRecordingState(False)
43.6548 	EXP 	eyetracker.setRecordingState(False)
43.6660 	EXP 	eyetracker.setRecordingState(False)
43.6759 	EXP 	eyetracker.setRecordingState(False)
43.6846 	EXP 	eyetracker.setRecordingState(False)
43.6946 	EXP 	eyetracker.setRecordingState(False)
43.7047 	EXP 	eyetracker.setRecordingState(False)
43.7156 	EXP 	eyetracker.setRecordingState(False)
43.7247 	EXP 	eyetracker.setRecordingState(False)
43.7363 	EXP 	eyetracker.setRecordingState(False)
43.7445 	EXP 	eyetracker.setRecordingState(False)
43.7527 	EXP 	eyetracker.setRecordingState(False)
43.7602 	EXP 	eyetracker.setRecordingState(False)
43.7702 	EXP 	eyetracker.setRecordingState(False)
43.7797 	EXP 	eyetracker.setRecordingState(False)
43.7901 	EXP 	eyetracker.setRecordingState(False)
43.8006 	EXP 	eyetracker.setRecordingState(False)
43.8122 	EXP 	eyetracker.setRecordingState(False)
43.8251 	EXP 	eyetracker.setRecordingState(False)
43.8337 	EXP 	eyetracker.setRecordingState(False)
43.8417 	EXP 	eyetracker.setRecordingState(False)
43.8506 	EXP 	eyetracker.setRecordingState(False)
43.8602 	EXP 	eyetracker.setRecordingState(False)
43.8696 	EXP 	eyetracker.setRecordingState(False)
43.8801 	EXP 	eyetracker.setRecordingState(False)
43.8890 	EXP 	eyetracker.setRecordingState(False)
43.8962 	EXP 	eyetracker.setRecordingState(False)
43.9032 	EXP 	eyetracker.setRecordingState(False)
43.9112 	EXP 	eyetracker.setRecordingState(False)
43.9208 	EXP 	eyetracker.setRecordingState(False)
43.9312 	EXP 	eyetracker.setRecordingState(False)
43.9428 	EXP 	eyetracker.setRecordingState(False)
43.9535 	EXP 	eyetracker.setRecordingState(False)
43.9644 	EXP 	eyetracker.setRecordingState(False)
43.9744 	EXP 	eyetracker.setRecordingState(False)
43.9841 	EXP 	eyetracker.setRecordingState(False)
43.9955 	EXP 	eyetracker.setRecordingState(False)
44.0043 	EXP 	eyetracker.setRecordingState(False)
44.0121 	EXP 	eyetracker.setRecordingState(False)
44.0195 	EXP 	eyetracker.setRecordingState(False)
44.0295 	EXP 	eyetracker.setRecordingState(False)
44.0380 	EXP 	eyetracker.setRecordingState(False)
44.0476 	EXP 	eyetracker.setRecordingState(False)
44.0584 	EXP 	eyetracker.setRecordingState(False)
44.0679 	EXP 	eyetracker.setRecordingState(False)
44.0779 	EXP 	eyetracker.setRecordingState(False)
44.0862 	EXP 	eyetracker.setRecordingState(False)
44.0947 	EXP 	eyetracker.setRecordingState(False)
44.1053 	EXP 	eyetracker.setRecordingState(False)
44.1146 	EXP 	eyetracker.setRecordingState(False)
44.1230 	EXP 	eyetracker.setRecordingState(False)
44.1315 	EXP 	eyetracker.setRecordingState(False)
44.1429 	EXP 	eyetracker.setRecordingState(False)
44.1508 	EXP 	eyetracker.setRecordingState(False)
44.1594 	EXP 	eyetracker.setRecordingState(False)
44.1668 	EXP 	eyetracker.setRecordingState(False)
44.1750 	EXP 	eyetracker.setRecordingState(False)
44.1832 	EXP 	eyetracker.setRecordingState(False)
44.1914 	EXP 	eyetracker.setRecordingState(False)
44.1995 	EXP 	eyetracker.setRecordingState(False)
44.2062 	EXP 	eyetracker.setRecordingState(False)
44.2135 	EXP 	eyetracker.setRecordingState(False)
44.2205 	EXP 	eyetracker.setRecordingState(False)
44.2283 	EXP 	eyetracker.setRecordingState(False)
44.2358 	EXP 	eyetracker.setRecordingState(False)
44.2455 	EXP 	eyetracker.setRecordingState(False)
44.2538 	EXP 	eyetracker.setRecordingState(False)
44.2609 	EXP 	eyetracker.setRecordingState(False)
44.2685 	EXP 	eyetracker.setRecordingState(False)
44.2770 	EXP 	eyetracker.setRecordingState(False)
44.2883 	EXP 	eyetracker.setRecordingState(False)
44.2984 	EXP 	eyetracker.setRecordingState(False)
44.3087 	EXP 	eyetracker.setRecordingState(False)
44.3179 	EXP 	eyetracker.setRecordingState(False)
44.3311 	EXP 	eyetracker.setRecordingState(False)
44.3404 	EXP 	eyetracker.setRecordingState(False)
44.3507 	EXP 	eyetracker.setRecordingState(False)
44.3590 	EXP 	eyetracker.setRecordingState(False)
44.3690 	EXP 	eyetracker.setRecordingState(False)
44.3774 	EXP 	eyetracker.setRecordingState(False)
44.3874 	EXP 	eyetracker.setRecordingState(False)
44.3991 	EXP 	eyetracker.setRecordingState(False)
44.4099 	EXP 	eyetracker.setRecordingState(False)
44.4212 	EXP 	eyetracker.setRecordingState(False)
44.4336 	EXP 	eyetracker.setRecordingState(False)
44.4427 	EXP 	eyetracker.setRecordingState(False)
44.4515 	EXP 	eyetracker.setRecordingState(False)
44.4622 	EXP 	eyetracker.setRecordingState(False)
44.4710 	EXP 	eyetracker.setRecordingState(False)
44.4802 	EXP 	eyetracker.setRecordingState(False)
44.4877 	EXP 	eyetracker.setRecordingState(False)
44.4973 	EXP 	eyetracker.setRecordingState(False)
44.5054 	EXP 	eyetracker.setRecordingState(False)
44.5124 	EXP 	eyetracker.setRecordingState(False)
44.5205 	EXP 	eyetracker.setRecordingState(False)
44.5299 	EXP 	eyetracker.setRecordingState(False)
44.5410 	EXP 	eyetracker.setRecordingState(False)
44.5531 	EXP 	eyetracker.setRecordingState(False)
44.5624 	EXP 	eyetracker.setRecordingState(False)
44.5712 	EXP 	eyetracker.setRecordingState(False)
44.5814 	EXP 	eyetracker.setRecordingState(False)
44.5900 	EXP 	eyetracker.setRecordingState(False)
44.5990 	EXP 	eyetracker.setRecordingState(False)
44.6079 	EXP 	eyetracker.setRecordingState(False)
44.6173 	EXP 	eyetracker.setRecordingState(False)
44.6262 	EXP 	eyetracker.setRecordingState(False)
44.6346 	EXP 	eyetracker.setRecordingState(False)
44.6442 	EXP 	eyetracker.setRecordingState(False)
44.6523 	EXP 	eyetracker.setRecordingState(False)
44.6604 	EXP 	eyetracker.setRecordingState(False)
44.6691 	EXP 	eyetracker.setRecordingState(False)
44.6776 	EXP 	eyetracker.setRecordingState(False)
44.6858 	EXP 	eyetracker.setRecordingState(False)
44.6948 	EXP 	eyetracker.setRecordingState(False)
44.7050 	EXP 	eyetracker.setRecordingState(False)
44.7141 	EXP 	eyetracker.setRecordingState(False)
44.7230 	EXP 	eyetracker.setRecordingState(False)
44.7317 	EXP 	eyetracker.setRecordingState(False)
44.7408 	EXP 	eyetracker.setRecordingState(False)
44.7485 	EXP 	eyetracker.setRecordingState(False)
44.7573 	EXP 	eyetracker.setRecordingState(False)
44.7649 	EXP 	eyetracker.setRecordingState(False)
44.7739 	EXP 	eyetracker.setRecordingState(False)
44.7822 	EXP 	eyetracker.setRecordingState(False)
44.7901 	EXP 	eyetracker.setRecordingState(False)
44.7982 	EXP 	eyetracker.setRecordingState(False)
44.8069 	EXP 	eyetracker.setRecordingState(False)
44.8153 	EXP 	eyetracker.setRecordingState(False)
44.8233 	EXP 	eyetracker.setRecordingState(False)
44.8310 	EXP 	eyetracker.setRecordingState(False)
44.8401 	EXP 	eyetracker.setRecordingState(False)
44.8487 	EXP 	eyetracker.setRecordingState(False)
44.8576 	EXP 	eyetracker.setRecordingState(False)
44.8665 	EXP 	eyetracker.setRecordingState(False)
44.8754 	EXP 	eyetracker.setRecordingState(False)
44.8850 	EXP 	eyetracker.setRecordingState(False)
44.8944 	EXP 	eyetracker.setRecordingState(False)
44.9039 	EXP 	eyetracker.setRecordingState(False)
44.9136 	EXP 	eyetracker.setRecordingState(False)
44.9234 	EXP 	eyetracker.setRecordingState(False)
44.9333 	EXP 	eyetracker.setRecordingState(False)
44.9437 	EXP 	eyetracker.setRecordingState(False)
44.9531 	EXP 	eyetracker.setRecordingState(False)
44.9632 	EXP 	eyetracker.setRecordingState(False)
44.9727 	EXP 	eyetracker.setRecordingState(False)
44.9824 	EXP 	eyetracker.setRecordingState(False)
44.9923 	EXP 	eyetracker.setRecordingState(False)
45.0025 	EXP 	eyetracker.setRecordingState(False)
45.0126 	EXP 	eyetracker.setRecordingState(False)
45.0225 	EXP 	eyetracker.setRecordingState(False)
45.0329 	EXP 	eyetracker.setRecordingState(False)
45.0440 	EXP 	eyetracker.setRecordingState(False)
45.0546 	EXP 	eyetracker.setRecordingState(False)
45.0682 	EXP 	eyetracker.setRecordingState(False)
45.0843 	EXP 	eyetracker.setRecordingState(False)
45.0965 	EXP 	eyetracker.setRecordingState(False)
45.1081 	EXP 	eyetracker.setRecordingState(False)
45.1214 	EXP 	eyetracker.setRecordingState(False)
45.1335 	EXP 	eyetracker.setRecordingState(False)
45.1458 	EXP 	eyetracker.setRecordingState(False)
45.1632 	EXP 	eyetracker.setRecordingState(False)
45.1760 	EXP 	eyetracker.setRecordingState(False)
45.1906 	EXP 	eyetracker.setRecordingState(False)
45.2032 	EXP 	eyetracker.setRecordingState(False)
45.2164 	EXP 	eyetracker.setRecordingState(False)
45.2309 	EXP 	eyetracker.setRecordingState(False)
45.2446 	EXP 	eyetracker.setRecordingState(False)
45.2597 	EXP 	eyetracker.setRecordingState(False)
45.2752 	EXP 	eyetracker.setRecordingState(False)
45.2904 	EXP 	eyetracker.setRecordingState(False)
45.3029 	EXP 	eyetracker.setRecordingState(False)
45.3171 	EXP 	eyetracker.setRecordingState(False)
45.3342 	EXP 	eyetracker.setRecordingState(False)
45.3508 	EXP 	eyetracker.setRecordingState(False)
45.3658 	EXP 	eyetracker.setRecordingState(False)
45.3772 	EXP 	eyetracker.setRecordingState(False)
45.3889 	EXP 	eyetracker.setRecordingState(False)
45.3992 	EXP 	eyetracker.setRecordingState(False)
45.4105 	EXP 	eyetracker.setRecordingState(False)
45.4204 	EXP 	eyetracker.setRecordingState(False)
45.4299 	EXP 	eyetracker.setRecordingState(False)
45.4384 	EXP 	eyetracker.setRecordingState(False)
45.4479 	EXP 	eyetracker.setRecordingState(False)
45.4571 	EXP 	eyetracker.setRecordingState(False)
45.4672 	EXP 	eyetracker.setRecordingState(False)
45.4778 	EXP 	eyetracker.setRecordingState(False)
45.4877 	EXP 	eyetracker.setRecordingState(False)
45.4994 	EXP 	eyetracker.setRecordingState(False)
45.5078 	EXP 	eyetracker.setRecordingState(False)
45.5161 	EXP 	eyetracker.setRecordingState(False)
45.5242 	EXP 	eyetracker.setRecordingState(False)
45.5321 	EXP 	eyetracker.setRecordingState(False)
45.5412 	EXP 	eyetracker.setRecordingState(False)
45.5500 	EXP 	eyetracker.setRecordingState(False)
45.5612 	EXP 	eyetracker.setRecordingState(False)
45.5701 	EXP 	eyetracker.setRecordingState(False)
45.5786 	EXP 	eyetracker.setRecordingState(False)
45.5877 	EXP 	eyetracker.setRecordingState(False)
45.5964 	EXP 	eyetracker.setRecordingState(False)
45.6047 	EXP 	eyetracker.setRecordingState(False)
45.6133 	EXP 	eyetracker.setRecordingState(False)
45.6234 	EXP 	eyetracker.setRecordingState(False)
45.6314 	EXP 	eyetracker.setRecordingState(False)
45.6409 	EXP 	eyetracker.setRecordingState(False)
45.6507 	EXP 	eyetracker.setRecordingState(False)
45.6600 	EXP 	eyetracker.setRecordingState(False)
45.6703 	EXP 	eyetracker.setRecordingState(False)
45.6804 	EXP 	eyetracker.setRecordingState(False)
45.6902 	EXP 	eyetracker.setRecordingState(False)
45.7003 	EXP 	eyetracker.setRecordingState(False)
45.7111 	EXP 	eyetracker.setRecordingState(False)
45.7211 	EXP 	eyetracker.setRecordingState(False)
45.7320 	EXP 	eyetracker.setRecordingState(False)
45.7429 	EXP 	eyetracker.setRecordingState(False)
45.7537 	EXP 	eyetracker.setRecordingState(False)
45.7635 	EXP 	eyetracker.setRecordingState(False)
45.7723 	EXP 	eyetracker.setRecordingState(False)
45.7820 	EXP 	eyetracker.setRecordingState(False)
45.7921 	EXP 	eyetracker.setRecordingState(False)
45.8018 	EXP 	eyetracker.setRecordingState(False)
45.8128 	EXP 	eyetracker.setRecordingState(False)
45.8241 	EXP 	eyetracker.setRecordingState(False)
45.8335 	EXP 	eyetracker.setRecordingState(False)
45.8454 	EXP 	eyetracker.setRecordingState(False)
45.8549 	EXP 	eyetracker.setRecordingState(False)
45.8649 	EXP 	eyetracker.setRecordingState(False)
45.8770 	EXP 	eyetracker.setRecordingState(False)
45.8873 	EXP 	eyetracker.setRecordingState(False)
45.8972 	EXP 	eyetracker.setRecordingState(False)
45.9065 	EXP 	eyetracker.setRecordingState(False)
45.9167 	EXP 	eyetracker.setRecordingState(False)
45.9262 	EXP 	eyetracker.setRecordingState(False)
45.9358 	EXP 	eyetracker.setRecordingState(False)
45.9455 	EXP 	eyetracker.setRecordingState(False)
45.9548 	EXP 	eyetracker.setRecordingState(False)
45.9645 	EXP 	eyetracker.setRecordingState(False)
45.9744 	EXP 	eyetracker.setRecordingState(False)
45.9846 	EXP 	eyetracker.setRecordingState(False)
45.9941 	EXP 	eyetracker.setRecordingState(False)
46.0036 	EXP 	eyetracker.setRecordingState(False)
46.0126 	EXP 	eyetracker.setRecordingState(False)
46.0221 	EXP 	eyetracker.setRecordingState(False)
46.0328 	EXP 	eyetracker.setRecordingState(False)
46.0433 	EXP 	eyetracker.setRecordingState(False)
46.0536 	EXP 	eyetracker.setRecordingState(False)
46.0640 	EXP 	eyetracker.setRecordingState(False)
46.0744 	EXP 	eyetracker.setRecordingState(False)
46.0840 	EXP 	eyetracker.setRecordingState(False)
46.0951 	EXP 	eyetracker.setRecordingState(False)
46.1054 	EXP 	eyetracker.setRecordingState(False)
46.1149 	EXP 	eyetracker.setRecordingState(False)
46.1248 	EXP 	eyetracker.setRecordingState(False)
46.1349 	EXP 	eyetracker.setRecordingState(False)
46.1458 	EXP 	eyetracker.setRecordingState(False)
46.1585 	EXP 	eyetracker.setRecordingState(False)
46.1734 	EXP 	eyetracker.setRecordingState(False)
46.1854 	EXP 	eyetracker.setRecordingState(False)
46.1960 	EXP 	eyetracker.setRecordingState(False)
46.2077 	EXP 	eyetracker.setRecordingState(False)
46.2191 	EXP 	eyetracker.setRecordingState(False)
46.2306 	EXP 	eyetracker.setRecordingState(False)
46.2413 	EXP 	eyetracker.setRecordingState(False)
46.2527 	EXP 	eyetracker.setRecordingState(False)
46.2635 	EXP 	eyetracker.setRecordingState(False)
46.2742 	EXP 	eyetracker.setRecordingState(False)
46.2849 	EXP 	eyetracker.setRecordingState(False)
46.2955 	EXP 	eyetracker.setRecordingState(False)
46.3056 	EXP 	eyetracker.setRecordingState(False)
46.3161 	EXP 	eyetracker.setRecordingState(False)
46.3272 	EXP 	eyetracker.setRecordingState(False)
46.3368 	EXP 	eyetracker.setRecordingState(False)
46.3471 	EXP 	eyetracker.setRecordingState(False)
46.3567 	EXP 	eyetracker.setRecordingState(False)
46.3660 	EXP 	eyetracker.setRecordingState(False)
46.3768 	EXP 	eyetracker.setRecordingState(False)
46.3865 	EXP 	eyetracker.setRecordingState(False)
46.3966 	EXP 	eyetracker.setRecordingState(False)
46.4076 	EXP 	eyetracker.setRecordingState(False)
46.4177 	EXP 	eyetracker.setRecordingState(False)
46.4272 	EXP 	eyetracker.setRecordingState(False)
46.4360 	EXP 	eyetracker.setRecordingState(False)
46.4449 	EXP 	eyetracker.setRecordingState(False)
46.4549 	EXP 	eyetracker.setRecordingState(False)
46.4642 	EXP 	eyetracker.setRecordingState(False)
46.4743 	EXP 	eyetracker.setRecordingState(False)
46.4846 	EXP 	eyetracker.setRecordingState(False)
46.4940 	EXP 	eyetracker.setRecordingState(False)
46.5049 	EXP 	eyetracker.setRecordingState(False)
46.5140 	EXP 	eyetracker.setRecordingState(False)
46.5221 	EXP 	eyetracker.setRecordingState(False)
46.5321 	EXP 	eyetracker.setRecordingState(False)
46.5416 	EXP 	eyetracker.setRecordingState(False)
46.5511 	EXP 	eyetracker.setRecordingState(False)
46.5606 	EXP 	eyetracker.setRecordingState(False)
46.5702 	EXP 	eyetracker.setRecordingState(False)
46.5799 	EXP 	eyetracker.setRecordingState(False)
46.5913 	EXP 	eyetracker.setRecordingState(False)
46.6009 	EXP 	eyetracker.setRecordingState(False)
46.6115 	EXP 	eyetracker.setRecordingState(False)
46.6209 	EXP 	eyetracker.setRecordingState(False)
46.6305 	EXP 	eyetracker.setRecordingState(False)
46.6398 	EXP 	eyetracker.setRecordingState(False)
46.6498 	EXP 	eyetracker.setRecordingState(False)
46.6593 	EXP 	eyetracker.setRecordingState(False)
46.6679 	EXP 	eyetracker.setRecordingState(False)
46.6777 	EXP 	eyetracker.setRecordingState(False)
46.6874 	EXP 	eyetracker.setRecordingState(False)
46.6959 	EXP 	eyetracker.setRecordingState(False)
46.7050 	EXP 	eyetracker.setRecordingState(False)
46.7147 	EXP 	eyetracker.setRecordingState(False)
46.7246 	EXP 	eyetracker.setRecordingState(False)
46.7339 	EXP 	eyetracker.setRecordingState(False)
46.7435 	EXP 	eyetracker.setRecordingState(False)
46.7534 	EXP 	eyetracker.setRecordingState(False)
46.7618 	EXP 	eyetracker.setRecordingState(False)
46.7693 	EXP 	eyetracker.setRecordingState(False)
46.7767 	EXP 	eyetracker.setRecordingState(False)
46.7848 	EXP 	eyetracker.setRecordingState(False)
46.7935 	EXP 	eyetracker.setRecordingState(False)
46.8019 	EXP 	eyetracker.setRecordingState(False)
46.8103 	EXP 	eyetracker.setRecordingState(False)
46.8191 	EXP 	eyetracker.setRecordingState(False)
46.8274 	EXP 	eyetracker.setRecordingState(False)
46.8362 	EXP 	eyetracker.setRecordingState(False)
46.8451 	EXP 	eyetracker.setRecordingState(False)
46.8545 	EXP 	eyetracker.setRecordingState(False)
46.8654 	EXP 	eyetracker.setRecordingState(False)
46.8754 	EXP 	eyetracker.setRecordingState(False)
46.8852 	EXP 	eyetracker.setRecordingState(False)
46.8952 	EXP 	eyetracker.setRecordingState(False)
46.9044 	EXP 	eyetracker.setRecordingState(False)
46.9148 	EXP 	eyetracker.setRecordingState(False)
46.9255 	EXP 	eyetracker.setRecordingState(False)
46.9356 	EXP 	eyetracker.setRecordingState(False)
46.9457 	EXP 	eyetracker.setRecordingState(False)
46.9559 	EXP 	eyetracker.setRecordingState(False)
46.9658 	EXP 	eyetracker.setRecordingState(False)
46.9764 	EXP 	eyetracker.setRecordingState(False)
46.9867 	EXP 	eyetracker.setRecordingState(False)
46.9972 	EXP 	eyetracker.setRecordingState(False)
47.0080 	EXP 	eyetracker.setRecordingState(False)
47.0176 	EXP 	eyetracker.setRecordingState(False)
47.0274 	EXP 	eyetracker.setRecordingState(False)
47.0375 	EXP 	eyetracker.setRecordingState(False)
47.0463 	EXP 	eyetracker.setRecordingState(False)
47.0554 	EXP 	eyetracker.setRecordingState(False)
47.0653 	EXP 	eyetracker.setRecordingState(False)
47.0756 	EXP 	eyetracker.setRecordingState(False)
47.0853 	EXP 	eyetracker.setRecordingState(False)
47.0943 	EXP 	eyetracker.setRecordingState(False)
47.1042 	EXP 	eyetracker.setRecordingState(False)
47.1131 	EXP 	eyetracker.setRecordingState(False)
47.1230 	EXP 	eyetracker.setRecordingState(False)
47.1337 	EXP 	eyetracker.setRecordingState(False)
47.1431 	EXP 	eyetracker.setRecordingState(False)
47.1530 	EXP 	eyetracker.setRecordingState(False)
47.1629 	EXP 	eyetracker.setRecordingState(False)
47.1717 	EXP 	eyetracker.setRecordingState(False)
47.1809 	EXP 	eyetracker.setRecordingState(False)
47.1908 	EXP 	eyetracker.setRecordingState(False)
47.2001 	EXP 	eyetracker.setRecordingState(False)
47.2096 	EXP 	eyetracker.setRecordingState(False)
47.2196 	EXP 	eyetracker.setRecordingState(False)
47.2307 	EXP 	eyetracker.setRecordingState(False)
47.2406 	EXP 	eyetracker.setRecordingState(False)
47.2494 	EXP 	eyetracker.setRecordingState(False)
47.2607 	EXP 	eyetracker.setRecordingState(False)
47.2703 	EXP 	eyetracker.setRecordingState(False)
47.2803 	EXP 	eyetracker.setRecordingState(False)
47.2922 	EXP 	eyetracker.setRecordingState(False)
47.3023 	EXP 	eyetracker.setRecordingState(False)
47.3126 	EXP 	eyetracker.setRecordingState(False)
47.3224 	EXP 	eyetracker.setRecordingState(False)
47.3319 	EXP 	eyetracker.setRecordingState(False)
47.3415 	EXP 	eyetracker.setRecordingState(False)
47.3511 	EXP 	eyetracker.setRecordingState(False)
47.3608 	EXP 	eyetracker.setRecordingState(False)
47.3713 	EXP 	eyetracker.setRecordingState(False)
47.3828 	EXP 	eyetracker.setRecordingState(False)
47.3929 	EXP 	eyetracker.setRecordingState(False)
47.4034 	EXP 	eyetracker.setRecordingState(False)
47.4134 	EXP 	eyetracker.setRecordingState(False)
47.4241 	EXP 	eyetracker.setRecordingState(False)
47.4327 	EXP 	eyetracker.setRecordingState(False)
47.4412 	EXP 	eyetracker.setRecordingState(False)
47.4495 	EXP 	eyetracker.setRecordingState(False)
47.4574 	EXP 	eyetracker.setRecordingState(False)
47.4661 	EXP 	eyetracker.setRecordingState(False)
47.4751 	EXP 	eyetracker.setRecordingState(False)
47.4842 	EXP 	eyetracker.setRecordingState(False)
47.4938 	EXP 	eyetracker.setRecordingState(False)
47.5034 	EXP 	eyetracker.setRecordingState(False)
47.5134 	EXP 	eyetracker.setRecordingState(False)
47.5216 	EXP 	eyetracker.setRecordingState(False)
47.5296 	EXP 	eyetracker.setRecordingState(False)
47.5385 	EXP 	eyetracker.setRecordingState(False)
47.5478 	EXP 	eyetracker.setRecordingState(False)
47.5573 	EXP 	eyetracker.setRecordingState(False)
47.5671 	EXP 	eyetracker.setRecordingState(False)
47.5781 	EXP 	eyetracker.setRecordingState(False)
47.5880 	EXP 	eyetracker.setRecordingState(False)
47.5979 	EXP 	eyetracker.setRecordingState(False)
47.6084 	EXP 	eyetracker.setRecordingState(False)
47.6186 	EXP 	eyetracker.setRecordingState(False)
47.6275 	EXP 	eyetracker.setRecordingState(False)
47.6362 	EXP 	eyetracker.setRecordingState(False)
47.6455 	EXP 	eyetracker.setRecordingState(False)
47.6541 	EXP 	eyetracker.setRecordingState(False)
47.6617 	EXP 	eyetracker.setRecordingState(False)
47.6691 	EXP 	eyetracker.setRecordingState(False)
47.6761 	EXP 	eyetracker.setRecordingState(False)
47.6831 	EXP 	eyetracker.setRecordingState(False)
47.6905 	EXP 	eyetracker.setRecordingState(False)
47.6974 	EXP 	eyetracker.setRecordingState(False)
47.7049 	EXP 	eyetracker.setRecordingState(False)
47.7118 	EXP 	eyetracker.setRecordingState(False)
47.7199 	EXP 	eyetracker.setRecordingState(False)
47.7277 	EXP 	eyetracker.setRecordingState(False)
47.7358 	EXP 	eyetracker.setRecordingState(False)
47.7438 	EXP 	eyetracker.setRecordingState(False)
47.7514 	EXP 	eyetracker.setRecordingState(False)
47.7585 	EXP 	eyetracker.setRecordingState(False)
47.7651 	EXP 	eyetracker.setRecordingState(False)
47.7726 	EXP 	eyetracker.setRecordingState(False)
47.7796 	EXP 	eyetracker.setRecordingState(False)
47.7867 	EXP 	eyetracker.setRecordingState(False)
47.7946 	EXP 	eyetracker.setRecordingState(False)
47.8016 	EXP 	eyetracker.setRecordingState(False)
47.8091 	EXP 	eyetracker.setRecordingState(False)
47.8168 	EXP 	eyetracker.setRecordingState(False)
47.8248 	EXP 	eyetracker.setRecordingState(False)
47.8337 	EXP 	eyetracker.setRecordingState(False)
47.8371 	DATA 	Mouse: Left button down, pos=(556,495)
47.8432 	EXP 	eyetracker.setRecordingState(False)
47.8459 	EXP 	eyetracker.setRecordingState(False)
47.8632 	INFO 	Keyboard events cleared
47.8618 	EXP 	text_7: autoDraw = False
47.8618 	EXP 	highlandYoghurt: autoDraw = False
47.8618 	EXP 	anchoryoghurt: autoDraw = False
47.8618 	EXP 	ambewelayoghurt: autoDraw = False
47.8618 	EXP 	pelawatteyoghurt: autoDraw = False
47.8618 	EXP 	text_8: autoDraw = False
47.8618 	EXP 	text_9: autoDraw = False
47.8618 	EXP 	text_10: autoDraw = False
47.8618 	EXP 	text_11: autoDraw = False
47.8618 	EXP 	text_12: autoDraw = True
47.8618 	EXP 	fortune: autoDraw = True
47.8618 	EXP 	marina: autoDraw = True
47.8618 	EXP 	Njoy: autoDraw = True
47.8618 	EXP 	text_13: autoDraw = True
47.8618 	EXP 	text_14: autoDraw = True
47.8618 	EXP 	text_15: autoDraw = True
47.8662 	EXP 	eyetracker.setRecordingState(False)
47.8763 	EXP 	eyetracker.setRecordingState(False)
47.8861 	EXP 	eyetracker.setRecordingState(False)
47.8956 	EXP 	eyetracker.setRecordingState(False)
47.9053 	EXP 	eyetracker.setRecordingState(False)
47.9144 	EXP 	eyetracker.setRecordingState(False)
47.9246 	EXP 	eyetracker.setRecordingState(False)
47.9336 	EXP 	eyetracker.setRecordingState(False)
47.9420 	EXP 	eyetracker.setRecordingState(False)
47.9514 	EXP 	eyetracker.setRecordingState(False)
47.9605 	EXP 	eyetracker.setRecordingState(False)
47.9696 	EXP 	eyetracker.setRecordingState(False)
47.9779 	EXP 	eyetracker.setRecordingState(False)
47.9871 	EXP 	eyetracker.setRecordingState(False)
47.9949 	EXP 	eyetracker.setRecordingState(False)
48.0039 	EXP 	eyetracker.setRecordingState(False)
48.0130 	EXP 	eyetracker.setRecordingState(False)
48.0223 	EXP 	eyetracker.setRecordingState(False)
48.0329 	EXP 	eyetracker.setRecordingState(False)
48.0424 	EXP 	eyetracker.setRecordingState(False)
48.0520 	EXP 	eyetracker.setRecordingState(False)
48.0620 	EXP 	eyetracker.setRecordingState(False)
48.0661 	DATA 	Mouse:  Left button up, pos=(556,495)
48.0720 	EXP 	eyetracker.setRecordingState(False)
48.0828 	EXP 	eyetracker.setRecordingState(False)
48.0924 	EXP 	eyetracker.setRecordingState(False)
48.1019 	EXP 	eyetracker.setRecordingState(False)
48.1118 	EXP 	eyetracker.setRecordingState(False)
48.1206 	EXP 	eyetracker.setRecordingState(False)
48.1299 	EXP 	eyetracker.setRecordingState(False)
48.1391 	EXP 	eyetracker.setRecordingState(False)
48.1486 	EXP 	eyetracker.setRecordingState(False)
48.1574 	EXP 	eyetracker.setRecordingState(False)
48.1667 	EXP 	eyetracker.setRecordingState(False)
48.1760 	EXP 	eyetracker.setRecordingState(False)
48.1858 	EXP 	eyetracker.setRecordingState(False)
48.1952 	EXP 	eyetracker.setRecordingState(False)
48.2048 	EXP 	eyetracker.setRecordingState(False)
48.2144 	EXP 	eyetracker.setRecordingState(False)
48.2234 	EXP 	eyetracker.setRecordingState(False)
48.2328 	EXP 	eyetracker.setRecordingState(False)
48.2424 	EXP 	eyetracker.setRecordingState(False)
48.2512 	EXP 	eyetracker.setRecordingState(False)
48.2590 	EXP 	eyetracker.setRecordingState(False)
48.2676 	EXP 	eyetracker.setRecordingState(False)
48.2760 	EXP 	eyetracker.setRecordingState(False)
48.2842 	EXP 	eyetracker.setRecordingState(False)
48.2923 	EXP 	eyetracker.setRecordingState(False)
48.3012 	EXP 	eyetracker.setRecordingState(False)
48.3093 	EXP 	eyetracker.setRecordingState(False)
48.3184 	EXP 	eyetracker.setRecordingState(False)
48.3282 	EXP 	eyetracker.setRecordingState(False)
48.3374 	EXP 	eyetracker.setRecordingState(False)
48.3469 	EXP 	eyetracker.setRecordingState(False)
48.3567 	EXP 	eyetracker.setRecordingState(False)
48.3666 	EXP 	eyetracker.setRecordingState(False)
48.3760 	EXP 	eyetracker.setRecordingState(False)
48.3856 	EXP 	eyetracker.setRecordingState(False)
48.3968 	EXP 	eyetracker.setRecordingState(False)
48.4055 	EXP 	eyetracker.setRecordingState(False)
48.4148 	EXP 	eyetracker.setRecordingState(False)
48.4229 	EXP 	eyetracker.setRecordingState(False)
48.4305 	EXP 	eyetracker.setRecordingState(False)
48.4399 	EXP 	eyetracker.setRecordingState(False)
48.4479 	EXP 	eyetracker.setRecordingState(False)
48.4585 	EXP 	eyetracker.setRecordingState(False)
48.4684 	EXP 	eyetracker.setRecordingState(False)
48.4781 	EXP 	eyetracker.setRecordingState(False)
48.4880 	EXP 	eyetracker.setRecordingState(False)
48.4972 	EXP 	eyetracker.setRecordingState(False)
48.5067 	EXP 	eyetracker.setRecordingState(False)
48.5172 	EXP 	eyetracker.setRecordingState(False)
48.5267 	EXP 	eyetracker.setRecordingState(False)
48.5366 	EXP 	eyetracker.setRecordingState(False)
48.5470 	EXP 	eyetracker.setRecordingState(False)
48.5563 	EXP 	eyetracker.setRecordingState(False)
48.5663 	EXP 	eyetracker.setRecordingState(False)
48.5759 	EXP 	eyetracker.setRecordingState(False)
48.5873 	EXP 	eyetracker.setRecordingState(False)
48.5970 	EXP 	eyetracker.setRecordingState(False)
48.6068 	EXP 	eyetracker.setRecordingState(False)
48.6162 	EXP 	eyetracker.setRecordingState(False)
48.6257 	EXP 	eyetracker.setRecordingState(False)
48.6355 	EXP 	eyetracker.setRecordingState(False)
48.6471 	EXP 	eyetracker.setRecordingState(False)
48.6593 	EXP 	eyetracker.setRecordingState(False)
48.6716 	EXP 	eyetracker.setRecordingState(False)
48.6821 	EXP 	eyetracker.setRecordingState(False)
48.6918 	EXP 	eyetracker.setRecordingState(False)
48.7004 	EXP 	eyetracker.setRecordingState(False)
48.7087 	EXP 	eyetracker.setRecordingState(False)
48.7172 	EXP 	eyetracker.setRecordingState(False)
48.7262 	EXP 	eyetracker.setRecordingState(False)
48.7355 	EXP 	eyetracker.setRecordingState(False)
48.7447 	EXP 	eyetracker.setRecordingState(False)
48.7551 	EXP 	eyetracker.setRecordingState(False)
48.7640 	EXP 	eyetracker.setRecordingState(False)
48.7728 	EXP 	eyetracker.setRecordingState(False)
48.7805 	EXP 	eyetracker.setRecordingState(False)
48.7882 	EXP 	eyetracker.setRecordingState(False)
48.7963 	EXP 	eyetracker.setRecordingState(False)
48.8053 	EXP 	eyetracker.setRecordingState(False)
48.8139 	EXP 	eyetracker.setRecordingState(False)
48.8222 	EXP 	eyetracker.setRecordingState(False)
48.8317 	EXP 	eyetracker.setRecordingState(False)
48.8407 	EXP 	eyetracker.setRecordingState(False)
48.8494 	EXP 	eyetracker.setRecordingState(False)
48.8578 	EXP 	eyetracker.setRecordingState(False)
48.8673 	EXP 	eyetracker.setRecordingState(False)
48.8764 	EXP 	eyetracker.setRecordingState(False)
48.8860 	EXP 	eyetracker.setRecordingState(False)
48.8953 	EXP 	eyetracker.setRecordingState(False)
48.9041 	EXP 	eyetracker.setRecordingState(False)
48.9138 	EXP 	eyetracker.setRecordingState(False)
48.9233 	EXP 	eyetracker.setRecordingState(False)
48.9339 	EXP 	eyetracker.setRecordingState(False)
48.9432 	EXP 	eyetracker.setRecordingState(False)
48.9522 	EXP 	eyetracker.setRecordingState(False)
48.9617 	EXP 	eyetracker.setRecordingState(False)
48.9709 	EXP 	eyetracker.setRecordingState(False)
48.9800 	EXP 	eyetracker.setRecordingState(False)
48.9899 	EXP 	eyetracker.setRecordingState(False)
48.9988 	EXP 	eyetracker.setRecordingState(False)
49.0071 	EXP 	eyetracker.setRecordingState(False)
49.0143 	EXP 	eyetracker.setRecordingState(False)
49.0214 	EXP 	eyetracker.setRecordingState(False)
49.0285 	EXP 	eyetracker.setRecordingState(False)
49.0359 	EXP 	eyetracker.setRecordingState(False)
49.0436 	EXP 	eyetracker.setRecordingState(False)
49.0514 	EXP 	eyetracker.setRecordingState(False)
49.0595 	EXP 	eyetracker.setRecordingState(False)
49.0686 	EXP 	eyetracker.setRecordingState(False)
49.0777 	EXP 	eyetracker.setRecordingState(False)
49.0870 	EXP 	eyetracker.setRecordingState(False)
49.0960 	EXP 	eyetracker.setRecordingState(False)
49.1047 	EXP 	eyetracker.setRecordingState(False)
49.1128 	EXP 	eyetracker.setRecordingState(False)
49.1214 	EXP 	eyetracker.setRecordingState(False)
49.1298 	EXP 	eyetracker.setRecordingState(False)
49.1388 	EXP 	eyetracker.setRecordingState(False)
49.1474 	EXP 	eyetracker.setRecordingState(False)
49.1557 	EXP 	eyetracker.setRecordingState(False)
49.1646 	EXP 	eyetracker.setRecordingState(False)
49.1738 	EXP 	eyetracker.setRecordingState(False)
49.1836 	EXP 	eyetracker.setRecordingState(False)
49.1934 	EXP 	eyetracker.setRecordingState(False)
49.2027 	EXP 	eyetracker.setRecordingState(False)
49.2114 	EXP 	eyetracker.setRecordingState(False)
49.2199 	EXP 	eyetracker.setRecordingState(False)
49.2292 	EXP 	eyetracker.setRecordingState(False)
49.2382 	EXP 	eyetracker.setRecordingState(False)
49.2467 	EXP 	eyetracker.setRecordingState(False)
49.2556 	EXP 	eyetracker.setRecordingState(False)
49.2640 	EXP 	eyetracker.setRecordingState(False)
49.2720 	EXP 	eyetracker.setRecordingState(False)
49.2801 	EXP 	eyetracker.setRecordingState(False)
49.2893 	EXP 	eyetracker.setRecordingState(False)
49.2982 	EXP 	eyetracker.setRecordingState(False)
49.3064 	EXP 	eyetracker.setRecordingState(False)
49.3146 	EXP 	eyetracker.setRecordingState(False)
49.3232 	EXP 	eyetracker.setRecordingState(False)
49.3320 	EXP 	eyetracker.setRecordingState(False)
49.3411 	EXP 	eyetracker.setRecordingState(False)
49.3506 	EXP 	eyetracker.setRecordingState(False)
49.3606 	EXP 	eyetracker.setRecordingState(False)
49.3710 	EXP 	eyetracker.setRecordingState(False)
49.3791 	EXP 	eyetracker.setRecordingState(False)
49.3878 	EXP 	eyetracker.setRecordingState(False)
49.3976 	EXP 	eyetracker.setRecordingState(False)
49.4066 	EXP 	eyetracker.setRecordingState(False)
49.4167 	EXP 	eyetracker.setRecordingState(False)
49.4256 	EXP 	eyetracker.setRecordingState(False)
49.4324 	EXP 	eyetracker.setRecordingState(False)
49.4393 	EXP 	eyetracker.setRecordingState(False)
49.4460 	EXP 	eyetracker.setRecordingState(False)
49.4524 	EXP 	eyetracker.setRecordingState(False)
49.4592 	EXP 	eyetracker.setRecordingState(False)
49.4664 	EXP 	eyetracker.setRecordingState(False)
49.4742 	EXP 	eyetracker.setRecordingState(False)
49.4810 	EXP 	eyetracker.setRecordingState(False)
49.4878 	EXP 	eyetracker.setRecordingState(False)
49.4946 	EXP 	eyetracker.setRecordingState(False)
49.5008 	EXP 	eyetracker.setRecordingState(False)
49.5074 	EXP 	eyetracker.setRecordingState(False)
49.5141 	EXP 	eyetracker.setRecordingState(False)
49.5214 	EXP 	eyetracker.setRecordingState(False)
49.5302 	EXP 	eyetracker.setRecordingState(False)
49.5377 	EXP 	eyetracker.setRecordingState(False)
49.5455 	EXP 	eyetracker.setRecordingState(False)
49.5525 	EXP 	eyetracker.setRecordingState(False)
49.5593 	EXP 	eyetracker.setRecordingState(False)
49.5661 	EXP 	eyetracker.setRecordingState(False)
49.5727 	EXP 	eyetracker.setRecordingState(False)
49.5800 	EXP 	eyetracker.setRecordingState(False)
49.5884 	EXP 	eyetracker.setRecordingState(False)
49.5972 	EXP 	eyetracker.setRecordingState(False)
49.6062 	EXP 	eyetracker.setRecordingState(False)
49.6155 	EXP 	eyetracker.setRecordingState(False)
49.6242 	EXP 	eyetracker.setRecordingState(False)
49.6329 	EXP 	eyetracker.setRecordingState(False)
49.6417 	EXP 	eyetracker.setRecordingState(False)
49.6509 	EXP 	eyetracker.setRecordingState(False)
49.6596 	EXP 	eyetracker.setRecordingState(False)
49.6683 	EXP 	eyetracker.setRecordingState(False)
49.6768 	EXP 	eyetracker.setRecordingState(False)
49.6850 	EXP 	eyetracker.setRecordingState(False)
49.6945 	EXP 	eyetracker.setRecordingState(False)
49.7037 	EXP 	eyetracker.setRecordingState(False)
49.7131 	EXP 	eyetracker.setRecordingState(False)
49.7217 	EXP 	eyetracker.setRecordingState(False)
49.7305 	EXP 	eyetracker.setRecordingState(False)
49.7394 	EXP 	eyetracker.setRecordingState(False)
49.7492 	EXP 	eyetracker.setRecordingState(False)
49.7594 	EXP 	eyetracker.setRecordingState(False)
49.7697 	EXP 	eyetracker.setRecordingState(False)
49.7795 	EXP 	eyetracker.setRecordingState(False)
49.7914 	EXP 	eyetracker.setRecordingState(False)
49.8008 	EXP 	eyetracker.setRecordingState(False)
49.8098 	EXP 	eyetracker.setRecordingState(False)
49.8188 	EXP 	eyetracker.setRecordingState(False)
49.8275 	EXP 	eyetracker.setRecordingState(False)
49.8369 	EXP 	eyetracker.setRecordingState(False)
49.8450 	EXP 	eyetracker.setRecordingState(False)
49.8540 	EXP 	eyetracker.setRecordingState(False)
49.8631 	EXP 	eyetracker.setRecordingState(False)
49.8725 	EXP 	eyetracker.setRecordingState(False)
49.8818 	EXP 	eyetracker.setRecordingState(False)
49.8895 	EXP 	eyetracker.setRecordingState(False)
49.8984 	EXP 	eyetracker.setRecordingState(False)
49.9074 	EXP 	eyetracker.setRecordingState(False)
49.9163 	EXP 	eyetracker.setRecordingState(False)
49.9261 	EXP 	eyetracker.setRecordingState(False)
49.9354 	EXP 	eyetracker.setRecordingState(False)
49.9446 	EXP 	eyetracker.setRecordingState(False)
49.9548 	EXP 	eyetracker.setRecordingState(False)
49.9641 	EXP 	eyetracker.setRecordingState(False)
49.9730 	EXP 	eyetracker.setRecordingState(False)
49.9822 	EXP 	eyetracker.setRecordingState(False)
49.9902 	EXP 	eyetracker.setRecordingState(False)
49.9984 	EXP 	eyetracker.setRecordingState(False)
50.0068 	EXP 	eyetracker.setRecordingState(False)
50.0158 	EXP 	eyetracker.setRecordingState(False)
50.0254 	EXP 	eyetracker.setRecordingState(False)
50.0346 	EXP 	eyetracker.setRecordingState(False)
50.0445 	EXP 	eyetracker.setRecordingState(False)
50.0531 	EXP 	eyetracker.setRecordingState(False)
50.0618 	EXP 	eyetracker.setRecordingState(False)
50.0705 	EXP 	eyetracker.setRecordingState(False)
50.0794 	EXP 	eyetracker.setRecordingState(False)
50.0892 	EXP 	eyetracker.setRecordingState(False)
50.0982 	EXP 	eyetracker.setRecordingState(False)
50.1067 	EXP 	eyetracker.setRecordingState(False)
50.1155 	EXP 	eyetracker.setRecordingState(False)
50.1241 	EXP 	eyetracker.setRecordingState(False)
50.1332 	EXP 	eyetracker.setRecordingState(False)
50.1415 	EXP 	eyetracker.setRecordingState(False)
50.1498 	EXP 	eyetracker.setRecordingState(False)
50.1586 	EXP 	eyetracker.setRecordingState(False)
50.1676 	EXP 	eyetracker.setRecordingState(False)
50.1765 	EXP 	eyetracker.setRecordingState(False)
50.1851 	EXP 	eyetracker.setRecordingState(False)
50.1948 	EXP 	eyetracker.setRecordingState(False)
50.2065 	EXP 	eyetracker.setRecordingState(False)
50.2154 	EXP 	eyetracker.setRecordingState(False)
50.2242 	EXP 	eyetracker.setRecordingState(False)
50.2330 	EXP 	eyetracker.setRecordingState(False)
50.2408 	EXP 	eyetracker.setRecordingState(False)
50.2509 	EXP 	eyetracker.setRecordingState(False)
50.2584 	EXP 	eyetracker.setRecordingState(False)
50.2669 	EXP 	eyetracker.setRecordingState(False)
50.2739 	EXP 	eyetracker.setRecordingState(False)
50.2824 	EXP 	eyetracker.setRecordingState(False)
50.2909 	EXP 	eyetracker.setRecordingState(False)
50.3004 	EXP 	eyetracker.setRecordingState(False)
50.3101 	EXP 	eyetracker.setRecordingState(False)
50.3200 	EXP 	eyetracker.setRecordingState(False)
50.3304 	EXP 	eyetracker.setRecordingState(False)
50.3412 	EXP 	eyetracker.setRecordingState(False)
50.3518 	EXP 	eyetracker.setRecordingState(False)
50.3617 	EXP 	eyetracker.setRecordingState(False)
50.3721 	EXP 	eyetracker.setRecordingState(False)
50.3826 	EXP 	eyetracker.setRecordingState(False)
50.3938 	EXP 	eyetracker.setRecordingState(False)
50.4045 	EXP 	eyetracker.setRecordingState(False)
50.4148 	EXP 	eyetracker.setRecordingState(False)
50.4270 	EXP 	eyetracker.setRecordingState(False)
50.4364 	EXP 	eyetracker.setRecordingState(False)
50.4453 	EXP 	eyetracker.setRecordingState(False)
50.4549 	EXP 	eyetracker.setRecordingState(False)
50.4646 	EXP 	eyetracker.setRecordingState(False)
50.4738 	EXP 	eyetracker.setRecordingState(False)
50.4834 	EXP 	eyetracker.setRecordingState(False)
50.4929 	EXP 	eyetracker.setRecordingState(False)
50.5036 	EXP 	eyetracker.setRecordingState(False)
50.5138 	EXP 	eyetracker.setRecordingState(False)
50.5239 	EXP 	eyetracker.setRecordingState(False)
50.5349 	EXP 	eyetracker.setRecordingState(False)
50.5433 	EXP 	eyetracker.setRecordingState(False)
50.5504 	EXP 	eyetracker.setRecordingState(False)
50.5570 	EXP 	eyetracker.setRecordingState(False)
50.5640 	EXP 	eyetracker.setRecordingState(False)
50.5708 	EXP 	eyetracker.setRecordingState(False)
50.5803 	EXP 	eyetracker.setRecordingState(False)
50.5890 	EXP 	eyetracker.setRecordingState(False)
50.5976 	EXP 	eyetracker.setRecordingState(False)
50.6065 	EXP 	eyetracker.setRecordingState(False)
50.6158 	EXP 	eyetracker.setRecordingState(False)
50.6262 	EXP 	eyetracker.setRecordingState(False)
50.6357 	EXP 	eyetracker.setRecordingState(False)
50.6452 	EXP 	eyetracker.setRecordingState(False)
50.6540 	EXP 	eyetracker.setRecordingState(False)
50.6625 	EXP 	eyetracker.setRecordingState(False)
50.6712 	EXP 	eyetracker.setRecordingState(False)
50.6791 	EXP 	eyetracker.setRecordingState(False)
50.6874 	EXP 	eyetracker.setRecordingState(False)
50.6959 	EXP 	eyetracker.setRecordingState(False)
50.7059 	EXP 	eyetracker.setRecordingState(False)
50.7141 	EXP 	eyetracker.setRecordingState(False)
50.7226 	EXP 	eyetracker.setRecordingState(False)
50.7305 	EXP 	eyetracker.setRecordingState(False)
50.7388 	EXP 	eyetracker.setRecordingState(False)
50.7469 	EXP 	eyetracker.setRecordingState(False)
50.7546 	EXP 	eyetracker.setRecordingState(False)
50.7628 	EXP 	eyetracker.setRecordingState(False)
50.7712 	EXP 	eyetracker.setRecordingState(False)
50.7792 	EXP 	eyetracker.setRecordingState(False)
50.7875 	EXP 	eyetracker.setRecordingState(False)
50.7962 	EXP 	eyetracker.setRecordingState(False)
50.8028 	EXP 	eyetracker.setRecordingState(False)
50.8105 	EXP 	eyetracker.setRecordingState(False)
50.8177 	EXP 	eyetracker.setRecordingState(False)
50.8255 	EXP 	eyetracker.setRecordingState(False)
50.8331 	EXP 	eyetracker.setRecordingState(False)
50.8401 	EXP 	eyetracker.setRecordingState(False)
50.8475 	EXP 	eyetracker.setRecordingState(False)
50.8551 	EXP 	eyetracker.setRecordingState(False)
50.8628 	EXP 	eyetracker.setRecordingState(False)
50.8710 	EXP 	eyetracker.setRecordingState(False)
50.8798 	EXP 	eyetracker.setRecordingState(False)
50.8876 	EXP 	eyetracker.setRecordingState(False)
50.8954 	EXP 	eyetracker.setRecordingState(False)
50.9037 	EXP 	eyetracker.setRecordingState(False)
50.9123 	EXP 	eyetracker.setRecordingState(False)
50.9202 	EXP 	eyetracker.setRecordingState(False)
50.9282 	EXP 	eyetracker.setRecordingState(False)
50.9366 	EXP 	eyetracker.setRecordingState(False)
50.9451 	EXP 	eyetracker.setRecordingState(False)
50.9535 	EXP 	eyetracker.setRecordingState(False)
50.9619 	EXP 	eyetracker.setRecordingState(False)
50.9703 	EXP 	eyetracker.setRecordingState(False)
50.9792 	EXP 	eyetracker.setRecordingState(False)
50.9872 	EXP 	eyetracker.setRecordingState(False)
50.9943 	EXP 	eyetracker.setRecordingState(False)
51.0015 	EXP 	eyetracker.setRecordingState(False)
51.0080 	EXP 	eyetracker.setRecordingState(False)
51.0157 	EXP 	eyetracker.setRecordingState(False)
51.0227 	EXP 	eyetracker.setRecordingState(False)
51.0297 	EXP 	eyetracker.setRecordingState(False)
51.0372 	EXP 	eyetracker.setRecordingState(False)
51.0447 	EXP 	eyetracker.setRecordingState(False)
51.0531 	EXP 	eyetracker.setRecordingState(False)
51.0607 	EXP 	eyetracker.setRecordingState(False)
51.0699 	EXP 	eyetracker.setRecordingState(False)
51.0771 	EXP 	eyetracker.setRecordingState(False)
51.0843 	EXP 	eyetracker.setRecordingState(False)
51.0910 	EXP 	eyetracker.setRecordingState(False)
51.0982 	EXP 	eyetracker.setRecordingState(False)
51.1056 	EXP 	eyetracker.setRecordingState(False)
51.1133 	EXP 	eyetracker.setRecordingState(False)
51.1214 	EXP 	eyetracker.setRecordingState(False)
51.1301 	EXP 	eyetracker.setRecordingState(False)
51.1380 	EXP 	eyetracker.setRecordingState(False)
51.1465 	EXP 	eyetracker.setRecordingState(False)
51.1548 	EXP 	eyetracker.setRecordingState(False)
51.1630 	EXP 	eyetracker.setRecordingState(False)
51.1712 	EXP 	eyetracker.setRecordingState(False)
51.1793 	EXP 	eyetracker.setRecordingState(False)
51.1875 	EXP 	eyetracker.setRecordingState(False)
51.1959 	EXP 	eyetracker.setRecordingState(False)
51.2039 	EXP 	eyetracker.setRecordingState(False)
51.2130 	EXP 	eyetracker.setRecordingState(False)
51.2212 	EXP 	eyetracker.setRecordingState(False)
51.2290 	EXP 	eyetracker.setRecordingState(False)
51.2368 	EXP 	eyetracker.setRecordingState(False)
51.2450 	EXP 	eyetracker.setRecordingState(False)
51.2530 	EXP 	eyetracker.setRecordingState(False)
51.2624 	EXP 	eyetracker.setRecordingState(False)
51.2713 	EXP 	eyetracker.setRecordingState(False)
51.2795 	EXP 	eyetracker.setRecordingState(False)
51.2869 	EXP 	eyetracker.setRecordingState(False)
51.2941 	EXP 	eyetracker.setRecordingState(False)
51.3006 	EXP 	eyetracker.setRecordingState(False)
51.3080 	EXP 	eyetracker.setRecordingState(False)
51.3153 	EXP 	eyetracker.setRecordingState(False)
51.3228 	EXP 	eyetracker.setRecordingState(False)
51.3306 	EXP 	eyetracker.setRecordingState(False)
51.3389 	EXP 	eyetracker.setRecordingState(False)
51.3467 	EXP 	eyetracker.setRecordingState(False)
51.3552 	EXP 	eyetracker.setRecordingState(False)
51.3635 	EXP 	eyetracker.setRecordingState(False)
51.3716 	EXP 	eyetracker.setRecordingState(False)
51.3794 	EXP 	eyetracker.setRecordingState(False)
51.3880 	EXP 	eyetracker.setRecordingState(False)
51.3948 	EXP 	eyetracker.setRecordingState(False)
51.4021 	EXP 	eyetracker.setRecordingState(False)
51.4096 	EXP 	eyetracker.setRecordingState(False)
51.4174 	EXP 	eyetracker.setRecordingState(False)
51.4256 	EXP 	eyetracker.setRecordingState(False)
51.4331 	EXP 	eyetracker.setRecordingState(False)
51.4403 	EXP 	eyetracker.setRecordingState(False)
51.4483 	EXP 	eyetracker.setRecordingState(False)
51.4568 	EXP 	eyetracker.setRecordingState(False)
51.4650 	EXP 	eyetracker.setRecordingState(False)
51.4739 	EXP 	eyetracker.setRecordingState(False)
51.4843 	EXP 	eyetracker.setRecordingState(False)
51.4923 	EXP 	eyetracker.setRecordingState(False)
51.5009 	EXP 	eyetracker.setRecordingState(False)
51.5105 	EXP 	eyetracker.setRecordingState(False)
51.5192 	EXP 	eyetracker.setRecordingState(False)
51.5292 	EXP 	eyetracker.setRecordingState(False)
51.5399 	EXP 	eyetracker.setRecordingState(False)
51.5475 	EXP 	eyetracker.setRecordingState(False)
51.5546 	EXP 	eyetracker.setRecordingState(False)
51.5618 	EXP 	eyetracker.setRecordingState(False)
51.5683 	EXP 	eyetracker.setRecordingState(False)
51.5748 	EXP 	eyetracker.setRecordingState(False)
51.5809 	EXP 	eyetracker.setRecordingState(False)
51.5872 	EXP 	eyetracker.setRecordingState(False)
51.5931 	EXP 	eyetracker.setRecordingState(False)
51.5996 	EXP 	eyetracker.setRecordingState(False)
51.6068 	EXP 	eyetracker.setRecordingState(False)
51.6137 	EXP 	eyetracker.setRecordingState(False)
51.6216 	EXP 	eyetracker.setRecordingState(False)
51.6305 	EXP 	eyetracker.setRecordingState(False)
51.6403 	EXP 	eyetracker.setRecordingState(False)
51.6499 	EXP 	eyetracker.setRecordingState(False)
51.6592 	EXP 	eyetracker.setRecordingState(False)
51.6691 	EXP 	eyetracker.setRecordingState(False)
51.6789 	EXP 	eyetracker.setRecordingState(False)
51.6884 	EXP 	eyetracker.setRecordingState(False)
51.6991 	EXP 	eyetracker.setRecordingState(False)
51.7095 	EXP 	eyetracker.setRecordingState(False)
51.7195 	EXP 	eyetracker.setRecordingState(False)
51.7296 	EXP 	eyetracker.setRecordingState(False)
51.7394 	EXP 	eyetracker.setRecordingState(False)
51.7494 	EXP 	eyetracker.setRecordingState(False)
51.7587 	EXP 	eyetracker.setRecordingState(False)
51.7674 	EXP 	eyetracker.setRecordingState(False)
51.7758 	EXP 	eyetracker.setRecordingState(False)
51.7848 	EXP 	eyetracker.setRecordingState(False)
51.7956 	EXP 	eyetracker.setRecordingState(False)
51.8057 	EXP 	eyetracker.setRecordingState(False)
51.8146 	EXP 	eyetracker.setRecordingState(False)
51.8238 	EXP 	eyetracker.setRecordingState(False)
51.8324 	EXP 	eyetracker.setRecordingState(False)
51.8418 	EXP 	eyetracker.setRecordingState(False)
51.8503 	EXP 	eyetracker.setRecordingState(False)
51.8599 	EXP 	eyetracker.setRecordingState(False)
51.8685 	EXP 	eyetracker.setRecordingState(False)
51.8782 	EXP 	eyetracker.setRecordingState(False)
51.8870 	EXP 	eyetracker.setRecordingState(False)
51.8957 	EXP 	eyetracker.setRecordingState(False)
51.9049 	EXP 	eyetracker.setRecordingState(False)
51.9139 	EXP 	eyetracker.setRecordingState(False)
51.9243 	EXP 	eyetracker.setRecordingState(False)
51.9345 	EXP 	eyetracker.setRecordingState(False)
51.9447 	EXP 	eyetracker.setRecordingState(False)
51.9555 	EXP 	eyetracker.setRecordingState(False)
51.9662 	EXP 	eyetracker.setRecordingState(False)
51.9763 	EXP 	eyetracker.setRecordingState(False)
51.9868 	EXP 	eyetracker.setRecordingState(False)
51.9965 	EXP 	eyetracker.setRecordingState(False)
52.0058 	EXP 	eyetracker.setRecordingState(False)
52.0168 	EXP 	eyetracker.setRecordingState(False)
52.0264 	EXP 	eyetracker.setRecordingState(False)
52.0354 	EXP 	eyetracker.setRecordingState(False)
52.0449 	EXP 	eyetracker.setRecordingState(False)
52.0548 	EXP 	eyetracker.setRecordingState(False)
52.0653 	EXP 	eyetracker.setRecordingState(False)
52.0750 	EXP 	eyetracker.setRecordingState(False)
52.0857 	EXP 	eyetracker.setRecordingState(False)
52.0971 	EXP 	eyetracker.setRecordingState(False)
52.1060 	EXP 	eyetracker.setRecordingState(False)
52.1153 	EXP 	eyetracker.setRecordingState(False)
52.1254 	EXP 	eyetracker.setRecordingState(False)
52.1359 	EXP 	eyetracker.setRecordingState(False)
52.1470 	EXP 	eyetracker.setRecordingState(False)
52.1595 	EXP 	eyetracker.setRecordingState(False)
52.1721 	EXP 	eyetracker.setRecordingState(False)
52.1843 	EXP 	eyetracker.setRecordingState(False)
52.1975 	EXP 	eyetracker.setRecordingState(False)
52.2098 	EXP 	eyetracker.setRecordingState(False)
52.2215 	EXP 	eyetracker.setRecordingState(False)
52.2327 	EXP 	eyetracker.setRecordingState(False)
52.2424 	EXP 	eyetracker.setRecordingState(False)
52.2522 	EXP 	eyetracker.setRecordingState(False)
52.2617 	EXP 	eyetracker.setRecordingState(False)
52.2720 	EXP 	eyetracker.setRecordingState(False)
52.2838 	EXP 	eyetracker.setRecordingState(False)
52.2933 	EXP 	eyetracker.setRecordingState(False)
52.3027 	EXP 	eyetracker.setRecordingState(False)
52.3117 	EXP 	eyetracker.setRecordingState(False)
52.3206 	EXP 	eyetracker.setRecordingState(False)
52.3309 	EXP 	eyetracker.setRecordingState(False)
52.3399 	EXP 	eyetracker.setRecordingState(False)
52.3495 	EXP 	eyetracker.setRecordingState(False)
52.3594 	EXP 	eyetracker.setRecordingState(False)
52.3690 	EXP 	eyetracker.setRecordingState(False)
52.3786 	EXP 	eyetracker.setRecordingState(False)
52.3878 	EXP 	eyetracker.setRecordingState(False)
52.3968 	EXP 	eyetracker.setRecordingState(False)
52.4068 	EXP 	eyetracker.setRecordingState(False)
52.4169 	EXP 	eyetracker.setRecordingState(False)
52.4279 	EXP 	eyetracker.setRecordingState(False)
52.4364 	EXP 	eyetracker.setRecordingState(False)
52.4451 	EXP 	eyetracker.setRecordingState(False)
52.4542 	EXP 	eyetracker.setRecordingState(False)
52.4627 	EXP 	eyetracker.setRecordingState(False)
52.4715 	EXP 	eyetracker.setRecordingState(False)
52.4793 	EXP 	eyetracker.setRecordingState(False)
52.4874 	EXP 	eyetracker.setRecordingState(False)
52.4955 	EXP 	eyetracker.setRecordingState(False)
52.5037 	EXP 	eyetracker.setRecordingState(False)
52.5113 	EXP 	eyetracker.setRecordingState(False)
52.5189 	EXP 	eyetracker.setRecordingState(False)
52.5263 	EXP 	eyetracker.setRecordingState(False)
52.5350 	EXP 	eyetracker.setRecordingState(False)
52.5444 	EXP 	eyetracker.setRecordingState(False)
52.5541 	EXP 	eyetracker.setRecordingState(False)
52.5610 	EXP 	eyetracker.setRecordingState(False)
52.5680 	EXP 	eyetracker.setRecordingState(False)
52.5757 	EXP 	eyetracker.setRecordingState(False)
52.5832 	EXP 	eyetracker.setRecordingState(False)
52.5917 	EXP 	eyetracker.setRecordingState(False)
52.6000 	EXP 	eyetracker.setRecordingState(False)
52.6083 	EXP 	eyetracker.setRecordingState(False)
52.6167 	EXP 	eyetracker.setRecordingState(False)
52.6253 	EXP 	eyetracker.setRecordingState(False)
52.6328 	EXP 	eyetracker.setRecordingState(False)
52.6422 	EXP 	eyetracker.setRecordingState(False)
52.6515 	EXP 	eyetracker.setRecordingState(False)
52.6607 	EXP 	eyetracker.setRecordingState(False)
52.6708 	EXP 	eyetracker.setRecordingState(False)
52.6809 	EXP 	eyetracker.setRecordingState(False)
52.6910 	EXP 	eyetracker.setRecordingState(False)
52.7015 	EXP 	eyetracker.setRecordingState(False)
52.7104 	EXP 	eyetracker.setRecordingState(False)
52.7193 	EXP 	eyetracker.setRecordingState(False)
52.7281 	EXP 	eyetracker.setRecordingState(False)
52.7393 	EXP 	eyetracker.setRecordingState(False)
52.7480 	EXP 	eyetracker.setRecordingState(False)
52.7572 	EXP 	eyetracker.setRecordingState(False)
52.7677 	EXP 	eyetracker.setRecordingState(False)
52.7767 	EXP 	eyetracker.setRecordingState(False)
52.7852 	EXP 	eyetracker.setRecordingState(False)
52.7940 	EXP 	eyetracker.setRecordingState(False)
52.8038 	EXP 	eyetracker.setRecordingState(False)
52.8138 	EXP 	eyetracker.setRecordingState(False)
52.8236 	EXP 	eyetracker.setRecordingState(False)
52.8325 	EXP 	eyetracker.setRecordingState(False)
52.8429 	EXP 	eyetracker.setRecordingState(False)
52.8524 	EXP 	eyetracker.setRecordingState(False)
52.8615 	EXP 	eyetracker.setRecordingState(False)
52.8698 	EXP 	eyetracker.setRecordingState(False)
52.8784 	EXP 	eyetracker.setRecordingState(False)
52.8868 	EXP 	eyetracker.setRecordingState(False)
52.8963 	EXP 	eyetracker.setRecordingState(False)
52.9070 	EXP 	eyetracker.setRecordingState(False)
52.9167 	EXP 	eyetracker.setRecordingState(False)
52.9265 	EXP 	eyetracker.setRecordingState(False)
52.9358 	EXP 	eyetracker.setRecordingState(False)
52.9456 	EXP 	eyetracker.setRecordingState(False)
52.9561 	EXP 	eyetracker.setRecordingState(False)
52.9660 	EXP 	eyetracker.setRecordingState(False)
52.9757 	EXP 	eyetracker.setRecordingState(False)
52.9868 	EXP 	eyetracker.setRecordingState(False)
52.9965 	EXP 	eyetracker.setRecordingState(False)
53.0060 	EXP 	eyetracker.setRecordingState(False)
53.0161 	EXP 	eyetracker.setRecordingState(False)
53.0261 	EXP 	eyetracker.setRecordingState(False)
53.0352 	EXP 	eyetracker.setRecordingState(False)
53.0449 	EXP 	eyetracker.setRecordingState(False)
53.0542 	EXP 	eyetracker.setRecordingState(False)
53.0643 	EXP 	eyetracker.setRecordingState(False)
53.0750 	EXP 	eyetracker.setRecordingState(False)
53.0842 	EXP 	eyetracker.setRecordingState(False)
53.0933 	EXP 	eyetracker.setRecordingState(False)
53.1026 	EXP 	eyetracker.setRecordingState(False)
53.1129 	EXP 	eyetracker.setRecordingState(False)
53.1225 	EXP 	eyetracker.setRecordingState(False)
53.1323 	EXP 	eyetracker.setRecordingState(False)
53.1419 	EXP 	eyetracker.setRecordingState(False)
53.1507 	EXP 	eyetracker.setRecordingState(False)
53.1602 	EXP 	eyetracker.setRecordingState(False)
53.1699 	EXP 	eyetracker.setRecordingState(False)
53.1791 	EXP 	eyetracker.setRecordingState(False)
53.1882 	EXP 	eyetracker.setRecordingState(False)
53.1974 	EXP 	eyetracker.setRecordingState(False)
53.2078 	EXP 	eyetracker.setRecordingState(False)
53.2171 	EXP 	eyetracker.setRecordingState(False)
53.2267 	EXP 	eyetracker.setRecordingState(False)
53.2360 	EXP 	eyetracker.setRecordingState(False)
53.2451 	EXP 	eyetracker.setRecordingState(False)
53.2553 	EXP 	eyetracker.setRecordingState(False)
53.2637 	EXP 	eyetracker.setRecordingState(False)
53.2728 	EXP 	eyetracker.setRecordingState(False)
53.2822 	EXP 	eyetracker.setRecordingState(False)
53.2913 	EXP 	eyetracker.setRecordingState(False)
53.3012 	EXP 	eyetracker.setRecordingState(False)
53.3100 	EXP 	eyetracker.setRecordingState(False)
53.3190 	EXP 	eyetracker.setRecordingState(False)
53.3283 	EXP 	eyetracker.setRecordingState(False)
53.3375 	EXP 	eyetracker.setRecordingState(False)
53.3475 	EXP 	eyetracker.setRecordingState(False)
53.3571 	EXP 	eyetracker.setRecordingState(False)
53.3663 	EXP 	eyetracker.setRecordingState(False)
53.3758 	EXP 	eyetracker.setRecordingState(False)
53.3852 	EXP 	eyetracker.setRecordingState(False)
53.3958 	EXP 	eyetracker.setRecordingState(False)
53.4068 	EXP 	eyetracker.setRecordingState(False)
53.4173 	EXP 	eyetracker.setRecordingState(False)
53.4286 	EXP 	eyetracker.setRecordingState(False)
53.4373 	EXP 	eyetracker.setRecordingState(False)
53.4466 	EXP 	eyetracker.setRecordingState(False)
53.4563 	EXP 	eyetracker.setRecordingState(False)
53.4655 	EXP 	eyetracker.setRecordingState(False)
53.4748 	EXP 	eyetracker.setRecordingState(False)
53.4846 	EXP 	eyetracker.setRecordingState(False)
53.4933 	EXP 	eyetracker.setRecordingState(False)
53.5031 	EXP 	eyetracker.setRecordingState(False)
53.5124 	EXP 	eyetracker.setRecordingState(False)
53.5214 	EXP 	eyetracker.setRecordingState(False)
53.5303 	EXP 	eyetracker.setRecordingState(False)
53.5399 	EXP 	eyetracker.setRecordingState(False)
53.5489 	EXP 	eyetracker.setRecordingState(False)
53.5593 	EXP 	eyetracker.setRecordingState(False)
53.5682 	EXP 	eyetracker.setRecordingState(False)
53.5766 	EXP 	eyetracker.setRecordingState(False)
53.5858 	EXP 	eyetracker.setRecordingState(False)
53.5948 	EXP 	eyetracker.setRecordingState(False)
53.6042 	EXP 	eyetracker.setRecordingState(False)
53.6148 	EXP 	eyetracker.setRecordingState(False)
53.6244 	EXP 	eyetracker.setRecordingState(False)
53.6338 	EXP 	eyetracker.setRecordingState(False)
53.6436 	EXP 	eyetracker.setRecordingState(False)
53.6533 	EXP 	eyetracker.setRecordingState(False)
53.6628 	EXP 	eyetracker.setRecordingState(False)
53.6724 	EXP 	eyetracker.setRecordingState(False)
53.6827 	EXP 	eyetracker.setRecordingState(False)
53.6921 	EXP 	eyetracker.setRecordingState(False)
53.7012 	EXP 	eyetracker.setRecordingState(False)
53.7102 	EXP 	eyetracker.setRecordingState(False)
53.7192 	EXP 	eyetracker.setRecordingState(False)
53.7290 	EXP 	eyetracker.setRecordingState(False)
53.7385 	EXP 	eyetracker.setRecordingState(False)
53.7483 	EXP 	eyetracker.setRecordingState(False)
53.7579 	EXP 	eyetracker.setRecordingState(False)
53.7674 	EXP 	eyetracker.setRecordingState(False)
53.7779 	EXP 	eyetracker.setRecordingState(False)
53.7879 	EXP 	eyetracker.setRecordingState(False)
53.7977 	EXP 	eyetracker.setRecordingState(False)
53.8078 	EXP 	eyetracker.setRecordingState(False)
53.8174 	EXP 	eyetracker.setRecordingState(False)
53.8271 	EXP 	eyetracker.setRecordingState(False)
53.8366 	EXP 	eyetracker.setRecordingState(False)
53.8457 	EXP 	eyetracker.setRecordingState(False)
53.8549 	EXP 	eyetracker.setRecordingState(False)
53.8640 	EXP 	eyetracker.setRecordingState(False)
53.8746 	EXP 	eyetracker.setRecordingState(False)
53.8845 	EXP 	eyetracker.setRecordingState(False)
53.8933 	EXP 	eyetracker.setRecordingState(False)
53.9040 	EXP 	eyetracker.setRecordingState(False)
53.9128 	EXP 	eyetracker.setRecordingState(False)
53.9211 	EXP 	eyetracker.setRecordingState(False)
53.9295 	EXP 	eyetracker.setRecordingState(False)
53.9375 	EXP 	eyetracker.setRecordingState(False)
53.9455 	EXP 	eyetracker.setRecordingState(False)
53.9540 	EXP 	eyetracker.setRecordingState(False)
53.9628 	EXP 	eyetracker.setRecordingState(False)
53.9712 	EXP 	eyetracker.setRecordingState(False)
53.9804 	EXP 	eyetracker.setRecordingState(False)
53.9891 	EXP 	eyetracker.setRecordingState(False)
53.9995 	EXP 	eyetracker.setRecordingState(False)
54.0092 	EXP 	eyetracker.setRecordingState(False)
54.0191 	EXP 	eyetracker.setRecordingState(False)
54.0297 	EXP 	eyetracker.setRecordingState(False)
54.0391 	EXP 	eyetracker.setRecordingState(False)
54.0486 	EXP 	eyetracker.setRecordingState(False)
54.0592 	EXP 	eyetracker.setRecordingState(False)
54.0688 	EXP 	eyetracker.setRecordingState(False)
54.0790 	EXP 	eyetracker.setRecordingState(False)
54.0890 	EXP 	eyetracker.setRecordingState(False)
54.0984 	EXP 	eyetracker.setRecordingState(False)
54.1088 	EXP 	eyetracker.setRecordingState(False)
54.1182 	EXP 	eyetracker.setRecordingState(False)
54.1280 	EXP 	eyetracker.setRecordingState(False)
54.1387 	EXP 	eyetracker.setRecordingState(False)
54.1479 	EXP 	eyetracker.setRecordingState(False)
54.1580 	EXP 	eyetracker.setRecordingState(False)
54.1677 	EXP 	eyetracker.setRecordingState(False)
54.1779 	EXP 	eyetracker.setRecordingState(False)
54.1891 	EXP 	eyetracker.setRecordingState(False)
54.1996 	EXP 	eyetracker.setRecordingState(False)
54.2093 	EXP 	eyetracker.setRecordingState(False)
54.2204 	EXP 	eyetracker.setRecordingState(False)
54.2299 	EXP 	eyetracker.setRecordingState(False)
54.2398 	EXP 	eyetracker.setRecordingState(False)
54.2502 	EXP 	eyetracker.setRecordingState(False)
54.2604 	EXP 	eyetracker.setRecordingState(False)
54.2700 	EXP 	eyetracker.setRecordingState(False)
54.2797 	EXP 	eyetracker.setRecordingState(False)
54.2893 	EXP 	eyetracker.setRecordingState(False)
54.2986 	EXP 	eyetracker.setRecordingState(False)
54.3086 	EXP 	eyetracker.setRecordingState(False)
54.3182 	EXP 	eyetracker.setRecordingState(False)
54.3286 	EXP 	eyetracker.setRecordingState(False)
54.3376 	EXP 	eyetracker.setRecordingState(False)
54.3458 	EXP 	eyetracker.setRecordingState(False)
54.3538 	EXP 	eyetracker.setRecordingState(False)
54.3613 	EXP 	eyetracker.setRecordingState(False)
54.3687 	EXP 	eyetracker.setRecordingState(False)
54.3765 	EXP 	eyetracker.setRecordingState(False)
54.3858 	EXP 	eyetracker.setRecordingState(False)
54.3953 	EXP 	eyetracker.setRecordingState(False)
54.4049 	EXP 	eyetracker.setRecordingState(False)
54.4141 	EXP 	eyetracker.setRecordingState(False)
54.4240 	EXP 	eyetracker.setRecordingState(False)
54.4325 	EXP 	eyetracker.setRecordingState(False)
54.4417 	EXP 	eyetracker.setRecordingState(False)
54.4507 	EXP 	eyetracker.setRecordingState(False)
54.4597 	EXP 	eyetracker.setRecordingState(False)
54.4706 	EXP 	eyetracker.setRecordingState(False)
54.4805 	EXP 	eyetracker.setRecordingState(False)
54.4902 	EXP 	eyetracker.setRecordingState(False)
54.5004 	EXP 	eyetracker.setRecordingState(False)
54.5105 	EXP 	eyetracker.setRecordingState(False)
54.5204 	EXP 	eyetracker.setRecordingState(False)
54.5298 	EXP 	eyetracker.setRecordingState(False)
54.5396 	EXP 	eyetracker.setRecordingState(False)
54.5489 	EXP 	eyetracker.setRecordingState(False)
54.5582 	EXP 	eyetracker.setRecordingState(False)
54.5674 	EXP 	eyetracker.setRecordingState(False)
54.5756 	EXP 	eyetracker.setRecordingState(False)
54.5835 	EXP 	eyetracker.setRecordingState(False)
54.5925 	EXP 	eyetracker.setRecordingState(False)
54.6000 	EXP 	eyetracker.setRecordingState(False)
54.6104 	EXP 	eyetracker.setRecordingState(False)
54.6208 	EXP 	eyetracker.setRecordingState(False)
54.6320 	EXP 	eyetracker.setRecordingState(False)
54.6447 	EXP 	eyetracker.setRecordingState(False)
54.6580 	EXP 	eyetracker.setRecordingState(False)
54.6716 	EXP 	eyetracker.setRecordingState(False)
54.6849 	EXP 	eyetracker.setRecordingState(False)
54.7019 	EXP 	eyetracker.setRecordingState(False)
54.7149 	EXP 	eyetracker.setRecordingState(False)
54.7270 	EXP 	eyetracker.setRecordingState(False)
54.7387 	EXP 	eyetracker.setRecordingState(False)
54.7507 	EXP 	eyetracker.setRecordingState(False)
54.7611 	EXP 	eyetracker.setRecordingState(False)
54.7718 	EXP 	eyetracker.setRecordingState(False)
54.7820 	EXP 	eyetracker.setRecordingState(False)
54.7920 	EXP 	eyetracker.setRecordingState(False)
54.8018 	EXP 	eyetracker.setRecordingState(False)
54.8116 	EXP 	eyetracker.setRecordingState(False)
54.8209 	EXP 	eyetracker.setRecordingState(False)
54.8309 	EXP 	eyetracker.setRecordingState(False)
54.8405 	EXP 	eyetracker.setRecordingState(False)
54.8497 	EXP 	eyetracker.setRecordingState(False)
54.8591 	EXP 	eyetracker.setRecordingState(False)
54.8686 	EXP 	eyetracker.setRecordingState(False)
54.8781 	EXP 	eyetracker.setRecordingState(False)
54.8875 	EXP 	eyetracker.setRecordingState(False)
54.8970 	EXP 	eyetracker.setRecordingState(False)
54.9066 	EXP 	eyetracker.setRecordingState(False)
54.9160 	EXP 	eyetracker.setRecordingState(False)
54.9257 	EXP 	eyetracker.setRecordingState(False)
54.9378 	EXP 	eyetracker.setRecordingState(False)
54.9476 	EXP 	eyetracker.setRecordingState(False)
54.9574 	EXP 	eyetracker.setRecordingState(False)
54.9666 	EXP 	eyetracker.setRecordingState(False)
54.9758 	EXP 	eyetracker.setRecordingState(False)
54.9849 	EXP 	eyetracker.setRecordingState(False)
54.9944 	EXP 	eyetracker.setRecordingState(False)
55.0040 	EXP 	eyetracker.setRecordingState(False)
55.0131 	EXP 	eyetracker.setRecordingState(False)
55.0224 	EXP 	eyetracker.setRecordingState(False)
55.0325 	EXP 	eyetracker.setRecordingState(False)
55.0424 	EXP 	eyetracker.setRecordingState(False)
55.0520 	EXP 	eyetracker.setRecordingState(False)
55.0619 	EXP 	eyetracker.setRecordingState(False)
55.0712 	EXP 	eyetracker.setRecordingState(False)
55.0814 	EXP 	eyetracker.setRecordingState(False)
55.0914 	EXP 	eyetracker.setRecordingState(False)
55.1020 	EXP 	eyetracker.setRecordingState(False)
55.1116 	EXP 	eyetracker.setRecordingState(False)
55.1208 	EXP 	eyetracker.setRecordingState(False)
55.1298 	EXP 	eyetracker.setRecordingState(False)
55.1389 	EXP 	eyetracker.setRecordingState(False)
55.1471 	EXP 	eyetracker.setRecordingState(False)
55.1559 	EXP 	eyetracker.setRecordingState(False)
55.1653 	EXP 	eyetracker.setRecordingState(False)
55.1751 	EXP 	eyetracker.setRecordingState(False)
55.1843 	EXP 	eyetracker.setRecordingState(False)
55.1936 	EXP 	eyetracker.setRecordingState(False)
55.2029 	EXP 	eyetracker.setRecordingState(False)
55.2148 	EXP 	eyetracker.setRecordingState(False)
55.2231 	EXP 	eyetracker.setRecordingState(False)
55.2320 	EXP 	eyetracker.setRecordingState(False)
55.2415 	EXP 	eyetracker.setRecordingState(False)
55.2518 	EXP 	eyetracker.setRecordingState(False)
55.2633 	EXP 	eyetracker.setRecordingState(False)
55.2775 	EXP 	eyetracker.setRecordingState(False)
55.2920 	EXP 	eyetracker.setRecordingState(False)
55.3078 	EXP 	eyetracker.setRecordingState(False)
55.3243 	EXP 	eyetracker.setRecordingState(False)
55.3401 	EXP 	eyetracker.setRecordingState(False)
55.3577 	EXP 	eyetracker.setRecordingState(False)
55.3722 	EXP 	eyetracker.setRecordingState(False)
55.3842 	EXP 	eyetracker.setRecordingState(False)
55.3962 	EXP 	eyetracker.setRecordingState(False)
55.4106 	EXP 	eyetracker.setRecordingState(False)
55.4235 	EXP 	eyetracker.setRecordingState(False)
55.4359 	EXP 	eyetracker.setRecordingState(False)
55.4498 	EXP 	eyetracker.setRecordingState(False)
55.4619 	EXP 	eyetracker.setRecordingState(False)
55.4737 	EXP 	eyetracker.setRecordingState(False)
55.4846 	EXP 	eyetracker.setRecordingState(False)
55.4948 	EXP 	eyetracker.setRecordingState(False)
55.5069 	EXP 	eyetracker.setRecordingState(False)
55.5173 	EXP 	eyetracker.setRecordingState(False)
55.5277 	EXP 	eyetracker.setRecordingState(False)
55.5379 	EXP 	eyetracker.setRecordingState(False)
55.5468 	EXP 	eyetracker.setRecordingState(False)
55.5564 	EXP 	eyetracker.setRecordingState(False)
55.5666 	EXP 	eyetracker.setRecordingState(False)
55.5760 	EXP 	eyetracker.setRecordingState(False)
55.5850 	EXP 	eyetracker.setRecordingState(False)
55.5948 	EXP 	eyetracker.setRecordingState(False)
55.6048 	EXP 	eyetracker.setRecordingState(False)
55.6146 	EXP 	eyetracker.setRecordingState(False)
55.6247 	EXP 	eyetracker.setRecordingState(False)
55.6349 	EXP 	eyetracker.setRecordingState(False)
55.6449 	EXP 	eyetracker.setRecordingState(False)
55.6550 	EXP 	eyetracker.setRecordingState(False)
55.6654 	EXP 	eyetracker.setRecordingState(False)
55.6756 	EXP 	eyetracker.setRecordingState(False)
55.6865 	EXP 	eyetracker.setRecordingState(False)
55.6974 	EXP 	eyetracker.setRecordingState(False)
55.7070 	EXP 	eyetracker.setRecordingState(False)
55.7167 	EXP 	eyetracker.setRecordingState(False)
55.7272 	EXP 	eyetracker.setRecordingState(False)
55.7363 	EXP 	eyetracker.setRecordingState(False)
55.7463 	EXP 	eyetracker.setRecordingState(False)
55.7566 	EXP 	eyetracker.setRecordingState(False)
55.7661 	EXP 	eyetracker.setRecordingState(False)
55.7763 	EXP 	eyetracker.setRecordingState(False)
55.7870 	EXP 	eyetracker.setRecordingState(False)
55.7985 	EXP 	eyetracker.setRecordingState(False)
55.8107 	EXP 	eyetracker.setRecordingState(False)
55.8235 	EXP 	eyetracker.setRecordingState(False)
55.8388 	EXP 	eyetracker.setRecordingState(False)
55.8510 	EXP 	eyetracker.setRecordingState(False)
55.8643 	EXP 	eyetracker.setRecordingState(False)
55.8766 	EXP 	eyetracker.setRecordingState(False)
55.8893 	EXP 	eyetracker.setRecordingState(False)
55.9005 	EXP 	eyetracker.setRecordingState(False)
55.9115 	EXP 	eyetracker.setRecordingState(False)
55.9216 	EXP 	eyetracker.setRecordingState(False)
55.9315 	EXP 	eyetracker.setRecordingState(False)
55.9424 	EXP 	eyetracker.setRecordingState(False)
55.9526 	EXP 	eyetracker.setRecordingState(False)
55.9630 	EXP 	eyetracker.setRecordingState(False)
55.9728 	EXP 	eyetracker.setRecordingState(False)
55.9828 	EXP 	eyetracker.setRecordingState(False)
55.9930 	EXP 	eyetracker.setRecordingState(False)
56.0028 	EXP 	eyetracker.setRecordingState(False)
56.0126 	EXP 	eyetracker.setRecordingState(False)
56.0216 	EXP 	eyetracker.setRecordingState(False)
56.0312 	EXP 	eyetracker.setRecordingState(False)
56.0422 	EXP 	eyetracker.setRecordingState(False)
56.0517 	EXP 	eyetracker.setRecordingState(False)
56.0614 	EXP 	eyetracker.setRecordingState(False)
56.0711 	EXP 	eyetracker.setRecordingState(False)
56.0812 	EXP 	eyetracker.setRecordingState(False)
56.0912 	EXP 	eyetracker.setRecordingState(False)
56.1008 	EXP 	eyetracker.setRecordingState(False)
56.1103 	EXP 	eyetracker.setRecordingState(False)
56.1199 	EXP 	eyetracker.setRecordingState(False)
56.1293 	EXP 	eyetracker.setRecordingState(False)
56.1387 	EXP 	eyetracker.setRecordingState(False)
56.1483 	EXP 	eyetracker.setRecordingState(False)
56.1578 	EXP 	eyetracker.setRecordingState(False)
56.1670 	EXP 	eyetracker.setRecordingState(False)
56.1763 	EXP 	eyetracker.setRecordingState(False)
56.1856 	EXP 	eyetracker.setRecordingState(False)
56.1946 	EXP 	eyetracker.setRecordingState(False)
56.2039 	EXP 	eyetracker.setRecordingState(False)
56.2136 	EXP 	eyetracker.setRecordingState(False)
56.2234 	EXP 	eyetracker.setRecordingState(False)
56.2345 	EXP 	eyetracker.setRecordingState(False)
56.2443 	EXP 	eyetracker.setRecordingState(False)
56.2548 	EXP 	eyetracker.setRecordingState(False)
56.2648 	EXP 	eyetracker.setRecordingState(False)
56.2742 	EXP 	eyetracker.setRecordingState(False)
56.2832 	EXP 	eyetracker.setRecordingState(False)
56.2929 	EXP 	eyetracker.setRecordingState(False)
56.3025 	EXP 	eyetracker.setRecordingState(False)
56.3126 	EXP 	eyetracker.setRecordingState(False)
56.3222 	EXP 	eyetracker.setRecordingState(False)
56.3317 	EXP 	eyetracker.setRecordingState(False)
56.3406 	EXP 	eyetracker.setRecordingState(False)
56.3496 	EXP 	eyetracker.setRecordingState(False)
56.3597 	EXP 	eyetracker.setRecordingState(False)
56.3696 	EXP 	eyetracker.setRecordingState(False)
56.3792 	EXP 	eyetracker.setRecordingState(False)
56.3898 	EXP 	eyetracker.setRecordingState(False)
56.4000 	EXP 	eyetracker.setRecordingState(False)
56.4097 	EXP 	eyetracker.setRecordingState(False)
56.4199 	EXP 	eyetracker.setRecordingState(False)
56.4292 	EXP 	eyetracker.setRecordingState(False)
56.4383 	EXP 	eyetracker.setRecordingState(False)
56.4483 	EXP 	eyetracker.setRecordingState(False)
56.4580 	EXP 	eyetracker.setRecordingState(False)
56.4674 	EXP 	eyetracker.setRecordingState(False)
56.4783 	EXP 	eyetracker.setRecordingState(False)
56.4874 	EXP 	eyetracker.setRecordingState(False)
56.4974 	EXP 	eyetracker.setRecordingState(False)
56.5070 	EXP 	eyetracker.setRecordingState(False)
56.5181 	EXP 	eyetracker.setRecordingState(False)
56.5279 	EXP 	eyetracker.setRecordingState(False)
56.5377 	EXP 	eyetracker.setRecordingState(False)
56.5489 	EXP 	eyetracker.setRecordingState(False)
56.5593 	EXP 	eyetracker.setRecordingState(False)
56.5692 	EXP 	eyetracker.setRecordingState(False)
56.5799 	EXP 	eyetracker.setRecordingState(False)
56.5907 	EXP 	eyetracker.setRecordingState(False)
56.6017 	EXP 	eyetracker.setRecordingState(False)
56.6120 	EXP 	eyetracker.setRecordingState(False)
56.6229 	EXP 	eyetracker.setRecordingState(False)
56.6346 	EXP 	eyetracker.setRecordingState(False)
56.6478 	EXP 	eyetracker.setRecordingState(False)
56.6626 	EXP 	eyetracker.setRecordingState(False)
56.6769 	EXP 	eyetracker.setRecordingState(False)
56.6951 	EXP 	eyetracker.setRecordingState(False)
56.7089 	EXP 	eyetracker.setRecordingState(False)
56.7209 	EXP 	eyetracker.setRecordingState(False)
56.7319 	EXP 	eyetracker.setRecordingState(False)
56.7419 	EXP 	eyetracker.setRecordingState(False)
56.7527 	EXP 	eyetracker.setRecordingState(False)
56.7627 	EXP 	eyetracker.setRecordingState(False)
56.7742 	EXP 	eyetracker.setRecordingState(False)
56.7854 	EXP 	eyetracker.setRecordingState(False)
56.7967 	EXP 	eyetracker.setRecordingState(False)
56.8074 	EXP 	eyetracker.setRecordingState(False)
56.8183 	EXP 	eyetracker.setRecordingState(False)
56.8289 	EXP 	eyetracker.setRecordingState(False)
56.8421 	EXP 	eyetracker.setRecordingState(False)
56.8538 	EXP 	eyetracker.setRecordingState(False)
56.8662 	EXP 	eyetracker.setRecordingState(False)
56.8781 	EXP 	eyetracker.setRecordingState(False)
56.8880 	EXP 	eyetracker.setRecordingState(False)
56.8980 	EXP 	eyetracker.setRecordingState(False)
56.9083 	EXP 	eyetracker.setRecordingState(False)
56.9189 	EXP 	eyetracker.setRecordingState(False)
56.9290 	EXP 	eyetracker.setRecordingState(False)
56.9384 	EXP 	eyetracker.setRecordingState(False)
56.9485 	EXP 	eyetracker.setRecordingState(False)
56.9588 	EXP 	eyetracker.setRecordingState(False)
56.9689 	EXP 	eyetracker.setRecordingState(False)
56.9784 	EXP 	eyetracker.setRecordingState(False)
56.9883 	EXP 	eyetracker.setRecordingState(False)
56.9980 	EXP 	eyetracker.setRecordingState(False)
57.0076 	EXP 	eyetracker.setRecordingState(False)
57.0173 	EXP 	eyetracker.setRecordingState(False)
57.0272 	EXP 	eyetracker.setRecordingState(False)
57.0370 	EXP 	eyetracker.setRecordingState(False)
57.0460 	EXP 	eyetracker.setRecordingState(False)
57.0551 	EXP 	eyetracker.setRecordingState(False)
57.0651 	EXP 	eyetracker.setRecordingState(False)
57.0745 	EXP 	eyetracker.setRecordingState(False)
57.0849 	EXP 	eyetracker.setRecordingState(False)
57.0948 	EXP 	eyetracker.setRecordingState(False)
57.1046 	EXP 	eyetracker.setRecordingState(False)
57.1145 	EXP 	eyetracker.setRecordingState(False)
57.1244 	EXP 	eyetracker.setRecordingState(False)
57.1339 	EXP 	eyetracker.setRecordingState(False)
57.1441 	EXP 	eyetracker.setRecordingState(False)
57.1548 	EXP 	eyetracker.setRecordingState(False)
57.1651 	EXP 	eyetracker.setRecordingState(False)
57.1747 	EXP 	eyetracker.setRecordingState(False)
57.1847 	EXP 	eyetracker.setRecordingState(False)
57.1940 	EXP 	eyetracker.setRecordingState(False)
57.2030 	EXP 	eyetracker.setRecordingState(False)
57.2139 	EXP 	eyetracker.setRecordingState(False)
57.2230 	EXP 	eyetracker.setRecordingState(False)
57.2336 	EXP 	eyetracker.setRecordingState(False)
57.2444 	EXP 	eyetracker.setRecordingState(False)
57.2532 	EXP 	eyetracker.setRecordingState(False)
57.2623 	EXP 	eyetracker.setRecordingState(False)
57.2719 	EXP 	eyetracker.setRecordingState(False)
57.2807 	EXP 	eyetracker.setRecordingState(False)
57.2903 	EXP 	eyetracker.setRecordingState(False)
57.2994 	EXP 	eyetracker.setRecordingState(False)
57.3087 	EXP 	eyetracker.setRecordingState(False)
57.3177 	EXP 	eyetracker.setRecordingState(False)
57.3265 	EXP 	eyetracker.setRecordingState(False)
57.3356 	EXP 	eyetracker.setRecordingState(False)
57.3446 	EXP 	eyetracker.setRecordingState(False)
57.3537 	EXP 	eyetracker.setRecordingState(False)
57.3638 	EXP 	eyetracker.setRecordingState(False)
57.3736 	EXP 	eyetracker.setRecordingState(False)
57.3827 	EXP 	eyetracker.setRecordingState(False)
57.3920 	EXP 	eyetracker.setRecordingState(False)
57.4020 	EXP 	eyetracker.setRecordingState(False)
57.4118 	EXP 	eyetracker.setRecordingState(False)
57.4225 	EXP 	eyetracker.setRecordingState(False)
57.4303 	EXP 	eyetracker.setRecordingState(False)
57.4386 	EXP 	eyetracker.setRecordingState(False)
57.4474 	EXP 	eyetracker.setRecordingState(False)
57.4560 	EXP 	eyetracker.setRecordingState(False)
57.4659 	EXP 	eyetracker.setRecordingState(False)
57.4752 	EXP 	eyetracker.setRecordingState(False)
57.4852 	EXP 	eyetracker.setRecordingState(False)
57.4943 	EXP 	eyetracker.setRecordingState(False)
57.5036 	EXP 	eyetracker.setRecordingState(False)
57.5139 	EXP 	eyetracker.setRecordingState(False)
57.5237 	EXP 	eyetracker.setRecordingState(False)
57.5333 	EXP 	eyetracker.setRecordingState(False)
57.5439 	EXP 	eyetracker.setRecordingState(False)
57.5543 	EXP 	eyetracker.setRecordingState(False)
57.5640 	EXP 	eyetracker.setRecordingState(False)
57.5739 	EXP 	eyetracker.setRecordingState(False)
57.5834 	EXP 	eyetracker.setRecordingState(False)
57.5939 	EXP 	eyetracker.setRecordingState(False)
57.6043 	EXP 	eyetracker.setRecordingState(False)
57.6137 	EXP 	eyetracker.setRecordingState(False)
57.6230 	EXP 	eyetracker.setRecordingState(False)
57.6326 	EXP 	eyetracker.setRecordingState(False)
57.6420 	EXP 	eyetracker.setRecordingState(False)
57.6511 	EXP 	eyetracker.setRecordingState(False)
57.6604 	EXP 	eyetracker.setRecordingState(False)
57.6702 	EXP 	eyetracker.setRecordingState(False)
57.6803 	EXP 	eyetracker.setRecordingState(False)
57.6893 	EXP 	eyetracker.setRecordingState(False)
57.6988 	EXP 	eyetracker.setRecordingState(False)
57.7080 	EXP 	eyetracker.setRecordingState(False)
57.7187 	EXP 	eyetracker.setRecordingState(False)
57.7273 	EXP 	eyetracker.setRecordingState(False)
57.7362 	EXP 	eyetracker.setRecordingState(False)
57.7458 	EXP 	eyetracker.setRecordingState(False)
57.7557 	EXP 	eyetracker.setRecordingState(False)
57.7661 	EXP 	eyetracker.setRecordingState(False)
57.7759 	EXP 	eyetracker.setRecordingState(False)
57.7858 	EXP 	eyetracker.setRecordingState(False)
57.7963 	EXP 	eyetracker.setRecordingState(False)
57.8063 	EXP 	eyetracker.setRecordingState(False)
57.8166 	EXP 	eyetracker.setRecordingState(False)
57.8266 	EXP 	eyetracker.setRecordingState(False)
57.8366 	EXP 	eyetracker.setRecordingState(False)
57.8465 	EXP 	eyetracker.setRecordingState(False)
57.8557 	EXP 	eyetracker.setRecordingState(False)
57.8659 	EXP 	eyetracker.setRecordingState(False)
57.8756 	EXP 	eyetracker.setRecordingState(False)
57.8855 	EXP 	eyetracker.setRecordingState(False)
57.8949 	EXP 	eyetracker.setRecordingState(False)
57.9049 	EXP 	eyetracker.setRecordingState(False)
57.9136 	EXP 	eyetracker.setRecordingState(False)
57.9234 	EXP 	eyetracker.setRecordingState(False)
57.9331 	EXP 	eyetracker.setRecordingState(False)
57.9420 	EXP 	eyetracker.setRecordingState(False)
57.9527 	EXP 	eyetracker.setRecordingState(False)
57.9623 	EXP 	eyetracker.setRecordingState(False)
57.9732 	EXP 	eyetracker.setRecordingState(False)
57.9844 	EXP 	eyetracker.setRecordingState(False)
57.9933 	EXP 	eyetracker.setRecordingState(False)
58.0021 	EXP 	eyetracker.setRecordingState(False)
58.0108 	EXP 	eyetracker.setRecordingState(False)
58.0203 	EXP 	eyetracker.setRecordingState(False)
58.0292 	EXP 	eyetracker.setRecordingState(False)
58.0385 	EXP 	eyetracker.setRecordingState(False)
58.0471 	EXP 	eyetracker.setRecordingState(False)
58.0550 	EXP 	eyetracker.setRecordingState(False)
58.0645 	EXP 	eyetracker.setRecordingState(False)
58.0740 	EXP 	eyetracker.setRecordingState(False)
58.0843 	EXP 	eyetracker.setRecordingState(False)
58.0947 	EXP 	eyetracker.setRecordingState(False)
58.1048 	EXP 	eyetracker.setRecordingState(False)
58.1144 	EXP 	eyetracker.setRecordingState(False)
58.1241 	EXP 	eyetracker.setRecordingState(False)
58.1337 	EXP 	eyetracker.setRecordingState(False)
58.1435 	EXP 	eyetracker.setRecordingState(False)
58.1532 	EXP 	eyetracker.setRecordingState(False)
58.1626 	EXP 	eyetracker.setRecordingState(False)
58.1731 	EXP 	eyetracker.setRecordingState(False)
58.1832 	EXP 	eyetracker.setRecordingState(False)
58.1934 	EXP 	eyetracker.setRecordingState(False)
58.2037 	EXP 	eyetracker.setRecordingState(False)
58.2136 	EXP 	eyetracker.setRecordingState(False)
58.2233 	EXP 	eyetracker.setRecordingState(False)
58.2334 	EXP 	eyetracker.setRecordingState(False)
58.2432 	EXP 	eyetracker.setRecordingState(False)
58.2554 	EXP 	eyetracker.setRecordingState(False)
58.2659 	EXP 	eyetracker.setRecordingState(False)
58.2759 	EXP 	eyetracker.setRecordingState(False)
58.2859 	EXP 	eyetracker.setRecordingState(False)
58.2963 	EXP 	eyetracker.setRecordingState(False)
58.3053 	EXP 	eyetracker.setRecordingState(False)
58.3164 	EXP 	eyetracker.setRecordingState(False)
58.3262 	EXP 	eyetracker.setRecordingState(False)
58.3352 	EXP 	eyetracker.setRecordingState(False)
58.3451 	EXP 	eyetracker.setRecordingState(False)
58.3543 	EXP 	eyetracker.setRecordingState(False)
58.3634 	EXP 	eyetracker.setRecordingState(False)
58.3730 	EXP 	eyetracker.setRecordingState(False)
58.3821 	EXP 	eyetracker.setRecordingState(False)
58.3912 	EXP 	eyetracker.setRecordingState(False)
58.4003 	EXP 	eyetracker.setRecordingState(False)
58.4101 	EXP 	eyetracker.setRecordingState(False)
58.4184 	EXP 	eyetracker.setRecordingState(False)
58.4261 	EXP 	eyetracker.setRecordingState(False)
58.4339 	EXP 	eyetracker.setRecordingState(False)
58.4414 	EXP 	eyetracker.setRecordingState(False)
58.4497 	EXP 	eyetracker.setRecordingState(False)
58.4589 	EXP 	eyetracker.setRecordingState(False)
58.4688 	EXP 	eyetracker.setRecordingState(False)
58.4781 	EXP 	eyetracker.setRecordingState(False)
58.4873 	EXP 	eyetracker.setRecordingState(False)
58.4967 	EXP 	eyetracker.setRecordingState(False)
58.5059 	EXP 	eyetracker.setRecordingState(False)
58.5147 	EXP 	eyetracker.setRecordingState(False)
58.5243 	EXP 	eyetracker.setRecordingState(False)
58.5344 	EXP 	eyetracker.setRecordingState(False)
58.5440 	EXP 	eyetracker.setRecordingState(False)
58.5536 	EXP 	eyetracker.setRecordingState(False)
58.5632 	EXP 	eyetracker.setRecordingState(False)
58.5723 	EXP 	eyetracker.setRecordingState(False)
58.5833 	EXP 	eyetracker.setRecordingState(False)
58.5933 	EXP 	eyetracker.setRecordingState(False)
58.6031 	EXP 	eyetracker.setRecordingState(False)
58.6131 	EXP 	eyetracker.setRecordingState(False)
58.6227 	EXP 	eyetracker.setRecordingState(False)
58.6302 	EXP 	eyetracker.setRecordingState(False)
58.6381 	EXP 	eyetracker.setRecordingState(False)
58.6461 	EXP 	eyetracker.setRecordingState(False)
58.6541 	EXP 	eyetracker.setRecordingState(False)
58.6622 	EXP 	eyetracker.setRecordingState(False)
58.6697 	EXP 	eyetracker.setRecordingState(False)
58.6775 	EXP 	eyetracker.setRecordingState(False)
58.6848 	EXP 	eyetracker.setRecordingState(False)
58.6921 	EXP 	eyetracker.setRecordingState(False)
58.6988 	EXP 	eyetracker.setRecordingState(False)
58.7057 	EXP 	eyetracker.setRecordingState(False)
58.7133 	EXP 	eyetracker.setRecordingState(False)
58.7205 	EXP 	eyetracker.setRecordingState(False)
58.7286 	EXP 	eyetracker.setRecordingState(False)
58.7383 	EXP 	eyetracker.setRecordingState(False)
58.7482 	EXP 	eyetracker.setRecordingState(False)
58.7589 	EXP 	eyetracker.setRecordingState(False)
58.7702 	EXP 	eyetracker.setRecordingState(False)
58.7814 	EXP 	eyetracker.setRecordingState(False)
58.7923 	EXP 	eyetracker.setRecordingState(False)
58.8034 	EXP 	eyetracker.setRecordingState(False)
58.8140 	EXP 	eyetracker.setRecordingState(False)
58.8243 	EXP 	eyetracker.setRecordingState(False)
58.8345 	EXP 	eyetracker.setRecordingState(False)
58.8452 	EXP 	eyetracker.setRecordingState(False)
58.8557 	EXP 	eyetracker.setRecordingState(False)
58.8651 	EXP 	eyetracker.setRecordingState(False)
58.8749 	EXP 	eyetracker.setRecordingState(False)
58.8866 	EXP 	eyetracker.setRecordingState(False)
58.8970 	EXP 	eyetracker.setRecordingState(False)
58.9086 	EXP 	eyetracker.setRecordingState(False)
58.9218 	EXP 	eyetracker.setRecordingState(False)
58.9351 	EXP 	eyetracker.setRecordingState(False)
58.9512 	EXP 	eyetracker.setRecordingState(False)
58.9654 	EXP 	eyetracker.setRecordingState(False)
58.9817 	EXP 	eyetracker.setRecordingState(False)
58.9972 	EXP 	eyetracker.setRecordingState(False)
59.0134 	EXP 	eyetracker.setRecordingState(False)
59.0272 	EXP 	eyetracker.setRecordingState(False)
59.0412 	EXP 	eyetracker.setRecordingState(False)
59.0525 	EXP 	eyetracker.setRecordingState(False)
59.0642 	EXP 	eyetracker.setRecordingState(False)
59.0753 	EXP 	eyetracker.setRecordingState(False)
59.0858 	EXP 	eyetracker.setRecordingState(False)
59.0975 	EXP 	eyetracker.setRecordingState(False)
59.1077 	EXP 	eyetracker.setRecordingState(False)
59.1191 	EXP 	eyetracker.setRecordingState(False)
59.1302 	EXP 	eyetracker.setRecordingState(False)
59.1400 	EXP 	eyetracker.setRecordingState(False)
59.1498 	EXP 	eyetracker.setRecordingState(False)
59.1596 	EXP 	eyetracker.setRecordingState(False)
59.1685 	EXP 	eyetracker.setRecordingState(False)
59.1778 	EXP 	eyetracker.setRecordingState(False)
59.1871 	EXP 	eyetracker.setRecordingState(False)
59.1974 	EXP 	eyetracker.setRecordingState(False)
59.2069 	EXP 	eyetracker.setRecordingState(False)
59.2160 	EXP 	eyetracker.setRecordingState(False)
59.2260 	EXP 	eyetracker.setRecordingState(False)
59.2360 	EXP 	eyetracker.setRecordingState(False)
59.2459 	EXP 	eyetracker.setRecordingState(False)
59.2566 	EXP 	eyetracker.setRecordingState(False)
59.2665 	EXP 	eyetracker.setRecordingState(False)
59.2763 	EXP 	eyetracker.setRecordingState(False)
59.2856 	EXP 	eyetracker.setRecordingState(False)
59.2952 	EXP 	eyetracker.setRecordingState(False)
59.3046 	EXP 	eyetracker.setRecordingState(False)
59.3143 	EXP 	eyetracker.setRecordingState(False)
59.3234 	EXP 	eyetracker.setRecordingState(False)
59.3327 	EXP 	eyetracker.setRecordingState(False)
59.3415 	EXP 	eyetracker.setRecordingState(False)
59.3507 	EXP 	eyetracker.setRecordingState(False)
59.3597 	EXP 	eyetracker.setRecordingState(False)
59.3689 	EXP 	eyetracker.setRecordingState(False)
59.3770 	EXP 	eyetracker.setRecordingState(False)
59.3859 	EXP 	eyetracker.setRecordingState(False)
59.3945 	EXP 	eyetracker.setRecordingState(False)
59.4042 	EXP 	eyetracker.setRecordingState(False)
59.4131 	EXP 	eyetracker.setRecordingState(False)
59.4210 	EXP 	eyetracker.setRecordingState(False)
59.4284 	EXP 	eyetracker.setRecordingState(False)
59.4360 	EXP 	eyetracker.setRecordingState(False)
59.4442 	EXP 	eyetracker.setRecordingState(False)
59.4524 	EXP 	eyetracker.setRecordingState(False)
59.4612 	EXP 	eyetracker.setRecordingState(False)
59.4696 	EXP 	eyetracker.setRecordingState(False)
59.4784 	EXP 	eyetracker.setRecordingState(False)
59.4868 	EXP 	eyetracker.setRecordingState(False)
59.4962 	EXP 	eyetracker.setRecordingState(False)
59.5058 	EXP 	eyetracker.setRecordingState(False)
59.5150 	EXP 	eyetracker.setRecordingState(False)
59.5242 	EXP 	eyetracker.setRecordingState(False)
59.5332 	EXP 	eyetracker.setRecordingState(False)
59.5419 	EXP 	eyetracker.setRecordingState(False)
59.5510 	EXP 	eyetracker.setRecordingState(False)
59.5604 	EXP 	eyetracker.setRecordingState(False)
59.5694 	EXP 	eyetracker.setRecordingState(False)
59.5784 	EXP 	eyetracker.setRecordingState(False)
59.5879 	EXP 	eyetracker.setRecordingState(False)
59.5972 	EXP 	eyetracker.setRecordingState(False)
59.6066 	EXP 	eyetracker.setRecordingState(False)
59.6165 	EXP 	eyetracker.setRecordingState(False)
59.6259 	EXP 	eyetracker.setRecordingState(False)
59.6341 	EXP 	eyetracker.setRecordingState(False)
59.6432 	EXP 	eyetracker.setRecordingState(False)
59.6527 	EXP 	eyetracker.setRecordingState(False)
59.6621 	EXP 	eyetracker.setRecordingState(False)
59.6714 	EXP 	eyetracker.setRecordingState(False)
59.6811 	EXP 	eyetracker.setRecordingState(False)
59.6904 	EXP 	eyetracker.setRecordingState(False)
59.7010 	EXP 	eyetracker.setRecordingState(False)
59.7102 	EXP 	eyetracker.setRecordingState(False)
59.7191 	EXP 	eyetracker.setRecordingState(False)
59.7288 	EXP 	eyetracker.setRecordingState(False)
59.7387 	EXP 	eyetracker.setRecordingState(False)
59.7481 	EXP 	eyetracker.setRecordingState(False)
59.7574 	EXP 	eyetracker.setRecordingState(False)
59.7670 	EXP 	eyetracker.setRecordingState(False)
59.7768 	EXP 	eyetracker.setRecordingState(False)
59.7858 	EXP 	eyetracker.setRecordingState(False)
59.7960 	EXP 	eyetracker.setRecordingState(False)
59.8054 	EXP 	eyetracker.setRecordingState(False)
59.8154 	EXP 	eyetracker.setRecordingState(False)
59.8255 	EXP 	eyetracker.setRecordingState(False)
59.8352 	EXP 	eyetracker.setRecordingState(False)
59.8450 	EXP 	eyetracker.setRecordingState(False)
59.8549 	EXP 	eyetracker.setRecordingState(False)
59.8638 	EXP 	eyetracker.setRecordingState(False)
59.8734 	EXP 	eyetracker.setRecordingState(False)
59.8834 	EXP 	eyetracker.setRecordingState(False)
59.8943 	EXP 	eyetracker.setRecordingState(False)
59.9028 	EXP 	eyetracker.setRecordingState(False)
59.9120 	EXP 	eyetracker.setRecordingState(False)
59.9217 	EXP 	eyetracker.setRecordingState(False)
59.9323 	EXP 	eyetracker.setRecordingState(False)
59.9432 	EXP 	eyetracker.setRecordingState(False)
59.9551 	EXP 	eyetracker.setRecordingState(False)
59.9699 	EXP 	eyetracker.setRecordingState(False)
59.9837 	EXP 	eyetracker.setRecordingState(False)
59.9986 	EXP 	eyetracker.setRecordingState(False)
60.0141 	EXP 	eyetracker.setRecordingState(False)
60.0271 	EXP 	eyetracker.setRecordingState(False)
60.0399 	EXP 	eyetracker.setRecordingState(False)
60.0503 	EXP 	eyetracker.setRecordingState(False)
60.0612 	EXP 	eyetracker.setRecordingState(False)
60.0708 	EXP 	eyetracker.setRecordingState(False)
60.0812 	EXP 	eyetracker.setRecordingState(False)
60.0912 	EXP 	eyetracker.setRecordingState(False)
60.1021 	EXP 	eyetracker.setRecordingState(False)
60.1114 	EXP 	eyetracker.setRecordingState(False)
60.1215 	EXP 	eyetracker.setRecordingState(False)
60.1310 	EXP 	eyetracker.setRecordingState(False)
60.1407 	EXP 	eyetracker.setRecordingState(False)
60.1508 	EXP 	eyetracker.setRecordingState(False)
60.1607 	EXP 	eyetracker.setRecordingState(False)
60.1714 	EXP 	eyetracker.setRecordingState(False)
60.1807 	EXP 	eyetracker.setRecordingState(False)
60.1903 	EXP 	eyetracker.setRecordingState(False)
60.1997 	EXP 	eyetracker.setRecordingState(False)
60.2090 	EXP 	eyetracker.setRecordingState(False)
60.2193 	EXP 	eyetracker.setRecordingState(False)
60.2279 	EXP 	eyetracker.setRecordingState(False)
60.2356 	EXP 	eyetracker.setRecordingState(False)
60.2437 	EXP 	eyetracker.setRecordingState(False)
60.2521 	EXP 	eyetracker.setRecordingState(False)
60.2613 	EXP 	eyetracker.setRecordingState(False)
60.2704 	EXP 	eyetracker.setRecordingState(False)
60.2806 	EXP 	eyetracker.setRecordingState(False)
60.2901 	EXP 	eyetracker.setRecordingState(False)
60.2994 	EXP 	eyetracker.setRecordingState(False)
60.3092 	EXP 	eyetracker.setRecordingState(False)
60.3188 	EXP 	eyetracker.setRecordingState(False)
60.3294 	EXP 	eyetracker.setRecordingState(False)
60.3402 	EXP 	eyetracker.setRecordingState(False)
60.3506 	EXP 	eyetracker.setRecordingState(False)
60.3612 	EXP 	eyetracker.setRecordingState(False)
60.3708 	EXP 	eyetracker.setRecordingState(False)
60.3807 	EXP 	eyetracker.setRecordingState(False)
60.3906 	EXP 	eyetracker.setRecordingState(False)
60.4009 	EXP 	eyetracker.setRecordingState(False)
60.4117 	EXP 	eyetracker.setRecordingState(False)
60.4214 	EXP 	eyetracker.setRecordingState(False)
60.4296 	EXP 	eyetracker.setRecordingState(False)
60.4395 	EXP 	eyetracker.setRecordingState(False)
60.4488 	EXP 	eyetracker.setRecordingState(False)
60.4584 	EXP 	eyetracker.setRecordingState(False)
60.4675 	EXP 	eyetracker.setRecordingState(False)
60.4766 	EXP 	eyetracker.setRecordingState(False)
60.4863 	EXP 	eyetracker.setRecordingState(False)
60.4959 	EXP 	eyetracker.setRecordingState(False)
60.5053 	EXP 	eyetracker.setRecordingState(False)
60.5141 	EXP 	eyetracker.setRecordingState(False)
60.5235 	EXP 	eyetracker.setRecordingState(False)
60.5336 	EXP 	eyetracker.setRecordingState(False)
60.5434 	EXP 	eyetracker.setRecordingState(False)
60.5531 	EXP 	eyetracker.setRecordingState(False)
60.5624 	EXP 	eyetracker.setRecordingState(False)
60.5719 	EXP 	eyetracker.setRecordingState(False)
60.5825 	EXP 	eyetracker.setRecordingState(False)
60.5916 	EXP 	eyetracker.setRecordingState(False)
60.6012 	EXP 	eyetracker.setRecordingState(False)
60.6112 	EXP 	eyetracker.setRecordingState(False)
60.6212 	EXP 	eyetracker.setRecordingState(False)
60.6310 	EXP 	eyetracker.setRecordingState(False)
60.6395 	EXP 	eyetracker.setRecordingState(False)
60.6476 	EXP 	eyetracker.setRecordingState(False)
60.6575 	EXP 	eyetracker.setRecordingState(False)
60.6667 	EXP 	eyetracker.setRecordingState(False)
60.6769 	EXP 	eyetracker.setRecordingState(False)
60.6877 	EXP 	eyetracker.setRecordingState(False)
60.6985 	EXP 	eyetracker.setRecordingState(False)
60.7101 	EXP 	eyetracker.setRecordingState(False)
60.7206 	EXP 	eyetracker.setRecordingState(False)
60.7302 	EXP 	eyetracker.setRecordingState(False)
60.7395 	EXP 	eyetracker.setRecordingState(False)
60.7488 	EXP 	eyetracker.setRecordingState(False)
60.7576 	EXP 	eyetracker.setRecordingState(False)
60.7664 	EXP 	eyetracker.setRecordingState(False)
60.7743 	EXP 	eyetracker.setRecordingState(False)
60.7829 	EXP 	eyetracker.setRecordingState(False)
60.7918 	EXP 	eyetracker.setRecordingState(False)
60.8008 	EXP 	eyetracker.setRecordingState(False)
60.8100 	EXP 	eyetracker.setRecordingState(False)
60.8187 	EXP 	eyetracker.setRecordingState(False)
60.8271 	EXP 	eyetracker.setRecordingState(False)
60.8364 	EXP 	eyetracker.setRecordingState(False)
60.8446 	EXP 	eyetracker.setRecordingState(False)
60.8523 	EXP 	eyetracker.setRecordingState(False)
60.8605 	EXP 	eyetracker.setRecordingState(False)
60.8686 	EXP 	eyetracker.setRecordingState(False)
60.8776 	EXP 	eyetracker.setRecordingState(False)
60.8867 	EXP 	eyetracker.setRecordingState(False)
60.8957 	EXP 	eyetracker.setRecordingState(False)
60.9045 	EXP 	eyetracker.setRecordingState(False)
60.9134 	EXP 	eyetracker.setRecordingState(False)
60.9223 	EXP 	eyetracker.setRecordingState(False)
60.9325 	EXP 	eyetracker.setRecordingState(False)
60.9409 	EXP 	eyetracker.setRecordingState(False)
60.9490 	EXP 	eyetracker.setRecordingState(False)
60.9581 	EXP 	eyetracker.setRecordingState(False)
60.9667 	EXP 	eyetracker.setRecordingState(False)
60.9751 	EXP 	eyetracker.setRecordingState(False)
60.9843 	EXP 	eyetracker.setRecordingState(False)
60.9936 	EXP 	eyetracker.setRecordingState(False)
61.0024 	EXP 	eyetracker.setRecordingState(False)
61.0113 	EXP 	eyetracker.setRecordingState(False)
61.0201 	EXP 	eyetracker.setRecordingState(False)
61.0281 	EXP 	eyetracker.setRecordingState(False)
61.0356 	EXP 	eyetracker.setRecordingState(False)
61.0436 	EXP 	eyetracker.setRecordingState(False)
61.0512 	EXP 	eyetracker.setRecordingState(False)
61.0591 	EXP 	eyetracker.setRecordingState(False)
61.0673 	EXP 	eyetracker.setRecordingState(False)
61.0764 	EXP 	eyetracker.setRecordingState(False)
61.0863 	EXP 	eyetracker.setRecordingState(False)
61.0955 	EXP 	eyetracker.setRecordingState(False)
61.1049 	EXP 	eyetracker.setRecordingState(False)
61.1150 	EXP 	eyetracker.setRecordingState(False)
61.1249 	EXP 	eyetracker.setRecordingState(False)
61.1337 	EXP 	eyetracker.setRecordingState(False)
61.1413 	EXP 	eyetracker.setRecordingState(False)
61.1485 	EXP 	eyetracker.setRecordingState(False)
61.1544 	EXP 	eyetracker.setRecordingState(False)
61.1591 	EXP 	eyetracker.setRecordingState(False)
61.1658 	EXP 	eyetracker.setRecordingState(False)
61.1708 	EXP 	eyetracker.setRecordingState(False)
61.1756 	EXP 	eyetracker.setRecordingState(False)
61.1807 	EXP 	eyetracker.setRecordingState(False)
61.1879 	EXP 	eyetracker.setRecordingState(False)
61.1949 	EXP 	eyetracker.setRecordingState(False)
61.2017 	EXP 	eyetracker.setRecordingState(False)
61.2090 	EXP 	eyetracker.setRecordingState(False)
61.2164 	EXP 	eyetracker.setRecordingState(False)
61.2233 	EXP 	eyetracker.setRecordingState(False)
61.2311 	EXP 	eyetracker.setRecordingState(False)
61.2386 	EXP 	eyetracker.setRecordingState(False)
61.2483 	EXP 	eyetracker.setRecordingState(False)
61.2587 	EXP 	eyetracker.setRecordingState(False)
61.2666 	EXP 	eyetracker.setRecordingState(False)
61.2737 	EXP 	eyetracker.setRecordingState(False)
61.2806 	EXP 	eyetracker.setRecordingState(False)
61.2865 	EXP 	eyetracker.setRecordingState(False)
61.2922 	EXP 	eyetracker.setRecordingState(False)
61.2975 	EXP 	eyetracker.setRecordingState(False)
61.3029 	EXP 	eyetracker.setRecordingState(False)
61.3075 	EXP 	eyetracker.setRecordingState(False)
61.3125 	EXP 	eyetracker.setRecordingState(False)
61.3197 	EXP 	eyetracker.setRecordingState(False)
61.3265 	EXP 	eyetracker.setRecordingState(False)
61.3334 	EXP 	eyetracker.setRecordingState(False)
61.3405 	EXP 	eyetracker.setRecordingState(False)
61.3473 	EXP 	eyetracker.setRecordingState(False)
61.3544 	EXP 	eyetracker.setRecordingState(False)
61.3612 	EXP 	eyetracker.setRecordingState(False)
61.3681 	EXP 	eyetracker.setRecordingState(False)
61.3751 	EXP 	eyetracker.setRecordingState(False)
61.3820 	EXP 	eyetracker.setRecordingState(False)
61.3889 	EXP 	eyetracker.setRecordingState(False)
61.3958 	EXP 	eyetracker.setRecordingState(False)
61.4028 	EXP 	eyetracker.setRecordingState(False)
61.4097 	EXP 	eyetracker.setRecordingState(False)
61.4167 	EXP 	eyetracker.setRecordingState(False)
61.4235 	EXP 	eyetracker.setRecordingState(False)
61.4306 	EXP 	eyetracker.setRecordingState(False)
61.4377 	EXP 	eyetracker.setRecordingState(False)
61.4444 	EXP 	eyetracker.setRecordingState(False)
61.4513 	EXP 	eyetracker.setRecordingState(False)
61.4583 	EXP 	eyetracker.setRecordingState(False)
61.4651 	EXP 	eyetracker.setRecordingState(False)
61.4721 	EXP 	eyetracker.setRecordingState(False)
61.4791 	EXP 	eyetracker.setRecordingState(False)
61.4860 	EXP 	eyetracker.setRecordingState(False)
61.4930 	EXP 	eyetracker.setRecordingState(False)
61.5000 	EXP 	eyetracker.setRecordingState(False)
61.5068 	EXP 	eyetracker.setRecordingState(False)
61.5137 	EXP 	eyetracker.setRecordingState(False)
61.5207 	EXP 	eyetracker.setRecordingState(False)
61.5277 	EXP 	eyetracker.setRecordingState(False)
61.5347 	EXP 	eyetracker.setRecordingState(False)
61.5416 	EXP 	eyetracker.setRecordingState(False)
61.5485 	EXP 	eyetracker.setRecordingState(False)
61.5556 	EXP 	eyetracker.setRecordingState(False)
61.5624 	EXP 	eyetracker.setRecordingState(False)
61.5694 	EXP 	eyetracker.setRecordingState(False)
61.5764 	EXP 	eyetracker.setRecordingState(False)
61.5832 	EXP 	eyetracker.setRecordingState(False)
61.5904 	EXP 	eyetracker.setRecordingState(False)
61.5972 	EXP 	eyetracker.setRecordingState(False)
61.6042 	EXP 	eyetracker.setRecordingState(False)
61.6111 	EXP 	eyetracker.setRecordingState(False)
61.6183 	EXP 	eyetracker.setRecordingState(False)
61.6248 	EXP 	eyetracker.setRecordingState(False)
61.6319 	EXP 	eyetracker.setRecordingState(False)
61.6389 	EXP 	eyetracker.setRecordingState(False)
61.6459 	EXP 	eyetracker.setRecordingState(False)
61.6528 	EXP 	eyetracker.setRecordingState(False)
61.6598 	EXP 	eyetracker.setRecordingState(False)
61.6665 	EXP 	eyetracker.setRecordingState(False)
61.6738 	EXP 	eyetracker.setRecordingState(False)
61.6807 	EXP 	eyetracker.setRecordingState(False)
61.6876 	EXP 	eyetracker.setRecordingState(False)
61.6944 	EXP 	eyetracker.setRecordingState(False)
61.7012 	EXP 	eyetracker.setRecordingState(False)
61.7085 	EXP 	eyetracker.setRecordingState(False)
61.7153 	EXP 	eyetracker.setRecordingState(False)
61.7221 	EXP 	eyetracker.setRecordingState(False)
61.7291 	EXP 	eyetracker.setRecordingState(False)
61.7361 	EXP 	eyetracker.setRecordingState(False)
61.7429 	EXP 	eyetracker.setRecordingState(False)
61.7501 	EXP 	eyetracker.setRecordingState(False)
61.7570 	EXP 	eyetracker.setRecordingState(False)
61.7638 	EXP 	eyetracker.setRecordingState(False)
61.7708 	EXP 	eyetracker.setRecordingState(False)
61.7776 	EXP 	eyetracker.setRecordingState(False)
61.7846 	EXP 	eyetracker.setRecordingState(False)
61.7914 	EXP 	eyetracker.setRecordingState(False)
61.7983 	EXP 	eyetracker.setRecordingState(False)
61.8060 	EXP 	eyetracker.setRecordingState(False)
61.8127 	EXP 	eyetracker.setRecordingState(False)
61.8194 	EXP 	eyetracker.setRecordingState(False)
61.8266 	EXP 	eyetracker.setRecordingState(False)
61.8334 	EXP 	eyetracker.setRecordingState(False)
61.8402 	EXP 	eyetracker.setRecordingState(False)
61.8473 	EXP 	eyetracker.setRecordingState(False)
61.8542 	EXP 	eyetracker.setRecordingState(False)
61.8612 	EXP 	eyetracker.setRecordingState(False)
61.8682 	EXP 	eyetracker.setRecordingState(False)
61.8750 	EXP 	eyetracker.setRecordingState(False)
61.8819 	EXP 	eyetracker.setRecordingState(False)
61.8890 	EXP 	eyetracker.setRecordingState(False)
61.8959 	EXP 	eyetracker.setRecordingState(False)
61.9031 	EXP 	eyetracker.setRecordingState(False)
61.9098 	EXP 	eyetracker.setRecordingState(False)
61.9169 	EXP 	eyetracker.setRecordingState(False)
61.9236 	EXP 	eyetracker.setRecordingState(False)
61.9307 	EXP 	eyetracker.setRecordingState(False)
61.9377 	EXP 	eyetracker.setRecordingState(False)
61.9445 	EXP 	eyetracker.setRecordingState(False)
61.9515 	EXP 	eyetracker.setRecordingState(False)
61.9587 	EXP 	eyetracker.setRecordingState(False)
61.9653 	EXP 	eyetracker.setRecordingState(False)
61.9724 	EXP 	eyetracker.setRecordingState(False)
61.9794 	EXP 	eyetracker.setRecordingState(False)
61.9861 	EXP 	eyetracker.setRecordingState(False)
61.9932 	EXP 	eyetracker.setRecordingState(False)
62.0001 	EXP 	eyetracker.setRecordingState(False)
62.0071 	EXP 	eyetracker.setRecordingState(False)
62.0142 	EXP 	eyetracker.setRecordingState(False)
62.0208 	EXP 	eyetracker.setRecordingState(False)
62.0282 	EXP 	eyetracker.setRecordingState(False)
62.0350 	EXP 	eyetracker.setRecordingState(False)
62.0416 	EXP 	eyetracker.setRecordingState(False)
62.0484 	EXP 	eyetracker.setRecordingState(False)
62.0556 	EXP 	eyetracker.setRecordingState(False)
62.0625 	EXP 	eyetracker.setRecordingState(False)
62.0695 	EXP 	eyetracker.setRecordingState(False)
62.0763 	EXP 	eyetracker.setRecordingState(False)
62.0833 	EXP 	eyetracker.setRecordingState(False)
62.0907 	EXP 	eyetracker.setRecordingState(False)
62.0977 	EXP 	eyetracker.setRecordingState(False)
62.1041 	EXP 	eyetracker.setRecordingState(False)
62.1117 	EXP 	eyetracker.setRecordingState(False)
62.1179 	EXP 	eyetracker.setRecordingState(False)
62.1250 	EXP 	eyetracker.setRecordingState(False)
62.1322 	EXP 	eyetracker.setRecordingState(False)
62.1390 	EXP 	eyetracker.setRecordingState(False)
62.1458 	EXP 	eyetracker.setRecordingState(False)
62.1528 	EXP 	eyetracker.setRecordingState(False)
62.1597 	EXP 	eyetracker.setRecordingState(False)
62.1666 	EXP 	eyetracker.setRecordingState(False)
62.1735 	EXP 	eyetracker.setRecordingState(False)
62.1809 	EXP 	eyetracker.setRecordingState(False)
62.1885 	EXP 	eyetracker.setRecordingState(False)
62.1948 	EXP 	eyetracker.setRecordingState(False)
62.2017 	EXP 	eyetracker.setRecordingState(False)
62.2087 	EXP 	eyetracker.setRecordingState(False)
62.2155 	EXP 	eyetracker.setRecordingState(False)
62.2227 	EXP 	eyetracker.setRecordingState(False)
62.2297 	EXP 	eyetracker.setRecordingState(False)
62.2373 	EXP 	eyetracker.setRecordingState(False)
62.2439 	EXP 	eyetracker.setRecordingState(False)
62.2512 	EXP 	eyetracker.setRecordingState(False)
62.2583 	EXP 	eyetracker.setRecordingState(False)
62.2660 	EXP 	eyetracker.setRecordingState(False)
62.2740 	EXP 	eyetracker.setRecordingState(False)
62.2831 	EXP 	eyetracker.setRecordingState(False)
62.2927 	EXP 	eyetracker.setRecordingState(False)
62.3020 	EXP 	eyetracker.setRecordingState(False)
62.3112 	EXP 	eyetracker.setRecordingState(False)
62.3209 	EXP 	eyetracker.setRecordingState(False)
62.3298 	EXP 	eyetracker.setRecordingState(False)
62.3390 	EXP 	eyetracker.setRecordingState(False)
62.3468 	EXP 	eyetracker.setRecordingState(False)
62.3540 	EXP 	eyetracker.setRecordingState(False)
62.3613 	EXP 	eyetracker.setRecordingState(False)
62.3690 	EXP 	eyetracker.setRecordingState(False)
62.3758 	EXP 	eyetracker.setRecordingState(False)
62.3833 	EXP 	eyetracker.setRecordingState(False)
62.3906 	EXP 	eyetracker.setRecordingState(False)
62.3976 	EXP 	eyetracker.setRecordingState(False)
62.4053 	EXP 	eyetracker.setRecordingState(False)
62.4132 	EXP 	eyetracker.setRecordingState(False)
62.4211 	EXP 	eyetracker.setRecordingState(False)
62.4280 	EXP 	eyetracker.setRecordingState(False)
62.4356 	EXP 	eyetracker.setRecordingState(False)
62.4440 	EXP 	eyetracker.setRecordingState(False)
62.4518 	EXP 	eyetracker.setRecordingState(False)
62.4597 	EXP 	eyetracker.setRecordingState(False)
62.4669 	EXP 	eyetracker.setRecordingState(False)
62.4756 	EXP 	eyetracker.setRecordingState(False)
62.4843 	EXP 	eyetracker.setRecordingState(False)
62.4923 	EXP 	eyetracker.setRecordingState(False)
62.4998 	EXP 	eyetracker.setRecordingState(False)
62.5073 	EXP 	eyetracker.setRecordingState(False)
62.5154 	EXP 	eyetracker.setRecordingState(False)
62.5245 	EXP 	eyetracker.setRecordingState(False)
62.5335 	EXP 	eyetracker.setRecordingState(False)
62.5425 	EXP 	eyetracker.setRecordingState(False)
62.5520 	EXP 	eyetracker.setRecordingState(False)
62.5613 	EXP 	eyetracker.setRecordingState(False)
62.5720 	EXP 	eyetracker.setRecordingState(False)
62.5810 	EXP 	eyetracker.setRecordingState(False)
62.5885 	EXP 	eyetracker.setRecordingState(False)
62.5968 	EXP 	eyetracker.setRecordingState(False)
62.6054 	EXP 	eyetracker.setRecordingState(False)
62.6133 	EXP 	eyetracker.setRecordingState(False)
62.6208 	EXP 	eyetracker.setRecordingState(False)
62.6289 	EXP 	eyetracker.setRecordingState(False)
62.6401 	EXP 	eyetracker.setRecordingState(False)
62.6530 	EXP 	eyetracker.setRecordingState(False)
62.6634 	EXP 	eyetracker.setRecordingState(False)
62.6750 	EXP 	eyetracker.setRecordingState(False)
62.6860 	EXP 	eyetracker.setRecordingState(False)
62.6968 	EXP 	eyetracker.setRecordingState(False)
62.7072 	EXP 	eyetracker.setRecordingState(False)
62.7161 	EXP 	eyetracker.setRecordingState(False)
62.7251 	EXP 	eyetracker.setRecordingState(False)
62.7354 	EXP 	eyetracker.setRecordingState(False)
62.7465 	EXP 	eyetracker.setRecordingState(False)
62.7554 	EXP 	eyetracker.setRecordingState(False)
62.7648 	EXP 	eyetracker.setRecordingState(False)
62.7735 	EXP 	eyetracker.setRecordingState(False)
62.7814 	EXP 	eyetracker.setRecordingState(False)
62.7906 	EXP 	eyetracker.setRecordingState(False)
62.7995 	EXP 	eyetracker.setRecordingState(False)
62.8081 	EXP 	eyetracker.setRecordingState(False)
62.8171 	EXP 	eyetracker.setRecordingState(False)
62.8266 	EXP 	eyetracker.setRecordingState(False)
62.8356 	EXP 	eyetracker.setRecordingState(False)
62.8447 	EXP 	eyetracker.setRecordingState(False)
62.8539 	EXP 	eyetracker.setRecordingState(False)
62.8631 	EXP 	eyetracker.setRecordingState(False)
62.8726 	EXP 	eyetracker.setRecordingState(False)
62.8829 	EXP 	eyetracker.setRecordingState(False)
62.8923 	EXP 	eyetracker.setRecordingState(False)
62.9012 	EXP 	eyetracker.setRecordingState(False)
62.9099 	EXP 	eyetracker.setRecordingState(False)
62.9186 	EXP 	eyetracker.setRecordingState(False)
62.9268 	EXP 	eyetracker.setRecordingState(False)
62.9343 	EXP 	eyetracker.setRecordingState(False)
62.9429 	EXP 	eyetracker.setRecordingState(False)
62.9513 	EXP 	eyetracker.setRecordingState(False)
62.9594 	EXP 	eyetracker.setRecordingState(False)
62.9705 	EXP 	eyetracker.setRecordingState(False)
62.9787 	EXP 	eyetracker.setRecordingState(False)
62.9870 	EXP 	eyetracker.setRecordingState(False)
62.9960 	EXP 	eyetracker.setRecordingState(False)
63.0053 	EXP 	eyetracker.setRecordingState(False)
63.0154 	EXP 	eyetracker.setRecordingState(False)
63.0250 	EXP 	eyetracker.setRecordingState(False)
63.0353 	EXP 	eyetracker.setRecordingState(False)
63.0450 	EXP 	eyetracker.setRecordingState(False)
63.0544 	EXP 	eyetracker.setRecordingState(False)
63.0639 	EXP 	eyetracker.setRecordingState(False)
63.0729 	EXP 	eyetracker.setRecordingState(False)
63.0814 	EXP 	eyetracker.setRecordingState(False)
63.0903 	EXP 	eyetracker.setRecordingState(False)
63.0987 	EXP 	eyetracker.setRecordingState(False)
63.1075 	EXP 	eyetracker.setRecordingState(False)
63.1167 	EXP 	eyetracker.setRecordingState(False)
63.1255 	EXP 	eyetracker.setRecordingState(False)
63.1347 	EXP 	eyetracker.setRecordingState(False)
63.1440 	EXP 	eyetracker.setRecordingState(False)
63.1540 	EXP 	eyetracker.setRecordingState(False)
63.1625 	EXP 	eyetracker.setRecordingState(False)
63.1711 	EXP 	eyetracker.setRecordingState(False)
63.1794 	EXP 	eyetracker.setRecordingState(False)
63.1870 	EXP 	eyetracker.setRecordingState(False)
63.1953 	EXP 	eyetracker.setRecordingState(False)
63.2037 	EXP 	eyetracker.setRecordingState(False)
63.2137 	EXP 	eyetracker.setRecordingState(False)
63.2228 	EXP 	eyetracker.setRecordingState(False)
63.2332 	EXP 	eyetracker.setRecordingState(False)
63.2427 	EXP 	eyetracker.setRecordingState(False)
63.2515 	EXP 	eyetracker.setRecordingState(False)
63.2609 	EXP 	eyetracker.setRecordingState(False)
63.2699 	EXP 	eyetracker.setRecordingState(False)
63.2791 	EXP 	eyetracker.setRecordingState(False)
63.2875 	EXP 	eyetracker.setRecordingState(False)
63.2976 	EXP 	eyetracker.setRecordingState(False)
63.3066 	EXP 	eyetracker.setRecordingState(False)
63.3158 	EXP 	eyetracker.setRecordingState(False)
63.3252 	EXP 	eyetracker.setRecordingState(False)
63.3346 	EXP 	eyetracker.setRecordingState(False)
63.3439 	EXP 	eyetracker.setRecordingState(False)
63.3535 	EXP 	eyetracker.setRecordingState(False)
63.3625 	EXP 	eyetracker.setRecordingState(False)
63.3721 	EXP 	eyetracker.setRecordingState(False)
63.3816 	EXP 	eyetracker.setRecordingState(False)
63.3925 	EXP 	eyetracker.setRecordingState(False)
63.4011 	EXP 	eyetracker.setRecordingState(False)
63.4104 	EXP 	eyetracker.setRecordingState(False)
63.4200 	EXP 	eyetracker.setRecordingState(False)
63.4288 	EXP 	eyetracker.setRecordingState(False)
63.4372 	EXP 	eyetracker.setRecordingState(False)
63.4457 	EXP 	eyetracker.setRecordingState(False)
63.4557 	EXP 	eyetracker.setRecordingState(False)
63.4650 	EXP 	eyetracker.setRecordingState(False)
63.4738 	EXP 	eyetracker.setRecordingState(False)
63.4841 	EXP 	eyetracker.setRecordingState(False)
63.4927 	EXP 	eyetracker.setRecordingState(False)
63.5012 	EXP 	eyetracker.setRecordingState(False)
63.5098 	EXP 	eyetracker.setRecordingState(False)
63.5194 	EXP 	eyetracker.setRecordingState(False)
63.5295 	EXP 	eyetracker.setRecordingState(False)
63.5398 	EXP 	eyetracker.setRecordingState(False)
63.5509 	EXP 	eyetracker.setRecordingState(False)
63.5615 	EXP 	eyetracker.setRecordingState(False)
63.5715 	EXP 	eyetracker.setRecordingState(False)
63.5831 	EXP 	eyetracker.setRecordingState(False)
63.5935 	EXP 	eyetracker.setRecordingState(False)
63.6030 	EXP 	eyetracker.setRecordingState(False)
63.6139 	EXP 	eyetracker.setRecordingState(False)
63.6238 	EXP 	eyetracker.setRecordingState(False)
63.6345 	EXP 	eyetracker.setRecordingState(False)
63.6455 	EXP 	eyetracker.setRecordingState(False)
63.6559 	EXP 	eyetracker.setRecordingState(False)
63.6670 	EXP 	eyetracker.setRecordingState(False)
63.6772 	EXP 	eyetracker.setRecordingState(False)
63.6861 	EXP 	eyetracker.setRecordingState(False)
63.6945 	EXP 	eyetracker.setRecordingState(False)
63.7036 	EXP 	eyetracker.setRecordingState(False)
63.7129 	EXP 	eyetracker.setRecordingState(False)
63.7226 	EXP 	eyetracker.setRecordingState(False)
63.7321 	EXP 	eyetracker.setRecordingState(False)
63.7413 	EXP 	eyetracker.setRecordingState(False)
63.7516 	EXP 	eyetracker.setRecordingState(False)
63.7610 	EXP 	eyetracker.setRecordingState(False)
63.7717 	EXP 	eyetracker.setRecordingState(False)
63.7808 	EXP 	eyetracker.setRecordingState(False)
63.7899 	EXP 	eyetracker.setRecordingState(False)
63.7991 	EXP 	eyetracker.setRecordingState(False)
63.8084 	EXP 	eyetracker.setRecordingState(False)
63.8178 	EXP 	eyetracker.setRecordingState(False)
63.8269 	EXP 	eyetracker.setRecordingState(False)
63.8359 	EXP 	eyetracker.setRecordingState(False)
63.8447 	EXP 	eyetracker.setRecordingState(False)
63.8535 	EXP 	eyetracker.setRecordingState(False)
63.8624 	EXP 	eyetracker.setRecordingState(False)
63.8718 	EXP 	eyetracker.setRecordingState(False)
63.8809 	EXP 	eyetracker.setRecordingState(False)
63.8896 	EXP 	eyetracker.setRecordingState(False)
63.8994 	EXP 	eyetracker.setRecordingState(False)
63.9089 	EXP 	eyetracker.setRecordingState(False)
63.9176 	EXP 	eyetracker.setRecordingState(False)
63.9267 	EXP 	eyetracker.setRecordingState(False)
63.9346 	EXP 	eyetracker.setRecordingState(False)
63.9423 	EXP 	eyetracker.setRecordingState(False)
63.9500 	EXP 	eyetracker.setRecordingState(False)
63.9581 	EXP 	eyetracker.setRecordingState(False)
63.9661 	EXP 	eyetracker.setRecordingState(False)
63.9751 	EXP 	eyetracker.setRecordingState(False)
63.9835 	EXP 	eyetracker.setRecordingState(False)
63.9929 	EXP 	eyetracker.setRecordingState(False)
64.0019 	EXP 	eyetracker.setRecordingState(False)
64.0132 	EXP 	eyetracker.setRecordingState(False)
64.0218 	EXP 	eyetracker.setRecordingState(False)
64.0312 	EXP 	eyetracker.setRecordingState(False)
64.0399 	EXP 	eyetracker.setRecordingState(False)
64.0484 	EXP 	eyetracker.setRecordingState(False)
64.0570 	EXP 	eyetracker.setRecordingState(False)
64.0663 	EXP 	eyetracker.setRecordingState(False)
64.0750 	EXP 	eyetracker.setRecordingState(False)
64.0844 	EXP 	eyetracker.setRecordingState(False)
64.0934 	EXP 	eyetracker.setRecordingState(False)
64.1020 	EXP 	eyetracker.setRecordingState(False)
64.1108 	EXP 	eyetracker.setRecordingState(False)
64.1194 	EXP 	eyetracker.setRecordingState(False)
64.1279 	EXP 	eyetracker.setRecordingState(False)
64.1359 	EXP 	eyetracker.setRecordingState(False)
64.1453 	EXP 	eyetracker.setRecordingState(False)
64.1541 	EXP 	eyetracker.setRecordingState(False)
64.1631 	EXP 	eyetracker.setRecordingState(False)
64.1722 	EXP 	eyetracker.setRecordingState(False)
64.1819 	EXP 	eyetracker.setRecordingState(False)
64.1918 	EXP 	eyetracker.setRecordingState(False)
64.2014 	EXP 	eyetracker.setRecordingState(False)
64.2113 	EXP 	eyetracker.setRecordingState(False)
64.2210 	EXP 	eyetracker.setRecordingState(False)
64.2299 	EXP 	eyetracker.setRecordingState(False)
64.2389 	EXP 	eyetracker.setRecordingState(False)
64.2488 	EXP 	eyetracker.setRecordingState(False)
64.2586 	EXP 	eyetracker.setRecordingState(False)
64.2679 	EXP 	eyetracker.setRecordingState(False)
64.2780 	EXP 	eyetracker.setRecordingState(False)
64.2873 	EXP 	eyetracker.setRecordingState(False)
64.2974 	EXP 	eyetracker.setRecordingState(False)
64.3074 	EXP 	eyetracker.setRecordingState(False)
64.3168 	EXP 	eyetracker.setRecordingState(False)
64.3255 	EXP 	eyetracker.setRecordingState(False)
64.3335 	EXP 	eyetracker.setRecordingState(False)
64.3423 	EXP 	eyetracker.setRecordingState(False)
64.3515 	EXP 	eyetracker.setRecordingState(False)
64.3607 	EXP 	eyetracker.setRecordingState(False)
64.3706 	EXP 	eyetracker.setRecordingState(False)
64.3799 	EXP 	eyetracker.setRecordingState(False)
64.3890 	EXP 	eyetracker.setRecordingState(False)
64.3982 	EXP 	eyetracker.setRecordingState(False)
64.4090 	EXP 	eyetracker.setRecordingState(False)
64.4175 	EXP 	eyetracker.setRecordingState(False)
64.4268 	EXP 	eyetracker.setRecordingState(False)
64.4359 	EXP 	eyetracker.setRecordingState(False)
64.4446 	EXP 	eyetracker.setRecordingState(False)
64.4533 	EXP 	eyetracker.setRecordingState(False)
64.4622 	EXP 	eyetracker.setRecordingState(False)
64.4713 	EXP 	eyetracker.setRecordingState(False)
64.4805 	EXP 	eyetracker.setRecordingState(False)
64.4891 	EXP 	eyetracker.setRecordingState(False)
64.4983 	EXP 	eyetracker.setRecordingState(False)
64.5064 	EXP 	eyetracker.setRecordingState(False)
64.5150 	EXP 	eyetracker.setRecordingState(False)
64.5236 	EXP 	eyetracker.setRecordingState(False)
64.5333 	EXP 	eyetracker.setRecordingState(False)
64.5419 	EXP 	eyetracker.setRecordingState(False)
64.5500 	EXP 	eyetracker.setRecordingState(False)
64.5595 	EXP 	eyetracker.setRecordingState(False)
64.5685 	EXP 	eyetracker.setRecordingState(False)
64.5794 	EXP 	eyetracker.setRecordingState(False)
64.5894 	EXP 	eyetracker.setRecordingState(False)
64.5997 	EXP 	eyetracker.setRecordingState(False)
64.6078 	EXP 	eyetracker.setRecordingState(False)
64.6159 	EXP 	eyetracker.setRecordingState(False)
64.6236 	EXP 	eyetracker.setRecordingState(False)
64.6311 	EXP 	eyetracker.setRecordingState(False)
64.6391 	EXP 	eyetracker.setRecordingState(False)
64.6477 	EXP 	eyetracker.setRecordingState(False)
64.6588 	EXP 	eyetracker.setRecordingState(False)
64.6692 	EXP 	eyetracker.setRecordingState(False)
64.6805 	EXP 	eyetracker.setRecordingState(False)
64.6909 	EXP 	eyetracker.setRecordingState(False)
64.7015 	EXP 	eyetracker.setRecordingState(False)
64.7114 	EXP 	eyetracker.setRecordingState(False)
64.7226 	EXP 	eyetracker.setRecordingState(False)
64.7329 	EXP 	eyetracker.setRecordingState(False)
64.7432 	EXP 	eyetracker.setRecordingState(False)
64.7545 	EXP 	eyetracker.setRecordingState(False)
64.7653 	EXP 	eyetracker.setRecordingState(False)
64.7767 	EXP 	eyetracker.setRecordingState(False)
64.7881 	EXP 	eyetracker.setRecordingState(False)
64.7999 	EXP 	eyetracker.setRecordingState(False)
64.8116 	EXP 	eyetracker.setRecordingState(False)
64.8231 	EXP 	eyetracker.setRecordingState(False)
64.8340 	EXP 	eyetracker.setRecordingState(False)
64.8453 	EXP 	eyetracker.setRecordingState(False)
64.8547 	EXP 	eyetracker.setRecordingState(False)
64.8643 	EXP 	eyetracker.setRecordingState(False)
64.8751 	EXP 	eyetracker.setRecordingState(False)
64.8851 	EXP 	eyetracker.setRecordingState(False)
64.8938 	EXP 	eyetracker.setRecordingState(False)
64.9021 	EXP 	eyetracker.setRecordingState(False)
64.9119 	EXP 	eyetracker.setRecordingState(False)
64.9219 	EXP 	eyetracker.setRecordingState(False)
64.9325 	EXP 	eyetracker.setRecordingState(False)
64.9432 	EXP 	eyetracker.setRecordingState(False)
64.9510 	EXP 	eyetracker.setRecordingState(False)
64.9592 	EXP 	eyetracker.setRecordingState(False)
64.9692 	EXP 	eyetracker.setRecordingState(False)
64.9794 	EXP 	eyetracker.setRecordingState(False)
64.9886 	EXP 	eyetracker.setRecordingState(False)
64.9987 	EXP 	eyetracker.setRecordingState(False)
65.0102 	EXP 	eyetracker.setRecordingState(False)
65.0192 	EXP 	eyetracker.setRecordingState(False)
65.0284 	EXP 	eyetracker.setRecordingState(False)
65.0391 	EXP 	eyetracker.setRecordingState(False)
65.0502 	EXP 	eyetracker.setRecordingState(False)
65.0601 	EXP 	eyetracker.setRecordingState(False)
65.0695 	EXP 	eyetracker.setRecordingState(False)
65.0787 	EXP 	eyetracker.setRecordingState(False)
65.0892 	EXP 	eyetracker.setRecordingState(False)
65.0992 	EXP 	eyetracker.setRecordingState(False)
65.1098 	EXP 	eyetracker.setRecordingState(False)
65.1186 	EXP 	eyetracker.setRecordingState(False)
65.1267 	EXP 	eyetracker.setRecordingState(False)
65.1361 	EXP 	eyetracker.setRecordingState(False)
65.1444 	EXP 	eyetracker.setRecordingState(False)
65.1536 	EXP 	eyetracker.setRecordingState(False)
65.1631 	EXP 	eyetracker.setRecordingState(False)
65.1723 	EXP 	eyetracker.setRecordingState(False)
65.1823 	EXP 	eyetracker.setRecordingState(False)
65.1910 	EXP 	eyetracker.setRecordingState(False)
65.2002 	EXP 	eyetracker.setRecordingState(False)
65.2091 	EXP 	eyetracker.setRecordingState(False)
65.2191 	EXP 	eyetracker.setRecordingState(False)
65.2304 	EXP 	eyetracker.setRecordingState(False)
65.2408 	EXP 	eyetracker.setRecordingState(False)
65.2499 	EXP 	eyetracker.setRecordingState(False)
65.2614 	EXP 	eyetracker.setRecordingState(False)
65.2704 	EXP 	eyetracker.setRecordingState(False)
65.2797 	EXP 	eyetracker.setRecordingState(False)
65.2896 	EXP 	eyetracker.setRecordingState(False)
65.2983 	EXP 	eyetracker.setRecordingState(False)
65.3072 	EXP 	eyetracker.setRecordingState(False)
65.3173 	EXP 	eyetracker.setRecordingState(False)
65.3263 	EXP 	eyetracker.setRecordingState(False)
65.3349 	EXP 	eyetracker.setRecordingState(False)
65.3455 	EXP 	eyetracker.setRecordingState(False)
65.3552 	EXP 	eyetracker.setRecordingState(False)
65.3645 	EXP 	eyetracker.setRecordingState(False)
65.3750 	EXP 	eyetracker.setRecordingState(False)
65.3862 	EXP 	eyetracker.setRecordingState(False)
65.3958 	EXP 	eyetracker.setRecordingState(False)
65.4058 	EXP 	eyetracker.setRecordingState(False)
65.4165 	EXP 	eyetracker.setRecordingState(False)
65.4270 	EXP 	eyetracker.setRecordingState(False)
65.4362 	EXP 	eyetracker.setRecordingState(False)
65.4450 	EXP 	eyetracker.setRecordingState(False)
65.4540 	EXP 	eyetracker.setRecordingState(False)
65.4635 	EXP 	eyetracker.setRecordingState(False)
65.4723 	EXP 	eyetracker.setRecordingState(False)
65.4812 	EXP 	eyetracker.setRecordingState(False)
65.4901 	EXP 	eyetracker.setRecordingState(False)
65.4988 	EXP 	eyetracker.setRecordingState(False)
65.5076 	EXP 	eyetracker.setRecordingState(False)
65.5183 	EXP 	eyetracker.setRecordingState(False)
65.5293 	EXP 	eyetracker.setRecordingState(False)
65.5384 	EXP 	eyetracker.setRecordingState(False)
65.5497 	EXP 	eyetracker.setRecordingState(False)
65.5599 	EXP 	eyetracker.setRecordingState(False)
65.5699 	EXP 	eyetracker.setRecordingState(False)
65.5808 	EXP 	eyetracker.setRecordingState(False)
65.5906 	EXP 	eyetracker.setRecordingState(False)
65.6005 	EXP 	eyetracker.setRecordingState(False)
65.6127 	EXP 	eyetracker.setRecordingState(False)
65.6226 	EXP 	eyetracker.setRecordingState(False)
65.6311 	EXP 	eyetracker.setRecordingState(False)
65.6406 	EXP 	eyetracker.setRecordingState(False)
65.6488 	EXP 	eyetracker.setRecordingState(False)
65.6577 	EXP 	eyetracker.setRecordingState(False)
65.6673 	EXP 	eyetracker.setRecordingState(False)
65.6784 	EXP 	eyetracker.setRecordingState(False)
65.6909 	EXP 	eyetracker.setRecordingState(False)
65.7029 	EXP 	eyetracker.setRecordingState(False)
65.7144 	EXP 	eyetracker.setRecordingState(False)
65.7248 	EXP 	eyetracker.setRecordingState(False)
65.7362 	EXP 	eyetracker.setRecordingState(False)
65.7479 	EXP 	eyetracker.setRecordingState(False)
65.7589 	EXP 	eyetracker.setRecordingState(False)
65.7706 	EXP 	eyetracker.setRecordingState(False)
65.7821 	EXP 	eyetracker.setRecordingState(False)
65.7925 	EXP 	eyetracker.setRecordingState(False)
65.8040 	EXP 	eyetracker.setRecordingState(False)
65.8149 	EXP 	eyetracker.setRecordingState(False)
65.8256 	EXP 	eyetracker.setRecordingState(False)
65.8378 	EXP 	eyetracker.setRecordingState(False)
65.8490 	EXP 	eyetracker.setRecordingState(False)
65.8609 	EXP 	eyetracker.setRecordingState(False)
65.8717 	EXP 	eyetracker.setRecordingState(False)
65.8832 	EXP 	eyetracker.setRecordingState(False)
65.8939 	EXP 	eyetracker.setRecordingState(False)
65.9047 	EXP 	eyetracker.setRecordingState(False)
65.9160 	EXP 	eyetracker.setRecordingState(False)
65.9266 	EXP 	eyetracker.setRecordingState(False)
65.9363 	EXP 	eyetracker.setRecordingState(False)
65.9472 	EXP 	eyetracker.setRecordingState(False)
65.9574 	EXP 	eyetracker.setRecordingState(False)
65.9662 	EXP 	eyetracker.setRecordingState(False)
65.9749 	EXP 	eyetracker.setRecordingState(False)
65.9829 	EXP 	eyetracker.setRecordingState(False)
65.9920 	EXP 	eyetracker.setRecordingState(False)
66.0006 	EXP 	eyetracker.setRecordingState(False)
66.0086 	EXP 	eyetracker.setRecordingState(False)
66.0175 	EXP 	eyetracker.setRecordingState(False)
66.0268 	EXP 	eyetracker.setRecordingState(False)
66.0374 	EXP 	eyetracker.setRecordingState(False)
66.0471 	EXP 	eyetracker.setRecordingState(False)
66.0551 	EXP 	eyetracker.setRecordingState(False)
66.0633 	EXP 	eyetracker.setRecordingState(False)
66.0713 	EXP 	eyetracker.setRecordingState(False)
66.0796 	EXP 	eyetracker.setRecordingState(False)
66.0892 	EXP 	eyetracker.setRecordingState(False)
66.0982 	EXP 	eyetracker.setRecordingState(False)
66.1084 	EXP 	eyetracker.setRecordingState(False)
66.1199 	EXP 	eyetracker.setRecordingState(False)
66.1311 	EXP 	eyetracker.setRecordingState(False)
66.1417 	EXP 	eyetracker.setRecordingState(False)
66.1527 	EXP 	eyetracker.setRecordingState(False)
66.1624 	EXP 	eyetracker.setRecordingState(False)
66.1710 	EXP 	eyetracker.setRecordingState(False)
66.1803 	EXP 	eyetracker.setRecordingState(False)
66.1903 	EXP 	eyetracker.setRecordingState(False)
66.2002 	EXP 	eyetracker.setRecordingState(False)
66.2097 	EXP 	eyetracker.setRecordingState(False)
66.2197 	EXP 	eyetracker.setRecordingState(False)
66.2304 	EXP 	eyetracker.setRecordingState(False)
66.2404 	EXP 	eyetracker.setRecordingState(False)
66.2502 	EXP 	eyetracker.setRecordingState(False)
66.2588 	EXP 	eyetracker.setRecordingState(False)
66.2676 	EXP 	eyetracker.setRecordingState(False)
66.2776 	EXP 	eyetracker.setRecordingState(False)
66.2878 	EXP 	eyetracker.setRecordingState(False)
66.2978 	EXP 	eyetracker.setRecordingState(False)
66.3077 	EXP 	eyetracker.setRecordingState(False)
66.3173 	EXP 	eyetracker.setRecordingState(False)
66.3265 	EXP 	eyetracker.setRecordingState(False)
66.3372 	EXP 	eyetracker.setRecordingState(False)
66.3476 	EXP 	eyetracker.setRecordingState(False)
66.3594 	EXP 	eyetracker.setRecordingState(False)
66.3696 	EXP 	eyetracker.setRecordingState(False)
66.3790 	EXP 	eyetracker.setRecordingState(False)
66.3903 	EXP 	eyetracker.setRecordingState(False)
66.4018 	EXP 	eyetracker.setRecordingState(False)
66.4126 	EXP 	eyetracker.setRecordingState(False)
66.4244 	EXP 	eyetracker.setRecordingState(False)
66.4352 	EXP 	eyetracker.setRecordingState(False)
66.4432 	EXP 	eyetracker.setRecordingState(False)
66.4521 	EXP 	eyetracker.setRecordingState(False)
66.4625 	EXP 	eyetracker.setRecordingState(False)
66.4711 	EXP 	eyetracker.setRecordingState(False)
66.4806 	EXP 	eyetracker.setRecordingState(False)
66.4910 	EXP 	eyetracker.setRecordingState(False)
66.5028 	EXP 	eyetracker.setRecordingState(False)
66.5145 	EXP 	eyetracker.setRecordingState(False)
66.5244 	EXP 	eyetracker.setRecordingState(False)
66.5339 	EXP 	eyetracker.setRecordingState(False)
66.5427 	EXP 	eyetracker.setRecordingState(False)
66.5505 	EXP 	eyetracker.setRecordingState(False)
66.5593 	EXP 	eyetracker.setRecordingState(False)
66.5670 	EXP 	eyetracker.setRecordingState(False)
66.5762 	EXP 	eyetracker.setRecordingState(False)
66.5866 	EXP 	eyetracker.setRecordingState(False)
66.5960 	EXP 	eyetracker.setRecordingState(False)
66.6069 	EXP 	eyetracker.setRecordingState(False)
66.6181 	EXP 	eyetracker.setRecordingState(False)
66.6294 	EXP 	eyetracker.setRecordingState(False)
66.6399 	EXP 	eyetracker.setRecordingState(False)
66.6525 	EXP 	eyetracker.setRecordingState(False)
66.6641 	EXP 	eyetracker.setRecordingState(False)
66.6762 	EXP 	eyetracker.setRecordingState(False)
66.6892 	EXP 	eyetracker.setRecordingState(False)
66.7023 	EXP 	eyetracker.setRecordingState(False)
66.7137 	EXP 	eyetracker.setRecordingState(False)
66.7250 	EXP 	eyetracker.setRecordingState(False)
66.7362 	EXP 	eyetracker.setRecordingState(False)
66.7476 	EXP 	eyetracker.setRecordingState(False)
66.7586 	EXP 	eyetracker.setRecordingState(False)
66.7695 	EXP 	eyetracker.setRecordingState(False)
66.7812 	EXP 	eyetracker.setRecordingState(False)
66.7926 	EXP 	eyetracker.setRecordingState(False)
66.8025 	EXP 	eyetracker.setRecordingState(False)
66.8130 	EXP 	eyetracker.setRecordingState(False)
66.8239 	EXP 	eyetracker.setRecordingState(False)
66.8343 	EXP 	eyetracker.setRecordingState(False)
66.8472 	EXP 	eyetracker.setRecordingState(False)
66.8581 	EXP 	eyetracker.setRecordingState(False)
66.8680 	EXP 	eyetracker.setRecordingState(False)
66.8801 	EXP 	eyetracker.setRecordingState(False)
66.8904 	EXP 	eyetracker.setRecordingState(False)
66.9001 	EXP 	eyetracker.setRecordingState(False)
66.9106 	EXP 	eyetracker.setRecordingState(False)
66.9203 	EXP 	eyetracker.setRecordingState(False)
66.9303 	EXP 	eyetracker.setRecordingState(False)
66.9419 	EXP 	eyetracker.setRecordingState(False)
66.9515 	EXP 	eyetracker.setRecordingState(False)
66.9612 	EXP 	eyetracker.setRecordingState(False)
66.9740 	EXP 	eyetracker.setRecordingState(False)
66.9839 	EXP 	eyetracker.setRecordingState(False)
66.9921 	EXP 	eyetracker.setRecordingState(False)
67.0001 	EXP 	eyetracker.setRecordingState(False)
67.0079 	EXP 	eyetracker.setRecordingState(False)
67.0153 	EXP 	eyetracker.setRecordingState(False)
67.0235 	EXP 	eyetracker.setRecordingState(False)
67.0329 	EXP 	eyetracker.setRecordingState(False)
67.0415 	EXP 	eyetracker.setRecordingState(False)
67.0508 	EXP 	eyetracker.setRecordingState(False)
67.0601 	EXP 	eyetracker.setRecordingState(False)
67.0694 	EXP 	eyetracker.setRecordingState(False)
67.0784 	EXP 	eyetracker.setRecordingState(False)
67.0869 	EXP 	eyetracker.setRecordingState(False)
67.0965 	EXP 	eyetracker.setRecordingState(False)
67.1051 	EXP 	eyetracker.setRecordingState(False)
67.1137 	EXP 	eyetracker.setRecordingState(False)
67.1221 	EXP 	eyetracker.setRecordingState(False)
67.1326 	EXP 	eyetracker.setRecordingState(False)
67.1415 	EXP 	eyetracker.setRecordingState(False)
67.1495 	EXP 	eyetracker.setRecordingState(False)
67.1580 	EXP 	eyetracker.setRecordingState(False)
67.1660 	EXP 	eyetracker.setRecordingState(False)
67.1749 	EXP 	eyetracker.setRecordingState(False)
67.1848 	EXP 	eyetracker.setRecordingState(False)
67.1949 	EXP 	eyetracker.setRecordingState(False)
67.2050 	EXP 	eyetracker.setRecordingState(False)
67.2154 	EXP 	eyetracker.setRecordingState(False)
67.2253 	EXP 	eyetracker.setRecordingState(False)
67.2359 	EXP 	eyetracker.setRecordingState(False)
67.2460 	EXP 	eyetracker.setRecordingState(False)
67.2559 	EXP 	eyetracker.setRecordingState(False)
67.2646 	EXP 	eyetracker.setRecordingState(False)
67.2735 	EXP 	eyetracker.setRecordingState(False)
67.2846 	EXP 	eyetracker.setRecordingState(False)
67.2944 	EXP 	eyetracker.setRecordingState(False)
67.3048 	EXP 	eyetracker.setRecordingState(False)
67.3138 	EXP 	eyetracker.setRecordingState(False)
67.3238 	EXP 	eyetracker.setRecordingState(False)
67.3329 	EXP 	eyetracker.setRecordingState(False)
67.3417 	EXP 	eyetracker.setRecordingState(False)
67.3509 	EXP 	eyetracker.setRecordingState(False)
67.3605 	EXP 	eyetracker.setRecordingState(False)
67.3704 	EXP 	eyetracker.setRecordingState(False)
67.3812 	EXP 	eyetracker.setRecordingState(False)
67.3918 	EXP 	eyetracker.setRecordingState(False)
67.4026 	EXP 	eyetracker.setRecordingState(False)
67.4144 	EXP 	eyetracker.setRecordingState(False)
67.4246 	EXP 	eyetracker.setRecordingState(False)
67.4337 	EXP 	eyetracker.setRecordingState(False)
67.4442 	EXP 	eyetracker.setRecordingState(False)
67.4538 	EXP 	eyetracker.setRecordingState(False)
67.4625 	EXP 	eyetracker.setRecordingState(False)
67.4709 	EXP 	eyetracker.setRecordingState(False)
67.4807 	EXP 	eyetracker.setRecordingState(False)
67.4897 	EXP 	eyetracker.setRecordingState(False)
67.4993 	EXP 	eyetracker.setRecordingState(False)
67.5092 	EXP 	eyetracker.setRecordingState(False)
67.5201 	EXP 	eyetracker.setRecordingState(False)
67.5324 	EXP 	eyetracker.setRecordingState(False)
67.5435 	EXP 	eyetracker.setRecordingState(False)
67.5542 	EXP 	eyetracker.setRecordingState(False)
67.5635 	EXP 	eyetracker.setRecordingState(False)
67.5730 	EXP 	eyetracker.setRecordingState(False)
67.5809 	EXP 	eyetracker.setRecordingState(False)
67.5894 	EXP 	eyetracker.setRecordingState(False)
67.5975 	EXP 	eyetracker.setRecordingState(False)
67.6065 	EXP 	eyetracker.setRecordingState(False)
67.6144 	EXP 	eyetracker.setRecordingState(False)
67.6243 	EXP 	eyetracker.setRecordingState(False)
67.6346 	EXP 	eyetracker.setRecordingState(False)
67.6435 	EXP 	eyetracker.setRecordingState(False)
67.6534 	EXP 	eyetracker.setRecordingState(False)
67.6640 	EXP 	eyetracker.setRecordingState(False)
67.6725 	EXP 	eyetracker.setRecordingState(False)
67.6819 	EXP 	eyetracker.setRecordingState(False)
67.6900 	EXP 	eyetracker.setRecordingState(False)
67.6982 	EXP 	eyetracker.setRecordingState(False)
67.7067 	EXP 	eyetracker.setRecordingState(False)
67.7168 	EXP 	eyetracker.setRecordingState(False)
67.7278 	EXP 	eyetracker.setRecordingState(False)
67.7369 	EXP 	eyetracker.setRecordingState(False)
67.7481 	EXP 	eyetracker.setRecordingState(False)
67.7607 	EXP 	eyetracker.setRecordingState(False)
67.7708 	EXP 	eyetracker.setRecordingState(False)
67.7814 	EXP 	eyetracker.setRecordingState(False)
67.7922 	EXP 	eyetracker.setRecordingState(False)
67.8020 	EXP 	eyetracker.setRecordingState(False)
67.8121 	EXP 	eyetracker.setRecordingState(False)
67.8205 	EXP 	eyetracker.setRecordingState(False)
67.8299 	EXP 	eyetracker.setRecordingState(False)
67.8378 	EXP 	eyetracker.setRecordingState(False)
67.8447 	EXP 	eyetracker.setRecordingState(False)
67.8525 	EXP 	eyetracker.setRecordingState(False)
67.8609 	EXP 	eyetracker.setRecordingState(False)
67.8705 	EXP 	eyetracker.setRecordingState(False)
67.8806 	EXP 	eyetracker.setRecordingState(False)
67.8931 	EXP 	eyetracker.setRecordingState(False)
67.9035 	EXP 	eyetracker.setRecordingState(False)
67.9131 	EXP 	eyetracker.setRecordingState(False)
67.9240 	EXP 	eyetracker.setRecordingState(False)
67.9339 	EXP 	eyetracker.setRecordingState(False)
67.9429 	EXP 	eyetracker.setRecordingState(False)
67.9534 	EXP 	eyetracker.setRecordingState(False)
67.9640 	EXP 	eyetracker.setRecordingState(False)
67.9745 	EXP 	eyetracker.setRecordingState(False)
67.9835 	EXP 	eyetracker.setRecordingState(False)
67.9908 	EXP 	eyetracker.setRecordingState(False)
67.9983 	EXP 	eyetracker.setRecordingState(False)
68.0059 	EXP 	eyetracker.setRecordingState(False)
68.0165 	EXP 	eyetracker.setRecordingState(False)
68.0287 	EXP 	eyetracker.setRecordingState(False)
68.0390 	EXP 	eyetracker.setRecordingState(False)
68.0485 	EXP 	eyetracker.setRecordingState(False)
68.0572 	EXP 	eyetracker.setRecordingState(False)
68.0660 	EXP 	eyetracker.setRecordingState(False)
68.0752 	EXP 	eyetracker.setRecordingState(False)
68.0844 	EXP 	eyetracker.setRecordingState(False)
68.0948 	EXP 	eyetracker.setRecordingState(False)
68.1055 	EXP 	eyetracker.setRecordingState(False)
68.1165 	EXP 	eyetracker.setRecordingState(False)
68.1289 	EXP 	eyetracker.setRecordingState(False)
68.1395 	EXP 	eyetracker.setRecordingState(False)
68.1498 	EXP 	eyetracker.setRecordingState(False)
68.1609 	EXP 	eyetracker.setRecordingState(False)
68.1716 	EXP 	eyetracker.setRecordingState(False)
68.1837 	EXP 	eyetracker.setRecordingState(False)
68.1955 	EXP 	eyetracker.setRecordingState(False)
68.2077 	EXP 	eyetracker.setRecordingState(False)
68.2191 	EXP 	eyetracker.setRecordingState(False)
68.2308 	EXP 	eyetracker.setRecordingState(False)
68.2423 	EXP 	eyetracker.setRecordingState(False)
68.2549 	EXP 	eyetracker.setRecordingState(False)
68.2658 	EXP 	eyetracker.setRecordingState(False)
68.2766 	EXP 	eyetracker.setRecordingState(False)
68.2873 	EXP 	eyetracker.setRecordingState(False)
68.2978 	EXP 	eyetracker.setRecordingState(False)
68.3079 	EXP 	eyetracker.setRecordingState(False)
68.3184 	EXP 	eyetracker.setRecordingState(False)
68.3285 	EXP 	eyetracker.setRecordingState(False)
68.3367 	EXP 	eyetracker.setRecordingState(False)
68.3458 	EXP 	eyetracker.setRecordingState(False)
68.3543 	EXP 	eyetracker.setRecordingState(False)
68.3629 	EXP 	eyetracker.setRecordingState(False)
68.3715 	EXP 	eyetracker.setRecordingState(False)
68.3797 	EXP 	eyetracker.setRecordingState(False)
68.3873 	EXP 	eyetracker.setRecordingState(False)
68.3952 	EXP 	eyetracker.setRecordingState(False)
68.4041 	EXP 	eyetracker.setRecordingState(False)
68.4135 	EXP 	eyetracker.setRecordingState(False)
68.4256 	EXP 	eyetracker.setRecordingState(False)
68.4360 	EXP 	eyetracker.setRecordingState(False)
68.4444 	EXP 	eyetracker.setRecordingState(False)
68.4549 	EXP 	eyetracker.setRecordingState(False)
68.4671 	EXP 	eyetracker.setRecordingState(False)
68.4772 	EXP 	eyetracker.setRecordingState(False)
68.4886 	EXP 	eyetracker.setRecordingState(False)
68.4989 	EXP 	eyetracker.setRecordingState(False)
68.5083 	EXP 	eyetracker.setRecordingState(False)
68.5165 	EXP 	eyetracker.setRecordingState(False)
68.5255 	EXP 	eyetracker.setRecordingState(False)
68.5341 	EXP 	eyetracker.setRecordingState(False)
68.5441 	EXP 	eyetracker.setRecordingState(False)
68.5560 	EXP 	eyetracker.setRecordingState(False)
68.5676 	EXP 	eyetracker.setRecordingState(False)
68.5792 	EXP 	eyetracker.setRecordingState(False)
68.5909 	EXP 	eyetracker.setRecordingState(False)
68.6006 	EXP 	eyetracker.setRecordingState(False)
68.6097 	EXP 	eyetracker.setRecordingState(False)
68.6199 	EXP 	eyetracker.setRecordingState(False)
68.6280 	EXP 	eyetracker.setRecordingState(False)
68.6367 	EXP 	eyetracker.setRecordingState(False)
68.6450 	EXP 	eyetracker.setRecordingState(False)
68.6533 	EXP 	eyetracker.setRecordingState(False)
68.6617 	EXP 	eyetracker.setRecordingState(False)
68.6708 	EXP 	eyetracker.setRecordingState(False)
68.6801 	EXP 	eyetracker.setRecordingState(False)
68.6902 	EXP 	eyetracker.setRecordingState(False)
68.7019 	EXP 	eyetracker.setRecordingState(False)
68.7107 	EXP 	eyetracker.setRecordingState(False)
68.7210 	EXP 	eyetracker.setRecordingState(False)
68.7307 	EXP 	eyetracker.setRecordingState(False)
68.7399 	EXP 	eyetracker.setRecordingState(False)
68.7493 	EXP 	eyetracker.setRecordingState(False)
68.7585 	EXP 	eyetracker.setRecordingState(False)
68.7682 	EXP 	eyetracker.setRecordingState(False)
68.7788 	EXP 	eyetracker.setRecordingState(False)
68.7874 	EXP 	eyetracker.setRecordingState(False)
68.7970 	EXP 	eyetracker.setRecordingState(False)
68.8075 	EXP 	eyetracker.setRecordingState(False)
68.8188 	EXP 	eyetracker.setRecordingState(False)
68.8297 	EXP 	eyetracker.setRecordingState(False)
68.8407 	EXP 	eyetracker.setRecordingState(False)
68.8509 	EXP 	eyetracker.setRecordingState(False)
68.8600 	EXP 	eyetracker.setRecordingState(False)
68.8699 	EXP 	eyetracker.setRecordingState(False)
68.8804 	EXP 	eyetracker.setRecordingState(False)
68.8902 	EXP 	eyetracker.setRecordingState(False)
68.9008 	EXP 	eyetracker.setRecordingState(False)
68.9101 	EXP 	eyetracker.setRecordingState(False)
68.9200 	EXP 	eyetracker.setRecordingState(False)
68.9307 	EXP 	eyetracker.setRecordingState(False)
68.9413 	EXP 	eyetracker.setRecordingState(False)
68.9520 	EXP 	eyetracker.setRecordingState(False)
68.9628 	EXP 	eyetracker.setRecordingState(False)
68.9724 	EXP 	eyetracker.setRecordingState(False)
68.9828 	EXP 	eyetracker.setRecordingState(False)
68.9937 	EXP 	eyetracker.setRecordingState(False)
69.0033 	EXP 	eyetracker.setRecordingState(False)
69.0148 	EXP 	eyetracker.setRecordingState(False)
69.0270 	EXP 	eyetracker.setRecordingState(False)
69.0389 	EXP 	eyetracker.setRecordingState(False)
69.0493 	EXP 	eyetracker.setRecordingState(False)
69.0608 	EXP 	eyetracker.setRecordingState(False)
69.0719 	EXP 	eyetracker.setRecordingState(False)
69.0837 	EXP 	eyetracker.setRecordingState(False)
69.0970 	EXP 	eyetracker.setRecordingState(False)
69.1079 	EXP 	eyetracker.setRecordingState(False)
69.1181 	EXP 	eyetracker.setRecordingState(False)
69.1279 	EXP 	eyetracker.setRecordingState(False)
69.1378 	EXP 	eyetracker.setRecordingState(False)
69.1475 	EXP 	eyetracker.setRecordingState(False)
69.1570 	EXP 	eyetracker.setRecordingState(False)
69.1670 	EXP 	eyetracker.setRecordingState(False)
69.1759 	EXP 	eyetracker.setRecordingState(False)
69.1860 	EXP 	eyetracker.setRecordingState(False)
69.1947 	EXP 	eyetracker.setRecordingState(False)
69.2032 	EXP 	eyetracker.setRecordingState(False)
69.2128 	EXP 	eyetracker.setRecordingState(False)
69.2224 	EXP 	eyetracker.setRecordingState(False)
69.2307 	EXP 	eyetracker.setRecordingState(False)
69.2397 	EXP 	eyetracker.setRecordingState(False)
69.2492 	EXP 	eyetracker.setRecordingState(False)
69.2580 	EXP 	eyetracker.setRecordingState(False)
69.2671 	EXP 	eyetracker.setRecordingState(False)
69.2773 	EXP 	eyetracker.setRecordingState(False)
69.2866 	EXP 	eyetracker.setRecordingState(False)
69.2965 	EXP 	eyetracker.setRecordingState(False)
69.3068 	EXP 	eyetracker.setRecordingState(False)
69.3160 	EXP 	eyetracker.setRecordingState(False)
69.3264 	EXP 	eyetracker.setRecordingState(False)
69.3358 	EXP 	eyetracker.setRecordingState(False)
69.3448 	EXP 	eyetracker.setRecordingState(False)
69.3537 	EXP 	eyetracker.setRecordingState(False)
69.3620 	EXP 	eyetracker.setRecordingState(False)
69.3705 	EXP 	eyetracker.setRecordingState(False)
69.3796 	EXP 	eyetracker.setRecordingState(False)
69.3888 	EXP 	eyetracker.setRecordingState(False)
69.3970 	EXP 	eyetracker.setRecordingState(False)
69.4061 	EXP 	eyetracker.setRecordingState(False)
69.4152 	EXP 	eyetracker.setRecordingState(False)
69.4250 	EXP 	eyetracker.setRecordingState(False)
69.4336 	EXP 	eyetracker.setRecordingState(False)
69.4413 	EXP 	eyetracker.setRecordingState(False)
69.4512 	EXP 	eyetracker.setRecordingState(False)
69.4591 	EXP 	eyetracker.setRecordingState(False)
69.4681 	EXP 	eyetracker.setRecordingState(False)
69.4761 	EXP 	eyetracker.setRecordingState(False)
69.4844 	EXP 	eyetracker.setRecordingState(False)
69.4927 	EXP 	eyetracker.setRecordingState(False)
69.5010 	EXP 	eyetracker.setRecordingState(False)
69.5096 	EXP 	eyetracker.setRecordingState(False)
69.5187 	EXP 	eyetracker.setRecordingState(False)
69.5278 	EXP 	eyetracker.setRecordingState(False)
69.5366 	EXP 	eyetracker.setRecordingState(False)
69.5457 	EXP 	eyetracker.setRecordingState(False)
69.5549 	EXP 	eyetracker.setRecordingState(False)
69.5636 	EXP 	eyetracker.setRecordingState(False)
69.5724 	EXP 	eyetracker.setRecordingState(False)
69.5811 	EXP 	eyetracker.setRecordingState(False)
69.5905 	EXP 	eyetracker.setRecordingState(False)
69.5991 	EXP 	eyetracker.setRecordingState(False)
69.6079 	EXP 	eyetracker.setRecordingState(False)
69.6172 	EXP 	eyetracker.setRecordingState(False)
69.6266 	EXP 	eyetracker.setRecordingState(False)
69.6367 	EXP 	eyetracker.setRecordingState(False)
69.6457 	EXP 	eyetracker.setRecordingState(False)
69.6549 	EXP 	eyetracker.setRecordingState(False)
69.6641 	EXP 	eyetracker.setRecordingState(False)
69.6728 	EXP 	eyetracker.setRecordingState(False)
69.6815 	EXP 	eyetracker.setRecordingState(False)
69.6901 	EXP 	eyetracker.setRecordingState(False)
69.6985 	EXP 	eyetracker.setRecordingState(False)
69.7051 	EXP 	eyetracker.setRecordingState(False)
69.7112 	EXP 	eyetracker.setRecordingState(False)
69.7175 	EXP 	eyetracker.setRecordingState(False)
69.7242 	EXP 	eyetracker.setRecordingState(False)
69.7325 	EXP 	eyetracker.setRecordingState(False)
69.7397 	EXP 	eyetracker.setRecordingState(False)
69.7474 	EXP 	eyetracker.setRecordingState(False)
69.7547 	EXP 	eyetracker.setRecordingState(False)
69.7627 	EXP 	eyetracker.setRecordingState(False)
69.7703 	EXP 	eyetracker.setRecordingState(False)
69.7786 	EXP 	eyetracker.setRecordingState(False)
69.7858 	EXP 	eyetracker.setRecordingState(False)
69.7937 	EXP 	eyetracker.setRecordingState(False)
69.8013 	EXP 	eyetracker.setRecordingState(False)
69.8104 	EXP 	eyetracker.setRecordingState(False)
69.8186 	EXP 	eyetracker.setRecordingState(False)
69.8257 	EXP 	eyetracker.setRecordingState(False)
69.8333 	EXP 	eyetracker.setRecordingState(False)
69.8432 	EXP 	eyetracker.setRecordingState(False)
69.8514 	EXP 	eyetracker.setRecordingState(False)
69.8594 	EXP 	eyetracker.setRecordingState(False)
69.8680 	EXP 	eyetracker.setRecordingState(False)
69.8756 	EXP 	eyetracker.setRecordingState(False)
69.8836 	EXP 	eyetracker.setRecordingState(False)
69.8915 	EXP 	eyetracker.setRecordingState(False)
69.9002 	EXP 	eyetracker.setRecordingState(False)
69.9093 	EXP 	eyetracker.setRecordingState(False)
69.9185 	EXP 	eyetracker.setRecordingState(False)
69.9275 	EXP 	eyetracker.setRecordingState(False)
69.9376 	EXP 	eyetracker.setRecordingState(False)
69.9475 	EXP 	eyetracker.setRecordingState(False)
69.9564 	EXP 	eyetracker.setRecordingState(False)
69.9660 	EXP 	eyetracker.setRecordingState(False)
69.9750 	EXP 	eyetracker.setRecordingState(False)
69.9851 	EXP 	eyetracker.setRecordingState(False)
69.9937 	EXP 	eyetracker.setRecordingState(False)
70.0023 	EXP 	eyetracker.setRecordingState(False)
70.0103 	EXP 	eyetracker.setRecordingState(False)
70.0182 	EXP 	eyetracker.setRecordingState(False)
70.0265 	EXP 	eyetracker.setRecordingState(False)
70.0344 	EXP 	eyetracker.setRecordingState(False)
70.0425 	EXP 	eyetracker.setRecordingState(False)
70.0504 	EXP 	eyetracker.setRecordingState(False)
70.0581 	EXP 	eyetracker.setRecordingState(False)
70.0662 	EXP 	eyetracker.setRecordingState(False)
70.0753 	EXP 	eyetracker.setRecordingState(False)
70.0842 	EXP 	eyetracker.setRecordingState(False)
70.0935 	EXP 	eyetracker.setRecordingState(False)
70.1021 	EXP 	eyetracker.setRecordingState(False)
70.1107 	EXP 	eyetracker.setRecordingState(False)
70.1192 	EXP 	eyetracker.setRecordingState(False)
70.1290 	EXP 	eyetracker.setRecordingState(False)
70.1398 	EXP 	eyetracker.setRecordingState(False)
70.1493 	EXP 	eyetracker.setRecordingState(False)
70.1611 	EXP 	eyetracker.setRecordingState(False)
70.1693 	EXP 	eyetracker.setRecordingState(False)
70.1773 	EXP 	eyetracker.setRecordingState(False)
70.1860 	EXP 	eyetracker.setRecordingState(False)
70.1941 	EXP 	eyetracker.setRecordingState(False)
70.2034 	EXP 	eyetracker.setRecordingState(False)
70.2126 	EXP 	eyetracker.setRecordingState(False)
70.2221 	EXP 	eyetracker.setRecordingState(False)
70.2314 	EXP 	eyetracker.setRecordingState(False)
70.2406 	EXP 	eyetracker.setRecordingState(False)
70.2499 	EXP 	eyetracker.setRecordingState(False)
70.2588 	EXP 	eyetracker.setRecordingState(False)
70.2674 	EXP 	eyetracker.setRecordingState(False)
70.2761 	EXP 	eyetracker.setRecordingState(False)
70.2844 	EXP 	eyetracker.setRecordingState(False)
70.2930 	EXP 	eyetracker.setRecordingState(False)
70.3011 	EXP 	eyetracker.setRecordingState(False)
70.3101 	EXP 	eyetracker.setRecordingState(False)
70.3196 	EXP 	eyetracker.setRecordingState(False)
70.3297 	EXP 	eyetracker.setRecordingState(False)
70.3392 	EXP 	eyetracker.setRecordingState(False)
70.3483 	EXP 	eyetracker.setRecordingState(False)
70.3571 	EXP 	eyetracker.setRecordingState(False)
70.3661 	EXP 	eyetracker.setRecordingState(False)
70.3756 	EXP 	eyetracker.setRecordingState(False)
70.3844 	EXP 	eyetracker.setRecordingState(False)
70.3929 	EXP 	eyetracker.setRecordingState(False)
70.4019 	EXP 	eyetracker.setRecordingState(False)
70.4113 	EXP 	eyetracker.setRecordingState(False)
70.4205 	EXP 	eyetracker.setRecordingState(False)
70.4290 	EXP 	eyetracker.setRecordingState(False)
70.4373 	EXP 	eyetracker.setRecordingState(False)
70.4462 	EXP 	eyetracker.setRecordingState(False)
70.4556 	EXP 	eyetracker.setRecordingState(False)
70.4642 	EXP 	eyetracker.setRecordingState(False)
70.4743 	EXP 	eyetracker.setRecordingState(False)
70.4833 	EXP 	eyetracker.setRecordingState(False)
70.4925 	EXP 	eyetracker.setRecordingState(False)
70.5031 	EXP 	eyetracker.setRecordingState(False)
70.5124 	EXP 	eyetracker.setRecordingState(False)
70.5216 	EXP 	eyetracker.setRecordingState(False)
70.5319 	EXP 	eyetracker.setRecordingState(False)
70.5419 	EXP 	eyetracker.setRecordingState(False)
70.5518 	EXP 	eyetracker.setRecordingState(False)
70.5614 	EXP 	eyetracker.setRecordingState(False)
70.5704 	EXP 	eyetracker.setRecordingState(False)
70.5788 	EXP 	eyetracker.setRecordingState(False)
70.5885 	EXP 	eyetracker.setRecordingState(False)
70.6009 	EXP 	eyetracker.setRecordingState(False)
70.6113 	EXP 	eyetracker.setRecordingState(False)
70.6211 	EXP 	eyetracker.setRecordingState(False)
70.6319 	EXP 	eyetracker.setRecordingState(False)
70.6417 	EXP 	eyetracker.setRecordingState(False)
70.6517 	EXP 	eyetracker.setRecordingState(False)
70.6612 	EXP 	eyetracker.setRecordingState(False)
70.6709 	EXP 	eyetracker.setRecordingState(False)
70.6810 	EXP 	eyetracker.setRecordingState(False)
70.6905 	EXP 	eyetracker.setRecordingState(False)
70.6996 	EXP 	eyetracker.setRecordingState(False)
70.7097 	EXP 	eyetracker.setRecordingState(False)
70.7207 	EXP 	eyetracker.setRecordingState(False)
70.7343 	EXP 	eyetracker.setRecordingState(False)
70.7442 	EXP 	eyetracker.setRecordingState(False)
70.7541 	EXP 	eyetracker.setRecordingState(False)
70.7648 	EXP 	eyetracker.setRecordingState(False)
70.7776 	EXP 	eyetracker.setRecordingState(False)
70.7887 	EXP 	eyetracker.setRecordingState(False)
70.8030 	EXP 	eyetracker.setRecordingState(False)
70.8181 	EXP 	eyetracker.setRecordingState(False)
70.8350 	EXP 	eyetracker.setRecordingState(False)
70.8505 	EXP 	eyetracker.setRecordingState(False)
70.8645 	EXP 	eyetracker.setRecordingState(False)
70.8756 	EXP 	eyetracker.setRecordingState(False)
70.8855 	EXP 	eyetracker.setRecordingState(False)
70.8966 	EXP 	eyetracker.setRecordingState(False)
70.9069 	EXP 	eyetracker.setRecordingState(False)
70.9164 	EXP 	eyetracker.setRecordingState(False)
70.9267 	EXP 	eyetracker.setRecordingState(False)
70.9367 	EXP 	eyetracker.setRecordingState(False)
70.9459 	EXP 	eyetracker.setRecordingState(False)
70.9556 	EXP 	eyetracker.setRecordingState(False)
70.9626 	EXP 	eyetracker.setRecordingState(False)
70.9689 	EXP 	eyetracker.setRecordingState(False)
70.9748 	EXP 	eyetracker.setRecordingState(False)
70.9815 	EXP 	eyetracker.setRecordingState(False)
70.9897 	EXP 	eyetracker.setRecordingState(False)
70.9981 	EXP 	eyetracker.setRecordingState(False)
71.0071 	EXP 	eyetracker.setRecordingState(False)
71.0148 	EXP 	eyetracker.setRecordingState(False)
71.0225 	EXP 	eyetracker.setRecordingState(False)
71.0318 	EXP 	eyetracker.setRecordingState(False)
71.0410 	EXP 	eyetracker.setRecordingState(False)
71.0499 	EXP 	eyetracker.setRecordingState(False)
71.0594 	EXP 	eyetracker.setRecordingState(False)
71.0698 	EXP 	eyetracker.setRecordingState(False)
71.0794 	EXP 	eyetracker.setRecordingState(False)
71.0900 	EXP 	eyetracker.setRecordingState(False)
71.1000 	EXP 	eyetracker.setRecordingState(False)
71.1107 	EXP 	eyetracker.setRecordingState(False)
71.1203 	EXP 	eyetracker.setRecordingState(False)
71.1299 	EXP 	eyetracker.setRecordingState(False)
71.1404 	EXP 	eyetracker.setRecordingState(False)
71.1514 	EXP 	eyetracker.setRecordingState(False)
71.1614 	EXP 	eyetracker.setRecordingState(False)
71.1708 	EXP 	eyetracker.setRecordingState(False)
71.1816 	EXP 	eyetracker.setRecordingState(False)
71.1930 	EXP 	eyetracker.setRecordingState(False)
71.2032 	EXP 	eyetracker.setRecordingState(False)
71.2137 	EXP 	eyetracker.setRecordingState(False)
71.2227 	EXP 	eyetracker.setRecordingState(False)
71.2308 	EXP 	eyetracker.setRecordingState(False)
71.2397 	EXP 	eyetracker.setRecordingState(False)
71.2482 	EXP 	eyetracker.setRecordingState(False)
71.2568 	EXP 	eyetracker.setRecordingState(False)
71.2649 	EXP 	eyetracker.setRecordingState(False)
71.2728 	EXP 	eyetracker.setRecordingState(False)
71.2815 	EXP 	eyetracker.setRecordingState(False)
71.2905 	EXP 	eyetracker.setRecordingState(False)
71.2972 	EXP 	eyetracker.setRecordingState(False)
71.3040 	EXP 	eyetracker.setRecordingState(False)
71.3123 	EXP 	eyetracker.setRecordingState(False)
71.3218 	EXP 	eyetracker.setRecordingState(False)
71.3305 	EXP 	eyetracker.setRecordingState(False)
71.3397 	EXP 	eyetracker.setRecordingState(False)
71.3495 	EXP 	eyetracker.setRecordingState(False)
71.3569 	EXP 	eyetracker.setRecordingState(False)
71.3642 	EXP 	eyetracker.setRecordingState(False)
71.3707 	EXP 	eyetracker.setRecordingState(False)
71.3784 	EXP 	eyetracker.setRecordingState(False)
71.3868 	EXP 	eyetracker.setRecordingState(False)
71.3938 	EXP 	eyetracker.setRecordingState(False)
71.4008 	EXP 	eyetracker.setRecordingState(False)
71.4078 	EXP 	eyetracker.setRecordingState(False)
71.4154 	EXP 	eyetracker.setRecordingState(False)
71.4230 	EXP 	eyetracker.setRecordingState(False)
71.4296 	EXP 	eyetracker.setRecordingState(False)
71.4361 	EXP 	eyetracker.setRecordingState(False)
71.4433 	EXP 	eyetracker.setRecordingState(False)
71.4518 	EXP 	eyetracker.setRecordingState(False)
71.4603 	EXP 	eyetracker.setRecordingState(False)
71.4703 	EXP 	eyetracker.setRecordingState(False)
71.4819 	EXP 	eyetracker.setRecordingState(False)
71.4907 	EXP 	eyetracker.setRecordingState(False)
71.5001 	EXP 	eyetracker.setRecordingState(False)
71.5096 	EXP 	eyetracker.setRecordingState(False)
71.5184 	EXP 	eyetracker.setRecordingState(False)
71.5274 	EXP 	eyetracker.setRecordingState(False)
71.5377 	EXP 	eyetracker.setRecordingState(False)
71.5483 	EXP 	eyetracker.setRecordingState(False)
71.5574 	EXP 	eyetracker.setRecordingState(False)
71.5667 	EXP 	eyetracker.setRecordingState(False)
71.5773 	EXP 	eyetracker.setRecordingState(False)
71.5867 	EXP 	eyetracker.setRecordingState(False)
71.5961 	EXP 	eyetracker.setRecordingState(False)
71.6063 	EXP 	eyetracker.setRecordingState(False)
71.6173 	EXP 	eyetracker.setRecordingState(False)
71.6283 	EXP 	eyetracker.setRecordingState(False)
71.6383 	EXP 	eyetracker.setRecordingState(False)
71.6474 	EXP 	eyetracker.setRecordingState(False)
71.6581 	EXP 	eyetracker.setRecordingState(False)
71.6680 	EXP 	eyetracker.setRecordingState(False)
71.6785 	EXP 	eyetracker.setRecordingState(False)
71.6899 	EXP 	eyetracker.setRecordingState(False)
71.6998 	EXP 	eyetracker.setRecordingState(False)
71.7090 	EXP 	eyetracker.setRecordingState(False)
71.7202 	EXP 	eyetracker.setRecordingState(False)
71.7318 	EXP 	eyetracker.setRecordingState(False)
71.7453 	EXP 	eyetracker.setRecordingState(False)
71.7562 	EXP 	eyetracker.setRecordingState(False)
71.7680 	EXP 	eyetracker.setRecordingState(False)
71.7805 	EXP 	eyetracker.setRecordingState(False)
71.7947 	EXP 	eyetracker.setRecordingState(False)
71.8086 	EXP 	eyetracker.setRecordingState(False)
71.8223 	EXP 	eyetracker.setRecordingState(False)
71.8361 	EXP 	eyetracker.setRecordingState(False)
71.8502 	EXP 	eyetracker.setRecordingState(False)
71.8627 	EXP 	eyetracker.setRecordingState(False)
71.8748 	EXP 	eyetracker.setRecordingState(False)
71.8867 	EXP 	eyetracker.setRecordingState(False)
71.9001 	EXP 	eyetracker.setRecordingState(False)
71.9114 	EXP 	eyetracker.setRecordingState(False)
71.9217 	EXP 	eyetracker.setRecordingState(False)
71.9306 	EXP 	eyetracker.setRecordingState(False)
71.9402 	EXP 	eyetracker.setRecordingState(False)
71.9487 	EXP 	eyetracker.setRecordingState(False)
71.9584 	EXP 	eyetracker.setRecordingState(False)
71.9688 	EXP 	eyetracker.setRecordingState(False)
71.9798 	EXP 	eyetracker.setRecordingState(False)
71.9922 	EXP 	eyetracker.setRecordingState(False)
72.0022 	EXP 	eyetracker.setRecordingState(False)
72.0130 	EXP 	eyetracker.setRecordingState(False)
72.0221 	EXP 	eyetracker.setRecordingState(False)
72.0317 	EXP 	eyetracker.setRecordingState(False)
72.0416 	EXP 	eyetracker.setRecordingState(False)
72.0524 	EXP 	eyetracker.setRecordingState(False)
72.0633 	EXP 	eyetracker.setRecordingState(False)
72.0736 	EXP 	eyetracker.setRecordingState(False)
72.0849 	EXP 	eyetracker.setRecordingState(False)
72.0956 	EXP 	eyetracker.setRecordingState(False)
72.1051 	EXP 	eyetracker.setRecordingState(False)
72.1153 	EXP 	eyetracker.setRecordingState(False)
72.1251 	EXP 	eyetracker.setRecordingState(False)
72.1336 	EXP 	eyetracker.setRecordingState(False)
72.1427 	EXP 	eyetracker.setRecordingState(False)
72.1524 	EXP 	eyetracker.setRecordingState(False)
72.1611 	EXP 	eyetracker.setRecordingState(False)
72.1707 	EXP 	eyetracker.setRecordingState(False)
72.1803 	EXP 	eyetracker.setRecordingState(False)
72.1893 	EXP 	eyetracker.setRecordingState(False)
72.1987 	EXP 	eyetracker.setRecordingState(False)
72.2082 	EXP 	eyetracker.setRecordingState(False)
72.2173 	EXP 	eyetracker.setRecordingState(False)
72.2260 	EXP 	eyetracker.setRecordingState(False)
72.2346 	EXP 	eyetracker.setRecordingState(False)
72.2435 	EXP 	eyetracker.setRecordingState(False)
72.2525 	EXP 	eyetracker.setRecordingState(False)
72.2616 	EXP 	eyetracker.setRecordingState(False)
72.2709 	EXP 	eyetracker.setRecordingState(False)
72.2809 	EXP 	eyetracker.setRecordingState(False)
72.2918 	EXP 	eyetracker.setRecordingState(False)
72.3020 	EXP 	eyetracker.setRecordingState(False)
72.3111 	EXP 	eyetracker.setRecordingState(False)
72.3228 	EXP 	eyetracker.setRecordingState(False)
72.3317 	EXP 	eyetracker.setRecordingState(False)
72.3407 	EXP 	eyetracker.setRecordingState(False)
72.3497 	EXP 	eyetracker.setRecordingState(False)
72.3588 	EXP 	eyetracker.setRecordingState(False)
72.3679 	EXP 	eyetracker.setRecordingState(False)
72.3777 	EXP 	eyetracker.setRecordingState(False)
72.3871 	EXP 	eyetracker.setRecordingState(False)
72.3986 	EXP 	eyetracker.setRecordingState(False)
72.4078 	EXP 	eyetracker.setRecordingState(False)
72.4165 	EXP 	eyetracker.setRecordingState(False)
72.4251 	EXP 	eyetracker.setRecordingState(False)
72.4336 	EXP 	eyetracker.setRecordingState(False)
72.4422 	EXP 	eyetracker.setRecordingState(False)
72.4504 	EXP 	eyetracker.setRecordingState(False)
72.4588 	EXP 	eyetracker.setRecordingState(False)
72.4677 	EXP 	eyetracker.setRecordingState(False)
72.4760 	EXP 	eyetracker.setRecordingState(False)
72.4847 	EXP 	eyetracker.setRecordingState(False)
72.4950 	EXP 	eyetracker.setRecordingState(False)
72.5036 	EXP 	eyetracker.setRecordingState(False)
72.5120 	EXP 	eyetracker.setRecordingState(False)
72.5204 	EXP 	eyetracker.setRecordingState(False)
72.5295 	EXP 	eyetracker.setRecordingState(False)
72.5385 	EXP 	eyetracker.setRecordingState(False)
72.5479 	EXP 	eyetracker.setRecordingState(False)
72.5577 	EXP 	eyetracker.setRecordingState(False)
72.5671 	EXP 	eyetracker.setRecordingState(False)
72.5760 	EXP 	eyetracker.setRecordingState(False)
72.5849 	EXP 	eyetracker.setRecordingState(False)
72.5944 	EXP 	eyetracker.setRecordingState(False)
72.6033 	EXP 	eyetracker.setRecordingState(False)
72.6127 	EXP 	eyetracker.setRecordingState(False)
72.6216 	EXP 	eyetracker.setRecordingState(False)
72.6306 	EXP 	eyetracker.setRecordingState(False)
72.6388 	EXP 	eyetracker.setRecordingState(False)
72.6477 	EXP 	eyetracker.setRecordingState(False)
72.6565 	EXP 	eyetracker.setRecordingState(False)
72.6660 	EXP 	eyetracker.setRecordingState(False)
72.6755 	EXP 	eyetracker.setRecordingState(False)
72.6844 	EXP 	eyetracker.setRecordingState(False)
72.6948 	EXP 	eyetracker.setRecordingState(False)
72.7042 	EXP 	eyetracker.setRecordingState(False)
72.7137 	EXP 	eyetracker.setRecordingState(False)
72.7238 	EXP 	eyetracker.setRecordingState(False)
72.7335 	EXP 	eyetracker.setRecordingState(False)
72.7432 	EXP 	eyetracker.setRecordingState(False)
72.7516 	EXP 	eyetracker.setRecordingState(False)
72.7603 	EXP 	eyetracker.setRecordingState(False)
72.7684 	EXP 	eyetracker.setRecordingState(False)
72.7763 	EXP 	eyetracker.setRecordingState(False)
72.7842 	EXP 	eyetracker.setRecordingState(False)
72.7929 	EXP 	eyetracker.setRecordingState(False)
72.8024 	EXP 	eyetracker.setRecordingState(False)
72.8124 	EXP 	eyetracker.setRecordingState(False)
72.8245 	EXP 	eyetracker.setRecordingState(False)
72.8362 	EXP 	eyetracker.setRecordingState(False)
72.8489 	EXP 	eyetracker.setRecordingState(False)
72.8603 	EXP 	eyetracker.setRecordingState(False)
72.8719 	EXP 	eyetracker.setRecordingState(False)
72.8821 	EXP 	eyetracker.setRecordingState(False)
72.8914 	EXP 	eyetracker.setRecordingState(False)
72.9018 	EXP 	eyetracker.setRecordingState(False)
72.9119 	EXP 	eyetracker.setRecordingState(False)
72.9217 	EXP 	eyetracker.setRecordingState(False)
72.9318 	EXP 	eyetracker.setRecordingState(False)
72.9421 	EXP 	eyetracker.setRecordingState(False)
72.9511 	EXP 	eyetracker.setRecordingState(False)
72.9605 	EXP 	eyetracker.setRecordingState(False)
72.9698 	EXP 	eyetracker.setRecordingState(False)
72.9780 	EXP 	eyetracker.setRecordingState(False)
72.9871 	EXP 	eyetracker.setRecordingState(False)
72.9964 	EXP 	eyetracker.setRecordingState(False)
73.0045 	EXP 	eyetracker.setRecordingState(False)
73.0134 	EXP 	eyetracker.setRecordingState(False)
73.0214 	EXP 	eyetracker.setRecordingState(False)
73.0307 	EXP 	eyetracker.setRecordingState(False)
73.0387 	EXP 	eyetracker.setRecordingState(False)
73.0470 	EXP 	eyetracker.setRecordingState(False)
73.0548 	EXP 	eyetracker.setRecordingState(False)
73.0633 	EXP 	eyetracker.setRecordingState(False)
73.0718 	EXP 	eyetracker.setRecordingState(False)
73.0803 	EXP 	eyetracker.setRecordingState(False)
73.0880 	EXP 	eyetracker.setRecordingState(False)
73.0955 	EXP 	eyetracker.setRecordingState(False)
73.1032 	EXP 	eyetracker.setRecordingState(False)
73.1114 	EXP 	eyetracker.setRecordingState(False)
73.1192 	EXP 	eyetracker.setRecordingState(False)
73.1266 	EXP 	eyetracker.setRecordingState(False)
73.1344 	EXP 	eyetracker.setRecordingState(False)
73.1429 	EXP 	eyetracker.setRecordingState(False)
73.1507 	EXP 	eyetracker.setRecordingState(False)
73.1587 	EXP 	eyetracker.setRecordingState(False)
73.1671 	EXP 	eyetracker.setRecordingState(False)
73.1751 	EXP 	eyetracker.setRecordingState(False)
73.1835 	EXP 	eyetracker.setRecordingState(False)
73.1926 	EXP 	eyetracker.setRecordingState(False)
73.2011 	EXP 	eyetracker.setRecordingState(False)
73.2101 	EXP 	eyetracker.setRecordingState(False)
73.2193 	EXP 	eyetracker.setRecordingState(False)
73.2278 	EXP 	eyetracker.setRecordingState(False)
73.2365 	EXP 	eyetracker.setRecordingState(False)
73.2452 	EXP 	eyetracker.setRecordingState(False)
73.2548 	EXP 	eyetracker.setRecordingState(False)
73.2639 	EXP 	eyetracker.setRecordingState(False)
73.2738 	EXP 	eyetracker.setRecordingState(False)
73.2829 	EXP 	eyetracker.setRecordingState(False)
73.2927 	EXP 	eyetracker.setRecordingState(False)
73.3015 	EXP 	eyetracker.setRecordingState(False)
73.3100 	EXP 	eyetracker.setRecordingState(False)
73.3191 	EXP 	eyetracker.setRecordingState(False)
73.3276 	EXP 	eyetracker.setRecordingState(False)
73.3358 	EXP 	eyetracker.setRecordingState(False)
73.3441 	EXP 	eyetracker.setRecordingState(False)
73.3521 	EXP 	eyetracker.setRecordingState(False)
73.3612 	EXP 	eyetracker.setRecordingState(False)
73.3697 	EXP 	eyetracker.setRecordingState(False)
73.3786 	EXP 	eyetracker.setRecordingState(False)
73.3884 	EXP 	eyetracker.setRecordingState(False)
73.3977 	EXP 	eyetracker.setRecordingState(False)
73.4074 	EXP 	eyetracker.setRecordingState(False)
73.4170 	EXP 	eyetracker.setRecordingState(False)
73.4269 	EXP 	eyetracker.setRecordingState(False)
73.4351 	EXP 	eyetracker.setRecordingState(False)
73.4438 	EXP 	eyetracker.setRecordingState(False)
73.4524 	EXP 	eyetracker.setRecordingState(False)
73.4618 	EXP 	eyetracker.setRecordingState(False)
73.4701 	EXP 	eyetracker.setRecordingState(False)
73.4784 	EXP 	eyetracker.setRecordingState(False)
73.4872 	EXP 	eyetracker.setRecordingState(False)
73.4963 	EXP 	eyetracker.setRecordingState(False)
73.5055 	EXP 	eyetracker.setRecordingState(False)
73.5138 	EXP 	eyetracker.setRecordingState(False)
73.5222 	EXP 	eyetracker.setRecordingState(False)
73.5308 	EXP 	eyetracker.setRecordingState(False)
73.5399 	EXP 	eyetracker.setRecordingState(False)
73.5484 	EXP 	eyetracker.setRecordingState(False)
73.5567 	EXP 	eyetracker.setRecordingState(False)
73.5655 	EXP 	eyetracker.setRecordingState(False)
73.5744 	EXP 	eyetracker.setRecordingState(False)
73.5830 	EXP 	eyetracker.setRecordingState(False)
73.5918 	EXP 	eyetracker.setRecordingState(False)
73.6005 	EXP 	eyetracker.setRecordingState(False)
73.6096 	EXP 	eyetracker.setRecordingState(False)
73.6187 	EXP 	eyetracker.setRecordingState(False)
73.6274 	EXP 	eyetracker.setRecordingState(False)
73.6369 	EXP 	eyetracker.setRecordingState(False)
73.6463 	EXP 	eyetracker.setRecordingState(False)
73.6558 	EXP 	eyetracker.setRecordingState(False)
73.6663 	EXP 	eyetracker.setRecordingState(False)
73.6774 	EXP 	eyetracker.setRecordingState(False)
73.6874 	EXP 	eyetracker.setRecordingState(False)
73.6978 	EXP 	eyetracker.setRecordingState(False)
73.7076 	EXP 	eyetracker.setRecordingState(False)
73.7182 	EXP 	eyetracker.setRecordingState(False)
73.7294 	EXP 	eyetracker.setRecordingState(False)
73.7400 	EXP 	eyetracker.setRecordingState(False)
73.7498 	EXP 	eyetracker.setRecordingState(False)
73.7599 	EXP 	eyetracker.setRecordingState(False)
73.7694 	EXP 	eyetracker.setRecordingState(False)
73.7788 	EXP 	eyetracker.setRecordingState(False)
73.7881 	EXP 	eyetracker.setRecordingState(False)
73.7979 	EXP 	eyetracker.setRecordingState(False)
73.8074 	EXP 	eyetracker.setRecordingState(False)
73.8165 	EXP 	eyetracker.setRecordingState(False)
73.8260 	EXP 	eyetracker.setRecordingState(False)
73.8349 	EXP 	eyetracker.setRecordingState(False)
73.8440 	EXP 	eyetracker.setRecordingState(False)
73.8521 	EXP 	eyetracker.setRecordingState(False)
73.8599 	EXP 	eyetracker.setRecordingState(False)
73.8694 	EXP 	eyetracker.setRecordingState(False)
73.8788 	EXP 	eyetracker.setRecordingState(False)
73.8878 	EXP 	eyetracker.setRecordingState(False)
73.8959 	EXP 	eyetracker.setRecordingState(False)
73.9047 	EXP 	eyetracker.setRecordingState(False)
73.9138 	EXP 	eyetracker.setRecordingState(False)
73.9227 	EXP 	eyetracker.setRecordingState(False)
73.9312 	EXP 	eyetracker.setRecordingState(False)
73.9399 	EXP 	eyetracker.setRecordingState(False)
73.9496 	EXP 	eyetracker.setRecordingState(False)
73.9583 	EXP 	eyetracker.setRecordingState(False)
73.9678 	EXP 	eyetracker.setRecordingState(False)
73.9765 	EXP 	eyetracker.setRecordingState(False)
73.9851 	EXP 	eyetracker.setRecordingState(False)
73.9932 	EXP 	eyetracker.setRecordingState(False)
74.0015 	EXP 	eyetracker.setRecordingState(False)
74.0110 	EXP 	eyetracker.setRecordingState(False)
74.0195 	EXP 	eyetracker.setRecordingState(False)
74.0299 	EXP 	eyetracker.setRecordingState(False)
74.0388 	EXP 	eyetracker.setRecordingState(False)
74.0474 	EXP 	eyetracker.setRecordingState(False)
74.0569 	EXP 	eyetracker.setRecordingState(False)
74.0652 	EXP 	eyetracker.setRecordingState(False)
74.0741 	EXP 	eyetracker.setRecordingState(False)
74.0832 	EXP 	eyetracker.setRecordingState(False)
74.0930 	EXP 	eyetracker.setRecordingState(False)
74.1014 	EXP 	eyetracker.setRecordingState(False)
74.1102 	EXP 	eyetracker.setRecordingState(False)
74.1189 	EXP 	eyetracker.setRecordingState(False)
74.1281 	EXP 	eyetracker.setRecordingState(False)
74.1379 	EXP 	eyetracker.setRecordingState(False)
74.1479 	EXP 	eyetracker.setRecordingState(False)
74.1584 	EXP 	eyetracker.setRecordingState(False)
74.1691 	EXP 	eyetracker.setRecordingState(False)
74.1791 	EXP 	eyetracker.setRecordingState(False)
74.1884 	EXP 	eyetracker.setRecordingState(False)
74.1983 	EXP 	eyetracker.setRecordingState(False)
74.2074 	EXP 	eyetracker.setRecordingState(False)
74.2165 	EXP 	eyetracker.setRecordingState(False)
74.2256 	EXP 	eyetracker.setRecordingState(False)
74.2342 	EXP 	eyetracker.setRecordingState(False)
74.2422 	EXP 	eyetracker.setRecordingState(False)
74.2501 	EXP 	eyetracker.setRecordingState(False)
74.2581 	EXP 	eyetracker.setRecordingState(False)
74.2670 	EXP 	eyetracker.setRecordingState(False)
74.2762 	EXP 	eyetracker.setRecordingState(False)
74.2854 	EXP 	eyetracker.setRecordingState(False)
74.2943 	EXP 	eyetracker.setRecordingState(False)
74.3038 	EXP 	eyetracker.setRecordingState(False)
74.3145 	EXP 	eyetracker.setRecordingState(False)
74.3241 	EXP 	eyetracker.setRecordingState(False)
74.3334 	EXP 	eyetracker.setRecordingState(False)
74.3441 	EXP 	eyetracker.setRecordingState(False)
74.3534 	EXP 	eyetracker.setRecordingState(False)
74.3633 	EXP 	eyetracker.setRecordingState(False)
74.3729 	EXP 	eyetracker.setRecordingState(False)
74.3824 	EXP 	eyetracker.setRecordingState(False)
74.3926 	EXP 	eyetracker.setRecordingState(False)
74.4018 	EXP 	eyetracker.setRecordingState(False)
74.4104 	EXP 	eyetracker.setRecordingState(False)
74.4184 	EXP 	eyetracker.setRecordingState(False)
74.4263 	EXP 	eyetracker.setRecordingState(False)
74.4350 	EXP 	eyetracker.setRecordingState(False)
74.4439 	EXP 	eyetracker.setRecordingState(False)
74.4528 	EXP 	eyetracker.setRecordingState(False)
74.4612 	EXP 	eyetracker.setRecordingState(False)
74.4797 	EXP 	eyetracker.setRecordingState(False)
74.4862 	EXP 	eyetracker.setRecordingState(False)
74.4933 	EXP 	eyetracker.setRecordingState(False)
74.5011 	EXP 	eyetracker.setRecordingState(False)
74.5081 	EXP 	eyetracker.setRecordingState(False)
74.5172 	EXP 	eyetracker.setRecordingState(False)
74.5258 	EXP 	eyetracker.setRecordingState(False)
74.5342 	EXP 	eyetracker.setRecordingState(False)
74.5433 	EXP 	eyetracker.setRecordingState(False)
74.5520 	EXP 	eyetracker.setRecordingState(False)
74.5615 	EXP 	eyetracker.setRecordingState(False)
74.5704 	EXP 	eyetracker.setRecordingState(False)
74.5797 	EXP 	eyetracker.setRecordingState(False)
74.5890 	EXP 	eyetracker.setRecordingState(False)
74.5985 	EXP 	eyetracker.setRecordingState(False)
74.6105 	EXP 	eyetracker.setRecordingState(False)
74.6219 	EXP 	eyetracker.setRecordingState(False)
74.6333 	EXP 	eyetracker.setRecordingState(False)
74.6449 	EXP 	eyetracker.setRecordingState(False)
74.6563 	EXP 	eyetracker.setRecordingState(False)
74.6674 	EXP 	eyetracker.setRecordingState(False)
74.6789 	EXP 	eyetracker.setRecordingState(False)
74.6910 	EXP 	eyetracker.setRecordingState(False)
74.7024 	EXP 	eyetracker.setRecordingState(False)
74.7145 	EXP 	eyetracker.setRecordingState(False)
74.7263 	EXP 	eyetracker.setRecordingState(False)
74.7384 	EXP 	eyetracker.setRecordingState(False)
74.7523 	EXP 	eyetracker.setRecordingState(False)
74.7631 	EXP 	eyetracker.setRecordingState(False)
74.7730 	EXP 	eyetracker.setRecordingState(False)
74.7846 	EXP 	eyetracker.setRecordingState(False)
74.7939 	EXP 	eyetracker.setRecordingState(False)
74.8032 	EXP 	eyetracker.setRecordingState(False)
74.8132 	EXP 	eyetracker.setRecordingState(False)
74.8227 	EXP 	eyetracker.setRecordingState(False)
74.8327 	EXP 	eyetracker.setRecordingState(False)
74.8421 	EXP 	eyetracker.setRecordingState(False)
74.8516 	EXP 	eyetracker.setRecordingState(False)
74.8610 	EXP 	eyetracker.setRecordingState(False)
74.8703 	EXP 	eyetracker.setRecordingState(False)
74.8795 	EXP 	eyetracker.setRecordingState(False)
74.8881 	EXP 	eyetracker.setRecordingState(False)
74.8975 	EXP 	eyetracker.setRecordingState(False)
74.9072 	EXP 	eyetracker.setRecordingState(False)
74.9162 	EXP 	eyetracker.setRecordingState(False)
74.9251 	EXP 	eyetracker.setRecordingState(False)
74.9343 	EXP 	eyetracker.setRecordingState(False)
74.9432 	EXP 	eyetracker.setRecordingState(False)
74.9526 	EXP 	eyetracker.setRecordingState(False)
74.9618 	EXP 	eyetracker.setRecordingState(False)
74.9713 	EXP 	eyetracker.setRecordingState(False)
74.9804 	EXP 	eyetracker.setRecordingState(False)
74.9896 	EXP 	eyetracker.setRecordingState(False)
74.9990 	EXP 	eyetracker.setRecordingState(False)
75.0084 	EXP 	eyetracker.setRecordingState(False)
75.0171 	EXP 	eyetracker.setRecordingState(False)
75.0254 	EXP 	eyetracker.setRecordingState(False)
75.0342 	EXP 	eyetracker.setRecordingState(False)
75.0437 	EXP 	eyetracker.setRecordingState(False)
75.0526 	EXP 	eyetracker.setRecordingState(False)
75.0628 	EXP 	eyetracker.setRecordingState(False)
75.0720 	EXP 	eyetracker.setRecordingState(False)
75.0806 	EXP 	eyetracker.setRecordingState(False)
75.0900 	EXP 	eyetracker.setRecordingState(False)
75.0986 	EXP 	eyetracker.setRecordingState(False)
75.1082 	EXP 	eyetracker.setRecordingState(False)
75.1172 	EXP 	eyetracker.setRecordingState(False)
75.1267 	EXP 	eyetracker.setRecordingState(False)
75.1355 	EXP 	eyetracker.setRecordingState(False)
75.1443 	EXP 	eyetracker.setRecordingState(False)
75.1536 	EXP 	eyetracker.setRecordingState(False)
75.1626 	EXP 	eyetracker.setRecordingState(False)
75.1719 	EXP 	eyetracker.setRecordingState(False)
75.1811 	EXP 	eyetracker.setRecordingState(False)
75.1895 	EXP 	eyetracker.setRecordingState(False)
75.1993 	EXP 	eyetracker.setRecordingState(False)
75.2084 	EXP 	eyetracker.setRecordingState(False)
75.2193 	EXP 	eyetracker.setRecordingState(False)
75.2293 	EXP 	eyetracker.setRecordingState(False)
75.2389 	EXP 	eyetracker.setRecordingState(False)
75.2483 	EXP 	eyetracker.setRecordingState(False)
75.2573 	EXP 	eyetracker.setRecordingState(False)
75.2667 	EXP 	eyetracker.setRecordingState(False)
75.2747 	EXP 	eyetracker.setRecordingState(False)
75.2832 	EXP 	eyetracker.setRecordingState(False)
75.2912 	EXP 	eyetracker.setRecordingState(False)
75.2992 	EXP 	eyetracker.setRecordingState(False)
75.3075 	EXP 	eyetracker.setRecordingState(False)
75.3155 	EXP 	eyetracker.setRecordingState(False)
75.3240 	EXP 	eyetracker.setRecordingState(False)
75.3322 	EXP 	eyetracker.setRecordingState(False)
75.3403 	EXP 	eyetracker.setRecordingState(False)
75.3482 	EXP 	eyetracker.setRecordingState(False)
75.3569 	EXP 	eyetracker.setRecordingState(False)
75.3651 	EXP 	eyetracker.setRecordingState(False)
75.3741 	EXP 	eyetracker.setRecordingState(False)
75.3835 	EXP 	eyetracker.setRecordingState(False)
75.3938 	EXP 	eyetracker.setRecordingState(False)
75.4030 	EXP 	eyetracker.setRecordingState(False)
75.4119 	EXP 	eyetracker.setRecordingState(False)
75.4214 	EXP 	eyetracker.setRecordingState(False)
75.4287 	EXP 	eyetracker.setRecordingState(False)
75.4369 	EXP 	eyetracker.setRecordingState(False)
75.4448 	EXP 	eyetracker.setRecordingState(False)
75.4525 	EXP 	eyetracker.setRecordingState(False)
75.4600 	EXP 	eyetracker.setRecordingState(False)
75.4684 	EXP 	eyetracker.setRecordingState(False)
75.4765 	EXP 	eyetracker.setRecordingState(False)
75.4857 	EXP 	eyetracker.setRecordingState(False)
75.4943 	EXP 	eyetracker.setRecordingState(False)
75.5043 	EXP 	eyetracker.setRecordingState(False)
75.5130 	EXP 	eyetracker.setRecordingState(False)
75.5215 	EXP 	eyetracker.setRecordingState(False)
75.5303 	EXP 	eyetracker.setRecordingState(False)
75.5392 	EXP 	eyetracker.setRecordingState(False)
75.5489 	EXP 	eyetracker.setRecordingState(False)
75.5568 	EXP 	eyetracker.setRecordingState(False)
75.5657 	EXP 	eyetracker.setRecordingState(False)
75.5746 	EXP 	eyetracker.setRecordingState(False)
75.5826 	EXP 	eyetracker.setRecordingState(False)
75.5907 	EXP 	eyetracker.setRecordingState(False)
75.5983 	EXP 	eyetracker.setRecordingState(False)
75.6058 	EXP 	eyetracker.setRecordingState(False)
75.6141 	EXP 	eyetracker.setRecordingState(False)
75.6225 	EXP 	eyetracker.setRecordingState(False)
75.6317 	EXP 	eyetracker.setRecordingState(False)
75.6408 	EXP 	eyetracker.setRecordingState(False)
75.6503 	EXP 	eyetracker.setRecordingState(False)
75.6604 	EXP 	eyetracker.setRecordingState(False)
75.6701 	EXP 	eyetracker.setRecordingState(False)
75.6792 	EXP 	eyetracker.setRecordingState(False)
75.6883 	EXP 	eyetracker.setRecordingState(False)
75.6972 	EXP 	eyetracker.setRecordingState(False)
75.7071 	EXP 	eyetracker.setRecordingState(False)
75.7160 	EXP 	eyetracker.setRecordingState(False)
75.7242 	EXP 	eyetracker.setRecordingState(False)
75.7325 	EXP 	eyetracker.setRecordingState(False)
75.7396 	EXP 	eyetracker.setRecordingState(False)
75.7476 	EXP 	eyetracker.setRecordingState(False)
75.7546 	EXP 	eyetracker.setRecordingState(False)
75.7629 	EXP 	eyetracker.setRecordingState(False)
75.7706 	EXP 	eyetracker.setRecordingState(False)
75.7791 	EXP 	eyetracker.setRecordingState(False)
75.7877 	EXP 	eyetracker.setRecordingState(False)
75.7954 	EXP 	eyetracker.setRecordingState(False)
75.8040 	EXP 	eyetracker.setRecordingState(False)
75.8120 	EXP 	eyetracker.setRecordingState(False)
75.8192 	EXP 	eyetracker.setRecordingState(False)
75.8264 	EXP 	eyetracker.setRecordingState(False)
75.8340 	EXP 	eyetracker.setRecordingState(False)
75.8426 	EXP 	eyetracker.setRecordingState(False)
75.8513 	EXP 	eyetracker.setRecordingState(False)
75.8607 	EXP 	eyetracker.setRecordingState(False)
75.8712 	EXP 	eyetracker.setRecordingState(False)
75.8830 	EXP 	eyetracker.setRecordingState(False)
75.8917 	EXP 	eyetracker.setRecordingState(False)
75.9006 	EXP 	eyetracker.setRecordingState(False)
75.9117 	EXP 	eyetracker.setRecordingState(False)
75.9203 	EXP 	eyetracker.setRecordingState(False)
75.9292 	EXP 	eyetracker.setRecordingState(False)
75.9396 	EXP 	eyetracker.setRecordingState(False)
75.9467 	EXP 	eyetracker.setRecordingState(False)
75.9539 	EXP 	eyetracker.setRecordingState(False)
75.9610 	EXP 	eyetracker.setRecordingState(False)
75.9673 	EXP 	eyetracker.setRecordingState(False)
75.9745 	EXP 	eyetracker.setRecordingState(False)
75.9815 	EXP 	eyetracker.setRecordingState(False)
75.9902 	EXP 	eyetracker.setRecordingState(False)
76.0015 	EXP 	eyetracker.setRecordingState(False)
76.0093 	EXP 	eyetracker.setRecordingState(False)
76.0173 	EXP 	eyetracker.setRecordingState(False)
76.0302 	EXP 	eyetracker.setRecordingState(False)
76.0382 	EXP 	eyetracker.setRecordingState(False)
76.0465 	EXP 	eyetracker.setRecordingState(False)
76.0549 	EXP 	eyetracker.setRecordingState(False)
76.0642 	EXP 	eyetracker.setRecordingState(False)
76.0715 	EXP 	eyetracker.setRecordingState(False)
76.0795 	EXP 	eyetracker.setRecordingState(False)
76.0865 	EXP 	eyetracker.setRecordingState(False)
76.0940 	EXP 	eyetracker.setRecordingState(False)
76.1013 	EXP 	eyetracker.setRecordingState(False)
76.1105 	EXP 	eyetracker.setRecordingState(False)
76.1169 	EXP 	eyetracker.setRecordingState(False)
76.1264 	EXP 	eyetracker.setRecordingState(False)
76.1333 	EXP 	eyetracker.setRecordingState(False)
76.1408 	EXP 	eyetracker.setRecordingState(False)
76.1483 	EXP 	eyetracker.setRecordingState(False)
76.1552 	EXP 	eyetracker.setRecordingState(False)
76.1621 	EXP 	eyetracker.setRecordingState(False)
76.1704 	EXP 	eyetracker.setRecordingState(False)
76.1771 	EXP 	eyetracker.setRecordingState(False)
76.1845 	EXP 	eyetracker.setRecordingState(False)
76.1922 	EXP 	eyetracker.setRecordingState(False)
76.1997 	EXP 	eyetracker.setRecordingState(False)
76.2071 	EXP 	eyetracker.setRecordingState(False)
76.2142 	EXP 	eyetracker.setRecordingState(False)
76.2213 	EXP 	eyetracker.setRecordingState(False)
76.2280 	EXP 	eyetracker.setRecordingState(False)
76.2342 	EXP 	eyetracker.setRecordingState(False)
76.2404 	EXP 	eyetracker.setRecordingState(False)
76.2480 	EXP 	eyetracker.setRecordingState(False)
76.2547 	EXP 	eyetracker.setRecordingState(False)
76.2613 	EXP 	eyetracker.setRecordingState(False)
76.2679 	EXP 	eyetracker.setRecordingState(False)
76.2744 	EXP 	eyetracker.setRecordingState(False)
76.2815 	EXP 	eyetracker.setRecordingState(False)
76.2888 	EXP 	eyetracker.setRecordingState(False)
76.2958 	EXP 	eyetracker.setRecordingState(False)
76.3032 	EXP 	eyetracker.setRecordingState(False)
76.3109 	EXP 	eyetracker.setRecordingState(False)
76.3209 	EXP 	eyetracker.setRecordingState(False)
76.3287 	EXP 	eyetracker.setRecordingState(False)
76.3378 	EXP 	eyetracker.setRecordingState(False)
76.3456 	EXP 	eyetracker.setRecordingState(False)
76.3527 	EXP 	eyetracker.setRecordingState(False)
76.3592 	EXP 	eyetracker.setRecordingState(False)
76.3657 	EXP 	eyetracker.setRecordingState(False)
76.3724 	EXP 	eyetracker.setRecordingState(False)
76.3801 	EXP 	eyetracker.setRecordingState(False)
76.3876 	EXP 	eyetracker.setRecordingState(False)
76.3951 	EXP 	eyetracker.setRecordingState(False)
76.4024 	EXP 	eyetracker.setRecordingState(False)
76.4100 	EXP 	eyetracker.setRecordingState(False)
76.4170 	EXP 	eyetracker.setRecordingState(False)
76.4235 	EXP 	eyetracker.setRecordingState(False)
76.4296 	EXP 	eyetracker.setRecordingState(False)
76.4358 	EXP 	eyetracker.setRecordingState(False)
76.4423 	EXP 	eyetracker.setRecordingState(False)
76.4491 	EXP 	eyetracker.setRecordingState(False)
76.4562 	EXP 	eyetracker.setRecordingState(False)
76.4631 	EXP 	eyetracker.setRecordingState(False)
76.4702 	EXP 	eyetracker.setRecordingState(False)
76.4777 	EXP 	eyetracker.setRecordingState(False)
76.4846 	EXP 	eyetracker.setRecordingState(False)
76.4907 	EXP 	eyetracker.setRecordingState(False)
76.4976 	EXP 	eyetracker.setRecordingState(False)
76.5041 	EXP 	eyetracker.setRecordingState(False)
76.5116 	EXP 	eyetracker.setRecordingState(False)
76.5186 	EXP 	eyetracker.setRecordingState(False)
76.5263 	EXP 	eyetracker.setRecordingState(False)
76.5341 	EXP 	eyetracker.setRecordingState(False)
76.5420 	EXP 	eyetracker.setRecordingState(False)
76.5485 	EXP 	eyetracker.setRecordingState(False)
76.5554 	EXP 	eyetracker.setRecordingState(False)
76.5623 	EXP 	eyetracker.setRecordingState(False)
76.5696 	EXP 	eyetracker.setRecordingState(False)
76.5771 	EXP 	eyetracker.setRecordingState(False)
76.5848 	EXP 	eyetracker.setRecordingState(False)
76.5926 	EXP 	eyetracker.setRecordingState(False)
76.6011 	EXP 	eyetracker.setRecordingState(False)
76.6090 	EXP 	eyetracker.setRecordingState(False)
76.6172 	EXP 	eyetracker.setRecordingState(False)
76.6245 	EXP 	eyetracker.setRecordingState(False)
76.6322 	EXP 	eyetracker.setRecordingState(False)
76.6388 	EXP 	eyetracker.setRecordingState(False)
76.6462 	EXP 	eyetracker.setRecordingState(False)
76.6530 	EXP 	eyetracker.setRecordingState(False)
76.6601 	EXP 	eyetracker.setRecordingState(False)
76.6670 	EXP 	eyetracker.setRecordingState(False)
76.6736 	EXP 	eyetracker.setRecordingState(False)
76.6804 	EXP 	eyetracker.setRecordingState(False)
76.6866 	EXP 	eyetracker.setRecordingState(False)
76.6932 	EXP 	eyetracker.setRecordingState(False)
76.7011 	EXP 	eyetracker.setRecordingState(False)
76.7078 	EXP 	eyetracker.setRecordingState(False)
76.7154 	EXP 	eyetracker.setRecordingState(False)
76.7228 	EXP 	eyetracker.setRecordingState(False)
76.7297 	EXP 	eyetracker.setRecordingState(False)
76.7366 	EXP 	eyetracker.setRecordingState(False)
76.7432 	EXP 	eyetracker.setRecordingState(False)
76.7501 	EXP 	eyetracker.setRecordingState(False)
76.7569 	EXP 	eyetracker.setRecordingState(False)
76.7643 	EXP 	eyetracker.setRecordingState(False)
76.7711 	EXP 	eyetracker.setRecordingState(False)
76.7775 	EXP 	eyetracker.setRecordingState(False)
76.7841 	EXP 	eyetracker.setRecordingState(False)
76.7920 	EXP 	eyetracker.setRecordingState(False)
76.7995 	EXP 	eyetracker.setRecordingState(False)
76.8083 	EXP 	eyetracker.setRecordingState(False)
76.8163 	EXP 	eyetracker.setRecordingState(False)
76.8258 	EXP 	eyetracker.setRecordingState(False)
76.8331 	EXP 	eyetracker.setRecordingState(False)
76.8399 	EXP 	eyetracker.setRecordingState(False)
76.8465 	EXP 	eyetracker.setRecordingState(False)
76.8538 	EXP 	eyetracker.setRecordingState(False)
76.8607 	EXP 	eyetracker.setRecordingState(False)
76.8681 	EXP 	eyetracker.setRecordingState(False)
76.8749 	EXP 	eyetracker.setRecordingState(False)
76.8818 	EXP 	eyetracker.setRecordingState(False)
76.8897 	EXP 	eyetracker.setRecordingState(False)
76.8974 	EXP 	eyetracker.setRecordingState(False)
76.9039 	EXP 	eyetracker.setRecordingState(False)
76.9110 	EXP 	eyetracker.setRecordingState(False)
76.9185 	EXP 	eyetracker.setRecordingState(False)
76.9253 	EXP 	eyetracker.setRecordingState(False)
76.9317 	EXP 	eyetracker.setRecordingState(False)
76.9378 	EXP 	eyetracker.setRecordingState(False)
76.9450 	EXP 	eyetracker.setRecordingState(False)
76.9517 	EXP 	eyetracker.setRecordingState(False)
76.9588 	EXP 	eyetracker.setRecordingState(False)
76.9662 	EXP 	eyetracker.setRecordingState(False)
76.9738 	EXP 	eyetracker.setRecordingState(False)
76.9817 	EXP 	eyetracker.setRecordingState(False)
76.9905 	EXP 	eyetracker.setRecordingState(False)
77.0021 	EXP 	eyetracker.setRecordingState(False)
77.0101 	EXP 	eyetracker.setRecordingState(False)
77.0181 	EXP 	eyetracker.setRecordingState(False)
77.0279 	EXP 	eyetracker.setRecordingState(False)
77.0357 	EXP 	eyetracker.setRecordingState(False)
77.0444 	EXP 	eyetracker.setRecordingState(False)
77.0515 	EXP 	eyetracker.setRecordingState(False)
77.0587 	EXP 	eyetracker.setRecordingState(False)
77.0651 	EXP 	eyetracker.setRecordingState(False)
77.0730 	EXP 	eyetracker.setRecordingState(False)
77.0785 	EXP 	eyetracker.setRecordingState(False)
77.0845 	EXP 	eyetracker.setRecordingState(False)
77.0927 	EXP 	eyetracker.setRecordingState(False)
77.0988 	EXP 	eyetracker.setRecordingState(False)
77.1064 	EXP 	eyetracker.setRecordingState(False)
77.1133 	EXP 	eyetracker.setRecordingState(False)
77.1196 	EXP 	eyetracker.setRecordingState(False)
77.1262 	EXP 	eyetracker.setRecordingState(False)
77.1327 	EXP 	eyetracker.setRecordingState(False)
77.1396 	EXP 	eyetracker.setRecordingState(False)
77.1466 	EXP 	eyetracker.setRecordingState(False)
77.1543 	EXP 	eyetracker.setRecordingState(False)
77.1623 	EXP 	eyetracker.setRecordingState(False)
77.1710 	EXP 	eyetracker.setRecordingState(False)
77.1796 	EXP 	eyetracker.setRecordingState(False)
77.1885 	EXP 	eyetracker.setRecordingState(False)
77.1975 	EXP 	eyetracker.setRecordingState(False)
77.2051 	EXP 	eyetracker.setRecordingState(False)
77.2131 	EXP 	eyetracker.setRecordingState(False)
77.2202 	EXP 	eyetracker.setRecordingState(False)
77.2282 	EXP 	eyetracker.setRecordingState(False)
77.2362 	EXP 	eyetracker.setRecordingState(False)
77.2451 	EXP 	eyetracker.setRecordingState(False)
77.2533 	EXP 	eyetracker.setRecordingState(False)
77.2609 	EXP 	eyetracker.setRecordingState(False)
77.2679 	EXP 	eyetracker.setRecordingState(False)
77.2755 	EXP 	eyetracker.setRecordingState(False)
77.2829 	EXP 	eyetracker.setRecordingState(False)
77.2895 	EXP 	eyetracker.setRecordingState(False)
77.2964 	EXP 	eyetracker.setRecordingState(False)
77.3034 	EXP 	eyetracker.setRecordingState(False)
77.3113 	EXP 	eyetracker.setRecordingState(False)
77.3195 	EXP 	eyetracker.setRecordingState(False)
77.3282 	EXP 	eyetracker.setRecordingState(False)
77.3369 	EXP 	eyetracker.setRecordingState(False)
77.3449 	EXP 	eyetracker.setRecordingState(False)
77.3522 	EXP 	eyetracker.setRecordingState(False)
77.3600 	EXP 	eyetracker.setRecordingState(False)
77.3674 	EXP 	eyetracker.setRecordingState(False)
77.3758 	EXP 	eyetracker.setRecordingState(False)
77.3827 	EXP 	eyetracker.setRecordingState(False)
77.3915 	EXP 	eyetracker.setRecordingState(False)
77.3980 	EXP 	eyetracker.setRecordingState(False)
77.4055 	EXP 	eyetracker.setRecordingState(False)
77.4133 	EXP 	eyetracker.setRecordingState(False)
77.4209 	EXP 	eyetracker.setRecordingState(False)
77.4278 	EXP 	eyetracker.setRecordingState(False)
77.4350 	EXP 	eyetracker.setRecordingState(False)
77.4425 	EXP 	eyetracker.setRecordingState(False)
77.4501 	EXP 	eyetracker.setRecordingState(False)
77.4580 	EXP 	eyetracker.setRecordingState(False)
77.4661 	EXP 	eyetracker.setRecordingState(False)
77.4733 	EXP 	eyetracker.setRecordingState(False)
77.4824 	EXP 	eyetracker.setRecordingState(False)
77.4898 	EXP 	eyetracker.setRecordingState(False)
77.4965 	EXP 	eyetracker.setRecordingState(False)
77.5045 	EXP 	eyetracker.setRecordingState(False)
77.5117 	EXP 	eyetracker.setRecordingState(False)
77.5190 	EXP 	eyetracker.setRecordingState(False)
77.5259 	EXP 	eyetracker.setRecordingState(False)
77.5331 	EXP 	eyetracker.setRecordingState(False)
77.5410 	EXP 	eyetracker.setRecordingState(False)
77.5486 	EXP 	eyetracker.setRecordingState(False)
77.5556 	EXP 	eyetracker.setRecordingState(False)
77.5622 	EXP 	eyetracker.setRecordingState(False)
77.5690 	EXP 	eyetracker.setRecordingState(False)
77.5771 	EXP 	eyetracker.setRecordingState(False)
77.5844 	EXP 	eyetracker.setRecordingState(False)
77.5911 	EXP 	eyetracker.setRecordingState(False)
77.5969 	EXP 	eyetracker.setRecordingState(False)
77.6035 	EXP 	eyetracker.setRecordingState(False)
77.6098 	EXP 	eyetracker.setRecordingState(False)
77.6166 	EXP 	eyetracker.setRecordingState(False)
77.6232 	EXP 	eyetracker.setRecordingState(False)
77.6291 	EXP 	eyetracker.setRecordingState(False)
77.6362 	EXP 	eyetracker.setRecordingState(False)
77.6431 	EXP 	eyetracker.setRecordingState(False)
77.6511 	EXP 	eyetracker.setRecordingState(False)
77.6578 	EXP 	eyetracker.setRecordingState(False)
77.6664 	EXP 	eyetracker.setRecordingState(False)
77.6747 	EXP 	eyetracker.setRecordingState(False)
77.6829 	EXP 	eyetracker.setRecordingState(False)
77.6911 	EXP 	eyetracker.setRecordingState(False)
77.6991 	EXP 	eyetracker.setRecordingState(False)
77.7060 	EXP 	eyetracker.setRecordingState(False)
77.7149 	EXP 	eyetracker.setRecordingState(False)
77.7228 	EXP 	eyetracker.setRecordingState(False)
77.7312 	EXP 	eyetracker.setRecordingState(False)
77.7402 	EXP 	eyetracker.setRecordingState(False)
77.7485 	EXP 	eyetracker.setRecordingState(False)
77.7573 	EXP 	eyetracker.setRecordingState(False)
77.7672 	EXP 	eyetracker.setRecordingState(False)
77.7777 	EXP 	eyetracker.setRecordingState(False)
77.7859 	EXP 	eyetracker.setRecordingState(False)
77.7953 	EXP 	eyetracker.setRecordingState(False)
77.8032 	EXP 	eyetracker.setRecordingState(False)
77.8100 	EXP 	eyetracker.setRecordingState(False)
77.8170 	EXP 	eyetracker.setRecordingState(False)
77.8242 	EXP 	eyetracker.setRecordingState(False)
77.8309 	EXP 	eyetracker.setRecordingState(False)
77.8375 	EXP 	eyetracker.setRecordingState(False)
77.8448 	EXP 	eyetracker.setRecordingState(False)
77.8522 	EXP 	eyetracker.setRecordingState(False)
77.8602 	EXP 	eyetracker.setRecordingState(False)
77.8684 	EXP 	eyetracker.setRecordingState(False)
77.8767 	EXP 	eyetracker.setRecordingState(False)
77.8854 	EXP 	eyetracker.setRecordingState(False)
77.8947 	EXP 	eyetracker.setRecordingState(False)
77.9036 	EXP 	eyetracker.setRecordingState(False)
77.9127 	EXP 	eyetracker.setRecordingState(False)
77.9221 	EXP 	eyetracker.setRecordingState(False)
77.9309 	EXP 	eyetracker.setRecordingState(False)
77.9408 	EXP 	eyetracker.setRecordingState(False)
77.9493 	EXP 	eyetracker.setRecordingState(False)
77.9572 	EXP 	eyetracker.setRecordingState(False)
77.9662 	EXP 	eyetracker.setRecordingState(False)
77.9753 	EXP 	eyetracker.setRecordingState(False)
77.9844 	EXP 	eyetracker.setRecordingState(False)
77.9932 	EXP 	eyetracker.setRecordingState(False)
78.0032 	EXP 	eyetracker.setRecordingState(False)
78.0119 	EXP 	eyetracker.setRecordingState(False)
78.0212 	EXP 	eyetracker.setRecordingState(False)
78.0313 	EXP 	eyetracker.setRecordingState(False)
78.0399 	EXP 	eyetracker.setRecordingState(False)
78.0491 	EXP 	eyetracker.setRecordingState(False)
78.0583 	EXP 	eyetracker.setRecordingState(False)
78.0674 	EXP 	eyetracker.setRecordingState(False)
78.0782 	EXP 	eyetracker.setRecordingState(False)
78.0867 	EXP 	eyetracker.setRecordingState(False)
78.0953 	EXP 	eyetracker.setRecordingState(False)
78.1047 	EXP 	eyetracker.setRecordingState(False)
78.1138 	EXP 	eyetracker.setRecordingState(False)
78.1225 	EXP 	eyetracker.setRecordingState(False)
78.1321 	EXP 	eyetracker.setRecordingState(False)
78.1424 	EXP 	eyetracker.setRecordingState(False)
78.1533 	EXP 	eyetracker.setRecordingState(False)
78.1639 	EXP 	eyetracker.setRecordingState(False)
78.1741 	EXP 	eyetracker.setRecordingState(False)
78.1840 	EXP 	eyetracker.setRecordingState(False)
78.1937 	EXP 	eyetracker.setRecordingState(False)
78.2049 	EXP 	eyetracker.setRecordingState(False)
78.2150 	EXP 	eyetracker.setRecordingState(False)
78.2247 	EXP 	eyetracker.setRecordingState(False)
78.2339 	EXP 	eyetracker.setRecordingState(False)
78.2429 	EXP 	eyetracker.setRecordingState(False)
78.2522 	EXP 	eyetracker.setRecordingState(False)
78.2614 	EXP 	eyetracker.setRecordingState(False)
78.2713 	EXP 	eyetracker.setRecordingState(False)
78.2802 	EXP 	eyetracker.setRecordingState(False)
78.2888 	EXP 	eyetracker.setRecordingState(False)
78.2992 	EXP 	eyetracker.setRecordingState(False)
78.3094 	EXP 	eyetracker.setRecordingState(False)
78.3188 	EXP 	eyetracker.setRecordingState(False)
78.3278 	EXP 	eyetracker.setRecordingState(False)
78.3366 	EXP 	eyetracker.setRecordingState(False)
78.3469 	EXP 	eyetracker.setRecordingState(False)
78.3578 	EXP 	eyetracker.setRecordingState(False)
78.3663 	EXP 	eyetracker.setRecordingState(False)
78.3745 	EXP 	eyetracker.setRecordingState(False)
78.3839 	EXP 	eyetracker.setRecordingState(False)
78.3925 	EXP 	eyetracker.setRecordingState(False)
78.4002 	EXP 	eyetracker.setRecordingState(False)
78.4080 	EXP 	eyetracker.setRecordingState(False)
78.4151 	EXP 	eyetracker.setRecordingState(False)
78.4233 	EXP 	eyetracker.setRecordingState(False)
78.4296 	EXP 	eyetracker.setRecordingState(False)
78.4364 	EXP 	eyetracker.setRecordingState(False)
78.4440 	EXP 	eyetracker.setRecordingState(False)
78.4510 	EXP 	eyetracker.setRecordingState(False)
78.4586 	EXP 	eyetracker.setRecordingState(False)
78.4669 	EXP 	eyetracker.setRecordingState(False)
78.4743 	EXP 	eyetracker.setRecordingState(False)
78.4835 	EXP 	eyetracker.setRecordingState(False)
78.4910 	EXP 	eyetracker.setRecordingState(False)
78.4974 	EXP 	eyetracker.setRecordingState(False)
78.5036 	EXP 	eyetracker.setRecordingState(False)
78.5103 	EXP 	eyetracker.setRecordingState(False)
78.5170 	EXP 	eyetracker.setRecordingState(False)
78.5240 	EXP 	eyetracker.setRecordingState(False)
78.5268 	DATA 	Mouse: Left button down, pos=(951,512)
78.5314 	EXP 	eyetracker.setRecordingState(False)
78.5330 	EXP 	eyetracker.setRecordingState(False)
78.5477 	INFO 	Keyboard events cleared
78.5464 	EXP 	text_12: autoDraw = False
78.5464 	EXP 	fortune: autoDraw = False
78.5464 	EXP 	marina: autoDraw = False
78.5464 	EXP 	Njoy: autoDraw = False
78.5464 	EXP 	text_13: autoDraw = False
78.5464 	EXP 	text_14: autoDraw = False
78.5464 	EXP 	text_15: autoDraw = False
78.5464 	EXP 	text_instr: autoDraw = True
78.5464 	EXP 	kandos: autoDraw = True
78.5464 	EXP 	ritzbury: autoDraw = True
78.5464 	EXP 	revello: autoDraw = True
78.5464 	EXP 	cadbury: autoDraw = True
78.5464 	EXP 	text_20: autoDraw = True
78.5464 	EXP 	text_21: autoDraw = True
78.5464 	EXP 	text_22: autoDraw = True
78.5464 	EXP 	text_23: autoDraw = True
78.5502 	EXP 	eyetracker.setRecordingState(False)
78.5578 	EXP 	eyetracker.setRecordingState(False)
78.5651 	EXP 	eyetracker.setRecordingState(False)
78.5724 	EXP 	eyetracker.setRecordingState(False)
78.5797 	EXP 	eyetracker.setRecordingState(False)
78.5875 	EXP 	eyetracker.setRecordingState(False)
78.5956 	EXP 	eyetracker.setRecordingState(False)
78.6042 	EXP 	eyetracker.setRecordingState(False)
78.6127 	EXP 	eyetracker.setRecordingState(False)
78.6209 	EXP 	eyetracker.setRecordingState(False)
78.6299 	EXP 	eyetracker.setRecordingState(False)
78.6391 	EXP 	eyetracker.setRecordingState(False)
78.6483 	EXP 	eyetracker.setRecordingState(False)
78.6583 	EXP 	eyetracker.setRecordingState(False)
78.6678 	EXP 	eyetracker.setRecordingState(False)
78.6769 	EXP 	eyetracker.setRecordingState(False)
78.6862 	EXP 	eyetracker.setRecordingState(False)
78.6956 	EXP 	eyetracker.setRecordingState(False)
78.7051 	EXP 	eyetracker.setRecordingState(False)
78.7141 	EXP 	eyetracker.setRecordingState(False)
78.7239 	EXP 	eyetracker.setRecordingState(False)
78.7325 	EXP 	eyetracker.setRecordingState(False)
78.7414 	EXP 	eyetracker.setRecordingState(False)
78.7504 	EXP 	eyetracker.setRecordingState(False)
78.7546 	DATA 	Mouse:  Left button up, pos=(951,512)
78.7603 	EXP 	eyetracker.setRecordingState(False)
78.7691 	EXP 	eyetracker.setRecordingState(False)
78.7773 	EXP 	eyetracker.setRecordingState(False)
78.7854 	EXP 	eyetracker.setRecordingState(False)
78.7939 	EXP 	eyetracker.setRecordingState(False)
78.8034 	EXP 	eyetracker.setRecordingState(False)
78.8126 	EXP 	eyetracker.setRecordingState(False)
78.8223 	EXP 	eyetracker.setRecordingState(False)
78.8295 	EXP 	eyetracker.setRecordingState(False)
78.8361 	EXP 	eyetracker.setRecordingState(False)
78.8437 	EXP 	eyetracker.setRecordingState(False)
78.8514 	EXP 	eyetracker.setRecordingState(False)
78.8599 	EXP 	eyetracker.setRecordingState(False)
78.8697 	EXP 	eyetracker.setRecordingState(False)
78.8784 	EXP 	eyetracker.setRecordingState(False)
78.8871 	EXP 	eyetracker.setRecordingState(False)
78.8965 	EXP 	eyetracker.setRecordingState(False)
78.9053 	EXP 	eyetracker.setRecordingState(False)
78.9138 	EXP 	eyetracker.setRecordingState(False)
78.9230 	EXP 	eyetracker.setRecordingState(False)
78.9337 	EXP 	eyetracker.setRecordingState(False)
78.9433 	EXP 	eyetracker.setRecordingState(False)
78.9537 	EXP 	eyetracker.setRecordingState(False)
78.9659 	EXP 	eyetracker.setRecordingState(False)
78.9769 	EXP 	eyetracker.setRecordingState(False)
78.9876 	EXP 	eyetracker.setRecordingState(False)
78.9983 	EXP 	eyetracker.setRecordingState(False)
79.0088 	EXP 	eyetracker.setRecordingState(False)
79.0190 	EXP 	eyetracker.setRecordingState(False)
79.0288 	EXP 	eyetracker.setRecordingState(False)
79.0392 	EXP 	eyetracker.setRecordingState(False)
79.0494 	EXP 	eyetracker.setRecordingState(False)
79.0596 	EXP 	eyetracker.setRecordingState(False)
79.0690 	EXP 	eyetracker.setRecordingState(False)
79.0784 	EXP 	eyetracker.setRecordingState(False)
79.0877 	EXP 	eyetracker.setRecordingState(False)
79.0954 	EXP 	eyetracker.setRecordingState(False)
79.1035 	EXP 	eyetracker.setRecordingState(False)
79.1114 	EXP 	eyetracker.setRecordingState(False)
79.1203 	EXP 	eyetracker.setRecordingState(False)
79.1286 	EXP 	eyetracker.setRecordingState(False)
79.1380 	EXP 	eyetracker.setRecordingState(False)
79.1467 	EXP 	eyetracker.setRecordingState(False)
79.1565 	EXP 	eyetracker.setRecordingState(False)
79.1675 	EXP 	eyetracker.setRecordingState(False)
79.1764 	EXP 	eyetracker.setRecordingState(False)
79.1853 	EXP 	eyetracker.setRecordingState(False)
79.1934 	EXP 	eyetracker.setRecordingState(False)
79.2015 	EXP 	eyetracker.setRecordingState(False)
79.2105 	EXP 	eyetracker.setRecordingState(False)
79.2195 	EXP 	eyetracker.setRecordingState(False)
79.2283 	EXP 	eyetracker.setRecordingState(False)
79.2374 	EXP 	eyetracker.setRecordingState(False)
79.2468 	EXP 	eyetracker.setRecordingState(False)
79.2575 	EXP 	eyetracker.setRecordingState(False)
79.2686 	EXP 	eyetracker.setRecordingState(False)
79.2800 	EXP 	eyetracker.setRecordingState(False)
79.2905 	EXP 	eyetracker.setRecordingState(False)
79.3006 	EXP 	eyetracker.setRecordingState(False)
79.3114 	EXP 	eyetracker.setRecordingState(False)
79.3214 	EXP 	eyetracker.setRecordingState(False)
79.3323 	EXP 	eyetracker.setRecordingState(False)
79.3442 	EXP 	eyetracker.setRecordingState(False)
79.3541 	EXP 	eyetracker.setRecordingState(False)
79.3632 	EXP 	eyetracker.setRecordingState(False)
79.3732 	EXP 	eyetracker.setRecordingState(False)
79.3827 	EXP 	eyetracker.setRecordingState(False)
79.3936 	EXP 	eyetracker.setRecordingState(False)
79.4061 	EXP 	eyetracker.setRecordingState(False)
79.4176 	EXP 	eyetracker.setRecordingState(False)
79.4288 	EXP 	eyetracker.setRecordingState(False)
79.4393 	EXP 	eyetracker.setRecordingState(False)
79.4496 	EXP 	eyetracker.setRecordingState(False)
79.4605 	EXP 	eyetracker.setRecordingState(False)
79.4718 	EXP 	eyetracker.setRecordingState(False)
79.4811 	EXP 	eyetracker.setRecordingState(False)
79.4899 	EXP 	eyetracker.setRecordingState(False)
79.5005 	EXP 	eyetracker.setRecordingState(False)
79.5101 	EXP 	eyetracker.setRecordingState(False)
79.5207 	EXP 	eyetracker.setRecordingState(False)
79.5335 	EXP 	eyetracker.setRecordingState(False)
79.5448 	EXP 	eyetracker.setRecordingState(False)
79.5566 	EXP 	eyetracker.setRecordingState(False)
79.5690 	EXP 	eyetracker.setRecordingState(False)
79.5803 	EXP 	eyetracker.setRecordingState(False)
79.5912 	EXP 	eyetracker.setRecordingState(False)
79.6023 	EXP 	eyetracker.setRecordingState(False)
79.6125 	EXP 	eyetracker.setRecordingState(False)
79.6232 	EXP 	eyetracker.setRecordingState(False)
79.6333 	EXP 	eyetracker.setRecordingState(False)
79.6448 	EXP 	eyetracker.setRecordingState(False)
79.6561 	EXP 	eyetracker.setRecordingState(False)
79.6676 	EXP 	eyetracker.setRecordingState(False)
79.6798 	EXP 	eyetracker.setRecordingState(False)
79.6917 	EXP 	eyetracker.setRecordingState(False)
79.7037 	EXP 	eyetracker.setRecordingState(False)
79.7152 	EXP 	eyetracker.setRecordingState(False)
79.7265 	EXP 	eyetracker.setRecordingState(False)
79.7370 	EXP 	eyetracker.setRecordingState(False)
79.7477 	EXP 	eyetracker.setRecordingState(False)
79.7579 	EXP 	eyetracker.setRecordingState(False)
79.7688 	EXP 	eyetracker.setRecordingState(False)
79.7788 	EXP 	eyetracker.setRecordingState(False)
79.7897 	EXP 	eyetracker.setRecordingState(False)
79.8004 	EXP 	eyetracker.setRecordingState(False)
79.8103 	EXP 	eyetracker.setRecordingState(False)
79.8201 	EXP 	eyetracker.setRecordingState(False)
79.8315 	EXP 	eyetracker.setRecordingState(False)
79.8412 	EXP 	eyetracker.setRecordingState(False)
79.8499 	EXP 	eyetracker.setRecordingState(False)
79.8584 	EXP 	eyetracker.setRecordingState(False)
79.8665 	EXP 	eyetracker.setRecordingState(False)
79.8760 	EXP 	eyetracker.setRecordingState(False)
79.8841 	EXP 	eyetracker.setRecordingState(False)
79.8927 	EXP 	eyetracker.setRecordingState(False)
79.9026 	EXP 	eyetracker.setRecordingState(False)
79.9135 	EXP 	eyetracker.setRecordingState(False)
79.9256 	EXP 	eyetracker.setRecordingState(False)
79.9363 	EXP 	eyetracker.setRecordingState(False)
79.9473 	EXP 	eyetracker.setRecordingState(False)
79.9578 	EXP 	eyetracker.setRecordingState(False)
79.9684 	EXP 	eyetracker.setRecordingState(False)
79.9794 	EXP 	eyetracker.setRecordingState(False)
79.9897 	EXP 	eyetracker.setRecordingState(False)
80.0007 	EXP 	eyetracker.setRecordingState(False)
80.0117 	EXP 	eyetracker.setRecordingState(False)
80.0221 	EXP 	eyetracker.setRecordingState(False)
80.0330 	EXP 	eyetracker.setRecordingState(False)
80.0446 	EXP 	eyetracker.setRecordingState(False)
80.0550 	EXP 	eyetracker.setRecordingState(False)
80.0664 	EXP 	eyetracker.setRecordingState(False)
80.0786 	EXP 	eyetracker.setRecordingState(False)
80.0896 	EXP 	eyetracker.setRecordingState(False)
80.1021 	EXP 	eyetracker.setRecordingState(False)
80.1111 	EXP 	eyetracker.setRecordingState(False)
80.1221 	EXP 	eyetracker.setRecordingState(False)
80.1337 	EXP 	eyetracker.setRecordingState(False)
80.1444 	EXP 	eyetracker.setRecordingState(False)
80.1547 	EXP 	eyetracker.setRecordingState(False)
80.1661 	EXP 	eyetracker.setRecordingState(False)
80.1766 	EXP 	eyetracker.setRecordingState(False)
80.1870 	EXP 	eyetracker.setRecordingState(False)
80.1976 	EXP 	eyetracker.setRecordingState(False)
80.2081 	EXP 	eyetracker.setRecordingState(False)
80.2195 	EXP 	eyetracker.setRecordingState(False)
80.2300 	EXP 	eyetracker.setRecordingState(False)
80.2400 	EXP 	eyetracker.setRecordingState(False)
80.2506 	EXP 	eyetracker.setRecordingState(False)
80.2614 	EXP 	eyetracker.setRecordingState(False)
80.2728 	EXP 	eyetracker.setRecordingState(False)
80.2838 	EXP 	eyetracker.setRecordingState(False)
80.2939 	EXP 	eyetracker.setRecordingState(False)
80.3035 	EXP 	eyetracker.setRecordingState(False)
80.3134 	EXP 	eyetracker.setRecordingState(False)
80.3243 	EXP 	eyetracker.setRecordingState(False)
80.3331 	EXP 	eyetracker.setRecordingState(False)
80.3416 	EXP 	eyetracker.setRecordingState(False)
80.3511 	EXP 	eyetracker.setRecordingState(False)
80.3605 	EXP 	eyetracker.setRecordingState(False)
80.3695 	EXP 	eyetracker.setRecordingState(False)
80.3788 	EXP 	eyetracker.setRecordingState(False)
80.3884 	EXP 	eyetracker.setRecordingState(False)
80.3971 	EXP 	eyetracker.setRecordingState(False)
80.4055 	EXP 	eyetracker.setRecordingState(False)
80.4147 	EXP 	eyetracker.setRecordingState(False)
80.4231 	EXP 	eyetracker.setRecordingState(False)
80.4294 	EXP 	eyetracker.setRecordingState(False)
80.4368 	EXP 	eyetracker.setRecordingState(False)
80.4457 	EXP 	eyetracker.setRecordingState(False)
80.4535 	EXP 	eyetracker.setRecordingState(False)
80.4613 	EXP 	eyetracker.setRecordingState(False)
80.4691 	EXP 	eyetracker.setRecordingState(False)
80.4773 	EXP 	eyetracker.setRecordingState(False)
80.4853 	EXP 	eyetracker.setRecordingState(False)
80.4944 	EXP 	eyetracker.setRecordingState(False)
80.5049 	EXP 	eyetracker.setRecordingState(False)
80.5161 	EXP 	eyetracker.setRecordingState(False)
80.5277 	EXP 	eyetracker.setRecordingState(False)
80.5383 	EXP 	eyetracker.setRecordingState(False)
80.5490 	EXP 	eyetracker.setRecordingState(False)
80.5592 	EXP 	eyetracker.setRecordingState(False)
80.5697 	EXP 	eyetracker.setRecordingState(False)
80.5794 	EXP 	eyetracker.setRecordingState(False)
80.5890 	EXP 	eyetracker.setRecordingState(False)
80.5994 	EXP 	eyetracker.setRecordingState(False)
80.6104 	EXP 	eyetracker.setRecordingState(False)
80.6221 	EXP 	eyetracker.setRecordingState(False)
80.6341 	EXP 	eyetracker.setRecordingState(False)
80.6453 	EXP 	eyetracker.setRecordingState(False)
80.6553 	EXP 	eyetracker.setRecordingState(False)
80.6652 	EXP 	eyetracker.setRecordingState(False)
80.6744 	EXP 	eyetracker.setRecordingState(False)
80.6838 	EXP 	eyetracker.setRecordingState(False)
80.6942 	EXP 	eyetracker.setRecordingState(False)
80.7033 	EXP 	eyetracker.setRecordingState(False)
80.7122 	EXP 	eyetracker.setRecordingState(False)
80.7202 	EXP 	eyetracker.setRecordingState(False)
80.7286 	EXP 	eyetracker.setRecordingState(False)
80.7358 	EXP 	eyetracker.setRecordingState(False)
80.7437 	EXP 	eyetracker.setRecordingState(False)
80.7517 	EXP 	eyetracker.setRecordingState(False)
80.7609 	EXP 	eyetracker.setRecordingState(False)
80.7694 	EXP 	eyetracker.setRecordingState(False)
80.7782 	EXP 	eyetracker.setRecordingState(False)
80.7870 	EXP 	eyetracker.setRecordingState(False)
80.7969 	EXP 	eyetracker.setRecordingState(False)
80.8067 	EXP 	eyetracker.setRecordingState(False)
80.8157 	EXP 	eyetracker.setRecordingState(False)
80.8274 	EXP 	eyetracker.setRecordingState(False)
80.8362 	EXP 	eyetracker.setRecordingState(False)
80.8455 	EXP 	eyetracker.setRecordingState(False)
80.8551 	EXP 	eyetracker.setRecordingState(False)
80.8642 	EXP 	eyetracker.setRecordingState(False)
80.8733 	EXP 	eyetracker.setRecordingState(False)
80.8835 	EXP 	eyetracker.setRecordingState(False)
80.8929 	EXP 	eyetracker.setRecordingState(False)
80.9030 	EXP 	eyetracker.setRecordingState(False)
80.9128 	EXP 	eyetracker.setRecordingState(False)
80.9230 	EXP 	eyetracker.setRecordingState(False)
80.9338 	EXP 	eyetracker.setRecordingState(False)
80.9457 	EXP 	eyetracker.setRecordingState(False)
80.9565 	EXP 	eyetracker.setRecordingState(False)
80.9673 	EXP 	eyetracker.setRecordingState(False)
80.9772 	EXP 	eyetracker.setRecordingState(False)
80.9876 	EXP 	eyetracker.setRecordingState(False)
80.9985 	EXP 	eyetracker.setRecordingState(False)
81.0093 	EXP 	eyetracker.setRecordingState(False)
81.0204 	EXP 	eyetracker.setRecordingState(False)
81.0308 	EXP 	eyetracker.setRecordingState(False)
81.0409 	EXP 	eyetracker.setRecordingState(False)
81.0508 	EXP 	eyetracker.setRecordingState(False)
81.0612 	EXP 	eyetracker.setRecordingState(False)
81.0714 	EXP 	eyetracker.setRecordingState(False)
81.0820 	EXP 	eyetracker.setRecordingState(False)
81.0947 	EXP 	eyetracker.setRecordingState(False)
81.1061 	EXP 	eyetracker.setRecordingState(False)
81.1160 	EXP 	eyetracker.setRecordingState(False)
81.1256 	EXP 	eyetracker.setRecordingState(False)
81.1354 	EXP 	eyetracker.setRecordingState(False)
81.1448 	EXP 	eyetracker.setRecordingState(False)
81.1557 	EXP 	eyetracker.setRecordingState(False)
81.1660 	EXP 	eyetracker.setRecordingState(False)
81.1760 	EXP 	eyetracker.setRecordingState(False)
81.1864 	EXP 	eyetracker.setRecordingState(False)
81.1970 	EXP 	eyetracker.setRecordingState(False)
81.2077 	EXP 	eyetracker.setRecordingState(False)
81.2197 	EXP 	eyetracker.setRecordingState(False)
81.2310 	EXP 	eyetracker.setRecordingState(False)
81.2416 	EXP 	eyetracker.setRecordingState(False)
81.2520 	EXP 	eyetracker.setRecordingState(False)
81.2628 	EXP 	eyetracker.setRecordingState(False)
81.2724 	EXP 	eyetracker.setRecordingState(False)
81.2823 	EXP 	eyetracker.setRecordingState(False)
81.2929 	EXP 	eyetracker.setRecordingState(False)
81.3036 	EXP 	eyetracker.setRecordingState(False)
81.3135 	EXP 	eyetracker.setRecordingState(False)
81.3233 	EXP 	eyetracker.setRecordingState(False)
81.3335 	EXP 	eyetracker.setRecordingState(False)
81.3436 	EXP 	eyetracker.setRecordingState(False)
81.3539 	EXP 	eyetracker.setRecordingState(False)
81.3645 	EXP 	eyetracker.setRecordingState(False)
81.3750 	EXP 	eyetracker.setRecordingState(False)
81.3845 	EXP 	eyetracker.setRecordingState(False)
81.3954 	EXP 	eyetracker.setRecordingState(False)
81.4064 	EXP 	eyetracker.setRecordingState(False)
81.4163 	EXP 	eyetracker.setRecordingState(False)
81.4262 	EXP 	eyetracker.setRecordingState(False)
81.4342 	EXP 	eyetracker.setRecordingState(False)
81.4434 	EXP 	eyetracker.setRecordingState(False)
81.4537 	EXP 	eyetracker.setRecordingState(False)
81.4638 	EXP 	eyetracker.setRecordingState(False)
81.4743 	EXP 	eyetracker.setRecordingState(False)
81.4851 	EXP 	eyetracker.setRecordingState(False)
81.4949 	EXP 	eyetracker.setRecordingState(False)
81.5049 	EXP 	eyetracker.setRecordingState(False)
81.5154 	EXP 	eyetracker.setRecordingState(False)
81.5250 	EXP 	eyetracker.setRecordingState(False)
81.5355 	EXP 	eyetracker.setRecordingState(False)
81.5457 	EXP 	eyetracker.setRecordingState(False)
81.5551 	EXP 	eyetracker.setRecordingState(False)
81.5651 	EXP 	eyetracker.setRecordingState(False)
81.5751 	EXP 	eyetracker.setRecordingState(False)
81.5841 	EXP 	eyetracker.setRecordingState(False)
81.5934 	EXP 	eyetracker.setRecordingState(False)
81.6024 	EXP 	eyetracker.setRecordingState(False)
81.6110 	EXP 	eyetracker.setRecordingState(False)
81.6200 	EXP 	eyetracker.setRecordingState(False)
81.6303 	EXP 	eyetracker.setRecordingState(False)
81.6404 	EXP 	eyetracker.setRecordingState(False)
81.6497 	EXP 	eyetracker.setRecordingState(False)
81.6597 	EXP 	eyetracker.setRecordingState(False)
81.6679 	EXP 	eyetracker.setRecordingState(False)
81.6766 	EXP 	eyetracker.setRecordingState(False)
81.6856 	EXP 	eyetracker.setRecordingState(False)
81.6947 	EXP 	eyetracker.setRecordingState(False)
81.7039 	EXP 	eyetracker.setRecordingState(False)
81.7133 	EXP 	eyetracker.setRecordingState(False)
81.7225 	EXP 	eyetracker.setRecordingState(False)
81.7319 	EXP 	eyetracker.setRecordingState(False)
81.7422 	EXP 	eyetracker.setRecordingState(False)
81.7516 	EXP 	eyetracker.setRecordingState(False)
81.7634 	EXP 	eyetracker.setRecordingState(False)
81.7742 	EXP 	eyetracker.setRecordingState(False)
81.7852 	EXP 	eyetracker.setRecordingState(False)
81.7960 	EXP 	eyetracker.setRecordingState(False)
81.8082 	EXP 	eyetracker.setRecordingState(False)
81.8181 	EXP 	eyetracker.setRecordingState(False)
81.8273 	EXP 	eyetracker.setRecordingState(False)
81.8362 	EXP 	eyetracker.setRecordingState(False)
81.8451 	EXP 	eyetracker.setRecordingState(False)
81.8545 	EXP 	eyetracker.setRecordingState(False)
81.8643 	EXP 	eyetracker.setRecordingState(False)
81.8738 	EXP 	eyetracker.setRecordingState(False)
81.8839 	EXP 	eyetracker.setRecordingState(False)
81.8940 	EXP 	eyetracker.setRecordingState(False)
81.9040 	EXP 	eyetracker.setRecordingState(False)
81.9145 	EXP 	eyetracker.setRecordingState(False)
81.9235 	EXP 	eyetracker.setRecordingState(False)
81.9338 	EXP 	eyetracker.setRecordingState(False)
81.9431 	EXP 	eyetracker.setRecordingState(False)
81.9526 	EXP 	eyetracker.setRecordingState(False)
81.9625 	EXP 	eyetracker.setRecordingState(False)
81.9728 	EXP 	eyetracker.setRecordingState(False)
81.9826 	EXP 	eyetracker.setRecordingState(False)
81.9922 	EXP 	eyetracker.setRecordingState(False)
82.0017 	EXP 	eyetracker.setRecordingState(False)
82.0116 	EXP 	eyetracker.setRecordingState(False)
82.0211 	EXP 	eyetracker.setRecordingState(False)
82.0311 	EXP 	eyetracker.setRecordingState(False)
82.0417 	EXP 	eyetracker.setRecordingState(False)
82.0521 	EXP 	eyetracker.setRecordingState(False)
82.0623 	EXP 	eyetracker.setRecordingState(False)
82.0734 	EXP 	eyetracker.setRecordingState(False)
82.0839 	EXP 	eyetracker.setRecordingState(False)
82.0943 	EXP 	eyetracker.setRecordingState(False)
82.1049 	EXP 	eyetracker.setRecordingState(False)
82.1153 	EXP 	eyetracker.setRecordingState(False)
82.1247 	EXP 	eyetracker.setRecordingState(False)
82.1343 	EXP 	eyetracker.setRecordingState(False)
82.1445 	EXP 	eyetracker.setRecordingState(False)
82.1545 	EXP 	eyetracker.setRecordingState(False)
82.1654 	EXP 	eyetracker.setRecordingState(False)
82.1754 	EXP 	eyetracker.setRecordingState(False)
82.1864 	EXP 	eyetracker.setRecordingState(False)
82.1951 	EXP 	eyetracker.setRecordingState(False)
82.2031 	EXP 	eyetracker.setRecordingState(False)
82.2119 	EXP 	eyetracker.setRecordingState(False)
82.2214 	EXP 	eyetracker.setRecordingState(False)
82.2308 	EXP 	eyetracker.setRecordingState(False)
82.2404 	EXP 	eyetracker.setRecordingState(False)
82.2511 	EXP 	eyetracker.setRecordingState(False)
82.2618 	EXP 	eyetracker.setRecordingState(False)
82.2723 	EXP 	eyetracker.setRecordingState(False)
82.2826 	EXP 	eyetracker.setRecordingState(False)
82.2929 	EXP 	eyetracker.setRecordingState(False)
82.3032 	EXP 	eyetracker.setRecordingState(False)
82.3132 	EXP 	eyetracker.setRecordingState(False)
82.3235 	EXP 	eyetracker.setRecordingState(False)
82.3334 	EXP 	eyetracker.setRecordingState(False)
82.3438 	EXP 	eyetracker.setRecordingState(False)
82.3546 	EXP 	eyetracker.setRecordingState(False)
82.3641 	EXP 	eyetracker.setRecordingState(False)
82.3743 	EXP 	eyetracker.setRecordingState(False)
82.3850 	EXP 	eyetracker.setRecordingState(False)
82.3948 	EXP 	eyetracker.setRecordingState(False)
82.4053 	EXP 	eyetracker.setRecordingState(False)
82.4154 	EXP 	eyetracker.setRecordingState(False)
82.4250 	EXP 	eyetracker.setRecordingState(False)
82.4343 	EXP 	eyetracker.setRecordingState(False)
82.4435 	EXP 	eyetracker.setRecordingState(False)
82.4537 	EXP 	eyetracker.setRecordingState(False)
82.4627 	EXP 	eyetracker.setRecordingState(False)
82.4709 	EXP 	eyetracker.setRecordingState(False)
82.4800 	EXP 	eyetracker.setRecordingState(False)
82.4891 	EXP 	eyetracker.setRecordingState(False)
82.4986 	EXP 	eyetracker.setRecordingState(False)
82.5077 	EXP 	eyetracker.setRecordingState(False)
82.5168 	EXP 	eyetracker.setRecordingState(False)
82.5247 	EXP 	eyetracker.setRecordingState(False)
82.5326 	EXP 	eyetracker.setRecordingState(False)
82.5405 	EXP 	eyetracker.setRecordingState(False)
82.5483 	EXP 	eyetracker.setRecordingState(False)
82.5564 	EXP 	eyetracker.setRecordingState(False)
82.5652 	EXP 	eyetracker.setRecordingState(False)
82.5742 	EXP 	eyetracker.setRecordingState(False)
82.5832 	EXP 	eyetracker.setRecordingState(False)
82.5936 	EXP 	eyetracker.setRecordingState(False)
82.6018 	EXP 	eyetracker.setRecordingState(False)
82.6101 	EXP 	eyetracker.setRecordingState(False)
82.6193 	EXP 	eyetracker.setRecordingState(False)
82.6280 	EXP 	eyetracker.setRecordingState(False)
82.6367 	EXP 	eyetracker.setRecordingState(False)
82.6454 	EXP 	eyetracker.setRecordingState(False)
82.6544 	EXP 	eyetracker.setRecordingState(False)
82.6623 	EXP 	eyetracker.setRecordingState(False)
82.6709 	EXP 	eyetracker.setRecordingState(False)
82.6791 	EXP 	eyetracker.setRecordingState(False)
82.6886 	EXP 	eyetracker.setRecordingState(False)
82.6988 	EXP 	eyetracker.setRecordingState(False)
82.7072 	EXP 	eyetracker.setRecordingState(False)
82.7150 	EXP 	eyetracker.setRecordingState(False)
82.7228 	EXP 	eyetracker.setRecordingState(False)
82.7319 	EXP 	eyetracker.setRecordingState(False)
82.7407 	EXP 	eyetracker.setRecordingState(False)
82.7500 	EXP 	eyetracker.setRecordingState(False)
82.7586 	EXP 	eyetracker.setRecordingState(False)
82.7676 	EXP 	eyetracker.setRecordingState(False)
82.7774 	EXP 	eyetracker.setRecordingState(False)
82.7865 	EXP 	eyetracker.setRecordingState(False)
82.7989 	EXP 	eyetracker.setRecordingState(False)
82.8100 	EXP 	eyetracker.setRecordingState(False)
82.8211 	EXP 	eyetracker.setRecordingState(False)
82.8313 	EXP 	eyetracker.setRecordingState(False)
82.8401 	EXP 	eyetracker.setRecordingState(False)
82.8491 	EXP 	eyetracker.setRecordingState(False)
82.8588 	EXP 	eyetracker.setRecordingState(False)
82.8683 	EXP 	eyetracker.setRecordingState(False)
82.8775 	EXP 	eyetracker.setRecordingState(False)
82.8865 	EXP 	eyetracker.setRecordingState(False)
82.8952 	EXP 	eyetracker.setRecordingState(False)
82.9043 	EXP 	eyetracker.setRecordingState(False)
82.9132 	EXP 	eyetracker.setRecordingState(False)
82.9236 	EXP 	eyetracker.setRecordingState(False)
82.9325 	EXP 	eyetracker.setRecordingState(False)
82.9420 	EXP 	eyetracker.setRecordingState(False)
82.9513 	EXP 	eyetracker.setRecordingState(False)
82.9608 	EXP 	eyetracker.setRecordingState(False)
82.9718 	EXP 	eyetracker.setRecordingState(False)
82.9810 	EXP 	eyetracker.setRecordingState(False)
82.9900 	EXP 	eyetracker.setRecordingState(False)
82.9993 	EXP 	eyetracker.setRecordingState(False)
83.0087 	EXP 	eyetracker.setRecordingState(False)
83.0181 	EXP 	eyetracker.setRecordingState(False)
83.0282 	EXP 	eyetracker.setRecordingState(False)
83.0385 	EXP 	eyetracker.setRecordingState(False)
83.0484 	EXP 	eyetracker.setRecordingState(False)
83.0593 	EXP 	eyetracker.setRecordingState(False)
83.0693 	EXP 	eyetracker.setRecordingState(False)
83.0795 	EXP 	eyetracker.setRecordingState(False)
83.0895 	EXP 	eyetracker.setRecordingState(False)
83.0985 	EXP 	eyetracker.setRecordingState(False)
83.1075 	EXP 	eyetracker.setRecordingState(False)
83.1163 	EXP 	eyetracker.setRecordingState(False)
83.1256 	EXP 	eyetracker.setRecordingState(False)
83.1348 	EXP 	eyetracker.setRecordingState(False)
83.1446 	EXP 	eyetracker.setRecordingState(False)
83.1545 	EXP 	eyetracker.setRecordingState(False)
83.1651 	EXP 	eyetracker.setRecordingState(False)
83.1759 	EXP 	eyetracker.setRecordingState(False)
83.1864 	EXP 	eyetracker.setRecordingState(False)
83.1972 	EXP 	eyetracker.setRecordingState(False)
83.2091 	EXP 	eyetracker.setRecordingState(False)
83.2202 	EXP 	eyetracker.setRecordingState(False)
83.2311 	EXP 	eyetracker.setRecordingState(False)
83.2406 	EXP 	eyetracker.setRecordingState(False)
83.2506 	EXP 	eyetracker.setRecordingState(False)
83.2601 	EXP 	eyetracker.setRecordingState(False)
83.2704 	EXP 	eyetracker.setRecordingState(False)
83.2802 	EXP 	eyetracker.setRecordingState(False)
83.2902 	EXP 	eyetracker.setRecordingState(False)
83.3011 	EXP 	eyetracker.setRecordingState(False)
83.3113 	EXP 	eyetracker.setRecordingState(False)
83.3214 	EXP 	eyetracker.setRecordingState(False)
83.3320 	EXP 	eyetracker.setRecordingState(False)
83.3421 	EXP 	eyetracker.setRecordingState(False)
83.3519 	EXP 	eyetracker.setRecordingState(False)
83.3630 	EXP 	eyetracker.setRecordingState(False)
83.3743 	EXP 	eyetracker.setRecordingState(False)
83.3846 	EXP 	eyetracker.setRecordingState(False)
83.3969 	EXP 	eyetracker.setRecordingState(False)
83.4087 	EXP 	eyetracker.setRecordingState(False)
83.4232 	EXP 	eyetracker.setRecordingState(False)
83.4366 	EXP 	eyetracker.setRecordingState(False)
83.4493 	EXP 	eyetracker.setRecordingState(False)
83.4619 	EXP 	eyetracker.setRecordingState(False)
83.4753 	EXP 	eyetracker.setRecordingState(False)
83.4886 	EXP 	eyetracker.setRecordingState(False)
83.5016 	EXP 	eyetracker.setRecordingState(False)
83.5141 	EXP 	eyetracker.setRecordingState(False)
83.5254 	EXP 	eyetracker.setRecordingState(False)
83.5368 	EXP 	eyetracker.setRecordingState(False)
83.5477 	EXP 	eyetracker.setRecordingState(False)
83.5584 	EXP 	eyetracker.setRecordingState(False)
83.5679 	EXP 	eyetracker.setRecordingState(False)
83.5774 	EXP 	eyetracker.setRecordingState(False)
83.5868 	EXP 	eyetracker.setRecordingState(False)
83.5965 	EXP 	eyetracker.setRecordingState(False)
83.6059 	EXP 	eyetracker.setRecordingState(False)
83.6149 	EXP 	eyetracker.setRecordingState(False)
83.6236 	EXP 	eyetracker.setRecordingState(False)
83.6332 	EXP 	eyetracker.setRecordingState(False)
83.6435 	EXP 	eyetracker.setRecordingState(False)
83.6536 	EXP 	eyetracker.setRecordingState(False)
83.6635 	EXP 	eyetracker.setRecordingState(False)
83.6741 	EXP 	eyetracker.setRecordingState(False)
83.6842 	EXP 	eyetracker.setRecordingState(False)
83.6944 	EXP 	eyetracker.setRecordingState(False)
83.7048 	EXP 	eyetracker.setRecordingState(False)
83.7143 	EXP 	eyetracker.setRecordingState(False)
83.7242 	EXP 	eyetracker.setRecordingState(False)
83.7352 	EXP 	eyetracker.setRecordingState(False)
83.7451 	EXP 	eyetracker.setRecordingState(False)
83.7549 	EXP 	eyetracker.setRecordingState(False)
83.7657 	EXP 	eyetracker.setRecordingState(False)
83.7760 	EXP 	eyetracker.setRecordingState(False)
83.7867 	EXP 	eyetracker.setRecordingState(False)
83.7971 	EXP 	eyetracker.setRecordingState(False)
83.8070 	EXP 	eyetracker.setRecordingState(False)
83.8168 	EXP 	eyetracker.setRecordingState(False)
83.8267 	EXP 	eyetracker.setRecordingState(False)
83.8366 	EXP 	eyetracker.setRecordingState(False)
83.8461 	EXP 	eyetracker.setRecordingState(False)
83.8559 	EXP 	eyetracker.setRecordingState(False)
83.8655 	EXP 	eyetracker.setRecordingState(False)
83.8752 	EXP 	eyetracker.setRecordingState(False)
83.8854 	EXP 	eyetracker.setRecordingState(False)
83.8960 	EXP 	eyetracker.setRecordingState(False)
83.9052 	EXP 	eyetracker.setRecordingState(False)
83.9153 	EXP 	eyetracker.setRecordingState(False)
83.9261 	EXP 	eyetracker.setRecordingState(False)
83.9363 	EXP 	eyetracker.setRecordingState(False)
83.9479 	EXP 	eyetracker.setRecordingState(False)
83.9581 	EXP 	eyetracker.setRecordingState(False)
83.9694 	EXP 	eyetracker.setRecordingState(False)
83.9801 	EXP 	eyetracker.setRecordingState(False)
83.9910 	EXP 	eyetracker.setRecordingState(False)
84.0027 	EXP 	eyetracker.setRecordingState(False)
84.0143 	EXP 	eyetracker.setRecordingState(False)
84.0256 	EXP 	eyetracker.setRecordingState(False)
84.0359 	EXP 	eyetracker.setRecordingState(False)
84.0465 	EXP 	eyetracker.setRecordingState(False)
84.0580 	EXP 	eyetracker.setRecordingState(False)
84.0693 	EXP 	eyetracker.setRecordingState(False)
84.0793 	EXP 	eyetracker.setRecordingState(False)
84.0893 	EXP 	eyetracker.setRecordingState(False)
84.1000 	EXP 	eyetracker.setRecordingState(False)
84.1098 	EXP 	eyetracker.setRecordingState(False)
84.1202 	EXP 	eyetracker.setRecordingState(False)
84.1303 	EXP 	eyetracker.setRecordingState(False)
84.1400 	EXP 	eyetracker.setRecordingState(False)
84.1513 	EXP 	eyetracker.setRecordingState(False)
84.1606 	EXP 	eyetracker.setRecordingState(False)
84.1695 	EXP 	eyetracker.setRecordingState(False)
84.1792 	EXP 	eyetracker.setRecordingState(False)
84.1889 	EXP 	eyetracker.setRecordingState(False)
84.1988 	EXP 	eyetracker.setRecordingState(False)
84.2097 	EXP 	eyetracker.setRecordingState(False)
84.2204 	EXP 	eyetracker.setRecordingState(False)
84.2324 	EXP 	eyetracker.setRecordingState(False)
84.2432 	EXP 	eyetracker.setRecordingState(False)
84.2532 	EXP 	eyetracker.setRecordingState(False)
84.2633 	EXP 	eyetracker.setRecordingState(False)
84.2729 	EXP 	eyetracker.setRecordingState(False)
84.2824 	EXP 	eyetracker.setRecordingState(False)
84.2919 	EXP 	eyetracker.setRecordingState(False)
84.3016 	EXP 	eyetracker.setRecordingState(False)
84.3113 	EXP 	eyetracker.setRecordingState(False)
84.3213 	EXP 	eyetracker.setRecordingState(False)
84.3313 	EXP 	eyetracker.setRecordingState(False)
84.3413 	EXP 	eyetracker.setRecordingState(False)
84.3516 	EXP 	eyetracker.setRecordingState(False)
84.3621 	EXP 	eyetracker.setRecordingState(False)
84.3720 	EXP 	eyetracker.setRecordingState(False)
84.3829 	EXP 	eyetracker.setRecordingState(False)
84.3930 	EXP 	eyetracker.setRecordingState(False)
84.4037 	EXP 	eyetracker.setRecordingState(False)
84.4153 	EXP 	eyetracker.setRecordingState(False)
84.4269 	EXP 	eyetracker.setRecordingState(False)
84.4382 	EXP 	eyetracker.setRecordingState(False)
84.4486 	EXP 	eyetracker.setRecordingState(False)
84.4589 	EXP 	eyetracker.setRecordingState(False)
84.4699 	EXP 	eyetracker.setRecordingState(False)
84.4808 	EXP 	eyetracker.setRecordingState(False)
84.4915 	EXP 	eyetracker.setRecordingState(False)
84.5021 	EXP 	eyetracker.setRecordingState(False)
84.5117 	EXP 	eyetracker.setRecordingState(False)
84.5220 	EXP 	eyetracker.setRecordingState(False)
84.5315 	EXP 	eyetracker.setRecordingState(False)
84.5415 	EXP 	eyetracker.setRecordingState(False)
84.5513 	EXP 	eyetracker.setRecordingState(False)
84.5613 	EXP 	eyetracker.setRecordingState(False)
84.5712 	EXP 	eyetracker.setRecordingState(False)
84.5806 	EXP 	eyetracker.setRecordingState(False)
84.5895 	EXP 	eyetracker.setRecordingState(False)
84.5991 	EXP 	eyetracker.setRecordingState(False)
84.6088 	EXP 	eyetracker.setRecordingState(False)
84.6185 	EXP 	eyetracker.setRecordingState(False)
84.6268 	EXP 	eyetracker.setRecordingState(False)
84.6364 	EXP 	eyetracker.setRecordingState(False)
84.6453 	EXP 	eyetracker.setRecordingState(False)
84.6551 	EXP 	eyetracker.setRecordingState(False)
84.6643 	EXP 	eyetracker.setRecordingState(False)
84.6744 	EXP 	eyetracker.setRecordingState(False)
84.6846 	EXP 	eyetracker.setRecordingState(False)
84.6943 	EXP 	eyetracker.setRecordingState(False)
84.7041 	EXP 	eyetracker.setRecordingState(False)
84.7141 	EXP 	eyetracker.setRecordingState(False)
84.7235 	EXP 	eyetracker.setRecordingState(False)
84.7326 	EXP 	eyetracker.setRecordingState(False)
84.7424 	EXP 	eyetracker.setRecordingState(False)
84.7511 	EXP 	eyetracker.setRecordingState(False)
84.7606 	EXP 	eyetracker.setRecordingState(False)
84.7696 	EXP 	eyetracker.setRecordingState(False)
84.7772 	EXP 	eyetracker.setRecordingState(False)
84.7856 	EXP 	eyetracker.setRecordingState(False)
84.7942 	EXP 	eyetracker.setRecordingState(False)
84.8028 	EXP 	eyetracker.setRecordingState(False)
84.8112 	EXP 	eyetracker.setRecordingState(False)
84.8206 	EXP 	eyetracker.setRecordingState(False)
84.8291 	EXP 	eyetracker.setRecordingState(False)
84.8381 	EXP 	eyetracker.setRecordingState(False)
84.8472 	EXP 	eyetracker.setRecordingState(False)
84.8561 	EXP 	eyetracker.setRecordingState(False)
84.8645 	EXP 	eyetracker.setRecordingState(False)
84.8738 	EXP 	eyetracker.setRecordingState(False)
84.8822 	EXP 	eyetracker.setRecordingState(False)
84.8907 	EXP 	eyetracker.setRecordingState(False)
84.9005 	EXP 	eyetracker.setRecordingState(False)
84.9085 	EXP 	eyetracker.setRecordingState(False)
84.9170 	EXP 	eyetracker.setRecordingState(False)
84.9256 	EXP 	eyetracker.setRecordingState(False)
84.9344 	EXP 	eyetracker.setRecordingState(False)
84.9431 	EXP 	eyetracker.setRecordingState(False)
84.9518 	EXP 	eyetracker.setRecordingState(False)
84.9607 	EXP 	eyetracker.setRecordingState(False)
84.9688 	EXP 	eyetracker.setRecordingState(False)
84.9774 	EXP 	eyetracker.setRecordingState(False)
84.9854 	EXP 	eyetracker.setRecordingState(False)
84.9942 	EXP 	eyetracker.setRecordingState(False)
85.0025 	EXP 	eyetracker.setRecordingState(False)
85.0104 	EXP 	eyetracker.setRecordingState(False)
85.0195 	EXP 	eyetracker.setRecordingState(False)
85.0285 	EXP 	eyetracker.setRecordingState(False)
85.0380 	EXP 	eyetracker.setRecordingState(False)
85.0477 	EXP 	eyetracker.setRecordingState(False)
85.0572 	EXP 	eyetracker.setRecordingState(False)
85.0663 	EXP 	eyetracker.setRecordingState(False)
85.0753 	EXP 	eyetracker.setRecordingState(False)
85.0839 	EXP 	eyetracker.setRecordingState(False)
85.0919 	EXP 	eyetracker.setRecordingState(False)
85.0998 	EXP 	eyetracker.setRecordingState(False)
85.1075 	EXP 	eyetracker.setRecordingState(False)
85.1148 	EXP 	eyetracker.setRecordingState(False)
85.1219 	EXP 	eyetracker.setRecordingState(False)
85.1289 	EXP 	eyetracker.setRecordingState(False)
85.1367 	EXP 	eyetracker.setRecordingState(False)
85.1460 	EXP 	eyetracker.setRecordingState(False)
85.1547 	EXP 	eyetracker.setRecordingState(False)
85.1625 	EXP 	eyetracker.setRecordingState(False)
85.1705 	EXP 	eyetracker.setRecordingState(False)
85.1794 	EXP 	eyetracker.setRecordingState(False)
85.1882 	EXP 	eyetracker.setRecordingState(False)
85.1982 	EXP 	eyetracker.setRecordingState(False)
85.2085 	EXP 	eyetracker.setRecordingState(False)
85.2193 	EXP 	eyetracker.setRecordingState(False)
85.2319 	EXP 	eyetracker.setRecordingState(False)
85.2432 	EXP 	eyetracker.setRecordingState(False)
85.2535 	EXP 	eyetracker.setRecordingState(False)
85.2647 	EXP 	eyetracker.setRecordingState(False)
85.2753 	EXP 	eyetracker.setRecordingState(False)
85.2859 	EXP 	eyetracker.setRecordingState(False)
85.2976 	EXP 	eyetracker.setRecordingState(False)
85.3074 	EXP 	eyetracker.setRecordingState(False)
85.3170 	EXP 	eyetracker.setRecordingState(False)
85.3260 	EXP 	eyetracker.setRecordingState(False)
85.3347 	EXP 	eyetracker.setRecordingState(False)
85.3432 	EXP 	eyetracker.setRecordingState(False)
85.3523 	EXP 	eyetracker.setRecordingState(False)
85.3616 	EXP 	eyetracker.setRecordingState(False)
85.3721 	EXP 	eyetracker.setRecordingState(False)
85.3818 	EXP 	eyetracker.setRecordingState(False)
85.3923 	EXP 	eyetracker.setRecordingState(False)
85.4028 	EXP 	eyetracker.setRecordingState(False)
85.4137 	EXP 	eyetracker.setRecordingState(False)
85.4256 	EXP 	eyetracker.setRecordingState(False)
85.4344 	EXP 	eyetracker.setRecordingState(False)
85.4443 	EXP 	eyetracker.setRecordingState(False)
85.4541 	EXP 	eyetracker.setRecordingState(False)
85.4640 	EXP 	eyetracker.setRecordingState(False)
85.4741 	EXP 	eyetracker.setRecordingState(False)
85.4846 	EXP 	eyetracker.setRecordingState(False)
85.4952 	EXP 	eyetracker.setRecordingState(False)
85.5055 	EXP 	eyetracker.setRecordingState(False)
85.5159 	EXP 	eyetracker.setRecordingState(False)
85.5257 	EXP 	eyetracker.setRecordingState(False)
85.5357 	EXP 	eyetracker.setRecordingState(False)
85.5457 	EXP 	eyetracker.setRecordingState(False)
85.5554 	EXP 	eyetracker.setRecordingState(False)
85.5664 	EXP 	eyetracker.setRecordingState(False)
85.5764 	EXP 	eyetracker.setRecordingState(False)
85.5868 	EXP 	eyetracker.setRecordingState(False)
85.5967 	EXP 	eyetracker.setRecordingState(False)
85.6064 	EXP 	eyetracker.setRecordingState(False)
85.6166 	EXP 	eyetracker.setRecordingState(False)
85.6274 	EXP 	eyetracker.setRecordingState(False)
85.6387 	EXP 	eyetracker.setRecordingState(False)
85.6482 	EXP 	eyetracker.setRecordingState(False)
85.6572 	EXP 	eyetracker.setRecordingState(False)
85.6661 	EXP 	eyetracker.setRecordingState(False)
85.6749 	EXP 	eyetracker.setRecordingState(False)
85.6862 	EXP 	eyetracker.setRecordingState(False)
85.6959 	EXP 	eyetracker.setRecordingState(False)
85.7047 	EXP 	eyetracker.setRecordingState(False)
85.7146 	EXP 	eyetracker.setRecordingState(False)
85.7240 	EXP 	eyetracker.setRecordingState(False)
85.7337 	EXP 	eyetracker.setRecordingState(False)
85.7425 	EXP 	eyetracker.setRecordingState(False)
85.7517 	EXP 	eyetracker.setRecordingState(False)
85.7617 	EXP 	eyetracker.setRecordingState(False)
85.7722 	EXP 	eyetracker.setRecordingState(False)
85.7838 	EXP 	eyetracker.setRecordingState(False)
85.7939 	EXP 	eyetracker.setRecordingState(False)
85.8045 	EXP 	eyetracker.setRecordingState(False)
85.8148 	EXP 	eyetracker.setRecordingState(False)
85.8253 	EXP 	eyetracker.setRecordingState(False)
85.8350 	EXP 	eyetracker.setRecordingState(False)
85.8453 	EXP 	eyetracker.setRecordingState(False)
85.8545 	EXP 	eyetracker.setRecordingState(False)
85.8636 	EXP 	eyetracker.setRecordingState(False)
85.8755 	EXP 	eyetracker.setRecordingState(False)
85.8862 	EXP 	eyetracker.setRecordingState(False)
85.8975 	EXP 	eyetracker.setRecordingState(False)
85.9077 	EXP 	eyetracker.setRecordingState(False)
85.9175 	EXP 	eyetracker.setRecordingState(False)
85.9269 	EXP 	eyetracker.setRecordingState(False)
85.9379 	EXP 	eyetracker.setRecordingState(False)
85.9474 	EXP 	eyetracker.setRecordingState(False)
85.9566 	EXP 	eyetracker.setRecordingState(False)
85.9666 	EXP 	eyetracker.setRecordingState(False)
85.9766 	EXP 	eyetracker.setRecordingState(False)
85.9871 	EXP 	eyetracker.setRecordingState(False)
85.9963 	EXP 	eyetracker.setRecordingState(False)
86.0048 	EXP 	eyetracker.setRecordingState(False)
86.0158 	EXP 	eyetracker.setRecordingState(False)
86.0233 	EXP 	eyetracker.setRecordingState(False)
86.0337 	EXP 	eyetracker.setRecordingState(False)
86.0433 	EXP 	eyetracker.setRecordingState(False)
86.0508 	EXP 	eyetracker.setRecordingState(False)
86.0580 	EXP 	eyetracker.setRecordingState(False)
86.0654 	EXP 	eyetracker.setRecordingState(False)
86.0738 	EXP 	eyetracker.setRecordingState(False)
86.0807 	EXP 	eyetracker.setRecordingState(False)
86.0891 	EXP 	eyetracker.setRecordingState(False)
86.0973 	EXP 	eyetracker.setRecordingState(False)
86.1058 	EXP 	eyetracker.setRecordingState(False)
86.1138 	EXP 	eyetracker.setRecordingState(False)
86.1227 	EXP 	eyetracker.setRecordingState(False)
86.1316 	EXP 	eyetracker.setRecordingState(False)
86.1424 	EXP 	eyetracker.setRecordingState(False)
86.1541 	EXP 	eyetracker.setRecordingState(False)
86.1631 	EXP 	eyetracker.setRecordingState(False)
86.1732 	EXP 	eyetracker.setRecordingState(False)
86.1830 	EXP 	eyetracker.setRecordingState(False)
86.1901 	EXP 	eyetracker.setRecordingState(False)
86.1975 	EXP 	eyetracker.setRecordingState(False)
86.2048 	EXP 	eyetracker.setRecordingState(False)
86.2109 	EXP 	eyetracker.setRecordingState(False)
86.2177 	EXP 	eyetracker.setRecordingState(False)
86.2253 	EXP 	eyetracker.setRecordingState(False)
86.2322 	EXP 	eyetracker.setRecordingState(False)
86.2391 	EXP 	eyetracker.setRecordingState(False)
86.2467 	EXP 	eyetracker.setRecordingState(False)
86.2543 	EXP 	eyetracker.setRecordingState(False)
86.2623 	EXP 	eyetracker.setRecordingState(False)
86.2705 	EXP 	eyetracker.setRecordingState(False)
86.2794 	EXP 	eyetracker.setRecordingState(False)
86.2873 	EXP 	eyetracker.setRecordingState(False)
86.2947 	EXP 	eyetracker.setRecordingState(False)
86.3018 	EXP 	eyetracker.setRecordingState(False)
86.3098 	EXP 	eyetracker.setRecordingState(False)
86.3177 	EXP 	eyetracker.setRecordingState(False)
86.3269 	EXP 	eyetracker.setRecordingState(False)
86.3358 	EXP 	eyetracker.setRecordingState(False)
86.3437 	EXP 	eyetracker.setRecordingState(False)
86.3507 	EXP 	eyetracker.setRecordingState(False)
86.3572 	EXP 	eyetracker.setRecordingState(False)
86.3642 	EXP 	eyetracker.setRecordingState(False)
86.3722 	EXP 	eyetracker.setRecordingState(False)
86.3803 	EXP 	eyetracker.setRecordingState(False)
86.3883 	EXP 	eyetracker.setRecordingState(False)
86.3965 	EXP 	eyetracker.setRecordingState(False)
86.4045 	EXP 	eyetracker.setRecordingState(False)
86.4132 	EXP 	eyetracker.setRecordingState(False)
86.4237 	EXP 	eyetracker.setRecordingState(False)
86.4324 	EXP 	eyetracker.setRecordingState(False)
86.4412 	EXP 	eyetracker.setRecordingState(False)
86.4505 	EXP 	eyetracker.setRecordingState(False)
86.4580 	EXP 	eyetracker.setRecordingState(False)
86.4663 	EXP 	eyetracker.setRecordingState(False)
86.4751 	EXP 	eyetracker.setRecordingState(False)
86.4844 	EXP 	eyetracker.setRecordingState(False)
86.4933 	EXP 	eyetracker.setRecordingState(False)
86.5030 	EXP 	eyetracker.setRecordingState(False)
86.5121 	EXP 	eyetracker.setRecordingState(False)
86.5195 	EXP 	eyetracker.setRecordingState(False)
86.5263 	EXP 	eyetracker.setRecordingState(False)
86.5339 	EXP 	eyetracker.setRecordingState(False)
86.5401 	EXP 	eyetracker.setRecordingState(False)
86.5459 	EXP 	eyetracker.setRecordingState(False)
86.5530 	EXP 	eyetracker.setRecordingState(False)
86.5608 	EXP 	eyetracker.setRecordingState(False)
86.5699 	EXP 	eyetracker.setRecordingState(False)
86.5782 	EXP 	eyetracker.setRecordingState(False)
86.5872 	EXP 	eyetracker.setRecordingState(False)
86.5973 	EXP 	eyetracker.setRecordingState(False)
86.6083 	EXP 	eyetracker.setRecordingState(False)
86.6178 	EXP 	eyetracker.setRecordingState(False)
86.6282 	EXP 	eyetracker.setRecordingState(False)
86.6381 	EXP 	eyetracker.setRecordingState(False)
86.6478 	EXP 	eyetracker.setRecordingState(False)
86.6578 	EXP 	eyetracker.setRecordingState(False)
86.6683 	EXP 	eyetracker.setRecordingState(False)
86.6791 	EXP 	eyetracker.setRecordingState(False)
86.6901 	EXP 	eyetracker.setRecordingState(False)
86.7013 	EXP 	eyetracker.setRecordingState(False)
86.7130 	EXP 	eyetracker.setRecordingState(False)
86.7223 	EXP 	eyetracker.setRecordingState(False)
86.7320 	EXP 	eyetracker.setRecordingState(False)
86.7423 	EXP 	eyetracker.setRecordingState(False)
86.7528 	EXP 	eyetracker.setRecordingState(False)
86.7641 	EXP 	eyetracker.setRecordingState(False)
86.7753 	EXP 	eyetracker.setRecordingState(False)
86.7852 	EXP 	eyetracker.setRecordingState(False)
86.7943 	EXP 	eyetracker.setRecordingState(False)
86.8032 	EXP 	eyetracker.setRecordingState(False)
86.8109 	EXP 	eyetracker.setRecordingState(False)
86.8193 	EXP 	eyetracker.setRecordingState(False)
86.8274 	EXP 	eyetracker.setRecordingState(False)
86.8361 	EXP 	eyetracker.setRecordingState(False)
86.8466 	EXP 	eyetracker.setRecordingState(False)
86.8569 	EXP 	eyetracker.setRecordingState(False)
86.8663 	EXP 	eyetracker.setRecordingState(False)
86.8771 	EXP 	eyetracker.setRecordingState(False)
86.8882 	EXP 	eyetracker.setRecordingState(False)
86.9007 	EXP 	eyetracker.setRecordingState(False)
86.9121 	EXP 	eyetracker.setRecordingState(False)
86.9242 	EXP 	eyetracker.setRecordingState(False)
86.9351 	EXP 	eyetracker.setRecordingState(False)
86.9439 	EXP 	eyetracker.setRecordingState(False)
86.9529 	EXP 	eyetracker.setRecordingState(False)
86.9619 	EXP 	eyetracker.setRecordingState(False)
86.9732 	EXP 	eyetracker.setRecordingState(False)
86.9835 	EXP 	eyetracker.setRecordingState(False)
86.9934 	EXP 	eyetracker.setRecordingState(False)
87.0035 	EXP 	eyetracker.setRecordingState(False)
87.0144 	EXP 	eyetracker.setRecordingState(False)
87.0222 	EXP 	eyetracker.setRecordingState(False)
87.0304 	EXP 	eyetracker.setRecordingState(False)
87.0408 	EXP 	eyetracker.setRecordingState(False)
87.0496 	EXP 	eyetracker.setRecordingState(False)
87.0594 	EXP 	eyetracker.setRecordingState(False)
87.0683 	EXP 	eyetracker.setRecordingState(False)
87.0769 	EXP 	eyetracker.setRecordingState(False)
87.0844 	EXP 	eyetracker.setRecordingState(False)
87.0917 	EXP 	eyetracker.setRecordingState(False)
87.0993 	EXP 	eyetracker.setRecordingState(False)
87.1070 	EXP 	eyetracker.setRecordingState(False)
87.1132 	EXP 	eyetracker.setRecordingState(False)
87.1208 	EXP 	eyetracker.setRecordingState(False)
87.1278 	EXP 	eyetracker.setRecordingState(False)
87.1373 	EXP 	eyetracker.setRecordingState(False)
87.1445 	EXP 	eyetracker.setRecordingState(False)
87.1522 	EXP 	eyetracker.setRecordingState(False)
87.1585 	EXP 	eyetracker.setRecordingState(False)
87.1659 	EXP 	eyetracker.setRecordingState(False)
87.1728 	EXP 	eyetracker.setRecordingState(False)
87.1803 	EXP 	eyetracker.setRecordingState(False)
87.1880 	EXP 	eyetracker.setRecordingState(False)
87.1950 	EXP 	eyetracker.setRecordingState(False)
87.2020 	EXP 	eyetracker.setRecordingState(False)
87.2103 	EXP 	eyetracker.setRecordingState(False)
87.2181 	EXP 	eyetracker.setRecordingState(False)
87.2250 	EXP 	eyetracker.setRecordingState(False)
87.2331 	EXP 	eyetracker.setRecordingState(False)
87.2415 	EXP 	eyetracker.setRecordingState(False)
87.2501 	EXP 	eyetracker.setRecordingState(False)
87.2574 	EXP 	eyetracker.setRecordingState(False)
87.2646 	EXP 	eyetracker.setRecordingState(False)
87.2716 	EXP 	eyetracker.setRecordingState(False)
87.2798 	EXP 	eyetracker.setRecordingState(False)
87.2880 	EXP 	eyetracker.setRecordingState(False)
87.2955 	EXP 	eyetracker.setRecordingState(False)
87.3027 	EXP 	eyetracker.setRecordingState(False)
87.3114 	EXP 	eyetracker.setRecordingState(False)
87.3198 	EXP 	eyetracker.setRecordingState(False)
87.3277 	EXP 	eyetracker.setRecordingState(False)
87.3359 	EXP 	eyetracker.setRecordingState(False)
87.3445 	EXP 	eyetracker.setRecordingState(False)
87.3517 	EXP 	eyetracker.setRecordingState(False)
87.3612 	EXP 	eyetracker.setRecordingState(False)
87.5772 	EXP 	eyetracker.setRecordingState(False)
87.5879 	EXP 	eyetracker.setRecordingState(False)
87.6015 	EXP 	eyetracker.setRecordingState(False)
87.6126 	EXP 	eyetracker.setRecordingState(False)
87.6226 	EXP 	eyetracker.setRecordingState(False)
87.6327 	EXP 	eyetracker.setRecordingState(False)
87.6450 	EXP 	eyetracker.setRecordingState(False)
87.6550 	EXP 	eyetracker.setRecordingState(False)
87.6650 	EXP 	eyetracker.setRecordingState(False)
87.6755 	EXP 	eyetracker.setRecordingState(False)
87.6857 	EXP 	eyetracker.setRecordingState(False)
87.6957 	EXP 	eyetracker.setRecordingState(False)
87.7067 	EXP 	eyetracker.setRecordingState(False)
87.7170 	EXP 	eyetracker.setRecordingState(False)
87.7275 	EXP 	eyetracker.setRecordingState(False)
87.7383 	EXP 	eyetracker.setRecordingState(False)
87.7482 	EXP 	eyetracker.setRecordingState(False)
87.7576 	EXP 	eyetracker.setRecordingState(False)
87.7687 	EXP 	eyetracker.setRecordingState(False)
87.7785 	EXP 	eyetracker.setRecordingState(False)
87.7887 	EXP 	eyetracker.setRecordingState(False)
87.8003 	EXP 	eyetracker.setRecordingState(False)
87.8112 	EXP 	eyetracker.setRecordingState(False)
87.8215 	EXP 	eyetracker.setRecordingState(False)
87.8334 	EXP 	eyetracker.setRecordingState(False)
87.8441 	EXP 	eyetracker.setRecordingState(False)
87.8541 	EXP 	eyetracker.setRecordingState(False)
87.8633 	EXP 	eyetracker.setRecordingState(False)
87.8728 	EXP 	eyetracker.setRecordingState(False)
87.8816 	EXP 	eyetracker.setRecordingState(False)
87.8899 	EXP 	eyetracker.setRecordingState(False)
87.8987 	EXP 	eyetracker.setRecordingState(False)
87.9093 	EXP 	eyetracker.setRecordingState(False)
87.9176 	EXP 	eyetracker.setRecordingState(False)
87.9260 	EXP 	eyetracker.setRecordingState(False)
87.9352 	EXP 	eyetracker.setRecordingState(False)
87.9436 	EXP 	eyetracker.setRecordingState(False)
87.9520 	EXP 	eyetracker.setRecordingState(False)
87.9607 	EXP 	eyetracker.setRecordingState(False)
87.9700 	EXP 	eyetracker.setRecordingState(False)
87.9786 	EXP 	eyetracker.setRecordingState(False)
87.9881 	EXP 	eyetracker.setRecordingState(False)
87.9984 	EXP 	eyetracker.setRecordingState(False)
88.0090 	EXP 	eyetracker.setRecordingState(False)
88.0196 	EXP 	eyetracker.setRecordingState(False)
88.0274 	EXP 	eyetracker.setRecordingState(False)
88.0360 	EXP 	eyetracker.setRecordingState(False)
88.0437 	EXP 	eyetracker.setRecordingState(False)
88.0517 	EXP 	eyetracker.setRecordingState(False)
88.0588 	EXP 	eyetracker.setRecordingState(False)
88.0666 	EXP 	eyetracker.setRecordingState(False)
88.0745 	EXP 	eyetracker.setRecordingState(False)
88.0826 	EXP 	eyetracker.setRecordingState(False)
88.0915 	EXP 	eyetracker.setRecordingState(False)
88.1004 	EXP 	eyetracker.setRecordingState(False)
88.1087 	EXP 	eyetracker.setRecordingState(False)
88.1160 	EXP 	eyetracker.setRecordingState(False)
88.1235 	EXP 	eyetracker.setRecordingState(False)
88.1307 	EXP 	eyetracker.setRecordingState(False)
88.1379 	EXP 	eyetracker.setRecordingState(False)
88.1454 	EXP 	eyetracker.setRecordingState(False)
88.1530 	EXP 	eyetracker.setRecordingState(False)
88.1605 	EXP 	eyetracker.setRecordingState(False)
88.1706 	EXP 	eyetracker.setRecordingState(False)
88.1779 	EXP 	eyetracker.setRecordingState(False)
88.1857 	EXP 	eyetracker.setRecordingState(False)
88.1923 	EXP 	eyetracker.setRecordingState(False)
88.1991 	EXP 	eyetracker.setRecordingState(False)
88.2060 	EXP 	eyetracker.setRecordingState(False)
88.2130 	EXP 	eyetracker.setRecordingState(False)
88.2200 	EXP 	eyetracker.setRecordingState(False)
88.2284 	EXP 	eyetracker.setRecordingState(False)
88.2366 	EXP 	eyetracker.setRecordingState(False)
88.2447 	EXP 	eyetracker.setRecordingState(False)
88.2552 	EXP 	eyetracker.setRecordingState(False)
88.2637 	EXP 	eyetracker.setRecordingState(False)
88.2716 	EXP 	eyetracker.setRecordingState(False)
88.2801 	EXP 	eyetracker.setRecordingState(False)
88.2891 	EXP 	eyetracker.setRecordingState(False)
88.2988 	EXP 	eyetracker.setRecordingState(False)
88.3092 	EXP 	eyetracker.setRecordingState(False)
88.3193 	EXP 	eyetracker.setRecordingState(False)
88.3279 	EXP 	eyetracker.setRecordingState(False)
88.3362 	EXP 	eyetracker.setRecordingState(False)
88.3450 	EXP 	eyetracker.setRecordingState(False)
88.3528 	EXP 	eyetracker.setRecordingState(False)
88.3622 	EXP 	eyetracker.setRecordingState(False)
88.3723 	EXP 	eyetracker.setRecordingState(False)
88.3812 	EXP 	eyetracker.setRecordingState(False)
88.3903 	EXP 	eyetracker.setRecordingState(False)
88.3992 	EXP 	eyetracker.setRecordingState(False)
88.4102 	EXP 	eyetracker.setRecordingState(False)
88.4194 	EXP 	eyetracker.setRecordingState(False)
88.4294 	EXP 	eyetracker.setRecordingState(False)
88.4379 	EXP 	eyetracker.setRecordingState(False)
88.4457 	EXP 	eyetracker.setRecordingState(False)
88.4531 	EXP 	eyetracker.setRecordingState(False)
88.4606 	EXP 	eyetracker.setRecordingState(False)
88.4715 	EXP 	eyetracker.setRecordingState(False)
88.4805 	EXP 	eyetracker.setRecordingState(False)
88.4891 	EXP 	eyetracker.setRecordingState(False)
88.4978 	EXP 	eyetracker.setRecordingState(False)
88.5073 	EXP 	eyetracker.setRecordingState(False)
88.5161 	EXP 	eyetracker.setRecordingState(False)
88.5247 	EXP 	eyetracker.setRecordingState(False)
88.5335 	EXP 	eyetracker.setRecordingState(False)
88.5432 	EXP 	eyetracker.setRecordingState(False)
88.5521 	EXP 	eyetracker.setRecordingState(False)
88.5621 	EXP 	eyetracker.setRecordingState(False)
88.5708 	EXP 	eyetracker.setRecordingState(False)
88.5802 	EXP 	eyetracker.setRecordingState(False)
88.5914 	EXP 	eyetracker.setRecordingState(False)
88.5989 	EXP 	eyetracker.setRecordingState(False)
88.6069 	EXP 	eyetracker.setRecordingState(False)
88.6145 	EXP 	eyetracker.setRecordingState(False)
88.6230 	EXP 	eyetracker.setRecordingState(False)
88.6317 	EXP 	eyetracker.setRecordingState(False)
88.6405 	EXP 	eyetracker.setRecordingState(False)
88.6493 	EXP 	eyetracker.setRecordingState(False)
88.6600 	EXP 	eyetracker.setRecordingState(False)
88.6695 	EXP 	eyetracker.setRecordingState(False)
88.6800 	EXP 	eyetracker.setRecordingState(False)
88.6902 	EXP 	eyetracker.setRecordingState(False)
88.7010 	EXP 	eyetracker.setRecordingState(False)
88.7103 	EXP 	eyetracker.setRecordingState(False)
88.7217 	EXP 	eyetracker.setRecordingState(False)
88.7319 	EXP 	eyetracker.setRecordingState(False)
88.7413 	EXP 	eyetracker.setRecordingState(False)
88.7506 	EXP 	eyetracker.setRecordingState(False)
88.7593 	EXP 	eyetracker.setRecordingState(False)
88.7689 	EXP 	eyetracker.setRecordingState(False)
88.7778 	EXP 	eyetracker.setRecordingState(False)
88.7860 	EXP 	eyetracker.setRecordingState(False)
88.7942 	EXP 	eyetracker.setRecordingState(False)
88.8022 	EXP 	eyetracker.setRecordingState(False)
88.8100 	EXP 	eyetracker.setRecordingState(False)
88.8180 	EXP 	eyetracker.setRecordingState(False)
88.8288 	EXP 	eyetracker.setRecordingState(False)
88.8372 	EXP 	eyetracker.setRecordingState(False)
88.8442 	EXP 	eyetracker.setRecordingState(False)
88.8513 	EXP 	eyetracker.setRecordingState(False)
88.8592 	EXP 	eyetracker.setRecordingState(False)
88.8676 	EXP 	eyetracker.setRecordingState(False)
88.8773 	EXP 	eyetracker.setRecordingState(False)
88.8870 	EXP 	eyetracker.setRecordingState(False)
88.8976 	EXP 	eyetracker.setRecordingState(False)
88.9075 	EXP 	eyetracker.setRecordingState(False)
88.9190 	EXP 	eyetracker.setRecordingState(False)
88.9281 	EXP 	eyetracker.setRecordingState(False)
88.9370 	EXP 	eyetracker.setRecordingState(False)
88.9460 	EXP 	eyetracker.setRecordingState(False)
88.9551 	EXP 	eyetracker.setRecordingState(False)
88.9632 	EXP 	eyetracker.setRecordingState(False)
88.9716 	EXP 	eyetracker.setRecordingState(False)
88.9830 	EXP 	eyetracker.setRecordingState(False)
88.9916 	EXP 	eyetracker.setRecordingState(False)
89.0011 	EXP 	eyetracker.setRecordingState(False)
89.0099 	EXP 	eyetracker.setRecordingState(False)
89.0180 	EXP 	eyetracker.setRecordingState(False)
89.0259 	EXP 	eyetracker.setRecordingState(False)
89.0338 	EXP 	eyetracker.setRecordingState(False)
89.0420 	EXP 	eyetracker.setRecordingState(False)
89.0521 	EXP 	eyetracker.setRecordingState(False)
89.0615 	EXP 	eyetracker.setRecordingState(False)
89.0716 	EXP 	eyetracker.setRecordingState(False)
89.0811 	EXP 	eyetracker.setRecordingState(False)
89.0898 	EXP 	eyetracker.setRecordingState(False)
89.1017 	EXP 	eyetracker.setRecordingState(False)
89.1132 	EXP 	eyetracker.setRecordingState(False)
89.1225 	EXP 	eyetracker.setRecordingState(False)
89.1312 	EXP 	eyetracker.setRecordingState(False)
89.1428 	EXP 	eyetracker.setRecordingState(False)
89.1519 	EXP 	eyetracker.setRecordingState(False)
89.1620 	EXP 	eyetracker.setRecordingState(False)
89.1716 	EXP 	eyetracker.setRecordingState(False)
89.1833 	EXP 	eyetracker.setRecordingState(False)
89.1921 	EXP 	eyetracker.setRecordingState(False)
89.1994 	EXP 	eyetracker.setRecordingState(False)
89.2069 	EXP 	eyetracker.setRecordingState(False)
89.2140 	EXP 	eyetracker.setRecordingState(False)
89.2220 	EXP 	eyetracker.setRecordingState(False)
89.2295 	EXP 	eyetracker.setRecordingState(False)
89.2384 	EXP 	eyetracker.setRecordingState(False)
89.2463 	EXP 	eyetracker.setRecordingState(False)
89.2549 	EXP 	eyetracker.setRecordingState(False)
89.2627 	EXP 	eyetracker.setRecordingState(False)
89.2714 	EXP 	eyetracker.setRecordingState(False)
89.2794 	EXP 	eyetracker.setRecordingState(False)
89.2887 	EXP 	eyetracker.setRecordingState(False)
89.2977 	EXP 	eyetracker.setRecordingState(False)
89.3066 	EXP 	eyetracker.setRecordingState(False)
89.3160 	EXP 	eyetracker.setRecordingState(False)
89.3257 	EXP 	eyetracker.setRecordingState(False)
89.3351 	EXP 	eyetracker.setRecordingState(False)
89.3454 	EXP 	eyetracker.setRecordingState(False)
89.3541 	EXP 	eyetracker.setRecordingState(False)
89.3629 	EXP 	eyetracker.setRecordingState(False)
89.3734 	EXP 	eyetracker.setRecordingState(False)
89.3825 	EXP 	eyetracker.setRecordingState(False)
89.3921 	EXP 	eyetracker.setRecordingState(False)
89.4037 	EXP 	eyetracker.setRecordingState(False)
89.4129 	EXP 	eyetracker.setRecordingState(False)
89.4230 	EXP 	eyetracker.setRecordingState(False)
89.4312 	EXP 	eyetracker.setRecordingState(False)
89.4392 	EXP 	eyetracker.setRecordingState(False)
89.4460 	EXP 	eyetracker.setRecordingState(False)
89.4524 	EXP 	eyetracker.setRecordingState(False)
89.4600 	EXP 	eyetracker.setRecordingState(False)
89.4677 	EXP 	eyetracker.setRecordingState(False)
89.4761 	EXP 	eyetracker.setRecordingState(False)
89.4834 	EXP 	eyetracker.setRecordingState(False)
89.4906 	EXP 	eyetracker.setRecordingState(False)
89.4980 	EXP 	eyetracker.setRecordingState(False)
89.5051 	EXP 	eyetracker.setRecordingState(False)
89.5118 	EXP 	eyetracker.setRecordingState(False)
89.5185 	EXP 	eyetracker.setRecordingState(False)
89.5261 	EXP 	eyetracker.setRecordingState(False)
89.5328 	EXP 	eyetracker.setRecordingState(False)
89.5399 	EXP 	eyetracker.setRecordingState(False)
89.5465 	EXP 	eyetracker.setRecordingState(False)
89.5543 	EXP 	eyetracker.setRecordingState(False)
89.5622 	EXP 	eyetracker.setRecordingState(False)
89.5701 	EXP 	eyetracker.setRecordingState(False)
89.5786 	EXP 	eyetracker.setRecordingState(False)
89.5875 	EXP 	eyetracker.setRecordingState(False)
89.5979 	EXP 	eyetracker.setRecordingState(False)
89.6104 	EXP 	eyetracker.setRecordingState(False)
89.6200 	EXP 	eyetracker.setRecordingState(False)
89.6301 	EXP 	eyetracker.setRecordingState(False)
89.6388 	EXP 	eyetracker.setRecordingState(False)
89.6466 	EXP 	eyetracker.setRecordingState(False)
89.6560 	EXP 	eyetracker.setRecordingState(False)
89.6639 	EXP 	eyetracker.setRecordingState(False)
89.6718 	EXP 	eyetracker.setRecordingState(False)
89.6795 	EXP 	eyetracker.setRecordingState(False)
89.6874 	EXP 	eyetracker.setRecordingState(False)
89.6958 	EXP 	eyetracker.setRecordingState(False)
89.7052 	EXP 	eyetracker.setRecordingState(False)
89.7154 	EXP 	eyetracker.setRecordingState(False)
89.7240 	EXP 	eyetracker.setRecordingState(False)
89.7330 	EXP 	eyetracker.setRecordingState(False)
89.7434 	EXP 	eyetracker.setRecordingState(False)
89.7532 	EXP 	eyetracker.setRecordingState(False)
89.7630 	EXP 	eyetracker.setRecordingState(False)
89.7732 	EXP 	eyetracker.setRecordingState(False)
89.7829 	EXP 	eyetracker.setRecordingState(False)
89.7929 	EXP 	eyetracker.setRecordingState(False)
89.8012 	EXP 	eyetracker.setRecordingState(False)
89.8129 	EXP 	eyetracker.setRecordingState(False)
89.8226 	EXP 	eyetracker.setRecordingState(False)
89.8313 	EXP 	eyetracker.setRecordingState(False)
89.8422 	EXP 	eyetracker.setRecordingState(False)
89.8513 	EXP 	eyetracker.setRecordingState(False)
89.8611 	EXP 	eyetracker.setRecordingState(False)
89.8714 	EXP 	eyetracker.setRecordingState(False)
89.8819 	EXP 	eyetracker.setRecordingState(False)
89.8920 	EXP 	eyetracker.setRecordingState(False)
89.9028 	EXP 	eyetracker.setRecordingState(False)
89.9117 	EXP 	eyetracker.setRecordingState(False)
89.9205 	EXP 	eyetracker.setRecordingState(False)
89.9308 	EXP 	eyetracker.setRecordingState(False)
89.9387 	EXP 	eyetracker.setRecordingState(False)
89.9461 	EXP 	eyetracker.setRecordingState(False)
89.9524 	EXP 	eyetracker.setRecordingState(False)
89.9593 	EXP 	eyetracker.setRecordingState(False)
89.9657 	EXP 	eyetracker.setRecordingState(False)
89.9729 	EXP 	eyetracker.setRecordingState(False)
89.9810 	EXP 	eyetracker.setRecordingState(False)
89.9909 	EXP 	eyetracker.setRecordingState(False)
90.0020 	EXP 	eyetracker.setRecordingState(False)
90.0137 	EXP 	eyetracker.setRecordingState(False)
90.0232 	EXP 	eyetracker.setRecordingState(False)
90.0344 	EXP 	eyetracker.setRecordingState(False)
90.0456 	EXP 	eyetracker.setRecordingState(False)
90.0607 	EXP 	eyetracker.setRecordingState(False)
90.0754 	EXP 	eyetracker.setRecordingState(False)
90.0921 	EXP 	eyetracker.setRecordingState(False)
90.1053 	EXP 	eyetracker.setRecordingState(False)
90.1173 	EXP 	eyetracker.setRecordingState(False)
90.1326 	EXP 	eyetracker.setRecordingState(False)
90.1448 	EXP 	eyetracker.setRecordingState(False)
90.1589 	EXP 	eyetracker.setRecordingState(False)
90.1711 	EXP 	eyetracker.setRecordingState(False)
90.1813 	EXP 	eyetracker.setRecordingState(False)
90.1912 	EXP 	eyetracker.setRecordingState(False)
90.2000 	EXP 	eyetracker.setRecordingState(False)
90.2092 	EXP 	eyetracker.setRecordingState(False)
90.2193 	EXP 	eyetracker.setRecordingState(False)
90.2286 	EXP 	eyetracker.setRecordingState(False)
90.2392 	EXP 	eyetracker.setRecordingState(False)
90.2514 	EXP 	eyetracker.setRecordingState(False)
90.2634 	EXP 	eyetracker.setRecordingState(False)
90.2751 	EXP 	eyetracker.setRecordingState(False)
90.2863 	EXP 	eyetracker.setRecordingState(False)
90.2965 	EXP 	eyetracker.setRecordingState(False)
90.3068 	EXP 	eyetracker.setRecordingState(False)
90.3156 	EXP 	eyetracker.setRecordingState(False)
90.3241 	EXP 	eyetracker.setRecordingState(False)
90.3321 	EXP 	eyetracker.setRecordingState(False)
90.3404 	EXP 	eyetracker.setRecordingState(False)
90.3491 	EXP 	eyetracker.setRecordingState(False)
90.3576 	EXP 	eyetracker.setRecordingState(False)
90.3651 	EXP 	eyetracker.setRecordingState(False)
90.3749 	EXP 	eyetracker.setRecordingState(False)
90.3842 	EXP 	eyetracker.setRecordingState(False)
90.3929 	EXP 	eyetracker.setRecordingState(False)
90.4017 	EXP 	eyetracker.setRecordingState(False)
90.4102 	EXP 	eyetracker.setRecordingState(False)
90.4177 	EXP 	eyetracker.setRecordingState(False)
90.4247 	EXP 	eyetracker.setRecordingState(False)
90.4308 	EXP 	eyetracker.setRecordingState(False)
90.4369 	EXP 	eyetracker.setRecordingState(False)
90.4430 	EXP 	eyetracker.setRecordingState(False)
90.4497 	EXP 	eyetracker.setRecordingState(False)
90.4570 	EXP 	eyetracker.setRecordingState(False)
90.4644 	EXP 	eyetracker.setRecordingState(False)
90.4719 	EXP 	eyetracker.setRecordingState(False)
90.4811 	EXP 	eyetracker.setRecordingState(False)
90.4896 	EXP 	eyetracker.setRecordingState(False)
90.4984 	EXP 	eyetracker.setRecordingState(False)
90.5064 	EXP 	eyetracker.setRecordingState(False)
90.5161 	EXP 	eyetracker.setRecordingState(False)
90.5251 	EXP 	eyetracker.setRecordingState(False)
90.5338 	EXP 	eyetracker.setRecordingState(False)
90.5448 	EXP 	eyetracker.setRecordingState(False)
90.5535 	EXP 	eyetracker.setRecordingState(False)
90.5637 	EXP 	eyetracker.setRecordingState(False)
90.5756 	EXP 	eyetracker.setRecordingState(False)
90.5855 	EXP 	eyetracker.setRecordingState(False)
90.5966 	EXP 	eyetracker.setRecordingState(False)
90.6063 	EXP 	eyetracker.setRecordingState(False)
90.6147 	EXP 	eyetracker.setRecordingState(False)
90.6235 	EXP 	eyetracker.setRecordingState(False)
90.6327 	EXP 	eyetracker.setRecordingState(False)
90.6420 	EXP 	eyetracker.setRecordingState(False)
90.6514 	EXP 	eyetracker.setRecordingState(False)
90.6619 	EXP 	eyetracker.setRecordingState(False)
90.6710 	EXP 	eyetracker.setRecordingState(False)
90.6800 	EXP 	eyetracker.setRecordingState(False)
90.6907 	EXP 	eyetracker.setRecordingState(False)
90.7003 	EXP 	eyetracker.setRecordingState(False)
90.7096 	EXP 	eyetracker.setRecordingState(False)
90.7211 	EXP 	eyetracker.setRecordingState(False)
90.7315 	EXP 	eyetracker.setRecordingState(False)
90.7418 	EXP 	eyetracker.setRecordingState(False)
90.7538 	EXP 	eyetracker.setRecordingState(False)
90.7640 	EXP 	eyetracker.setRecordingState(False)
90.7732 	EXP 	eyetracker.setRecordingState(False)
90.7836 	EXP 	eyetracker.setRecordingState(False)
90.7942 	EXP 	eyetracker.setRecordingState(False)
90.8039 	EXP 	eyetracker.setRecordingState(False)
90.8159 	EXP 	eyetracker.setRecordingState(False)
90.8260 	EXP 	eyetracker.setRecordingState(False)
90.8346 	EXP 	eyetracker.setRecordingState(False)
90.8448 	EXP 	eyetracker.setRecordingState(False)
90.8538 	EXP 	eyetracker.setRecordingState(False)
90.8628 	EXP 	eyetracker.setRecordingState(False)
90.8727 	EXP 	eyetracker.setRecordingState(False)
90.8823 	EXP 	eyetracker.setRecordingState(False)
90.8943 	EXP 	eyetracker.setRecordingState(False)
90.9046 	EXP 	eyetracker.setRecordingState(False)
90.9145 	EXP 	eyetracker.setRecordingState(False)
90.9244 	EXP 	eyetracker.setRecordingState(False)
90.9351 	EXP 	eyetracker.setRecordingState(False)
90.9432 	EXP 	eyetracker.setRecordingState(False)
90.9518 	EXP 	eyetracker.setRecordingState(False)
90.9612 	EXP 	eyetracker.setRecordingState(False)
90.9712 	EXP 	eyetracker.setRecordingState(False)
90.9800 	EXP 	eyetracker.setRecordingState(False)
90.9903 	EXP 	eyetracker.setRecordingState(False)
91.0018 	EXP 	eyetracker.setRecordingState(False)
91.0132 	EXP 	eyetracker.setRecordingState(False)
91.0269 	EXP 	eyetracker.setRecordingState(False)
91.0392 	EXP 	eyetracker.setRecordingState(False)
91.0505 	EXP 	eyetracker.setRecordingState(False)
91.0632 	EXP 	eyetracker.setRecordingState(False)
91.0760 	EXP 	eyetracker.setRecordingState(False)
91.0885 	EXP 	eyetracker.setRecordingState(False)
91.1018 	EXP 	eyetracker.setRecordingState(False)
91.1189 	EXP 	eyetracker.setRecordingState(False)
91.1359 	EXP 	eyetracker.setRecordingState(False)
91.1500 	EXP 	eyetracker.setRecordingState(False)
91.1627 	EXP 	eyetracker.setRecordingState(False)
91.1746 	EXP 	eyetracker.setRecordingState(False)
91.1856 	EXP 	eyetracker.setRecordingState(False)
91.1968 	EXP 	eyetracker.setRecordingState(False)
91.2089 	EXP 	eyetracker.setRecordingState(False)
91.2200 	EXP 	eyetracker.setRecordingState(False)
91.2300 	EXP 	eyetracker.setRecordingState(False)
91.2407 	EXP 	eyetracker.setRecordingState(False)
91.2510 	EXP 	eyetracker.setRecordingState(False)
91.2609 	EXP 	eyetracker.setRecordingState(False)
91.2708 	EXP 	eyetracker.setRecordingState(False)
91.2805 	EXP 	eyetracker.setRecordingState(False)
91.2906 	EXP 	eyetracker.setRecordingState(False)
91.3010 	EXP 	eyetracker.setRecordingState(False)
91.3109 	EXP 	eyetracker.setRecordingState(False)
91.3216 	EXP 	eyetracker.setRecordingState(False)
91.3312 	EXP 	eyetracker.setRecordingState(False)
91.3404 	EXP 	eyetracker.setRecordingState(False)
91.3497 	EXP 	eyetracker.setRecordingState(False)
91.3583 	EXP 	eyetracker.setRecordingState(False)
91.3667 	EXP 	eyetracker.setRecordingState(False)
91.3753 	EXP 	eyetracker.setRecordingState(False)
91.3857 	EXP 	eyetracker.setRecordingState(False)
91.3958 	EXP 	eyetracker.setRecordingState(False)
91.4058 	EXP 	eyetracker.setRecordingState(False)
91.4159 	EXP 	eyetracker.setRecordingState(False)
91.4258 	EXP 	eyetracker.setRecordingState(False)
91.4344 	EXP 	eyetracker.setRecordingState(False)
91.4448 	EXP 	eyetracker.setRecordingState(False)
91.4546 	EXP 	eyetracker.setRecordingState(False)
91.4633 	EXP 	eyetracker.setRecordingState(False)
91.4729 	EXP 	eyetracker.setRecordingState(False)
91.4828 	EXP 	eyetracker.setRecordingState(False)
91.4907 	EXP 	eyetracker.setRecordingState(False)
91.4983 	EXP 	eyetracker.setRecordingState(False)
91.5048 	EXP 	eyetracker.setRecordingState(False)
91.5106 	EXP 	eyetracker.setRecordingState(False)
91.5172 	EXP 	eyetracker.setRecordingState(False)
91.5232 	EXP 	eyetracker.setRecordingState(False)
91.5298 	EXP 	eyetracker.setRecordingState(False)
91.5372 	EXP 	eyetracker.setRecordingState(False)
91.5447 	EXP 	eyetracker.setRecordingState(False)
91.5529 	EXP 	eyetracker.setRecordingState(False)
91.5617 	EXP 	eyetracker.setRecordingState(False)
91.5712 	EXP 	eyetracker.setRecordingState(False)
91.5810 	EXP 	eyetracker.setRecordingState(False)
91.5906 	EXP 	eyetracker.setRecordingState(False)
91.6013 	EXP 	eyetracker.setRecordingState(False)
91.6110 	EXP 	eyetracker.setRecordingState(False)
91.6228 	EXP 	eyetracker.setRecordingState(False)
91.6333 	EXP 	eyetracker.setRecordingState(False)
91.6434 	EXP 	eyetracker.setRecordingState(False)
91.6533 	EXP 	eyetracker.setRecordingState(False)
91.6650 	EXP 	eyetracker.setRecordingState(False)
91.6744 	EXP 	eyetracker.setRecordingState(False)
91.6843 	EXP 	eyetracker.setRecordingState(False)
91.6949 	EXP 	eyetracker.setRecordingState(False)
91.7040 	EXP 	eyetracker.setRecordingState(False)
91.7141 	EXP 	eyetracker.setRecordingState(False)
91.7247 	EXP 	eyetracker.setRecordingState(False)
91.7338 	EXP 	eyetracker.setRecordingState(False)
91.7436 	EXP 	eyetracker.setRecordingState(False)
91.7527 	EXP 	eyetracker.setRecordingState(False)
91.7611 	EXP 	eyetracker.setRecordingState(False)
91.7698 	EXP 	eyetracker.setRecordingState(False)
91.7784 	EXP 	eyetracker.setRecordingState(False)
91.7879 	EXP 	eyetracker.setRecordingState(False)
91.7965 	EXP 	eyetracker.setRecordingState(False)
91.8053 	EXP 	eyetracker.setRecordingState(False)
91.8145 	EXP 	eyetracker.setRecordingState(False)
91.8243 	EXP 	eyetracker.setRecordingState(False)
91.8343 	EXP 	eyetracker.setRecordingState(False)
91.8450 	EXP 	eyetracker.setRecordingState(False)
91.8553 	EXP 	eyetracker.setRecordingState(False)
91.8654 	EXP 	eyetracker.setRecordingState(False)
91.8742 	EXP 	eyetracker.setRecordingState(False)
91.8830 	EXP 	eyetracker.setRecordingState(False)
91.8919 	EXP 	eyetracker.setRecordingState(False)
91.9013 	EXP 	eyetracker.setRecordingState(False)
91.9115 	EXP 	eyetracker.setRecordingState(False)
91.9215 	EXP 	eyetracker.setRecordingState(False)
91.9325 	EXP 	eyetracker.setRecordingState(False)
91.9429 	EXP 	eyetracker.setRecordingState(False)
91.9533 	EXP 	eyetracker.setRecordingState(False)
91.9644 	EXP 	eyetracker.setRecordingState(False)
91.9771 	EXP 	eyetracker.setRecordingState(False)
91.9912 	EXP 	eyetracker.setRecordingState(False)
92.0040 	EXP 	eyetracker.setRecordingState(False)
92.0190 	EXP 	eyetracker.setRecordingState(False)
92.0348 	EXP 	eyetracker.setRecordingState(False)
92.0529 	EXP 	eyetracker.setRecordingState(False)
92.0699 	EXP 	eyetracker.setRecordingState(False)
92.0890 	EXP 	eyetracker.setRecordingState(False)
92.1058 	EXP 	eyetracker.setRecordingState(False)
92.1232 	EXP 	eyetracker.setRecordingState(False)
92.1395 	EXP 	eyetracker.setRecordingState(False)
92.1527 	EXP 	eyetracker.setRecordingState(False)
92.1647 	EXP 	eyetracker.setRecordingState(False)
92.1765 	EXP 	eyetracker.setRecordingState(False)
92.1872 	EXP 	eyetracker.setRecordingState(False)
92.1989 	EXP 	eyetracker.setRecordingState(False)
92.2087 	EXP 	eyetracker.setRecordingState(False)
92.2183 	EXP 	eyetracker.setRecordingState(False)
92.2284 	EXP 	eyetracker.setRecordingState(False)
92.2383 	EXP 	eyetracker.setRecordingState(False)
92.2493 	EXP 	eyetracker.setRecordingState(False)
92.2604 	EXP 	eyetracker.setRecordingState(False)
92.2717 	EXP 	eyetracker.setRecordingState(False)
92.2826 	EXP 	eyetracker.setRecordingState(False)
92.2948 	EXP 	eyetracker.setRecordingState(False)
92.3069 	EXP 	eyetracker.setRecordingState(False)
92.3182 	EXP 	eyetracker.setRecordingState(False)
92.3294 	EXP 	eyetracker.setRecordingState(False)
92.3411 	EXP 	eyetracker.setRecordingState(False)
92.3570 	EXP 	eyetracker.setRecordingState(False)
92.3700 	EXP 	eyetracker.setRecordingState(False)
92.3834 	EXP 	eyetracker.setRecordingState(False)
92.3949 	EXP 	eyetracker.setRecordingState(False)
92.4055 	EXP 	eyetracker.setRecordingState(False)
92.4181 	EXP 	eyetracker.setRecordingState(False)
92.4281 	EXP 	eyetracker.setRecordingState(False)
92.4375 	EXP 	eyetracker.setRecordingState(False)
92.4479 	EXP 	eyetracker.setRecordingState(False)
92.4565 	EXP 	eyetracker.setRecordingState(False)
92.4667 	EXP 	eyetracker.setRecordingState(False)
92.4784 	EXP 	eyetracker.setRecordingState(False)
92.4887 	EXP 	eyetracker.setRecordingState(False)
92.4989 	EXP 	eyetracker.setRecordingState(False)
92.5103 	EXP 	eyetracker.setRecordingState(False)
92.5196 	EXP 	eyetracker.setRecordingState(False)
92.5293 	EXP 	eyetracker.setRecordingState(False)
92.5381 	EXP 	eyetracker.setRecordingState(False)
92.5475 	EXP 	eyetracker.setRecordingState(False)
92.5570 	EXP 	eyetracker.setRecordingState(False)
92.5668 	EXP 	eyetracker.setRecordingState(False)
92.5762 	EXP 	eyetracker.setRecordingState(False)
92.5860 	EXP 	eyetracker.setRecordingState(False)
92.5962 	EXP 	eyetracker.setRecordingState(False)
92.6067 	EXP 	eyetracker.setRecordingState(False)
92.6179 	EXP 	eyetracker.setRecordingState(False)
92.6299 	EXP 	eyetracker.setRecordingState(False)
92.6414 	EXP 	eyetracker.setRecordingState(False)
92.6530 	EXP 	eyetracker.setRecordingState(False)
92.6638 	EXP 	eyetracker.setRecordingState(False)
92.6738 	EXP 	eyetracker.setRecordingState(False)
92.6833 	EXP 	eyetracker.setRecordingState(False)
92.6929 	EXP 	eyetracker.setRecordingState(False)
92.7025 	EXP 	eyetracker.setRecordingState(False)
92.7113 	EXP 	eyetracker.setRecordingState(False)
92.7201 	EXP 	eyetracker.setRecordingState(False)
92.7295 	EXP 	eyetracker.setRecordingState(False)
92.7396 	EXP 	eyetracker.setRecordingState(False)
92.7491 	EXP 	eyetracker.setRecordingState(False)
92.7580 	EXP 	eyetracker.setRecordingState(False)
92.7664 	EXP 	eyetracker.setRecordingState(False)
92.7756 	EXP 	eyetracker.setRecordingState(False)
92.7851 	EXP 	eyetracker.setRecordingState(False)
92.7943 	EXP 	eyetracker.setRecordingState(False)
92.8024 	EXP 	eyetracker.setRecordingState(False)
92.8114 	EXP 	eyetracker.setRecordingState(False)
92.8204 	EXP 	eyetracker.setRecordingState(False)
92.8291 	EXP 	eyetracker.setRecordingState(False)
92.8381 	EXP 	eyetracker.setRecordingState(False)
92.8476 	EXP 	eyetracker.setRecordingState(False)
92.8558 	EXP 	eyetracker.setRecordingState(False)
92.8637 	EXP 	eyetracker.setRecordingState(False)
92.8715 	EXP 	eyetracker.setRecordingState(False)
92.8807 	EXP 	eyetracker.setRecordingState(False)
92.8904 	EXP 	eyetracker.setRecordingState(False)
92.8996 	EXP 	eyetracker.setRecordingState(False)
92.9090 	EXP 	eyetracker.setRecordingState(False)
92.9192 	EXP 	eyetracker.setRecordingState(False)
92.9313 	EXP 	eyetracker.setRecordingState(False)
92.9401 	EXP 	eyetracker.setRecordingState(False)
92.9478 	EXP 	eyetracker.setRecordingState(False)
92.9546 	EXP 	eyetracker.setRecordingState(False)
92.9622 	EXP 	eyetracker.setRecordingState(False)
92.9707 	EXP 	eyetracker.setRecordingState(False)
92.9791 	EXP 	eyetracker.setRecordingState(False)
92.9877 	EXP 	eyetracker.setRecordingState(False)
92.9957 	EXP 	eyetracker.setRecordingState(False)
93.0029 	EXP 	eyetracker.setRecordingState(False)
93.0096 	EXP 	eyetracker.setRecordingState(False)
93.0160 	EXP 	eyetracker.setRecordingState(False)
93.0229 	EXP 	eyetracker.setRecordingState(False)
93.0298 	EXP 	eyetracker.setRecordingState(False)
93.0370 	EXP 	eyetracker.setRecordingState(False)
93.0437 	EXP 	eyetracker.setRecordingState(False)
93.0508 	EXP 	eyetracker.setRecordingState(False)
93.0540 	DATA 	Mouse: Left button down, pos=(1468,508)
93.0602 	EXP 	eyetracker.setRecordingState(False)
93.0631 	EXP 	eyetracker.setRecordingState(False)
93.0776 	INFO 	Keyboard events cleared
93.0768 	EXP 	text_instr: autoDraw = False
93.0768 	EXP 	kandos: autoDraw = False
93.0768 	EXP 	ritzbury: autoDraw = False
93.0768 	EXP 	revello: autoDraw = False
93.0768 	EXP 	cadbury: autoDraw = False
93.0768 	EXP 	text_20: autoDraw = False
93.0768 	EXP 	text_21: autoDraw = False
93.0768 	EXP 	text_22: autoDraw = False
93.0768 	EXP 	text_23: autoDraw = False
93.0768 	EXP 	text_instr_2: autoDraw = True
93.0768 	EXP 	goldi: autoDraw = True
93.0768 	EXP 	elephanthouse: autoDraw = True
93.0768 	EXP 	krest: autoDraw = True
93.0768 	EXP 	pussalla: autoDraw = True
93.0768 	EXP 	text_16: autoDraw = True
93.0768 	EXP 	text_17: autoDraw = True
93.0768 	EXP 	text_18: autoDraw = True
93.0768 	EXP 	text_19: autoDraw = True
93.0792 	EXP 	eyetracker.setRecordingState(False)
93.0858 	EXP 	eyetracker.setRecordingState(False)
93.0924 	EXP 	eyetracker.setRecordingState(False)
93.1001 	EXP 	eyetracker.setRecordingState(False)
93.1073 	EXP 	eyetracker.setRecordingState(False)
93.1144 	EXP 	eyetracker.setRecordingState(False)
93.1221 	EXP 	eyetracker.setRecordingState(False)
93.1300 	EXP 	eyetracker.setRecordingState(False)
93.1379 	EXP 	eyetracker.setRecordingState(False)
93.1465 	EXP 	eyetracker.setRecordingState(False)
93.1562 	EXP 	eyetracker.setRecordingState(False)
93.1649 	EXP 	eyetracker.setRecordingState(False)
93.1742 	EXP 	eyetracker.setRecordingState(False)
93.1842 	EXP 	eyetracker.setRecordingState(False)
93.1935 	EXP 	eyetracker.setRecordingState(False)
93.2020 	EXP 	eyetracker.setRecordingState(False)
93.2114 	EXP 	eyetracker.setRecordingState(False)
93.2199 	EXP 	eyetracker.setRecordingState(False)
93.2290 	EXP 	eyetracker.setRecordingState(False)
93.2394 	EXP 	eyetracker.setRecordingState(False)
93.2483 	EXP 	eyetracker.setRecordingState(False)
93.2585 	EXP 	eyetracker.setRecordingState(False)
93.2680 	EXP 	eyetracker.setRecordingState(False)
93.2778 	EXP 	eyetracker.setRecordingState(False)
93.2840 	DATA 	Mouse:  Left button up, pos=(1468,508)
93.2899 	EXP 	eyetracker.setRecordingState(False)
93.3003 	EXP 	eyetracker.setRecordingState(False)
93.3092 	EXP 	eyetracker.setRecordingState(False)
93.3198 	EXP 	eyetracker.setRecordingState(False)
93.3300 	EXP 	eyetracker.setRecordingState(False)
93.3397 	EXP 	eyetracker.setRecordingState(False)
93.3509 	EXP 	eyetracker.setRecordingState(False)
93.3613 	EXP 	eyetracker.setRecordingState(False)
93.3712 	EXP 	eyetracker.setRecordingState(False)
93.3817 	EXP 	eyetracker.setRecordingState(False)
93.3917 	EXP 	eyetracker.setRecordingState(False)
93.4012 	EXP 	eyetracker.setRecordingState(False)
93.4122 	EXP 	eyetracker.setRecordingState(False)
93.4214 	EXP 	eyetracker.setRecordingState(False)
93.4293 	EXP 	eyetracker.setRecordingState(False)
93.4377 	EXP 	eyetracker.setRecordingState(False)
93.4463 	EXP 	eyetracker.setRecordingState(False)
93.4551 	EXP 	eyetracker.setRecordingState(False)
93.4636 	EXP 	eyetracker.setRecordingState(False)
93.4733 	EXP 	eyetracker.setRecordingState(False)
93.4826 	EXP 	eyetracker.setRecordingState(False)
93.4913 	EXP 	eyetracker.setRecordingState(False)
93.4997 	EXP 	eyetracker.setRecordingState(False)
93.5081 	EXP 	eyetracker.setRecordingState(False)
93.5172 	EXP 	eyetracker.setRecordingState(False)
93.5266 	EXP 	eyetracker.setRecordingState(False)
93.5369 	EXP 	eyetracker.setRecordingState(False)
93.5472 	EXP 	eyetracker.setRecordingState(False)
93.5573 	EXP 	eyetracker.setRecordingState(False)
93.5667 	EXP 	eyetracker.setRecordingState(False)
93.5760 	EXP 	eyetracker.setRecordingState(False)
93.5859 	EXP 	eyetracker.setRecordingState(False)
93.5956 	EXP 	eyetracker.setRecordingState(False)
93.6072 	EXP 	eyetracker.setRecordingState(False)
93.6163 	EXP 	eyetracker.setRecordingState(False)
93.6254 	EXP 	eyetracker.setRecordingState(False)
93.6349 	EXP 	eyetracker.setRecordingState(False)
93.6442 	EXP 	eyetracker.setRecordingState(False)
93.6534 	EXP 	eyetracker.setRecordingState(False)
93.6637 	EXP 	eyetracker.setRecordingState(False)
93.6728 	EXP 	eyetracker.setRecordingState(False)
93.6821 	EXP 	eyetracker.setRecordingState(False)
93.6912 	EXP 	eyetracker.setRecordingState(False)
93.7003 	EXP 	eyetracker.setRecordingState(False)
93.7087 	EXP 	eyetracker.setRecordingState(False)
93.7180 	EXP 	eyetracker.setRecordingState(False)
93.7271 	EXP 	eyetracker.setRecordingState(False)
93.7363 	EXP 	eyetracker.setRecordingState(False)
93.7453 	EXP 	eyetracker.setRecordingState(False)
93.7545 	EXP 	eyetracker.setRecordingState(False)
93.7628 	EXP 	eyetracker.setRecordingState(False)
93.7714 	EXP 	eyetracker.setRecordingState(False)
93.7802 	EXP 	eyetracker.setRecordingState(False)
93.7889 	EXP 	eyetracker.setRecordingState(False)
93.7979 	EXP 	eyetracker.setRecordingState(False)
93.8076 	EXP 	eyetracker.setRecordingState(False)
93.8168 	EXP 	eyetracker.setRecordingState(False)
93.8251 	EXP 	eyetracker.setRecordingState(False)
93.8334 	EXP 	eyetracker.setRecordingState(False)
93.8424 	EXP 	eyetracker.setRecordingState(False)
93.8511 	EXP 	eyetracker.setRecordingState(False)
93.8606 	EXP 	eyetracker.setRecordingState(False)
93.8693 	EXP 	eyetracker.setRecordingState(False)
93.8788 	EXP 	eyetracker.setRecordingState(False)
93.8888 	EXP 	eyetracker.setRecordingState(False)
93.8982 	EXP 	eyetracker.setRecordingState(False)
93.9080 	EXP 	eyetracker.setRecordingState(False)
93.9185 	EXP 	eyetracker.setRecordingState(False)
93.9272 	EXP 	eyetracker.setRecordingState(False)
93.9358 	EXP 	eyetracker.setRecordingState(False)
93.9434 	EXP 	eyetracker.setRecordingState(False)
93.9523 	EXP 	eyetracker.setRecordingState(False)
93.9591 	EXP 	eyetracker.setRecordingState(False)
93.9662 	EXP 	eyetracker.setRecordingState(False)
93.9719 	EXP 	eyetracker.setRecordingState(False)
93.9772 	EXP 	eyetracker.setRecordingState(False)
93.9823 	EXP 	eyetracker.setRecordingState(False)
93.9880 	EXP 	eyetracker.setRecordingState(False)
93.9942 	EXP 	eyetracker.setRecordingState(False)
94.0005 	EXP 	eyetracker.setRecordingState(False)
94.0075 	EXP 	eyetracker.setRecordingState(False)
94.0139 	EXP 	eyetracker.setRecordingState(False)
94.0210 	EXP 	eyetracker.setRecordingState(False)
94.0280 	EXP 	eyetracker.setRecordingState(False)
94.0349 	EXP 	eyetracker.setRecordingState(False)
94.0415 	EXP 	eyetracker.setRecordingState(False)
94.0487 	EXP 	eyetracker.setRecordingState(False)
94.0557 	EXP 	eyetracker.setRecordingState(False)
94.0630 	EXP 	eyetracker.setRecordingState(False)
94.0703 	EXP 	eyetracker.setRecordingState(False)
94.0770 	EXP 	eyetracker.setRecordingState(False)
94.0843 	EXP 	eyetracker.setRecordingState(False)
94.0917 	EXP 	eyetracker.setRecordingState(False)
94.0992 	EXP 	eyetracker.setRecordingState(False)
94.1055 	EXP 	eyetracker.setRecordingState(False)
94.1141 	EXP 	eyetracker.setRecordingState(False)
94.1240 	EXP 	eyetracker.setRecordingState(False)
94.1347 	EXP 	eyetracker.setRecordingState(False)
94.1454 	EXP 	eyetracker.setRecordingState(False)
94.1573 	EXP 	eyetracker.setRecordingState(False)
94.1710 	EXP 	eyetracker.setRecordingState(False)
94.1828 	EXP 	eyetracker.setRecordingState(False)
94.1942 	EXP 	eyetracker.setRecordingState(False)
94.2060 	EXP 	eyetracker.setRecordingState(False)
94.2156 	EXP 	eyetracker.setRecordingState(False)
94.2272 	EXP 	eyetracker.setRecordingState(False)
94.2373 	EXP 	eyetracker.setRecordingState(False)
94.2477 	EXP 	eyetracker.setRecordingState(False)
94.2570 	EXP 	eyetracker.setRecordingState(False)
94.2666 	EXP 	eyetracker.setRecordingState(False)
94.2762 	EXP 	eyetracker.setRecordingState(False)
94.2869 	EXP 	eyetracker.setRecordingState(False)
94.2969 	EXP 	eyetracker.setRecordingState(False)
94.3072 	EXP 	eyetracker.setRecordingState(False)
94.3169 	EXP 	eyetracker.setRecordingState(False)
94.3269 	EXP 	eyetracker.setRecordingState(False)
94.3360 	EXP 	eyetracker.setRecordingState(False)
94.3458 	EXP 	eyetracker.setRecordingState(False)
94.3559 	EXP 	eyetracker.setRecordingState(False)
94.3657 	EXP 	eyetracker.setRecordingState(False)
94.3754 	EXP 	eyetracker.setRecordingState(False)
94.3859 	EXP 	eyetracker.setRecordingState(False)
94.3964 	EXP 	eyetracker.setRecordingState(False)
94.4071 	EXP 	eyetracker.setRecordingState(False)
94.4181 	EXP 	eyetracker.setRecordingState(False)
94.4283 	EXP 	eyetracker.setRecordingState(False)
94.4378 	EXP 	eyetracker.setRecordingState(False)
94.4473 	EXP 	eyetracker.setRecordingState(False)
94.4560 	EXP 	eyetracker.setRecordingState(False)
94.4653 	EXP 	eyetracker.setRecordingState(False)
94.4751 	EXP 	eyetracker.setRecordingState(False)
94.4834 	EXP 	eyetracker.setRecordingState(False)
94.4922 	EXP 	eyetracker.setRecordingState(False)
94.5008 	EXP 	eyetracker.setRecordingState(False)
94.5097 	EXP 	eyetracker.setRecordingState(False)
94.5182 	EXP 	eyetracker.setRecordingState(False)
94.5260 	EXP 	eyetracker.setRecordingState(False)
94.5337 	EXP 	eyetracker.setRecordingState(False)
94.5414 	EXP 	eyetracker.setRecordingState(False)
94.5488 	EXP 	eyetracker.setRecordingState(False)
94.5565 	EXP 	eyetracker.setRecordingState(False)
94.5654 	EXP 	eyetracker.setRecordingState(False)
94.5746 	EXP 	eyetracker.setRecordingState(False)
94.5844 	EXP 	eyetracker.setRecordingState(False)
94.5943 	EXP 	eyetracker.setRecordingState(False)
94.6039 	EXP 	eyetracker.setRecordingState(False)
94.6125 	EXP 	eyetracker.setRecordingState(False)
94.6226 	EXP 	eyetracker.setRecordingState(False)
94.6339 	EXP 	eyetracker.setRecordingState(False)
94.6431 	EXP 	eyetracker.setRecordingState(False)
94.6500 	EXP 	eyetracker.setRecordingState(False)
94.6572 	EXP 	eyetracker.setRecordingState(False)
94.6641 	EXP 	eyetracker.setRecordingState(False)
94.6707 	EXP 	eyetracker.setRecordingState(False)
94.6782 	EXP 	eyetracker.setRecordingState(False)
94.6854 	EXP 	eyetracker.setRecordingState(False)
94.6941 	EXP 	eyetracker.setRecordingState(False)
94.7019 	EXP 	eyetracker.setRecordingState(False)
94.7109 	EXP 	eyetracker.setRecordingState(False)
94.7201 	EXP 	eyetracker.setRecordingState(False)
94.7292 	EXP 	eyetracker.setRecordingState(False)
94.7392 	EXP 	eyetracker.setRecordingState(False)
94.7487 	EXP 	eyetracker.setRecordingState(False)
94.7588 	EXP 	eyetracker.setRecordingState(False)
94.7698 	EXP 	eyetracker.setRecordingState(False)
94.7795 	EXP 	eyetracker.setRecordingState(False)
94.7892 	EXP 	eyetracker.setRecordingState(False)
94.7992 	EXP 	eyetracker.setRecordingState(False)
94.8104 	EXP 	eyetracker.setRecordingState(False)
94.8209 	EXP 	eyetracker.setRecordingState(False)
94.8317 	EXP 	eyetracker.setRecordingState(False)
94.8425 	EXP 	eyetracker.setRecordingState(False)
94.8517 	EXP 	eyetracker.setRecordingState(False)
94.8615 	EXP 	eyetracker.setRecordingState(False)
94.8713 	EXP 	eyetracker.setRecordingState(False)
94.8813 	EXP 	eyetracker.setRecordingState(False)
94.8905 	EXP 	eyetracker.setRecordingState(False)
94.8997 	EXP 	eyetracker.setRecordingState(False)
94.9093 	EXP 	eyetracker.setRecordingState(False)
94.9180 	EXP 	eyetracker.setRecordingState(False)
94.9284 	EXP 	eyetracker.setRecordingState(False)
94.9379 	EXP 	eyetracker.setRecordingState(False)
94.9480 	EXP 	eyetracker.setRecordingState(False)
94.9583 	EXP 	eyetracker.setRecordingState(False)
94.9687 	EXP 	eyetracker.setRecordingState(False)
94.9785 	EXP 	eyetracker.setRecordingState(False)
94.9884 	EXP 	eyetracker.setRecordingState(False)
94.9968 	EXP 	eyetracker.setRecordingState(False)
95.0041 	EXP 	eyetracker.setRecordingState(False)
95.0115 	EXP 	eyetracker.setRecordingState(False)
95.0194 	EXP 	eyetracker.setRecordingState(False)
95.0280 	EXP 	eyetracker.setRecordingState(False)
95.0370 	EXP 	eyetracker.setRecordingState(False)
95.0460 	EXP 	eyetracker.setRecordingState(False)
95.0549 	EXP 	eyetracker.setRecordingState(False)
95.0636 	EXP 	eyetracker.setRecordingState(False)
95.0725 	EXP 	eyetracker.setRecordingState(False)
95.0808 	EXP 	eyetracker.setRecordingState(False)
95.0899 	EXP 	eyetracker.setRecordingState(False)
95.0998 	EXP 	eyetracker.setRecordingState(False)
95.1102 	EXP 	eyetracker.setRecordingState(False)
95.1190 	EXP 	eyetracker.setRecordingState(False)
95.1283 	EXP 	eyetracker.setRecordingState(False)
95.1365 	EXP 	eyetracker.setRecordingState(False)
95.1456 	EXP 	eyetracker.setRecordingState(False)
95.1536 	EXP 	eyetracker.setRecordingState(False)
95.1620 	EXP 	eyetracker.setRecordingState(False)
95.1708 	EXP 	eyetracker.setRecordingState(False)
95.1797 	EXP 	eyetracker.setRecordingState(False)
95.1897 	EXP 	eyetracker.setRecordingState(False)
95.1994 	EXP 	eyetracker.setRecordingState(False)
95.2087 	EXP 	eyetracker.setRecordingState(False)
95.2178 	EXP 	eyetracker.setRecordingState(False)
95.2273 	EXP 	eyetracker.setRecordingState(False)
95.2366 	EXP 	eyetracker.setRecordingState(False)
95.2450 	EXP 	eyetracker.setRecordingState(False)
95.2536 	EXP 	eyetracker.setRecordingState(False)
95.2617 	EXP 	eyetracker.setRecordingState(False)
95.2696 	EXP 	eyetracker.setRecordingState(False)
95.2780 	EXP 	eyetracker.setRecordingState(False)
95.2858 	EXP 	eyetracker.setRecordingState(False)
95.2939 	EXP 	eyetracker.setRecordingState(False)
95.3024 	EXP 	eyetracker.setRecordingState(False)
95.3116 	EXP 	eyetracker.setRecordingState(False)
95.3204 	EXP 	eyetracker.setRecordingState(False)
95.3298 	EXP 	eyetracker.setRecordingState(False)
95.3387 	EXP 	eyetracker.setRecordingState(False)
95.3478 	EXP 	eyetracker.setRecordingState(False)
95.3573 	EXP 	eyetracker.setRecordingState(False)
95.3667 	EXP 	eyetracker.setRecordingState(False)
95.3766 	EXP 	eyetracker.setRecordingState(False)
95.3862 	EXP 	eyetracker.setRecordingState(False)
95.3973 	EXP 	eyetracker.setRecordingState(False)
95.4080 	EXP 	eyetracker.setRecordingState(False)
95.4180 	EXP 	eyetracker.setRecordingState(False)
95.4272 	EXP 	eyetracker.setRecordingState(False)
95.4360 	EXP 	eyetracker.setRecordingState(False)
95.4445 	EXP 	eyetracker.setRecordingState(False)
95.4539 	EXP 	eyetracker.setRecordingState(False)
95.4632 	EXP 	eyetracker.setRecordingState(False)
95.4717 	EXP 	eyetracker.setRecordingState(False)
95.4801 	EXP 	eyetracker.setRecordingState(False)
95.4889 	EXP 	eyetracker.setRecordingState(False)
95.4983 	EXP 	eyetracker.setRecordingState(False)
95.5076 	EXP 	eyetracker.setRecordingState(False)
95.5158 	EXP 	eyetracker.setRecordingState(False)
95.5255 	EXP 	eyetracker.setRecordingState(False)
95.5352 	EXP 	eyetracker.setRecordingState(False)
95.5440 	EXP 	eyetracker.setRecordingState(False)
95.5532 	EXP 	eyetracker.setRecordingState(False)
95.5638 	EXP 	eyetracker.setRecordingState(False)
95.5728 	EXP 	eyetracker.setRecordingState(False)
95.5829 	EXP 	eyetracker.setRecordingState(False)
95.5925 	EXP 	eyetracker.setRecordingState(False)
95.6020 	EXP 	eyetracker.setRecordingState(False)
95.6112 	EXP 	eyetracker.setRecordingState(False)
95.6204 	EXP 	eyetracker.setRecordingState(False)
95.6290 	EXP 	eyetracker.setRecordingState(False)
95.6382 	EXP 	eyetracker.setRecordingState(False)
95.6472 	EXP 	eyetracker.setRecordingState(False)
95.6584 	EXP 	eyetracker.setRecordingState(False)
95.6675 	EXP 	eyetracker.setRecordingState(False)
95.6767 	EXP 	eyetracker.setRecordingState(False)
95.6866 	EXP 	eyetracker.setRecordingState(False)
95.6959 	EXP 	eyetracker.setRecordingState(False)
95.7052 	EXP 	eyetracker.setRecordingState(False)
95.7146 	EXP 	eyetracker.setRecordingState(False)
95.7235 	EXP 	eyetracker.setRecordingState(False)
95.7342 	EXP 	eyetracker.setRecordingState(False)
95.7434 	EXP 	eyetracker.setRecordingState(False)
95.7527 	EXP 	eyetracker.setRecordingState(False)
95.7616 	EXP 	eyetracker.setRecordingState(False)
95.7701 	EXP 	eyetracker.setRecordingState(False)
95.7794 	EXP 	eyetracker.setRecordingState(False)
95.7892 	EXP 	eyetracker.setRecordingState(False)
95.7983 	EXP 	eyetracker.setRecordingState(False)
95.8078 	EXP 	eyetracker.setRecordingState(False)
95.8180 	EXP 	eyetracker.setRecordingState(False)
95.8281 	EXP 	eyetracker.setRecordingState(False)
95.8383 	EXP 	eyetracker.setRecordingState(False)
95.8479 	EXP 	eyetracker.setRecordingState(False)
95.8568 	EXP 	eyetracker.setRecordingState(False)
95.8662 	EXP 	eyetracker.setRecordingState(False)
95.8757 	EXP 	eyetracker.setRecordingState(False)
95.8850 	EXP 	eyetracker.setRecordingState(False)
95.8948 	EXP 	eyetracker.setRecordingState(False)
95.9051 	EXP 	eyetracker.setRecordingState(False)
95.9140 	EXP 	eyetracker.setRecordingState(False)
95.9235 	EXP 	eyetracker.setRecordingState(False)
95.9327 	EXP 	eyetracker.setRecordingState(False)
95.9425 	EXP 	eyetracker.setRecordingState(False)
95.9538 	EXP 	eyetracker.setRecordingState(False)
95.9639 	EXP 	eyetracker.setRecordingState(False)
95.9735 	EXP 	eyetracker.setRecordingState(False)
95.9843 	EXP 	eyetracker.setRecordingState(False)
95.9927 	EXP 	eyetracker.setRecordingState(False)
96.0011 	EXP 	eyetracker.setRecordingState(False)
96.0102 	EXP 	eyetracker.setRecordingState(False)
96.0192 	EXP 	eyetracker.setRecordingState(False)
96.0278 	EXP 	eyetracker.setRecordingState(False)
96.0367 	EXP 	eyetracker.setRecordingState(False)
96.0469 	EXP 	eyetracker.setRecordingState(False)
96.0558 	EXP 	eyetracker.setRecordingState(False)
96.0652 	EXP 	eyetracker.setRecordingState(False)
96.0742 	EXP 	eyetracker.setRecordingState(False)
96.0830 	EXP 	eyetracker.setRecordingState(False)
96.0913 	EXP 	eyetracker.setRecordingState(False)
96.0998 	EXP 	eyetracker.setRecordingState(False)
96.1087 	EXP 	eyetracker.setRecordingState(False)
96.1168 	EXP 	eyetracker.setRecordingState(False)
96.1258 	EXP 	eyetracker.setRecordingState(False)
96.1340 	EXP 	eyetracker.setRecordingState(False)
96.1427 	EXP 	eyetracker.setRecordingState(False)
96.1506 	EXP 	eyetracker.setRecordingState(False)
96.1584 	EXP 	eyetracker.setRecordingState(False)
96.1661 	EXP 	eyetracker.setRecordingState(False)
96.1753 	EXP 	eyetracker.setRecordingState(False)
96.1829 	EXP 	eyetracker.setRecordingState(False)
96.1911 	EXP 	eyetracker.setRecordingState(False)
96.1995 	EXP 	eyetracker.setRecordingState(False)
96.2078 	EXP 	eyetracker.setRecordingState(False)
96.2172 	EXP 	eyetracker.setRecordingState(False)
96.2266 	EXP 	eyetracker.setRecordingState(False)
96.2364 	EXP 	eyetracker.setRecordingState(False)
96.2458 	EXP 	eyetracker.setRecordingState(False)
96.2547 	EXP 	eyetracker.setRecordingState(False)
96.2659 	EXP 	eyetracker.setRecordingState(False)
96.2741 	EXP 	eyetracker.setRecordingState(False)
96.2831 	EXP 	eyetracker.setRecordingState(False)
96.2920 	EXP 	eyetracker.setRecordingState(False)
96.3009 	EXP 	eyetracker.setRecordingState(False)
96.3100 	EXP 	eyetracker.setRecordingState(False)
96.3187 	EXP 	eyetracker.setRecordingState(False)
96.3281 	EXP 	eyetracker.setRecordingState(False)
96.3369 	EXP 	eyetracker.setRecordingState(False)
96.3463 	EXP 	eyetracker.setRecordingState(False)
96.3549 	EXP 	eyetracker.setRecordingState(False)
96.3656 	EXP 	eyetracker.setRecordingState(False)
96.3748 	EXP 	eyetracker.setRecordingState(False)
96.3844 	EXP 	eyetracker.setRecordingState(False)
96.3951 	EXP 	eyetracker.setRecordingState(False)
96.4050 	EXP 	eyetracker.setRecordingState(False)
96.4151 	EXP 	eyetracker.setRecordingState(False)
96.4255 	EXP 	eyetracker.setRecordingState(False)
96.4345 	EXP 	eyetracker.setRecordingState(False)
96.4433 	EXP 	eyetracker.setRecordingState(False)
96.4529 	EXP 	eyetracker.setRecordingState(False)
96.4620 	EXP 	eyetracker.setRecordingState(False)
96.4729 	EXP 	eyetracker.setRecordingState(False)
96.4828 	EXP 	eyetracker.setRecordingState(False)
96.4921 	EXP 	eyetracker.setRecordingState(False)
96.5015 	EXP 	eyetracker.setRecordingState(False)
96.5118 	EXP 	eyetracker.setRecordingState(False)
96.5210 	EXP 	eyetracker.setRecordingState(False)
96.5312 	EXP 	eyetracker.setRecordingState(False)
96.5414 	EXP 	eyetracker.setRecordingState(False)
96.5519 	EXP 	eyetracker.setRecordingState(False)
96.5627 	EXP 	eyetracker.setRecordingState(False)
96.5717 	EXP 	eyetracker.setRecordingState(False)
96.5820 	EXP 	eyetracker.setRecordingState(False)
96.5914 	EXP 	eyetracker.setRecordingState(False)
96.6011 	EXP 	eyetracker.setRecordingState(False)
96.6099 	EXP 	eyetracker.setRecordingState(False)
96.6180 	EXP 	eyetracker.setRecordingState(False)
96.6265 	EXP 	eyetracker.setRecordingState(False)
96.6362 	EXP 	eyetracker.setRecordingState(False)
96.6453 	EXP 	eyetracker.setRecordingState(False)
96.6541 	EXP 	eyetracker.setRecordingState(False)
96.6635 	EXP 	eyetracker.setRecordingState(False)
96.6733 	EXP 	eyetracker.setRecordingState(False)
96.6832 	EXP 	eyetracker.setRecordingState(False)
96.6942 	EXP 	eyetracker.setRecordingState(False)
96.7052 	EXP 	eyetracker.setRecordingState(False)
96.7156 	EXP 	eyetracker.setRecordingState(False)
96.7278 	EXP 	eyetracker.setRecordingState(False)
96.7421 	EXP 	eyetracker.setRecordingState(False)
96.7561 	EXP 	eyetracker.setRecordingState(False)
96.7688 	EXP 	eyetracker.setRecordingState(False)
96.7813 	EXP 	eyetracker.setRecordingState(False)
96.7927 	EXP 	eyetracker.setRecordingState(False)
96.8045 	EXP 	eyetracker.setRecordingState(False)
96.8157 	EXP 	eyetracker.setRecordingState(False)
96.8282 	EXP 	eyetracker.setRecordingState(False)
96.8393 	EXP 	eyetracker.setRecordingState(False)
96.8504 	EXP 	eyetracker.setRecordingState(False)
96.8615 	EXP 	eyetracker.setRecordingState(False)
96.8714 	EXP 	eyetracker.setRecordingState(False)
96.8807 	EXP 	eyetracker.setRecordingState(False)
96.8904 	EXP 	eyetracker.setRecordingState(False)
96.8991 	EXP 	eyetracker.setRecordingState(False)
96.9078 	EXP 	eyetracker.setRecordingState(False)
96.9171 	EXP 	eyetracker.setRecordingState(False)
96.9265 	EXP 	eyetracker.setRecordingState(False)
96.9356 	EXP 	eyetracker.setRecordingState(False)
96.9450 	EXP 	eyetracker.setRecordingState(False)
96.9549 	EXP 	eyetracker.setRecordingState(False)
96.9643 	EXP 	eyetracker.setRecordingState(False)
96.9741 	EXP 	eyetracker.setRecordingState(False)
96.9837 	EXP 	eyetracker.setRecordingState(False)
96.9942 	EXP 	eyetracker.setRecordingState(False)
97.0034 	EXP 	eyetracker.setRecordingState(False)
97.0122 	EXP 	eyetracker.setRecordingState(False)
97.0219 	EXP 	eyetracker.setRecordingState(False)
97.0317 	EXP 	eyetracker.setRecordingState(False)
97.0413 	EXP 	eyetracker.setRecordingState(False)
97.0509 	EXP 	eyetracker.setRecordingState(False)
97.0607 	EXP 	eyetracker.setRecordingState(False)
97.0700 	EXP 	eyetracker.setRecordingState(False)
97.0798 	EXP 	eyetracker.setRecordingState(False)
97.0892 	EXP 	eyetracker.setRecordingState(False)
97.0974 	EXP 	eyetracker.setRecordingState(False)
97.1056 	EXP 	eyetracker.setRecordingState(False)
97.1150 	EXP 	eyetracker.setRecordingState(False)
97.1234 	EXP 	eyetracker.setRecordingState(False)
97.1329 	EXP 	eyetracker.setRecordingState(False)
97.1419 	EXP 	eyetracker.setRecordingState(False)
97.1508 	EXP 	eyetracker.setRecordingState(False)
97.1597 	EXP 	eyetracker.setRecordingState(False)
97.1688 	EXP 	eyetracker.setRecordingState(False)
97.1777 	EXP 	eyetracker.setRecordingState(False)
97.1864 	EXP 	eyetracker.setRecordingState(False)
97.1951 	EXP 	eyetracker.setRecordingState(False)
97.2053 	EXP 	eyetracker.setRecordingState(False)
97.2142 	EXP 	eyetracker.setRecordingState(False)
97.2223 	EXP 	eyetracker.setRecordingState(False)
97.2310 	EXP 	eyetracker.setRecordingState(False)
97.2393 	EXP 	eyetracker.setRecordingState(False)
97.2479 	EXP 	eyetracker.setRecordingState(False)
97.2562 	EXP 	eyetracker.setRecordingState(False)
97.2649 	EXP 	eyetracker.setRecordingState(False)
97.2746 	EXP 	eyetracker.setRecordingState(False)
97.2837 	EXP 	eyetracker.setRecordingState(False)
97.2941 	EXP 	eyetracker.setRecordingState(False)
97.3047 	EXP 	eyetracker.setRecordingState(False)
97.3144 	EXP 	eyetracker.setRecordingState(False)
97.3254 	EXP 	eyetracker.setRecordingState(False)
97.3341 	EXP 	eyetracker.setRecordingState(False)
97.3434 	EXP 	eyetracker.setRecordingState(False)
97.3525 	EXP 	eyetracker.setRecordingState(False)
97.3619 	EXP 	eyetracker.setRecordingState(False)
97.3727 	EXP 	eyetracker.setRecordingState(False)
97.3824 	EXP 	eyetracker.setRecordingState(False)
97.3920 	EXP 	eyetracker.setRecordingState(False)
97.4020 	EXP 	eyetracker.setRecordingState(False)
97.4110 	EXP 	eyetracker.setRecordingState(False)
97.4205 	EXP 	eyetracker.setRecordingState(False)
97.4288 	EXP 	eyetracker.setRecordingState(False)
97.4378 	EXP 	eyetracker.setRecordingState(False)
97.4464 	EXP 	eyetracker.setRecordingState(False)
97.4555 	EXP 	eyetracker.setRecordingState(False)
97.4644 	EXP 	eyetracker.setRecordingState(False)
97.4739 	EXP 	eyetracker.setRecordingState(False)
97.4839 	EXP 	eyetracker.setRecordingState(False)
97.4931 	EXP 	eyetracker.setRecordingState(False)
97.5022 	EXP 	eyetracker.setRecordingState(False)
97.5111 	EXP 	eyetracker.setRecordingState(False)
97.5201 	EXP 	eyetracker.setRecordingState(False)
97.5296 	EXP 	eyetracker.setRecordingState(False)
97.5391 	EXP 	eyetracker.setRecordingState(False)
97.5483 	EXP 	eyetracker.setRecordingState(False)
97.5570 	EXP 	eyetracker.setRecordingState(False)
97.5656 	EXP 	eyetracker.setRecordingState(False)
97.5760 	EXP 	eyetracker.setRecordingState(False)
97.5848 	EXP 	eyetracker.setRecordingState(False)
97.5945 	EXP 	eyetracker.setRecordingState(False)
97.6049 	EXP 	eyetracker.setRecordingState(False)
97.6151 	EXP 	eyetracker.setRecordingState(False)
97.6255 	EXP 	eyetracker.setRecordingState(False)
97.6363 	EXP 	eyetracker.setRecordingState(False)
97.6485 	EXP 	eyetracker.setRecordingState(False)
97.6580 	EXP 	eyetracker.setRecordingState(False)
97.6671 	EXP 	eyetracker.setRecordingState(False)
97.6760 	EXP 	eyetracker.setRecordingState(False)
97.6850 	EXP 	eyetracker.setRecordingState(False)
97.6939 	EXP 	eyetracker.setRecordingState(False)
97.7046 	EXP 	eyetracker.setRecordingState(False)
97.7149 	EXP 	eyetracker.setRecordingState(False)
97.7250 	EXP 	eyetracker.setRecordingState(False)
97.7371 	EXP 	eyetracker.setRecordingState(False)
97.7477 	EXP 	eyetracker.setRecordingState(False)
97.7595 	EXP 	eyetracker.setRecordingState(False)
97.7711 	EXP 	eyetracker.setRecordingState(False)
97.7823 	EXP 	eyetracker.setRecordingState(False)
97.7940 	EXP 	eyetracker.setRecordingState(False)
97.8074 	EXP 	eyetracker.setRecordingState(False)
97.8198 	EXP 	eyetracker.setRecordingState(False)
97.8334 	EXP 	eyetracker.setRecordingState(False)
97.8464 	EXP 	eyetracker.setRecordingState(False)
97.8588 	EXP 	eyetracker.setRecordingState(False)
97.8687 	EXP 	eyetracker.setRecordingState(False)
97.8787 	EXP 	eyetracker.setRecordingState(False)
97.8876 	EXP 	eyetracker.setRecordingState(False)
97.8974 	EXP 	eyetracker.setRecordingState(False)
97.9078 	EXP 	eyetracker.setRecordingState(False)
97.9184 	EXP 	eyetracker.setRecordingState(False)
97.9288 	EXP 	eyetracker.setRecordingState(False)
97.9385 	EXP 	eyetracker.setRecordingState(False)
97.9483 	EXP 	eyetracker.setRecordingState(False)
97.9581 	EXP 	eyetracker.setRecordingState(False)
97.9674 	EXP 	eyetracker.setRecordingState(False)
97.9764 	EXP 	eyetracker.setRecordingState(False)
97.9861 	EXP 	eyetracker.setRecordingState(False)
97.9945 	EXP 	eyetracker.setRecordingState(False)
98.0044 	EXP 	eyetracker.setRecordingState(False)
98.0131 	EXP 	eyetracker.setRecordingState(False)
98.0206 	EXP 	eyetracker.setRecordingState(False)
98.0267 	EXP 	eyetracker.setRecordingState(False)
98.0345 	EXP 	eyetracker.setRecordingState(False)
98.0429 	EXP 	eyetracker.setRecordingState(False)
98.0508 	EXP 	eyetracker.setRecordingState(False)
98.0592 	EXP 	eyetracker.setRecordingState(False)
98.0675 	EXP 	eyetracker.setRecordingState(False)
98.0766 	EXP 	eyetracker.setRecordingState(False)
98.0856 	EXP 	eyetracker.setRecordingState(False)
98.0948 	EXP 	eyetracker.setRecordingState(False)
98.1040 	EXP 	eyetracker.setRecordingState(False)
98.1140 	EXP 	eyetracker.setRecordingState(False)
98.1239 	EXP 	eyetracker.setRecordingState(False)
98.1341 	EXP 	eyetracker.setRecordingState(False)
98.1440 	EXP 	eyetracker.setRecordingState(False)
98.1528 	EXP 	eyetracker.setRecordingState(False)
98.1613 	EXP 	eyetracker.setRecordingState(False)
98.1715 	EXP 	eyetracker.setRecordingState(False)
98.1812 	EXP 	eyetracker.setRecordingState(False)
98.1912 	EXP 	eyetracker.setRecordingState(False)
98.2016 	EXP 	eyetracker.setRecordingState(False)
98.2120 	EXP 	eyetracker.setRecordingState(False)
98.2217 	EXP 	eyetracker.setRecordingState(False)
98.2310 	EXP 	eyetracker.setRecordingState(False)
98.2407 	EXP 	eyetracker.setRecordingState(False)
98.2506 	EXP 	eyetracker.setRecordingState(False)
98.2603 	EXP 	eyetracker.setRecordingState(False)
98.2709 	EXP 	eyetracker.setRecordingState(False)
98.2801 	EXP 	eyetracker.setRecordingState(False)
98.2918 	EXP 	eyetracker.setRecordingState(False)
98.3026 	EXP 	eyetracker.setRecordingState(False)
98.3128 	EXP 	eyetracker.setRecordingState(False)
98.3241 	EXP 	eyetracker.setRecordingState(False)
98.3348 	EXP 	eyetracker.setRecordingState(False)
98.3450 	EXP 	eyetracker.setRecordingState(False)
98.3549 	EXP 	eyetracker.setRecordingState(False)
98.3658 	EXP 	eyetracker.setRecordingState(False)
98.3761 	EXP 	eyetracker.setRecordingState(False)
98.3863 	EXP 	eyetracker.setRecordingState(False)
98.3965 	EXP 	eyetracker.setRecordingState(False)
98.4058 	EXP 	eyetracker.setRecordingState(False)
98.4153 	EXP 	eyetracker.setRecordingState(False)
98.4264 	EXP 	eyetracker.setRecordingState(False)
98.4354 	EXP 	eyetracker.setRecordingState(False)
98.4454 	EXP 	eyetracker.setRecordingState(False)
98.4552 	EXP 	eyetracker.setRecordingState(False)
98.4651 	EXP 	eyetracker.setRecordingState(False)
98.4751 	EXP 	eyetracker.setRecordingState(False)
98.4855 	EXP 	eyetracker.setRecordingState(False)
98.4960 	EXP 	eyetracker.setRecordingState(False)
98.5070 	EXP 	eyetracker.setRecordingState(False)
98.5180 	EXP 	eyetracker.setRecordingState(False)
98.5275 	EXP 	eyetracker.setRecordingState(False)
98.5372 	EXP 	eyetracker.setRecordingState(False)
98.5473 	EXP 	eyetracker.setRecordingState(False)
98.5559 	EXP 	eyetracker.setRecordingState(False)
98.5650 	EXP 	eyetracker.setRecordingState(False)
98.5736 	EXP 	eyetracker.setRecordingState(False)
98.5824 	EXP 	eyetracker.setRecordingState(False)
98.5921 	EXP 	eyetracker.setRecordingState(False)
98.6019 	EXP 	eyetracker.setRecordingState(False)
98.6131 	EXP 	eyetracker.setRecordingState(False)
98.6226 	EXP 	eyetracker.setRecordingState(False)
98.6315 	EXP 	eyetracker.setRecordingState(False)
98.6408 	EXP 	eyetracker.setRecordingState(False)
98.6506 	EXP 	eyetracker.setRecordingState(False)
98.6606 	EXP 	eyetracker.setRecordingState(False)
98.6701 	EXP 	eyetracker.setRecordingState(False)
98.6802 	EXP 	eyetracker.setRecordingState(False)
98.6897 	EXP 	eyetracker.setRecordingState(False)
98.6990 	EXP 	eyetracker.setRecordingState(False)
98.7107 	EXP 	eyetracker.setRecordingState(False)
98.7213 	EXP 	eyetracker.setRecordingState(False)
98.7313 	EXP 	eyetracker.setRecordingState(False)
98.7418 	EXP 	eyetracker.setRecordingState(False)
98.7521 	EXP 	eyetracker.setRecordingState(False)
98.7613 	EXP 	eyetracker.setRecordingState(False)
98.7708 	EXP 	eyetracker.setRecordingState(False)
98.7804 	EXP 	eyetracker.setRecordingState(False)
98.7909 	EXP 	eyetracker.setRecordingState(False)
98.8010 	EXP 	eyetracker.setRecordingState(False)
98.8121 	EXP 	eyetracker.setRecordingState(False)
98.8227 	EXP 	eyetracker.setRecordingState(False)
98.8330 	EXP 	eyetracker.setRecordingState(False)
98.8435 	EXP 	eyetracker.setRecordingState(False)
98.8542 	EXP 	eyetracker.setRecordingState(False)
98.8648 	EXP 	eyetracker.setRecordingState(False)
98.8745 	EXP 	eyetracker.setRecordingState(False)
98.8842 	EXP 	eyetracker.setRecordingState(False)
98.8940 	EXP 	eyetracker.setRecordingState(False)
98.9044 	EXP 	eyetracker.setRecordingState(False)
98.9151 	EXP 	eyetracker.setRecordingState(False)
98.9270 	EXP 	eyetracker.setRecordingState(False)
98.9379 	EXP 	eyetracker.setRecordingState(False)
98.9490 	EXP 	eyetracker.setRecordingState(False)
98.9588 	EXP 	eyetracker.setRecordingState(False)
98.9677 	EXP 	eyetracker.setRecordingState(False)
98.9765 	EXP 	eyetracker.setRecordingState(False)
98.9853 	EXP 	eyetracker.setRecordingState(False)
98.9942 	EXP 	eyetracker.setRecordingState(False)
99.0023 	EXP 	eyetracker.setRecordingState(False)
99.0114 	EXP 	eyetracker.setRecordingState(False)
99.0203 	EXP 	eyetracker.setRecordingState(False)
99.0296 	EXP 	eyetracker.setRecordingState(False)
99.0377 	EXP 	eyetracker.setRecordingState(False)
99.0460 	EXP 	eyetracker.setRecordingState(False)
99.0546 	EXP 	eyetracker.setRecordingState(False)
99.0658 	EXP 	eyetracker.setRecordingState(False)
99.0766 	EXP 	eyetracker.setRecordingState(False)
99.0865 	EXP 	eyetracker.setRecordingState(False)
99.0973 	EXP 	eyetracker.setRecordingState(False)
99.1087 	EXP 	eyetracker.setRecordingState(False)
99.1208 	EXP 	eyetracker.setRecordingState(False)
99.1321 	EXP 	eyetracker.setRecordingState(False)
99.1439 	EXP 	eyetracker.setRecordingState(False)
99.1545 	EXP 	eyetracker.setRecordingState(False)
99.1653 	EXP 	eyetracker.setRecordingState(False)
99.1774 	EXP 	eyetracker.setRecordingState(False)
99.1886 	EXP 	eyetracker.setRecordingState(False)
99.1978 	EXP 	eyetracker.setRecordingState(False)
99.2064 	EXP 	eyetracker.setRecordingState(False)
99.2163 	EXP 	eyetracker.setRecordingState(False)
99.2268 	EXP 	eyetracker.setRecordingState(False)
99.2385 	EXP 	eyetracker.setRecordingState(False)
99.2507 	EXP 	eyetracker.setRecordingState(False)
99.2625 	EXP 	eyetracker.setRecordingState(False)
99.2726 	EXP 	eyetracker.setRecordingState(False)
99.2811 	EXP 	eyetracker.setRecordingState(False)
99.2917 	EXP 	eyetracker.setRecordingState(False)
99.3026 	EXP 	eyetracker.setRecordingState(False)
99.3141 	EXP 	eyetracker.setRecordingState(False)
99.3247 	EXP 	eyetracker.setRecordingState(False)
99.3350 	EXP 	eyetracker.setRecordingState(False)
99.3457 	EXP 	eyetracker.setRecordingState(False)
99.3571 	EXP 	eyetracker.setRecordingState(False)
99.3679 	EXP 	eyetracker.setRecordingState(False)
99.3788 	EXP 	eyetracker.setRecordingState(False)
99.3908 	EXP 	eyetracker.setRecordingState(False)
99.4037 	EXP 	eyetracker.setRecordingState(False)
99.4157 	EXP 	eyetracker.setRecordingState(False)
99.4274 	EXP 	eyetracker.setRecordingState(False)
99.4381 	EXP 	eyetracker.setRecordingState(False)
99.4488 	EXP 	eyetracker.setRecordingState(False)
99.4587 	EXP 	eyetracker.setRecordingState(False)
99.4712 	EXP 	eyetracker.setRecordingState(False)
99.4859 	EXP 	eyetracker.setRecordingState(False)
99.4991 	EXP 	eyetracker.setRecordingState(False)
99.5114 	EXP 	eyetracker.setRecordingState(False)
99.5220 	EXP 	eyetracker.setRecordingState(False)
99.5335 	EXP 	eyetracker.setRecordingState(False)
99.5448 	EXP 	eyetracker.setRecordingState(False)
99.5600 	EXP 	eyetracker.setRecordingState(False)
99.5756 	EXP 	eyetracker.setRecordingState(False)
99.5892 	EXP 	eyetracker.setRecordingState(False)
99.6022 	EXP 	eyetracker.setRecordingState(False)
99.6142 	EXP 	eyetracker.setRecordingState(False)
99.6255 	EXP 	eyetracker.setRecordingState(False)
99.6362 	EXP 	eyetracker.setRecordingState(False)
99.6464 	EXP 	eyetracker.setRecordingState(False)
99.6565 	EXP 	eyetracker.setRecordingState(False)
99.6668 	EXP 	eyetracker.setRecordingState(False)
99.6775 	EXP 	eyetracker.setRecordingState(False)
99.6893 	EXP 	eyetracker.setRecordingState(False)
99.7005 	EXP 	eyetracker.setRecordingState(False)
99.7106 	EXP 	eyetracker.setRecordingState(False)
99.7216 	EXP 	eyetracker.setRecordingState(False)
99.7320 	EXP 	eyetracker.setRecordingState(False)
99.7430 	EXP 	eyetracker.setRecordingState(False)
99.7561 	EXP 	eyetracker.setRecordingState(False)
99.7689 	EXP 	eyetracker.setRecordingState(False)
99.7799 	EXP 	eyetracker.setRecordingState(False)
99.7906 	EXP 	eyetracker.setRecordingState(False)
99.8001 	EXP 	eyetracker.setRecordingState(False)
99.8111 	EXP 	eyetracker.setRecordingState(False)
99.8231 	EXP 	eyetracker.setRecordingState(False)
99.8355 	EXP 	eyetracker.setRecordingState(False)
99.8492 	EXP 	eyetracker.setRecordingState(False)
99.8647 	EXP 	eyetracker.setRecordingState(False)
99.8801 	EXP 	eyetracker.setRecordingState(False)
99.8941 	EXP 	eyetracker.setRecordingState(False)
99.9079 	EXP 	eyetracker.setRecordingState(False)
99.9196 	EXP 	eyetracker.setRecordingState(False)
99.9316 	EXP 	eyetracker.setRecordingState(False)
99.9448 	EXP 	eyetracker.setRecordingState(False)
99.9567 	EXP 	eyetracker.setRecordingState(False)
99.9679 	EXP 	eyetracker.setRecordingState(False)
99.9788 	EXP 	eyetracker.setRecordingState(False)
99.9901 	EXP 	eyetracker.setRecordingState(False)
100.0010 	EXP 	eyetracker.setRecordingState(False)
100.0129 	EXP 	eyetracker.setRecordingState(False)
100.0234 	EXP 	eyetracker.setRecordingState(False)
100.0322 	EXP 	eyetracker.setRecordingState(False)
100.0399 	EXP 	eyetracker.setRecordingState(False)
100.0479 	EXP 	eyetracker.setRecordingState(False)
100.0564 	EXP 	eyetracker.setRecordingState(False)
100.0648 	EXP 	eyetracker.setRecordingState(False)
100.0733 	EXP 	eyetracker.setRecordingState(False)
100.0825 	EXP 	eyetracker.setRecordingState(False)
100.0907 	EXP 	eyetracker.setRecordingState(False)
100.1007 	EXP 	eyetracker.setRecordingState(False)
100.1103 	EXP 	eyetracker.setRecordingState(False)
100.1208 	EXP 	eyetracker.setRecordingState(False)
100.1313 	EXP 	eyetracker.setRecordingState(False)
100.1423 	EXP 	eyetracker.setRecordingState(False)
100.1529 	EXP 	eyetracker.setRecordingState(False)
100.1626 	EXP 	eyetracker.setRecordingState(False)
100.1732 	EXP 	eyetracker.setRecordingState(False)
100.1838 	EXP 	eyetracker.setRecordingState(False)
100.1943 	EXP 	eyetracker.setRecordingState(False)
100.2056 	EXP 	eyetracker.setRecordingState(False)
100.2152 	EXP 	eyetracker.setRecordingState(False)
100.2252 	EXP 	eyetracker.setRecordingState(False)
100.2363 	EXP 	eyetracker.setRecordingState(False)
100.2464 	EXP 	eyetracker.setRecordingState(False)
100.2569 	EXP 	eyetracker.setRecordingState(False)
100.2677 	EXP 	eyetracker.setRecordingState(False)
100.2776 	EXP 	eyetracker.setRecordingState(False)
100.2873 	EXP 	eyetracker.setRecordingState(False)
100.2964 	EXP 	eyetracker.setRecordingState(False)
100.3052 	EXP 	eyetracker.setRecordingState(False)
100.3138 	EXP 	eyetracker.setRecordingState(False)
100.3215 	EXP 	eyetracker.setRecordingState(False)
100.3295 	EXP 	eyetracker.setRecordingState(False)
100.3387 	EXP 	eyetracker.setRecordingState(False)
100.3463 	EXP 	eyetracker.setRecordingState(False)
100.3545 	EXP 	eyetracker.setRecordingState(False)
100.3638 	EXP 	eyetracker.setRecordingState(False)
100.3740 	EXP 	eyetracker.setRecordingState(False)
100.3841 	EXP 	eyetracker.setRecordingState(False)
100.3934 	EXP 	eyetracker.setRecordingState(False)
100.4028 	EXP 	eyetracker.setRecordingState(False)
100.4121 	EXP 	eyetracker.setRecordingState(False)
100.4205 	EXP 	eyetracker.setRecordingState(False)
100.4280 	EXP 	eyetracker.setRecordingState(False)
100.4368 	EXP 	eyetracker.setRecordingState(False)
100.4460 	EXP 	eyetracker.setRecordingState(False)
100.4552 	EXP 	eyetracker.setRecordingState(False)
100.4645 	EXP 	eyetracker.setRecordingState(False)
100.4745 	EXP 	eyetracker.setRecordingState(False)
100.4856 	EXP 	eyetracker.setRecordingState(False)
100.4931 	EXP 	eyetracker.setRecordingState(False)
100.5008 	EXP 	eyetracker.setRecordingState(False)
100.5081 	EXP 	eyetracker.setRecordingState(False)
100.5161 	EXP 	eyetracker.setRecordingState(False)
100.5244 	EXP 	eyetracker.setRecordingState(False)
100.5329 	EXP 	eyetracker.setRecordingState(False)
100.5417 	EXP 	eyetracker.setRecordingState(False)
100.5509 	EXP 	eyetracker.setRecordingState(False)
100.5611 	EXP 	eyetracker.setRecordingState(False)
100.5718 	EXP 	eyetracker.setRecordingState(False)
100.5863 	EXP 	eyetracker.setRecordingState(False)
100.5959 	EXP 	eyetracker.setRecordingState(False)
100.6082 	EXP 	eyetracker.setRecordingState(False)
100.6227 	EXP 	eyetracker.setRecordingState(False)
100.6388 	EXP 	eyetracker.setRecordingState(False)
100.6540 	EXP 	eyetracker.setRecordingState(False)
100.6690 	EXP 	eyetracker.setRecordingState(False)
100.6840 	EXP 	eyetracker.setRecordingState(False)
100.6967 	EXP 	eyetracker.setRecordingState(False)
100.7100 	EXP 	eyetracker.setRecordingState(False)
100.7219 	EXP 	eyetracker.setRecordingState(False)
100.7355 	EXP 	eyetracker.setRecordingState(False)
100.7482 	EXP 	eyetracker.setRecordingState(False)
100.7603 	EXP 	eyetracker.setRecordingState(False)
100.7721 	EXP 	eyetracker.setRecordingState(False)
100.7826 	EXP 	eyetracker.setRecordingState(False)
100.7942 	EXP 	eyetracker.setRecordingState(False)
100.8060 	EXP 	eyetracker.setRecordingState(False)
100.8159 	EXP 	eyetracker.setRecordingState(False)
100.8290 	EXP 	eyetracker.setRecordingState(False)
100.8394 	EXP 	eyetracker.setRecordingState(False)
100.8498 	EXP 	eyetracker.setRecordingState(False)
100.8611 	EXP 	eyetracker.setRecordingState(False)
100.8716 	EXP 	eyetracker.setRecordingState(False)
100.8809 	EXP 	eyetracker.setRecordingState(False)
100.8904 	EXP 	eyetracker.setRecordingState(False)
100.9002 	EXP 	eyetracker.setRecordingState(False)
100.9102 	EXP 	eyetracker.setRecordingState(False)
100.9211 	EXP 	eyetracker.setRecordingState(False)
100.9303 	EXP 	eyetracker.setRecordingState(False)
100.9392 	EXP 	eyetracker.setRecordingState(False)
100.9485 	EXP 	eyetracker.setRecordingState(False)
100.9577 	EXP 	eyetracker.setRecordingState(False)
100.9674 	EXP 	eyetracker.setRecordingState(False)
100.9767 	EXP 	eyetracker.setRecordingState(False)
100.9862 	EXP 	eyetracker.setRecordingState(False)
100.9969 	EXP 	eyetracker.setRecordingState(False)
101.0069 	EXP 	eyetracker.setRecordingState(False)
101.0179 	EXP 	eyetracker.setRecordingState(False)
101.0275 	EXP 	eyetracker.setRecordingState(False)
101.0368 	EXP 	eyetracker.setRecordingState(False)
101.0468 	EXP 	eyetracker.setRecordingState(False)
101.0555 	EXP 	eyetracker.setRecordingState(False)
101.0642 	EXP 	eyetracker.setRecordingState(False)
101.0738 	EXP 	eyetracker.setRecordingState(False)
101.0825 	EXP 	eyetracker.setRecordingState(False)
101.0926 	EXP 	eyetracker.setRecordingState(False)
101.1031 	EXP 	eyetracker.setRecordingState(False)
101.1146 	EXP 	eyetracker.setRecordingState(False)
101.1266 	EXP 	eyetracker.setRecordingState(False)
101.1391 	EXP 	eyetracker.setRecordingState(False)
101.1510 	EXP 	eyetracker.setRecordingState(False)
101.1624 	EXP 	eyetracker.setRecordingState(False)
101.1728 	EXP 	eyetracker.setRecordingState(False)
101.1829 	EXP 	eyetracker.setRecordingState(False)
101.1927 	EXP 	eyetracker.setRecordingState(False)
101.2023 	EXP 	eyetracker.setRecordingState(False)
101.2123 	EXP 	eyetracker.setRecordingState(False)
101.2231 	EXP 	eyetracker.setRecordingState(False)
101.2335 	EXP 	eyetracker.setRecordingState(False)
101.2435 	EXP 	eyetracker.setRecordingState(False)
101.2542 	EXP 	eyetracker.setRecordingState(False)
101.2644 	EXP 	eyetracker.setRecordingState(False)
101.2747 	EXP 	eyetracker.setRecordingState(False)
101.2856 	EXP 	eyetracker.setRecordingState(False)
101.2958 	EXP 	eyetracker.setRecordingState(False)
101.3056 	EXP 	eyetracker.setRecordingState(False)
101.3152 	EXP 	eyetracker.setRecordingState(False)
101.3245 	EXP 	eyetracker.setRecordingState(False)
101.3326 	EXP 	eyetracker.setRecordingState(False)
101.3418 	EXP 	eyetracker.setRecordingState(False)
101.3501 	EXP 	eyetracker.setRecordingState(False)
101.3586 	EXP 	eyetracker.setRecordingState(False)
101.3669 	EXP 	eyetracker.setRecordingState(False)
101.3753 	EXP 	eyetracker.setRecordingState(False)
101.3833 	EXP 	eyetracker.setRecordingState(False)
101.3929 	EXP 	eyetracker.setRecordingState(False)
101.4018 	EXP 	eyetracker.setRecordingState(False)
101.4106 	EXP 	eyetracker.setRecordingState(False)
101.4191 	EXP 	eyetracker.setRecordingState(False)
101.4274 	EXP 	eyetracker.setRecordingState(False)
101.4358 	EXP 	eyetracker.setRecordingState(False)
101.4437 	EXP 	eyetracker.setRecordingState(False)
101.4526 	EXP 	eyetracker.setRecordingState(False)
101.4610 	EXP 	eyetracker.setRecordingState(False)
101.4698 	EXP 	eyetracker.setRecordingState(False)
101.4790 	EXP 	eyetracker.setRecordingState(False)
101.4888 	EXP 	eyetracker.setRecordingState(False)
101.4987 	EXP 	eyetracker.setRecordingState(False)
101.5078 	EXP 	eyetracker.setRecordingState(False)
101.5163 	EXP 	eyetracker.setRecordingState(False)
101.5261 	EXP 	eyetracker.setRecordingState(False)
101.5351 	EXP 	eyetracker.setRecordingState(False)
101.5443 	EXP 	eyetracker.setRecordingState(False)
101.5546 	EXP 	eyetracker.setRecordingState(False)
101.5647 	EXP 	eyetracker.setRecordingState(False)
101.5747 	EXP 	eyetracker.setRecordingState(False)
101.5853 	EXP 	eyetracker.setRecordingState(False)
101.5957 	EXP 	eyetracker.setRecordingState(False)
101.6064 	EXP 	eyetracker.setRecordingState(False)
101.6176 	EXP 	eyetracker.setRecordingState(False)
101.6292 	EXP 	eyetracker.setRecordingState(False)
101.6416 	EXP 	eyetracker.setRecordingState(False)
101.6538 	EXP 	eyetracker.setRecordingState(False)
101.6670 	EXP 	eyetracker.setRecordingState(False)
101.6792 	EXP 	eyetracker.setRecordingState(False)
101.6902 	EXP 	eyetracker.setRecordingState(False)
101.7008 	EXP 	eyetracker.setRecordingState(False)
101.7123 	EXP 	eyetracker.setRecordingState(False)
101.7229 	EXP 	eyetracker.setRecordingState(False)
101.7306 	EXP 	eyetracker.setRecordingState(False)
101.7378 	EXP 	eyetracker.setRecordingState(False)
101.7444 	EXP 	eyetracker.setRecordingState(False)
101.7504 	EXP 	eyetracker.setRecordingState(False)
101.7568 	EXP 	eyetracker.setRecordingState(False)
101.7638 	EXP 	eyetracker.setRecordingState(False)
101.7732 	EXP 	eyetracker.setRecordingState(False)
101.7844 	EXP 	eyetracker.setRecordingState(False)
101.7967 	EXP 	eyetracker.setRecordingState(False)
101.8084 	EXP 	eyetracker.setRecordingState(False)
101.8194 	EXP 	eyetracker.setRecordingState(False)
101.8325 	EXP 	eyetracker.setRecordingState(False)
101.8448 	EXP 	eyetracker.setRecordingState(False)
101.8583 	EXP 	eyetracker.setRecordingState(False)
101.8742 	EXP 	eyetracker.setRecordingState(False)
101.8840 	EXP 	eyetracker.setRecordingState(False)
101.8931 	EXP 	eyetracker.setRecordingState(False)
101.9043 	EXP 	eyetracker.setRecordingState(False)
101.9176 	EXP 	eyetracker.setRecordingState(False)
101.9307 	EXP 	eyetracker.setRecordingState(False)
101.9415 	EXP 	eyetracker.setRecordingState(False)
101.9518 	EXP 	eyetracker.setRecordingState(False)
101.9633 	EXP 	eyetracker.setRecordingState(False)
101.9754 	EXP 	eyetracker.setRecordingState(False)
101.9874 	EXP 	eyetracker.setRecordingState(False)
101.9985 	EXP 	eyetracker.setRecordingState(False)
102.0124 	EXP 	eyetracker.setRecordingState(False)
102.0236 	EXP 	eyetracker.setRecordingState(False)
102.0360 	EXP 	eyetracker.setRecordingState(False)
102.0458 	EXP 	eyetracker.setRecordingState(False)
102.0547 	EXP 	eyetracker.setRecordingState(False)
102.0634 	EXP 	eyetracker.setRecordingState(False)
102.0731 	EXP 	eyetracker.setRecordingState(False)
102.0830 	EXP 	eyetracker.setRecordingState(False)
102.0930 	EXP 	eyetracker.setRecordingState(False)
102.1048 	EXP 	eyetracker.setRecordingState(False)
102.1158 	EXP 	eyetracker.setRecordingState(False)
102.1258 	EXP 	eyetracker.setRecordingState(False)
102.1384 	EXP 	eyetracker.setRecordingState(False)
102.1514 	EXP 	eyetracker.setRecordingState(False)
102.1636 	EXP 	eyetracker.setRecordingState(False)
102.1748 	EXP 	eyetracker.setRecordingState(False)
102.1863 	EXP 	eyetracker.setRecordingState(False)
102.1972 	EXP 	eyetracker.setRecordingState(False)
102.2076 	EXP 	eyetracker.setRecordingState(False)
102.2178 	EXP 	eyetracker.setRecordingState(False)
102.2275 	EXP 	eyetracker.setRecordingState(False)
102.2371 	EXP 	eyetracker.setRecordingState(False)
102.2470 	EXP 	eyetracker.setRecordingState(False)
102.2560 	EXP 	eyetracker.setRecordingState(False)
102.2658 	EXP 	eyetracker.setRecordingState(False)
102.2765 	EXP 	eyetracker.setRecordingState(False)
102.2865 	EXP 	eyetracker.setRecordingState(False)
102.2974 	EXP 	eyetracker.setRecordingState(False)
102.3087 	EXP 	eyetracker.setRecordingState(False)
102.3190 	EXP 	eyetracker.setRecordingState(False)
102.3315 	EXP 	eyetracker.setRecordingState(False)
102.3420 	EXP 	eyetracker.setRecordingState(False)
102.3526 	EXP 	eyetracker.setRecordingState(False)
102.3626 	EXP 	eyetracker.setRecordingState(False)
102.3737 	EXP 	eyetracker.setRecordingState(False)
102.3840 	EXP 	eyetracker.setRecordingState(False)
102.3941 	EXP 	eyetracker.setRecordingState(False)
102.4044 	EXP 	eyetracker.setRecordingState(False)
102.4144 	EXP 	eyetracker.setRecordingState(False)
102.4245 	EXP 	eyetracker.setRecordingState(False)
102.4321 	EXP 	eyetracker.setRecordingState(False)
102.4394 	EXP 	eyetracker.setRecordingState(False)
102.4474 	EXP 	eyetracker.setRecordingState(False)
102.4551 	EXP 	eyetracker.setRecordingState(False)
102.4630 	EXP 	eyetracker.setRecordingState(False)
102.4721 	EXP 	eyetracker.setRecordingState(False)
102.4820 	EXP 	eyetracker.setRecordingState(False)
102.4919 	EXP 	eyetracker.setRecordingState(False)
102.5013 	EXP 	eyetracker.setRecordingState(False)
102.5120 	EXP 	eyetracker.setRecordingState(False)
102.5220 	EXP 	eyetracker.setRecordingState(False)
102.5324 	EXP 	eyetracker.setRecordingState(False)
102.5428 	EXP 	eyetracker.setRecordingState(False)
102.5539 	EXP 	eyetracker.setRecordingState(False)
102.5641 	EXP 	eyetracker.setRecordingState(False)
102.5757 	EXP 	eyetracker.setRecordingState(False)
102.5857 	EXP 	eyetracker.setRecordingState(False)
102.5966 	EXP 	eyetracker.setRecordingState(False)
102.6098 	EXP 	eyetracker.setRecordingState(False)
102.6226 	EXP 	eyetracker.setRecordingState(False)
102.6338 	EXP 	eyetracker.setRecordingState(False)
102.6444 	EXP 	eyetracker.setRecordingState(False)
102.6574 	EXP 	eyetracker.setRecordingState(False)
102.6684 	EXP 	eyetracker.setRecordingState(False)
102.6789 	EXP 	eyetracker.setRecordingState(False)
102.6900 	EXP 	eyetracker.setRecordingState(False)
102.6998 	EXP 	eyetracker.setRecordingState(False)
102.7104 	EXP 	eyetracker.setRecordingState(False)
102.7237 	EXP 	eyetracker.setRecordingState(False)
102.7343 	EXP 	eyetracker.setRecordingState(False)
102.7430 	EXP 	eyetracker.setRecordingState(False)
102.7502 	EXP 	eyetracker.setRecordingState(False)
102.7585 	EXP 	eyetracker.setRecordingState(False)
102.7687 	EXP 	eyetracker.setRecordingState(False)
102.7791 	EXP 	eyetracker.setRecordingState(False)
102.7891 	EXP 	eyetracker.setRecordingState(False)
102.7989 	EXP 	eyetracker.setRecordingState(False)
102.8099 	EXP 	eyetracker.setRecordingState(False)
102.8212 	EXP 	eyetracker.setRecordingState(False)
102.8327 	EXP 	eyetracker.setRecordingState(False)
102.8451 	EXP 	eyetracker.setRecordingState(False)
102.8565 	EXP 	eyetracker.setRecordingState(False)
102.8685 	EXP 	eyetracker.setRecordingState(False)
102.8815 	EXP 	eyetracker.setRecordingState(False)
102.8920 	EXP 	eyetracker.setRecordingState(False)
102.9042 	EXP 	eyetracker.setRecordingState(False)
102.9138 	EXP 	eyetracker.setRecordingState(False)
102.9237 	EXP 	eyetracker.setRecordingState(False)
102.9335 	EXP 	eyetracker.setRecordingState(False)
102.9424 	EXP 	eyetracker.setRecordingState(False)
102.9517 	EXP 	eyetracker.setRecordingState(False)
102.9606 	EXP 	eyetracker.setRecordingState(False)
102.9691 	EXP 	eyetracker.setRecordingState(False)
102.9773 	EXP 	eyetracker.setRecordingState(False)
102.9852 	EXP 	eyetracker.setRecordingState(False)
102.9932 	EXP 	eyetracker.setRecordingState(False)
103.0019 	EXP 	eyetracker.setRecordingState(False)
103.0117 	EXP 	eyetracker.setRecordingState(False)
103.0202 	EXP 	eyetracker.setRecordingState(False)
103.0306 	EXP 	eyetracker.setRecordingState(False)
103.0393 	EXP 	eyetracker.setRecordingState(False)
103.0481 	EXP 	eyetracker.setRecordingState(False)
103.0566 	EXP 	eyetracker.setRecordingState(False)
103.0655 	EXP 	eyetracker.setRecordingState(False)
103.0755 	EXP 	eyetracker.setRecordingState(False)
103.0867 	EXP 	eyetracker.setRecordingState(False)
103.0977 	EXP 	eyetracker.setRecordingState(False)
103.1078 	EXP 	eyetracker.setRecordingState(False)
103.1191 	EXP 	eyetracker.setRecordingState(False)
103.1300 	EXP 	eyetracker.setRecordingState(False)
103.1414 	EXP 	eyetracker.setRecordingState(False)
103.1531 	EXP 	eyetracker.setRecordingState(False)
103.1636 	EXP 	eyetracker.setRecordingState(False)
103.1742 	EXP 	eyetracker.setRecordingState(False)
103.1839 	EXP 	eyetracker.setRecordingState(False)
103.1938 	EXP 	eyetracker.setRecordingState(False)
103.2049 	EXP 	eyetracker.setRecordingState(False)
103.2151 	EXP 	eyetracker.setRecordingState(False)
103.2253 	EXP 	eyetracker.setRecordingState(False)
103.2370 	EXP 	eyetracker.setRecordingState(False)
103.2480 	EXP 	eyetracker.setRecordingState(False)
103.2594 	EXP 	eyetracker.setRecordingState(False)
103.2698 	EXP 	eyetracker.setRecordingState(False)
103.2820 	EXP 	eyetracker.setRecordingState(False)
103.2936 	EXP 	eyetracker.setRecordingState(False)
103.3041 	EXP 	eyetracker.setRecordingState(False)
103.3166 	EXP 	eyetracker.setRecordingState(False)
103.3281 	EXP 	eyetracker.setRecordingState(False)
103.3388 	EXP 	eyetracker.setRecordingState(False)
103.3498 	EXP 	eyetracker.setRecordingState(False)
103.3616 	EXP 	eyetracker.setRecordingState(False)
103.3734 	EXP 	eyetracker.setRecordingState(False)
103.3854 	EXP 	eyetracker.setRecordingState(False)
103.3995 	EXP 	eyetracker.setRecordingState(False)
103.4119 	EXP 	eyetracker.setRecordingState(False)
103.4231 	EXP 	eyetracker.setRecordingState(False)
103.4330 	EXP 	eyetracker.setRecordingState(False)
103.4431 	EXP 	eyetracker.setRecordingState(False)
103.4522 	EXP 	eyetracker.setRecordingState(False)
103.4614 	EXP 	eyetracker.setRecordingState(False)
103.4720 	EXP 	eyetracker.setRecordingState(False)
103.4821 	EXP 	eyetracker.setRecordingState(False)
103.4934 	EXP 	eyetracker.setRecordingState(False)
103.5059 	EXP 	eyetracker.setRecordingState(False)
103.5166 	EXP 	eyetracker.setRecordingState(False)
103.5272 	EXP 	eyetracker.setRecordingState(False)
103.5377 	EXP 	eyetracker.setRecordingState(False)
103.5478 	EXP 	eyetracker.setRecordingState(False)
103.5578 	EXP 	eyetracker.setRecordingState(False)
103.5680 	EXP 	eyetracker.setRecordingState(False)
103.5786 	EXP 	eyetracker.setRecordingState(False)
103.5886 	EXP 	eyetracker.setRecordingState(False)
103.5977 	EXP 	eyetracker.setRecordingState(False)
103.6074 	EXP 	eyetracker.setRecordingState(False)
103.6161 	EXP 	eyetracker.setRecordingState(False)
103.6246 	EXP 	eyetracker.setRecordingState(False)
103.6328 	EXP 	eyetracker.setRecordingState(False)
103.6416 	EXP 	eyetracker.setRecordingState(False)
103.6507 	EXP 	eyetracker.setRecordingState(False)
103.6613 	EXP 	eyetracker.setRecordingState(False)
103.6704 	EXP 	eyetracker.setRecordingState(False)
103.6795 	EXP 	eyetracker.setRecordingState(False)
103.6894 	EXP 	eyetracker.setRecordingState(False)
103.6988 	EXP 	eyetracker.setRecordingState(False)
103.7082 	EXP 	eyetracker.setRecordingState(False)
103.7184 	EXP 	eyetracker.setRecordingState(False)
103.7285 	EXP 	eyetracker.setRecordingState(False)
103.7384 	EXP 	eyetracker.setRecordingState(False)
103.7485 	EXP 	eyetracker.setRecordingState(False)
103.7582 	EXP 	eyetracker.setRecordingState(False)
103.7694 	EXP 	eyetracker.setRecordingState(False)
103.7791 	EXP 	eyetracker.setRecordingState(False)
103.7889 	EXP 	eyetracker.setRecordingState(False)
103.7979 	EXP 	eyetracker.setRecordingState(False)
103.8080 	EXP 	eyetracker.setRecordingState(False)
103.8187 	EXP 	eyetracker.setRecordingState(False)
103.8290 	EXP 	eyetracker.setRecordingState(False)
103.8409 	EXP 	eyetracker.setRecordingState(False)
103.8508 	EXP 	eyetracker.setRecordingState(False)
103.8609 	EXP 	eyetracker.setRecordingState(False)
103.8703 	EXP 	eyetracker.setRecordingState(False)
103.8817 	EXP 	eyetracker.setRecordingState(False)
103.8930 	EXP 	eyetracker.setRecordingState(False)
103.9041 	EXP 	eyetracker.setRecordingState(False)
103.9151 	EXP 	eyetracker.setRecordingState(False)
103.9269 	EXP 	eyetracker.setRecordingState(False)
103.9375 	EXP 	eyetracker.setRecordingState(False)
103.9474 	EXP 	eyetracker.setRecordingState(False)
103.9570 	EXP 	eyetracker.setRecordingState(False)
103.9674 	EXP 	eyetracker.setRecordingState(False)
103.9776 	EXP 	eyetracker.setRecordingState(False)
103.9885 	EXP 	eyetracker.setRecordingState(False)
103.9994 	EXP 	eyetracker.setRecordingState(False)
104.0103 	EXP 	eyetracker.setRecordingState(False)
104.0216 	EXP 	eyetracker.setRecordingState(False)
104.0329 	EXP 	eyetracker.setRecordingState(False)
104.0441 	EXP 	eyetracker.setRecordingState(False)
104.0540 	EXP 	eyetracker.setRecordingState(False)
104.0632 	EXP 	eyetracker.setRecordingState(False)
104.0725 	EXP 	eyetracker.setRecordingState(False)
104.0826 	EXP 	eyetracker.setRecordingState(False)
104.0930 	EXP 	eyetracker.setRecordingState(False)
104.1036 	EXP 	eyetracker.setRecordingState(False)
104.1135 	EXP 	eyetracker.setRecordingState(False)
104.1246 	EXP 	eyetracker.setRecordingState(False)
104.1363 	EXP 	eyetracker.setRecordingState(False)
104.1472 	EXP 	eyetracker.setRecordingState(False)
104.1589 	EXP 	eyetracker.setRecordingState(False)
104.1703 	EXP 	eyetracker.setRecordingState(False)
104.1813 	EXP 	eyetracker.setRecordingState(False)
104.1931 	EXP 	eyetracker.setRecordingState(False)
104.2030 	EXP 	eyetracker.setRecordingState(False)
104.2127 	EXP 	eyetracker.setRecordingState(False)
104.2219 	EXP 	eyetracker.setRecordingState(False)
104.2304 	EXP 	eyetracker.setRecordingState(False)
104.2396 	EXP 	eyetracker.setRecordingState(False)
104.2490 	EXP 	eyetracker.setRecordingState(False)
104.2599 	EXP 	eyetracker.setRecordingState(False)
104.2693 	EXP 	eyetracker.setRecordingState(False)
104.2785 	EXP 	eyetracker.setRecordingState(False)
104.2878 	EXP 	eyetracker.setRecordingState(False)
104.2964 	EXP 	eyetracker.setRecordingState(False)
104.3055 	EXP 	eyetracker.setRecordingState(False)
104.3155 	EXP 	eyetracker.setRecordingState(False)
104.3250 	EXP 	eyetracker.setRecordingState(False)
104.3339 	EXP 	eyetracker.setRecordingState(False)
104.3432 	EXP 	eyetracker.setRecordingState(False)
104.3523 	EXP 	eyetracker.setRecordingState(False)
104.3610 	EXP 	eyetracker.setRecordingState(False)
104.3707 	EXP 	eyetracker.setRecordingState(False)
104.3803 	EXP 	eyetracker.setRecordingState(False)
104.3894 	EXP 	eyetracker.setRecordingState(False)
104.3987 	EXP 	eyetracker.setRecordingState(False)
104.4084 	EXP 	eyetracker.setRecordingState(False)
104.4195 	EXP 	eyetracker.setRecordingState(False)
104.4280 	EXP 	eyetracker.setRecordingState(False)
104.4359 	EXP 	eyetracker.setRecordingState(False)
104.4439 	EXP 	eyetracker.setRecordingState(False)
104.4518 	EXP 	eyetracker.setRecordingState(False)
104.4607 	EXP 	eyetracker.setRecordingState(False)
104.4688 	EXP 	eyetracker.setRecordingState(False)
104.4765 	EXP 	eyetracker.setRecordingState(False)
104.4839 	EXP 	eyetracker.setRecordingState(False)
104.4917 	EXP 	eyetracker.setRecordingState(False)
104.4995 	EXP 	eyetracker.setRecordingState(False)
104.5079 	EXP 	eyetracker.setRecordingState(False)
104.5169 	EXP 	eyetracker.setRecordingState(False)
104.5271 	EXP 	eyetracker.setRecordingState(False)
104.5393 	EXP 	eyetracker.setRecordingState(False)
104.5503 	EXP 	eyetracker.setRecordingState(False)
104.5611 	EXP 	eyetracker.setRecordingState(False)
104.5707 	EXP 	eyetracker.setRecordingState(False)
104.5801 	EXP 	eyetracker.setRecordingState(False)
104.5896 	EXP 	eyetracker.setRecordingState(False)
104.5987 	EXP 	eyetracker.setRecordingState(False)
104.6085 	EXP 	eyetracker.setRecordingState(False)
104.6187 	EXP 	eyetracker.setRecordingState(False)
104.6293 	EXP 	eyetracker.setRecordingState(False)
104.6407 	EXP 	eyetracker.setRecordingState(False)
104.6506 	EXP 	eyetracker.setRecordingState(False)
104.6606 	EXP 	eyetracker.setRecordingState(False)
104.6707 	EXP 	eyetracker.setRecordingState(False)
104.6811 	EXP 	eyetracker.setRecordingState(False)
104.6919 	EXP 	eyetracker.setRecordingState(False)
104.7027 	EXP 	eyetracker.setRecordingState(False)
104.7129 	EXP 	eyetracker.setRecordingState(False)
104.7220 	EXP 	eyetracker.setRecordingState(False)
104.7334 	EXP 	eyetracker.setRecordingState(False)
104.7431 	EXP 	eyetracker.setRecordingState(False)
104.7521 	EXP 	eyetracker.setRecordingState(False)
104.7619 	EXP 	eyetracker.setRecordingState(False)
104.7724 	EXP 	eyetracker.setRecordingState(False)
104.7818 	EXP 	eyetracker.setRecordingState(False)
104.7917 	EXP 	eyetracker.setRecordingState(False)
104.8008 	EXP 	eyetracker.setRecordingState(False)
104.8107 	EXP 	eyetracker.setRecordingState(False)
104.8212 	EXP 	eyetracker.setRecordingState(False)
104.8309 	EXP 	eyetracker.setRecordingState(False)
104.8400 	EXP 	eyetracker.setRecordingState(False)
104.8502 	EXP 	eyetracker.setRecordingState(False)
104.8608 	EXP 	eyetracker.setRecordingState(False)
104.8707 	EXP 	eyetracker.setRecordingState(False)
104.8803 	EXP 	eyetracker.setRecordingState(False)
104.8898 	EXP 	eyetracker.setRecordingState(False)
104.8979 	EXP 	eyetracker.setRecordingState(False)
104.9067 	EXP 	eyetracker.setRecordingState(False)
104.9159 	EXP 	eyetracker.setRecordingState(False)
104.9252 	EXP 	eyetracker.setRecordingState(False)
104.9341 	EXP 	eyetracker.setRecordingState(False)
104.9427 	EXP 	eyetracker.setRecordingState(False)
104.9517 	EXP 	eyetracker.setRecordingState(False)
104.9605 	EXP 	eyetracker.setRecordingState(False)
104.9707 	EXP 	eyetracker.setRecordingState(False)
104.9812 	EXP 	eyetracker.setRecordingState(False)
104.9921 	EXP 	eyetracker.setRecordingState(False)
105.0019 	EXP 	eyetracker.setRecordingState(False)
105.0115 	EXP 	eyetracker.setRecordingState(False)
105.0204 	EXP 	eyetracker.setRecordingState(False)
105.0303 	EXP 	eyetracker.setRecordingState(False)
105.0402 	EXP 	eyetracker.setRecordingState(False)
105.0532 	EXP 	eyetracker.setRecordingState(False)
105.0683 	EXP 	eyetracker.setRecordingState(False)
105.0837 	EXP 	eyetracker.setRecordingState(False)
105.0966 	EXP 	eyetracker.setRecordingState(False)
105.1102 	EXP 	eyetracker.setRecordingState(False)
105.1273 	EXP 	eyetracker.setRecordingState(False)
105.1451 	EXP 	eyetracker.setRecordingState(False)
105.1620 	EXP 	eyetracker.setRecordingState(False)
105.1775 	EXP 	eyetracker.setRecordingState(False)
105.1924 	EXP 	eyetracker.setRecordingState(False)
105.2082 	EXP 	eyetracker.setRecordingState(False)
105.2210 	EXP 	eyetracker.setRecordingState(False)
105.2351 	EXP 	eyetracker.setRecordingState(False)
105.2482 	EXP 	eyetracker.setRecordingState(False)
105.2600 	EXP 	eyetracker.setRecordingState(False)
105.2735 	EXP 	eyetracker.setRecordingState(False)
105.2866 	EXP 	eyetracker.setRecordingState(False)
105.2994 	EXP 	eyetracker.setRecordingState(False)
105.3106 	EXP 	eyetracker.setRecordingState(False)
105.3231 	EXP 	eyetracker.setRecordingState(False)
105.3354 	EXP 	eyetracker.setRecordingState(False)
105.3486 	EXP 	eyetracker.setRecordingState(False)
105.3612 	EXP 	eyetracker.setRecordingState(False)
105.3720 	EXP 	eyetracker.setRecordingState(False)
105.3829 	EXP 	eyetracker.setRecordingState(False)
105.3942 	EXP 	eyetracker.setRecordingState(False)
105.4053 	EXP 	eyetracker.setRecordingState(False)
105.4166 	EXP 	eyetracker.setRecordingState(False)
105.4276 	EXP 	eyetracker.setRecordingState(False)
105.4371 	EXP 	eyetracker.setRecordingState(False)
105.4468 	EXP 	eyetracker.setRecordingState(False)
105.4589 	EXP 	eyetracker.setRecordingState(False)
105.4688 	EXP 	eyetracker.setRecordingState(False)
105.4794 	EXP 	eyetracker.setRecordingState(False)
105.4884 	EXP 	eyetracker.setRecordingState(False)
105.4969 	EXP 	eyetracker.setRecordingState(False)
105.5068 	EXP 	eyetracker.setRecordingState(False)
105.5171 	EXP 	eyetracker.setRecordingState(False)
105.5271 	EXP 	eyetracker.setRecordingState(False)
105.5372 	EXP 	eyetracker.setRecordingState(False)
105.5471 	EXP 	eyetracker.setRecordingState(False)
105.5571 	EXP 	eyetracker.setRecordingState(False)
105.5687 	EXP 	eyetracker.setRecordingState(False)
105.5814 	EXP 	eyetracker.setRecordingState(False)
105.5940 	EXP 	eyetracker.setRecordingState(False)
105.6079 	EXP 	eyetracker.setRecordingState(False)
105.6225 	EXP 	eyetracker.setRecordingState(False)
105.6338 	EXP 	eyetracker.setRecordingState(False)
105.6455 	EXP 	eyetracker.setRecordingState(False)
105.6561 	EXP 	eyetracker.setRecordingState(False)
105.6691 	EXP 	eyetracker.setRecordingState(False)
105.6842 	EXP 	eyetracker.setRecordingState(False)
105.6992 	EXP 	eyetracker.setRecordingState(False)
105.7146 	EXP 	eyetracker.setRecordingState(False)
105.7309 	EXP 	eyetracker.setRecordingState(False)
105.7475 	EXP 	eyetracker.setRecordingState(False)
105.7589 	EXP 	eyetracker.setRecordingState(False)
105.7711 	EXP 	eyetracker.setRecordingState(False)
105.7823 	EXP 	eyetracker.setRecordingState(False)
105.7962 	EXP 	eyetracker.setRecordingState(False)
105.8133 	EXP 	eyetracker.setRecordingState(False)
105.8283 	EXP 	eyetracker.setRecordingState(False)
105.8402 	EXP 	eyetracker.setRecordingState(False)
105.8516 	EXP 	eyetracker.setRecordingState(False)
105.8610 	EXP 	eyetracker.setRecordingState(False)
105.8713 	EXP 	eyetracker.setRecordingState(False)
105.8799 	EXP 	eyetracker.setRecordingState(False)
105.8883 	EXP 	eyetracker.setRecordingState(False)
105.8951 	EXP 	eyetracker.setRecordingState(False)
105.9014 	EXP 	eyetracker.setRecordingState(False)
105.9089 	EXP 	eyetracker.setRecordingState(False)
105.9170 	EXP 	eyetracker.setRecordingState(False)
105.9252 	EXP 	eyetracker.setRecordingState(False)
105.9343 	EXP 	eyetracker.setRecordingState(False)
105.9451 	EXP 	eyetracker.setRecordingState(False)
105.9575 	EXP 	eyetracker.setRecordingState(False)
105.9706 	EXP 	eyetracker.setRecordingState(False)
105.9844 	EXP 	eyetracker.setRecordingState(False)
106.0004 	EXP 	eyetracker.setRecordingState(False)
106.0156 	EXP 	eyetracker.setRecordingState(False)
106.0307 	EXP 	eyetracker.setRecordingState(False)
106.0456 	EXP 	eyetracker.setRecordingState(False)
106.0606 	EXP 	eyetracker.setRecordingState(False)
106.0758 	EXP 	eyetracker.setRecordingState(False)
106.0915 	EXP 	eyetracker.setRecordingState(False)
106.1057 	EXP 	eyetracker.setRecordingState(False)
106.1205 	EXP 	eyetracker.setRecordingState(False)
106.1354 	EXP 	eyetracker.setRecordingState(False)
106.1507 	EXP 	eyetracker.setRecordingState(False)
106.1661 	EXP 	eyetracker.setRecordingState(False)
106.1806 	EXP 	eyetracker.setRecordingState(False)
106.1953 	EXP 	eyetracker.setRecordingState(False)
106.2102 	EXP 	eyetracker.setRecordingState(False)
106.2242 	EXP 	eyetracker.setRecordingState(False)
106.2398 	EXP 	eyetracker.setRecordingState(False)
106.2536 	EXP 	eyetracker.setRecordingState(False)
106.2679 	EXP 	eyetracker.setRecordingState(False)
106.2814 	EXP 	eyetracker.setRecordingState(False)
106.2963 	EXP 	eyetracker.setRecordingState(False)
106.3114 	EXP 	eyetracker.setRecordingState(False)
106.3269 	EXP 	eyetracker.setRecordingState(False)
106.3407 	EXP 	eyetracker.setRecordingState(False)
106.3552 	EXP 	eyetracker.setRecordingState(False)
106.3717 	EXP 	eyetracker.setRecordingState(False)
106.3863 	EXP 	eyetracker.setRecordingState(False)
106.4008 	EXP 	eyetracker.setRecordingState(False)
106.4153 	EXP 	eyetracker.setRecordingState(False)
106.4270 	EXP 	eyetracker.setRecordingState(False)
106.4396 	EXP 	eyetracker.setRecordingState(False)
106.4497 	EXP 	eyetracker.setRecordingState(False)
106.4590 	EXP 	eyetracker.setRecordingState(False)
106.4712 	EXP 	eyetracker.setRecordingState(False)
106.4847 	EXP 	eyetracker.setRecordingState(False)
106.4960 	EXP 	eyetracker.setRecordingState(False)
106.5068 	EXP 	eyetracker.setRecordingState(False)
106.5172 	EXP 	eyetracker.setRecordingState(False)
106.5272 	EXP 	eyetracker.setRecordingState(False)
106.5379 	EXP 	eyetracker.setRecordingState(False)
106.5489 	EXP 	eyetracker.setRecordingState(False)
106.5587 	EXP 	eyetracker.setRecordingState(False)
106.5687 	EXP 	eyetracker.setRecordingState(False)
106.5786 	EXP 	eyetracker.setRecordingState(False)
106.5884 	EXP 	eyetracker.setRecordingState(False)
106.5974 	EXP 	eyetracker.setRecordingState(False)
106.6066 	EXP 	eyetracker.setRecordingState(False)
106.6157 	EXP 	eyetracker.setRecordingState(False)
106.6256 	EXP 	eyetracker.setRecordingState(False)
106.6358 	EXP 	eyetracker.setRecordingState(False)
106.6447 	EXP 	eyetracker.setRecordingState(False)
106.6534 	EXP 	eyetracker.setRecordingState(False)
106.6621 	EXP 	eyetracker.setRecordingState(False)
106.6721 	EXP 	eyetracker.setRecordingState(False)
106.6813 	EXP 	eyetracker.setRecordingState(False)
106.6904 	EXP 	eyetracker.setRecordingState(False)
106.6982 	EXP 	eyetracker.setRecordingState(False)
106.7068 	EXP 	eyetracker.setRecordingState(False)
106.7165 	EXP 	eyetracker.setRecordingState(False)
106.7242 	EXP 	eyetracker.setRecordingState(False)
106.7322 	EXP 	eyetracker.setRecordingState(False)
106.7409 	EXP 	eyetracker.setRecordingState(False)
106.7493 	EXP 	eyetracker.setRecordingState(False)
106.7581 	EXP 	eyetracker.setRecordingState(False)
106.7677 	EXP 	eyetracker.setRecordingState(False)
106.7763 	EXP 	eyetracker.setRecordingState(False)
106.7857 	EXP 	eyetracker.setRecordingState(False)
106.7955 	EXP 	eyetracker.setRecordingState(False)
106.8048 	EXP 	eyetracker.setRecordingState(False)
106.8146 	EXP 	eyetracker.setRecordingState(False)
106.8210 	EXP 	eyetracker.setRecordingState(False)
106.8295 	EXP 	eyetracker.setRecordingState(False)
106.8419 	EXP 	eyetracker.setRecordingState(False)
106.8531 	EXP 	eyetracker.setRecordingState(False)
106.8644 	EXP 	eyetracker.setRecordingState(False)
106.8738 	EXP 	eyetracker.setRecordingState(False)
106.8825 	EXP 	eyetracker.setRecordingState(False)
106.8915 	EXP 	eyetracker.setRecordingState(False)
106.9009 	EXP 	eyetracker.setRecordingState(False)
106.9098 	EXP 	eyetracker.setRecordingState(False)
106.9193 	EXP 	eyetracker.setRecordingState(False)
106.9275 	EXP 	eyetracker.setRecordingState(False)
106.9356 	EXP 	eyetracker.setRecordingState(False)
106.9427 	EXP 	eyetracker.setRecordingState(False)
106.9491 	EXP 	eyetracker.setRecordingState(False)
106.9548 	EXP 	eyetracker.setRecordingState(False)
106.9609 	EXP 	eyetracker.setRecordingState(False)
106.9671 	EXP 	eyetracker.setRecordingState(False)
106.9729 	EXP 	eyetracker.setRecordingState(False)
106.9799 	EXP 	eyetracker.setRecordingState(False)
106.9869 	EXP 	eyetracker.setRecordingState(False)
106.9940 	EXP 	eyetracker.setRecordingState(False)
107.0011 	EXP 	eyetracker.setRecordingState(False)
107.0096 	EXP 	eyetracker.setRecordingState(False)
107.0185 	EXP 	eyetracker.setRecordingState(False)
107.0271 	EXP 	eyetracker.setRecordingState(False)
107.0363 	EXP 	eyetracker.setRecordingState(False)
107.0456 	EXP 	eyetracker.setRecordingState(False)
107.0555 	EXP 	eyetracker.setRecordingState(False)
107.0648 	EXP 	eyetracker.setRecordingState(False)
107.0776 	EXP 	eyetracker.setRecordingState(False)
107.0912 	EXP 	eyetracker.setRecordingState(False)
107.1059 	EXP 	eyetracker.setRecordingState(False)
107.1198 	EXP 	eyetracker.setRecordingState(False)
107.1364 	EXP 	eyetracker.setRecordingState(False)
107.1505 	EXP 	eyetracker.setRecordingState(False)
107.1649 	EXP 	eyetracker.setRecordingState(False)
107.1782 	EXP 	eyetracker.setRecordingState(False)
107.1916 	EXP 	eyetracker.setRecordingState(False)
107.2043 	EXP 	eyetracker.setRecordingState(False)
107.2187 	EXP 	eyetracker.setRecordingState(False)
107.2334 	EXP 	eyetracker.setRecordingState(False)
107.2482 	EXP 	eyetracker.setRecordingState(False)
107.2614 	EXP 	eyetracker.setRecordingState(False)
107.2730 	EXP 	eyetracker.setRecordingState(False)
107.2840 	EXP 	eyetracker.setRecordingState(False)
107.2955 	EXP 	eyetracker.setRecordingState(False)
107.3057 	EXP 	eyetracker.setRecordingState(False)
107.3154 	EXP 	eyetracker.setRecordingState(False)
107.3265 	EXP 	eyetracker.setRecordingState(False)
107.3373 	EXP 	eyetracker.setRecordingState(False)
107.3481 	EXP 	eyetracker.setRecordingState(False)
107.3596 	EXP 	eyetracker.setRecordingState(False)
107.3696 	EXP 	eyetracker.setRecordingState(False)
107.3787 	EXP 	eyetracker.setRecordingState(False)
107.3882 	EXP 	eyetracker.setRecordingState(False)
107.3980 	EXP 	eyetracker.setRecordingState(False)
107.4081 	EXP 	eyetracker.setRecordingState(False)
107.4175 	EXP 	eyetracker.setRecordingState(False)
107.4277 	EXP 	eyetracker.setRecordingState(False)
107.4374 	EXP 	eyetracker.setRecordingState(False)
107.4442 	EXP 	eyetracker.setRecordingState(False)
107.4511 	EXP 	eyetracker.setRecordingState(False)
107.4583 	EXP 	eyetracker.setRecordingState(False)
107.4647 	EXP 	eyetracker.setRecordingState(False)
107.4708 	EXP 	eyetracker.setRecordingState(False)
107.4768 	EXP 	eyetracker.setRecordingState(False)
107.4836 	EXP 	eyetracker.setRecordingState(False)
107.4898 	EXP 	eyetracker.setRecordingState(False)
107.4963 	EXP 	eyetracker.setRecordingState(False)
107.5032 	EXP 	eyetracker.setRecordingState(False)
107.5099 	EXP 	eyetracker.setRecordingState(False)
107.5176 	EXP 	eyetracker.setRecordingState(False)
107.5258 	EXP 	eyetracker.setRecordingState(False)
107.5344 	EXP 	eyetracker.setRecordingState(False)
107.5421 	EXP 	eyetracker.setRecordingState(False)
107.5485 	EXP 	eyetracker.setRecordingState(False)
107.5552 	EXP 	eyetracker.setRecordingState(False)
107.5628 	EXP 	eyetracker.setRecordingState(False)
107.5712 	EXP 	eyetracker.setRecordingState(False)
107.5785 	EXP 	eyetracker.setRecordingState(False)
107.5848 	EXP 	eyetracker.setRecordingState(False)
107.5915 	EXP 	eyetracker.setRecordingState(False)
107.5965 	EXP 	eyetracker.setRecordingState(False)
107.6016 	EXP 	eyetracker.setRecordingState(False)
107.6074 	EXP 	eyetracker.setRecordingState(False)
107.6129 	EXP 	eyetracker.setRecordingState(False)
107.6179 	EXP 	eyetracker.setRecordingState(False)
107.6255 	EXP 	eyetracker.setRecordingState(False)
107.6330 	EXP 	eyetracker.setRecordingState(False)
107.6409 	EXP 	eyetracker.setRecordingState(False)
107.6505 	EXP 	eyetracker.setRecordingState(False)
107.6614 	EXP 	eyetracker.setRecordingState(False)
107.6739 	EXP 	eyetracker.setRecordingState(False)
107.6863 	EXP 	eyetracker.setRecordingState(False)
107.6992 	EXP 	eyetracker.setRecordingState(False)
107.7099 	EXP 	eyetracker.setRecordingState(False)
107.7183 	EXP 	eyetracker.setRecordingState(False)
107.7254 	EXP 	eyetracker.setRecordingState(False)
107.7311 	EXP 	eyetracker.setRecordingState(False)
107.7362 	EXP 	eyetracker.setRecordingState(False)
107.7415 	EXP 	eyetracker.setRecordingState(False)
107.7475 	EXP 	eyetracker.setRecordingState(False)
107.7531 	EXP 	eyetracker.setRecordingState(False)
107.7590 	EXP 	eyetracker.setRecordingState(False)
107.7649 	EXP 	eyetracker.setRecordingState(False)
107.7718 	EXP 	eyetracker.setRecordingState(False)
107.7791 	EXP 	eyetracker.setRecordingState(False)
107.7875 	EXP 	eyetracker.setRecordingState(False)
107.7982 	EXP 	eyetracker.setRecordingState(False)
107.8086 	EXP 	eyetracker.setRecordingState(False)
107.8204 	EXP 	eyetracker.setRecordingState(False)
107.8350 	EXP 	eyetracker.setRecordingState(False)
107.8484 	EXP 	eyetracker.setRecordingState(False)
107.8610 	EXP 	eyetracker.setRecordingState(False)
107.8728 	EXP 	eyetracker.setRecordingState(False)
107.8851 	EXP 	eyetracker.setRecordingState(False)
107.8987 	EXP 	eyetracker.setRecordingState(False)
107.9117 	EXP 	eyetracker.setRecordingState(False)
107.9264 	EXP 	eyetracker.setRecordingState(False)
107.9412 	EXP 	eyetracker.setRecordingState(False)
107.9539 	EXP 	eyetracker.setRecordingState(False)
107.9698 	EXP 	eyetracker.setRecordingState(False)
107.9796 	EXP 	eyetracker.setRecordingState(False)
107.9901 	EXP 	eyetracker.setRecordingState(False)
107.9990 	EXP 	eyetracker.setRecordingState(False)
108.0087 	EXP 	eyetracker.setRecordingState(False)
108.0173 	EXP 	eyetracker.setRecordingState(False)
108.0258 	EXP 	eyetracker.setRecordingState(False)
108.0348 	EXP 	eyetracker.setRecordingState(False)
108.0438 	EXP 	eyetracker.setRecordingState(False)
108.0538 	EXP 	eyetracker.setRecordingState(False)
108.0646 	EXP 	eyetracker.setRecordingState(False)
108.0743 	EXP 	eyetracker.setRecordingState(False)
108.0866 	EXP 	eyetracker.setRecordingState(False)
108.1004 	EXP 	eyetracker.setRecordingState(False)
108.1137 	EXP 	eyetracker.setRecordingState(False)
108.1263 	EXP 	eyetracker.setRecordingState(False)
108.1360 	EXP 	eyetracker.setRecordingState(False)
108.1479 	EXP 	eyetracker.setRecordingState(False)
108.1587 	EXP 	eyetracker.setRecordingState(False)
108.1707 	EXP 	eyetracker.setRecordingState(False)
108.1821 	EXP 	eyetracker.setRecordingState(False)
108.1949 	EXP 	eyetracker.setRecordingState(False)
108.2060 	EXP 	eyetracker.setRecordingState(False)
108.2168 	EXP 	eyetracker.setRecordingState(False)
108.2281 	EXP 	eyetracker.setRecordingState(False)
108.2397 	EXP 	eyetracker.setRecordingState(False)
108.2503 	EXP 	eyetracker.setRecordingState(False)
108.2617 	EXP 	eyetracker.setRecordingState(False)
108.2742 	EXP 	eyetracker.setRecordingState(False)
108.2854 	EXP 	eyetracker.setRecordingState(False)
108.2958 	EXP 	eyetracker.setRecordingState(False)
108.3073 	EXP 	eyetracker.setRecordingState(False)
108.3182 	EXP 	eyetracker.setRecordingState(False)
108.3289 	EXP 	eyetracker.setRecordingState(False)
108.3398 	EXP 	eyetracker.setRecordingState(False)
108.3486 	EXP 	eyetracker.setRecordingState(False)
108.3571 	EXP 	eyetracker.setRecordingState(False)
108.3654 	EXP 	eyetracker.setRecordingState(False)
108.3738 	EXP 	eyetracker.setRecordingState(False)
108.3829 	EXP 	eyetracker.setRecordingState(False)
108.3917 	EXP 	eyetracker.setRecordingState(False)
108.4006 	EXP 	eyetracker.setRecordingState(False)
108.4086 	EXP 	eyetracker.setRecordingState(False)
108.4166 	EXP 	eyetracker.setRecordingState(False)
108.4240 	EXP 	eyetracker.setRecordingState(False)
108.4324 	EXP 	eyetracker.setRecordingState(False)
108.4415 	EXP 	eyetracker.setRecordingState(False)
108.4523 	EXP 	eyetracker.setRecordingState(False)
108.4632 	EXP 	eyetracker.setRecordingState(False)
108.4743 	EXP 	eyetracker.setRecordingState(False)
108.4854 	EXP 	eyetracker.setRecordingState(False)
108.4976 	EXP 	eyetracker.setRecordingState(False)
108.5093 	EXP 	eyetracker.setRecordingState(False)
108.5199 	EXP 	eyetracker.setRecordingState(False)
108.5305 	EXP 	eyetracker.setRecordingState(False)
108.5416 	EXP 	eyetracker.setRecordingState(False)
108.5527 	EXP 	eyetracker.setRecordingState(False)
108.5635 	EXP 	eyetracker.setRecordingState(False)
108.5741 	EXP 	eyetracker.setRecordingState(False)
108.5838 	EXP 	eyetracker.setRecordingState(False)
108.5946 	EXP 	eyetracker.setRecordingState(False)
108.6066 	EXP 	eyetracker.setRecordingState(False)
108.6170 	EXP 	eyetracker.setRecordingState(False)
108.6266 	EXP 	eyetracker.setRecordingState(False)
108.6369 	EXP 	eyetracker.setRecordingState(False)
108.6463 	EXP 	eyetracker.setRecordingState(False)
108.6576 	EXP 	eyetracker.setRecordingState(False)
108.6683 	EXP 	eyetracker.setRecordingState(False)
108.6788 	EXP 	eyetracker.setRecordingState(False)
108.6895 	EXP 	eyetracker.setRecordingState(False)
108.6995 	EXP 	eyetracker.setRecordingState(False)
108.7105 	EXP 	eyetracker.setRecordingState(False)
108.7206 	EXP 	eyetracker.setRecordingState(False)
108.7298 	EXP 	eyetracker.setRecordingState(False)
108.7386 	EXP 	eyetracker.setRecordingState(False)
108.7500 	EXP 	eyetracker.setRecordingState(False)
108.7598 	EXP 	eyetracker.setRecordingState(False)
108.7697 	EXP 	eyetracker.setRecordingState(False)
108.7785 	EXP 	eyetracker.setRecordingState(False)
108.7884 	EXP 	eyetracker.setRecordingState(False)
108.7989 	EXP 	eyetracker.setRecordingState(False)
108.8100 	EXP 	eyetracker.setRecordingState(False)
108.8215 	EXP 	eyetracker.setRecordingState(False)
108.8332 	EXP 	eyetracker.setRecordingState(False)
108.8448 	EXP 	eyetracker.setRecordingState(False)
108.8546 	EXP 	eyetracker.setRecordingState(False)
108.8645 	EXP 	eyetracker.setRecordingState(False)
108.8748 	EXP 	eyetracker.setRecordingState(False)
108.8856 	EXP 	eyetracker.setRecordingState(False)
108.8968 	EXP 	eyetracker.setRecordingState(False)
108.9088 	EXP 	eyetracker.setRecordingState(False)
108.9210 	EXP 	eyetracker.setRecordingState(False)
108.9317 	EXP 	eyetracker.setRecordingState(False)
108.9439 	EXP 	eyetracker.setRecordingState(False)
108.9550 	EXP 	eyetracker.setRecordingState(False)
108.9665 	EXP 	eyetracker.setRecordingState(False)
108.9775 	EXP 	eyetracker.setRecordingState(False)
108.9884 	EXP 	eyetracker.setRecordingState(False)
108.9983 	EXP 	eyetracker.setRecordingState(False)
109.0082 	EXP 	eyetracker.setRecordingState(False)
109.0193 	EXP 	eyetracker.setRecordingState(False)
109.0293 	EXP 	eyetracker.setRecordingState(False)
109.0392 	EXP 	eyetracker.setRecordingState(False)
109.0486 	EXP 	eyetracker.setRecordingState(False)
109.0581 	EXP 	eyetracker.setRecordingState(False)
109.0680 	EXP 	eyetracker.setRecordingState(False)
109.0792 	EXP 	eyetracker.setRecordingState(False)
109.0912 	EXP 	eyetracker.setRecordingState(False)
109.1035 	EXP 	eyetracker.setRecordingState(False)
109.1150 	EXP 	eyetracker.setRecordingState(False)
109.1245 	EXP 	eyetracker.setRecordingState(False)
109.1337 	EXP 	eyetracker.setRecordingState(False)
109.1425 	EXP 	eyetracker.setRecordingState(False)
109.1507 	EXP 	eyetracker.setRecordingState(False)
109.1605 	EXP 	eyetracker.setRecordingState(False)
109.1703 	EXP 	eyetracker.setRecordingState(False)
109.1795 	EXP 	eyetracker.setRecordingState(False)
109.1895 	EXP 	eyetracker.setRecordingState(False)
109.1997 	EXP 	eyetracker.setRecordingState(False)
109.2096 	EXP 	eyetracker.setRecordingState(False)
109.2197 	EXP 	eyetracker.setRecordingState(False)
109.2302 	EXP 	eyetracker.setRecordingState(False)
109.2403 	EXP 	eyetracker.setRecordingState(False)
109.2499 	EXP 	eyetracker.setRecordingState(False)
109.2584 	EXP 	eyetracker.setRecordingState(False)
109.2660 	EXP 	eyetracker.setRecordingState(False)
109.2738 	EXP 	eyetracker.setRecordingState(False)
109.2815 	EXP 	eyetracker.setRecordingState(False)
109.2887 	EXP 	eyetracker.setRecordingState(False)
109.2957 	EXP 	eyetracker.setRecordingState(False)
109.3028 	EXP 	eyetracker.setRecordingState(False)
109.3101 	EXP 	eyetracker.setRecordingState(False)
109.3174 	EXP 	eyetracker.setRecordingState(False)
109.3254 	EXP 	eyetracker.setRecordingState(False)
109.3330 	EXP 	eyetracker.setRecordingState(False)
109.3404 	EXP 	eyetracker.setRecordingState(False)
109.3494 	EXP 	eyetracker.setRecordingState(False)
109.3578 	EXP 	eyetracker.setRecordingState(False)
109.3659 	EXP 	eyetracker.setRecordingState(False)
109.3740 	EXP 	eyetracker.setRecordingState(False)
109.3816 	EXP 	eyetracker.setRecordingState(False)
109.3894 	EXP 	eyetracker.setRecordingState(False)
109.3976 	EXP 	eyetracker.setRecordingState(False)
109.4057 	EXP 	eyetracker.setRecordingState(False)
109.4140 	EXP 	eyetracker.setRecordingState(False)
109.4240 	EXP 	eyetracker.setRecordingState(False)
109.4311 	EXP 	eyetracker.setRecordingState(False)
109.4388 	EXP 	eyetracker.setRecordingState(False)
109.4471 	EXP 	eyetracker.setRecordingState(False)
109.4545 	EXP 	eyetracker.setRecordingState(False)
109.4636 	EXP 	eyetracker.setRecordingState(False)
109.4735 	EXP 	eyetracker.setRecordingState(False)
109.4844 	EXP 	eyetracker.setRecordingState(False)
109.4957 	EXP 	eyetracker.setRecordingState(False)
109.5083 	EXP 	eyetracker.setRecordingState(False)
109.5198 	EXP 	eyetracker.setRecordingState(False)
109.5324 	EXP 	eyetracker.setRecordingState(False)
109.5449 	EXP 	eyetracker.setRecordingState(False)
109.5564 	EXP 	eyetracker.setRecordingState(False)
109.5668 	EXP 	eyetracker.setRecordingState(False)
109.5761 	EXP 	eyetracker.setRecordingState(False)
109.5852 	EXP 	eyetracker.setRecordingState(False)
109.5941 	EXP 	eyetracker.setRecordingState(False)
109.6029 	EXP 	eyetracker.setRecordingState(False)
109.6109 	EXP 	eyetracker.setRecordingState(False)
109.6196 	EXP 	eyetracker.setRecordingState(False)
109.6283 	EXP 	eyetracker.setRecordingState(False)
109.6365 	EXP 	eyetracker.setRecordingState(False)
109.6444 	EXP 	eyetracker.setRecordingState(False)
109.6522 	EXP 	eyetracker.setRecordingState(False)
109.6596 	EXP 	eyetracker.setRecordingState(False)
109.6684 	EXP 	eyetracker.setRecordingState(False)
109.6766 	EXP 	eyetracker.setRecordingState(False)
109.6868 	EXP 	eyetracker.setRecordingState(False)
109.6989 	EXP 	eyetracker.setRecordingState(False)
109.7110 	EXP 	eyetracker.setRecordingState(False)
109.7220 	EXP 	eyetracker.setRecordingState(False)
109.7330 	EXP 	eyetracker.setRecordingState(False)
109.7449 	EXP 	eyetracker.setRecordingState(False)
109.7569 	EXP 	eyetracker.setRecordingState(False)
109.7689 	EXP 	eyetracker.setRecordingState(False)
109.7811 	EXP 	eyetracker.setRecordingState(False)
109.7936 	EXP 	eyetracker.setRecordingState(False)
109.8061 	EXP 	eyetracker.setRecordingState(False)
109.8177 	EXP 	eyetracker.setRecordingState(False)
109.8284 	EXP 	eyetracker.setRecordingState(False)
109.8387 	EXP 	eyetracker.setRecordingState(False)
109.8483 	EXP 	eyetracker.setRecordingState(False)
109.8591 	EXP 	eyetracker.setRecordingState(False)
109.8684 	EXP 	eyetracker.setRecordingState(False)
109.8775 	EXP 	eyetracker.setRecordingState(False)
109.8883 	EXP 	eyetracker.setRecordingState(False)
109.8977 	EXP 	eyetracker.setRecordingState(False)
109.9085 	EXP 	eyetracker.setRecordingState(False)
109.9174 	EXP 	eyetracker.setRecordingState(False)
109.9270 	EXP 	eyetracker.setRecordingState(False)
109.9371 	EXP 	eyetracker.setRecordingState(False)
109.9481 	EXP 	eyetracker.setRecordingState(False)
109.9581 	EXP 	eyetracker.setRecordingState(False)
109.9686 	EXP 	eyetracker.setRecordingState(False)
109.9782 	EXP 	eyetracker.setRecordingState(False)
109.9886 	EXP 	eyetracker.setRecordingState(False)
110.0001 	EXP 	eyetracker.setRecordingState(False)
110.0108 	EXP 	eyetracker.setRecordingState(False)
110.0217 	EXP 	eyetracker.setRecordingState(False)
110.0321 	EXP 	eyetracker.setRecordingState(False)
110.0418 	EXP 	eyetracker.setRecordingState(False)
110.0519 	EXP 	eyetracker.setRecordingState(False)
110.0627 	EXP 	eyetracker.setRecordingState(False)
110.0737 	EXP 	eyetracker.setRecordingState(False)
110.0843 	EXP 	eyetracker.setRecordingState(False)
110.0959 	EXP 	eyetracker.setRecordingState(False)
110.1074 	EXP 	eyetracker.setRecordingState(False)
110.1178 	EXP 	eyetracker.setRecordingState(False)
110.1281 	EXP 	eyetracker.setRecordingState(False)
110.1376 	EXP 	eyetracker.setRecordingState(False)
110.1468 	EXP 	eyetracker.setRecordingState(False)
110.1569 	EXP 	eyetracker.setRecordingState(False)
110.1670 	EXP 	eyetracker.setRecordingState(False)
110.1768 	EXP 	eyetracker.setRecordingState(False)
110.1872 	EXP 	eyetracker.setRecordingState(False)
110.1970 	EXP 	eyetracker.setRecordingState(False)
110.2069 	EXP 	eyetracker.setRecordingState(False)
110.2169 	EXP 	eyetracker.setRecordingState(False)
110.2264 	EXP 	eyetracker.setRecordingState(False)
110.2369 	EXP 	eyetracker.setRecordingState(False)
110.2469 	EXP 	eyetracker.setRecordingState(False)
110.2561 	EXP 	eyetracker.setRecordingState(False)
110.2669 	EXP 	eyetracker.setRecordingState(False)
110.2768 	EXP 	eyetracker.setRecordingState(False)
110.2864 	EXP 	eyetracker.setRecordingState(False)
110.2968 	EXP 	eyetracker.setRecordingState(False)
110.3067 	EXP 	eyetracker.setRecordingState(False)
110.3146 	EXP 	eyetracker.setRecordingState(False)
110.3224 	EXP 	eyetracker.setRecordingState(False)
110.3303 	EXP 	eyetracker.setRecordingState(False)
110.3372 	EXP 	eyetracker.setRecordingState(False)
110.3437 	EXP 	eyetracker.setRecordingState(False)
110.3502 	EXP 	eyetracker.setRecordingState(False)
110.3566 	EXP 	eyetracker.setRecordingState(False)
110.3622 	EXP 	eyetracker.setRecordingState(False)
110.3678 	EXP 	eyetracker.setRecordingState(False)
110.3739 	EXP 	eyetracker.setRecordingState(False)
110.3803 	EXP 	eyetracker.setRecordingState(False)
110.3867 	EXP 	eyetracker.setRecordingState(False)
110.3940 	EXP 	eyetracker.setRecordingState(False)
110.4020 	EXP 	eyetracker.setRecordingState(False)
110.4113 	EXP 	eyetracker.setRecordingState(False)
110.4222 	EXP 	eyetracker.setRecordingState(False)
110.4320 	EXP 	eyetracker.setRecordingState(False)
110.4409 	EXP 	eyetracker.setRecordingState(False)
110.4503 	EXP 	eyetracker.setRecordingState(False)
110.4584 	EXP 	eyetracker.setRecordingState(False)
110.4654 	EXP 	eyetracker.setRecordingState(False)
110.4721 	EXP 	eyetracker.setRecordingState(False)
110.4790 	EXP 	eyetracker.setRecordingState(False)
110.4860 	EXP 	eyetracker.setRecordingState(False)
110.4934 	EXP 	eyetracker.setRecordingState(False)
110.5019 	EXP 	eyetracker.setRecordingState(False)
110.5105 	EXP 	eyetracker.setRecordingState(False)
110.5193 	EXP 	eyetracker.setRecordingState(False)
110.5289 	EXP 	eyetracker.setRecordingState(False)
110.5384 	EXP 	eyetracker.setRecordingState(False)
110.5492 	EXP 	eyetracker.setRecordingState(False)
110.5590 	EXP 	eyetracker.setRecordingState(False)
110.5689 	EXP 	eyetracker.setRecordingState(False)
110.5789 	EXP 	eyetracker.setRecordingState(False)
110.5888 	EXP 	eyetracker.setRecordingState(False)
110.5994 	EXP 	eyetracker.setRecordingState(False)
110.6099 	EXP 	eyetracker.setRecordingState(False)
110.6214 	EXP 	eyetracker.setRecordingState(False)
110.6303 	EXP 	eyetracker.setRecordingState(False)
110.6399 	EXP 	eyetracker.setRecordingState(False)
110.6478 	EXP 	eyetracker.setRecordingState(False)
110.6547 	EXP 	eyetracker.setRecordingState(False)
110.6615 	EXP 	eyetracker.setRecordingState(False)
110.6677 	EXP 	eyetracker.setRecordingState(False)
110.6740 	EXP 	eyetracker.setRecordingState(False)
110.6797 	EXP 	eyetracker.setRecordingState(False)
110.6856 	EXP 	eyetracker.setRecordingState(False)
110.6906 	EXP 	eyetracker.setRecordingState(False)
110.6960 	EXP 	eyetracker.setRecordingState(False)
110.7014 	EXP 	eyetracker.setRecordingState(False)
110.7082 	EXP 	eyetracker.setRecordingState(False)
110.7153 	EXP 	eyetracker.setRecordingState(False)
110.7220 	EXP 	eyetracker.setRecordingState(False)
110.7293 	EXP 	eyetracker.setRecordingState(False)
110.7359 	EXP 	eyetracker.setRecordingState(False)
110.7425 	EXP 	eyetracker.setRecordingState(False)
110.7496 	EXP 	eyetracker.setRecordingState(False)
110.7565 	EXP 	eyetracker.setRecordingState(False)
110.7638 	EXP 	eyetracker.setRecordingState(False)
110.7708 	EXP 	eyetracker.setRecordingState(False)
110.7779 	EXP 	eyetracker.setRecordingState(False)
110.7846 	EXP 	eyetracker.setRecordingState(False)
110.7918 	EXP 	eyetracker.setRecordingState(False)
110.7987 	EXP 	eyetracker.setRecordingState(False)
110.8056 	EXP 	eyetracker.setRecordingState(False)
110.8127 	EXP 	eyetracker.setRecordingState(False)
110.8198 	EXP 	eyetracker.setRecordingState(False)
110.8265 	EXP 	eyetracker.setRecordingState(False)
110.8340 	EXP 	eyetracker.setRecordingState(False)
110.8408 	EXP 	eyetracker.setRecordingState(False)
110.8474 	EXP 	eyetracker.setRecordingState(False)
110.8545 	EXP 	eyetracker.setRecordingState(False)
110.8612 	EXP 	eyetracker.setRecordingState(False)
110.8680 	EXP 	eyetracker.setRecordingState(False)
110.8748 	EXP 	eyetracker.setRecordingState(False)
110.8818 	EXP 	eyetracker.setRecordingState(False)
110.8892 	EXP 	eyetracker.setRecordingState(False)
110.8956 	EXP 	eyetracker.setRecordingState(False)
110.9028 	EXP 	eyetracker.setRecordingState(False)
110.9097 	EXP 	eyetracker.setRecordingState(False)
110.9162 	EXP 	eyetracker.setRecordingState(False)
110.9229 	EXP 	eyetracker.setRecordingState(False)
110.9299 	EXP 	eyetracker.setRecordingState(False)
110.9368 	EXP 	eyetracker.setRecordingState(False)
110.9439 	EXP 	eyetracker.setRecordingState(False)
110.9509 	EXP 	eyetracker.setRecordingState(False)
110.9578 	EXP 	eyetracker.setRecordingState(False)
110.9648 	EXP 	eyetracker.setRecordingState(False)
110.9718 	EXP 	eyetracker.setRecordingState(False)
110.9790 	EXP 	eyetracker.setRecordingState(False)
110.9858 	EXP 	eyetracker.setRecordingState(False)
110.9927 	EXP 	eyetracker.setRecordingState(False)
110.9999 	EXP 	eyetracker.setRecordingState(False)
111.0067 	EXP 	eyetracker.setRecordingState(False)
111.0139 	EXP 	eyetracker.setRecordingState(False)
111.0209 	EXP 	eyetracker.setRecordingState(False)
111.0277 	EXP 	eyetracker.setRecordingState(False)
111.0343 	EXP 	eyetracker.setRecordingState(False)
111.0414 	EXP 	eyetracker.setRecordingState(False)
111.0481 	EXP 	eyetracker.setRecordingState(False)
111.0549 	EXP 	eyetracker.setRecordingState(False)
111.0621 	EXP 	eyetracker.setRecordingState(False)
111.0689 	EXP 	eyetracker.setRecordingState(False)
111.0760 	EXP 	eyetracker.setRecordingState(False)
111.0830 	EXP 	eyetracker.setRecordingState(False)
111.0899 	EXP 	eyetracker.setRecordingState(False)
111.0969 	EXP 	eyetracker.setRecordingState(False)
111.1039 	EXP 	eyetracker.setRecordingState(False)
111.1108 	EXP 	eyetracker.setRecordingState(False)
111.1178 	EXP 	eyetracker.setRecordingState(False)
111.1248 	EXP 	eyetracker.setRecordingState(False)
111.1317 	EXP 	eyetracker.setRecordingState(False)
111.1387 	EXP 	eyetracker.setRecordingState(False)
111.1457 	EXP 	eyetracker.setRecordingState(False)
111.1525 	EXP 	eyetracker.setRecordingState(False)
111.1593 	EXP 	eyetracker.setRecordingState(False)
111.1664 	EXP 	eyetracker.setRecordingState(False)
111.1733 	EXP 	eyetracker.setRecordingState(False)
111.1801 	EXP 	eyetracker.setRecordingState(False)
111.1871 	EXP 	eyetracker.setRecordingState(False)
111.1944 	EXP 	eyetracker.setRecordingState(False)
111.2008 	EXP 	eyetracker.setRecordingState(False)
111.2082 	EXP 	eyetracker.setRecordingState(False)
111.2152 	EXP 	eyetracker.setRecordingState(False)
111.2218 	EXP 	eyetracker.setRecordingState(False)
111.2288 	EXP 	eyetracker.setRecordingState(False)
111.2357 	EXP 	eyetracker.setRecordingState(False)
111.2427 	EXP 	eyetracker.setRecordingState(False)
111.2498 	EXP 	eyetracker.setRecordingState(False)
111.2565 	EXP 	eyetracker.setRecordingState(False)
111.2636 	EXP 	eyetracker.setRecordingState(False)
111.2707 	EXP 	eyetracker.setRecordingState(False)
111.2777 	EXP 	eyetracker.setRecordingState(False)
111.2845 	EXP 	eyetracker.setRecordingState(False)
111.2916 	EXP 	eyetracker.setRecordingState(False)
111.2983 	EXP 	eyetracker.setRecordingState(False)
111.3055 	EXP 	eyetracker.setRecordingState(False)
111.3123 	EXP 	eyetracker.setRecordingState(False)
111.3191 	EXP 	eyetracker.setRecordingState(False)
111.3260 	EXP 	eyetracker.setRecordingState(False)
111.3331 	EXP 	eyetracker.setRecordingState(False)
111.3401 	EXP 	eyetracker.setRecordingState(False)
111.3470 	EXP 	eyetracker.setRecordingState(False)
111.3539 	EXP 	eyetracker.setRecordingState(False)
111.3610 	EXP 	eyetracker.setRecordingState(False)
111.3682 	EXP 	eyetracker.setRecordingState(False)
111.3749 	EXP 	eyetracker.setRecordingState(False)
111.3821 	EXP 	eyetracker.setRecordingState(False)
111.3888 	EXP 	eyetracker.setRecordingState(False)
111.3956 	EXP 	eyetracker.setRecordingState(False)
111.4026 	EXP 	eyetracker.setRecordingState(False)
111.4095 	EXP 	eyetracker.setRecordingState(False)
111.4168 	EXP 	eyetracker.setRecordingState(False)
111.4235 	EXP 	eyetracker.setRecordingState(False)
111.4303 	EXP 	eyetracker.setRecordingState(False)
111.4373 	EXP 	eyetracker.setRecordingState(False)
111.4442 	EXP 	eyetracker.setRecordingState(False)
111.4512 	EXP 	eyetracker.setRecordingState(False)
111.4580 	EXP 	eyetracker.setRecordingState(False)
111.4650 	EXP 	eyetracker.setRecordingState(False)
111.4721 	EXP 	eyetracker.setRecordingState(False)
111.4790 	EXP 	eyetracker.setRecordingState(False)
111.4855 	EXP 	eyetracker.setRecordingState(False)
111.4926 	EXP 	eyetracker.setRecordingState(False)
111.4995 	EXP 	eyetracker.setRecordingState(False)
111.5064 	EXP 	eyetracker.setRecordingState(False)
111.5134 	EXP 	eyetracker.setRecordingState(False)
111.5202 	EXP 	eyetracker.setRecordingState(False)
111.5276 	EXP 	eyetracker.setRecordingState(False)
111.5344 	EXP 	eyetracker.setRecordingState(False)
111.5415 	EXP 	eyetracker.setRecordingState(False)
111.5484 	EXP 	eyetracker.setRecordingState(False)
111.5554 	EXP 	eyetracker.setRecordingState(False)
111.5621 	EXP 	eyetracker.setRecordingState(False)
111.5692 	EXP 	eyetracker.setRecordingState(False)
111.5761 	EXP 	eyetracker.setRecordingState(False)
111.5830 	EXP 	eyetracker.setRecordingState(False)
111.5901 	EXP 	eyetracker.setRecordingState(False)
111.5969 	EXP 	eyetracker.setRecordingState(False)
111.6039 	EXP 	eyetracker.setRecordingState(False)
111.6109 	EXP 	eyetracker.setRecordingState(False)
111.6181 	EXP 	eyetracker.setRecordingState(False)
111.6249 	EXP 	eyetracker.setRecordingState(False)
111.6317 	EXP 	eyetracker.setRecordingState(False)
111.6384 	EXP 	eyetracker.setRecordingState(False)
111.6456 	EXP 	eyetracker.setRecordingState(False)
111.6526 	EXP 	eyetracker.setRecordingState(False)
111.6595 	EXP 	eyetracker.setRecordingState(False)
111.6665 	EXP 	eyetracker.setRecordingState(False)
111.6733 	EXP 	eyetracker.setRecordingState(False)
111.6806 	EXP 	eyetracker.setRecordingState(False)
111.6870 	EXP 	eyetracker.setRecordingState(False)
111.6938 	EXP 	eyetracker.setRecordingState(False)
111.7008 	EXP 	eyetracker.setRecordingState(False)
111.7078 	EXP 	eyetracker.setRecordingState(False)
111.7153 	EXP 	eyetracker.setRecordingState(False)
111.7221 	EXP 	eyetracker.setRecordingState(False)
111.7288 	EXP 	eyetracker.setRecordingState(False)
111.7358 	EXP 	eyetracker.setRecordingState(False)
111.7427 	EXP 	eyetracker.setRecordingState(False)
111.7497 	EXP 	eyetracker.setRecordingState(False)
111.7566 	EXP 	eyetracker.setRecordingState(False)
111.7634 	EXP 	eyetracker.setRecordingState(False)
111.7703 	EXP 	eyetracker.setRecordingState(False)
111.7778 	EXP 	eyetracker.setRecordingState(False)
111.7846 	EXP 	eyetracker.setRecordingState(False)
111.7915 	EXP 	eyetracker.setRecordingState(False)
111.7984 	EXP 	eyetracker.setRecordingState(False)
111.8052 	EXP 	eyetracker.setRecordingState(False)
111.8122 	EXP 	eyetracker.setRecordingState(False)
111.8190 	EXP 	eyetracker.setRecordingState(False)
111.8261 	EXP 	eyetracker.setRecordingState(False)
111.8331 	EXP 	eyetracker.setRecordingState(False)
111.8401 	EXP 	eyetracker.setRecordingState(False)
111.8469 	EXP 	eyetracker.setRecordingState(False)
111.8539 	EXP 	eyetracker.setRecordingState(False)
111.8607 	EXP 	eyetracker.setRecordingState(False)
111.8676 	EXP 	eyetracker.setRecordingState(False)
111.8749 	EXP 	eyetracker.setRecordingState(False)
111.8822 	EXP 	eyetracker.setRecordingState(False)
111.8915 	EXP 	eyetracker.setRecordingState(False)
111.9002 	EXP 	eyetracker.setRecordingState(False)
111.9057 	EXP 	eyetracker.setRecordingState(False)
111.9144 	EXP 	eyetracker.setRecordingState(False)
111.9185 	EXP 	eyetracker.setRecordingState(False)
111.9244 	EXP 	eyetracker.setRecordingState(False)
111.9301 	EXP 	eyetracker.setRecordingState(False)
111.9373 	EXP 	eyetracker.setRecordingState(False)
111.9441 	EXP 	eyetracker.setRecordingState(False)
111.9508 	EXP 	eyetracker.setRecordingState(False)
111.9578 	EXP 	eyetracker.setRecordingState(False)
111.9650 	EXP 	eyetracker.setRecordingState(False)
111.9718 	EXP 	eyetracker.setRecordingState(False)
111.9791 	EXP 	eyetracker.setRecordingState(False)
111.9861 	EXP 	eyetracker.setRecordingState(False)
111.9929 	EXP 	eyetracker.setRecordingState(False)
111.9998 	EXP 	eyetracker.setRecordingState(False)
112.0066 	EXP 	eyetracker.setRecordingState(False)
112.0136 	EXP 	eyetracker.setRecordingState(False)
112.0205 	EXP 	eyetracker.setRecordingState(False)
112.0275 	EXP 	eyetracker.setRecordingState(False)
112.0341 	EXP 	eyetracker.setRecordingState(False)
112.0410 	EXP 	eyetracker.setRecordingState(False)
112.0481 	EXP 	eyetracker.setRecordingState(False)
112.0548 	EXP 	eyetracker.setRecordingState(False)
112.0618 	EXP 	eyetracker.setRecordingState(False)
112.0690 	EXP 	eyetracker.setRecordingState(False)
112.0758 	EXP 	eyetracker.setRecordingState(False)
112.0826 	EXP 	eyetracker.setRecordingState(False)
112.0896 	EXP 	eyetracker.setRecordingState(False)
112.0966 	EXP 	eyetracker.setRecordingState(False)
112.1034 	EXP 	eyetracker.setRecordingState(False)
112.1107 	EXP 	eyetracker.setRecordingState(False)
112.1173 	EXP 	eyetracker.setRecordingState(False)
112.1243 	EXP 	eyetracker.setRecordingState(False)
112.1316 	EXP 	eyetracker.setRecordingState(False)
112.1386 	EXP 	eyetracker.setRecordingState(False)
112.1461 	EXP 	eyetracker.setRecordingState(False)
112.1535 	EXP 	eyetracker.setRecordingState(False)
112.1618 	EXP 	eyetracker.setRecordingState(False)
112.1695 	EXP 	eyetracker.setRecordingState(False)
112.1781 	EXP 	eyetracker.setRecordingState(False)
112.1867 	EXP 	eyetracker.setRecordingState(False)
112.1952 	EXP 	eyetracker.setRecordingState(False)
112.2040 	EXP 	eyetracker.setRecordingState(False)
112.2121 	EXP 	eyetracker.setRecordingState(False)
112.2206 	EXP 	eyetracker.setRecordingState(False)
112.2297 	EXP 	eyetracker.setRecordingState(False)
112.2401 	EXP 	eyetracker.setRecordingState(False)
112.2500 	EXP 	eyetracker.setRecordingState(False)
112.2589 	EXP 	eyetracker.setRecordingState(False)
112.2682 	EXP 	eyetracker.setRecordingState(False)
112.2778 	EXP 	eyetracker.setRecordingState(False)
112.2883 	EXP 	eyetracker.setRecordingState(False)
112.2982 	EXP 	eyetracker.setRecordingState(False)
112.3080 	EXP 	eyetracker.setRecordingState(False)
112.3156 	EXP 	eyetracker.setRecordingState(False)
112.3226 	EXP 	eyetracker.setRecordingState(False)
112.3279 	EXP 	eyetracker.setRecordingState(False)
112.3326 	EXP 	eyetracker.setRecordingState(False)
112.3368 	EXP 	eyetracker.setRecordingState(False)
112.3418 	EXP 	eyetracker.setRecordingState(False)
112.3465 	EXP 	eyetracker.setRecordingState(False)
112.3537 	EXP 	eyetracker.setRecordingState(False)
112.3606 	EXP 	eyetracker.setRecordingState(False)
112.3674 	EXP 	eyetracker.setRecordingState(False)
112.3744 	EXP 	eyetracker.setRecordingState(False)
112.3815 	EXP 	eyetracker.setRecordingState(False)
112.3890 	EXP 	eyetracker.setRecordingState(False)
112.3963 	EXP 	eyetracker.setRecordingState(False)
112.4037 	EXP 	eyetracker.setRecordingState(False)
112.4117 	EXP 	eyetracker.setRecordingState(False)
112.4218 	EXP 	eyetracker.setRecordingState(False)
112.4283 	EXP 	eyetracker.setRecordingState(False)
112.4345 	EXP 	eyetracker.setRecordingState(False)
112.4421 	EXP 	eyetracker.setRecordingState(False)
112.4481 	EXP 	eyetracker.setRecordingState(False)
112.4545 	EXP 	eyetracker.setRecordingState(False)
112.4619 	EXP 	eyetracker.setRecordingState(False)
112.4706 	EXP 	eyetracker.setRecordingState(False)
112.4787 	EXP 	eyetracker.setRecordingState(False)
112.4873 	EXP 	eyetracker.setRecordingState(False)
112.4964 	EXP 	eyetracker.setRecordingState(False)
112.5047 	EXP 	eyetracker.setRecordingState(False)
112.5109 	EXP 	eyetracker.setRecordingState(False)
112.5159 	EXP 	eyetracker.setRecordingState(False)
112.5224 	EXP 	eyetracker.setRecordingState(False)
112.5278 	EXP 	eyetracker.setRecordingState(False)
112.5324 	EXP 	eyetracker.setRecordingState(False)
112.5378 	EXP 	eyetracker.setRecordingState(False)
112.5430 	EXP 	eyetracker.setRecordingState(False)
112.5484 	EXP 	eyetracker.setRecordingState(False)
112.5554 	EXP 	eyetracker.setRecordingState(False)
112.5619 	EXP 	eyetracker.setRecordingState(False)
112.5691 	EXP 	eyetracker.setRecordingState(False)
112.5761 	EXP 	eyetracker.setRecordingState(False)
112.5831 	EXP 	eyetracker.setRecordingState(False)
112.5901 	EXP 	eyetracker.setRecordingState(False)
112.5973 	EXP 	eyetracker.setRecordingState(False)
112.6044 	EXP 	eyetracker.setRecordingState(False)
112.6116 	EXP 	eyetracker.setRecordingState(False)
112.6185 	EXP 	eyetracker.setRecordingState(False)
112.6258 	EXP 	eyetracker.setRecordingState(False)
112.6336 	EXP 	eyetracker.setRecordingState(False)
112.6413 	EXP 	eyetracker.setRecordingState(False)
112.6492 	EXP 	eyetracker.setRecordingState(False)
112.6577 	EXP 	eyetracker.setRecordingState(False)
112.6667 	EXP 	eyetracker.setRecordingState(False)
112.6756 	EXP 	eyetracker.setRecordingState(False)
112.6858 	EXP 	eyetracker.setRecordingState(False)
112.6959 	EXP 	eyetracker.setRecordingState(False)
112.7061 	EXP 	eyetracker.setRecordingState(False)
112.7157 	EXP 	eyetracker.setRecordingState(False)
112.7261 	EXP 	eyetracker.setRecordingState(False)
112.7361 	EXP 	eyetracker.setRecordingState(False)
112.7471 	EXP 	eyetracker.setRecordingState(False)
112.7571 	EXP 	eyetracker.setRecordingState(False)
112.7693 	EXP 	eyetracker.setRecordingState(False)
112.7786 	EXP 	eyetracker.setRecordingState(False)
112.7873 	EXP 	eyetracker.setRecordingState(False)
112.7963 	EXP 	eyetracker.setRecordingState(False)
112.8060 	EXP 	eyetracker.setRecordingState(False)
112.8155 	EXP 	eyetracker.setRecordingState(False)
112.8261 	EXP 	eyetracker.setRecordingState(False)
112.8339 	EXP 	eyetracker.setRecordingState(False)
112.8430 	EXP 	eyetracker.setRecordingState(False)
112.8528 	EXP 	eyetracker.setRecordingState(False)
112.8621 	EXP 	eyetracker.setRecordingState(False)
112.8722 	EXP 	eyetracker.setRecordingState(False)
112.8819 	EXP 	eyetracker.setRecordingState(False)
112.8923 	EXP 	eyetracker.setRecordingState(False)
112.9012 	EXP 	eyetracker.setRecordingState(False)
112.9103 	EXP 	eyetracker.setRecordingState(False)
112.9224 	EXP 	eyetracker.setRecordingState(False)
112.9318 	EXP 	eyetracker.setRecordingState(False)
112.9413 	EXP 	eyetracker.setRecordingState(False)
112.9519 	EXP 	eyetracker.setRecordingState(False)
112.9612 	EXP 	eyetracker.setRecordingState(False)
112.9700 	EXP 	eyetracker.setRecordingState(False)
112.9791 	EXP 	eyetracker.setRecordingState(False)
112.9878 	EXP 	eyetracker.setRecordingState(False)
112.9964 	EXP 	eyetracker.setRecordingState(False)
113.0062 	EXP 	eyetracker.setRecordingState(False)
113.0162 	EXP 	eyetracker.setRecordingState(False)
113.0273 	EXP 	eyetracker.setRecordingState(False)
113.0358 	EXP 	eyetracker.setRecordingState(False)
113.0452 	EXP 	eyetracker.setRecordingState(False)
113.0544 	EXP 	eyetracker.setRecordingState(False)
113.0636 	EXP 	eyetracker.setRecordingState(False)
113.0733 	EXP 	eyetracker.setRecordingState(False)
113.0837 	EXP 	eyetracker.setRecordingState(False)
113.0922 	EXP 	eyetracker.setRecordingState(False)
113.0998 	EXP 	eyetracker.setRecordingState(False)
113.1078 	EXP 	eyetracker.setRecordingState(False)
113.1162 	EXP 	eyetracker.setRecordingState(False)
113.1253 	EXP 	eyetracker.setRecordingState(False)
113.1347 	EXP 	eyetracker.setRecordingState(False)
113.1425 	EXP 	eyetracker.setRecordingState(False)
113.1512 	EXP 	eyetracker.setRecordingState(False)
113.1605 	EXP 	eyetracker.setRecordingState(False)
113.1699 	EXP 	eyetracker.setRecordingState(False)
113.1781 	EXP 	eyetracker.setRecordingState(False)
113.1868 	EXP 	eyetracker.setRecordingState(False)
113.1956 	EXP 	eyetracker.setRecordingState(False)
113.2052 	EXP 	eyetracker.setRecordingState(False)
113.2155 	EXP 	eyetracker.setRecordingState(False)
113.2251 	EXP 	eyetracker.setRecordingState(False)
113.2362 	EXP 	eyetracker.setRecordingState(False)
113.2465 	EXP 	eyetracker.setRecordingState(False)
113.2565 	EXP 	eyetracker.setRecordingState(False)
113.2685 	EXP 	eyetracker.setRecordingState(False)
113.2793 	EXP 	eyetracker.setRecordingState(False)
113.2889 	EXP 	eyetracker.setRecordingState(False)
113.2988 	EXP 	eyetracker.setRecordingState(False)
113.3086 	EXP 	eyetracker.setRecordingState(False)
113.3188 	EXP 	eyetracker.setRecordingState(False)
113.3300 	EXP 	eyetracker.setRecordingState(False)
113.3402 	EXP 	eyetracker.setRecordingState(False)
113.3491 	EXP 	eyetracker.setRecordingState(False)
113.3584 	EXP 	eyetracker.setRecordingState(False)
113.3674 	EXP 	eyetracker.setRecordingState(False)
113.3762 	EXP 	eyetracker.setRecordingState(False)
113.3842 	EXP 	eyetracker.setRecordingState(False)
113.3932 	EXP 	eyetracker.setRecordingState(False)
113.4014 	EXP 	eyetracker.setRecordingState(False)
113.4094 	EXP 	eyetracker.setRecordingState(False)
113.4179 	EXP 	eyetracker.setRecordingState(False)
113.4270 	EXP 	eyetracker.setRecordingState(False)
113.4355 	EXP 	eyetracker.setRecordingState(False)
113.4434 	EXP 	eyetracker.setRecordingState(False)
113.4528 	EXP 	eyetracker.setRecordingState(False)
113.4614 	EXP 	eyetracker.setRecordingState(False)
113.4711 	EXP 	eyetracker.setRecordingState(False)
113.4806 	EXP 	eyetracker.setRecordingState(False)
113.4908 	EXP 	eyetracker.setRecordingState(False)
113.5007 	EXP 	eyetracker.setRecordingState(False)
113.5113 	EXP 	eyetracker.setRecordingState(False)
113.5212 	EXP 	eyetracker.setRecordingState(False)
113.5310 	EXP 	eyetracker.setRecordingState(False)
113.5405 	EXP 	eyetracker.setRecordingState(False)
113.5515 	EXP 	eyetracker.setRecordingState(False)
113.5625 	EXP 	eyetracker.setRecordingState(False)
113.5728 	EXP 	eyetracker.setRecordingState(False)
113.5839 	EXP 	eyetracker.setRecordingState(False)
113.5943 	EXP 	eyetracker.setRecordingState(False)
113.6041 	EXP 	eyetracker.setRecordingState(False)
113.6143 	EXP 	eyetracker.setRecordingState(False)
113.6244 	EXP 	eyetracker.setRecordingState(False)
113.6319 	EXP 	eyetracker.setRecordingState(False)
113.6402 	EXP 	eyetracker.setRecordingState(False)
113.6475 	EXP 	eyetracker.setRecordingState(False)
113.6535 	EXP 	eyetracker.setRecordingState(False)
113.6604 	EXP 	eyetracker.setRecordingState(False)
113.6696 	EXP 	eyetracker.setRecordingState(False)
113.6789 	EXP 	eyetracker.setRecordingState(False)
113.6885 	EXP 	eyetracker.setRecordingState(False)
113.7011 	EXP 	eyetracker.setRecordingState(False)
113.7127 	EXP 	eyetracker.setRecordingState(False)
113.7232 	EXP 	eyetracker.setRecordingState(False)
113.7357 	EXP 	eyetracker.setRecordingState(False)
113.7458 	EXP 	eyetracker.setRecordingState(False)
113.7568 	EXP 	eyetracker.setRecordingState(False)
113.7678 	EXP 	eyetracker.setRecordingState(False)
113.7793 	EXP 	eyetracker.setRecordingState(False)
113.7893 	EXP 	eyetracker.setRecordingState(False)
113.8022 	EXP 	eyetracker.setRecordingState(False)
113.8156 	EXP 	eyetracker.setRecordingState(False)
113.8281 	EXP 	eyetracker.setRecordingState(False)
113.8415 	EXP 	eyetracker.setRecordingState(False)
113.8541 	EXP 	eyetracker.setRecordingState(False)
113.8653 	EXP 	eyetracker.setRecordingState(False)
113.8767 	EXP 	eyetracker.setRecordingState(False)
113.8869 	EXP 	eyetracker.setRecordingState(False)
113.8971 	EXP 	eyetracker.setRecordingState(False)
113.9082 	EXP 	eyetracker.setRecordingState(False)
113.9196 	EXP 	eyetracker.setRecordingState(False)
113.9302 	EXP 	eyetracker.setRecordingState(False)
113.9419 	EXP 	eyetracker.setRecordingState(False)
113.9532 	EXP 	eyetracker.setRecordingState(False)
113.9636 	EXP 	eyetracker.setRecordingState(False)
113.9746 	EXP 	eyetracker.setRecordingState(False)
113.9858 	EXP 	eyetracker.setRecordingState(False)
113.9958 	EXP 	eyetracker.setRecordingState(False)
114.0058 	EXP 	eyetracker.setRecordingState(False)
114.0170 	EXP 	eyetracker.setRecordingState(False)
114.0261 	EXP 	eyetracker.setRecordingState(False)
114.0355 	EXP 	eyetracker.setRecordingState(False)
114.0454 	EXP 	eyetracker.setRecordingState(False)
114.0535 	EXP 	eyetracker.setRecordingState(False)
114.0627 	EXP 	eyetracker.setRecordingState(False)
114.0715 	EXP 	eyetracker.setRecordingState(False)
114.0807 	EXP 	eyetracker.setRecordingState(False)
114.0899 	EXP 	eyetracker.setRecordingState(False)
114.0988 	EXP 	eyetracker.setRecordingState(False)
114.1077 	EXP 	eyetracker.setRecordingState(False)
114.1168 	EXP 	eyetracker.setRecordingState(False)
114.1271 	EXP 	eyetracker.setRecordingState(False)
114.1367 	EXP 	eyetracker.setRecordingState(False)
114.1458 	EXP 	eyetracker.setRecordingState(False)
114.1564 	EXP 	eyetracker.setRecordingState(False)
114.1651 	EXP 	eyetracker.setRecordingState(False)
114.1742 	EXP 	eyetracker.setRecordingState(False)
114.1844 	EXP 	eyetracker.setRecordingState(False)
114.1941 	EXP 	eyetracker.setRecordingState(False)
114.2053 	EXP 	eyetracker.setRecordingState(False)
114.2156 	EXP 	eyetracker.setRecordingState(False)
114.2256 	EXP 	eyetracker.setRecordingState(False)
114.2370 	EXP 	eyetracker.setRecordingState(False)
114.2475 	EXP 	eyetracker.setRecordingState(False)
114.2571 	EXP 	eyetracker.setRecordingState(False)
114.2688 	EXP 	eyetracker.setRecordingState(False)
114.2788 	EXP 	eyetracker.setRecordingState(False)
114.2888 	EXP 	eyetracker.setRecordingState(False)
114.3010 	EXP 	eyetracker.setRecordingState(False)
114.3112 	EXP 	eyetracker.setRecordingState(False)
114.3210 	EXP 	eyetracker.setRecordingState(False)
114.3309 	EXP 	eyetracker.setRecordingState(False)
114.3397 	EXP 	eyetracker.setRecordingState(False)
114.3484 	EXP 	eyetracker.setRecordingState(False)
114.3590 	EXP 	eyetracker.setRecordingState(False)
114.3689 	EXP 	eyetracker.setRecordingState(False)
114.3789 	EXP 	eyetracker.setRecordingState(False)
114.3892 	EXP 	eyetracker.setRecordingState(False)
114.3992 	EXP 	eyetracker.setRecordingState(False)
114.4092 	EXP 	eyetracker.setRecordingState(False)
114.4194 	EXP 	eyetracker.setRecordingState(False)
114.4304 	EXP 	eyetracker.setRecordingState(False)
114.4412 	EXP 	eyetracker.setRecordingState(False)
114.4512 	EXP 	eyetracker.setRecordingState(False)
114.4633 	EXP 	eyetracker.setRecordingState(False)
114.4728 	EXP 	eyetracker.setRecordingState(False)
114.4833 	EXP 	eyetracker.setRecordingState(False)
114.4927 	EXP 	eyetracker.setRecordingState(False)
114.5023 	EXP 	eyetracker.setRecordingState(False)
114.5130 	EXP 	eyetracker.setRecordingState(False)
114.5230 	EXP 	eyetracker.setRecordingState(False)
114.5334 	EXP 	eyetracker.setRecordingState(False)
114.5443 	EXP 	eyetracker.setRecordingState(False)
114.5548 	EXP 	eyetracker.setRecordingState(False)
114.5647 	EXP 	eyetracker.setRecordingState(False)
114.5739 	EXP 	eyetracker.setRecordingState(False)
114.5824 	EXP 	eyetracker.setRecordingState(False)
114.5909 	EXP 	eyetracker.setRecordingState(False)
114.6007 	EXP 	eyetracker.setRecordingState(False)
114.6096 	EXP 	eyetracker.setRecordingState(False)
114.6175 	EXP 	eyetracker.setRecordingState(False)
114.6259 	EXP 	eyetracker.setRecordingState(False)
114.6337 	EXP 	eyetracker.setRecordingState(False)
114.6427 	EXP 	eyetracker.setRecordingState(False)
114.6518 	EXP 	eyetracker.setRecordingState(False)
114.6617 	EXP 	eyetracker.setRecordingState(False)
114.6736 	EXP 	eyetracker.setRecordingState(False)
114.6836 	EXP 	eyetracker.setRecordingState(False)
114.6937 	EXP 	eyetracker.setRecordingState(False)
114.7042 	EXP 	eyetracker.setRecordingState(False)
114.7156 	EXP 	eyetracker.setRecordingState(False)
114.7269 	EXP 	eyetracker.setRecordingState(False)
114.7378 	EXP 	eyetracker.setRecordingState(False)
114.7490 	EXP 	eyetracker.setRecordingState(False)
114.7600 	EXP 	eyetracker.setRecordingState(False)
114.7713 	EXP 	eyetracker.setRecordingState(False)
114.7821 	EXP 	eyetracker.setRecordingState(False)
114.7923 	EXP 	eyetracker.setRecordingState(False)
114.8036 	EXP 	eyetracker.setRecordingState(False)
114.8151 	EXP 	eyetracker.setRecordingState(False)
114.8264 	EXP 	eyetracker.setRecordingState(False)
114.8372 	EXP 	eyetracker.setRecordingState(False)
114.8482 	EXP 	eyetracker.setRecordingState(False)
114.8580 	EXP 	eyetracker.setRecordingState(False)
114.8687 	EXP 	eyetracker.setRecordingState(False)
114.8795 	EXP 	eyetracker.setRecordingState(False)
114.8897 	EXP 	eyetracker.setRecordingState(False)
114.9004 	EXP 	eyetracker.setRecordingState(False)
114.9118 	EXP 	eyetracker.setRecordingState(False)
114.9224 	EXP 	eyetracker.setRecordingState(False)
114.9330 	EXP 	eyetracker.setRecordingState(False)
114.9431 	EXP 	eyetracker.setRecordingState(False)
114.9534 	EXP 	eyetracker.setRecordingState(False)
114.9636 	EXP 	eyetracker.setRecordingState(False)
114.9727 	EXP 	eyetracker.setRecordingState(False)
114.9821 	EXP 	eyetracker.setRecordingState(False)
114.9917 	EXP 	eyetracker.setRecordingState(False)
115.0017 	EXP 	eyetracker.setRecordingState(False)
115.0110 	EXP 	eyetracker.setRecordingState(False)
115.0203 	EXP 	eyetracker.setRecordingState(False)
115.0294 	EXP 	eyetracker.setRecordingState(False)
115.0390 	EXP 	eyetracker.setRecordingState(False)
115.0489 	EXP 	eyetracker.setRecordingState(False)
115.0587 	EXP 	eyetracker.setRecordingState(False)
115.0691 	EXP 	eyetracker.setRecordingState(False)
115.0802 	EXP 	eyetracker.setRecordingState(False)
115.0902 	EXP 	eyetracker.setRecordingState(False)
115.1015 	EXP 	eyetracker.setRecordingState(False)
115.1115 	EXP 	eyetracker.setRecordingState(False)
115.1209 	EXP 	eyetracker.setRecordingState(False)
115.1313 	EXP 	eyetracker.setRecordingState(False)
115.1383 	EXP 	eyetracker.setRecordingState(False)
115.1463 	EXP 	eyetracker.setRecordingState(False)
115.1526 	EXP 	eyetracker.setRecordingState(False)
115.1593 	EXP 	eyetracker.setRecordingState(False)
115.1660 	EXP 	eyetracker.setRecordingState(False)
115.1735 	EXP 	eyetracker.setRecordingState(False)
115.1822 	EXP 	eyetracker.setRecordingState(False)
115.1926 	EXP 	eyetracker.setRecordingState(False)
115.2037 	EXP 	eyetracker.setRecordingState(False)
115.2144 	EXP 	eyetracker.setRecordingState(False)
115.2248 	EXP 	eyetracker.setRecordingState(False)
115.2357 	EXP 	eyetracker.setRecordingState(False)
115.2476 	EXP 	eyetracker.setRecordingState(False)
115.2607 	EXP 	eyetracker.setRecordingState(False)
115.2729 	EXP 	eyetracker.setRecordingState(False)
115.2838 	EXP 	eyetracker.setRecordingState(False)
115.2939 	EXP 	eyetracker.setRecordingState(False)
115.3041 	EXP 	eyetracker.setRecordingState(False)
115.3156 	EXP 	eyetracker.setRecordingState(False)
115.3289 	EXP 	eyetracker.setRecordingState(False)
115.3394 	EXP 	eyetracker.setRecordingState(False)
115.3507 	EXP 	eyetracker.setRecordingState(False)
115.3613 	EXP 	eyetracker.setRecordingState(False)
115.3708 	EXP 	eyetracker.setRecordingState(False)
115.3831 	EXP 	eyetracker.setRecordingState(False)
115.3921 	EXP 	eyetracker.setRecordingState(False)
115.4014 	EXP 	eyetracker.setRecordingState(False)
115.4108 	EXP 	eyetracker.setRecordingState(False)
115.4213 	EXP 	eyetracker.setRecordingState(False)
115.4303 	EXP 	eyetracker.setRecordingState(False)
115.4401 	EXP 	eyetracker.setRecordingState(False)
115.4496 	EXP 	eyetracker.setRecordingState(False)
115.4593 	EXP 	eyetracker.setRecordingState(False)
115.4699 	EXP 	eyetracker.setRecordingState(False)
115.4794 	EXP 	eyetracker.setRecordingState(False)
115.4897 	EXP 	eyetracker.setRecordingState(False)
115.4987 	EXP 	eyetracker.setRecordingState(False)
115.5077 	EXP 	eyetracker.setRecordingState(False)
115.5168 	EXP 	eyetracker.setRecordingState(False)
115.5262 	EXP 	eyetracker.setRecordingState(False)
115.5367 	EXP 	eyetracker.setRecordingState(False)
115.5472 	EXP 	eyetracker.setRecordingState(False)
115.5577 	EXP 	eyetracker.setRecordingState(False)
115.5678 	EXP 	eyetracker.setRecordingState(False)
115.5783 	EXP 	eyetracker.setRecordingState(False)
115.5887 	EXP 	eyetracker.setRecordingState(False)
115.5990 	EXP 	eyetracker.setRecordingState(False)
115.6094 	EXP 	eyetracker.setRecordingState(False)
115.6210 	EXP 	eyetracker.setRecordingState(False)
115.6314 	EXP 	eyetracker.setRecordingState(False)
115.6421 	EXP 	eyetracker.setRecordingState(False)
115.6525 	EXP 	eyetracker.setRecordingState(False)
115.6624 	EXP 	eyetracker.setRecordingState(False)
115.6729 	EXP 	eyetracker.setRecordingState(False)
115.6836 	EXP 	eyetracker.setRecordingState(False)
115.6951 	EXP 	eyetracker.setRecordingState(False)
115.7060 	EXP 	eyetracker.setRecordingState(False)
115.7167 	EXP 	eyetracker.setRecordingState(False)
115.7275 	EXP 	eyetracker.setRecordingState(False)
115.7374 	EXP 	eyetracker.setRecordingState(False)
115.7474 	EXP 	eyetracker.setRecordingState(False)
115.7580 	EXP 	eyetracker.setRecordingState(False)
115.7699 	EXP 	eyetracker.setRecordingState(False)
115.7808 	EXP 	eyetracker.setRecordingState(False)
115.7918 	EXP 	eyetracker.setRecordingState(False)
115.8030 	EXP 	eyetracker.setRecordingState(False)
115.8142 	EXP 	eyetracker.setRecordingState(False)
115.8263 	EXP 	eyetracker.setRecordingState(False)
115.8388 	EXP 	eyetracker.setRecordingState(False)
115.8513 	EXP 	eyetracker.setRecordingState(False)
115.8641 	EXP 	eyetracker.setRecordingState(False)
115.8767 	EXP 	eyetracker.setRecordingState(False)
115.8891 	EXP 	eyetracker.setRecordingState(False)
115.9023 	EXP 	eyetracker.setRecordingState(False)
115.9148 	EXP 	eyetracker.setRecordingState(False)
115.9270 	EXP 	eyetracker.setRecordingState(False)
115.9391 	EXP 	eyetracker.setRecordingState(False)
115.9513 	EXP 	eyetracker.setRecordingState(False)
115.9642 	EXP 	eyetracker.setRecordingState(False)
115.9772 	EXP 	eyetracker.setRecordingState(False)
115.9898 	EXP 	eyetracker.setRecordingState(False)
116.0020 	EXP 	eyetracker.setRecordingState(False)
116.0139 	EXP 	eyetracker.setRecordingState(False)
116.0241 	EXP 	eyetracker.setRecordingState(False)
116.0341 	EXP 	eyetracker.setRecordingState(False)
116.0441 	EXP 	eyetracker.setRecordingState(False)
116.0548 	EXP 	eyetracker.setRecordingState(False)
116.0637 	EXP 	eyetracker.setRecordingState(False)
116.0734 	EXP 	eyetracker.setRecordingState(False)
116.0834 	EXP 	eyetracker.setRecordingState(False)
116.0927 	EXP 	eyetracker.setRecordingState(False)
116.1026 	EXP 	eyetracker.setRecordingState(False)
116.1138 	EXP 	eyetracker.setRecordingState(False)
116.1235 	EXP 	eyetracker.setRecordingState(False)
116.1335 	EXP 	eyetracker.setRecordingState(False)
116.1411 	EXP 	eyetracker.setRecordingState(False)
116.1487 	EXP 	eyetracker.setRecordingState(False)
116.1561 	EXP 	eyetracker.setRecordingState(False)
116.1645 	EXP 	eyetracker.setRecordingState(False)
116.1717 	EXP 	eyetracker.setRecordingState(False)
116.1793 	EXP 	eyetracker.setRecordingState(False)
116.1868 	EXP 	eyetracker.setRecordingState(False)
116.1951 	EXP 	eyetracker.setRecordingState(False)
116.2040 	EXP 	eyetracker.setRecordingState(False)
116.2136 	EXP 	eyetracker.setRecordingState(False)
116.2226 	EXP 	eyetracker.setRecordingState(False)
116.2321 	EXP 	eyetracker.setRecordingState(False)
116.2418 	EXP 	eyetracker.setRecordingState(False)
116.2509 	EXP 	eyetracker.setRecordingState(False)
116.2599 	EXP 	eyetracker.setRecordingState(False)
116.2692 	EXP 	eyetracker.setRecordingState(False)
116.2786 	EXP 	eyetracker.setRecordingState(False)
116.2889 	EXP 	eyetracker.setRecordingState(False)
116.2988 	EXP 	eyetracker.setRecordingState(False)
116.3086 	EXP 	eyetracker.setRecordingState(False)
116.3177 	EXP 	eyetracker.setRecordingState(False)
116.3262 	EXP 	eyetracker.setRecordingState(False)
116.3347 	EXP 	eyetracker.setRecordingState(False)
116.3429 	EXP 	eyetracker.setRecordingState(False)
116.3508 	EXP 	eyetracker.setRecordingState(False)
116.3598 	EXP 	eyetracker.setRecordingState(False)
116.3710 	EXP 	eyetracker.setRecordingState(False)
116.3809 	EXP 	eyetracker.setRecordingState(False)
116.3902 	EXP 	eyetracker.setRecordingState(False)
116.4000 	EXP 	eyetracker.setRecordingState(False)
116.4090 	EXP 	eyetracker.setRecordingState(False)
116.4186 	EXP 	eyetracker.setRecordingState(False)
116.4284 	EXP 	eyetracker.setRecordingState(False)
116.4366 	EXP 	eyetracker.setRecordingState(False)
116.4442 	EXP 	eyetracker.setRecordingState(False)
116.4523 	EXP 	eyetracker.setRecordingState(False)
116.4603 	EXP 	eyetracker.setRecordingState(False)
116.4684 	EXP 	eyetracker.setRecordingState(False)
116.4784 	EXP 	eyetracker.setRecordingState(False)
116.4858 	EXP 	eyetracker.setRecordingState(False)
116.4945 	EXP 	eyetracker.setRecordingState(False)
116.5024 	EXP 	eyetracker.setRecordingState(False)
116.5109 	EXP 	eyetracker.setRecordingState(False)
116.5193 	EXP 	eyetracker.setRecordingState(False)
116.5288 	EXP 	eyetracker.setRecordingState(False)
116.5392 	EXP 	eyetracker.setRecordingState(False)
116.5486 	EXP 	eyetracker.setRecordingState(False)
116.5591 	EXP 	eyetracker.setRecordingState(False)
116.5699 	EXP 	eyetracker.setRecordingState(False)
116.5803 	EXP 	eyetracker.setRecordingState(False)
116.5912 	EXP 	eyetracker.setRecordingState(False)
116.6023 	EXP 	eyetracker.setRecordingState(False)
116.6130 	EXP 	eyetracker.setRecordingState(False)
116.6251 	EXP 	eyetracker.setRecordingState(False)
116.6360 	EXP 	eyetracker.setRecordingState(False)
116.6456 	EXP 	eyetracker.setRecordingState(False)
116.6567 	EXP 	eyetracker.setRecordingState(False)
116.6658 	EXP 	eyetracker.setRecordingState(False)
116.6755 	EXP 	eyetracker.setRecordingState(False)
116.6875 	EXP 	eyetracker.setRecordingState(False)
116.6991 	EXP 	eyetracker.setRecordingState(False)
116.7123 	EXP 	eyetracker.setRecordingState(False)
116.7232 	EXP 	eyetracker.setRecordingState(False)
116.7348 	EXP 	eyetracker.setRecordingState(False)
116.7449 	EXP 	eyetracker.setRecordingState(False)
116.7547 	EXP 	eyetracker.setRecordingState(False)
116.7662 	EXP 	eyetracker.setRecordingState(False)
116.7776 	EXP 	eyetracker.setRecordingState(False)
116.7881 	EXP 	eyetracker.setRecordingState(False)
116.8010 	EXP 	eyetracker.setRecordingState(False)
116.8147 	EXP 	eyetracker.setRecordingState(False)
116.8302 	EXP 	eyetracker.setRecordingState(False)
116.8451 	EXP 	eyetracker.setRecordingState(False)
116.8606 	EXP 	eyetracker.setRecordingState(False)
116.8772 	EXP 	eyetracker.setRecordingState(False)
116.8970 	EXP 	eyetracker.setRecordingState(False)
116.9145 	EXP 	eyetracker.setRecordingState(False)
116.9303 	EXP 	eyetracker.setRecordingState(False)
116.9469 	EXP 	eyetracker.setRecordingState(False)
116.9619 	EXP 	eyetracker.setRecordingState(False)
116.9794 	EXP 	eyetracker.setRecordingState(False)
116.9955 	EXP 	eyetracker.setRecordingState(False)
117.0101 	EXP 	eyetracker.setRecordingState(False)
117.0243 	EXP 	eyetracker.setRecordingState(False)
117.0382 	EXP 	eyetracker.setRecordingState(False)
117.0507 	EXP 	eyetracker.setRecordingState(False)
117.0654 	EXP 	eyetracker.setRecordingState(False)
117.0769 	EXP 	eyetracker.setRecordingState(False)
117.0882 	EXP 	eyetracker.setRecordingState(False)
117.0993 	EXP 	eyetracker.setRecordingState(False)
117.1105 	EXP 	eyetracker.setRecordingState(False)
117.1215 	EXP 	eyetracker.setRecordingState(False)
117.1313 	EXP 	eyetracker.setRecordingState(False)
117.1416 	EXP 	eyetracker.setRecordingState(False)
117.1512 	EXP 	eyetracker.setRecordingState(False)
117.1607 	EXP 	eyetracker.setRecordingState(False)
117.1701 	EXP 	eyetracker.setRecordingState(False)
117.1801 	EXP 	eyetracker.setRecordingState(False)
117.1891 	EXP 	eyetracker.setRecordingState(False)
117.1971 	EXP 	eyetracker.setRecordingState(False)
117.2049 	EXP 	eyetracker.setRecordingState(False)
117.2133 	EXP 	eyetracker.setRecordingState(False)
117.2214 	EXP 	eyetracker.setRecordingState(False)
117.2312 	EXP 	eyetracker.setRecordingState(False)
117.2413 	EXP 	eyetracker.setRecordingState(False)
117.2541 	EXP 	eyetracker.setRecordingState(False)
117.2645 	EXP 	eyetracker.setRecordingState(False)
117.2752 	EXP 	eyetracker.setRecordingState(False)
117.2863 	EXP 	eyetracker.setRecordingState(False)
117.2982 	EXP 	eyetracker.setRecordingState(False)
117.3084 	EXP 	eyetracker.setRecordingState(False)
117.3185 	EXP 	eyetracker.setRecordingState(False)
117.3286 	EXP 	eyetracker.setRecordingState(False)
117.3385 	EXP 	eyetracker.setRecordingState(False)
117.3479 	EXP 	eyetracker.setRecordingState(False)
117.3586 	EXP 	eyetracker.setRecordingState(False)
117.3690 	EXP 	eyetracker.setRecordingState(False)
117.3793 	EXP 	eyetracker.setRecordingState(False)
117.3901 	EXP 	eyetracker.setRecordingState(False)
117.4001 	EXP 	eyetracker.setRecordingState(False)
117.4103 	EXP 	eyetracker.setRecordingState(False)
117.4218 	EXP 	eyetracker.setRecordingState(False)
117.4302 	EXP 	eyetracker.setRecordingState(False)
117.4402 	EXP 	eyetracker.setRecordingState(False)
117.4528 	EXP 	eyetracker.setRecordingState(False)
117.4669 	EXP 	eyetracker.setRecordingState(False)
117.4830 	EXP 	eyetracker.setRecordingState(False)
117.4966 	EXP 	eyetracker.setRecordingState(False)
117.5111 	EXP 	eyetracker.setRecordingState(False)
117.5264 	EXP 	eyetracker.setRecordingState(False)
117.5396 	EXP 	eyetracker.setRecordingState(False)
117.5525 	EXP 	eyetracker.setRecordingState(False)
117.5649 	EXP 	eyetracker.setRecordingState(False)
117.5765 	EXP 	eyetracker.setRecordingState(False)
117.5872 	EXP 	eyetracker.setRecordingState(False)
117.5972 	EXP 	eyetracker.setRecordingState(False)
117.6074 	EXP 	eyetracker.setRecordingState(False)
117.6171 	EXP 	eyetracker.setRecordingState(False)
117.6286 	EXP 	eyetracker.setRecordingState(False)
117.6397 	EXP 	eyetracker.setRecordingState(False)
117.6501 	EXP 	eyetracker.setRecordingState(False)
117.6606 	EXP 	eyetracker.setRecordingState(False)
117.6709 	EXP 	eyetracker.setRecordingState(False)
117.6812 	EXP 	eyetracker.setRecordingState(False)
117.6917 	EXP 	eyetracker.setRecordingState(False)
117.7018 	EXP 	eyetracker.setRecordingState(False)
117.7119 	EXP 	eyetracker.setRecordingState(False)
117.7215 	EXP 	eyetracker.setRecordingState(False)
117.7316 	EXP 	eyetracker.setRecordingState(False)
117.7419 	EXP 	eyetracker.setRecordingState(False)
117.7527 	EXP 	eyetracker.setRecordingState(False)
117.7631 	EXP 	eyetracker.setRecordingState(False)
117.7729 	EXP 	eyetracker.setRecordingState(False)
117.7834 	EXP 	eyetracker.setRecordingState(False)
117.7939 	EXP 	eyetracker.setRecordingState(False)
117.8045 	EXP 	eyetracker.setRecordingState(False)
117.8153 	EXP 	eyetracker.setRecordingState(False)
117.8261 	EXP 	eyetracker.setRecordingState(False)
117.8370 	EXP 	eyetracker.setRecordingState(False)
117.8482 	EXP 	eyetracker.setRecordingState(False)
117.8603 	EXP 	eyetracker.setRecordingState(False)
117.8704 	EXP 	eyetracker.setRecordingState(False)
117.8804 	EXP 	eyetracker.setRecordingState(False)
117.8912 	EXP 	eyetracker.setRecordingState(False)
117.9013 	EXP 	eyetracker.setRecordingState(False)
117.9116 	EXP 	eyetracker.setRecordingState(False)
117.9229 	EXP 	eyetracker.setRecordingState(False)
117.9334 	EXP 	eyetracker.setRecordingState(False)
117.9441 	EXP 	eyetracker.setRecordingState(False)
117.9539 	EXP 	eyetracker.setRecordingState(False)
117.9636 	EXP 	eyetracker.setRecordingState(False)
117.9728 	EXP 	eyetracker.setRecordingState(False)
117.9825 	EXP 	eyetracker.setRecordingState(False)
117.9933 	EXP 	eyetracker.setRecordingState(False)
118.0048 	EXP 	eyetracker.setRecordingState(False)
118.0153 	EXP 	eyetracker.setRecordingState(False)
118.0265 	EXP 	eyetracker.setRecordingState(False)
118.0376 	EXP 	eyetracker.setRecordingState(False)
118.0481 	EXP 	eyetracker.setRecordingState(False)
118.0589 	EXP 	eyetracker.setRecordingState(False)
118.0692 	EXP 	eyetracker.setRecordingState(False)
118.0788 	EXP 	eyetracker.setRecordingState(False)
118.0886 	EXP 	eyetracker.setRecordingState(False)
118.0982 	EXP 	eyetracker.setRecordingState(False)
118.1088 	EXP 	eyetracker.setRecordingState(False)
118.1185 	EXP 	eyetracker.setRecordingState(False)
118.1284 	EXP 	eyetracker.setRecordingState(False)
118.1386 	EXP 	eyetracker.setRecordingState(False)
118.1481 	EXP 	eyetracker.setRecordingState(False)
118.1575 	EXP 	eyetracker.setRecordingState(False)
118.1655 	EXP 	eyetracker.setRecordingState(False)
118.1737 	EXP 	eyetracker.setRecordingState(False)
118.1828 	EXP 	eyetracker.setRecordingState(False)
118.1925 	EXP 	eyetracker.setRecordingState(False)
118.2019 	EXP 	eyetracker.setRecordingState(False)
118.2101 	EXP 	eyetracker.setRecordingState(False)
118.2194 	EXP 	eyetracker.setRecordingState(False)
118.2275 	EXP 	eyetracker.setRecordingState(False)
118.2352 	EXP 	eyetracker.setRecordingState(False)
118.2455 	EXP 	eyetracker.setRecordingState(False)
118.2531 	EXP 	eyetracker.setRecordingState(False)
118.2616 	EXP 	eyetracker.setRecordingState(False)
118.2688 	EXP 	eyetracker.setRecordingState(False)
118.2772 	EXP 	eyetracker.setRecordingState(False)
118.2856 	EXP 	eyetracker.setRecordingState(False)
118.2955 	EXP 	eyetracker.setRecordingState(False)
118.3049 	EXP 	eyetracker.setRecordingState(False)
118.3166 	EXP 	eyetracker.setRecordingState(False)
118.3281 	EXP 	eyetracker.setRecordingState(False)
118.3391 	EXP 	eyetracker.setRecordingState(False)
118.3500 	EXP 	eyetracker.setRecordingState(False)
118.3616 	EXP 	eyetracker.setRecordingState(False)
118.3721 	EXP 	eyetracker.setRecordingState(False)
118.3822 	EXP 	eyetracker.setRecordingState(False)
118.3925 	EXP 	eyetracker.setRecordingState(False)
118.4025 	EXP 	eyetracker.setRecordingState(False)
118.4127 	EXP 	eyetracker.setRecordingState(False)
118.4245 	EXP 	eyetracker.setRecordingState(False)
118.4340 	EXP 	eyetracker.setRecordingState(False)
118.4434 	EXP 	eyetracker.setRecordingState(False)
118.4542 	EXP 	eyetracker.setRecordingState(False)
118.4638 	EXP 	eyetracker.setRecordingState(False)
118.4729 	EXP 	eyetracker.setRecordingState(False)
118.4835 	EXP 	eyetracker.setRecordingState(False)
118.4931 	EXP 	eyetracker.setRecordingState(False)
118.5019 	EXP 	eyetracker.setRecordingState(False)
118.5110 	EXP 	eyetracker.setRecordingState(False)
118.5204 	EXP 	eyetracker.setRecordingState(False)
118.5317 	EXP 	eyetracker.setRecordingState(False)
118.5417 	EXP 	eyetracker.setRecordingState(False)
118.5521 	EXP 	eyetracker.setRecordingState(False)
118.5621 	EXP 	eyetracker.setRecordingState(False)
118.5715 	EXP 	eyetracker.setRecordingState(False)
118.5817 	EXP 	eyetracker.setRecordingState(False)
118.5927 	EXP 	eyetracker.setRecordingState(False)
118.6029 	EXP 	eyetracker.setRecordingState(False)
118.6134 	EXP 	eyetracker.setRecordingState(False)
118.6246 	EXP 	eyetracker.setRecordingState(False)
118.6338 	EXP 	eyetracker.setRecordingState(False)
118.6441 	EXP 	eyetracker.setRecordingState(False)
118.6543 	EXP 	eyetracker.setRecordingState(False)
118.6641 	EXP 	eyetracker.setRecordingState(False)
118.6742 	EXP 	eyetracker.setRecordingState(False)
118.6851 	EXP 	eyetracker.setRecordingState(False)
118.6954 	EXP 	eyetracker.setRecordingState(False)
118.7062 	EXP 	eyetracker.setRecordingState(False)
118.7165 	EXP 	eyetracker.setRecordingState(False)
118.7268 	EXP 	eyetracker.setRecordingState(False)
118.7370 	EXP 	eyetracker.setRecordingState(False)
118.7468 	EXP 	eyetracker.setRecordingState(False)
118.7552 	EXP 	eyetracker.setRecordingState(False)
118.7638 	EXP 	eyetracker.setRecordingState(False)
118.7728 	EXP 	eyetracker.setRecordingState(False)
118.7829 	EXP 	eyetracker.setRecordingState(False)
118.7922 	EXP 	eyetracker.setRecordingState(False)
118.8023 	EXP 	eyetracker.setRecordingState(False)
118.8124 	EXP 	eyetracker.setRecordingState(False)
118.8221 	EXP 	eyetracker.setRecordingState(False)
118.8317 	EXP 	eyetracker.setRecordingState(False)
118.8415 	EXP 	eyetracker.setRecordingState(False)
118.8517 	EXP 	eyetracker.setRecordingState(False)
118.8610 	EXP 	eyetracker.setRecordingState(False)
118.8706 	EXP 	eyetracker.setRecordingState(False)
118.8802 	EXP 	eyetracker.setRecordingState(False)
118.8901 	EXP 	eyetracker.setRecordingState(False)
118.8995 	EXP 	eyetracker.setRecordingState(False)
118.9104 	EXP 	eyetracker.setRecordingState(False)
118.9208 	EXP 	eyetracker.setRecordingState(False)
118.9313 	EXP 	eyetracker.setRecordingState(False)
118.9432 	EXP 	eyetracker.setRecordingState(False)
118.9554 	EXP 	eyetracker.setRecordingState(False)
118.9675 	EXP 	eyetracker.setRecordingState(False)
118.9806 	EXP 	eyetracker.setRecordingState(False)
118.9933 	EXP 	eyetracker.setRecordingState(False)
119.0066 	EXP 	eyetracker.setRecordingState(False)
119.0216 	EXP 	eyetracker.setRecordingState(False)
119.0339 	EXP 	eyetracker.setRecordingState(False)
119.0456 	EXP 	eyetracker.setRecordingState(False)
119.0561 	EXP 	eyetracker.setRecordingState(False)
119.0686 	EXP 	eyetracker.setRecordingState(False)
119.0811 	EXP 	eyetracker.setRecordingState(False)
119.0941 	EXP 	eyetracker.setRecordingState(False)
119.1053 	EXP 	eyetracker.setRecordingState(False)
119.1164 	EXP 	eyetracker.setRecordingState(False)
119.1296 	EXP 	eyetracker.setRecordingState(False)
119.1438 	EXP 	eyetracker.setRecordingState(False)
119.1574 	EXP 	eyetracker.setRecordingState(False)
119.1724 	EXP 	eyetracker.setRecordingState(False)
119.1849 	EXP 	eyetracker.setRecordingState(False)
119.1973 	EXP 	eyetracker.setRecordingState(False)
119.2072 	EXP 	eyetracker.setRecordingState(False)
119.2161 	EXP 	eyetracker.setRecordingState(False)
119.2253 	EXP 	eyetracker.setRecordingState(False)
119.2354 	EXP 	eyetracker.setRecordingState(False)
119.2462 	EXP 	eyetracker.setRecordingState(False)
119.2564 	EXP 	eyetracker.setRecordingState(False)
119.2706 	EXP 	eyetracker.setRecordingState(False)
119.2835 	EXP 	eyetracker.setRecordingState(False)
119.2933 	EXP 	eyetracker.setRecordingState(False)
119.3049 	EXP 	eyetracker.setRecordingState(False)
119.3194 	EXP 	eyetracker.setRecordingState(False)
119.3333 	EXP 	eyetracker.setRecordingState(False)
119.3430 	EXP 	eyetracker.setRecordingState(False)
119.3544 	EXP 	eyetracker.setRecordingState(False)
119.3646 	EXP 	eyetracker.setRecordingState(False)
119.3756 	EXP 	eyetracker.setRecordingState(False)
119.3881 	EXP 	eyetracker.setRecordingState(False)
119.3970 	EXP 	eyetracker.setRecordingState(False)
119.4087 	EXP 	eyetracker.setRecordingState(False)
119.4185 	EXP 	eyetracker.setRecordingState(False)
119.4267 	EXP 	eyetracker.setRecordingState(False)
119.4357 	EXP 	eyetracker.setRecordingState(False)
119.4464 	EXP 	eyetracker.setRecordingState(False)
119.4567 	EXP 	eyetracker.setRecordingState(False)
119.4655 	EXP 	eyetracker.setRecordingState(False)
119.4744 	EXP 	eyetracker.setRecordingState(False)
119.4848 	EXP 	eyetracker.setRecordingState(False)
119.4929 	EXP 	eyetracker.setRecordingState(False)
119.5004 	EXP 	eyetracker.setRecordingState(False)
119.5097 	EXP 	eyetracker.setRecordingState(False)
119.5205 	EXP 	eyetracker.setRecordingState(False)
119.5296 	EXP 	eyetracker.setRecordingState(False)
119.5382 	EXP 	eyetracker.setRecordingState(False)
119.5496 	EXP 	eyetracker.setRecordingState(False)
119.5597 	EXP 	eyetracker.setRecordingState(False)
119.5692 	EXP 	eyetracker.setRecordingState(False)
119.5770 	EXP 	eyetracker.setRecordingState(False)
119.5853 	EXP 	eyetracker.setRecordingState(False)
119.5962 	EXP 	eyetracker.setRecordingState(False)
119.6047 	EXP 	eyetracker.setRecordingState(False)
119.6135 	EXP 	eyetracker.setRecordingState(False)
119.6231 	EXP 	eyetracker.setRecordingState(False)
119.6316 	EXP 	eyetracker.setRecordingState(False)
119.6397 	EXP 	eyetracker.setRecordingState(False)
119.6474 	EXP 	eyetracker.setRecordingState(False)
119.6555 	EXP 	eyetracker.setRecordingState(False)
119.6694 	EXP 	eyetracker.setRecordingState(False)
119.6800 	EXP 	eyetracker.setRecordingState(False)
119.6895 	EXP 	eyetracker.setRecordingState(False)
119.6988 	EXP 	eyetracker.setRecordingState(False)
119.7079 	EXP 	eyetracker.setRecordingState(False)
119.7180 	EXP 	eyetracker.setRecordingState(False)
119.7300 	EXP 	eyetracker.setRecordingState(False)
119.7386 	EXP 	eyetracker.setRecordingState(False)
119.7486 	EXP 	eyetracker.setRecordingState(False)
119.7588 	EXP 	eyetracker.setRecordingState(False)
119.7671 	EXP 	eyetracker.setRecordingState(False)
119.7779 	EXP 	eyetracker.setRecordingState(False)
119.7864 	EXP 	eyetracker.setRecordingState(False)
119.7952 	EXP 	eyetracker.setRecordingState(False)
119.8035 	EXP 	eyetracker.setRecordingState(False)
119.8134 	EXP 	eyetracker.setRecordingState(False)
119.8230 	EXP 	eyetracker.setRecordingState(False)
119.8319 	EXP 	eyetracker.setRecordingState(False)
119.8426 	EXP 	eyetracker.setRecordingState(False)
119.8514 	EXP 	eyetracker.setRecordingState(False)
119.8602 	EXP 	eyetracker.setRecordingState(False)
119.8700 	EXP 	eyetracker.setRecordingState(False)
119.8800 	EXP 	eyetracker.setRecordingState(False)
119.8894 	EXP 	eyetracker.setRecordingState(False)
119.8986 	EXP 	eyetracker.setRecordingState(False)
119.9074 	EXP 	eyetracker.setRecordingState(False)
119.9176 	EXP 	eyetracker.setRecordingState(False)
119.9261 	EXP 	eyetracker.setRecordingState(False)
119.9359 	EXP 	eyetracker.setRecordingState(False)
119.9472 	EXP 	eyetracker.setRecordingState(False)
119.9564 	EXP 	eyetracker.setRecordingState(False)
119.9661 	EXP 	eyetracker.setRecordingState(False)
119.9744 	EXP 	eyetracker.setRecordingState(False)
119.9835 	EXP 	eyetracker.setRecordingState(False)
119.9937 	EXP 	eyetracker.setRecordingState(False)
120.0029 	EXP 	eyetracker.setRecordingState(False)
120.0119 	EXP 	eyetracker.setRecordingState(False)
120.0222 	EXP 	eyetracker.setRecordingState(False)
120.0329 	EXP 	eyetracker.setRecordingState(False)
120.0448 	EXP 	eyetracker.setRecordingState(False)
120.0539 	EXP 	eyetracker.setRecordingState(False)
120.0669 	EXP 	eyetracker.setRecordingState(False)
120.0768 	EXP 	eyetracker.setRecordingState(False)
120.0866 	EXP 	eyetracker.setRecordingState(False)
120.0983 	EXP 	eyetracker.setRecordingState(False)
120.1079 	EXP 	eyetracker.setRecordingState(False)
120.1172 	EXP 	eyetracker.setRecordingState(False)
120.1273 	EXP 	eyetracker.setRecordingState(False)
120.1355 	EXP 	eyetracker.setRecordingState(False)
120.1434 	EXP 	eyetracker.setRecordingState(False)
120.1514 	EXP 	eyetracker.setRecordingState(False)
120.1610 	EXP 	eyetracker.setRecordingState(False)
120.1691 	EXP 	eyetracker.setRecordingState(False)
120.1775 	EXP 	eyetracker.setRecordingState(False)
120.1864 	EXP 	eyetracker.setRecordingState(False)
120.1941 	EXP 	eyetracker.setRecordingState(False)
120.2042 	EXP 	eyetracker.setRecordingState(False)
120.2161 	EXP 	eyetracker.setRecordingState(False)
120.2253 	EXP 	eyetracker.setRecordingState(False)
120.2336 	EXP 	eyetracker.setRecordingState(False)
120.2414 	EXP 	eyetracker.setRecordingState(False)
120.2494 	EXP 	eyetracker.setRecordingState(False)
120.2568 	EXP 	eyetracker.setRecordingState(False)
120.2665 	EXP 	eyetracker.setRecordingState(False)
120.2763 	EXP 	eyetracker.setRecordingState(False)
120.2853 	EXP 	eyetracker.setRecordingState(False)
120.2944 	EXP 	eyetracker.setRecordingState(False)
120.3040 	EXP 	eyetracker.setRecordingState(False)
120.3150 	EXP 	eyetracker.setRecordingState(False)
120.3278 	EXP 	eyetracker.setRecordingState(False)
120.3387 	EXP 	eyetracker.setRecordingState(False)
120.3477 	EXP 	eyetracker.setRecordingState(False)
120.3573 	EXP 	eyetracker.setRecordingState(False)
120.3669 	EXP 	eyetracker.setRecordingState(False)
120.3792 	EXP 	eyetracker.setRecordingState(False)
120.3904 	EXP 	eyetracker.setRecordingState(False)
120.3982 	EXP 	eyetracker.setRecordingState(False)
120.4080 	EXP 	eyetracker.setRecordingState(False)
120.4160 	EXP 	eyetracker.setRecordingState(False)
120.4227 	EXP 	eyetracker.setRecordingState(False)
120.4295 	EXP 	eyetracker.setRecordingState(False)
120.4383 	EXP 	eyetracker.setRecordingState(False)
120.4458 	EXP 	eyetracker.setRecordingState(False)
120.4552 	EXP 	eyetracker.setRecordingState(False)
120.4640 	EXP 	eyetracker.setRecordingState(False)
120.4726 	EXP 	eyetracker.setRecordingState(False)
120.4849 	EXP 	eyetracker.setRecordingState(False)
120.4938 	EXP 	eyetracker.setRecordingState(False)
120.5040 	EXP 	eyetracker.setRecordingState(False)
120.5146 	EXP 	eyetracker.setRecordingState(False)
120.5259 	EXP 	eyetracker.setRecordingState(False)
120.5369 	EXP 	eyetracker.setRecordingState(False)
120.5478 	EXP 	eyetracker.setRecordingState(False)
120.5576 	EXP 	eyetracker.setRecordingState(False)
120.5668 	EXP 	eyetracker.setRecordingState(False)
120.5771 	EXP 	eyetracker.setRecordingState(False)
120.5866 	EXP 	eyetracker.setRecordingState(False)
120.5967 	EXP 	eyetracker.setRecordingState(False)
120.6074 	EXP 	eyetracker.setRecordingState(False)
120.6175 	EXP 	eyetracker.setRecordingState(False)
120.6287 	EXP 	eyetracker.setRecordingState(False)
120.6401 	EXP 	eyetracker.setRecordingState(False)
120.6511 	EXP 	eyetracker.setRecordingState(False)
120.6616 	EXP 	eyetracker.setRecordingState(False)
120.6726 	EXP 	eyetracker.setRecordingState(False)
120.6843 	EXP 	eyetracker.setRecordingState(False)
120.6948 	EXP 	eyetracker.setRecordingState(False)
120.7062 	EXP 	eyetracker.setRecordingState(False)
120.7168 	EXP 	eyetracker.setRecordingState(False)
120.7286 	EXP 	eyetracker.setRecordingState(False)
120.7405 	EXP 	eyetracker.setRecordingState(False)
120.7515 	EXP 	eyetracker.setRecordingState(False)
120.7627 	EXP 	eyetracker.setRecordingState(False)
120.7745 	EXP 	eyetracker.setRecordingState(False)
120.7871 	EXP 	eyetracker.setRecordingState(False)
120.7982 	EXP 	eyetracker.setRecordingState(False)
120.8088 	EXP 	eyetracker.setRecordingState(False)
120.8204 	EXP 	eyetracker.setRecordingState(False)
120.8313 	EXP 	eyetracker.setRecordingState(False)
120.8427 	EXP 	eyetracker.setRecordingState(False)
120.8522 	EXP 	eyetracker.setRecordingState(False)
120.8621 	EXP 	eyetracker.setRecordingState(False)
120.8722 	EXP 	eyetracker.setRecordingState(False)
120.8822 	EXP 	eyetracker.setRecordingState(False)
120.8931 	EXP 	eyetracker.setRecordingState(False)
120.9028 	EXP 	eyetracker.setRecordingState(False)
120.9123 	EXP 	eyetracker.setRecordingState(False)
120.9238 	EXP 	eyetracker.setRecordingState(False)
120.9356 	EXP 	eyetracker.setRecordingState(False)
120.9463 	EXP 	eyetracker.setRecordingState(False)
120.9574 	EXP 	eyetracker.setRecordingState(False)
120.9686 	EXP 	eyetracker.setRecordingState(False)
120.9790 	EXP 	eyetracker.setRecordingState(False)
120.9890 	EXP 	eyetracker.setRecordingState(False)
120.9994 	EXP 	eyetracker.setRecordingState(False)
121.0110 	EXP 	eyetracker.setRecordingState(False)
121.0214 	EXP 	eyetracker.setRecordingState(False)
121.0336 	EXP 	eyetracker.setRecordingState(False)
121.0498 	EXP 	eyetracker.setRecordingState(False)
121.0635 	EXP 	eyetracker.setRecordingState(False)
121.0737 	EXP 	eyetracker.setRecordingState(False)
121.0847 	EXP 	eyetracker.setRecordingState(False)
121.0945 	EXP 	eyetracker.setRecordingState(False)
121.1065 	EXP 	eyetracker.setRecordingState(False)
121.1178 	EXP 	eyetracker.setRecordingState(False)
121.1280 	EXP 	eyetracker.setRecordingState(False)
121.1412 	EXP 	eyetracker.setRecordingState(False)
121.1550 	EXP 	eyetracker.setRecordingState(False)
121.1650 	EXP 	eyetracker.setRecordingState(False)
121.1772 	EXP 	eyetracker.setRecordingState(False)
121.1876 	EXP 	eyetracker.setRecordingState(False)
121.1980 	EXP 	eyetracker.setRecordingState(False)
121.2066 	EXP 	eyetracker.setRecordingState(False)
121.2168 	EXP 	eyetracker.setRecordingState(False)
121.2291 	EXP 	eyetracker.setRecordingState(False)
121.2390 	EXP 	eyetracker.setRecordingState(False)
121.2506 	EXP 	eyetracker.setRecordingState(False)
121.2605 	EXP 	eyetracker.setRecordingState(False)
121.2709 	EXP 	eyetracker.setRecordingState(False)
121.2822 	EXP 	eyetracker.setRecordingState(False)
121.2965 	EXP 	eyetracker.setRecordingState(False)
121.3166 	EXP 	eyetracker.setRecordingState(False)
121.3356 	EXP 	eyetracker.setRecordingState(False)
121.3531 	EXP 	eyetracker.setRecordingState(False)
121.3683 	EXP 	eyetracker.setRecordingState(False)
121.3796 	EXP 	eyetracker.setRecordingState(False)
121.3918 	EXP 	eyetracker.setRecordingState(False)
121.4023 	EXP 	eyetracker.setRecordingState(False)
121.4114 	EXP 	eyetracker.setRecordingState(False)
121.4207 	EXP 	eyetracker.setRecordingState(False)
121.4287 	EXP 	eyetracker.setRecordingState(False)
121.4366 	EXP 	eyetracker.setRecordingState(False)
121.4425 	EXP 	eyetracker.setRecordingState(False)
121.4489 	EXP 	eyetracker.setRecordingState(False)
121.4571 	EXP 	eyetracker.setRecordingState(False)
121.4675 	EXP 	eyetracker.setRecordingState(False)
121.4769 	EXP 	eyetracker.setRecordingState(False)
121.4866 	EXP 	eyetracker.setRecordingState(False)
121.4982 	EXP 	eyetracker.setRecordingState(False)
121.5074 	EXP 	eyetracker.setRecordingState(False)
121.5181 	EXP 	eyetracker.setRecordingState(False)
121.5285 	EXP 	eyetracker.setRecordingState(False)
121.5392 	EXP 	eyetracker.setRecordingState(False)
121.5492 	EXP 	eyetracker.setRecordingState(False)
121.5593 	EXP 	eyetracker.setRecordingState(False)
121.5682 	EXP 	eyetracker.setRecordingState(False)
121.5805 	EXP 	eyetracker.setRecordingState(False)
121.5901 	EXP 	eyetracker.setRecordingState(False)
121.5997 	EXP 	eyetracker.setRecordingState(False)
121.6095 	EXP 	eyetracker.setRecordingState(False)
121.6170 	EXP 	eyetracker.setRecordingState(False)
121.6262 	EXP 	eyetracker.setRecordingState(False)
121.6361 	EXP 	eyetracker.setRecordingState(False)
121.6455 	EXP 	eyetracker.setRecordingState(False)
121.6575 	EXP 	eyetracker.setRecordingState(False)
121.6676 	EXP 	eyetracker.setRecordingState(False)
121.6787 	EXP 	eyetracker.setRecordingState(False)
121.6902 	EXP 	eyetracker.setRecordingState(False)
121.7031 	EXP 	eyetracker.setRecordingState(False)
121.7138 	EXP 	eyetracker.setRecordingState(False)
121.7236 	EXP 	eyetracker.setRecordingState(False)
121.7348 	EXP 	eyetracker.setRecordingState(False)
121.7473 	EXP 	eyetracker.setRecordingState(False)
121.7562 	EXP 	eyetracker.setRecordingState(False)
121.7669 	EXP 	eyetracker.setRecordingState(False)
121.7782 	EXP 	eyetracker.setRecordingState(False)
121.7899 	EXP 	eyetracker.setRecordingState(False)
121.8024 	EXP 	eyetracker.setRecordingState(False)
121.8158 	EXP 	eyetracker.setRecordingState(False)
121.8268 	EXP 	eyetracker.setRecordingState(False)
121.8401 	EXP 	eyetracker.setRecordingState(False)
121.8518 	EXP 	eyetracker.setRecordingState(False)
121.8623 	EXP 	eyetracker.setRecordingState(False)
121.8742 	EXP 	eyetracker.setRecordingState(False)
121.8835 	EXP 	eyetracker.setRecordingState(False)
121.8951 	EXP 	eyetracker.setRecordingState(False)
121.9047 	EXP 	eyetracker.setRecordingState(False)
121.9164 	EXP 	eyetracker.setRecordingState(False)
121.9259 	EXP 	eyetracker.setRecordingState(False)
121.9351 	EXP 	eyetracker.setRecordingState(False)
121.9430 	EXP 	eyetracker.setRecordingState(False)
121.9512 	EXP 	eyetracker.setRecordingState(False)
121.9599 	EXP 	eyetracker.setRecordingState(False)
121.9684 	EXP 	eyetracker.setRecordingState(False)
121.9771 	EXP 	eyetracker.setRecordingState(False)
121.9860 	EXP 	eyetracker.setRecordingState(False)
121.9956 	EXP 	eyetracker.setRecordingState(False)
122.0064 	EXP 	eyetracker.setRecordingState(False)
122.0153 	EXP 	eyetracker.setRecordingState(False)
122.0234 	EXP 	eyetracker.setRecordingState(False)
122.0310 	EXP 	eyetracker.setRecordingState(False)
122.0399 	EXP 	eyetracker.setRecordingState(False)
122.0483 	EXP 	eyetracker.setRecordingState(False)
122.0563 	EXP 	eyetracker.setRecordingState(False)
122.0640 	EXP 	eyetracker.setRecordingState(False)
122.0737 	EXP 	eyetracker.setRecordingState(False)
122.0831 	EXP 	eyetracker.setRecordingState(False)
122.0918 	EXP 	eyetracker.setRecordingState(False)
122.1010 	EXP 	eyetracker.setRecordingState(False)
122.1090 	EXP 	eyetracker.setRecordingState(False)
122.1174 	EXP 	eyetracker.setRecordingState(False)
122.1257 	EXP 	eyetracker.setRecordingState(False)
122.1338 	EXP 	eyetracker.setRecordingState(False)
122.1426 	EXP 	eyetracker.setRecordingState(False)
122.1526 	EXP 	eyetracker.setRecordingState(False)
122.1610 	EXP 	eyetracker.setRecordingState(False)
122.1701 	EXP 	eyetracker.setRecordingState(False)
122.1814 	EXP 	eyetracker.setRecordingState(False)
122.1917 	EXP 	eyetracker.setRecordingState(False)
122.2027 	EXP 	eyetracker.setRecordingState(False)
122.2149 	EXP 	eyetracker.setRecordingState(False)
122.2276 	EXP 	eyetracker.setRecordingState(False)
122.2379 	EXP 	eyetracker.setRecordingState(False)
122.2489 	EXP 	eyetracker.setRecordingState(False)
122.2590 	EXP 	eyetracker.setRecordingState(False)
122.2700 	EXP 	eyetracker.setRecordingState(False)
122.2796 	EXP 	eyetracker.setRecordingState(False)
122.2895 	EXP 	eyetracker.setRecordingState(False)
122.3000 	EXP 	eyetracker.setRecordingState(False)
122.3113 	EXP 	eyetracker.setRecordingState(False)
122.3232 	EXP 	eyetracker.setRecordingState(False)
122.3350 	EXP 	eyetracker.setRecordingState(False)
122.3474 	EXP 	eyetracker.setRecordingState(False)
122.3581 	EXP 	eyetracker.setRecordingState(False)
122.3700 	EXP 	eyetracker.setRecordingState(False)
122.3797 	EXP 	eyetracker.setRecordingState(False)
122.3902 	EXP 	eyetracker.setRecordingState(False)
122.4019 	EXP 	eyetracker.setRecordingState(False)
122.4124 	EXP 	eyetracker.setRecordingState(False)
122.4253 	EXP 	eyetracker.setRecordingState(False)
122.4357 	EXP 	eyetracker.setRecordingState(False)
122.4457 	EXP 	eyetracker.setRecordingState(False)
122.4563 	EXP 	eyetracker.setRecordingState(False)
122.4668 	EXP 	eyetracker.setRecordingState(False)
122.4787 	EXP 	eyetracker.setRecordingState(False)
122.4889 	EXP 	eyetracker.setRecordingState(False)
122.4987 	EXP 	eyetracker.setRecordingState(False)
122.5082 	EXP 	eyetracker.setRecordingState(False)
122.5165 	EXP 	eyetracker.setRecordingState(False)
122.5245 	EXP 	eyetracker.setRecordingState(False)
122.5311 	EXP 	eyetracker.setRecordingState(False)
122.5383 	EXP 	eyetracker.setRecordingState(False)
122.5476 	EXP 	eyetracker.setRecordingState(False)
122.5606 	EXP 	eyetracker.setRecordingState(False)
122.5719 	EXP 	eyetracker.setRecordingState(False)
122.5810 	EXP 	eyetracker.setRecordingState(False)
122.5911 	EXP 	eyetracker.setRecordingState(False)
122.6022 	EXP 	eyetracker.setRecordingState(False)
122.6144 	EXP 	eyetracker.setRecordingState(False)
122.6269 	EXP 	eyetracker.setRecordingState(False)
122.6396 	EXP 	eyetracker.setRecordingState(False)
122.6519 	EXP 	eyetracker.setRecordingState(False)
122.6653 	EXP 	eyetracker.setRecordingState(False)
122.6799 	EXP 	eyetracker.setRecordingState(False)
122.6957 	EXP 	eyetracker.setRecordingState(False)
122.7074 	EXP 	eyetracker.setRecordingState(False)
122.7190 	EXP 	eyetracker.setRecordingState(False)
122.7317 	EXP 	eyetracker.setRecordingState(False)
122.7423 	EXP 	eyetracker.setRecordingState(False)
122.7518 	EXP 	eyetracker.setRecordingState(False)
122.7617 	EXP 	eyetracker.setRecordingState(False)
122.7707 	EXP 	eyetracker.setRecordingState(False)
122.7798 	EXP 	eyetracker.setRecordingState(False)
122.7883 	EXP 	eyetracker.setRecordingState(False)
122.7958 	EXP 	eyetracker.setRecordingState(False)
122.8036 	EXP 	eyetracker.setRecordingState(False)
122.8123 	EXP 	eyetracker.setRecordingState(False)
122.8219 	EXP 	eyetracker.setRecordingState(False)
122.8311 	EXP 	eyetracker.setRecordingState(False)
122.8402 	EXP 	eyetracker.setRecordingState(False)
122.8492 	EXP 	eyetracker.setRecordingState(False)
122.8591 	EXP 	eyetracker.setRecordingState(False)
122.8680 	EXP 	eyetracker.setRecordingState(False)
122.8766 	EXP 	eyetracker.setRecordingState(False)
122.8872 	EXP 	eyetracker.setRecordingState(False)
122.8965 	EXP 	eyetracker.setRecordingState(False)
122.9056 	EXP 	eyetracker.setRecordingState(False)
122.9153 	EXP 	eyetracker.setRecordingState(False)
122.9240 	EXP 	eyetracker.setRecordingState(False)
122.9330 	EXP 	eyetracker.setRecordingState(False)
122.9424 	EXP 	eyetracker.setRecordingState(False)
122.9515 	EXP 	eyetracker.setRecordingState(False)
122.9601 	EXP 	eyetracker.setRecordingState(False)
122.9684 	EXP 	eyetracker.setRecordingState(False)
122.9775 	EXP 	eyetracker.setRecordingState(False)
122.9865 	EXP 	eyetracker.setRecordingState(False)
122.9986 	EXP 	eyetracker.setRecordingState(False)
123.0135 	EXP 	eyetracker.setRecordingState(False)
123.0298 	EXP 	eyetracker.setRecordingState(False)
123.0475 	EXP 	eyetracker.setRecordingState(False)
123.0633 	EXP 	eyetracker.setRecordingState(False)
123.0805 	EXP 	eyetracker.setRecordingState(False)
123.0980 	EXP 	eyetracker.setRecordingState(False)
123.1139 	EXP 	eyetracker.setRecordingState(False)
123.1290 	EXP 	eyetracker.setRecordingState(False)
123.1440 	EXP 	eyetracker.setRecordingState(False)
123.1590 	EXP 	eyetracker.setRecordingState(False)
123.1739 	EXP 	eyetracker.setRecordingState(False)
123.1886 	EXP 	eyetracker.setRecordingState(False)
123.2016 	EXP 	eyetracker.setRecordingState(False)
123.2138 	EXP 	eyetracker.setRecordingState(False)
123.2263 	EXP 	eyetracker.setRecordingState(False)
123.2342 	EXP 	eyetracker.setRecordingState(False)
123.2421 	EXP 	eyetracker.setRecordingState(False)
123.2489 	EXP 	eyetracker.setRecordingState(False)
123.2557 	EXP 	eyetracker.setRecordingState(False)
123.2632 	EXP 	eyetracker.setRecordingState(False)
123.2703 	EXP 	eyetracker.setRecordingState(False)
123.2776 	EXP 	eyetracker.setRecordingState(False)
123.2860 	EXP 	eyetracker.setRecordingState(False)
123.2953 	EXP 	eyetracker.setRecordingState(False)
123.3046 	EXP 	eyetracker.setRecordingState(False)
123.3140 	EXP 	eyetracker.setRecordingState(False)
123.3241 	EXP 	eyetracker.setRecordingState(False)
123.3328 	EXP 	eyetracker.setRecordingState(False)
123.3427 	EXP 	eyetracker.setRecordingState(False)
123.3531 	EXP 	eyetracker.setRecordingState(False)
123.3637 	EXP 	eyetracker.setRecordingState(False)
123.3735 	EXP 	eyetracker.setRecordingState(False)
123.3833 	EXP 	eyetracker.setRecordingState(False)
123.3939 	EXP 	eyetracker.setRecordingState(False)
123.4055 	EXP 	eyetracker.setRecordingState(False)
123.4150 	EXP 	eyetracker.setRecordingState(False)
123.4258 	EXP 	eyetracker.setRecordingState(False)
123.4343 	EXP 	eyetracker.setRecordingState(False)
123.4434 	EXP 	eyetracker.setRecordingState(False)
123.4552 	EXP 	eyetracker.setRecordingState(False)
123.4650 	EXP 	eyetracker.setRecordingState(False)
123.4750 	EXP 	eyetracker.setRecordingState(False)
123.4862 	EXP 	eyetracker.setRecordingState(False)
123.4956 	EXP 	eyetracker.setRecordingState(False)
123.5059 	EXP 	eyetracker.setRecordingState(False)
123.5177 	EXP 	eyetracker.setRecordingState(False)
123.5282 	EXP 	eyetracker.setRecordingState(False)
123.5387 	EXP 	eyetracker.setRecordingState(False)
123.5500 	EXP 	eyetracker.setRecordingState(False)
123.5607 	EXP 	eyetracker.setRecordingState(False)
123.5746 	EXP 	eyetracker.setRecordingState(False)
123.5840 	EXP 	eyetracker.setRecordingState(False)
123.5933 	EXP 	eyetracker.setRecordingState(False)
123.6029 	EXP 	eyetracker.setRecordingState(False)
123.6141 	EXP 	eyetracker.setRecordingState(False)
123.6251 	EXP 	eyetracker.setRecordingState(False)
123.6358 	EXP 	eyetracker.setRecordingState(False)
123.6473 	EXP 	eyetracker.setRecordingState(False)
123.6586 	EXP 	eyetracker.setRecordingState(False)
123.6691 	EXP 	eyetracker.setRecordingState(False)
123.6816 	EXP 	eyetracker.setRecordingState(False)
123.6913 	EXP 	eyetracker.setRecordingState(False)
123.7009 	EXP 	eyetracker.setRecordingState(False)
123.7107 	EXP 	eyetracker.setRecordingState(False)
123.7213 	EXP 	eyetracker.setRecordingState(False)
123.7313 	EXP 	eyetracker.setRecordingState(False)
123.7422 	EXP 	eyetracker.setRecordingState(False)
123.7520 	EXP 	eyetracker.setRecordingState(False)
123.7624 	EXP 	eyetracker.setRecordingState(False)
123.7733 	EXP 	eyetracker.setRecordingState(False)
123.7829 	EXP 	eyetracker.setRecordingState(False)
123.7924 	EXP 	eyetracker.setRecordingState(False)
123.8024 	EXP 	eyetracker.setRecordingState(False)
123.8121 	EXP 	eyetracker.setRecordingState(False)
123.8209 	EXP 	eyetracker.setRecordingState(False)
123.8308 	EXP 	eyetracker.setRecordingState(False)
123.8396 	EXP 	eyetracker.setRecordingState(False)
123.8499 	EXP 	eyetracker.setRecordingState(False)
123.8595 	EXP 	eyetracker.setRecordingState(False)
123.8694 	EXP 	eyetracker.setRecordingState(False)
123.8793 	EXP 	eyetracker.setRecordingState(False)
123.8901 	EXP 	eyetracker.setRecordingState(False)
123.9003 	EXP 	eyetracker.setRecordingState(False)
123.9102 	EXP 	eyetracker.setRecordingState(False)
123.9203 	EXP 	eyetracker.setRecordingState(False)
123.9308 	EXP 	eyetracker.setRecordingState(False)
123.9404 	EXP 	eyetracker.setRecordingState(False)
123.9484 	EXP 	eyetracker.setRecordingState(False)
123.9567 	EXP 	eyetracker.setRecordingState(False)
123.9664 	EXP 	eyetracker.setRecordingState(False)
123.9758 	EXP 	eyetracker.setRecordingState(False)
123.9846 	EXP 	eyetracker.setRecordingState(False)
123.9959 	EXP 	eyetracker.setRecordingState(False)
124.0068 	EXP 	eyetracker.setRecordingState(False)
124.0191 	EXP 	eyetracker.setRecordingState(False)
124.0337 	EXP 	eyetracker.setRecordingState(False)
124.0469 	EXP 	eyetracker.setRecordingState(False)
124.0611 	EXP 	eyetracker.setRecordingState(False)
124.0747 	EXP 	eyetracker.setRecordingState(False)
124.0888 	EXP 	eyetracker.setRecordingState(False)
124.1005 	EXP 	eyetracker.setRecordingState(False)
124.1131 	EXP 	eyetracker.setRecordingState(False)
124.1222 	EXP 	eyetracker.setRecordingState(False)
124.1314 	EXP 	eyetracker.setRecordingState(False)
124.1503 	EXP 	eyetracker.setRecordingState(False)
124.1606 	EXP 	eyetracker.setRecordingState(False)
124.1709 	EXP 	eyetracker.setRecordingState(False)
124.1822 	EXP 	eyetracker.setRecordingState(False)
124.1947 	EXP 	eyetracker.setRecordingState(False)
124.2078 	EXP 	eyetracker.setRecordingState(False)
124.2185 	EXP 	eyetracker.setRecordingState(False)
124.2290 	EXP 	eyetracker.setRecordingState(False)
124.2388 	EXP 	eyetracker.setRecordingState(False)
124.2468 	EXP 	eyetracker.setRecordingState(False)
124.2536 	EXP 	eyetracker.setRecordingState(False)
124.2609 	EXP 	eyetracker.setRecordingState(False)
124.2682 	EXP 	eyetracker.setRecordingState(False)
124.2754 	EXP 	eyetracker.setRecordingState(False)
124.2819 	EXP 	eyetracker.setRecordingState(False)
124.2886 	EXP 	eyetracker.setRecordingState(False)
124.2951 	EXP 	eyetracker.setRecordingState(False)
124.3012 	EXP 	eyetracker.setRecordingState(False)
124.3091 	EXP 	eyetracker.setRecordingState(False)
124.3172 	EXP 	eyetracker.setRecordingState(False)
124.3260 	EXP 	eyetracker.setRecordingState(False)
124.3362 	EXP 	eyetracker.setRecordingState(False)
124.3458 	EXP 	eyetracker.setRecordingState(False)
124.3547 	EXP 	eyetracker.setRecordingState(False)
124.3645 	EXP 	eyetracker.setRecordingState(False)
124.3726 	EXP 	eyetracker.setRecordingState(False)
124.3805 	EXP 	eyetracker.setRecordingState(False)
124.3881 	EXP 	eyetracker.setRecordingState(False)
124.3958 	EXP 	eyetracker.setRecordingState(False)
124.4029 	EXP 	eyetracker.setRecordingState(False)
124.4107 	EXP 	eyetracker.setRecordingState(False)
124.4196 	EXP 	eyetracker.setRecordingState(False)
124.4275 	EXP 	eyetracker.setRecordingState(False)
124.4358 	EXP 	eyetracker.setRecordingState(False)
124.4442 	EXP 	eyetracker.setRecordingState(False)
124.4533 	EXP 	eyetracker.setRecordingState(False)
124.4633 	EXP 	eyetracker.setRecordingState(False)
124.4718 	EXP 	eyetracker.setRecordingState(False)
124.4797 	EXP 	eyetracker.setRecordingState(False)
124.4894 	EXP 	eyetracker.setRecordingState(False)
124.4983 	EXP 	eyetracker.setRecordingState(False)
124.5071 	EXP 	eyetracker.setRecordingState(False)
124.5149 	EXP 	eyetracker.setRecordingState(False)
124.5251 	EXP 	eyetracker.setRecordingState(False)
124.5333 	EXP 	eyetracker.setRecordingState(False)
124.5411 	EXP 	eyetracker.setRecordingState(False)
124.5491 	EXP 	eyetracker.setRecordingState(False)
124.5578 	EXP 	eyetracker.setRecordingState(False)
124.5670 	EXP 	eyetracker.setRecordingState(False)
124.5756 	EXP 	eyetracker.setRecordingState(False)
124.5832 	EXP 	eyetracker.setRecordingState(False)
124.5919 	EXP 	eyetracker.setRecordingState(False)
124.6021 	EXP 	eyetracker.setRecordingState(False)
124.6107 	EXP 	eyetracker.setRecordingState(False)
124.6190 	EXP 	eyetracker.setRecordingState(False)
124.6274 	EXP 	eyetracker.setRecordingState(False)
124.6357 	EXP 	eyetracker.setRecordingState(False)
124.6443 	EXP 	eyetracker.setRecordingState(False)
124.6533 	EXP 	eyetracker.setRecordingState(False)
124.6616 	EXP 	eyetracker.setRecordingState(False)
124.6703 	EXP 	eyetracker.setRecordingState(False)
124.6802 	EXP 	eyetracker.setRecordingState(False)
124.6904 	EXP 	eyetracker.setRecordingState(False)
124.6995 	EXP 	eyetracker.setRecordingState(False)
124.7088 	EXP 	eyetracker.setRecordingState(False)
124.7169 	EXP 	eyetracker.setRecordingState(False)
124.7253 	EXP 	eyetracker.setRecordingState(False)
124.7339 	EXP 	eyetracker.setRecordingState(False)
124.7432 	EXP 	eyetracker.setRecordingState(False)
124.7516 	EXP 	eyetracker.setRecordingState(False)
124.7610 	EXP 	eyetracker.setRecordingState(False)
124.7702 	EXP 	eyetracker.setRecordingState(False)
124.7797 	EXP 	eyetracker.setRecordingState(False)
124.7893 	EXP 	eyetracker.setRecordingState(False)
124.7981 	EXP 	eyetracker.setRecordingState(False)
124.8070 	EXP 	eyetracker.setRecordingState(False)
124.8162 	EXP 	eyetracker.setRecordingState(False)
124.8258 	EXP 	eyetracker.setRecordingState(False)
124.8358 	EXP 	eyetracker.setRecordingState(False)
124.8457 	EXP 	eyetracker.setRecordingState(False)
124.8554 	EXP 	eyetracker.setRecordingState(False)
124.8654 	EXP 	eyetracker.setRecordingState(False)
124.8755 	EXP 	eyetracker.setRecordingState(False)
124.8851 	EXP 	eyetracker.setRecordingState(False)
124.8944 	EXP 	eyetracker.setRecordingState(False)
124.9060 	EXP 	eyetracker.setRecordingState(False)
124.9163 	EXP 	eyetracker.setRecordingState(False)
124.9250 	EXP 	eyetracker.setRecordingState(False)
124.9356 	EXP 	eyetracker.setRecordingState(False)
124.9458 	EXP 	eyetracker.setRecordingState(False)
124.9578 	EXP 	eyetracker.setRecordingState(False)
124.9708 	EXP 	eyetracker.setRecordingState(False)
124.9844 	EXP 	eyetracker.setRecordingState(False)
124.9975 	EXP 	eyetracker.setRecordingState(False)
125.0095 	EXP 	eyetracker.setRecordingState(False)
125.0208 	EXP 	eyetracker.setRecordingState(False)
125.0331 	EXP 	eyetracker.setRecordingState(False)
125.0469 	EXP 	eyetracker.setRecordingState(False)
125.0597 	EXP 	eyetracker.setRecordingState(False)
125.0723 	EXP 	eyetracker.setRecordingState(False)
125.0840 	EXP 	eyetracker.setRecordingState(False)
125.0961 	EXP 	eyetracker.setRecordingState(False)
125.1067 	EXP 	eyetracker.setRecordingState(False)
125.1175 	EXP 	eyetracker.setRecordingState(False)
125.1272 	EXP 	eyetracker.setRecordingState(False)
125.1371 	EXP 	eyetracker.setRecordingState(False)
125.1470 	EXP 	eyetracker.setRecordingState(False)
125.1578 	EXP 	eyetracker.setRecordingState(False)
125.1691 	EXP 	eyetracker.setRecordingState(False)
125.1791 	EXP 	eyetracker.setRecordingState(False)
125.1898 	EXP 	eyetracker.setRecordingState(False)
125.1996 	EXP 	eyetracker.setRecordingState(False)
125.2093 	EXP 	eyetracker.setRecordingState(False)
125.2205 	EXP 	eyetracker.setRecordingState(False)
125.2302 	EXP 	eyetracker.setRecordingState(False)
125.2393 	EXP 	eyetracker.setRecordingState(False)
125.2497 	EXP 	eyetracker.setRecordingState(False)
125.2596 	EXP 	eyetracker.setRecordingState(False)
125.2695 	EXP 	eyetracker.setRecordingState(False)
125.2796 	EXP 	eyetracker.setRecordingState(False)
125.2897 	EXP 	eyetracker.setRecordingState(False)
125.2995 	EXP 	eyetracker.setRecordingState(False)
125.3099 	EXP 	eyetracker.setRecordingState(False)
125.3193 	EXP 	eyetracker.setRecordingState(False)
125.3294 	EXP 	eyetracker.setRecordingState(False)
125.3376 	EXP 	eyetracker.setRecordingState(False)
125.3455 	EXP 	eyetracker.setRecordingState(False)
125.3532 	EXP 	eyetracker.setRecordingState(False)
125.3620 	EXP 	eyetracker.setRecordingState(False)
125.3712 	EXP 	eyetracker.setRecordingState(False)
125.3789 	EXP 	eyetracker.setRecordingState(False)
125.3871 	EXP 	eyetracker.setRecordingState(False)
125.3957 	EXP 	eyetracker.setRecordingState(False)
125.4041 	EXP 	eyetracker.setRecordingState(False)
125.4119 	EXP 	eyetracker.setRecordingState(False)
125.4199 	EXP 	eyetracker.setRecordingState(False)
125.4277 	EXP 	eyetracker.setRecordingState(False)
125.4345 	EXP 	eyetracker.setRecordingState(False)
125.4374 	DATA 	Mouse: Left button down, pos=(851,555)
125.4428 	EXP 	eyetracker.setRecordingState(False)
125.4470 	EXP 	text_instr_2: autoDraw = False
125.4470 	EXP 	goldi: autoDraw = False
125.4470 	EXP 	elephanthouse: autoDraw = False
125.4470 	EXP 	krest: autoDraw = False
125.4470 	EXP 	pussalla: autoDraw = False
125.4470 	EXP 	text_16: autoDraw = False
125.4470 	EXP 	text_17: autoDraw = False
125.4470 	EXP 	text_18: autoDraw = False
125.4470 	EXP 	text_19: autoDraw = False
125.4473 	EXP 	Cheese: status = STOPPED
125.6465 	INFO 	saved data to 'C:\\Users\\M S I\\OneDrive\\Documents\\GitHub\\Research-Project\\data\\557837_Cheese_2026-03-09_13h40.24.070.csv'
125.6476 	INFO 	saved data to C:\Users\M S I\OneDrive\Documents\GitHub\Research-Project\data\557837_Cheese_2026-03-09_13h40.24.070.psydat
