15.9230 	INFO 	Loaded monitor calibration from ['2025_12_23 12:18']
15.9420 	WARNING 	User requested fullscreen with size [1024  768], but screen is actually [1920, 1080]. Using actual size
18.4675 	INFO 	Using renderer 'Intel(R) UHD Graphics' for graphics
18.4675 	INFO 	OpenGL version supported by driver is 4..
18.4908 	EXP 	Created window1 = Window(allowGUI=True, allowStencil=False, autoLog=True, backendConf=UNKNOWN, backgroundFit=<method-wrapper '__getattribute__' of attributeSetter object at 0x0000025A0F7BFD00>, backgroundImage=<method-wrapper '__getattribute__' of attributeSetter object at 0x0000025A0F7BFCA0>, bitsMode=UNKNOWN, blendMode='avg', bpc=(8, 8, 8), color=array([-1., -1., -1.]), colorSpace='rgb', depthBits=8, fullscr=True, gamma=None, gammaErrorPolicy='raise', infoMsg=UNKNOWN, lms=UNKNOWN, monitor=<psychopy.monitors.calibTools.Monitor object at 0x0000025A072F7D90>, multiSample=False, name='window1', numSamples=2, pos=[np.float64(0.0), np.float64(0.0)], screen=0, size=array([1920, 1080]), stencilBits=0, stereo=False, title='PsychoPy', units='height', useFBO=True, useRetina=False, viewOri=0.0, viewPos=None, viewScale=None, waitBlanking=True, winType='pyglet')
18.4909 	EXP 	window1: backgroundImage = ''
18.4909 	EXP 	window1: backgroundFit = 'none'
19.0412 	EXP 	window1: Attempting to measure frame rate of screen (0) ...
19.0412 	EXP 	window1: recordFrameIntervals = False
19.1259 	EXP 	window1: recordFrameIntervals = True
19.2024 	EXP 	Screen (0) actual frame rate measured at 143.97Hz
19.2024 	EXP 	window1: recordFrameIntervals = False
28.2130 	INFO 	keyboard.Keyboard is using iohub backend.
28.2131 	EXP 	Cheese: status = STARTED
28.2817 	EXP 	Created text = TextStim(__class__=<class 'psychopy.visual.text.TextStim'>, alignHoriz=method-wrapper(...), alignText='center', alignVert=method-wrapper(...), anchorHoriz='center', anchorVert='center', antialias=True, autoDraw=False, autoLog=True, bold=False, color=array([1., 1., 1.]), colorSpace='rgb', contrast=1.0, depth=0.0, draggable=False, flipHoriz=False, flipVert=False, font='Arial', fontFiles=[], height=0.05, italic=False, languageStyle='LTR', name='text', opacity=1, ori=0.0, pos=array([0. , 0.3]), rgb=UNKNOWN, text='', units='height', win=Window(...), wrapWidth=1)
28.3518 	EXP 	Created ambewela = ImageStim(__class__=<class 'psychopy.visual.image.ImageStim'>, anchor=('center', 'center'), autoLog=True, color=array([1., 1., 1.]), colorSpace='rgb', contrast=1.0, depth=-1.0, draggable=False, flipHoriz=np.False_, flipVert=np.False_, image='default.png', interpolate=True, mask=None, maskParams=None, name='ambewela', opacity=1.0, ori=0.0, pos=array([-0.6,  0. ]), size=array([0.2, 0.2]), texRes=128.0, units='height', win=Window(...))
28.3652 	EXP 	Created kothmale = ImageStim(__class__=<class 'psychopy.visual.image.ImageStim'>, anchor=('center', 'center'), autoLog=True, color=array([1., 1., 1.]), colorSpace='rgb', contrast=1.0, depth=-2.0, draggable=False, flipHoriz=np.False_, flipVert=np.False_, image='default.png', interpolate=True, mask=None, maskParams=None, name='kothmale', opacity=1.0, ori=0.0, pos=array([-0.3,  0. ]), size=array([0.2, 0.2]), texRes=128.0, units='height', win=Window(...))
28.3793 	EXP 	Created happycow = ImageStim(__class__=<class 'psychopy.visual.image.ImageStim'>, anchor=('center', 'center'), autoLog=True, color=array([1., 1., 1.]), colorSpace='rgb', contrast=1.0, depth=-3.0, draggable=False, flipHoriz=np.False_, flipVert=np.False_, image='default.png', interpolate=True, mask=None, maskParams=None, name='happycow', opacity=1.0, ori=0.0, pos=array([0., 0.]), size=array([0.2, 0.2]), texRes=128.0, units='height', win=Window(...))
28.3955 	EXP 	Created kraft = ImageStim(__class__=<class 'psychopy.visual.image.ImageStim'>, anchor=('center', 'center'), autoLog=True, color=array([1., 1., 1.]), colorSpace='rgb', contrast=1.0, depth=-4.0, draggable=False, flipHoriz=np.False_, flipVert=np.False_, image='default.png', interpolate=True, mask=None, maskParams=None, name='kraft', opacity=1.0, ori=0.0, pos=array([0.3, 0. ]), size=array([0.2, 0.2]), texRes=128.0, units='height', win=Window(...))
28.4076 	EXP 	Created richlife = ImageStim(__class__=<class 'psychopy.visual.image.ImageStim'>, anchor=('center', 'center'), autoLog=True, color=array([1., 1., 1.]), colorSpace='rgb', contrast=1.0, depth=-5.0, draggable=False, flipHoriz=np.False_, flipVert=np.False_, image='default.png', interpolate=True, mask=None, maskParams=None, name='richlife', opacity=1.0, ori=0.0, pos=array([0.6, 0. ]), size=array([0.2, 0.2]), texRes=128.0, units='height', win=Window(...))
28.7087 	EXP 	Created text_2 = TextStim(__class__=<class 'psychopy.visual.text.TextStim'>, alignHoriz=method-wrapper(...), alignText='center', alignVert=method-wrapper(...), anchorHoriz='center', anchorVert='center', antialias=True, autoDraw=False, autoLog=True, bold=False, color=array([1., 1., 1.]), colorSpace='rgb', contrast=1.0, depth=-6.0, draggable=False, flipHoriz=False, flipVert=False, font='Arial', fontFiles=[], height=np.float64(0.02), italic=False, languageStyle='LTR', name='text_2', opacity=1, ori=0.0, pos=array([-0.6, -0.3]), rgb=UNKNOWN, text=str(...), units='height', win=Window(...), wrapWidth=1)
28.7370 	EXP 	Created text_3 = TextStim(__class__=<class 'psychopy.visual.text.TextStim'>, alignHoriz=method-wrapper(...), alignText='center', alignVert=method-wrapper(...), anchorHoriz='center', anchorVert='center', antialias=True, autoDraw=False, autoLog=True, bold=False, color=array([1., 1., 1.]), colorSpace='rgb', contrast=1.0, depth=-7.0, draggable=False, flipHoriz=False, flipVert=False, font='Arial', fontFiles=[], height=np.float64(0.02), italic=False, languageStyle='LTR', name='text_3', opacity=1, ori=0.0, pos=array([-0.3, -0.3]), rgb=UNKNOWN, text='Kothmale Cheddar\n250 g \nRs 1300', units='height', win=Window(...), wrapWidth=1)
28.7624 	EXP 	Created text_4 = TextStim(__class__=<class 'psychopy.visual.text.TextStim'>, alignHoriz=method-wrapper(...), alignText='center', alignVert=method-wrapper(...), anchorHoriz='center', anchorVert='center', antialias=True, autoDraw=False, autoLog=True, bold=False, color=array([1., 1., 1.]), colorSpace='rgb', contrast=1.0, depth=-8.0, draggable=False, flipHoriz=False, flipVert=False, font='Arial', fontFiles=[], height=np.float64(0.02), italic=False, languageStyle='LTR', name='text_4', opacity=1, ori=0.0, pos=array([ 0. , -0.3]), rgb=UNKNOWN, text='HappyCow Cheese\n340 g\nRs 1200', units='height', win=Window(...), wrapWidth=1)
28.7862 	EXP 	Created text_5 = TextStim(__class__=<class 'psychopy.visual.text.TextStim'>, alignHoriz=method-wrapper(...), alignText='center', alignVert=method-wrapper(...), anchorHoriz='center', anchorVert='center', antialias=True, autoDraw=False, autoLog=True, bold=False, color=array([1., 1., 1.]), colorSpace='rgb', contrast=1.0, depth=-9.0, draggable=False, flipHoriz=False, flipVert=False, font='Arial', fontFiles=[], height=np.float64(0.02), italic=False, languageStyle='LTR', name='text_5', opacity=1, ori=0.0, pos=array([ 0.3, -0.3]), rgb=UNKNOWN, text='Kraft Cheddar Cheese\n250 g\nRs 2590', units='height', win=Window(...), wrapWidth=1)
28.8041 	EXP 	Created text_6 = TextStim(__class__=<class 'psychopy.visual.text.TextStim'>, alignHoriz=method-wrapper(...), alignText='center', alignVert=method-wrapper(...), anchorHoriz='center', anchorVert='center', antialias=True, autoDraw=False, autoLog=True, bold=False, color=array([1., 1., 1.]), colorSpace='rgb', contrast=1.0, depth=-10.0, draggable=False, flipHoriz=False, flipVert=False, font='Arial', fontFiles=[], height=np.float64(0.02), italic=False, languageStyle='LTR', name='text_6', opacity=1, ori=0.0, pos=array([ 0.6, -0.3]), rgb=UNKNOWN, text='Rich Life Cheddar Cheese\n100 g\nRs 625', units='height', win=Window(...), wrapWidth=1)
28.8423 	EXP 	Created text_7 = TextStim(__class__=<class 'psychopy.visual.text.TextStim'>, alignHoriz=method-wrapper(...), alignText='center', alignVert=method-wrapper(...), anchorHoriz='center', anchorVert='center', antialias=True, autoDraw=False, autoLog=True, bold=False, color=array([1., 1., 1.]), colorSpace='rgb', contrast=1.0, depth=0.0, draggable=False, flipHoriz=False, flipVert=False, font='Arial', fontFiles=[], height=np.float64(0.05), italic=False, languageStyle='LTR', name='text_7', opacity=1, ori=0.0, pos=array([0. , 0.3]), rgb=UNKNOWN, text='Which one are you going to buy ?', units='height', win=Window(...), wrapWidth=1)
28.8507 	EXP 	Created highlandYoghurt = ImageStim(__class__=<class 'psychopy.visual.image.ImageStim'>, anchor=('center', 'center'), autoLog=True, color=array([1., 1., 1.]), colorSpace='rgb', contrast=1.0, depth=-1.0, draggable=False, flipHoriz=np.False_, flipVert=np.False_, image='Highland yp.jpg', interpolate=True, mask=None, maskParams=None, name='highlandYoghurt', opacity=1, ori=0.0, pos=array([-0.4,  0. ]), size=array([0.2, 0.2]), texRes=128.0, units='height', win=Window(...))
28.8609 	EXP 	Created anchoryoghurt = ImageStim(__class__=<class 'psychopy.visual.image.ImageStim'>, anchor=('center', 'center'), autoLog=True, color=array([1., 1., 1.]), colorSpace='rgb', contrast=1.0, depth=-2.0, draggable=False, flipHoriz=np.False_, flipVert=np.False_, image='anchor youghurt.jpg', interpolate=True, mask=None, maskParams=None, name='anchoryoghurt', opacity=1, ori=0.0, pos=array([-0.1,  0. ]), size=array([0.2, 0.2]), texRes=128.0, units='height', win=Window(...))
28.8695 	EXP 	Created ambewelayoghurt = ImageStim(__class__=<class 'psychopy.visual.image.ImageStim'>, anchor=('center', 'center'), autoLog=True, color=array([1., 1., 1.]), colorSpace='rgb', contrast=1.0, depth=-3.0, draggable=False, flipHoriz=np.False_, flipVert=np.False_, image='ambewela yoghurt.jpg', interpolate=True, mask=None, maskParams=None, name='ambewelayoghurt', opacity=1, ori=0.0, pos=array([0.2, 0. ]), size=array([0.2, 0.2]), texRes=128.0, units='height', win=Window(...))
28.8824 	EXP 	Created pelawatteyoghurt = ImageStim(__class__=<class 'psychopy.visual.image.ImageStim'>, anchor=('center', 'center'), autoLog=True, color=array([1., 1., 1.]), colorSpace='rgb', contrast=1.0, depth=-4.0, draggable=False, flipHoriz=np.False_, flipVert=np.False_, image='pelawatteypughurt.jpeg', interpolate=True, mask=None, maskParams=None, name='pelawatteyoghurt', opacity=1, ori=0.0, pos=array([0.5, 0. ]), size=array([0.2, 0.2]), texRes=128.0, units='height', win=Window(...))
28.9156 	EXP 	Created text_8 = TextStim(__class__=<class 'psychopy.visual.text.TextStim'>, alignHoriz=method-wrapper(...), alignText='center', alignVert=method-wrapper(...), anchorHoriz='center', anchorVert='center', antialias=True, autoDraw=False, autoLog=True, bold=False, color=array([1., 1., 1.]), colorSpace='rgb', contrast=1.0, depth=-5.0, draggable=False, flipHoriz=False, flipVert=False, font='Arial', fontFiles=[], height=np.float64(0.02), italic=False, languageStyle='LTR', name='text_8', opacity=1, ori=0.0, pos=array([-0.4, -0.3]), rgb=UNKNOWN, text=str(...), units='height', win=Window(...), wrapWidth=1)
28.9348 	EXP 	Created text_9 = TextStim(__class__=<class 'psychopy.visual.text.TextStim'>, alignHoriz=method-wrapper(...), alignText='center', alignVert=method-wrapper(...), anchorHoriz='center', anchorVert='center', antialias=True, autoDraw=False, autoLog=True, bold=False, color=array([1., 1., 1.]), colorSpace='rgb', contrast=1.0, depth=-6.0, draggable=False, flipHoriz=False, flipVert=False, font='Arial', fontFiles=[], height=np.float64(0.02), italic=False, languageStyle='LTR', name='text_9', opacity=1, ori=0.0, pos=array([-0.1, -0.3]), rgb=UNKNOWN, text='Anchor Yoghurt\n     80 g\n   Rs 70', units='height', win=Window(...), wrapWidth=1)
28.9528 	EXP 	Created text_10 = TextStim(__class__=<class 'psychopy.visual.text.TextStim'>, alignHoriz=method-wrapper(...), alignText='center', alignVert=method-wrapper(...), anchorHoriz='center', anchorVert='center', antialias=True, autoDraw=False, autoLog=True, bold=False, color=array([1., 1., 1.]), colorSpace='rgb', contrast=1.0, depth=-7.0, draggable=False, flipHoriz=False, flipVert=False, font='Arial', fontFiles=[], height=np.float64(0.02), italic=False, languageStyle='LTR', name='text_10', opacity=1, ori=0.0, pos=array([ 0.2, -0.3]), rgb=UNKNOWN, text='Ambewela Yoghurt\n      80 g\n     Rs 70', units='height', win=Window(...), wrapWidth=1)
28.9725 	EXP 	Created text_11 = TextStim(__class__=<class 'psychopy.visual.text.TextStim'>, alignHoriz=method-wrapper(...), alignText='center', alignVert=method-wrapper(...), anchorHoriz='center', anchorVert='center', antialias=True, autoDraw=False, autoLog=True, bold=False, color=array([1., 1., 1.]), colorSpace='rgb', contrast=1.0, depth=-8.0, draggable=False, flipHoriz=False, flipVert=False, font='Arial', fontFiles=[], height=np.float64(0.02), italic=False, languageStyle='LTR', name='text_11', opacity=1, ori=0.0, pos=array([ 0.5, -0.3]), rgb=UNKNOWN, text='Pelawatte Yoghurt\n       80 g\n      Rs  50', units='height', win=Window(...), wrapWidth=1)
28.9886 	EXP 	Created text_12 = TextStim(__class__=<class 'psychopy.visual.text.TextStim'>, alignHoriz=method-wrapper(...), alignText='center', alignVert=method-wrapper(...), anchorHoriz='center', anchorVert='center', antialias=True, autoDraw=False, autoLog=True, bold=False, color=array([1., 1., 1.]), colorSpace='rgb', contrast=1.0, depth=0.0, draggable=False, flipHoriz=False, flipVert=False, font='Arial', fontFiles=[], height=np.float64(0.05), italic=False, languageStyle='LTR', name='text_12', opacity=1, ori=0.0, pos=array([0. , 0.3]), rgb=UNKNOWN, text='Which one are you going to buy?', units='height', win=Window(...), wrapWidth=1)
29.0489 	EXP 	Created fortune = ImageStim(__class__=<class 'psychopy.visual.image.ImageStim'>, anchor=('center', 'center'), autoLog=True, color=array([1., 1., 1.]), colorSpace='rgb', contrast=1.0, depth=-1.0, draggable=False, flipHoriz=np.False_, flipVert=np.False_, image='fortune.jpg', interpolate=True, mask=None, maskParams=None, name='fortune', opacity=1, ori=0.0, pos=array([-0.5,  0. ]), size=array([0.2, 0.2]), texRes=128.0, units='height', win=Window(...))
29.0688 	EXP 	Created marina = ImageStim(__class__=<class 'psychopy.visual.image.ImageStim'>, anchor=('center', 'center'), autoLog=True, color=array([1., 1., 1.]), colorSpace='rgb', contrast=1.0, depth=-2.0, draggable=False, flipHoriz=np.False_, flipVert=np.False_, image='marina.jpeg', interpolate=True, mask=None, maskParams=None, name='marina', opacity=1, ori=0.0, pos=array([0., 0.]), size=array([0.2, 0.2]), texRes=128.0, units='height', win=Window(...))
29.1051 	EXP 	Created Njoy = ImageStim(__class__=<class 'psychopy.visual.image.ImageStim'>, anchor=('center', 'center'), autoLog=True, color=array([1., 1., 1.]), colorSpace='rgb', contrast=1.0, depth=-3.0, draggable=False, flipHoriz=np.False_, flipVert=np.False_, image='Njoy.jpg', interpolate=True, mask=None, maskParams=None, name='Njoy', opacity=1, ori=0.0, pos=array([0.5, 0. ]), size=array([0.2, 0.2]), texRes=128.0, units='height', win=Window(...))
29.1154 	EXP 	Created text_13 = TextStim(__class__=<class 'psychopy.visual.text.TextStim'>, alignHoriz=method-wrapper(...), alignText='center', alignVert=method-wrapper(...), anchorHoriz='center', anchorVert='center', antialias=True, autoDraw=False, autoLog=True, bold=False, color=array([1., 1., 1.]), colorSpace='rgb', contrast=1.0, depth=-4.0, draggable=False, flipHoriz=False, flipVert=False, font='Arial', fontFiles=[], height=np.float64(0.02), italic=False, languageStyle='LTR', name='text_13', opacity=1, ori=0.0, pos=array([-0.5, -0.3]), rgb=UNKNOWN, text=str(...), units='height', win=Window(...), wrapWidth=1)
29.1371 	EXP 	Created text_14 = TextStim(__class__=<class 'psychopy.visual.text.TextStim'>, alignHoriz=method-wrapper(...), alignText='center', alignVert=method-wrapper(...), anchorHoriz='center', anchorVert='center', antialias=True, autoDraw=False, autoLog=True, bold=False, color=array([1., 1., 1.]), colorSpace='rgb', contrast=1.0, depth=-5.0, draggable=False, flipHoriz=False, flipVert=False, font='Arial', fontFiles=[], height=np.float64(0.02), italic=False, languageStyle='LTR', name='text_14', opacity=1, ori=0.0, pos=array([ 0. , -0.3]), rgb=UNKNOWN, text=str(...), units='height', win=Window(...), wrapWidth=1)
29.1493 	EXP 	Created text_15 = TextStim(__class__=<class 'psychopy.visual.text.TextStim'>, alignHoriz=method-wrapper(...), alignText='center', alignVert=method-wrapper(...), anchorHoriz='center', anchorVert='center', antialias=True, autoDraw=False, autoLog=True, bold=False, color=array([1., 1., 1.]), colorSpace='rgb', contrast=1.0, depth=-6.0, draggable=False, flipHoriz=False, flipVert=False, font='Arial', fontFiles=[], height=np.float64(0.02), italic=False, languageStyle='LTR', name='text_15', opacity=1, ori=0.0, pos=array([ 0.5, -0.3]), rgb=UNKNOWN, text=str(...), units='height', win=Window(...), wrapWidth=1)
29.1737 	EXP 	Created text_instr = TextStim(__class__=<class 'psychopy.visual.text.TextStim'>, alignHoriz=method-wrapper(...), alignText='center', alignVert=method-wrapper(...), anchorHoriz='center', anchorVert='center', antialias=True, autoDraw=False, autoLog=True, bold=False, color=array([1., 1., 1.]), colorSpace='rgb', contrast=1.0, depth=0.0, draggable=False, flipHoriz=False, flipVert=False, font='Arial', fontFiles=[], height=np.float64(0.04), italic=False, languageStyle='LTR', name='text_instr', opacity=1, ori=0.0, pos=array([0. , 0.3]), rgb=UNKNOWN, text='Which one are you going to buy?', units='height', win=Window(...), wrapWidth=1)
29.1901 	EXP 	Created kandos = ImageStim(__class__=<class 'psychopy.visual.image.ImageStim'>, anchor=('center', 'center'), autoLog=True, color=array([1., 1., 1.]), colorSpace='rgb', contrast=1.0, depth=-1.0, draggable=False, flipHoriz=np.False_, flipVert=np.False_, image='Kandos.jpeg', interpolate=True, mask=None, maskParams=None, name='kandos', opacity=1, ori=0.0, pos=array([-0.4,  0. ]), size=array([0.2, 0.2]), texRes=128.0, units='height', win=Window(...))
29.1971 	EXP 	Created ritzbury = ImageStim(__class__=<class 'psychopy.visual.image.ImageStim'>, anchor=('center', 'center'), autoLog=True, color=array([1., 1., 1.]), colorSpace='rgb', contrast=1.0, depth=-2.0, draggable=False, flipHoriz=np.False_, flipVert=np.False_, image='ritzbury.jpg', interpolate=True, mask=None, maskParams=None, name='ritzbury', opacity=1.0, ori=0.0, pos=array([-0.1,  0. ]), size=array([0.2, 0.2]), texRes=128.0, units='height', win=Window(...))
29.2076 	EXP 	Created revello = ImageStim(__class__=<class 'psychopy.visual.image.ImageStim'>, anchor=('center', 'center'), autoLog=True, color=array([1., 1., 1.]), colorSpace='rgb', contrast=1.0, depth=-3.0, draggable=False, flipHoriz=np.False_, flipVert=np.False_, image='revello.jpg', interpolate=True, mask=None, maskParams=None, name='revello', opacity=1, ori=0.0, pos=array([0.2, 0. ]), size=array([0.2, 0.2]), texRes=128.0, units='height', win=Window(...))
29.2383 	EXP 	Created cadbury = ImageStim(__class__=<class 'psychopy.visual.image.ImageStim'>, anchor=('center', 'center'), autoLog=True, color=array([1., 1., 1.]), colorSpace='rgb', contrast=1.0, depth=-4.0, draggable=False, flipHoriz=np.False_, flipVert=np.False_, image='cadbury.jpg', interpolate=True, mask=None, maskParams=None, name='cadbury', opacity=1, ori=0.0, pos=array([0.5, 0. ]), size=array([0.2, 0.2]), texRes=128.0, units='height', win=Window(...))
29.2735 	EXP 	Created text_20 = TextStim(__class__=<class 'psychopy.visual.text.TextStim'>, alignHoriz=method-wrapper(...), alignText='center', alignVert=method-wrapper(...), anchorHoriz='center', anchorVert='center', antialias=True, autoDraw=False, autoLog=True, bold=False, color=array([1., 1., 1.]), colorSpace='rgb', contrast=1.0, depth=-8.0, draggable=False, flipHoriz=False, flipVert=False, font='Arial', fontFiles=[], height=np.float64(0.02), italic=False, languageStyle='LTR', name='text_20', opacity=1, ori=0.0, pos=array([-0.4, -0.3]), rgb=UNKNOWN, text='Kandos Chocolate\n        90 g\n    Rs  600', units='height', win=Window(...), wrapWidth=1)
29.2955 	EXP 	Created text_21 = TextStim(__class__=<class 'psychopy.visual.text.TextStim'>, alignHoriz=method-wrapper(...), alignText='center', alignVert=method-wrapper(...), anchorHoriz='center', anchorVert='center', antialias=True, autoDraw=False, autoLog=True, bold=False, color=array([1., 1., 1.]), colorSpace='rgb', contrast=1.0, depth=-9.0, draggable=False, flipHoriz=False, flipVert=False, font='Arial', fontFiles=[], height=np.float64(0.02), italic=False, languageStyle='LTR', name='text_21', opacity=1, ori=0.0, pos=array([-0.1, -0.3]), rgb=UNKNOWN, text=str(...), units='height', win=Window(...), wrapWidth=1)
29.3142 	EXP 	Created text_22 = TextStim(__class__=<class 'psychopy.visual.text.TextStim'>, alignHoriz=method-wrapper(...), alignText='center', alignVert=method-wrapper(...), anchorHoriz='center', anchorVert='center', antialias=True, autoDraw=False, autoLog=True, bold=False, color=array([1., 1., 1.]), colorSpace='rgb', contrast=1.0, depth=-10.0, draggable=False, flipHoriz=False, flipVert=False, font='Arial', fontFiles=[], height=np.float64(0.02), italic=False, languageStyle='LTR', name='text_22', opacity=1, ori=0.0, pos=array([ 0.2, -0.3]), rgb=UNKNOWN, text=str(...), units='height', win=Window(...), wrapWidth=1)
29.3280 	EXP 	Created text_23 = TextStim(__class__=<class 'psychopy.visual.text.TextStim'>, alignHoriz=method-wrapper(...), alignText='center', alignVert=method-wrapper(...), anchorHoriz='center', anchorVert='center', antialias=True, autoDraw=False, autoLog=True, bold=False, color=array([1., 1., 1.]), colorSpace='rgb', contrast=1.0, depth=-11.0, draggable=False, flipHoriz=False, flipVert=False, font='Arial', fontFiles=[], height=np.float64(0.02), italic=False, languageStyle='LTR', name='text_23', opacity=1, ori=0.0, pos=array([ 0.5, -0.3]), rgb=UNKNOWN, text=str(...), units='height', win=Window(...), wrapWidth=1)
29.3383 	EXP 	Created text_instr_2 = TextStim(__class__=<class 'psychopy.visual.text.TextStim'>, alignHoriz=method-wrapper(...), alignText='center', alignVert=method-wrapper(...), anchorHoriz='center', anchorVert='center', antialias=True, autoDraw=False, autoLog=True, bold=False, color=array([1., 1., 1.]), colorSpace='rgb', contrast=1.0, depth=0.0, draggable=False, flipHoriz=False, flipVert=False, font='Arial', fontFiles=[], height=np.float64(0.04), italic=False, languageStyle='LTR', name='text_instr_2', opacity=1, ori=0.0, pos=array([0. , 0.3]), rgb=UNKNOWN, text='Which one are going to buy', units='height', win=Window(...), wrapWidth=1)
29.3509 	EXP 	Created goldi = ImageStim(__class__=<class 'psychopy.visual.image.ImageStim'>, anchor=('center', 'center'), autoLog=True, color=array([1., 1., 1.]), colorSpace='rgb', contrast=1.0, depth=-1.0, draggable=False, flipHoriz=np.False_, flipVert=np.False_, image='goldi.jpg', interpolate=True, mask=None, maskParams=None, name='goldi', opacity=1, ori=0.0, pos=array([-0.4,  0. ]), size=array([0.2, 0.2]), texRes=128.0, units='height', win=Window(...))
29.4095 	EXP 	Created elephanthouse = ImageStim(__class__=<class 'psychopy.visual.image.ImageStim'>, anchor=('center', 'center'), autoLog=True, color=array([1., 1., 1.]), colorSpace='rgb', contrast=1.0, depth=-2.0, draggable=False, flipHoriz=np.False_, flipVert=np.False_, image='elephanthousre.jpg', interpolate=True, mask=None, maskParams=None, name='elephanthouse', opacity=1, ori=0.0, pos=array([-0.1,  0. ]), size=array([0.2, 0.2]), texRes=128.0, units='height', win=Window(...))
29.4215 	EXP 	Created krest = ImageStim(__class__=<class 'psychopy.visual.image.ImageStim'>, anchor=('center', 'center'), autoLog=True, color=array([1., 1., 1.]), colorSpace='rgb', contrast=1.0, depth=-3.0, draggable=False, flipHoriz=np.False_, flipVert=np.False_, image='krest.jpg', interpolate=True, mask=None, maskParams=None, name='krest', opacity=1, ori=0.0, pos=array([0.2, 0. ]), size=array([0.2, 0.2]), texRes=128.0, units='height', win=Window(...))
29.4446 	EXP 	Created pussalla = ImageStim(__class__=<class 'psychopy.visual.image.ImageStim'>, anchor=('center', 'center'), autoLog=True, color=array([1., 1., 1.]), colorSpace='rgb', contrast=1.0, depth=-4.0, draggable=False, flipHoriz=np.False_, flipVert=np.False_, image='pussalla.jpeg', interpolate=True, mask=None, maskParams=None, name='pussalla', opacity=1, ori=0.0, pos=array([0.5, 0. ]), size=array([0.2, 0.2]), texRes=128.0, units='height', win=Window(...))
29.4669 	EXP 	Created text_16 = TextStim(__class__=<class 'psychopy.visual.text.TextStim'>, alignHoriz=method-wrapper(...), alignText='center', alignVert=method-wrapper(...), anchorHoriz='center', anchorVert='center', antialias=True, autoDraw=False, autoLog=True, bold=False, color=array([1., 1., 1.]), colorSpace='rgb', contrast=1.0, depth=-6.0, draggable=False, flipHoriz=False, flipVert=False, font='Arial', fontFiles=[], height=np.float64(0.02), italic=False, languageStyle='LTR', name='text_16', opacity=1, ori=0.0, pos=array([-0.4, -0.3]), rgb=UNKNOWN, text=str(...), units='height', win=Window(...), wrapWidth=1)
29.4879 	EXP 	Created text_17 = TextStim(__class__=<class 'psychopy.visual.text.TextStim'>, alignHoriz=method-wrapper(...), alignText='center', alignVert=method-wrapper(...), anchorHoriz='center', anchorVert='center', antialias=True, autoDraw=False, autoLog=True, bold=False, color=array([1., 1., 1.]), colorSpace='rgb', contrast=1.0, depth=-7.0, draggable=False, flipHoriz=False, flipVert=False, font='Arial', fontFiles=[], height=np.float64(0.02), italic=False, languageStyle='LTR', name='text_17', opacity=1, ori=0.0, pos=array([-0.1, -0.3]), rgb=UNKNOWN, text=str(...), units='height', win=Window(...), wrapWidth=1)
29.5065 	EXP 	Created text_18 = TextStim(__class__=<class 'psychopy.visual.text.TextStim'>, alignHoriz=method-wrapper(...), alignText='center', alignVert=method-wrapper(...), anchorHoriz='center', anchorVert='center', antialias=True, autoDraw=False, autoLog=True, bold=False, color=array([1., 1., 1.]), colorSpace='rgb', contrast=1.0, depth=-8.0, draggable=False, flipHoriz=False, flipVert=False, font='Arial', fontFiles=[], height=np.float64(0.02), italic=False, languageStyle='LTR', name='text_18', opacity=1, ori=0.0, pos=array([ 0.2, -0.3]), rgb=UNKNOWN, text=str(...), units='height', win=Window(...), wrapWidth=1)
29.5304 	EXP 	Created text_19 = TextStim(__class__=<class 'psychopy.visual.text.TextStim'>, alignHoriz=method-wrapper(...), alignText='center', alignVert=method-wrapper(...), anchorHoriz='center', anchorVert='center', antialias=True, autoDraw=False, autoLog=True, bold=False, color=array([1., 1., 1.]), colorSpace='rgb', contrast=1.0, depth=-9.0, draggable=False, flipHoriz=False, flipVert=False, font='Arial', fontFiles=[], height=np.float64(0.02), italic=False, languageStyle='LTR', name='text_19', opacity=1, ori=0.0, pos=array([ 0.5, -0.3]), rgb=UNKNOWN, text=str(...), units='height', win=Window(...), wrapWidth=1)
0.1875 	EXP 	eyetracker.setRecordingState(True)
0.1885 	EXP 	eyetracker.setRecordingState(False)
1.3368 	INFO 	Keyboard events cleared
1.3362 	EXP 	ambewela: image = 'ambewelacheese.jpg'
1.3362 	EXP 	kothmale: image = 'kothmale cheese.jpg'
1.3362 	EXP 	happycow: image = 'happycow.jpeg'
1.3362 	EXP 	kraft: image = 'Kraft cheese.jpeg'
1.3362 	EXP 	richlife: image = 'richlifecheese.jpg'
1.3362 	EXP 	text: autoDraw = True
1.3362 	EXP 	ambewela: autoDraw = True
1.3362 	EXP 	kothmale: autoDraw = True
1.3362 	EXP 	happycow: autoDraw = True
1.3362 	EXP 	kraft: autoDraw = True
1.3362 	EXP 	richlife: autoDraw = True
1.3362 	EXP 	text_2: autoDraw = True
1.3362 	EXP 	text_3: autoDraw = True
1.3362 	EXP 	text_4: autoDraw = True
1.3362 	EXP 	text_5: autoDraw = True
1.3362 	EXP 	text_6: autoDraw = True
1.3362 	EXP 	text: height = np.float64(0.05)
1.3362 	EXP 	text: height = np.float64(0.05)
1.3362 	EXP 	text: height = np.float64(0.05)
1.3362 	EXP 	text: text = 'Which one are you going to buy?'
1.4923 	EXP 	eyetracker.setRecordingState(False)
1.5107 	EXP 	text: height = np.float64(0.05)
1.5107 	EXP 	text: height = np.float64(0.05)
1.5107 	EXP 	text: height = np.float64(0.05)
1.5107 	EXP 	text: text = 'Which one are you going to buy?'
1.5118 	EXP 	eyetracker.setRecordingState(False)
1.5207 	EXP 	text: height = np.float64(0.05)
1.5207 	EXP 	text: height = np.float64(0.05)
1.5207 	EXP 	text: height = np.float64(0.05)
1.5207 	EXP 	text: text = 'Which one are you going to buy?'
1.5214 	EXP 	eyetracker.setRecordingState(False)
1.5304 	EXP 	text: height = np.float64(0.05)
1.5304 	EXP 	text: height = np.float64(0.05)
1.5304 	EXP 	text: height = np.float64(0.05)
1.5304 	EXP 	text: text = 'Which one are you going to buy?'
1.5315 	EXP 	eyetracker.setRecordingState(False)
1.5415 	EXP 	text: height = np.float64(0.05)
1.5415 	EXP 	text: height = np.float64(0.05)
1.5415 	EXP 	text: height = np.float64(0.05)
1.5415 	EXP 	text: text = 'Which one are you going to buy?'
1.5429 	EXP 	eyetracker.setRecordingState(False)
1.5509 	EXP 	text: height = np.float64(0.05)
1.5509 	EXP 	text: height = np.float64(0.05)
1.5509 	EXP 	text: height = np.float64(0.05)
1.5509 	EXP 	text: text = 'Which one are you going to buy?'
1.5518 	EXP 	eyetracker.setRecordingState(False)
1.5600 	EXP 	text: height = np.float64(0.05)
1.5600 	EXP 	text: height = np.float64(0.05)
1.5600 	EXP 	text: height = np.float64(0.05)
1.5600 	EXP 	text: text = 'Which one are you going to buy?'
1.5608 	EXP 	eyetracker.setRecordingState(False)
1.5684 	EXP 	text: height = np.float64(0.05)
1.5684 	EXP 	text: height = np.float64(0.05)
1.5684 	EXP 	text: height = np.float64(0.05)
1.5684 	EXP 	text: text = 'Which one are you going to buy?'
1.5697 	EXP 	eyetracker.setRecordingState(False)
1.5783 	EXP 	text: height = np.float64(0.05)
1.5783 	EXP 	text: height = np.float64(0.05)
1.5783 	EXP 	text: height = np.float64(0.05)
1.5783 	EXP 	text: text = 'Which one are you going to buy?'
1.5791 	EXP 	eyetracker.setRecordingState(False)
1.5891 	EXP 	text: height = np.float64(0.05)
1.5891 	EXP 	text: height = np.float64(0.05)
1.5891 	EXP 	text: height = np.float64(0.05)
1.5891 	EXP 	text: text = 'Which one are you going to buy?'
1.5902 	EXP 	eyetracker.setRecordingState(False)
1.5970 	EXP 	text: height = np.float64(0.05)
1.5970 	EXP 	text: height = np.float64(0.05)
1.5970 	EXP 	text: height = np.float64(0.05)
1.5970 	EXP 	text: text = 'Which one are you going to buy?'
1.5977 	EXP 	eyetracker.setRecordingState(False)
1.6067 	EXP 	text: height = np.float64(0.05)
1.6067 	EXP 	text: height = np.float64(0.05)
1.6067 	EXP 	text: height = np.float64(0.05)
1.6067 	EXP 	text: text = 'Which one are you going to buy?'
1.6074 	EXP 	eyetracker.setRecordingState(False)
1.6160 	EXP 	text: height = np.float64(0.05)
1.6160 	EXP 	text: height = np.float64(0.05)
1.6160 	EXP 	text: height = np.float64(0.05)
1.6160 	EXP 	text: text = 'Which one are you going to buy?'
1.6167 	EXP 	eyetracker.setRecordingState(False)
1.6243 	EXP 	text: height = np.float64(0.05)
1.6243 	EXP 	text: height = np.float64(0.05)
1.6243 	EXP 	text: height = np.float64(0.05)
1.6243 	EXP 	text: text = 'Which one are you going to buy?'
1.6250 	EXP 	eyetracker.setRecordingState(False)
1.6345 	EXP 	text: height = np.float64(0.05)
1.6345 	EXP 	text: height = np.float64(0.05)
1.6345 	EXP 	text: height = np.float64(0.05)
1.6345 	EXP 	text: text = 'Which one are you going to buy?'
1.6356 	EXP 	eyetracker.setRecordingState(False)
1.6440 	EXP 	text: height = np.float64(0.05)
1.6440 	EXP 	text: height = np.float64(0.05)
1.6440 	EXP 	text: height = np.float64(0.05)
1.6440 	EXP 	text: text = 'Which one are you going to buy?'
1.6448 	EXP 	eyetracker.setRecordingState(False)
1.6535 	EXP 	text: height = np.float64(0.05)
1.6535 	EXP 	text: height = np.float64(0.05)
1.6535 	EXP 	text: height = np.float64(0.05)
1.6535 	EXP 	text: text = 'Which one are you going to buy?'
1.6543 	EXP 	eyetracker.setRecordingState(False)
1.6630 	EXP 	text: height = np.float64(0.05)
1.6630 	EXP 	text: height = np.float64(0.05)
1.6630 	EXP 	text: height = np.float64(0.05)
1.6630 	EXP 	text: text = 'Which one are you going to buy?'
1.6640 	EXP 	eyetracker.setRecordingState(False)
1.6723 	EXP 	text: height = np.float64(0.05)
1.6723 	EXP 	text: height = np.float64(0.05)
1.6723 	EXP 	text: height = np.float64(0.05)
1.6723 	EXP 	text: text = 'Which one are you going to buy?'
1.6730 	EXP 	eyetracker.setRecordingState(False)
1.6822 	EXP 	text: height = np.float64(0.05)
1.6822 	EXP 	text: height = np.float64(0.05)
1.6822 	EXP 	text: height = np.float64(0.05)
1.6822 	EXP 	text: text = 'Which one are you going to buy?'
1.6832 	EXP 	eyetracker.setRecordingState(False)
1.6925 	EXP 	text: height = np.float64(0.05)
1.6925 	EXP 	text: height = np.float64(0.05)
1.6925 	EXP 	text: height = np.float64(0.05)
1.6925 	EXP 	text: text = 'Which one are you going to buy?'
1.6933 	EXP 	eyetracker.setRecordingState(False)
1.7022 	EXP 	text: height = np.float64(0.05)
1.7022 	EXP 	text: height = np.float64(0.05)
1.7022 	EXP 	text: height = np.float64(0.05)
1.7022 	EXP 	text: text = 'Which one are you going to buy?'
1.7029 	EXP 	eyetracker.setRecordingState(False)
1.7114 	EXP 	text: height = np.float64(0.05)
1.7114 	EXP 	text: height = np.float64(0.05)
1.7114 	EXP 	text: height = np.float64(0.05)
1.7114 	EXP 	text: text = 'Which one are you going to buy?'
1.7121 	EXP 	eyetracker.setRecordingState(False)
1.7190 	EXP 	text: height = np.float64(0.05)
1.7190 	EXP 	text: height = np.float64(0.05)
1.7190 	EXP 	text: height = np.float64(0.05)
1.7190 	EXP 	text: text = 'Which one are you going to buy?'
1.7199 	EXP 	eyetracker.setRecordingState(False)
1.7284 	EXP 	text: height = np.float64(0.05)
1.7284 	EXP 	text: height = np.float64(0.05)
1.7284 	EXP 	text: height = np.float64(0.05)
1.7284 	EXP 	text: text = 'Which one are you going to buy?'
1.7291 	EXP 	eyetracker.setRecordingState(False)
1.7381 	EXP 	text: height = np.float64(0.05)
1.7381 	EXP 	text: height = np.float64(0.05)
1.7381 	EXP 	text: height = np.float64(0.05)
1.7381 	EXP 	text: text = 'Which one are you going to buy?'
1.7388 	EXP 	eyetracker.setRecordingState(False)
1.7485 	EXP 	text: height = np.float64(0.05)
1.7485 	EXP 	text: height = np.float64(0.05)
1.7485 	EXP 	text: height = np.float64(0.05)
1.7485 	EXP 	text: text = 'Which one are you going to buy?'
1.7494 	EXP 	eyetracker.setRecordingState(False)
1.7572 	EXP 	text: height = np.float64(0.05)
1.7572 	EXP 	text: height = np.float64(0.05)
1.7572 	EXP 	text: height = np.float64(0.05)
1.7572 	EXP 	text: text = 'Which one are you going to buy?'
1.7580 	EXP 	eyetracker.setRecordingState(False)
1.7668 	EXP 	text: height = np.float64(0.05)
1.7668 	EXP 	text: height = np.float64(0.05)
1.7668 	EXP 	text: height = np.float64(0.05)
1.7668 	EXP 	text: text = 'Which one are you going to buy?'
1.7675 	EXP 	eyetracker.setRecordingState(False)
1.7768 	EXP 	text: height = np.float64(0.05)
1.7768 	EXP 	text: height = np.float64(0.05)
1.7768 	EXP 	text: height = np.float64(0.05)
1.7768 	EXP 	text: text = 'Which one are you going to buy?'
1.7775 	EXP 	eyetracker.setRecordingState(False)
1.7875 	EXP 	text: height = np.float64(0.05)
1.7875 	EXP 	text: height = np.float64(0.05)
1.7875 	EXP 	text: height = np.float64(0.05)
1.7875 	EXP 	text: text = 'Which one are you going to buy?'
1.7883 	EXP 	eyetracker.setRecordingState(False)
1.7964 	EXP 	text: height = np.float64(0.05)
1.7964 	EXP 	text: height = np.float64(0.05)
1.7964 	EXP 	text: height = np.float64(0.05)
1.7964 	EXP 	text: text = 'Which one are you going to buy?'
1.7973 	EXP 	eyetracker.setRecordingState(False)
1.8063 	EXP 	text: height = np.float64(0.05)
1.8063 	EXP 	text: height = np.float64(0.05)
1.8063 	EXP 	text: height = np.float64(0.05)
1.8063 	EXP 	text: text = 'Which one are you going to buy?'
1.8069 	EXP 	eyetracker.setRecordingState(False)
1.8155 	EXP 	text: height = np.float64(0.05)
1.8155 	EXP 	text: height = np.float64(0.05)
1.8155 	EXP 	text: height = np.float64(0.05)
1.8155 	EXP 	text: text = 'Which one are you going to buy?'
1.8163 	EXP 	eyetracker.setRecordingState(False)
1.8254 	EXP 	text: height = np.float64(0.05)
1.8254 	EXP 	text: height = np.float64(0.05)
1.8254 	EXP 	text: height = np.float64(0.05)
1.8254 	EXP 	text: text = 'Which one are you going to buy?'
1.8261 	EXP 	eyetracker.setRecordingState(False)
1.8350 	EXP 	text: height = np.float64(0.05)
1.8350 	EXP 	text: height = np.float64(0.05)
1.8350 	EXP 	text: height = np.float64(0.05)
1.8350 	EXP 	text: text = 'Which one are you going to buy?'
1.8359 	EXP 	eyetracker.setRecordingState(False)
1.8442 	EXP 	text: height = np.float64(0.05)
1.8442 	EXP 	text: height = np.float64(0.05)
1.8442 	EXP 	text: height = np.float64(0.05)
1.8442 	EXP 	text: text = 'Which one are you going to buy?'
1.8450 	EXP 	eyetracker.setRecordingState(False)
1.8546 	EXP 	text: height = np.float64(0.05)
1.8546 	EXP 	text: height = np.float64(0.05)
1.8546 	EXP 	text: height = np.float64(0.05)
1.8546 	EXP 	text: text = 'Which one are you going to buy?'
1.8559 	EXP 	eyetracker.setRecordingState(False)
1.8629 	EXP 	text: height = np.float64(0.05)
1.8629 	EXP 	text: height = np.float64(0.05)
1.8629 	EXP 	text: height = np.float64(0.05)
1.8629 	EXP 	text: text = 'Which one are you going to buy?'
1.8635 	EXP 	eyetracker.setRecordingState(False)
1.8700 	EXP 	text: height = np.float64(0.05)
1.8700 	EXP 	text: height = np.float64(0.05)
1.8700 	EXP 	text: height = np.float64(0.05)
1.8700 	EXP 	text: text = 'Which one are you going to buy?'
1.8707 	EXP 	eyetracker.setRecordingState(False)
1.8776 	EXP 	text: height = np.float64(0.05)
1.8776 	EXP 	text: height = np.float64(0.05)
1.8776 	EXP 	text: height = np.float64(0.05)
1.8776 	EXP 	text: text = 'Which one are you going to buy?'
1.8783 	EXP 	eyetracker.setRecordingState(False)
1.8848 	EXP 	text: height = np.float64(0.05)
1.8848 	EXP 	text: height = np.float64(0.05)
1.8848 	EXP 	text: height = np.float64(0.05)
1.8848 	EXP 	text: text = 'Which one are you going to buy?'
1.8855 	EXP 	eyetracker.setRecordingState(False)
1.8943 	EXP 	text: height = np.float64(0.05)
1.8943 	EXP 	text: height = np.float64(0.05)
1.8943 	EXP 	text: height = np.float64(0.05)
1.8943 	EXP 	text: text = 'Which one are you going to buy?'
1.8950 	EXP 	eyetracker.setRecordingState(False)
1.9036 	EXP 	text: height = np.float64(0.05)
1.9036 	EXP 	text: height = np.float64(0.05)
1.9036 	EXP 	text: height = np.float64(0.05)
1.9036 	EXP 	text: text = 'Which one are you going to buy?'
1.9043 	EXP 	eyetracker.setRecordingState(False)
1.9127 	EXP 	text: height = np.float64(0.05)
1.9127 	EXP 	text: height = np.float64(0.05)
1.9127 	EXP 	text: height = np.float64(0.05)
1.9127 	EXP 	text: text = 'Which one are you going to buy?'
1.9133 	EXP 	eyetracker.setRecordingState(False)
1.9218 	EXP 	text: height = np.float64(0.05)
1.9218 	EXP 	text: height = np.float64(0.05)
1.9218 	EXP 	text: height = np.float64(0.05)
1.9218 	EXP 	text: text = 'Which one are you going to buy?'
1.9227 	EXP 	eyetracker.setRecordingState(False)
1.9306 	EXP 	text: height = np.float64(0.05)
1.9306 	EXP 	text: height = np.float64(0.05)
1.9306 	EXP 	text: height = np.float64(0.05)
1.9306 	EXP 	text: text = 'Which one are you going to buy?'
1.9313 	EXP 	eyetracker.setRecordingState(False)
1.9396 	EXP 	text: height = np.float64(0.05)
1.9396 	EXP 	text: height = np.float64(0.05)
1.9396 	EXP 	text: height = np.float64(0.05)
1.9396 	EXP 	text: text = 'Which one are you going to buy?'
1.9403 	EXP 	eyetracker.setRecordingState(False)
1.9480 	EXP 	text: height = np.float64(0.05)
1.9480 	EXP 	text: height = np.float64(0.05)
1.9480 	EXP 	text: height = np.float64(0.05)
1.9480 	EXP 	text: text = 'Which one are you going to buy?'
1.9487 	EXP 	eyetracker.setRecordingState(False)
1.9567 	EXP 	text: height = np.float64(0.05)
1.9567 	EXP 	text: height = np.float64(0.05)
1.9567 	EXP 	text: height = np.float64(0.05)
1.9567 	EXP 	text: text = 'Which one are you going to buy?'
1.9575 	EXP 	eyetracker.setRecordingState(False)
1.9665 	EXP 	text: height = np.float64(0.05)
1.9665 	EXP 	text: height = np.float64(0.05)
1.9665 	EXP 	text: height = np.float64(0.05)
1.9665 	EXP 	text: text = 'Which one are you going to buy?'
1.9672 	EXP 	eyetracker.setRecordingState(False)
1.9758 	EXP 	text: height = np.float64(0.05)
1.9758 	EXP 	text: height = np.float64(0.05)
1.9758 	EXP 	text: height = np.float64(0.05)
1.9758 	EXP 	text: text = 'Which one are you going to buy?'
1.9766 	EXP 	eyetracker.setRecordingState(False)
1.9854 	EXP 	text: height = np.float64(0.05)
1.9854 	EXP 	text: height = np.float64(0.05)
1.9854 	EXP 	text: height = np.float64(0.05)
1.9854 	EXP 	text: text = 'Which one are you going to buy?'
1.9863 	EXP 	eyetracker.setRecordingState(False)
1.9959 	EXP 	text: height = np.float64(0.05)
1.9959 	EXP 	text: height = np.float64(0.05)
1.9959 	EXP 	text: height = np.float64(0.05)
1.9959 	EXP 	text: text = 'Which one are you going to buy?'
1.9967 	EXP 	eyetracker.setRecordingState(False)
2.0056 	EXP 	text: height = np.float64(0.05)
2.0056 	EXP 	text: height = np.float64(0.05)
2.0056 	EXP 	text: height = np.float64(0.05)
2.0056 	EXP 	text: text = 'Which one are you going to buy?'
2.0064 	EXP 	eyetracker.setRecordingState(False)
2.0155 	EXP 	text: height = np.float64(0.05)
2.0155 	EXP 	text: height = np.float64(0.05)
2.0155 	EXP 	text: height = np.float64(0.05)
2.0155 	EXP 	text: text = 'Which one are you going to buy?'
2.0162 	EXP 	eyetracker.setRecordingState(False)
2.0252 	EXP 	text: height = np.float64(0.05)
2.0252 	EXP 	text: height = np.float64(0.05)
2.0252 	EXP 	text: height = np.float64(0.05)
2.0252 	EXP 	text: text = 'Which one are you going to buy?'
2.0262 	EXP 	eyetracker.setRecordingState(False)
2.0344 	EXP 	text: height = np.float64(0.05)
2.0344 	EXP 	text: height = np.float64(0.05)
2.0344 	EXP 	text: height = np.float64(0.05)
2.0344 	EXP 	text: text = 'Which one are you going to buy?'
2.0352 	EXP 	eyetracker.setRecordingState(False)
2.0423 	EXP 	text: height = np.float64(0.05)
2.0423 	EXP 	text: height = np.float64(0.05)
2.0423 	EXP 	text: height = np.float64(0.05)
2.0423 	EXP 	text: text = 'Which one are you going to buy?'
2.0431 	EXP 	eyetracker.setRecordingState(False)
2.0515 	EXP 	text: height = np.float64(0.05)
2.0515 	EXP 	text: height = np.float64(0.05)
2.0515 	EXP 	text: height = np.float64(0.05)
2.0515 	EXP 	text: text = 'Which one are you going to buy?'
2.0522 	EXP 	eyetracker.setRecordingState(False)
2.0606 	EXP 	text: height = np.float64(0.05)
2.0606 	EXP 	text: height = np.float64(0.05)
2.0606 	EXP 	text: height = np.float64(0.05)
2.0606 	EXP 	text: text = 'Which one are you going to buy?'
2.0614 	EXP 	eyetracker.setRecordingState(False)
2.0695 	EXP 	text: height = np.float64(0.05)
2.0695 	EXP 	text: height = np.float64(0.05)
2.0695 	EXP 	text: height = np.float64(0.05)
2.0695 	EXP 	text: text = 'Which one are you going to buy?'
2.0701 	EXP 	eyetracker.setRecordingState(False)
2.0782 	EXP 	text: height = np.float64(0.05)
2.0782 	EXP 	text: height = np.float64(0.05)
2.0782 	EXP 	text: height = np.float64(0.05)
2.0782 	EXP 	text: text = 'Which one are you going to buy?'
2.0788 	EXP 	eyetracker.setRecordingState(False)
2.0856 	EXP 	text: height = np.float64(0.05)
2.0856 	EXP 	text: height = np.float64(0.05)
2.0856 	EXP 	text: height = np.float64(0.05)
2.0856 	EXP 	text: text = 'Which one are you going to buy?'
2.0863 	EXP 	eyetracker.setRecordingState(False)
2.0945 	EXP 	text: height = np.float64(0.05)
2.0945 	EXP 	text: height = np.float64(0.05)
2.0945 	EXP 	text: height = np.float64(0.05)
2.0945 	EXP 	text: text = 'Which one are you going to buy?'
2.0953 	EXP 	eyetracker.setRecordingState(False)
2.1043 	EXP 	text: height = np.float64(0.05)
2.1043 	EXP 	text: height = np.float64(0.05)
2.1043 	EXP 	text: height = np.float64(0.05)
2.1043 	EXP 	text: text = 'Which one are you going to buy?'
2.1050 	EXP 	eyetracker.setRecordingState(False)
2.1134 	EXP 	text: height = np.float64(0.05)
2.1134 	EXP 	text: height = np.float64(0.05)
2.1134 	EXP 	text: height = np.float64(0.05)
2.1134 	EXP 	text: text = 'Which one are you going to buy?'
2.1141 	EXP 	eyetracker.setRecordingState(False)
2.1223 	EXP 	text: height = np.float64(0.05)
2.1223 	EXP 	text: height = np.float64(0.05)
2.1223 	EXP 	text: height = np.float64(0.05)
2.1223 	EXP 	text: text = 'Which one are you going to buy?'
2.1230 	EXP 	eyetracker.setRecordingState(False)
2.1312 	EXP 	text: height = np.float64(0.05)
2.1312 	EXP 	text: height = np.float64(0.05)
2.1312 	EXP 	text: height = np.float64(0.05)
2.1312 	EXP 	text: text = 'Which one are you going to buy?'
2.1320 	EXP 	eyetracker.setRecordingState(False)
2.1405 	EXP 	text: height = np.float64(0.05)
2.1405 	EXP 	text: height = np.float64(0.05)
2.1405 	EXP 	text: height = np.float64(0.05)
2.1405 	EXP 	text: text = 'Which one are you going to buy?'
2.1413 	EXP 	eyetracker.setRecordingState(False)
2.1498 	EXP 	text: height = np.float64(0.05)
2.1498 	EXP 	text: height = np.float64(0.05)
2.1498 	EXP 	text: height = np.float64(0.05)
2.1498 	EXP 	text: text = 'Which one are you going to buy?'
2.1505 	EXP 	eyetracker.setRecordingState(False)
2.1591 	EXP 	text: height = np.float64(0.05)
2.1591 	EXP 	text: height = np.float64(0.05)
2.1591 	EXP 	text: height = np.float64(0.05)
2.1591 	EXP 	text: text = 'Which one are you going to buy?'
2.1598 	EXP 	eyetracker.setRecordingState(False)
2.1684 	EXP 	text: height = np.float64(0.05)
2.1684 	EXP 	text: height = np.float64(0.05)
2.1684 	EXP 	text: height = np.float64(0.05)
2.1684 	EXP 	text: text = 'Which one are you going to buy?'
2.1692 	EXP 	eyetracker.setRecordingState(False)
2.1777 	EXP 	text: height = np.float64(0.05)
2.1777 	EXP 	text: height = np.float64(0.05)
2.1777 	EXP 	text: height = np.float64(0.05)
2.1777 	EXP 	text: text = 'Which one are you going to buy?'
2.1786 	EXP 	eyetracker.setRecordingState(False)
2.1879 	EXP 	text: height = np.float64(0.05)
2.1879 	EXP 	text: height = np.float64(0.05)
2.1879 	EXP 	text: height = np.float64(0.05)
2.1879 	EXP 	text: text = 'Which one are you going to buy?'
2.1886 	EXP 	eyetracker.setRecordingState(False)
2.1982 	EXP 	text: height = np.float64(0.05)
2.1982 	EXP 	text: height = np.float64(0.05)
2.1982 	EXP 	text: height = np.float64(0.05)
2.1982 	EXP 	text: text = 'Which one are you going to buy?'
2.1990 	EXP 	eyetracker.setRecordingState(False)
2.2073 	EXP 	text: height = np.float64(0.05)
2.2073 	EXP 	text: height = np.float64(0.05)
2.2073 	EXP 	text: height = np.float64(0.05)
2.2073 	EXP 	text: text = 'Which one are you going to buy?'
2.2080 	EXP 	eyetracker.setRecordingState(False)
2.2163 	EXP 	text: height = np.float64(0.05)
2.2163 	EXP 	text: height = np.float64(0.05)
2.2163 	EXP 	text: height = np.float64(0.05)
2.2163 	EXP 	text: text = 'Which one are you going to buy?'
2.2171 	EXP 	eyetracker.setRecordingState(False)
2.2252 	EXP 	text: height = np.float64(0.05)
2.2252 	EXP 	text: height = np.float64(0.05)
2.2252 	EXP 	text: height = np.float64(0.05)
2.2252 	EXP 	text: text = 'Which one are you going to buy?'
2.2260 	EXP 	eyetracker.setRecordingState(False)
2.2345 	EXP 	text: height = np.float64(0.05)
2.2345 	EXP 	text: height = np.float64(0.05)
2.2345 	EXP 	text: height = np.float64(0.05)
2.2345 	EXP 	text: text = 'Which one are you going to buy?'
2.2353 	EXP 	eyetracker.setRecordingState(False)
2.2436 	EXP 	text: height = np.float64(0.05)
2.2436 	EXP 	text: height = np.float64(0.05)
2.2436 	EXP 	text: height = np.float64(0.05)
2.2436 	EXP 	text: text = 'Which one are you going to buy?'
2.2444 	EXP 	eyetracker.setRecordingState(False)
2.2524 	EXP 	text: height = np.float64(0.05)
2.2524 	EXP 	text: height = np.float64(0.05)
2.2524 	EXP 	text: height = np.float64(0.05)
2.2524 	EXP 	text: text = 'Which one are you going to buy?'
2.2532 	EXP 	eyetracker.setRecordingState(False)
2.2625 	EXP 	text: height = np.float64(0.05)
2.2625 	EXP 	text: height = np.float64(0.05)
2.2625 	EXP 	text: height = np.float64(0.05)
2.2625 	EXP 	text: text = 'Which one are you going to buy?'
2.2632 	EXP 	eyetracker.setRecordingState(False)
2.2715 	EXP 	text: height = np.float64(0.05)
2.2715 	EXP 	text: height = np.float64(0.05)
2.2715 	EXP 	text: height = np.float64(0.05)
2.2715 	EXP 	text: text = 'Which one are you going to buy?'
2.2723 	EXP 	eyetracker.setRecordingState(False)
2.2812 	EXP 	text: height = np.float64(0.05)
2.2812 	EXP 	text: height = np.float64(0.05)
2.2812 	EXP 	text: height = np.float64(0.05)
2.2812 	EXP 	text: text = 'Which one are you going to buy?'
2.2820 	EXP 	eyetracker.setRecordingState(False)
2.2911 	EXP 	text: height = np.float64(0.05)
2.2911 	EXP 	text: height = np.float64(0.05)
2.2911 	EXP 	text: height = np.float64(0.05)
2.2911 	EXP 	text: text = 'Which one are you going to buy?'
2.2918 	EXP 	eyetracker.setRecordingState(False)
2.3009 	EXP 	text: height = np.float64(0.05)
2.3009 	EXP 	text: height = np.float64(0.05)
2.3009 	EXP 	text: height = np.float64(0.05)
2.3009 	EXP 	text: text = 'Which one are you going to buy?'
2.3017 	EXP 	eyetracker.setRecordingState(False)
2.3113 	EXP 	text: height = np.float64(0.05)
2.3113 	EXP 	text: height = np.float64(0.05)
2.3113 	EXP 	text: height = np.float64(0.05)
2.3113 	EXP 	text: text = 'Which one are you going to buy?'
2.3121 	EXP 	eyetracker.setRecordingState(False)
2.3218 	EXP 	text: height = np.float64(0.05)
2.3218 	EXP 	text: height = np.float64(0.05)
2.3218 	EXP 	text: height = np.float64(0.05)
2.3218 	EXP 	text: text = 'Which one are you going to buy?'
2.3225 	EXP 	eyetracker.setRecordingState(False)
2.3326 	EXP 	text: height = np.float64(0.05)
2.3326 	EXP 	text: height = np.float64(0.05)
2.3326 	EXP 	text: height = np.float64(0.05)
2.3326 	EXP 	text: text = 'Which one are you going to buy?'
2.3333 	EXP 	eyetracker.setRecordingState(False)
2.3411 	EXP 	text: height = np.float64(0.05)
2.3411 	EXP 	text: height = np.float64(0.05)
2.3411 	EXP 	text: height = np.float64(0.05)
2.3411 	EXP 	text: text = 'Which one are you going to buy?'
2.3419 	EXP 	eyetracker.setRecordingState(False)
2.3491 	EXP 	text: height = np.float64(0.05)
2.3491 	EXP 	text: height = np.float64(0.05)
2.3491 	EXP 	text: height = np.float64(0.05)
2.3491 	EXP 	text: text = 'Which one are you going to buy?'
2.3498 	EXP 	eyetracker.setRecordingState(False)
2.3583 	EXP 	text: height = np.float64(0.05)
2.3583 	EXP 	text: height = np.float64(0.05)
2.3583 	EXP 	text: height = np.float64(0.05)
2.3583 	EXP 	text: text = 'Which one are you going to buy?'
2.3590 	EXP 	eyetracker.setRecordingState(False)
2.3659 	EXP 	text: height = np.float64(0.05)
2.3659 	EXP 	text: height = np.float64(0.05)
2.3659 	EXP 	text: height = np.float64(0.05)
2.3659 	EXP 	text: text = 'Which one are you going to buy?'
2.3666 	EXP 	eyetracker.setRecordingState(False)
2.3752 	EXP 	text: height = np.float64(0.05)
2.3752 	EXP 	text: height = np.float64(0.05)
2.3752 	EXP 	text: height = np.float64(0.05)
2.3752 	EXP 	text: text = 'Which one are you going to buy?'
2.3758 	EXP 	eyetracker.setRecordingState(False)
2.3834 	EXP 	text: height = np.float64(0.05)
2.3834 	EXP 	text: height = np.float64(0.05)
2.3834 	EXP 	text: height = np.float64(0.05)
2.3834 	EXP 	text: text = 'Which one are you going to buy?'
2.3844 	EXP 	eyetracker.setRecordingState(False)
2.3915 	EXP 	text: height = np.float64(0.05)
2.3915 	EXP 	text: height = np.float64(0.05)
2.3915 	EXP 	text: height = np.float64(0.05)
2.3915 	EXP 	text: text = 'Which one are you going to buy?'
2.3924 	EXP 	eyetracker.setRecordingState(False)
2.4032 	EXP 	text: height = np.float64(0.05)
2.4032 	EXP 	text: height = np.float64(0.05)
2.4032 	EXP 	text: height = np.float64(0.05)
2.4032 	EXP 	text: text = 'Which one are you going to buy?'
2.4040 	EXP 	eyetracker.setRecordingState(False)
2.4123 	EXP 	text: height = np.float64(0.05)
2.4123 	EXP 	text: height = np.float64(0.05)
2.4123 	EXP 	text: height = np.float64(0.05)
2.4123 	EXP 	text: text = 'Which one are you going to buy?'
2.4131 	EXP 	eyetracker.setRecordingState(False)
2.4214 	EXP 	text: height = np.float64(0.05)
2.4214 	EXP 	text: height = np.float64(0.05)
2.4214 	EXP 	text: height = np.float64(0.05)
2.4214 	EXP 	text: text = 'Which one are you going to buy?'
2.4220 	EXP 	eyetracker.setRecordingState(False)
2.4285 	EXP 	text: height = np.float64(0.05)
2.4285 	EXP 	text: height = np.float64(0.05)
2.4285 	EXP 	text: height = np.float64(0.05)
2.4285 	EXP 	text: text = 'Which one are you going to buy?'
2.4290 	EXP 	eyetracker.setRecordingState(False)
2.4355 	EXP 	text: height = np.float64(0.05)
2.4355 	EXP 	text: height = np.float64(0.05)
2.4355 	EXP 	text: height = np.float64(0.05)
2.4355 	EXP 	text: text = 'Which one are you going to buy?'
2.4361 	EXP 	eyetracker.setRecordingState(False)
2.4425 	EXP 	text: height = np.float64(0.05)
2.4425 	EXP 	text: height = np.float64(0.05)
2.4425 	EXP 	text: height = np.float64(0.05)
2.4425 	EXP 	text: text = 'Which one are you going to buy?'
2.4430 	EXP 	eyetracker.setRecordingState(False)
2.4493 	EXP 	text: height = np.float64(0.05)
2.4493 	EXP 	text: height = np.float64(0.05)
2.4493 	EXP 	text: height = np.float64(0.05)
2.4493 	EXP 	text: text = 'Which one are you going to buy?'
2.4498 	EXP 	eyetracker.setRecordingState(False)
2.4569 	EXP 	text: height = np.float64(0.05)
2.4569 	EXP 	text: height = np.float64(0.05)
2.4569 	EXP 	text: height = np.float64(0.05)
2.4569 	EXP 	text: text = 'Which one are you going to buy?'
2.4576 	EXP 	eyetracker.setRecordingState(False)
2.4676 	EXP 	text: height = np.float64(0.05)
2.4676 	EXP 	text: height = np.float64(0.05)
2.4676 	EXP 	text: height = np.float64(0.05)
2.4676 	EXP 	text: text = 'Which one are you going to buy?'
2.4690 	EXP 	eyetracker.setRecordingState(False)
2.4809 	EXP 	text: height = np.float64(0.05)
2.4809 	EXP 	text: height = np.float64(0.05)
2.4809 	EXP 	text: height = np.float64(0.05)
2.4809 	EXP 	text: text = 'Which one are you going to buy?'
2.4820 	EXP 	eyetracker.setRecordingState(False)
2.4935 	EXP 	text: height = np.float64(0.05)
2.4935 	EXP 	text: height = np.float64(0.05)
2.4935 	EXP 	text: height = np.float64(0.05)
2.4935 	EXP 	text: text = 'Which one are you going to buy?'
2.4947 	EXP 	eyetracker.setRecordingState(False)
2.5036 	EXP 	text: height = np.float64(0.05)
2.5036 	EXP 	text: height = np.float64(0.05)
2.5036 	EXP 	text: height = np.float64(0.05)
2.5036 	EXP 	text: text = 'Which one are you going to buy?'
2.5044 	EXP 	eyetracker.setRecordingState(False)
2.5121 	EXP 	text: height = np.float64(0.05)
2.5121 	EXP 	text: height = np.float64(0.05)
2.5121 	EXP 	text: height = np.float64(0.05)
2.5121 	EXP 	text: text = 'Which one are you going to buy?'
2.5129 	EXP 	eyetracker.setRecordingState(False)
2.5206 	EXP 	text: height = np.float64(0.05)
2.5206 	EXP 	text: height = np.float64(0.05)
2.5206 	EXP 	text: height = np.float64(0.05)
2.5206 	EXP 	text: text = 'Which one are you going to buy?'
2.5216 	EXP 	eyetracker.setRecordingState(False)
2.5288 	EXP 	text: height = np.float64(0.05)
2.5288 	EXP 	text: height = np.float64(0.05)
2.5288 	EXP 	text: height = np.float64(0.05)
2.5288 	EXP 	text: text = 'Which one are you going to buy?'
2.5293 	EXP 	eyetracker.setRecordingState(False)
2.5368 	EXP 	text: height = np.float64(0.05)
2.5368 	EXP 	text: height = np.float64(0.05)
2.5368 	EXP 	text: height = np.float64(0.05)
2.5368 	EXP 	text: text = 'Which one are you going to buy?'
2.5378 	EXP 	eyetracker.setRecordingState(False)
2.5447 	EXP 	text: height = np.float64(0.05)
2.5447 	EXP 	text: height = np.float64(0.05)
2.5447 	EXP 	text: height = np.float64(0.05)
2.5447 	EXP 	text: text = 'Which one are you going to buy?'
2.5453 	EXP 	eyetracker.setRecordingState(False)
2.5525 	EXP 	text: height = np.float64(0.05)
2.5525 	EXP 	text: height = np.float64(0.05)
2.5525 	EXP 	text: height = np.float64(0.05)
2.5525 	EXP 	text: text = 'Which one are you going to buy?'
2.5533 	EXP 	eyetracker.setRecordingState(False)
2.5603 	EXP 	text: height = np.float64(0.05)
2.5603 	EXP 	text: height = np.float64(0.05)
2.5603 	EXP 	text: height = np.float64(0.05)
2.5603 	EXP 	text: text = 'Which one are you going to buy?'
2.5609 	EXP 	eyetracker.setRecordingState(False)
2.5689 	EXP 	text: height = np.float64(0.05)
2.5689 	EXP 	text: height = np.float64(0.05)
2.5689 	EXP 	text: height = np.float64(0.05)
2.5689 	EXP 	text: text = 'Which one are you going to buy?'
2.5697 	EXP 	eyetracker.setRecordingState(False)
2.5767 	EXP 	text: height = np.float64(0.05)
2.5767 	EXP 	text: height = np.float64(0.05)
2.5767 	EXP 	text: height = np.float64(0.05)
2.5767 	EXP 	text: text = 'Which one are you going to buy?'
2.5772 	EXP 	eyetracker.setRecordingState(False)
2.5844 	EXP 	text: height = np.float64(0.05)
2.5844 	EXP 	text: height = np.float64(0.05)
2.5844 	EXP 	text: height = np.float64(0.05)
2.5844 	EXP 	text: text = 'Which one are you going to buy?'
2.5852 	EXP 	eyetracker.setRecordingState(False)
2.5924 	EXP 	text: height = np.float64(0.05)
2.5924 	EXP 	text: height = np.float64(0.05)
2.5924 	EXP 	text: height = np.float64(0.05)
2.5924 	EXP 	text: text = 'Which one are you going to buy?'
2.5931 	EXP 	eyetracker.setRecordingState(False)
2.6001 	EXP 	text: height = np.float64(0.05)
2.6001 	EXP 	text: height = np.float64(0.05)
2.6001 	EXP 	text: height = np.float64(0.05)
2.6001 	EXP 	text: text = 'Which one are you going to buy?'
2.6010 	EXP 	eyetracker.setRecordingState(False)
2.6083 	EXP 	text: height = np.float64(0.05)
2.6083 	EXP 	text: height = np.float64(0.05)
2.6083 	EXP 	text: height = np.float64(0.05)
2.6083 	EXP 	text: text = 'Which one are you going to buy?'
2.6089 	EXP 	eyetracker.setRecordingState(False)
2.6161 	EXP 	text: height = np.float64(0.05)
2.6161 	EXP 	text: height = np.float64(0.05)
2.6161 	EXP 	text: height = np.float64(0.05)
2.6161 	EXP 	text: text = 'Which one are you going to buy?'
2.6169 	EXP 	eyetracker.setRecordingState(False)
2.6238 	EXP 	text: height = np.float64(0.05)
2.6238 	EXP 	text: height = np.float64(0.05)
2.6238 	EXP 	text: height = np.float64(0.05)
2.6238 	EXP 	text: text = 'Which one are you going to buy?'
2.6245 	EXP 	eyetracker.setRecordingState(False)
2.6313 	EXP 	text: height = np.float64(0.05)
2.6313 	EXP 	text: height = np.float64(0.05)
2.6313 	EXP 	text: height = np.float64(0.05)
2.6313 	EXP 	text: text = 'Which one are you going to buy?'
2.6321 	EXP 	eyetracker.setRecordingState(False)
2.6394 	EXP 	text: height = np.float64(0.05)
2.6394 	EXP 	text: height = np.float64(0.05)
2.6394 	EXP 	text: height = np.float64(0.05)
2.6394 	EXP 	text: text = 'Which one are you going to buy?'
2.6399 	EXP 	eyetracker.setRecordingState(False)
2.6472 	EXP 	text: height = np.float64(0.05)
2.6472 	EXP 	text: height = np.float64(0.05)
2.6472 	EXP 	text: height = np.float64(0.05)
2.6472 	EXP 	text: text = 'Which one are you going to buy?'
2.6480 	EXP 	eyetracker.setRecordingState(False)
2.6551 	EXP 	text: height = np.float64(0.05)
2.6551 	EXP 	text: height = np.float64(0.05)
2.6551 	EXP 	text: height = np.float64(0.05)
2.6551 	EXP 	text: text = 'Which one are you going to buy?'
2.6557 	EXP 	eyetracker.setRecordingState(False)
2.6625 	EXP 	text: height = np.float64(0.05)
2.6625 	EXP 	text: height = np.float64(0.05)
2.6625 	EXP 	text: height = np.float64(0.05)
2.6625 	EXP 	text: text = 'Which one are you going to buy?'
2.6633 	EXP 	eyetracker.setRecordingState(False)
2.6702 	EXP 	text: height = np.float64(0.05)
2.6702 	EXP 	text: height = np.float64(0.05)
2.6702 	EXP 	text: height = np.float64(0.05)
2.6702 	EXP 	text: text = 'Which one are you going to buy?'
2.6709 	EXP 	eyetracker.setRecordingState(False)
2.6782 	EXP 	text: height = np.float64(0.05)
2.6782 	EXP 	text: height = np.float64(0.05)
2.6782 	EXP 	text: height = np.float64(0.05)
2.6782 	EXP 	text: text = 'Which one are you going to buy?'
2.6790 	EXP 	eyetracker.setRecordingState(False)
2.6858 	EXP 	text: height = np.float64(0.05)
2.6858 	EXP 	text: height = np.float64(0.05)
2.6858 	EXP 	text: height = np.float64(0.05)
2.6858 	EXP 	text: text = 'Which one are you going to buy?'
2.6864 	EXP 	eyetracker.setRecordingState(False)
2.6933 	EXP 	text: height = np.float64(0.05)
2.6933 	EXP 	text: height = np.float64(0.05)
2.6933 	EXP 	text: height = np.float64(0.05)
2.6933 	EXP 	text: text = 'Which one are you going to buy?'
2.6943 	EXP 	eyetracker.setRecordingState(False)
2.7014 	EXP 	text: height = np.float64(0.05)
2.7014 	EXP 	text: height = np.float64(0.05)
2.7014 	EXP 	text: height = np.float64(0.05)
2.7014 	EXP 	text: text = 'Which one are you going to buy?'
2.7020 	EXP 	eyetracker.setRecordingState(False)
2.7095 	EXP 	text: height = np.float64(0.05)
2.7095 	EXP 	text: height = np.float64(0.05)
2.7095 	EXP 	text: height = np.float64(0.05)
2.7095 	EXP 	text: text = 'Which one are you going to buy?'
2.7103 	EXP 	eyetracker.setRecordingState(False)
2.7174 	EXP 	text: height = np.float64(0.05)
2.7174 	EXP 	text: height = np.float64(0.05)
2.7174 	EXP 	text: height = np.float64(0.05)
2.7174 	EXP 	text: text = 'Which one are you going to buy?'
2.7181 	EXP 	eyetracker.setRecordingState(False)
2.7251 	EXP 	text: height = np.float64(0.05)
2.7251 	EXP 	text: height = np.float64(0.05)
2.7251 	EXP 	text: height = np.float64(0.05)
2.7251 	EXP 	text: text = 'Which one are you going to buy?'
2.7260 	EXP 	eyetracker.setRecordingState(False)
2.7331 	EXP 	text: height = np.float64(0.05)
2.7331 	EXP 	text: height = np.float64(0.05)
2.7331 	EXP 	text: height = np.float64(0.05)
2.7331 	EXP 	text: text = 'Which one are you going to buy?'
2.7336 	EXP 	eyetracker.setRecordingState(False)
2.7414 	EXP 	text: height = np.float64(0.05)
2.7414 	EXP 	text: height = np.float64(0.05)
2.7414 	EXP 	text: height = np.float64(0.05)
2.7414 	EXP 	text: text = 'Which one are you going to buy?'
2.7422 	EXP 	eyetracker.setRecordingState(False)
2.7495 	EXP 	text: height = np.float64(0.05)
2.7495 	EXP 	text: height = np.float64(0.05)
2.7495 	EXP 	text: height = np.float64(0.05)
2.7495 	EXP 	text: text = 'Which one are you going to buy?'
2.7501 	EXP 	eyetracker.setRecordingState(False)
2.7572 	EXP 	text: height = np.float64(0.05)
2.7572 	EXP 	text: height = np.float64(0.05)
2.7572 	EXP 	text: height = np.float64(0.05)
2.7572 	EXP 	text: text = 'Which one are you going to buy?'
2.7580 	EXP 	eyetracker.setRecordingState(False)
2.7650 	EXP 	text: height = np.float64(0.05)
2.7650 	EXP 	text: height = np.float64(0.05)
2.7650 	EXP 	text: height = np.float64(0.05)
2.7650 	EXP 	text: text = 'Which one are you going to buy?'
2.7658 	EXP 	eyetracker.setRecordingState(False)
2.7732 	EXP 	text: height = np.float64(0.05)
2.7732 	EXP 	text: height = np.float64(0.05)
2.7732 	EXP 	text: height = np.float64(0.05)
2.7732 	EXP 	text: text = 'Which one are you going to buy?'
2.7739 	EXP 	eyetracker.setRecordingState(False)
2.7812 	EXP 	text: height = np.float64(0.05)
2.7812 	EXP 	text: height = np.float64(0.05)
2.7812 	EXP 	text: height = np.float64(0.05)
2.7812 	EXP 	text: text = 'Which one are you going to buy?'
2.7818 	EXP 	eyetracker.setRecordingState(False)
2.7887 	EXP 	text: height = np.float64(0.05)
2.7887 	EXP 	text: height = np.float64(0.05)
2.7887 	EXP 	text: height = np.float64(0.05)
2.7887 	EXP 	text: text = 'Which one are you going to buy?'
2.7895 	EXP 	eyetracker.setRecordingState(False)
2.7964 	EXP 	text: height = np.float64(0.05)
2.7964 	EXP 	text: height = np.float64(0.05)
2.7964 	EXP 	text: height = np.float64(0.05)
2.7964 	EXP 	text: text = 'Which one are you going to buy?'
2.7971 	EXP 	eyetracker.setRecordingState(False)
2.8041 	EXP 	text: height = np.float64(0.05)
2.8041 	EXP 	text: height = np.float64(0.05)
2.8041 	EXP 	text: height = np.float64(0.05)
2.8041 	EXP 	text: text = 'Which one are you going to buy?'
2.8052 	EXP 	eyetracker.setRecordingState(False)
2.8122 	EXP 	text: height = np.float64(0.05)
2.8122 	EXP 	text: height = np.float64(0.05)
2.8122 	EXP 	text: height = np.float64(0.05)
2.8122 	EXP 	text: text = 'Which one are you going to buy?'
2.8129 	EXP 	eyetracker.setRecordingState(False)
2.8203 	EXP 	text: height = np.float64(0.05)
2.8203 	EXP 	text: height = np.float64(0.05)
2.8203 	EXP 	text: height = np.float64(0.05)
2.8203 	EXP 	text: text = 'Which one are you going to buy?'
2.8212 	EXP 	eyetracker.setRecordingState(False)
2.8280 	EXP 	text: height = np.float64(0.05)
2.8280 	EXP 	text: height = np.float64(0.05)
2.8280 	EXP 	text: height = np.float64(0.05)
2.8280 	EXP 	text: text = 'Which one are you going to buy?'
2.8286 	EXP 	eyetracker.setRecordingState(False)
2.8359 	EXP 	text: height = np.float64(0.05)
2.8359 	EXP 	text: height = np.float64(0.05)
2.8359 	EXP 	text: height = np.float64(0.05)
2.8359 	EXP 	text: text = 'Which one are you going to buy?'
2.8370 	EXP 	eyetracker.setRecordingState(False)
2.8439 	EXP 	text: height = np.float64(0.05)
2.8439 	EXP 	text: height = np.float64(0.05)
2.8439 	EXP 	text: height = np.float64(0.05)
2.8439 	EXP 	text: text = 'Which one are you going to buy?'
2.8444 	EXP 	eyetracker.setRecordingState(False)
2.8518 	EXP 	text: height = np.float64(0.05)
2.8518 	EXP 	text: height = np.float64(0.05)
2.8518 	EXP 	text: height = np.float64(0.05)
2.8518 	EXP 	text: text = 'Which one are you going to buy?'
2.8526 	EXP 	eyetracker.setRecordingState(False)
2.8595 	EXP 	text: height = np.float64(0.05)
2.8595 	EXP 	text: height = np.float64(0.05)
2.8595 	EXP 	text: height = np.float64(0.05)
2.8595 	EXP 	text: text = 'Which one are you going to buy?'
2.8602 	EXP 	eyetracker.setRecordingState(False)
2.8673 	EXP 	text: height = np.float64(0.05)
2.8673 	EXP 	text: height = np.float64(0.05)
2.8673 	EXP 	text: height = np.float64(0.05)
2.8673 	EXP 	text: text = 'Which one are you going to buy?'
2.8681 	EXP 	eyetracker.setRecordingState(False)
2.8751 	EXP 	text: height = np.float64(0.05)
2.8751 	EXP 	text: height = np.float64(0.05)
2.8751 	EXP 	text: height = np.float64(0.05)
2.8751 	EXP 	text: text = 'Which one are you going to buy?'
2.8757 	EXP 	eyetracker.setRecordingState(False)
2.8833 	EXP 	text: height = np.float64(0.05)
2.8833 	EXP 	text: height = np.float64(0.05)
2.8833 	EXP 	text: height = np.float64(0.05)
2.8833 	EXP 	text: text = 'Which one are you going to buy?'
2.8843 	EXP 	eyetracker.setRecordingState(False)
2.8913 	EXP 	text: height = np.float64(0.05)
2.8913 	EXP 	text: height = np.float64(0.05)
2.8913 	EXP 	text: height = np.float64(0.05)
2.8913 	EXP 	text: text = 'Which one are you going to buy?'
2.8919 	EXP 	eyetracker.setRecordingState(False)
2.8991 	EXP 	text: height = np.float64(0.05)
2.8991 	EXP 	text: height = np.float64(0.05)
2.8991 	EXP 	text: height = np.float64(0.05)
2.8991 	EXP 	text: text = 'Which one are you going to buy?'
2.9000 	EXP 	eyetracker.setRecordingState(False)
2.9066 	EXP 	text: height = np.float64(0.05)
2.9066 	EXP 	text: height = np.float64(0.05)
2.9066 	EXP 	text: height = np.float64(0.05)
2.9066 	EXP 	text: text = 'Which one are you going to buy?'
2.9073 	EXP 	eyetracker.setRecordingState(False)
2.9159 	EXP 	text: height = np.float64(0.05)
2.9159 	EXP 	text: height = np.float64(0.05)
2.9159 	EXP 	text: height = np.float64(0.05)
2.9159 	EXP 	text: text = 'Which one are you going to buy?'
2.9167 	EXP 	eyetracker.setRecordingState(False)
2.9263 	EXP 	text: height = np.float64(0.05)
2.9263 	EXP 	text: height = np.float64(0.05)
2.9263 	EXP 	text: height = np.float64(0.05)
2.9263 	EXP 	text: text = 'Which one are you going to buy?'
2.9270 	EXP 	eyetracker.setRecordingState(False)
2.9358 	EXP 	text: height = np.float64(0.05)
2.9358 	EXP 	text: height = np.float64(0.05)
2.9358 	EXP 	text: height = np.float64(0.05)
2.9358 	EXP 	text: text = 'Which one are you going to buy?'
2.9365 	EXP 	eyetracker.setRecordingState(False)
2.9450 	EXP 	text: height = np.float64(0.05)
2.9450 	EXP 	text: height = np.float64(0.05)
2.9450 	EXP 	text: height = np.float64(0.05)
2.9450 	EXP 	text: text = 'Which one are you going to buy?'
2.9457 	EXP 	eyetracker.setRecordingState(False)
2.9545 	EXP 	text: height = np.float64(0.05)
2.9545 	EXP 	text: height = np.float64(0.05)
2.9545 	EXP 	text: height = np.float64(0.05)
2.9545 	EXP 	text: text = 'Which one are you going to buy?'
2.9554 	EXP 	eyetracker.setRecordingState(False)
2.9628 	EXP 	text: height = np.float64(0.05)
2.9628 	EXP 	text: height = np.float64(0.05)
2.9628 	EXP 	text: height = np.float64(0.05)
2.9628 	EXP 	text: text = 'Which one are you going to buy?'
2.9635 	EXP 	eyetracker.setRecordingState(False)
2.9716 	EXP 	text: height = np.float64(0.05)
2.9716 	EXP 	text: height = np.float64(0.05)
2.9716 	EXP 	text: height = np.float64(0.05)
2.9716 	EXP 	text: text = 'Which one are you going to buy?'
2.9722 	EXP 	eyetracker.setRecordingState(False)
2.9800 	EXP 	text: height = np.float64(0.05)
2.9800 	EXP 	text: height = np.float64(0.05)
2.9800 	EXP 	text: height = np.float64(0.05)
2.9800 	EXP 	text: text = 'Which one are you going to buy?'
2.9806 	EXP 	eyetracker.setRecordingState(False)
2.9876 	EXP 	text: height = np.float64(0.05)
2.9876 	EXP 	text: height = np.float64(0.05)
2.9876 	EXP 	text: height = np.float64(0.05)
2.9876 	EXP 	text: text = 'Which one are you going to buy?'
2.9883 	EXP 	eyetracker.setRecordingState(False)
2.9951 	EXP 	text: height = np.float64(0.05)
2.9951 	EXP 	text: height = np.float64(0.05)
2.9951 	EXP 	text: height = np.float64(0.05)
2.9951 	EXP 	text: text = 'Which one are you going to buy?'
2.9958 	EXP 	eyetracker.setRecordingState(False)
3.0042 	EXP 	text: height = np.float64(0.05)
3.0042 	EXP 	text: height = np.float64(0.05)
3.0042 	EXP 	text: height = np.float64(0.05)
3.0042 	EXP 	text: text = 'Which one are you going to buy?'
3.0048 	EXP 	eyetracker.setRecordingState(False)
3.0127 	EXP 	text: height = np.float64(0.05)
3.0127 	EXP 	text: height = np.float64(0.05)
3.0127 	EXP 	text: height = np.float64(0.05)
3.0127 	EXP 	text: text = 'Which one are you going to buy?'
3.0136 	EXP 	eyetracker.setRecordingState(False)
3.0254 	EXP 	text: height = np.float64(0.05)
3.0254 	EXP 	text: height = np.float64(0.05)
3.0254 	EXP 	text: height = np.float64(0.05)
3.0254 	EXP 	text: text = 'Which one are you going to buy?'
3.0265 	EXP 	eyetracker.setRecordingState(False)
3.0371 	EXP 	text: height = np.float64(0.05)
3.0371 	EXP 	text: height = np.float64(0.05)
3.0371 	EXP 	text: height = np.float64(0.05)
3.0371 	EXP 	text: text = 'Which one are you going to buy?'
3.0381 	EXP 	eyetracker.setRecordingState(False)
3.0504 	EXP 	text: height = np.float64(0.05)
3.0504 	EXP 	text: height = np.float64(0.05)
3.0504 	EXP 	text: height = np.float64(0.05)
3.0504 	EXP 	text: text = 'Which one are you going to buy?'
3.0519 	EXP 	eyetracker.setRecordingState(False)
3.0657 	EXP 	text: height = np.float64(0.05)
3.0657 	EXP 	text: height = np.float64(0.05)
3.0657 	EXP 	text: height = np.float64(0.05)
3.0657 	EXP 	text: text = 'Which one are you going to buy?'
3.0672 	EXP 	eyetracker.setRecordingState(False)
3.0821 	EXP 	text: height = np.float64(0.05)
3.0821 	EXP 	text: height = np.float64(0.05)
3.0821 	EXP 	text: height = np.float64(0.05)
3.0821 	EXP 	text: text = 'Which one are you going to buy?'
3.0836 	EXP 	eyetracker.setRecordingState(False)
3.0955 	EXP 	text: height = np.float64(0.05)
3.0955 	EXP 	text: height = np.float64(0.05)
3.0955 	EXP 	text: height = np.float64(0.05)
3.0955 	EXP 	text: text = 'Which one are you going to buy?'
3.0965 	EXP 	eyetracker.setRecordingState(False)
3.1068 	EXP 	text: height = np.float64(0.05)
3.1068 	EXP 	text: height = np.float64(0.05)
3.1068 	EXP 	text: height = np.float64(0.05)
3.1068 	EXP 	text: text = 'Which one are you going to buy?'
3.1079 	EXP 	eyetracker.setRecordingState(False)
3.1209 	EXP 	text: height = np.float64(0.05)
3.1209 	EXP 	text: height = np.float64(0.05)
3.1209 	EXP 	text: height = np.float64(0.05)
3.1209 	EXP 	text: text = 'Which one are you going to buy?'
3.1229 	EXP 	eyetracker.setRecordingState(False)
3.1390 	EXP 	text: height = np.float64(0.05)
3.1390 	EXP 	text: height = np.float64(0.05)
3.1390 	EXP 	text: height = np.float64(0.05)
3.1390 	EXP 	text: text = 'Which one are you going to buy?'
3.1410 	EXP 	eyetracker.setRecordingState(False)
3.1604 	EXP 	text: height = np.float64(0.05)
3.1604 	EXP 	text: height = np.float64(0.05)
3.1604 	EXP 	text: height = np.float64(0.05)
3.1604 	EXP 	text: text = 'Which one are you going to buy?'
3.1617 	EXP 	eyetracker.setRecordingState(False)
3.1746 	EXP 	text: height = np.float64(0.05)
3.1746 	EXP 	text: height = np.float64(0.05)
3.1746 	EXP 	text: height = np.float64(0.05)
3.1746 	EXP 	text: text = 'Which one are you going to buy?'
3.1763 	EXP 	eyetracker.setRecordingState(False)
3.1897 	EXP 	text: height = np.float64(0.05)
3.1897 	EXP 	text: height = np.float64(0.05)
3.1897 	EXP 	text: height = np.float64(0.05)
3.1897 	EXP 	text: text = 'Which one are you going to buy?'
3.1918 	EXP 	eyetracker.setRecordingState(False)
3.2126 	EXP 	text: height = np.float64(0.05)
3.2126 	EXP 	text: height = np.float64(0.05)
3.2126 	EXP 	text: height = np.float64(0.05)
3.2126 	EXP 	text: text = 'Which one are you going to buy?'
3.2145 	EXP 	eyetracker.setRecordingState(False)
3.2287 	EXP 	text: height = np.float64(0.05)
3.2287 	EXP 	text: height = np.float64(0.05)
3.2287 	EXP 	text: height = np.float64(0.05)
3.2287 	EXP 	text: text = 'Which one are you going to buy?'
3.2302 	EXP 	eyetracker.setRecordingState(False)
3.2435 	EXP 	text: height = np.float64(0.05)
3.2435 	EXP 	text: height = np.float64(0.05)
3.2435 	EXP 	text: height = np.float64(0.05)
3.2435 	EXP 	text: text = 'Which one are you going to buy?'
3.2448 	EXP 	eyetracker.setRecordingState(False)
3.2569 	EXP 	text: height = np.float64(0.05)
3.2569 	EXP 	text: height = np.float64(0.05)
3.2569 	EXP 	text: height = np.float64(0.05)
3.2569 	EXP 	text: text = 'Which one are you going to buy?'
3.2582 	EXP 	eyetracker.setRecordingState(False)
3.2736 	EXP 	text: height = np.float64(0.05)
3.2736 	EXP 	text: height = np.float64(0.05)
3.2736 	EXP 	text: height = np.float64(0.05)
3.2736 	EXP 	text: text = 'Which one are you going to buy?'
3.2751 	EXP 	eyetracker.setRecordingState(False)
3.2872 	EXP 	text: height = np.float64(0.05)
3.2872 	EXP 	text: height = np.float64(0.05)
3.2872 	EXP 	text: height = np.float64(0.05)
3.2872 	EXP 	text: text = 'Which one are you going to buy?'
3.2882 	EXP 	eyetracker.setRecordingState(False)
3.2988 	EXP 	text: height = np.float64(0.05)
3.2988 	EXP 	text: height = np.float64(0.05)
3.2988 	EXP 	text: height = np.float64(0.05)
3.2988 	EXP 	text: text = 'Which one are you going to buy?'
3.2999 	EXP 	eyetracker.setRecordingState(False)
3.3120 	EXP 	text: height = np.float64(0.05)
3.3120 	EXP 	text: height = np.float64(0.05)
3.3120 	EXP 	text: height = np.float64(0.05)
3.3120 	EXP 	text: text = 'Which one are you going to buy?'
3.3137 	EXP 	eyetracker.setRecordingState(False)
3.3267 	EXP 	text: height = np.float64(0.05)
3.3267 	EXP 	text: height = np.float64(0.05)
3.3267 	EXP 	text: height = np.float64(0.05)
3.3267 	EXP 	text: text = 'Which one are you going to buy?'
3.3289 	EXP 	eyetracker.setRecordingState(False)
3.3485 	EXP 	text: height = np.float64(0.05)
3.3485 	EXP 	text: height = np.float64(0.05)
3.3485 	EXP 	text: height = np.float64(0.05)
3.3485 	EXP 	text: text = 'Which one are you going to buy?'
3.3504 	EXP 	eyetracker.setRecordingState(False)
3.3664 	EXP 	text: height = np.float64(0.05)
3.3664 	EXP 	text: height = np.float64(0.05)
3.3664 	EXP 	text: height = np.float64(0.05)
3.3664 	EXP 	text: text = 'Which one are you going to buy?'
3.3681 	EXP 	eyetracker.setRecordingState(False)
3.3834 	EXP 	text: height = np.float64(0.05)
3.3834 	EXP 	text: height = np.float64(0.05)
3.3834 	EXP 	text: height = np.float64(0.05)
3.3834 	EXP 	text: text = 'Which one are you going to buy?'
3.3855 	EXP 	eyetracker.setRecordingState(False)
3.4029 	EXP 	text: height = np.float64(0.05)
3.4029 	EXP 	text: height = np.float64(0.05)
3.4029 	EXP 	text: height = np.float64(0.05)
3.4029 	EXP 	text: text = 'Which one are you going to buy?'
3.4044 	EXP 	eyetracker.setRecordingState(False)
3.4192 	EXP 	text: height = np.float64(0.05)
3.4192 	EXP 	text: height = np.float64(0.05)
3.4192 	EXP 	text: height = np.float64(0.05)
3.4192 	EXP 	text: text = 'Which one are you going to buy?'
3.4210 	EXP 	eyetracker.setRecordingState(False)
3.4353 	EXP 	text: height = np.float64(0.05)
3.4353 	EXP 	text: height = np.float64(0.05)
3.4353 	EXP 	text: height = np.float64(0.05)
3.4353 	EXP 	text: text = 'Which one are you going to buy?'
3.4371 	EXP 	eyetracker.setRecordingState(False)
3.4501 	EXP 	text: height = np.float64(0.05)
3.4501 	EXP 	text: height = np.float64(0.05)
3.4501 	EXP 	text: height = np.float64(0.05)
3.4501 	EXP 	text: text = 'Which one are you going to buy?'
3.4513 	EXP 	eyetracker.setRecordingState(False)
3.4649 	EXP 	text: height = np.float64(0.05)
3.4649 	EXP 	text: height = np.float64(0.05)
3.4649 	EXP 	text: height = np.float64(0.05)
3.4649 	EXP 	text: text = 'Which one are you going to buy?'
3.4662 	EXP 	eyetracker.setRecordingState(False)
3.4814 	EXP 	text: height = np.float64(0.05)
3.4814 	EXP 	text: height = np.float64(0.05)
3.4814 	EXP 	text: height = np.float64(0.05)
3.4814 	EXP 	text: text = 'Which one are you going to buy?'
3.4828 	EXP 	eyetracker.setRecordingState(False)
3.4977 	EXP 	text: height = np.float64(0.05)
3.4977 	EXP 	text: height = np.float64(0.05)
3.4977 	EXP 	text: height = np.float64(0.05)
3.4977 	EXP 	text: text = 'Which one are you going to buy?'
3.4998 	EXP 	eyetracker.setRecordingState(False)
3.5181 	EXP 	text: height = np.float64(0.05)
3.5181 	EXP 	text: height = np.float64(0.05)
3.5181 	EXP 	text: height = np.float64(0.05)
3.5181 	EXP 	text: text = 'Which one are you going to buy?'
3.5195 	EXP 	eyetracker.setRecordingState(False)
3.5341 	EXP 	text: height = np.float64(0.05)
3.5341 	EXP 	text: height = np.float64(0.05)
3.5341 	EXP 	text: height = np.float64(0.05)
3.5341 	EXP 	text: text = 'Which one are you going to buy?'
3.5355 	EXP 	eyetracker.setRecordingState(False)
3.5531 	EXP 	text: height = np.float64(0.05)
3.5531 	EXP 	text: height = np.float64(0.05)
3.5531 	EXP 	text: height = np.float64(0.05)
3.5531 	EXP 	text: text = 'Which one are you going to buy?'
3.5547 	EXP 	eyetracker.setRecordingState(False)
3.5685 	EXP 	text: height = np.float64(0.05)
3.5685 	EXP 	text: height = np.float64(0.05)
3.5685 	EXP 	text: height = np.float64(0.05)
3.5685 	EXP 	text: text = 'Which one are you going to buy?'
3.5696 	EXP 	eyetracker.setRecordingState(False)
3.5828 	EXP 	text: height = np.float64(0.05)
3.5828 	EXP 	text: height = np.float64(0.05)
3.5828 	EXP 	text: height = np.float64(0.05)
3.5828 	EXP 	text: text = 'Which one are you going to buy?'
3.5844 	EXP 	eyetracker.setRecordingState(False)
3.5990 	EXP 	text: height = np.float64(0.05)
3.5990 	EXP 	text: height = np.float64(0.05)
3.5990 	EXP 	text: height = np.float64(0.05)
3.5990 	EXP 	text: text = 'Which one are you going to buy?'
3.6004 	EXP 	eyetracker.setRecordingState(False)
3.6144 	EXP 	text: height = np.float64(0.05)
3.6144 	EXP 	text: height = np.float64(0.05)
3.6144 	EXP 	text: height = np.float64(0.05)
3.6144 	EXP 	text: text = 'Which one are you going to buy?'
3.6164 	EXP 	eyetracker.setRecordingState(False)
3.6309 	EXP 	text: height = np.float64(0.05)
3.6309 	EXP 	text: height = np.float64(0.05)
3.6309 	EXP 	text: height = np.float64(0.05)
3.6309 	EXP 	text: text = 'Which one are you going to buy?'
3.6325 	EXP 	eyetracker.setRecordingState(False)
3.6470 	EXP 	text: height = np.float64(0.05)
3.6470 	EXP 	text: height = np.float64(0.05)
3.6470 	EXP 	text: height = np.float64(0.05)
3.6470 	EXP 	text: text = 'Which one are you going to buy?'
3.6489 	EXP 	eyetracker.setRecordingState(False)
3.6650 	EXP 	text: height = np.float64(0.05)
3.6650 	EXP 	text: height = np.float64(0.05)
3.6650 	EXP 	text: height = np.float64(0.05)
3.6650 	EXP 	text: text = 'Which one are you going to buy?'
3.6666 	EXP 	eyetracker.setRecordingState(False)
3.6866 	EXP 	text: height = np.float64(0.05)
3.6866 	EXP 	text: height = np.float64(0.05)
3.6866 	EXP 	text: height = np.float64(0.05)
3.6866 	EXP 	text: text = 'Which one are you going to buy?'
3.6885 	EXP 	eyetracker.setRecordingState(False)
3.7065 	EXP 	text: height = np.float64(0.05)
3.7065 	EXP 	text: height = np.float64(0.05)
3.7065 	EXP 	text: height = np.float64(0.05)
3.7065 	EXP 	text: text = 'Which one are you going to buy?'
3.7080 	EXP 	eyetracker.setRecordingState(False)
3.7224 	EXP 	text: height = np.float64(0.05)
3.7224 	EXP 	text: height = np.float64(0.05)
3.7224 	EXP 	text: height = np.float64(0.05)
3.7224 	EXP 	text: text = 'Which one are you going to buy?'
3.7233 	EXP 	eyetracker.setRecordingState(False)
3.7339 	EXP 	text: height = np.float64(0.05)
3.7339 	EXP 	text: height = np.float64(0.05)
3.7339 	EXP 	text: height = np.float64(0.05)
3.7339 	EXP 	text: text = 'Which one are you going to buy?'
3.7348 	EXP 	eyetracker.setRecordingState(False)
3.7453 	EXP 	text: height = np.float64(0.05)
3.7453 	EXP 	text: height = np.float64(0.05)
3.7453 	EXP 	text: height = np.float64(0.05)
3.7453 	EXP 	text: text = 'Which one are you going to buy?'
3.7463 	EXP 	eyetracker.setRecordingState(False)
3.7551 	EXP 	text: height = np.float64(0.05)
3.7551 	EXP 	text: height = np.float64(0.05)
3.7551 	EXP 	text: height = np.float64(0.05)
3.7551 	EXP 	text: text = 'Which one are you going to buy?'
3.7560 	EXP 	eyetracker.setRecordingState(False)
3.7661 	EXP 	text: height = np.float64(0.05)
3.7661 	EXP 	text: height = np.float64(0.05)
3.7661 	EXP 	text: height = np.float64(0.05)
3.7661 	EXP 	text: text = 'Which one are you going to buy?'
3.7671 	EXP 	eyetracker.setRecordingState(False)
3.7807 	EXP 	text: height = np.float64(0.05)
3.7807 	EXP 	text: height = np.float64(0.05)
3.7807 	EXP 	text: height = np.float64(0.05)
3.7807 	EXP 	text: text = 'Which one are you going to buy?'
3.7823 	EXP 	eyetracker.setRecordingState(False)
3.7967 	EXP 	text: height = np.float64(0.05)
3.7967 	EXP 	text: height = np.float64(0.05)
3.7967 	EXP 	text: height = np.float64(0.05)
3.7967 	EXP 	text: text = 'Which one are you going to buy?'
3.7987 	EXP 	eyetracker.setRecordingState(False)
3.8137 	EXP 	text: height = np.float64(0.05)
3.8137 	EXP 	text: height = np.float64(0.05)
3.8137 	EXP 	text: height = np.float64(0.05)
3.8137 	EXP 	text: text = 'Which one are you going to buy?'
3.8162 	EXP 	eyetracker.setRecordingState(False)
3.8331 	EXP 	text: height = np.float64(0.05)
3.8331 	EXP 	text: height = np.float64(0.05)
3.8331 	EXP 	text: height = np.float64(0.05)
3.8331 	EXP 	text: text = 'Which one are you going to buy?'
3.8356 	EXP 	eyetracker.setRecordingState(False)
3.8552 	EXP 	text: height = np.float64(0.05)
3.8552 	EXP 	text: height = np.float64(0.05)
3.8552 	EXP 	text: height = np.float64(0.05)
3.8552 	EXP 	text: text = 'Which one are you going to buy?'
3.8569 	EXP 	eyetracker.setRecordingState(False)
3.8728 	EXP 	text: height = np.float64(0.05)
3.8728 	EXP 	text: height = np.float64(0.05)
3.8728 	EXP 	text: height = np.float64(0.05)
3.8728 	EXP 	text: text = 'Which one are you going to buy?'
3.8744 	EXP 	eyetracker.setRecordingState(False)
3.8884 	EXP 	text: height = np.float64(0.05)
3.8884 	EXP 	text: height = np.float64(0.05)
3.8884 	EXP 	text: height = np.float64(0.05)
3.8884 	EXP 	text: text = 'Which one are you going to buy?'
3.8899 	EXP 	eyetracker.setRecordingState(False)
3.9076 	EXP 	text: height = np.float64(0.05)
3.9076 	EXP 	text: height = np.float64(0.05)
3.9076 	EXP 	text: height = np.float64(0.05)
3.9076 	EXP 	text: text = 'Which one are you going to buy?'
3.9094 	EXP 	eyetracker.setRecordingState(False)
3.9225 	EXP 	text: height = np.float64(0.05)
3.9225 	EXP 	text: height = np.float64(0.05)
3.9225 	EXP 	text: height = np.float64(0.05)
3.9225 	EXP 	text: text = 'Which one are you going to buy?'
3.9239 	EXP 	eyetracker.setRecordingState(False)
3.9423 	EXP 	text: height = np.float64(0.05)
3.9423 	EXP 	text: height = np.float64(0.05)
3.9423 	EXP 	text: height = np.float64(0.05)
3.9423 	EXP 	text: text = 'Which one are you going to buy?'
3.9440 	EXP 	eyetracker.setRecordingState(False)
3.9592 	EXP 	text: height = np.float64(0.05)
3.9592 	EXP 	text: height = np.float64(0.05)
3.9592 	EXP 	text: height = np.float64(0.05)
3.9592 	EXP 	text: text = 'Which one are you going to buy?'
3.9649 	EXP 	eyetracker.setRecordingState(False)
3.9811 	EXP 	text: height = np.float64(0.05)
3.9811 	EXP 	text: height = np.float64(0.05)
3.9811 	EXP 	text: height = np.float64(0.05)
3.9811 	EXP 	text: text = 'Which one are you going to buy?'
3.9827 	EXP 	eyetracker.setRecordingState(False)
3.9955 	EXP 	text: height = np.float64(0.05)
3.9955 	EXP 	text: height = np.float64(0.05)
3.9955 	EXP 	text: height = np.float64(0.05)
3.9955 	EXP 	text: text = 'Which one are you going to buy?'
3.9977 	EXP 	eyetracker.setRecordingState(False)
4.0104 	EXP 	text: height = np.float64(0.05)
4.0104 	EXP 	text: height = np.float64(0.05)
4.0104 	EXP 	text: height = np.float64(0.05)
4.0104 	EXP 	text: text = 'Which one are you going to buy?'
4.0120 	EXP 	eyetracker.setRecordingState(False)
4.0269 	EXP 	text: height = np.float64(0.05)
4.0269 	EXP 	text: height = np.float64(0.05)
4.0269 	EXP 	text: height = np.float64(0.05)
4.0269 	EXP 	text: text = 'Which one are you going to buy?'
4.0289 	EXP 	eyetracker.setRecordingState(False)
4.0419 	EXP 	text: height = np.float64(0.05)
4.0419 	EXP 	text: height = np.float64(0.05)
4.0419 	EXP 	text: height = np.float64(0.05)
4.0419 	EXP 	text: text = 'Which one are you going to buy?'
4.0462 	EXP 	eyetracker.setRecordingState(False)
4.0595 	EXP 	text: height = np.float64(0.05)
4.0595 	EXP 	text: height = np.float64(0.05)
4.0595 	EXP 	text: height = np.float64(0.05)
4.0595 	EXP 	text: text = 'Which one are you going to buy?'
4.0609 	EXP 	eyetracker.setRecordingState(False)
4.0715 	EXP 	text: height = np.float64(0.05)
4.0715 	EXP 	text: height = np.float64(0.05)
4.0715 	EXP 	text: height = np.float64(0.05)
4.0715 	EXP 	text: text = 'Which one are you going to buy?'
4.0752 	EXP 	eyetracker.setRecordingState(False)
4.0869 	EXP 	text: height = np.float64(0.05)
4.0869 	EXP 	text: height = np.float64(0.05)
4.0869 	EXP 	text: height = np.float64(0.05)
4.0869 	EXP 	text: text = 'Which one are you going to buy?'
4.0883 	EXP 	eyetracker.setRecordingState(False)
4.0987 	EXP 	text: height = np.float64(0.05)
4.0987 	EXP 	text: height = np.float64(0.05)
4.0987 	EXP 	text: height = np.float64(0.05)
4.0987 	EXP 	text: text = 'Which one are you going to buy?'
4.0996 	EXP 	eyetracker.setRecordingState(False)
4.1094 	EXP 	text: height = np.float64(0.05)
4.1094 	EXP 	text: height = np.float64(0.05)
4.1094 	EXP 	text: height = np.float64(0.05)
4.1094 	EXP 	text: text = 'Which one are you going to buy?'
4.1102 	EXP 	eyetracker.setRecordingState(False)
4.1185 	EXP 	text: height = np.float64(0.05)
4.1185 	EXP 	text: height = np.float64(0.05)
4.1185 	EXP 	text: height = np.float64(0.05)
4.1185 	EXP 	text: text = 'Which one are you going to buy?'
4.1208 	EXP 	eyetracker.setRecordingState(False)
4.1315 	EXP 	text: height = np.float64(0.05)
4.1315 	EXP 	text: height = np.float64(0.05)
4.1315 	EXP 	text: height = np.float64(0.05)
4.1315 	EXP 	text: text = 'Which one are you going to buy?'
4.1336 	EXP 	eyetracker.setRecordingState(False)
4.1454 	EXP 	text: height = np.float64(0.05)
4.1454 	EXP 	text: height = np.float64(0.05)
4.1454 	EXP 	text: height = np.float64(0.05)
4.1454 	EXP 	text: text = 'Which one are you going to buy?'
4.1483 	EXP 	eyetracker.setRecordingState(False)
4.1595 	EXP 	text: height = np.float64(0.05)
4.1595 	EXP 	text: height = np.float64(0.05)
4.1595 	EXP 	text: height = np.float64(0.05)
4.1595 	EXP 	text: text = 'Which one are you going to buy?'
4.1606 	EXP 	eyetracker.setRecordingState(False)
4.1715 	EXP 	text: height = np.float64(0.05)
4.1715 	EXP 	text: height = np.float64(0.05)
4.1715 	EXP 	text: height = np.float64(0.05)
4.1715 	EXP 	text: text = 'Which one are you going to buy?'
4.1724 	EXP 	eyetracker.setRecordingState(False)
4.1822 	EXP 	text: height = np.float64(0.05)
4.1822 	EXP 	text: height = np.float64(0.05)
4.1822 	EXP 	text: height = np.float64(0.05)
4.1822 	EXP 	text: text = 'Which one are you going to buy?'
4.1834 	EXP 	eyetracker.setRecordingState(False)
4.1923 	EXP 	text: height = np.float64(0.05)
4.1923 	EXP 	text: height = np.float64(0.05)
4.1923 	EXP 	text: height = np.float64(0.05)
4.1923 	EXP 	text: text = 'Which one are you going to buy?'
4.1934 	EXP 	eyetracker.setRecordingState(False)
4.2035 	EXP 	text: height = np.float64(0.05)
4.2035 	EXP 	text: height = np.float64(0.05)
4.2035 	EXP 	text: height = np.float64(0.05)
4.2035 	EXP 	text: text = 'Which one are you going to buy?'
4.2043 	EXP 	eyetracker.setRecordingState(False)
4.2133 	EXP 	text: height = np.float64(0.05)
4.2133 	EXP 	text: height = np.float64(0.05)
4.2133 	EXP 	text: height = np.float64(0.05)
4.2133 	EXP 	text: text = 'Which one are you going to buy?'
4.2144 	EXP 	eyetracker.setRecordingState(False)
4.2268 	EXP 	text: height = np.float64(0.05)
4.2268 	EXP 	text: height = np.float64(0.05)
4.2268 	EXP 	text: height = np.float64(0.05)
4.2268 	EXP 	text: text = 'Which one are you going to buy?'
4.2275 	EXP 	eyetracker.setRecordingState(False)
4.2354 	EXP 	text: height = np.float64(0.05)
4.2354 	EXP 	text: height = np.float64(0.05)
4.2354 	EXP 	text: height = np.float64(0.05)
4.2354 	EXP 	text: text = 'Which one are you going to buy?'
4.2362 	EXP 	eyetracker.setRecordingState(False)
4.2440 	EXP 	text: height = np.float64(0.05)
4.2440 	EXP 	text: height = np.float64(0.05)
4.2440 	EXP 	text: height = np.float64(0.05)
4.2440 	EXP 	text: text = 'Which one are you going to buy?'
4.2449 	EXP 	eyetracker.setRecordingState(False)
4.2550 	EXP 	text: height = np.float64(0.05)
4.2550 	EXP 	text: height = np.float64(0.05)
4.2550 	EXP 	text: height = np.float64(0.05)
4.2550 	EXP 	text: text = 'Which one are you going to buy?'
4.2557 	EXP 	eyetracker.setRecordingState(False)
4.2649 	EXP 	text: height = np.float64(0.05)
4.2649 	EXP 	text: height = np.float64(0.05)
4.2649 	EXP 	text: height = np.float64(0.05)
4.2649 	EXP 	text: text = 'Which one are you going to buy?'
4.2658 	EXP 	eyetracker.setRecordingState(False)
4.2733 	EXP 	text: height = np.float64(0.05)
4.2733 	EXP 	text: height = np.float64(0.05)
4.2733 	EXP 	text: height = np.float64(0.05)
4.2733 	EXP 	text: text = 'Which one are you going to buy?'
4.2742 	EXP 	eyetracker.setRecordingState(False)
4.2852 	EXP 	text: height = np.float64(0.05)
4.2852 	EXP 	text: height = np.float64(0.05)
4.2852 	EXP 	text: height = np.float64(0.05)
4.2852 	EXP 	text: text = 'Which one are you going to buy?'
4.2863 	EXP 	eyetracker.setRecordingState(False)
4.2944 	EXP 	text: height = np.float64(0.05)
4.2944 	EXP 	text: height = np.float64(0.05)
4.2944 	EXP 	text: height = np.float64(0.05)
4.2944 	EXP 	text: text = 'Which one are you going to buy?'
4.2975 	EXP 	eyetracker.setRecordingState(False)
4.3066 	EXP 	text: height = np.float64(0.05)
4.3066 	EXP 	text: height = np.float64(0.05)
4.3066 	EXP 	text: height = np.float64(0.05)
4.3066 	EXP 	text: text = 'Which one are you going to buy?'
4.3110 	EXP 	eyetracker.setRecordingState(False)
4.3224 	EXP 	text: height = np.float64(0.05)
4.3224 	EXP 	text: height = np.float64(0.05)
4.3224 	EXP 	text: height = np.float64(0.05)
4.3224 	EXP 	text: text = 'Which one are you going to buy?'
4.3233 	EXP 	eyetracker.setRecordingState(False)
4.3339 	EXP 	text: height = np.float64(0.05)
4.3339 	EXP 	text: height = np.float64(0.05)
4.3339 	EXP 	text: height = np.float64(0.05)
4.3339 	EXP 	text: text = 'Which one are you going to buy?'
4.3364 	EXP 	eyetracker.setRecordingState(False)
4.3478 	EXP 	text: height = np.float64(0.05)
4.3478 	EXP 	text: height = np.float64(0.05)
4.3478 	EXP 	text: height = np.float64(0.05)
4.3478 	EXP 	text: text = 'Which one are you going to buy?'
4.3493 	EXP 	eyetracker.setRecordingState(False)
4.3623 	EXP 	text: height = np.float64(0.05)
4.3623 	EXP 	text: height = np.float64(0.05)
4.3623 	EXP 	text: height = np.float64(0.05)
4.3623 	EXP 	text: text = 'Which one are you going to buy?'
4.3637 	EXP 	eyetracker.setRecordingState(False)
4.3740 	EXP 	text: height = np.float64(0.05)
4.3740 	EXP 	text: height = np.float64(0.05)
4.3740 	EXP 	text: height = np.float64(0.05)
4.3740 	EXP 	text: text = 'Which one are you going to buy?'
4.3756 	EXP 	eyetracker.setRecordingState(False)
4.3873 	EXP 	text: height = np.float64(0.05)
4.3873 	EXP 	text: height = np.float64(0.05)
4.3873 	EXP 	text: height = np.float64(0.05)
4.3873 	EXP 	text: text = 'Which one are you going to buy?'
4.3894 	EXP 	eyetracker.setRecordingState(False)
4.4023 	EXP 	text: height = np.float64(0.05)
4.4023 	EXP 	text: height = np.float64(0.05)
4.4023 	EXP 	text: height = np.float64(0.05)
4.4023 	EXP 	text: text = 'Which one are you going to buy?'
4.4037 	EXP 	eyetracker.setRecordingState(False)
4.4166 	EXP 	text: height = np.float64(0.05)
4.4166 	EXP 	text: height = np.float64(0.05)
4.4166 	EXP 	text: height = np.float64(0.05)
4.4166 	EXP 	text: text = 'Which one are you going to buy?'
4.4176 	EXP 	eyetracker.setRecordingState(False)
4.4278 	EXP 	text: height = np.float64(0.05)
4.4278 	EXP 	text: height = np.float64(0.05)
4.4278 	EXP 	text: height = np.float64(0.05)
4.4278 	EXP 	text: text = 'Which one are you going to buy?'
4.4292 	EXP 	eyetracker.setRecordingState(False)
4.4387 	EXP 	text: height = np.float64(0.05)
4.4387 	EXP 	text: height = np.float64(0.05)
4.4387 	EXP 	text: height = np.float64(0.05)
4.4387 	EXP 	text: text = 'Which one are you going to buy?'
4.4397 	EXP 	eyetracker.setRecordingState(False)
4.4490 	EXP 	text: height = np.float64(0.05)
4.4490 	EXP 	text: height = np.float64(0.05)
4.4490 	EXP 	text: height = np.float64(0.05)
4.4490 	EXP 	text: text = 'Which one are you going to buy?'
4.4503 	EXP 	eyetracker.setRecordingState(False)
4.4625 	EXP 	text: height = np.float64(0.05)
4.4625 	EXP 	text: height = np.float64(0.05)
4.4625 	EXP 	text: height = np.float64(0.05)
4.4625 	EXP 	text: text = 'Which one are you going to buy?'
4.4641 	EXP 	eyetracker.setRecordingState(False)
4.4753 	EXP 	text: height = np.float64(0.05)
4.4753 	EXP 	text: height = np.float64(0.05)
4.4753 	EXP 	text: height = np.float64(0.05)
4.4753 	EXP 	text: text = 'Which one are you going to buy?'
4.4762 	EXP 	eyetracker.setRecordingState(False)
4.4853 	EXP 	text: height = np.float64(0.05)
4.4853 	EXP 	text: height = np.float64(0.05)
4.4853 	EXP 	text: height = np.float64(0.05)
4.4853 	EXP 	text: text = 'Which one are you going to buy?'
4.4870 	EXP 	eyetracker.setRecordingState(False)
4.4978 	EXP 	text: height = np.float64(0.05)
4.4978 	EXP 	text: height = np.float64(0.05)
4.4978 	EXP 	text: height = np.float64(0.05)
4.4978 	EXP 	text: text = 'Which one are you going to buy?'
4.5007 	EXP 	eyetracker.setRecordingState(False)
4.5133 	EXP 	text: height = np.float64(0.05)
4.5133 	EXP 	text: height = np.float64(0.05)
4.5133 	EXP 	text: height = np.float64(0.05)
4.5133 	EXP 	text: text = 'Which one are you going to buy?'
4.5152 	EXP 	eyetracker.setRecordingState(False)
4.5273 	EXP 	text: height = np.float64(0.05)
4.5273 	EXP 	text: height = np.float64(0.05)
4.5273 	EXP 	text: height = np.float64(0.05)
4.5273 	EXP 	text: text = 'Which one are you going to buy?'
4.5287 	EXP 	eyetracker.setRecordingState(False)
4.5411 	EXP 	text: height = np.float64(0.05)
4.5411 	EXP 	text: height = np.float64(0.05)
4.5411 	EXP 	text: height = np.float64(0.05)
4.5411 	EXP 	text: text = 'Which one are you going to buy?'
4.5424 	EXP 	eyetracker.setRecordingState(False)
4.5574 	EXP 	text: height = np.float64(0.05)
4.5574 	EXP 	text: height = np.float64(0.05)
4.5574 	EXP 	text: height = np.float64(0.05)
4.5574 	EXP 	text: text = 'Which one are you going to buy?'
4.5597 	EXP 	eyetracker.setRecordingState(False)
4.5728 	EXP 	text: height = np.float64(0.05)
4.5728 	EXP 	text: height = np.float64(0.05)
4.5728 	EXP 	text: height = np.float64(0.05)
4.5728 	EXP 	text: text = 'Which one are you going to buy?'
4.5742 	EXP 	eyetracker.setRecordingState(False)
4.5901 	EXP 	text: height = np.float64(0.05)
4.5901 	EXP 	text: height = np.float64(0.05)
4.5901 	EXP 	text: height = np.float64(0.05)
4.5901 	EXP 	text: text = 'Which one are you going to buy?'
4.5912 	EXP 	eyetracker.setRecordingState(False)
4.6031 	EXP 	text: height = np.float64(0.05)
4.6031 	EXP 	text: height = np.float64(0.05)
4.6031 	EXP 	text: height = np.float64(0.05)
4.6031 	EXP 	text: text = 'Which one are you going to buy?'
4.6043 	EXP 	eyetracker.setRecordingState(False)
4.6162 	EXP 	text: height = np.float64(0.05)
4.6162 	EXP 	text: height = np.float64(0.05)
4.6162 	EXP 	text: height = np.float64(0.05)
4.6162 	EXP 	text: text = 'Which one are you going to buy?'
4.6178 	EXP 	eyetracker.setRecordingState(False)
4.6288 	EXP 	text: height = np.float64(0.05)
4.6288 	EXP 	text: height = np.float64(0.05)
4.6288 	EXP 	text: height = np.float64(0.05)
4.6288 	EXP 	text: text = 'Which one are you going to buy?'
4.6299 	EXP 	eyetracker.setRecordingState(False)
4.6391 	EXP 	text: height = np.float64(0.05)
4.6391 	EXP 	text: height = np.float64(0.05)
4.6391 	EXP 	text: height = np.float64(0.05)
4.6391 	EXP 	text: text = 'Which one are you going to buy?'
4.6405 	EXP 	eyetracker.setRecordingState(False)
4.6529 	EXP 	text: height = np.float64(0.05)
4.6529 	EXP 	text: height = np.float64(0.05)
4.6529 	EXP 	text: height = np.float64(0.05)
4.6529 	EXP 	text: text = 'Which one are you going to buy?'
4.6539 	EXP 	eyetracker.setRecordingState(False)
4.6638 	EXP 	text: height = np.float64(0.05)
4.6638 	EXP 	text: height = np.float64(0.05)
4.6638 	EXP 	text: height = np.float64(0.05)
4.6638 	EXP 	text: text = 'Which one are you going to buy?'
4.6651 	EXP 	eyetracker.setRecordingState(False)
4.6777 	EXP 	text: height = np.float64(0.05)
4.6777 	EXP 	text: height = np.float64(0.05)
4.6777 	EXP 	text: height = np.float64(0.05)
4.6777 	EXP 	text: text = 'Which one are you going to buy?'
4.6791 	EXP 	eyetracker.setRecordingState(False)
4.6928 	EXP 	text: height = np.float64(0.05)
4.6928 	EXP 	text: height = np.float64(0.05)
4.6928 	EXP 	text: height = np.float64(0.05)
4.6928 	EXP 	text: text = 'Which one are you going to buy?'
4.6957 	EXP 	eyetracker.setRecordingState(False)
4.7099 	EXP 	text: height = np.float64(0.05)
4.7099 	EXP 	text: height = np.float64(0.05)
4.7099 	EXP 	text: height = np.float64(0.05)
4.7099 	EXP 	text: text = 'Which one are you going to buy?'
4.7118 	EXP 	eyetracker.setRecordingState(False)
4.7259 	EXP 	text: height = np.float64(0.05)
4.7259 	EXP 	text: height = np.float64(0.05)
4.7259 	EXP 	text: height = np.float64(0.05)
4.7259 	EXP 	text: text = 'Which one are you going to buy?'
4.7274 	EXP 	eyetracker.setRecordingState(False)
4.7425 	EXP 	text: height = np.float64(0.05)
4.7425 	EXP 	text: height = np.float64(0.05)
4.7425 	EXP 	text: height = np.float64(0.05)
4.7425 	EXP 	text: text = 'Which one are you going to buy?'
4.7443 	EXP 	eyetracker.setRecordingState(False)
4.7578 	EXP 	text: height = np.float64(0.05)
4.7578 	EXP 	text: height = np.float64(0.05)
4.7578 	EXP 	text: height = np.float64(0.05)
4.7578 	EXP 	text: text = 'Which one are you going to buy?'
4.7598 	EXP 	eyetracker.setRecordingState(False)
4.7734 	EXP 	text: height = np.float64(0.05)
4.7734 	EXP 	text: height = np.float64(0.05)
4.7734 	EXP 	text: height = np.float64(0.05)
4.7734 	EXP 	text: text = 'Which one are you going to buy?'
4.7745 	EXP 	eyetracker.setRecordingState(False)
4.7857 	EXP 	text: height = np.float64(0.05)
4.7857 	EXP 	text: height = np.float64(0.05)
4.7857 	EXP 	text: height = np.float64(0.05)
4.7857 	EXP 	text: text = 'Which one are you going to buy?'
4.7869 	EXP 	eyetracker.setRecordingState(False)
4.8006 	EXP 	text: height = np.float64(0.05)
4.8006 	EXP 	text: height = np.float64(0.05)
4.8006 	EXP 	text: height = np.float64(0.05)
4.8006 	EXP 	text: text = 'Which one are you going to buy?'
4.8023 	EXP 	eyetracker.setRecordingState(False)
4.8157 	EXP 	text: height = np.float64(0.05)
4.8157 	EXP 	text: height = np.float64(0.05)
4.8157 	EXP 	text: height = np.float64(0.05)
4.8157 	EXP 	text: text = 'Which one are you going to buy?'
4.8173 	EXP 	eyetracker.setRecordingState(False)
4.8364 	EXP 	text: height = np.float64(0.05)
4.8364 	EXP 	text: height = np.float64(0.05)
4.8364 	EXP 	text: height = np.float64(0.05)
4.8364 	EXP 	text: text = 'Which one are you going to buy?'
4.8375 	EXP 	eyetracker.setRecordingState(False)
4.8521 	EXP 	text: height = np.float64(0.05)
4.8521 	EXP 	text: height = np.float64(0.05)
4.8521 	EXP 	text: height = np.float64(0.05)
4.8521 	EXP 	text: text = 'Which one are you going to buy?'
4.8539 	EXP 	eyetracker.setRecordingState(False)
4.8737 	EXP 	text: height = np.float64(0.05)
4.8737 	EXP 	text: height = np.float64(0.05)
4.8737 	EXP 	text: height = np.float64(0.05)
4.8737 	EXP 	text: text = 'Which one are you going to buy?'
4.8752 	EXP 	eyetracker.setRecordingState(False)
4.8889 	EXP 	text: height = np.float64(0.05)
4.8889 	EXP 	text: height = np.float64(0.05)
4.8889 	EXP 	text: height = np.float64(0.05)
4.8889 	EXP 	text: text = 'Which one are you going to buy?'
4.8907 	EXP 	eyetracker.setRecordingState(False)
4.9044 	EXP 	text: height = np.float64(0.05)
4.9044 	EXP 	text: height = np.float64(0.05)
4.9044 	EXP 	text: height = np.float64(0.05)
4.9044 	EXP 	text: text = 'Which one are you going to buy?'
4.9055 	EXP 	eyetracker.setRecordingState(False)
4.9170 	EXP 	text: height = np.float64(0.05)
4.9170 	EXP 	text: height = np.float64(0.05)
4.9170 	EXP 	text: height = np.float64(0.05)
4.9170 	EXP 	text: text = 'Which one are you going to buy?'
4.9187 	EXP 	eyetracker.setRecordingState(False)
4.9308 	EXP 	text: height = np.float64(0.05)
4.9308 	EXP 	text: height = np.float64(0.05)
4.9308 	EXP 	text: height = np.float64(0.05)
4.9308 	EXP 	text: text = 'Which one are you going to buy?'
4.9322 	EXP 	eyetracker.setRecordingState(False)
4.9467 	EXP 	text: height = np.float64(0.05)
4.9467 	EXP 	text: height = np.float64(0.05)
4.9467 	EXP 	text: height = np.float64(0.05)
4.9467 	EXP 	text: text = 'Which one are you going to buy?'
4.9481 	EXP 	eyetracker.setRecordingState(False)
4.9635 	EXP 	text: height = np.float64(0.05)
4.9635 	EXP 	text: height = np.float64(0.05)
4.9635 	EXP 	text: height = np.float64(0.05)
4.9635 	EXP 	text: text = 'Which one are you going to buy?'
4.9649 	EXP 	eyetracker.setRecordingState(False)
4.9831 	EXP 	text: height = np.float64(0.05)
4.9831 	EXP 	text: height = np.float64(0.05)
4.9831 	EXP 	text: height = np.float64(0.05)
4.9831 	EXP 	text: text = 'Which one are you going to buy?'
4.9847 	EXP 	eyetracker.setRecordingState(False)
5.0034 	EXP 	text: height = np.float64(0.05)
5.0034 	EXP 	text: height = np.float64(0.05)
5.0034 	EXP 	text: height = np.float64(0.05)
5.0034 	EXP 	text: text = 'Which one are you going to buy?'
5.0050 	EXP 	eyetracker.setRecordingState(False)
5.0201 	EXP 	text: height = np.float64(0.05)
5.0201 	EXP 	text: height = np.float64(0.05)
5.0201 	EXP 	text: height = np.float64(0.05)
5.0201 	EXP 	text: text = 'Which one are you going to buy?'
5.0214 	EXP 	eyetracker.setRecordingState(False)
5.0356 	EXP 	text: height = np.float64(0.05)
5.0356 	EXP 	text: height = np.float64(0.05)
5.0356 	EXP 	text: height = np.float64(0.05)
5.0356 	EXP 	text: text = 'Which one are you going to buy?'
5.0382 	EXP 	eyetracker.setRecordingState(False)
5.0579 	EXP 	text: height = np.float64(0.05)
5.0579 	EXP 	text: height = np.float64(0.05)
5.0579 	EXP 	text: height = np.float64(0.05)
5.0579 	EXP 	text: text = 'Which one are you going to buy?'
5.0597 	EXP 	eyetracker.setRecordingState(False)
5.0760 	EXP 	text: height = np.float64(0.05)
5.0760 	EXP 	text: height = np.float64(0.05)
5.0760 	EXP 	text: height = np.float64(0.05)
5.0760 	EXP 	text: text = 'Which one are you going to buy?'
5.0774 	EXP 	eyetracker.setRecordingState(False)
5.0930 	EXP 	text: height = np.float64(0.05)
5.0930 	EXP 	text: height = np.float64(0.05)
5.0930 	EXP 	text: height = np.float64(0.05)
5.0930 	EXP 	text: text = 'Which one are you going to buy?'
5.0942 	EXP 	eyetracker.setRecordingState(False)
5.1096 	EXP 	text: height = np.float64(0.05)
5.1096 	EXP 	text: height = np.float64(0.05)
5.1096 	EXP 	text: height = np.float64(0.05)
5.1096 	EXP 	text: text = 'Which one are you going to buy?'
5.1108 	EXP 	eyetracker.setRecordingState(False)
5.1232 	EXP 	text: height = np.float64(0.05)
5.1232 	EXP 	text: height = np.float64(0.05)
5.1232 	EXP 	text: height = np.float64(0.05)
5.1232 	EXP 	text: text = 'Which one are you going to buy?'
5.1240 	EXP 	eyetracker.setRecordingState(False)
5.1361 	EXP 	text: height = np.float64(0.05)
5.1361 	EXP 	text: height = np.float64(0.05)
5.1361 	EXP 	text: height = np.float64(0.05)
5.1361 	EXP 	text: text = 'Which one are you going to buy?'
5.1372 	EXP 	eyetracker.setRecordingState(False)
5.1501 	EXP 	text: height = np.float64(0.05)
5.1501 	EXP 	text: height = np.float64(0.05)
5.1501 	EXP 	text: height = np.float64(0.05)
5.1501 	EXP 	text: text = 'Which one are you going to buy?'
5.1511 	EXP 	eyetracker.setRecordingState(False)
5.1625 	EXP 	text: height = np.float64(0.05)
5.1625 	EXP 	text: height = np.float64(0.05)
5.1625 	EXP 	text: height = np.float64(0.05)
5.1625 	EXP 	text: text = 'Which one are you going to buy?'
5.1634 	EXP 	eyetracker.setRecordingState(False)
5.1726 	EXP 	text: height = np.float64(0.05)
5.1726 	EXP 	text: height = np.float64(0.05)
5.1726 	EXP 	text: height = np.float64(0.05)
5.1726 	EXP 	text: text = 'Which one are you going to buy?'
5.1733 	EXP 	eyetracker.setRecordingState(False)
5.1838 	EXP 	text: height = np.float64(0.05)
5.1838 	EXP 	text: height = np.float64(0.05)
5.1838 	EXP 	text: height = np.float64(0.05)
5.1838 	EXP 	text: text = 'Which one are you going to buy?'
5.1850 	EXP 	eyetracker.setRecordingState(False)
5.1984 	EXP 	text: height = np.float64(0.05)
5.1984 	EXP 	text: height = np.float64(0.05)
5.1984 	EXP 	text: height = np.float64(0.05)
5.1984 	EXP 	text: text = 'Which one are you going to buy?'
5.1999 	EXP 	eyetracker.setRecordingState(False)
5.2173 	EXP 	text: height = np.float64(0.05)
5.2173 	EXP 	text: height = np.float64(0.05)
5.2173 	EXP 	text: height = np.float64(0.05)
5.2173 	EXP 	text: text = 'Which one are you going to buy?'
5.2190 	EXP 	eyetracker.setRecordingState(False)
5.2349 	EXP 	text: height = np.float64(0.05)
5.2349 	EXP 	text: height = np.float64(0.05)
5.2349 	EXP 	text: height = np.float64(0.05)
5.2349 	EXP 	text: text = 'Which one are you going to buy?'
5.2364 	EXP 	eyetracker.setRecordingState(False)
5.2525 	EXP 	text: height = np.float64(0.05)
5.2525 	EXP 	text: height = np.float64(0.05)
5.2525 	EXP 	text: height = np.float64(0.05)
5.2525 	EXP 	text: text = 'Which one are you going to buy?'
5.2543 	EXP 	eyetracker.setRecordingState(False)
5.2717 	EXP 	text: height = np.float64(0.05)
5.2717 	EXP 	text: height = np.float64(0.05)
5.2717 	EXP 	text: height = np.float64(0.05)
5.2717 	EXP 	text: text = 'Which one are you going to buy?'
5.2733 	EXP 	eyetracker.setRecordingState(False)
5.2872 	EXP 	text: height = np.float64(0.05)
5.2872 	EXP 	text: height = np.float64(0.05)
5.2872 	EXP 	text: height = np.float64(0.05)
5.2872 	EXP 	text: text = 'Which one are you going to buy?'
5.2886 	EXP 	eyetracker.setRecordingState(False)
5.3056 	EXP 	text: height = np.float64(0.05)
5.3056 	EXP 	text: height = np.float64(0.05)
5.3056 	EXP 	text: height = np.float64(0.05)
5.3056 	EXP 	text: text = 'Which one are you going to buy?'
5.3075 	EXP 	eyetracker.setRecordingState(False)
5.3280 	EXP 	text: height = np.float64(0.05)
5.3280 	EXP 	text: height = np.float64(0.05)
5.3280 	EXP 	text: height = np.float64(0.05)
5.3280 	EXP 	text: text = 'Which one are you going to buy?'
5.3302 	EXP 	eyetracker.setRecordingState(False)
5.3526 	EXP 	text: height = np.float64(0.05)
5.3526 	EXP 	text: height = np.float64(0.05)
5.3526 	EXP 	text: height = np.float64(0.05)
5.3526 	EXP 	text: text = 'Which one are you going to buy?'
5.3547 	EXP 	eyetracker.setRecordingState(False)
5.3773 	EXP 	text: height = np.float64(0.05)
5.3773 	EXP 	text: height = np.float64(0.05)
5.3773 	EXP 	text: height = np.float64(0.05)
5.3773 	EXP 	text: text = 'Which one are you going to buy?'
5.3795 	EXP 	eyetracker.setRecordingState(False)
5.3992 	EXP 	text: height = np.float64(0.05)
5.3992 	EXP 	text: height = np.float64(0.05)
5.3992 	EXP 	text: height = np.float64(0.05)
5.3992 	EXP 	text: text = 'Which one are you going to buy?'
5.4012 	EXP 	eyetracker.setRecordingState(False)
5.4199 	EXP 	text: height = np.float64(0.05)
5.4199 	EXP 	text: height = np.float64(0.05)
5.4199 	EXP 	text: height = np.float64(0.05)
5.4199 	EXP 	text: text = 'Which one are you going to buy?'
5.4217 	EXP 	eyetracker.setRecordingState(False)
5.4380 	EXP 	text: height = np.float64(0.05)
5.4380 	EXP 	text: height = np.float64(0.05)
5.4380 	EXP 	text: height = np.float64(0.05)
5.4380 	EXP 	text: text = 'Which one are you going to buy?'
5.4396 	EXP 	eyetracker.setRecordingState(False)
5.4575 	EXP 	text: height = np.float64(0.05)
5.4575 	EXP 	text: height = np.float64(0.05)
5.4575 	EXP 	text: height = np.float64(0.05)
5.4575 	EXP 	text: text = 'Which one are you going to buy?'
5.4591 	EXP 	eyetracker.setRecordingState(False)
5.4757 	EXP 	text: height = np.float64(0.05)
5.4757 	EXP 	text: height = np.float64(0.05)
5.4757 	EXP 	text: height = np.float64(0.05)
5.4757 	EXP 	text: text = 'Which one are you going to buy?'
5.4775 	EXP 	eyetracker.setRecordingState(False)
5.4939 	EXP 	text: height = np.float64(0.05)
5.4939 	EXP 	text: height = np.float64(0.05)
5.4939 	EXP 	text: height = np.float64(0.05)
5.4939 	EXP 	text: text = 'Which one are you going to buy?'
5.4953 	EXP 	eyetracker.setRecordingState(False)
5.5065 	EXP 	text: height = np.float64(0.05)
5.5065 	EXP 	text: height = np.float64(0.05)
5.5065 	EXP 	text: height = np.float64(0.05)
5.5065 	EXP 	text: text = 'Which one are you going to buy?'
5.5074 	EXP 	eyetracker.setRecordingState(False)
5.5200 	EXP 	text: height = np.float64(0.05)
5.5200 	EXP 	text: height = np.float64(0.05)
5.5200 	EXP 	text: height = np.float64(0.05)
5.5200 	EXP 	text: text = 'Which one are you going to buy?'
5.5219 	EXP 	eyetracker.setRecordingState(False)
5.5370 	EXP 	text: height = np.float64(0.05)
5.5370 	EXP 	text: height = np.float64(0.05)
5.5370 	EXP 	text: height = np.float64(0.05)
5.5370 	EXP 	text: text = 'Which one are you going to buy?'
5.5385 	EXP 	eyetracker.setRecordingState(False)
5.5531 	EXP 	text: height = np.float64(0.05)
5.5531 	EXP 	text: height = np.float64(0.05)
5.5531 	EXP 	text: height = np.float64(0.05)
5.5531 	EXP 	text: text = 'Which one are you going to buy?'
5.5545 	EXP 	eyetracker.setRecordingState(False)
5.5678 	EXP 	text: height = np.float64(0.05)
5.5678 	EXP 	text: height = np.float64(0.05)
5.5678 	EXP 	text: height = np.float64(0.05)
5.5678 	EXP 	text: text = 'Which one are you going to buy?'
5.5691 	EXP 	eyetracker.setRecordingState(False)
5.5818 	EXP 	text: height = np.float64(0.05)
5.5818 	EXP 	text: height = np.float64(0.05)
5.5818 	EXP 	text: height = np.float64(0.05)
5.5818 	EXP 	text: text = 'Which one are you going to buy?'
5.5832 	EXP 	eyetracker.setRecordingState(False)
5.5977 	EXP 	text: height = np.float64(0.05)
5.5977 	EXP 	text: height = np.float64(0.05)
5.5977 	EXP 	text: height = np.float64(0.05)
5.5977 	EXP 	text: text = 'Which one are you going to buy?'
5.5990 	EXP 	eyetracker.setRecordingState(False)
5.6109 	EXP 	text: height = np.float64(0.05)
5.6109 	EXP 	text: height = np.float64(0.05)
5.6109 	EXP 	text: height = np.float64(0.05)
5.6109 	EXP 	text: text = 'Which one are you going to buy?'
5.6123 	EXP 	eyetracker.setRecordingState(False)
5.6235 	EXP 	text: height = np.float64(0.05)
5.6235 	EXP 	text: height = np.float64(0.05)
5.6235 	EXP 	text: height = np.float64(0.05)
5.6235 	EXP 	text: text = 'Which one are you going to buy?'
5.6245 	EXP 	eyetracker.setRecordingState(False)
5.6348 	EXP 	text: height = np.float64(0.05)
5.6348 	EXP 	text: height = np.float64(0.05)
5.6348 	EXP 	text: height = np.float64(0.05)
5.6348 	EXP 	text: text = 'Which one are you going to buy?'
5.6367 	EXP 	eyetracker.setRecordingState(False)
5.6510 	EXP 	text: height = np.float64(0.05)
5.6510 	EXP 	text: height = np.float64(0.05)
5.6510 	EXP 	text: height = np.float64(0.05)
5.6510 	EXP 	text: text = 'Which one are you going to buy?'
5.6528 	EXP 	eyetracker.setRecordingState(False)
5.6685 	EXP 	text: height = np.float64(0.05)
5.6685 	EXP 	text: height = np.float64(0.05)
5.6685 	EXP 	text: height = np.float64(0.05)
5.6685 	EXP 	text: text = 'Which one are you going to buy?'
5.6700 	EXP 	eyetracker.setRecordingState(False)
5.6829 	EXP 	text: height = np.float64(0.05)
5.6829 	EXP 	text: height = np.float64(0.05)
5.6829 	EXP 	text: height = np.float64(0.05)
5.6829 	EXP 	text: text = 'Which one are you going to buy?'
5.6849 	EXP 	eyetracker.setRecordingState(False)
5.7064 	EXP 	text: height = np.float64(0.05)
5.7064 	EXP 	text: height = np.float64(0.05)
5.7064 	EXP 	text: height = np.float64(0.05)
5.7064 	EXP 	text: text = 'Which one are you going to buy?'
5.7079 	EXP 	eyetracker.setRecordingState(False)
5.7257 	EXP 	text: height = np.float64(0.05)
5.7257 	EXP 	text: height = np.float64(0.05)
5.7257 	EXP 	text: height = np.float64(0.05)
5.7257 	EXP 	text: text = 'Which one are you going to buy?'
5.7280 	EXP 	eyetracker.setRecordingState(False)
5.7510 	EXP 	text: height = np.float64(0.05)
5.7510 	EXP 	text: height = np.float64(0.05)
5.7510 	EXP 	text: height = np.float64(0.05)
5.7510 	EXP 	text: text = 'Which one are you going to buy?'
5.7529 	EXP 	eyetracker.setRecordingState(False)
5.7683 	EXP 	text: height = np.float64(0.05)
5.7683 	EXP 	text: height = np.float64(0.05)
5.7683 	EXP 	text: height = np.float64(0.05)
5.7683 	EXP 	text: text = 'Which one are you going to buy?'
5.7700 	EXP 	eyetracker.setRecordingState(False)
5.7866 	EXP 	text: height = np.float64(0.05)
5.7866 	EXP 	text: height = np.float64(0.05)
5.7866 	EXP 	text: height = np.float64(0.05)
5.7866 	EXP 	text: text = 'Which one are you going to buy?'
5.7885 	EXP 	eyetracker.setRecordingState(False)
5.8035 	EXP 	text: height = np.float64(0.05)
5.8035 	EXP 	text: height = np.float64(0.05)
5.8035 	EXP 	text: height = np.float64(0.05)
5.8035 	EXP 	text: text = 'Which one are you going to buy?'
5.8049 	EXP 	eyetracker.setRecordingState(False)
5.8193 	EXP 	text: height = np.float64(0.05)
5.8193 	EXP 	text: height = np.float64(0.05)
5.8193 	EXP 	text: height = np.float64(0.05)
5.8193 	EXP 	text: text = 'Which one are you going to buy?'
5.8211 	EXP 	eyetracker.setRecordingState(False)
5.8367 	EXP 	text: height = np.float64(0.05)
5.8367 	EXP 	text: height = np.float64(0.05)
5.8367 	EXP 	text: height = np.float64(0.05)
5.8367 	EXP 	text: text = 'Which one are you going to buy?'
5.8380 	EXP 	eyetracker.setRecordingState(False)
5.8502 	EXP 	text: height = np.float64(0.05)
5.8502 	EXP 	text: height = np.float64(0.05)
5.8502 	EXP 	text: height = np.float64(0.05)
5.8502 	EXP 	text: text = 'Which one are you going to buy?'
5.8516 	EXP 	eyetracker.setRecordingState(False)
5.8650 	EXP 	text: height = np.float64(0.05)
5.8650 	EXP 	text: height = np.float64(0.05)
5.8650 	EXP 	text: height = np.float64(0.05)
5.8650 	EXP 	text: text = 'Which one are you going to buy?'
5.8662 	EXP 	eyetracker.setRecordingState(False)
5.8773 	EXP 	text: height = np.float64(0.05)
5.8773 	EXP 	text: height = np.float64(0.05)
5.8773 	EXP 	text: height = np.float64(0.05)
5.8773 	EXP 	text: text = 'Which one are you going to buy?'
5.8787 	EXP 	eyetracker.setRecordingState(False)
5.8933 	EXP 	text: height = np.float64(0.05)
5.8933 	EXP 	text: height = np.float64(0.05)
5.8933 	EXP 	text: height = np.float64(0.05)
5.8933 	EXP 	text: text = 'Which one are you going to buy?'
5.8953 	EXP 	eyetracker.setRecordingState(False)
5.9105 	EXP 	text: height = np.float64(0.05)
5.9105 	EXP 	text: height = np.float64(0.05)
5.9105 	EXP 	text: height = np.float64(0.05)
5.9105 	EXP 	text: text = 'Which one are you going to buy?'
5.9120 	EXP 	eyetracker.setRecordingState(False)
5.9262 	EXP 	text: height = np.float64(0.05)
5.9262 	EXP 	text: height = np.float64(0.05)
5.9262 	EXP 	text: height = np.float64(0.05)
5.9262 	EXP 	text: text = 'Which one are you going to buy?'
5.9274 	EXP 	eyetracker.setRecordingState(False)
5.9383 	EXP 	text: height = np.float64(0.05)
5.9383 	EXP 	text: height = np.float64(0.05)
5.9383 	EXP 	text: height = np.float64(0.05)
5.9383 	EXP 	text: text = 'Which one are you going to buy?'
5.9393 	EXP 	eyetracker.setRecordingState(False)
5.9497 	EXP 	text: height = np.float64(0.05)
5.9497 	EXP 	text: height = np.float64(0.05)
5.9497 	EXP 	text: height = np.float64(0.05)
5.9497 	EXP 	text: text = 'Which one are you going to buy?'
5.9511 	EXP 	eyetracker.setRecordingState(False)
5.9633 	EXP 	text: height = np.float64(0.05)
5.9633 	EXP 	text: height = np.float64(0.05)
5.9633 	EXP 	text: height = np.float64(0.05)
5.9633 	EXP 	text: text = 'Which one are you going to buy?'
5.9643 	EXP 	eyetracker.setRecordingState(False)
5.9807 	EXP 	text: height = np.float64(0.05)
5.9807 	EXP 	text: height = np.float64(0.05)
5.9807 	EXP 	text: height = np.float64(0.05)
5.9807 	EXP 	text: text = 'Which one are you going to buy?'
5.9817 	EXP 	eyetracker.setRecordingState(False)
5.9932 	EXP 	text: height = np.float64(0.05)
5.9932 	EXP 	text: height = np.float64(0.05)
5.9932 	EXP 	text: height = np.float64(0.05)
5.9932 	EXP 	text: text = 'Which one are you going to buy?'
5.9948 	EXP 	eyetracker.setRecordingState(False)
6.0113 	EXP 	text: height = np.float64(0.05)
6.0113 	EXP 	text: height = np.float64(0.05)
6.0113 	EXP 	text: height = np.float64(0.05)
6.0113 	EXP 	text: text = 'Which one are you going to buy?'
6.0133 	EXP 	eyetracker.setRecordingState(False)
6.0367 	EXP 	text: height = np.float64(0.05)
6.0367 	EXP 	text: height = np.float64(0.05)
6.0367 	EXP 	text: height = np.float64(0.05)
6.0367 	EXP 	text: text = 'Which one are you going to buy?'
6.0388 	EXP 	eyetracker.setRecordingState(False)
6.0618 	EXP 	text: height = np.float64(0.05)
6.0618 	EXP 	text: height = np.float64(0.05)
6.0618 	EXP 	text: height = np.float64(0.05)
6.0618 	EXP 	text: text = 'Which one are you going to buy?'
6.0636 	EXP 	eyetracker.setRecordingState(False)
6.0821 	EXP 	text: height = np.float64(0.05)
6.0821 	EXP 	text: height = np.float64(0.05)
6.0821 	EXP 	text: height = np.float64(0.05)
6.0821 	EXP 	text: text = 'Which one are you going to buy?'
6.0840 	EXP 	eyetracker.setRecordingState(False)
6.0997 	EXP 	text: height = np.float64(0.05)
6.0997 	EXP 	text: height = np.float64(0.05)
6.0997 	EXP 	text: height = np.float64(0.05)
6.0997 	EXP 	text: text = 'Which one are you going to buy?'
6.1011 	EXP 	eyetracker.setRecordingState(False)
6.1135 	EXP 	text: height = np.float64(0.05)
6.1135 	EXP 	text: height = np.float64(0.05)
6.1135 	EXP 	text: height = np.float64(0.05)
6.1135 	EXP 	text: text = 'Which one are you going to buy?'
6.1149 	EXP 	eyetracker.setRecordingState(False)
6.1282 	EXP 	text: height = np.float64(0.05)
6.1282 	EXP 	text: height = np.float64(0.05)
6.1282 	EXP 	text: height = np.float64(0.05)
6.1282 	EXP 	text: text = 'Which one are you going to buy?'
6.1302 	EXP 	eyetracker.setRecordingState(False)
6.1448 	EXP 	text: height = np.float64(0.05)
6.1448 	EXP 	text: height = np.float64(0.05)
6.1448 	EXP 	text: height = np.float64(0.05)
6.1448 	EXP 	text: text = 'Which one are you going to buy?'
6.1466 	EXP 	eyetracker.setRecordingState(False)
6.1584 	EXP 	text: height = np.float64(0.05)
6.1584 	EXP 	text: height = np.float64(0.05)
6.1584 	EXP 	text: height = np.float64(0.05)
6.1584 	EXP 	text: text = 'Which one are you going to buy?'
6.1596 	EXP 	eyetracker.setRecordingState(False)
6.1719 	EXP 	text: height = np.float64(0.05)
6.1719 	EXP 	text: height = np.float64(0.05)
6.1719 	EXP 	text: height = np.float64(0.05)
6.1719 	EXP 	text: text = 'Which one are you going to buy?'
6.1734 	EXP 	eyetracker.setRecordingState(False)
6.1890 	EXP 	text: height = np.float64(0.05)
6.1890 	EXP 	text: height = np.float64(0.05)
6.1890 	EXP 	text: height = np.float64(0.05)
6.1890 	EXP 	text: text = 'Which one are you going to buy?'
6.1914 	EXP 	eyetracker.setRecordingState(False)
6.2063 	EXP 	text: height = np.float64(0.05)
6.2063 	EXP 	text: height = np.float64(0.05)
6.2063 	EXP 	text: height = np.float64(0.05)
6.2063 	EXP 	text: text = 'Which one are you going to buy?'
6.2077 	EXP 	eyetracker.setRecordingState(False)
6.2208 	EXP 	text: height = np.float64(0.05)
6.2208 	EXP 	text: height = np.float64(0.05)
6.2208 	EXP 	text: height = np.float64(0.05)
6.2208 	EXP 	text: text = 'Which one are you going to buy?'
6.2220 	EXP 	eyetracker.setRecordingState(False)
6.2351 	EXP 	text: height = np.float64(0.05)
6.2351 	EXP 	text: height = np.float64(0.05)
6.2351 	EXP 	text: height = np.float64(0.05)
6.2351 	EXP 	text: text = 'Which one are you going to buy?'
6.2369 	EXP 	eyetracker.setRecordingState(False)
6.2515 	EXP 	text: height = np.float64(0.05)
6.2515 	EXP 	text: height = np.float64(0.05)
6.2515 	EXP 	text: height = np.float64(0.05)
6.2515 	EXP 	text: text = 'Which one are you going to buy?'
6.2529 	EXP 	eyetracker.setRecordingState(False)
6.2646 	EXP 	text: height = np.float64(0.05)
6.2646 	EXP 	text: height = np.float64(0.05)
6.2646 	EXP 	text: height = np.float64(0.05)
6.2646 	EXP 	text: text = 'Which one are you going to buy?'
6.2658 	EXP 	eyetracker.setRecordingState(False)
6.2790 	EXP 	text: height = np.float64(0.05)
6.2790 	EXP 	text: height = np.float64(0.05)
6.2790 	EXP 	text: height = np.float64(0.05)
6.2790 	EXP 	text: text = 'Which one are you going to buy?'
6.2800 	EXP 	eyetracker.setRecordingState(False)
6.2916 	EXP 	text: height = np.float64(0.05)
6.2916 	EXP 	text: height = np.float64(0.05)
6.2916 	EXP 	text: height = np.float64(0.05)
6.2916 	EXP 	text: text = 'Which one are you going to buy?'
6.2927 	EXP 	eyetracker.setRecordingState(False)
6.3051 	EXP 	text: height = np.float64(0.05)
6.3051 	EXP 	text: height = np.float64(0.05)
6.3051 	EXP 	text: height = np.float64(0.05)
6.3051 	EXP 	text: text = 'Which one are you going to buy?'
6.3062 	EXP 	eyetracker.setRecordingState(False)
6.3205 	EXP 	text: height = np.float64(0.05)
6.3205 	EXP 	text: height = np.float64(0.05)
6.3205 	EXP 	text: height = np.float64(0.05)
6.3205 	EXP 	text: text = 'Which one are you going to buy?'
6.3218 	EXP 	eyetracker.setRecordingState(False)
6.3332 	EXP 	text: height = np.float64(0.05)
6.3332 	EXP 	text: height = np.float64(0.05)
6.3332 	EXP 	text: height = np.float64(0.05)
6.3332 	EXP 	text: text = 'Which one are you going to buy?'
6.3344 	EXP 	eyetracker.setRecordingState(False)
6.3453 	EXP 	text: height = np.float64(0.05)
6.3453 	EXP 	text: height = np.float64(0.05)
6.3453 	EXP 	text: height = np.float64(0.05)
6.3453 	EXP 	text: text = 'Which one are you going to buy?'
6.3464 	EXP 	eyetracker.setRecordingState(False)
6.3588 	EXP 	text: height = np.float64(0.05)
6.3588 	EXP 	text: height = np.float64(0.05)
6.3588 	EXP 	text: height = np.float64(0.05)
6.3588 	EXP 	text: text = 'Which one are you going to buy?'
6.3603 	EXP 	eyetracker.setRecordingState(False)
6.3746 	EXP 	text: height = np.float64(0.05)
6.3746 	EXP 	text: height = np.float64(0.05)
6.3746 	EXP 	text: height = np.float64(0.05)
6.3746 	EXP 	text: text = 'Which one are you going to buy?'
6.3757 	EXP 	eyetracker.setRecordingState(False)
6.3868 	EXP 	text: height = np.float64(0.05)
6.3868 	EXP 	text: height = np.float64(0.05)
6.3868 	EXP 	text: height = np.float64(0.05)
6.3868 	EXP 	text: text = 'Which one are you going to buy?'
6.3879 	EXP 	eyetracker.setRecordingState(False)
6.3982 	EXP 	text: height = np.float64(0.05)
6.3982 	EXP 	text: height = np.float64(0.05)
6.3982 	EXP 	text: height = np.float64(0.05)
6.3982 	EXP 	text: text = 'Which one are you going to buy?'
6.3993 	EXP 	eyetracker.setRecordingState(False)
6.4105 	EXP 	text: height = np.float64(0.05)
6.4105 	EXP 	text: height = np.float64(0.05)
6.4105 	EXP 	text: height = np.float64(0.05)
6.4105 	EXP 	text: text = 'Which one are you going to buy?'
6.4119 	EXP 	eyetracker.setRecordingState(False)
6.4260 	EXP 	text: height = np.float64(0.05)
6.4260 	EXP 	text: height = np.float64(0.05)
6.4260 	EXP 	text: height = np.float64(0.05)
6.4260 	EXP 	text: text = 'Which one are you going to buy?'
6.4277 	EXP 	eyetracker.setRecordingState(False)
6.4432 	EXP 	text: height = np.float64(0.05)
6.4432 	EXP 	text: height = np.float64(0.05)
6.4432 	EXP 	text: height = np.float64(0.05)
6.4432 	EXP 	text: text = 'Which one are you going to buy?'
6.4445 	EXP 	eyetracker.setRecordingState(False)
6.4572 	EXP 	text: height = np.float64(0.05)
6.4572 	EXP 	text: height = np.float64(0.05)
6.4572 	EXP 	text: height = np.float64(0.05)
6.4572 	EXP 	text: text = 'Which one are you going to buy?'
6.4587 	EXP 	eyetracker.setRecordingState(False)
6.4723 	EXP 	text: height = np.float64(0.05)
6.4723 	EXP 	text: height = np.float64(0.05)
6.4723 	EXP 	text: height = np.float64(0.05)
6.4723 	EXP 	text: text = 'Which one are you going to buy?'
6.4737 	EXP 	eyetracker.setRecordingState(False)
6.4870 	EXP 	text: height = np.float64(0.05)
6.4870 	EXP 	text: height = np.float64(0.05)
6.4870 	EXP 	text: height = np.float64(0.05)
6.4870 	EXP 	text: text = 'Which one are you going to buy?'
6.4885 	EXP 	eyetracker.setRecordingState(False)
6.5028 	EXP 	text: height = np.float64(0.05)
6.5028 	EXP 	text: height = np.float64(0.05)
6.5028 	EXP 	text: height = np.float64(0.05)
6.5028 	EXP 	text: text = 'Which one are you going to buy?'
6.5040 	EXP 	eyetracker.setRecordingState(False)
6.5151 	EXP 	text: height = np.float64(0.05)
6.5151 	EXP 	text: height = np.float64(0.05)
6.5151 	EXP 	text: height = np.float64(0.05)
6.5151 	EXP 	text: text = 'Which one are you going to buy?'
6.5162 	EXP 	eyetracker.setRecordingState(False)
6.5272 	EXP 	text: height = np.float64(0.05)
6.5272 	EXP 	text: height = np.float64(0.05)
6.5272 	EXP 	text: height = np.float64(0.05)
6.5272 	EXP 	text: text = 'Which one are you going to buy?'
6.5286 	EXP 	eyetracker.setRecordingState(False)
6.5399 	EXP 	text: height = np.float64(0.05)
6.5399 	EXP 	text: height = np.float64(0.05)
6.5399 	EXP 	text: height = np.float64(0.05)
6.5399 	EXP 	text: text = 'Which one are you going to buy?'
6.5413 	EXP 	eyetracker.setRecordingState(False)
6.5548 	EXP 	text: height = np.float64(0.05)
6.5548 	EXP 	text: height = np.float64(0.05)
6.5548 	EXP 	text: height = np.float64(0.05)
6.5548 	EXP 	text: text = 'Which one are you going to buy?'
6.5558 	EXP 	eyetracker.setRecordingState(False)
6.5704 	EXP 	text: height = np.float64(0.05)
6.5704 	EXP 	text: height = np.float64(0.05)
6.5704 	EXP 	text: height = np.float64(0.05)
6.5704 	EXP 	text: text = 'Which one are you going to buy?'
6.5719 	EXP 	eyetracker.setRecordingState(False)
6.5855 	EXP 	text: height = np.float64(0.05)
6.5855 	EXP 	text: height = np.float64(0.05)
6.5855 	EXP 	text: height = np.float64(0.05)
6.5855 	EXP 	text: text = 'Which one are you going to buy?'
6.5872 	EXP 	eyetracker.setRecordingState(False)
6.6000 	EXP 	text: height = np.float64(0.05)
6.6000 	EXP 	text: height = np.float64(0.05)
6.6000 	EXP 	text: height = np.float64(0.05)
6.6000 	EXP 	text: text = 'Which one are you going to buy?'
6.6013 	EXP 	eyetracker.setRecordingState(False)
6.6122 	EXP 	text: height = np.float64(0.05)
6.6122 	EXP 	text: height = np.float64(0.05)
6.6122 	EXP 	text: height = np.float64(0.05)
6.6122 	EXP 	text: text = 'Which one are you going to buy?'
6.6131 	EXP 	eyetracker.setRecordingState(False)
6.6263 	EXP 	text: height = np.float64(0.05)
6.6263 	EXP 	text: height = np.float64(0.05)
6.6263 	EXP 	text: height = np.float64(0.05)
6.6263 	EXP 	text: text = 'Which one are you going to buy?'
6.6274 	EXP 	eyetracker.setRecordingState(False)
6.6441 	EXP 	text: height = np.float64(0.05)
6.6441 	EXP 	text: height = np.float64(0.05)
6.6441 	EXP 	text: height = np.float64(0.05)
6.6441 	EXP 	text: text = 'Which one are you going to buy?'
6.6458 	EXP 	eyetracker.setRecordingState(False)
6.6618 	EXP 	text: height = np.float64(0.05)
6.6618 	EXP 	text: height = np.float64(0.05)
6.6618 	EXP 	text: height = np.float64(0.05)
6.6618 	EXP 	text: text = 'Which one are you going to buy?'
6.6638 	EXP 	eyetracker.setRecordingState(False)
6.6792 	EXP 	text: height = np.float64(0.05)
6.6792 	EXP 	text: height = np.float64(0.05)
6.6792 	EXP 	text: height = np.float64(0.05)
6.6792 	EXP 	text: text = 'Which one are you going to buy?'
6.6807 	EXP 	eyetracker.setRecordingState(False)
6.6934 	EXP 	text: height = np.float64(0.05)
6.6934 	EXP 	text: height = np.float64(0.05)
6.6934 	EXP 	text: height = np.float64(0.05)
6.6934 	EXP 	text: text = 'Which one are you going to buy?'
6.6945 	EXP 	eyetracker.setRecordingState(False)
6.7074 	EXP 	text: height = np.float64(0.05)
6.7074 	EXP 	text: height = np.float64(0.05)
6.7074 	EXP 	text: height = np.float64(0.05)
6.7074 	EXP 	text: text = 'Which one are you going to buy?'
6.7088 	EXP 	eyetracker.setRecordingState(False)
6.7212 	EXP 	text: height = np.float64(0.05)
6.7212 	EXP 	text: height = np.float64(0.05)
6.7212 	EXP 	text: height = np.float64(0.05)
6.7212 	EXP 	text: text = 'Which one are you going to buy?'
6.7224 	EXP 	eyetracker.setRecordingState(False)
6.7345 	EXP 	text: height = np.float64(0.05)
6.7345 	EXP 	text: height = np.float64(0.05)
6.7345 	EXP 	text: height = np.float64(0.05)
6.7345 	EXP 	text: text = 'Which one are you going to buy?'
6.7359 	EXP 	eyetracker.setRecordingState(False)
6.7505 	EXP 	text: height = np.float64(0.05)
6.7505 	EXP 	text: height = np.float64(0.05)
6.7505 	EXP 	text: height = np.float64(0.05)
6.7505 	EXP 	text: text = 'Which one are you going to buy?'
6.7523 	EXP 	eyetracker.setRecordingState(False)
6.7687 	EXP 	text: height = np.float64(0.05)
6.7687 	EXP 	text: height = np.float64(0.05)
6.7687 	EXP 	text: height = np.float64(0.05)
6.7687 	EXP 	text: text = 'Which one are you going to buy?'
6.7705 	EXP 	eyetracker.setRecordingState(False)
6.7870 	EXP 	text: height = np.float64(0.05)
6.7870 	EXP 	text: height = np.float64(0.05)
6.7870 	EXP 	text: height = np.float64(0.05)
6.7870 	EXP 	text: text = 'Which one are you going to buy?'
6.7895 	EXP 	eyetracker.setRecordingState(False)
6.8054 	EXP 	text: height = np.float64(0.05)
6.8054 	EXP 	text: height = np.float64(0.05)
6.8054 	EXP 	text: height = np.float64(0.05)
6.8054 	EXP 	text: text = 'Which one are you going to buy?'
6.8074 	EXP 	eyetracker.setRecordingState(False)
6.8229 	EXP 	text: height = np.float64(0.05)
6.8229 	EXP 	text: height = np.float64(0.05)
6.8229 	EXP 	text: height = np.float64(0.05)
6.8229 	EXP 	text: text = 'Which one are you going to buy?'
6.8242 	EXP 	eyetracker.setRecordingState(False)
6.8382 	EXP 	text: height = np.float64(0.05)
6.8382 	EXP 	text: height = np.float64(0.05)
6.8382 	EXP 	text: height = np.float64(0.05)
6.8382 	EXP 	text: text = 'Which one are you going to buy?'
6.8401 	EXP 	eyetracker.setRecordingState(False)
6.8542 	EXP 	text: height = np.float64(0.05)
6.8542 	EXP 	text: height = np.float64(0.05)
6.8542 	EXP 	text: height = np.float64(0.05)
6.8542 	EXP 	text: text = 'Which one are you going to buy?'
6.8555 	EXP 	eyetracker.setRecordingState(False)
6.8664 	EXP 	text: height = np.float64(0.05)
6.8664 	EXP 	text: height = np.float64(0.05)
6.8664 	EXP 	text: height = np.float64(0.05)
6.8664 	EXP 	text: text = 'Which one are you going to buy?'
6.8674 	EXP 	eyetracker.setRecordingState(False)
6.8781 	EXP 	text: height = np.float64(0.05)
6.8781 	EXP 	text: height = np.float64(0.05)
6.8781 	EXP 	text: height = np.float64(0.05)
6.8781 	EXP 	text: text = 'Which one are you going to buy?'
6.8790 	EXP 	eyetracker.setRecordingState(False)
6.8914 	EXP 	text: height = np.float64(0.05)
6.8914 	EXP 	text: height = np.float64(0.05)
6.8914 	EXP 	text: height = np.float64(0.05)
6.8914 	EXP 	text: text = 'Which one are you going to buy?'
6.8930 	EXP 	eyetracker.setRecordingState(False)
6.9067 	EXP 	text: height = np.float64(0.05)
6.9067 	EXP 	text: height = np.float64(0.05)
6.9067 	EXP 	text: height = np.float64(0.05)
6.9067 	EXP 	text: text = 'Which one are you going to buy?'
6.9083 	EXP 	eyetracker.setRecordingState(False)
6.9234 	EXP 	text: height = np.float64(0.05)
6.9234 	EXP 	text: height = np.float64(0.05)
6.9234 	EXP 	text: height = np.float64(0.05)
6.9234 	EXP 	text: text = 'Which one are you going to buy?'
6.9253 	EXP 	eyetracker.setRecordingState(False)
6.9410 	EXP 	text: height = np.float64(0.05)
6.9410 	EXP 	text: height = np.float64(0.05)
6.9410 	EXP 	text: height = np.float64(0.05)
6.9410 	EXP 	text: text = 'Which one are you going to buy?'
6.9426 	EXP 	eyetracker.setRecordingState(False)
6.9585 	EXP 	text: height = np.float64(0.05)
6.9585 	EXP 	text: height = np.float64(0.05)
6.9585 	EXP 	text: height = np.float64(0.05)
6.9585 	EXP 	text: text = 'Which one are you going to buy?'
6.9600 	EXP 	eyetracker.setRecordingState(False)
6.9739 	EXP 	text: height = np.float64(0.05)
6.9739 	EXP 	text: height = np.float64(0.05)
6.9739 	EXP 	text: height = np.float64(0.05)
6.9739 	EXP 	text: text = 'Which one are you going to buy?'
6.9753 	EXP 	eyetracker.setRecordingState(False)
6.9895 	EXP 	text: height = np.float64(0.05)
6.9895 	EXP 	text: height = np.float64(0.05)
6.9895 	EXP 	text: height = np.float64(0.05)
6.9895 	EXP 	text: text = 'Which one are you going to buy?'
6.9909 	EXP 	eyetracker.setRecordingState(False)
7.0059 	EXP 	text: height = np.float64(0.05)
7.0059 	EXP 	text: height = np.float64(0.05)
7.0059 	EXP 	text: height = np.float64(0.05)
7.0059 	EXP 	text: text = 'Which one are you going to buy?'
7.0072 	EXP 	eyetracker.setRecordingState(False)
7.0215 	EXP 	text: height = np.float64(0.05)
7.0215 	EXP 	text: height = np.float64(0.05)
7.0215 	EXP 	text: height = np.float64(0.05)
7.0215 	EXP 	text: text = 'Which one are you going to buy?'
7.0232 	EXP 	eyetracker.setRecordingState(False)
7.0421 	EXP 	text: height = np.float64(0.05)
7.0421 	EXP 	text: height = np.float64(0.05)
7.0421 	EXP 	text: height = np.float64(0.05)
7.0421 	EXP 	text: text = 'Which one are you going to buy?'
7.0438 	EXP 	eyetracker.setRecordingState(False)
7.0582 	EXP 	text: height = np.float64(0.05)
7.0582 	EXP 	text: height = np.float64(0.05)
7.0582 	EXP 	text: height = np.float64(0.05)
7.0582 	EXP 	text: text = 'Which one are you going to buy?'
7.0605 	EXP 	eyetracker.setRecordingState(False)
7.0751 	EXP 	text: height = np.float64(0.05)
7.0751 	EXP 	text: height = np.float64(0.05)
7.0751 	EXP 	text: height = np.float64(0.05)
7.0751 	EXP 	text: text = 'Which one are you going to buy?'
7.0770 	EXP 	eyetracker.setRecordingState(False)
7.0908 	EXP 	text: height = np.float64(0.05)
7.0908 	EXP 	text: height = np.float64(0.05)
7.0908 	EXP 	text: height = np.float64(0.05)
7.0908 	EXP 	text: text = 'Which one are you going to buy?'
7.0922 	EXP 	eyetracker.setRecordingState(False)
7.1036 	EXP 	text: height = np.float64(0.05)
7.1036 	EXP 	text: height = np.float64(0.05)
7.1036 	EXP 	text: height = np.float64(0.05)
7.1036 	EXP 	text: text = 'Which one are you going to buy?'
7.1047 	EXP 	eyetracker.setRecordingState(False)
7.1153 	EXP 	text: height = np.float64(0.05)
7.1153 	EXP 	text: height = np.float64(0.05)
7.1153 	EXP 	text: height = np.float64(0.05)
7.1153 	EXP 	text: text = 'Which one are you going to buy?'
7.1167 	EXP 	eyetracker.setRecordingState(False)
7.1290 	EXP 	text: height = np.float64(0.05)
7.1290 	EXP 	text: height = np.float64(0.05)
7.1290 	EXP 	text: height = np.float64(0.05)
7.1290 	EXP 	text: text = 'Which one are you going to buy?'
7.1305 	EXP 	eyetracker.setRecordingState(False)
7.1454 	EXP 	text: height = np.float64(0.05)
7.1454 	EXP 	text: height = np.float64(0.05)
7.1454 	EXP 	text: height = np.float64(0.05)
7.1454 	EXP 	text: text = 'Which one are you going to buy?'
7.1468 	EXP 	eyetracker.setRecordingState(False)
7.1612 	EXP 	text: height = np.float64(0.05)
7.1612 	EXP 	text: height = np.float64(0.05)
7.1612 	EXP 	text: height = np.float64(0.05)
7.1612 	EXP 	text: text = 'Which one are you going to buy?'
7.1635 	EXP 	eyetracker.setRecordingState(False)
7.1792 	EXP 	text: height = np.float64(0.05)
7.1792 	EXP 	text: height = np.float64(0.05)
7.1792 	EXP 	text: height = np.float64(0.05)
7.1792 	EXP 	text: text = 'Which one are you going to buy?'
7.1810 	EXP 	eyetracker.setRecordingState(False)
7.1952 	EXP 	text: height = np.float64(0.05)
7.1952 	EXP 	text: height = np.float64(0.05)
7.1952 	EXP 	text: height = np.float64(0.05)
7.1952 	EXP 	text: text = 'Which one are you going to buy?'
7.1966 	EXP 	eyetracker.setRecordingState(False)
7.2085 	EXP 	text: height = np.float64(0.05)
7.2085 	EXP 	text: height = np.float64(0.05)
7.2085 	EXP 	text: height = np.float64(0.05)
7.2085 	EXP 	text: text = 'Which one are you going to buy?'
7.2095 	EXP 	eyetracker.setRecordingState(False)
7.2227 	EXP 	text: height = np.float64(0.05)
7.2227 	EXP 	text: height = np.float64(0.05)
7.2227 	EXP 	text: height = np.float64(0.05)
7.2227 	EXP 	text: text = 'Which one are you going to buy?'
7.2248 	EXP 	eyetracker.setRecordingState(False)
7.2394 	EXP 	text: height = np.float64(0.05)
7.2394 	EXP 	text: height = np.float64(0.05)
7.2394 	EXP 	text: height = np.float64(0.05)
7.2394 	EXP 	text: text = 'Which one are you going to buy?'
7.2407 	EXP 	eyetracker.setRecordingState(False)
7.2560 	EXP 	text: height = np.float64(0.05)
7.2560 	EXP 	text: height = np.float64(0.05)
7.2560 	EXP 	text: height = np.float64(0.05)
7.2560 	EXP 	text: text = 'Which one are you going to buy?'
7.2575 	EXP 	eyetracker.setRecordingState(False)
7.2710 	EXP 	text: height = np.float64(0.05)
7.2710 	EXP 	text: height = np.float64(0.05)
7.2710 	EXP 	text: height = np.float64(0.05)
7.2710 	EXP 	text: text = 'Which one are you going to buy?'
7.2725 	EXP 	eyetracker.setRecordingState(False)
7.2866 	EXP 	text: height = np.float64(0.05)
7.2866 	EXP 	text: height = np.float64(0.05)
7.2866 	EXP 	text: height = np.float64(0.05)
7.2866 	EXP 	text: text = 'Which one are you going to buy?'
7.2882 	EXP 	eyetracker.setRecordingState(False)
7.3007 	EXP 	text: height = np.float64(0.05)
7.3007 	EXP 	text: height = np.float64(0.05)
7.3007 	EXP 	text: height = np.float64(0.05)
7.3007 	EXP 	text: text = 'Which one are you going to buy?'
7.3020 	EXP 	eyetracker.setRecordingState(False)
7.3146 	EXP 	text: height = np.float64(0.05)
7.3146 	EXP 	text: height = np.float64(0.05)
7.3146 	EXP 	text: height = np.float64(0.05)
7.3146 	EXP 	text: text = 'Which one are you going to buy?'
7.3160 	EXP 	eyetracker.setRecordingState(False)
7.3279 	EXP 	text: height = np.float64(0.05)
7.3279 	EXP 	text: height = np.float64(0.05)
7.3279 	EXP 	text: height = np.float64(0.05)
7.3279 	EXP 	text: text = 'Which one are you going to buy?'
7.3291 	EXP 	eyetracker.setRecordingState(False)
7.3404 	EXP 	text: height = np.float64(0.05)
7.3404 	EXP 	text: height = np.float64(0.05)
7.3404 	EXP 	text: height = np.float64(0.05)
7.3404 	EXP 	text: text = 'Which one are you going to buy?'
7.3415 	EXP 	eyetracker.setRecordingState(False)
7.3540 	EXP 	text: height = np.float64(0.05)
7.3540 	EXP 	text: height = np.float64(0.05)
7.3540 	EXP 	text: height = np.float64(0.05)
7.3540 	EXP 	text: text = 'Which one are you going to buy?'
7.3558 	EXP 	eyetracker.setRecordingState(False)
7.3710 	EXP 	text: height = np.float64(0.05)
7.3710 	EXP 	text: height = np.float64(0.05)
7.3710 	EXP 	text: height = np.float64(0.05)
7.3710 	EXP 	text: text = 'Which one are you going to buy?'
7.3725 	EXP 	eyetracker.setRecordingState(False)
7.3864 	EXP 	text: height = np.float64(0.05)
7.3864 	EXP 	text: height = np.float64(0.05)
7.3864 	EXP 	text: height = np.float64(0.05)
7.3864 	EXP 	text: text = 'Which one are you going to buy?'
7.3878 	EXP 	eyetracker.setRecordingState(False)
7.4002 	EXP 	text: height = np.float64(0.05)
7.4002 	EXP 	text: height = np.float64(0.05)
7.4002 	EXP 	text: height = np.float64(0.05)
7.4002 	EXP 	text: text = 'Which one are you going to buy?'
7.4015 	EXP 	eyetracker.setRecordingState(False)
7.4166 	EXP 	text: height = np.float64(0.05)
7.4166 	EXP 	text: height = np.float64(0.05)
7.4166 	EXP 	text: height = np.float64(0.05)
7.4166 	EXP 	text: text = 'Which one are you going to buy?'
7.4182 	EXP 	eyetracker.setRecordingState(False)
7.4336 	EXP 	text: height = np.float64(0.05)
7.4336 	EXP 	text: height = np.float64(0.05)
7.4336 	EXP 	text: height = np.float64(0.05)
7.4336 	EXP 	text: text = 'Which one are you going to buy?'
7.4355 	EXP 	eyetracker.setRecordingState(False)
7.4503 	EXP 	text: height = np.float64(0.05)
7.4503 	EXP 	text: height = np.float64(0.05)
7.4503 	EXP 	text: height = np.float64(0.05)
7.4503 	EXP 	text: text = 'Which one are you going to buy?'
7.4516 	EXP 	eyetracker.setRecordingState(False)
7.4634 	EXP 	text: height = np.float64(0.05)
7.4634 	EXP 	text: height = np.float64(0.05)
7.4634 	EXP 	text: height = np.float64(0.05)
7.4634 	EXP 	text: text = 'Which one are you going to buy?'
7.4644 	EXP 	eyetracker.setRecordingState(False)
7.4758 	EXP 	text: height = np.float64(0.05)
7.4758 	EXP 	text: height = np.float64(0.05)
7.4758 	EXP 	text: height = np.float64(0.05)
7.4758 	EXP 	text: text = 'Which one are you going to buy?'
7.4775 	EXP 	eyetracker.setRecordingState(False)
7.4909 	EXP 	text: height = np.float64(0.05)
7.4909 	EXP 	text: height = np.float64(0.05)
7.4909 	EXP 	text: height = np.float64(0.05)
7.4909 	EXP 	text: text = 'Which one are you going to buy?'
7.4920 	EXP 	eyetracker.setRecordingState(False)
7.5029 	EXP 	text: height = np.float64(0.05)
7.5029 	EXP 	text: height = np.float64(0.05)
7.5029 	EXP 	text: height = np.float64(0.05)
7.5029 	EXP 	text: text = 'Which one are you going to buy?'
7.5039 	EXP 	eyetracker.setRecordingState(False)
7.5162 	EXP 	text: height = np.float64(0.05)
7.5162 	EXP 	text: height = np.float64(0.05)
7.5162 	EXP 	text: height = np.float64(0.05)
7.5162 	EXP 	text: text = 'Which one are you going to buy?'
7.5178 	EXP 	eyetracker.setRecordingState(False)
7.5336 	EXP 	text: height = np.float64(0.05)
7.5336 	EXP 	text: height = np.float64(0.05)
7.5336 	EXP 	text: height = np.float64(0.05)
7.5336 	EXP 	text: text = 'Which one are you going to buy?'
7.5349 	EXP 	eyetracker.setRecordingState(False)
7.5465 	EXP 	text: height = np.float64(0.05)
7.5465 	EXP 	text: height = np.float64(0.05)
7.5465 	EXP 	text: height = np.float64(0.05)
7.5465 	EXP 	text: text = 'Which one are you going to buy?'
7.5476 	EXP 	eyetracker.setRecordingState(False)
7.5593 	EXP 	text: height = np.float64(0.05)
7.5593 	EXP 	text: height = np.float64(0.05)
7.5593 	EXP 	text: height = np.float64(0.05)
7.5593 	EXP 	text: text = 'Which one are you going to buy?'
7.5613 	EXP 	eyetracker.setRecordingState(False)
7.5767 	EXP 	text: height = np.float64(0.05)
7.5767 	EXP 	text: height = np.float64(0.05)
7.5767 	EXP 	text: height = np.float64(0.05)
7.5767 	EXP 	text: text = 'Which one are you going to buy?'
7.5784 	EXP 	eyetracker.setRecordingState(False)
7.5941 	EXP 	text: height = np.float64(0.05)
7.5941 	EXP 	text: height = np.float64(0.05)
7.5941 	EXP 	text: height = np.float64(0.05)
7.5941 	EXP 	text: text = 'Which one are you going to buy?'
7.5957 	EXP 	eyetracker.setRecordingState(False)
7.6106 	EXP 	text: height = np.float64(0.05)
7.6106 	EXP 	text: height = np.float64(0.05)
7.6106 	EXP 	text: height = np.float64(0.05)
7.6106 	EXP 	text: text = 'Which one are you going to buy?'
7.6122 	EXP 	eyetracker.setRecordingState(False)
7.6265 	EXP 	text: height = np.float64(0.05)
7.6265 	EXP 	text: height = np.float64(0.05)
7.6265 	EXP 	text: height = np.float64(0.05)
7.6265 	EXP 	text: text = 'Which one are you going to buy?'
7.6279 	EXP 	eyetracker.setRecordingState(False)
7.6437 	EXP 	text: height = np.float64(0.05)
7.6437 	EXP 	text: height = np.float64(0.05)
7.6437 	EXP 	text: height = np.float64(0.05)
7.6437 	EXP 	text: text = 'Which one are you going to buy?'
7.6455 	EXP 	eyetracker.setRecordingState(False)
7.6598 	EXP 	text: height = np.float64(0.05)
7.6598 	EXP 	text: height = np.float64(0.05)
7.6598 	EXP 	text: height = np.float64(0.05)
7.6598 	EXP 	text: text = 'Which one are you going to buy?'
7.6608 	EXP 	eyetracker.setRecordingState(False)
7.6719 	EXP 	text: height = np.float64(0.05)
7.6719 	EXP 	text: height = np.float64(0.05)
7.6719 	EXP 	text: height = np.float64(0.05)
7.6719 	EXP 	text: text = 'Which one are you going to buy?'
7.6731 	EXP 	eyetracker.setRecordingState(False)
7.6869 	EXP 	text: height = np.float64(0.05)
7.6869 	EXP 	text: height = np.float64(0.05)
7.6869 	EXP 	text: height = np.float64(0.05)
7.6869 	EXP 	text: text = 'Which one are you going to buy?'
7.6889 	EXP 	eyetracker.setRecordingState(False)
7.7032 	EXP 	text: height = np.float64(0.05)
7.7032 	EXP 	text: height = np.float64(0.05)
7.7032 	EXP 	text: height = np.float64(0.05)
7.7032 	EXP 	text: text = 'Which one are you going to buy?'
7.7044 	EXP 	eyetracker.setRecordingState(False)
7.7164 	EXP 	text: height = np.float64(0.05)
7.7164 	EXP 	text: height = np.float64(0.05)
7.7164 	EXP 	text: height = np.float64(0.05)
7.7164 	EXP 	text: text = 'Which one are you going to buy?'
7.7179 	EXP 	eyetracker.setRecordingState(False)
7.7299 	EXP 	text: height = np.float64(0.05)
7.7299 	EXP 	text: height = np.float64(0.05)
7.7299 	EXP 	text: height = np.float64(0.05)
7.7299 	EXP 	text: text = 'Which one are you going to buy?'
7.7311 	EXP 	eyetracker.setRecordingState(False)
7.7441 	EXP 	text: height = np.float64(0.05)
7.7441 	EXP 	text: height = np.float64(0.05)
7.7441 	EXP 	text: height = np.float64(0.05)
7.7441 	EXP 	text: text = 'Which one are you going to buy?'
7.7458 	EXP 	eyetracker.setRecordingState(False)
7.7610 	EXP 	text: height = np.float64(0.05)
7.7610 	EXP 	text: height = np.float64(0.05)
7.7610 	EXP 	text: height = np.float64(0.05)
7.7610 	EXP 	text: text = 'Which one are you going to buy?'
7.7626 	EXP 	eyetracker.setRecordingState(False)
7.7749 	EXP 	text: height = np.float64(0.05)
7.7749 	EXP 	text: height = np.float64(0.05)
7.7749 	EXP 	text: height = np.float64(0.05)
7.7749 	EXP 	text: text = 'Which one are you going to buy?'
7.7763 	EXP 	eyetracker.setRecordingState(False)
7.7888 	EXP 	text: height = np.float64(0.05)
7.7888 	EXP 	text: height = np.float64(0.05)
7.7888 	EXP 	text: height = np.float64(0.05)
7.7888 	EXP 	text: text = 'Which one are you going to buy?'
7.7902 	EXP 	eyetracker.setRecordingState(False)
7.8059 	EXP 	text: height = np.float64(0.05)
7.8059 	EXP 	text: height = np.float64(0.05)
7.8059 	EXP 	text: height = np.float64(0.05)
7.8059 	EXP 	text: text = 'Which one are you going to buy?'
7.8075 	EXP 	eyetracker.setRecordingState(False)
7.8226 	EXP 	text: height = np.float64(0.05)
7.8226 	EXP 	text: height = np.float64(0.05)
7.8226 	EXP 	text: height = np.float64(0.05)
7.8226 	EXP 	text: text = 'Which one are you going to buy?'
7.8242 	EXP 	eyetracker.setRecordingState(False)
7.8387 	EXP 	text: height = np.float64(0.05)
7.8387 	EXP 	text: height = np.float64(0.05)
7.8387 	EXP 	text: height = np.float64(0.05)
7.8387 	EXP 	text: text = 'Which one are you going to buy?'
7.8403 	EXP 	eyetracker.setRecordingState(False)
7.8563 	EXP 	text: height = np.float64(0.05)
7.8563 	EXP 	text: height = np.float64(0.05)
7.8563 	EXP 	text: height = np.float64(0.05)
7.8563 	EXP 	text: text = 'Which one are you going to buy?'
7.8580 	EXP 	eyetracker.setRecordingState(False)
7.8761 	EXP 	text: height = np.float64(0.05)
7.8761 	EXP 	text: height = np.float64(0.05)
7.8761 	EXP 	text: height = np.float64(0.05)
7.8761 	EXP 	text: text = 'Which one are you going to buy?'
7.8783 	EXP 	eyetracker.setRecordingState(False)
7.8931 	EXP 	text: height = np.float64(0.05)
7.8931 	EXP 	text: height = np.float64(0.05)
7.8931 	EXP 	text: height = np.float64(0.05)
7.8931 	EXP 	text: text = 'Which one are you going to buy?'
7.8943 	EXP 	eyetracker.setRecordingState(False)
7.9044 	EXP 	text: height = np.float64(0.05)
7.9044 	EXP 	text: height = np.float64(0.05)
7.9044 	EXP 	text: height = np.float64(0.05)
7.9044 	EXP 	text: text = 'Which one are you going to buy?'
7.9054 	EXP 	eyetracker.setRecordingState(False)
7.9170 	EXP 	text: height = np.float64(0.05)
7.9170 	EXP 	text: height = np.float64(0.05)
7.9170 	EXP 	text: height = np.float64(0.05)
7.9170 	EXP 	text: text = 'Which one are you going to buy?'
7.9186 	EXP 	eyetracker.setRecordingState(False)
7.9343 	EXP 	text: height = np.float64(0.05)
7.9343 	EXP 	text: height = np.float64(0.05)
7.9343 	EXP 	text: height = np.float64(0.05)
7.9343 	EXP 	text: text = 'Which one are you going to buy?'
7.9362 	EXP 	eyetracker.setRecordingState(False)
7.9539 	EXP 	text: height = np.float64(0.05)
7.9539 	EXP 	text: height = np.float64(0.05)
7.9539 	EXP 	text: height = np.float64(0.05)
7.9539 	EXP 	text: text = 'Which one are you going to buy?'
7.9563 	EXP 	eyetracker.setRecordingState(False)
7.9699 	EXP 	text: height = np.float64(0.05)
7.9699 	EXP 	text: height = np.float64(0.05)
7.9699 	EXP 	text: height = np.float64(0.05)
7.9699 	EXP 	text: text = 'Which one are you going to buy?'
7.9711 	EXP 	eyetracker.setRecordingState(False)
7.9841 	EXP 	text: height = np.float64(0.05)
7.9841 	EXP 	text: height = np.float64(0.05)
7.9841 	EXP 	text: height = np.float64(0.05)
7.9841 	EXP 	text: text = 'Which one are you going to buy?'
7.9856 	EXP 	eyetracker.setRecordingState(False)
7.9980 	EXP 	text: height = np.float64(0.05)
7.9980 	EXP 	text: height = np.float64(0.05)
7.9980 	EXP 	text: height = np.float64(0.05)
7.9980 	EXP 	text: text = 'Which one are you going to buy?'
7.9992 	EXP 	eyetracker.setRecordingState(False)
8.0135 	EXP 	text: height = np.float64(0.05)
8.0135 	EXP 	text: height = np.float64(0.05)
8.0135 	EXP 	text: height = np.float64(0.05)
8.0135 	EXP 	text: text = 'Which one are you going to buy?'
8.0152 	EXP 	eyetracker.setRecordingState(False)
8.0300 	EXP 	text: height = np.float64(0.05)
8.0300 	EXP 	text: height = np.float64(0.05)
8.0300 	EXP 	text: height = np.float64(0.05)
8.0300 	EXP 	text: text = 'Which one are you going to buy?'
8.0315 	EXP 	eyetracker.setRecordingState(False)
8.0456 	EXP 	text: height = np.float64(0.05)
8.0456 	EXP 	text: height = np.float64(0.05)
8.0456 	EXP 	text: height = np.float64(0.05)
8.0456 	EXP 	text: text = 'Which one are you going to buy?'
8.0475 	EXP 	eyetracker.setRecordingState(False)
8.0626 	EXP 	text: height = np.float64(0.05)
8.0626 	EXP 	text: height = np.float64(0.05)
8.0626 	EXP 	text: height = np.float64(0.05)
8.0626 	EXP 	text: text = 'Which one are you going to buy?'
8.0643 	EXP 	eyetracker.setRecordingState(False)
8.0795 	EXP 	text: height = np.float64(0.05)
8.0795 	EXP 	text: height = np.float64(0.05)
8.0795 	EXP 	text: height = np.float64(0.05)
8.0795 	EXP 	text: text = 'Which one are you going to buy?'
8.0813 	EXP 	eyetracker.setRecordingState(False)
8.0976 	EXP 	text: height = np.float64(0.05)
8.0976 	EXP 	text: height = np.float64(0.05)
8.0976 	EXP 	text: height = np.float64(0.05)
8.0976 	EXP 	text: text = 'Which one are you going to buy?'
8.0995 	EXP 	eyetracker.setRecordingState(False)
8.1143 	EXP 	text: height = np.float64(0.05)
8.1143 	EXP 	text: height = np.float64(0.05)
8.1143 	EXP 	text: height = np.float64(0.05)
8.1143 	EXP 	text: text = 'Which one are you going to buy?'
8.1161 	EXP 	eyetracker.setRecordingState(False)
8.1299 	EXP 	text: height = np.float64(0.05)
8.1299 	EXP 	text: height = np.float64(0.05)
8.1299 	EXP 	text: height = np.float64(0.05)
8.1299 	EXP 	text: text = 'Which one are you going to buy?'
8.1312 	EXP 	eyetracker.setRecordingState(False)
8.1441 	EXP 	text: height = np.float64(0.05)
8.1441 	EXP 	text: height = np.float64(0.05)
8.1441 	EXP 	text: height = np.float64(0.05)
8.1441 	EXP 	text: text = 'Which one are you going to buy?'
8.1453 	EXP 	eyetracker.setRecordingState(False)
8.1568 	EXP 	text: height = np.float64(0.05)
8.1568 	EXP 	text: height = np.float64(0.05)
8.1568 	EXP 	text: height = np.float64(0.05)
8.1568 	EXP 	text: text = 'Which one are you going to buy?'
8.1579 	EXP 	eyetracker.setRecordingState(False)
8.1725 	EXP 	text: height = np.float64(0.05)
8.1725 	EXP 	text: height = np.float64(0.05)
8.1725 	EXP 	text: height = np.float64(0.05)
8.1725 	EXP 	text: text = 'Which one are you going to buy?'
8.1743 	EXP 	eyetracker.setRecordingState(False)
8.1881 	EXP 	text: height = np.float64(0.05)
8.1881 	EXP 	text: height = np.float64(0.05)
8.1881 	EXP 	text: height = np.float64(0.05)
8.1881 	EXP 	text: text = 'Which one are you going to buy?'
8.1892 	EXP 	eyetracker.setRecordingState(False)
8.2014 	EXP 	text: height = np.float64(0.05)
8.2014 	EXP 	text: height = np.float64(0.05)
8.2014 	EXP 	text: height = np.float64(0.05)
8.2014 	EXP 	text: text = 'Which one are you going to buy?'
8.2032 	EXP 	eyetracker.setRecordingState(False)
8.2188 	EXP 	text: height = np.float64(0.05)
8.2188 	EXP 	text: height = np.float64(0.05)
8.2188 	EXP 	text: height = np.float64(0.05)
8.2188 	EXP 	text: text = 'Which one are you going to buy?'
8.2204 	EXP 	eyetracker.setRecordingState(False)
8.2366 	EXP 	text: height = np.float64(0.05)
8.2366 	EXP 	text: height = np.float64(0.05)
8.2366 	EXP 	text: height = np.float64(0.05)
8.2366 	EXP 	text: text = 'Which one are you going to buy?'
8.2379 	EXP 	eyetracker.setRecordingState(False)
8.2536 	EXP 	text: height = np.float64(0.05)
8.2536 	EXP 	text: height = np.float64(0.05)
8.2536 	EXP 	text: height = np.float64(0.05)
8.2536 	EXP 	text: text = 'Which one are you going to buy?'
8.2557 	EXP 	eyetracker.setRecordingState(False)
8.2698 	EXP 	text: height = np.float64(0.05)
8.2698 	EXP 	text: height = np.float64(0.05)
8.2698 	EXP 	text: height = np.float64(0.05)
8.2698 	EXP 	text: text = 'Which one are you going to buy?'
8.2715 	EXP 	eyetracker.setRecordingState(False)
8.2847 	EXP 	text: height = np.float64(0.05)
8.2847 	EXP 	text: height = np.float64(0.05)
8.2847 	EXP 	text: height = np.float64(0.05)
8.2847 	EXP 	text: text = 'Which one are you going to buy?'
8.2861 	EXP 	eyetracker.setRecordingState(False)
8.2973 	EXP 	text: height = np.float64(0.05)
8.2973 	EXP 	text: height = np.float64(0.05)
8.2973 	EXP 	text: height = np.float64(0.05)
8.2973 	EXP 	text: text = 'Which one are you going to buy?'
8.2985 	EXP 	eyetracker.setRecordingState(False)
8.3104 	EXP 	text: height = np.float64(0.05)
8.3104 	EXP 	text: height = np.float64(0.05)
8.3104 	EXP 	text: height = np.float64(0.05)
8.3104 	EXP 	text: text = 'Which one are you going to buy?'
8.3115 	EXP 	eyetracker.setRecordingState(False)
8.3230 	EXP 	text: height = np.float64(0.05)
8.3230 	EXP 	text: height = np.float64(0.05)
8.3230 	EXP 	text: height = np.float64(0.05)
8.3230 	EXP 	text: text = 'Which one are you going to buy?'
8.3241 	EXP 	eyetracker.setRecordingState(False)
8.3384 	EXP 	text: height = np.float64(0.05)
8.3384 	EXP 	text: height = np.float64(0.05)
8.3384 	EXP 	text: height = np.float64(0.05)
8.3384 	EXP 	text: text = 'Which one are you going to buy?'
8.3403 	EXP 	eyetracker.setRecordingState(False)
8.3589 	EXP 	text: height = np.float64(0.05)
8.3589 	EXP 	text: height = np.float64(0.05)
8.3589 	EXP 	text: height = np.float64(0.05)
8.3589 	EXP 	text: text = 'Which one are you going to buy?'
8.3606 	EXP 	eyetracker.setRecordingState(False)
8.3807 	EXP 	text: height = np.float64(0.05)
8.3807 	EXP 	text: height = np.float64(0.05)
8.3807 	EXP 	text: height = np.float64(0.05)
8.3807 	EXP 	text: text = 'Which one are you going to buy?'
8.3830 	EXP 	eyetracker.setRecordingState(False)
8.3986 	EXP 	text: height = np.float64(0.05)
8.3986 	EXP 	text: height = np.float64(0.05)
8.3986 	EXP 	text: height = np.float64(0.05)
8.3986 	EXP 	text: text = 'Which one are you going to buy?'
8.4001 	EXP 	eyetracker.setRecordingState(False)
8.4178 	EXP 	text: height = np.float64(0.05)
8.4178 	EXP 	text: height = np.float64(0.05)
8.4178 	EXP 	text: height = np.float64(0.05)
8.4178 	EXP 	text: text = 'Which one are you going to buy?'
8.4194 	EXP 	eyetracker.setRecordingState(False)
8.4339 	EXP 	text: height = np.float64(0.05)
8.4339 	EXP 	text: height = np.float64(0.05)
8.4339 	EXP 	text: height = np.float64(0.05)
8.4339 	EXP 	text: text = 'Which one are you going to buy?'
8.4350 	EXP 	eyetracker.setRecordingState(False)
8.4478 	EXP 	text: height = np.float64(0.05)
8.4478 	EXP 	text: height = np.float64(0.05)
8.4478 	EXP 	text: height = np.float64(0.05)
8.4478 	EXP 	text: text = 'Which one are you going to buy?'
8.4494 	EXP 	eyetracker.setRecordingState(False)
8.4640 	EXP 	text: height = np.float64(0.05)
8.4640 	EXP 	text: height = np.float64(0.05)
8.4640 	EXP 	text: height = np.float64(0.05)
8.4640 	EXP 	text: text = 'Which one are you going to buy?'
8.4653 	EXP 	eyetracker.setRecordingState(False)
8.4783 	EXP 	text: height = np.float64(0.05)
8.4783 	EXP 	text: height = np.float64(0.05)
8.4783 	EXP 	text: height = np.float64(0.05)
8.4783 	EXP 	text: text = 'Which one are you going to buy?'
8.4795 	EXP 	eyetracker.setRecordingState(False)
8.4964 	EXP 	text: height = np.float64(0.05)
8.4964 	EXP 	text: height = np.float64(0.05)
8.4964 	EXP 	text: height = np.float64(0.05)
8.4964 	EXP 	text: text = 'Which one are you going to buy?'
8.4983 	EXP 	eyetracker.setRecordingState(False)
8.5155 	EXP 	text: height = np.float64(0.05)
8.5155 	EXP 	text: height = np.float64(0.05)
8.5155 	EXP 	text: height = np.float64(0.05)
8.5155 	EXP 	text: text = 'Which one are you going to buy?'
8.5172 	EXP 	eyetracker.setRecordingState(False)
8.5362 	EXP 	text: height = np.float64(0.05)
8.5362 	EXP 	text: height = np.float64(0.05)
8.5362 	EXP 	text: height = np.float64(0.05)
8.5362 	EXP 	text: text = 'Which one are you going to buy?'
8.5383 	EXP 	eyetracker.setRecordingState(False)
8.5525 	EXP 	text: height = np.float64(0.05)
8.5525 	EXP 	text: height = np.float64(0.05)
8.5525 	EXP 	text: height = np.float64(0.05)
8.5525 	EXP 	text: text = 'Which one are you going to buy?'
8.5538 	EXP 	eyetracker.setRecordingState(False)
8.5660 	EXP 	text: height = np.float64(0.05)
8.5660 	EXP 	text: height = np.float64(0.05)
8.5660 	EXP 	text: height = np.float64(0.05)
8.5660 	EXP 	text: text = 'Which one are you going to buy?'
8.5671 	EXP 	eyetracker.setRecordingState(False)
8.5793 	EXP 	text: height = np.float64(0.05)
8.5793 	EXP 	text: height = np.float64(0.05)
8.5793 	EXP 	text: height = np.float64(0.05)
8.5793 	EXP 	text: text = 'Which one are you going to buy?'
8.5809 	EXP 	eyetracker.setRecordingState(False)
8.5962 	EXP 	text: height = np.float64(0.05)
8.5962 	EXP 	text: height = np.float64(0.05)
8.5962 	EXP 	text: height = np.float64(0.05)
8.5962 	EXP 	text: text = 'Which one are you going to buy?'
8.5978 	EXP 	eyetracker.setRecordingState(False)
8.6144 	EXP 	text: height = np.float64(0.05)
8.6144 	EXP 	text: height = np.float64(0.05)
8.6144 	EXP 	text: height = np.float64(0.05)
8.6144 	EXP 	text: text = 'Which one are you going to buy?'
8.6159 	EXP 	eyetracker.setRecordingState(False)
8.6285 	EXP 	text: height = np.float64(0.05)
8.6285 	EXP 	text: height = np.float64(0.05)
8.6285 	EXP 	text: height = np.float64(0.05)
8.6285 	EXP 	text: text = 'Which one are you going to buy?'
8.6296 	EXP 	eyetracker.setRecordingState(False)
8.6419 	EXP 	text: height = np.float64(0.05)
8.6419 	EXP 	text: height = np.float64(0.05)
8.6419 	EXP 	text: height = np.float64(0.05)
8.6419 	EXP 	text: text = 'Which one are you going to buy?'
8.6441 	EXP 	eyetracker.setRecordingState(False)
8.6634 	EXP 	text: height = np.float64(0.05)
8.6634 	EXP 	text: height = np.float64(0.05)
8.6634 	EXP 	text: height = np.float64(0.05)
8.6634 	EXP 	text: text = 'Which one are you going to buy?'
8.6659 	EXP 	eyetracker.setRecordingState(False)
8.6841 	EXP 	text: height = np.float64(0.05)
8.6841 	EXP 	text: height = np.float64(0.05)
8.6841 	EXP 	text: height = np.float64(0.05)
8.6841 	EXP 	text: text = 'Which one are you going to buy?'
8.6855 	EXP 	eyetracker.setRecordingState(False)
8.6985 	EXP 	text: height = np.float64(0.05)
8.6985 	EXP 	text: height = np.float64(0.05)
8.6985 	EXP 	text: height = np.float64(0.05)
8.6985 	EXP 	text: text = 'Which one are you going to buy?'
8.7002 	EXP 	eyetracker.setRecordingState(False)
8.7128 	EXP 	text: height = np.float64(0.05)
8.7128 	EXP 	text: height = np.float64(0.05)
8.7128 	EXP 	text: height = np.float64(0.05)
8.7128 	EXP 	text: text = 'Which one are you going to buy?'
8.7140 	EXP 	eyetracker.setRecordingState(False)
8.7255 	EXP 	text: height = np.float64(0.05)
8.7255 	EXP 	text: height = np.float64(0.05)
8.7255 	EXP 	text: height = np.float64(0.05)
8.7255 	EXP 	text: text = 'Which one are you going to buy?'
8.7273 	EXP 	eyetracker.setRecordingState(False)
8.7404 	EXP 	text: height = np.float64(0.05)
8.7404 	EXP 	text: height = np.float64(0.05)
8.7404 	EXP 	text: height = np.float64(0.05)
8.7404 	EXP 	text: text = 'Which one are you going to buy?'
8.7417 	EXP 	eyetracker.setRecordingState(False)
8.7555 	EXP 	text: height = np.float64(0.05)
8.7555 	EXP 	text: height = np.float64(0.05)
8.7555 	EXP 	text: height = np.float64(0.05)
8.7555 	EXP 	text: text = 'Which one are you going to buy?'
8.7572 	EXP 	eyetracker.setRecordingState(False)
8.7710 	EXP 	text: height = np.float64(0.05)
8.7710 	EXP 	text: height = np.float64(0.05)
8.7710 	EXP 	text: height = np.float64(0.05)
8.7710 	EXP 	text: text = 'Which one are you going to buy?'
8.7722 	EXP 	eyetracker.setRecordingState(False)
8.7852 	EXP 	text: height = np.float64(0.05)
8.7852 	EXP 	text: height = np.float64(0.05)
8.7852 	EXP 	text: height = np.float64(0.05)
8.7852 	EXP 	text: text = 'Which one are you going to buy?'
8.7871 	EXP 	eyetracker.setRecordingState(False)
8.8020 	EXP 	text: height = np.float64(0.05)
8.8020 	EXP 	text: height = np.float64(0.05)
8.8020 	EXP 	text: height = np.float64(0.05)
8.8020 	EXP 	text: text = 'Which one are you going to buy?'
8.8035 	EXP 	eyetracker.setRecordingState(False)
8.8178 	EXP 	text: height = np.float64(0.05)
8.8178 	EXP 	text: height = np.float64(0.05)
8.8178 	EXP 	text: height = np.float64(0.05)
8.8178 	EXP 	text: text = 'Which one are you going to buy?'
8.8197 	EXP 	eyetracker.setRecordingState(False)
8.8352 	EXP 	text: height = np.float64(0.05)
8.8352 	EXP 	text: height = np.float64(0.05)
8.8352 	EXP 	text: height = np.float64(0.05)
8.8352 	EXP 	text: text = 'Which one are you going to buy?'
8.8370 	EXP 	eyetracker.setRecordingState(False)
8.8532 	EXP 	text: height = np.float64(0.05)
8.8532 	EXP 	text: height = np.float64(0.05)
8.8532 	EXP 	text: height = np.float64(0.05)
8.8532 	EXP 	text: text = 'Which one are you going to buy?'
8.8554 	EXP 	eyetracker.setRecordingState(False)
8.8718 	EXP 	text: height = np.float64(0.05)
8.8718 	EXP 	text: height = np.float64(0.05)
8.8718 	EXP 	text: height = np.float64(0.05)
8.8718 	EXP 	text: text = 'Which one are you going to buy?'
8.8732 	EXP 	eyetracker.setRecordingState(False)
8.8901 	EXP 	text: height = np.float64(0.05)
8.8901 	EXP 	text: height = np.float64(0.05)
8.8901 	EXP 	text: height = np.float64(0.05)
8.8901 	EXP 	text: text = 'Which one are you going to buy?'
8.8916 	EXP 	eyetracker.setRecordingState(False)
8.9067 	EXP 	text: height = np.float64(0.05)
8.9067 	EXP 	text: height = np.float64(0.05)
8.9067 	EXP 	text: height = np.float64(0.05)
8.9067 	EXP 	text: text = 'Which one are you going to buy?'
8.9082 	EXP 	eyetracker.setRecordingState(False)
8.9241 	EXP 	text: height = np.float64(0.05)
8.9241 	EXP 	text: height = np.float64(0.05)
8.9241 	EXP 	text: height = np.float64(0.05)
8.9241 	EXP 	text: text = 'Which one are you going to buy?'
8.9259 	EXP 	eyetracker.setRecordingState(False)
8.9429 	EXP 	text: height = np.float64(0.05)
8.9429 	EXP 	text: height = np.float64(0.05)
8.9429 	EXP 	text: height = np.float64(0.05)
8.9429 	EXP 	text: text = 'Which one are you going to buy?'
8.9444 	EXP 	eyetracker.setRecordingState(False)
8.9630 	EXP 	text: height = np.float64(0.05)
8.9630 	EXP 	text: height = np.float64(0.05)
8.9630 	EXP 	text: height = np.float64(0.05)
8.9630 	EXP 	text: text = 'Which one are you going to buy?'
8.9652 	EXP 	eyetracker.setRecordingState(False)
8.9871 	EXP 	text: height = np.float64(0.05)
8.9871 	EXP 	text: height = np.float64(0.05)
8.9871 	EXP 	text: height = np.float64(0.05)
8.9871 	EXP 	text: text = 'Which one are you going to buy?'
8.9896 	EXP 	eyetracker.setRecordingState(False)
9.0113 	EXP 	text: height = np.float64(0.05)
9.0113 	EXP 	text: height = np.float64(0.05)
9.0113 	EXP 	text: height = np.float64(0.05)
9.0113 	EXP 	text: text = 'Which one are you going to buy?'
9.0135 	EXP 	eyetracker.setRecordingState(False)
9.0315 	EXP 	text: height = np.float64(0.05)
9.0315 	EXP 	text: height = np.float64(0.05)
9.0315 	EXP 	text: height = np.float64(0.05)
9.0315 	EXP 	text: text = 'Which one are you going to buy?'
9.0335 	EXP 	eyetracker.setRecordingState(False)
9.0522 	EXP 	text: height = np.float64(0.05)
9.0522 	EXP 	text: height = np.float64(0.05)
9.0522 	EXP 	text: height = np.float64(0.05)
9.0522 	EXP 	text: text = 'Which one are you going to buy?'
9.0545 	EXP 	eyetracker.setRecordingState(False)
9.0758 	EXP 	text: height = np.float64(0.05)
9.0758 	EXP 	text: height = np.float64(0.05)
9.0758 	EXP 	text: height = np.float64(0.05)
9.0758 	EXP 	text: text = 'Which one are you going to buy?'
9.0780 	EXP 	eyetracker.setRecordingState(False)
9.0947 	EXP 	text: height = np.float64(0.05)
9.0947 	EXP 	text: height = np.float64(0.05)
9.0947 	EXP 	text: height = np.float64(0.05)
9.0947 	EXP 	text: text = 'Which one are you going to buy?'
9.0962 	EXP 	eyetracker.setRecordingState(False)
9.1112 	EXP 	text: height = np.float64(0.05)
9.1112 	EXP 	text: height = np.float64(0.05)
9.1112 	EXP 	text: height = np.float64(0.05)
9.1112 	EXP 	text: text = 'Which one are you going to buy?'
9.1130 	EXP 	eyetracker.setRecordingState(False)
9.1264 	EXP 	text: height = np.float64(0.05)
9.1264 	EXP 	text: height = np.float64(0.05)
9.1264 	EXP 	text: height = np.float64(0.05)
9.1264 	EXP 	text: text = 'Which one are you going to buy?'
9.1282 	EXP 	eyetracker.setRecordingState(False)
9.1455 	EXP 	text: height = np.float64(0.05)
9.1455 	EXP 	text: height = np.float64(0.05)
9.1455 	EXP 	text: height = np.float64(0.05)
9.1455 	EXP 	text: text = 'Which one are you going to buy?'
9.1504 	EXP 	eyetracker.setRecordingState(False)
9.1697 	EXP 	text: height = np.float64(0.05)
9.1697 	EXP 	text: height = np.float64(0.05)
9.1697 	EXP 	text: height = np.float64(0.05)
9.1697 	EXP 	text: text = 'Which one are you going to buy?'
9.1714 	EXP 	eyetracker.setRecordingState(False)
9.1849 	EXP 	text: height = np.float64(0.05)
9.1849 	EXP 	text: height = np.float64(0.05)
9.1849 	EXP 	text: height = np.float64(0.05)
9.1849 	EXP 	text: text = 'Which one are you going to buy?'
9.1859 	EXP 	eyetracker.setRecordingState(False)
9.1960 	EXP 	text: height = np.float64(0.05)
9.1960 	EXP 	text: height = np.float64(0.05)
9.1960 	EXP 	text: height = np.float64(0.05)
9.1960 	EXP 	text: text = 'Which one are you going to buy?'
9.1970 	EXP 	eyetracker.setRecordingState(False)
9.2088 	EXP 	text: height = np.float64(0.05)
9.2088 	EXP 	text: height = np.float64(0.05)
9.2088 	EXP 	text: height = np.float64(0.05)
9.2088 	EXP 	text: text = 'Which one are you going to buy?'
9.2112 	EXP 	eyetracker.setRecordingState(False)
9.2238 	EXP 	text: height = np.float64(0.05)
9.2238 	EXP 	text: height = np.float64(0.05)
9.2238 	EXP 	text: height = np.float64(0.05)
9.2238 	EXP 	text: text = 'Which one are you going to buy?'
9.2250 	EXP 	eyetracker.setRecordingState(False)
9.2382 	EXP 	text: height = np.float64(0.05)
9.2382 	EXP 	text: height = np.float64(0.05)
9.2382 	EXP 	text: height = np.float64(0.05)
9.2382 	EXP 	text: text = 'Which one are you going to buy?'
9.2392 	EXP 	eyetracker.setRecordingState(False)
9.2511 	EXP 	text: height = np.float64(0.05)
9.2511 	EXP 	text: height = np.float64(0.05)
9.2511 	EXP 	text: height = np.float64(0.05)
9.2511 	EXP 	text: text = 'Which one are you going to buy?'
9.2527 	EXP 	eyetracker.setRecordingState(False)
9.2637 	EXP 	text: height = np.float64(0.05)
9.2637 	EXP 	text: height = np.float64(0.05)
9.2637 	EXP 	text: height = np.float64(0.05)
9.2637 	EXP 	text: text = 'Which one are you going to buy?'
9.2649 	EXP 	eyetracker.setRecordingState(False)
9.2761 	EXP 	text: height = np.float64(0.05)
9.2761 	EXP 	text: height = np.float64(0.05)
9.2761 	EXP 	text: height = np.float64(0.05)
9.2761 	EXP 	text: text = 'Which one are you going to buy?'
9.2770 	EXP 	eyetracker.setRecordingState(False)
9.2868 	EXP 	text: height = np.float64(0.05)
9.2868 	EXP 	text: height = np.float64(0.05)
9.2868 	EXP 	text: height = np.float64(0.05)
9.2868 	EXP 	text: text = 'Which one are you going to buy?'
9.2888 	EXP 	eyetracker.setRecordingState(False)
9.2991 	EXP 	text: height = np.float64(0.05)
9.2991 	EXP 	text: height = np.float64(0.05)
9.2991 	EXP 	text: height = np.float64(0.05)
9.2991 	EXP 	text: text = 'Which one are you going to buy?'
9.3002 	EXP 	eyetracker.setRecordingState(False)
9.3104 	EXP 	text: height = np.float64(0.05)
9.3104 	EXP 	text: height = np.float64(0.05)
9.3104 	EXP 	text: height = np.float64(0.05)
9.3104 	EXP 	text: text = 'Which one are you going to buy?'
9.3114 	EXP 	eyetracker.setRecordingState(False)
9.3286 	EXP 	text: height = np.float64(0.05)
9.3286 	EXP 	text: height = np.float64(0.05)
9.3286 	EXP 	text: height = np.float64(0.05)
9.3286 	EXP 	text: text = 'Which one are you going to buy?'
9.3300 	EXP 	eyetracker.setRecordingState(False)
9.3409 	EXP 	text: height = np.float64(0.05)
9.3409 	EXP 	text: height = np.float64(0.05)
9.3409 	EXP 	text: height = np.float64(0.05)
9.3409 	EXP 	text: text = 'Which one are you going to buy?'
9.3421 	EXP 	eyetracker.setRecordingState(False)
9.3542 	EXP 	text: height = np.float64(0.05)
9.3542 	EXP 	text: height = np.float64(0.05)
9.3542 	EXP 	text: height = np.float64(0.05)
9.3542 	EXP 	text: text = 'Which one are you going to buy?'
9.3554 	EXP 	eyetracker.setRecordingState(False)
9.3687 	EXP 	text: height = np.float64(0.05)
9.3687 	EXP 	text: height = np.float64(0.05)
9.3687 	EXP 	text: height = np.float64(0.05)
9.3687 	EXP 	text: text = 'Which one are you going to buy?'
9.3701 	EXP 	eyetracker.setRecordingState(False)
9.3841 	EXP 	text: height = np.float64(0.05)
9.3841 	EXP 	text: height = np.float64(0.05)
9.3841 	EXP 	text: height = np.float64(0.05)
9.3841 	EXP 	text: text = 'Which one are you going to buy?'
9.3855 	EXP 	eyetracker.setRecordingState(False)
9.4014 	EXP 	text: height = np.float64(0.05)
9.4014 	EXP 	text: height = np.float64(0.05)
9.4014 	EXP 	text: height = np.float64(0.05)
9.4014 	EXP 	text: text = 'Which one are you going to buy?'
9.4032 	EXP 	eyetracker.setRecordingState(False)
9.4181 	EXP 	text: height = np.float64(0.05)
9.4181 	EXP 	text: height = np.float64(0.05)
9.4181 	EXP 	text: height = np.float64(0.05)
9.4181 	EXP 	text: text = 'Which one are you going to buy?'
9.4193 	EXP 	eyetracker.setRecordingState(False)
9.4331 	EXP 	text: height = np.float64(0.05)
9.4331 	EXP 	text: height = np.float64(0.05)
9.4331 	EXP 	text: height = np.float64(0.05)
9.4331 	EXP 	text: text = 'Which one are you going to buy?'
9.4345 	EXP 	eyetracker.setRecordingState(False)
9.4483 	EXP 	text: height = np.float64(0.05)
9.4483 	EXP 	text: height = np.float64(0.05)
9.4483 	EXP 	text: height = np.float64(0.05)
9.4483 	EXP 	text: text = 'Which one are you going to buy?'
9.4504 	EXP 	eyetracker.setRecordingState(False)
9.4627 	EXP 	text: height = np.float64(0.05)
9.4627 	EXP 	text: height = np.float64(0.05)
9.4627 	EXP 	text: height = np.float64(0.05)
9.4627 	EXP 	text: text = 'Which one are you going to buy?'
9.4644 	EXP 	eyetracker.setRecordingState(False)
9.4752 	EXP 	text: height = np.float64(0.05)
9.4752 	EXP 	text: height = np.float64(0.05)
9.4752 	EXP 	text: height = np.float64(0.05)
9.4752 	EXP 	text: text = 'Which one are you going to buy?'
9.4783 	EXP 	eyetracker.setRecordingState(False)
9.4901 	EXP 	text: height = np.float64(0.05)
9.4901 	EXP 	text: height = np.float64(0.05)
9.4901 	EXP 	text: height = np.float64(0.05)
9.4901 	EXP 	text: text = 'Which one are you going to buy?'
9.4918 	EXP 	eyetracker.setRecordingState(False)
9.5016 	EXP 	text: height = np.float64(0.05)
9.5016 	EXP 	text: height = np.float64(0.05)
9.5016 	EXP 	text: height = np.float64(0.05)
9.5016 	EXP 	text: text = 'Which one are you going to buy?'
9.5024 	EXP 	eyetracker.setRecordingState(False)
9.5109 	EXP 	text: height = np.float64(0.05)
9.5109 	EXP 	text: height = np.float64(0.05)
9.5109 	EXP 	text: height = np.float64(0.05)
9.5109 	EXP 	text: text = 'Which one are you going to buy?'
9.5121 	EXP 	eyetracker.setRecordingState(False)
9.5223 	EXP 	text: height = np.float64(0.05)
9.5223 	EXP 	text: height = np.float64(0.05)
9.5223 	EXP 	text: height = np.float64(0.05)
9.5223 	EXP 	text: text = 'Which one are you going to buy?'
9.5234 	EXP 	eyetracker.setRecordingState(False)
9.5426 	EXP 	text: height = np.float64(0.05)
9.5426 	EXP 	text: height = np.float64(0.05)
9.5426 	EXP 	text: height = np.float64(0.05)
9.5426 	EXP 	text: text = 'Which one are you going to buy?'
9.5439 	EXP 	eyetracker.setRecordingState(False)
9.5548 	EXP 	text: height = np.float64(0.05)
9.5548 	EXP 	text: height = np.float64(0.05)
9.5548 	EXP 	text: height = np.float64(0.05)
9.5548 	EXP 	text: text = 'Which one are you going to buy?'
9.5562 	EXP 	eyetracker.setRecordingState(False)
9.5684 	EXP 	text: height = np.float64(0.05)
9.5684 	EXP 	text: height = np.float64(0.05)
9.5684 	EXP 	text: height = np.float64(0.05)
9.5684 	EXP 	text: text = 'Which one are you going to buy?'
9.5695 	EXP 	eyetracker.setRecordingState(False)
9.5794 	EXP 	text: height = np.float64(0.05)
9.5794 	EXP 	text: height = np.float64(0.05)
9.5794 	EXP 	text: height = np.float64(0.05)
9.5794 	EXP 	text: text = 'Which one are you going to buy?'
9.5805 	EXP 	eyetracker.setRecordingState(False)
9.5921 	EXP 	text: height = np.float64(0.05)
9.5921 	EXP 	text: height = np.float64(0.05)
9.5921 	EXP 	text: height = np.float64(0.05)
9.5921 	EXP 	text: text = 'Which one are you going to buy?'
9.5934 	EXP 	eyetracker.setRecordingState(False)
9.6071 	EXP 	text: height = np.float64(0.05)
9.6071 	EXP 	text: height = np.float64(0.05)
9.6071 	EXP 	text: height = np.float64(0.05)
9.6071 	EXP 	text: text = 'Which one are you going to buy?'
9.6082 	EXP 	eyetracker.setRecordingState(False)
9.6196 	EXP 	text: height = np.float64(0.05)
9.6196 	EXP 	text: height = np.float64(0.05)
9.6196 	EXP 	text: height = np.float64(0.05)
9.6196 	EXP 	text: text = 'Which one are you going to buy?'
9.6207 	EXP 	eyetracker.setRecordingState(False)
9.6328 	EXP 	text: height = np.float64(0.05)
9.6328 	EXP 	text: height = np.float64(0.05)
9.6328 	EXP 	text: height = np.float64(0.05)
9.6328 	EXP 	text: text = 'Which one are you going to buy?'
9.6338 	EXP 	eyetracker.setRecordingState(False)
9.6441 	EXP 	text: height = np.float64(0.05)
9.6441 	EXP 	text: height = np.float64(0.05)
9.6441 	EXP 	text: height = np.float64(0.05)
9.6441 	EXP 	text: text = 'Which one are you going to buy?'
9.6450 	EXP 	eyetracker.setRecordingState(False)
9.6560 	EXP 	text: height = np.float64(0.05)
9.6560 	EXP 	text: height = np.float64(0.05)
9.6560 	EXP 	text: height = np.float64(0.05)
9.6560 	EXP 	text: text = 'Which one are you going to buy?'
9.6568 	EXP 	eyetracker.setRecordingState(False)
9.6664 	EXP 	text: height = np.float64(0.05)
9.6664 	EXP 	text: height = np.float64(0.05)
9.6664 	EXP 	text: height = np.float64(0.05)
9.6664 	EXP 	text: text = 'Which one are you going to buy?'
9.6672 	EXP 	eyetracker.setRecordingState(False)
9.6761 	EXP 	text: height = np.float64(0.05)
9.6761 	EXP 	text: height = np.float64(0.05)
9.6761 	EXP 	text: height = np.float64(0.05)
9.6761 	EXP 	text: text = 'Which one are you going to buy?'
9.6769 	EXP 	eyetracker.setRecordingState(False)
9.6864 	EXP 	text: height = np.float64(0.05)
9.6864 	EXP 	text: height = np.float64(0.05)
9.6864 	EXP 	text: height = np.float64(0.05)
9.6864 	EXP 	text: text = 'Which one are you going to buy?'
9.6879 	EXP 	eyetracker.setRecordingState(False)
9.7010 	EXP 	text: height = np.float64(0.05)
9.7010 	EXP 	text: height = np.float64(0.05)
9.7010 	EXP 	text: height = np.float64(0.05)
9.7010 	EXP 	text: text = 'Which one are you going to buy?'
9.7027 	EXP 	eyetracker.setRecordingState(False)
9.7158 	EXP 	text: height = np.float64(0.05)
9.7158 	EXP 	text: height = np.float64(0.05)
9.7158 	EXP 	text: height = np.float64(0.05)
9.7158 	EXP 	text: text = 'Which one are you going to buy?'
9.7169 	EXP 	eyetracker.setRecordingState(False)
9.7271 	EXP 	text: height = np.float64(0.05)
9.7271 	EXP 	text: height = np.float64(0.05)
9.7271 	EXP 	text: height = np.float64(0.05)
9.7271 	EXP 	text: text = 'Which one are you going to buy?'
9.7280 	EXP 	eyetracker.setRecordingState(False)
9.7394 	EXP 	text: height = np.float64(0.05)
9.7394 	EXP 	text: height = np.float64(0.05)
9.7394 	EXP 	text: height = np.float64(0.05)
9.7394 	EXP 	text: text = 'Which one are you going to buy?'
9.7402 	EXP 	eyetracker.setRecordingState(False)
9.7488 	EXP 	text: height = np.float64(0.05)
9.7488 	EXP 	text: height = np.float64(0.05)
9.7488 	EXP 	text: height = np.float64(0.05)
9.7488 	EXP 	text: text = 'Which one are you going to buy?'
9.7502 	EXP 	eyetracker.setRecordingState(False)
9.7591 	EXP 	text: height = np.float64(0.05)
9.7591 	EXP 	text: height = np.float64(0.05)
9.7591 	EXP 	text: height = np.float64(0.05)
9.7591 	EXP 	text: text = 'Which one are you going to buy?'
9.7597 	EXP 	eyetracker.setRecordingState(False)
9.7683 	EXP 	text: height = np.float64(0.05)
9.7683 	EXP 	text: height = np.float64(0.05)
9.7683 	EXP 	text: height = np.float64(0.05)
9.7683 	EXP 	text: text = 'Which one are you going to buy?'
9.7695 	EXP 	eyetracker.setRecordingState(False)
9.7792 	EXP 	text: height = np.float64(0.05)
9.7792 	EXP 	text: height = np.float64(0.05)
9.7792 	EXP 	text: height = np.float64(0.05)
9.7792 	EXP 	text: text = 'Which one are you going to buy?'
9.7800 	EXP 	eyetracker.setRecordingState(False)
9.7892 	EXP 	text: height = np.float64(0.05)
9.7892 	EXP 	text: height = np.float64(0.05)
9.7892 	EXP 	text: height = np.float64(0.05)
9.7892 	EXP 	text: text = 'Which one are you going to buy?'
9.7905 	EXP 	eyetracker.setRecordingState(False)
9.8046 	EXP 	text: height = np.float64(0.05)
9.8046 	EXP 	text: height = np.float64(0.05)
9.8046 	EXP 	text: height = np.float64(0.05)
9.8046 	EXP 	text: text = 'Which one are you going to buy?'
9.8066 	EXP 	eyetracker.setRecordingState(False)
9.8202 	EXP 	text: height = np.float64(0.05)
9.8202 	EXP 	text: height = np.float64(0.05)
9.8202 	EXP 	text: height = np.float64(0.05)
9.8202 	EXP 	text: text = 'Which one are you going to buy?'
9.8216 	EXP 	eyetracker.setRecordingState(False)
9.8352 	EXP 	text: height = np.float64(0.05)
9.8352 	EXP 	text: height = np.float64(0.05)
9.8352 	EXP 	text: height = np.float64(0.05)
9.8352 	EXP 	text: text = 'Which one are you going to buy?'
9.8368 	EXP 	eyetracker.setRecordingState(False)
9.8499 	EXP 	text: height = np.float64(0.05)
9.8499 	EXP 	text: height = np.float64(0.05)
9.8499 	EXP 	text: height = np.float64(0.05)
9.8499 	EXP 	text: text = 'Which one are you going to buy?'
9.8511 	EXP 	eyetracker.setRecordingState(False)
9.8662 	EXP 	text: height = np.float64(0.05)
9.8662 	EXP 	text: height = np.float64(0.05)
9.8662 	EXP 	text: height = np.float64(0.05)
9.8662 	EXP 	text: text = 'Which one are you going to buy?'
9.8678 	EXP 	eyetracker.setRecordingState(False)
9.8837 	EXP 	text: height = np.float64(0.05)
9.8837 	EXP 	text: height = np.float64(0.05)
9.8837 	EXP 	text: height = np.float64(0.05)
9.8837 	EXP 	text: text = 'Which one are you going to buy?'
9.8858 	EXP 	eyetracker.setRecordingState(False)
9.9025 	EXP 	text: height = np.float64(0.05)
9.9025 	EXP 	text: height = np.float64(0.05)
9.9025 	EXP 	text: height = np.float64(0.05)
9.9025 	EXP 	text: text = 'Which one are you going to buy?'
9.9042 	EXP 	eyetracker.setRecordingState(False)
9.9188 	EXP 	text: height = np.float64(0.05)
9.9188 	EXP 	text: height = np.float64(0.05)
9.9188 	EXP 	text: height = np.float64(0.05)
9.9188 	EXP 	text: text = 'Which one are you going to buy?'
9.9202 	EXP 	eyetracker.setRecordingState(False)
9.9363 	EXP 	text: height = np.float64(0.05)
9.9363 	EXP 	text: height = np.float64(0.05)
9.9363 	EXP 	text: height = np.float64(0.05)
9.9363 	EXP 	text: text = 'Which one are you going to buy?'
9.9384 	EXP 	eyetracker.setRecordingState(False)
9.9562 	EXP 	text: height = np.float64(0.05)
9.9562 	EXP 	text: height = np.float64(0.05)
9.9562 	EXP 	text: height = np.float64(0.05)
9.9562 	EXP 	text: text = 'Which one are you going to buy?'
9.9578 	EXP 	eyetracker.setRecordingState(False)
9.9762 	EXP 	text: height = np.float64(0.05)
9.9762 	EXP 	text: height = np.float64(0.05)
9.9762 	EXP 	text: height = np.float64(0.05)
9.9762 	EXP 	text: text = 'Which one are you going to buy?'
9.9781 	EXP 	eyetracker.setRecordingState(False)
9.9976 	EXP 	text: height = np.float64(0.05)
9.9976 	EXP 	text: height = np.float64(0.05)
9.9976 	EXP 	text: height = np.float64(0.05)
9.9976 	EXP 	text: text = 'Which one are you going to buy?'
9.9996 	EXP 	eyetracker.setRecordingState(False)
10.0154 	EXP 	text: height = np.float64(0.05)
10.0154 	EXP 	text: height = np.float64(0.05)
10.0154 	EXP 	text: height = np.float64(0.05)
10.0154 	EXP 	text: text = 'Which one are you going to buy?'
10.0170 	EXP 	eyetracker.setRecordingState(False)
10.0297 	EXP 	text: height = np.float64(0.05)
10.0297 	EXP 	text: height = np.float64(0.05)
10.0297 	EXP 	text: height = np.float64(0.05)
10.0297 	EXP 	text: text = 'Which one are you going to buy?'
10.0308 	EXP 	eyetracker.setRecordingState(False)
10.0418 	EXP 	text: height = np.float64(0.05)
10.0418 	EXP 	text: height = np.float64(0.05)
10.0418 	EXP 	text: height = np.float64(0.05)
10.0418 	EXP 	text: text = 'Which one are you going to buy?'
10.0426 	EXP 	eyetracker.setRecordingState(False)
10.0524 	EXP 	text: height = np.float64(0.05)
10.0524 	EXP 	text: height = np.float64(0.05)
10.0524 	EXP 	text: height = np.float64(0.05)
10.0524 	EXP 	text: text = 'Which one are you going to buy?'
10.0533 	EXP 	eyetracker.setRecordingState(False)
10.0629 	EXP 	text: height = np.float64(0.05)
10.0629 	EXP 	text: height = np.float64(0.05)
10.0629 	EXP 	text: height = np.float64(0.05)
10.0629 	EXP 	text: text = 'Which one are you going to buy?'
10.0645 	EXP 	eyetracker.setRecordingState(False)
10.0748 	EXP 	text: height = np.float64(0.05)
10.0748 	EXP 	text: height = np.float64(0.05)
10.0748 	EXP 	text: height = np.float64(0.05)
10.0748 	EXP 	text: text = 'Which one are you going to buy?'
10.0760 	EXP 	eyetracker.setRecordingState(False)
10.0913 	EXP 	text: height = np.float64(0.05)
10.0913 	EXP 	text: height = np.float64(0.05)
10.0913 	EXP 	text: height = np.float64(0.05)
10.0913 	EXP 	text: text = 'Which one are you going to buy?'
10.0935 	EXP 	eyetracker.setRecordingState(False)
10.1112 	EXP 	text: height = np.float64(0.05)
10.1112 	EXP 	text: height = np.float64(0.05)
10.1112 	EXP 	text: height = np.float64(0.05)
10.1112 	EXP 	text: text = 'Which one are you going to buy?'
10.1137 	EXP 	eyetracker.setRecordingState(False)
10.1296 	EXP 	text: height = np.float64(0.05)
10.1296 	EXP 	text: height = np.float64(0.05)
10.1296 	EXP 	text: height = np.float64(0.05)
10.1296 	EXP 	text: text = 'Which one are you going to buy?'
10.1313 	EXP 	eyetracker.setRecordingState(False)
10.1468 	EXP 	text: height = np.float64(0.05)
10.1468 	EXP 	text: height = np.float64(0.05)
10.1468 	EXP 	text: height = np.float64(0.05)
10.1468 	EXP 	text: text = 'Which one are you going to buy?'
10.1489 	EXP 	eyetracker.setRecordingState(False)
10.1636 	EXP 	text: height = np.float64(0.05)
10.1636 	EXP 	text: height = np.float64(0.05)
10.1636 	EXP 	text: height = np.float64(0.05)
10.1636 	EXP 	text: text = 'Which one are you going to buy?'
10.1646 	EXP 	eyetracker.setRecordingState(False)
10.1761 	EXP 	text: height = np.float64(0.05)
10.1761 	EXP 	text: height = np.float64(0.05)
10.1761 	EXP 	text: height = np.float64(0.05)
10.1761 	EXP 	text: text = 'Which one are you going to buy?'
10.1769 	EXP 	eyetracker.setRecordingState(False)
10.1856 	EXP 	text: height = np.float64(0.05)
10.1856 	EXP 	text: height = np.float64(0.05)
10.1856 	EXP 	text: height = np.float64(0.05)
10.1856 	EXP 	text: text = 'Which one are you going to buy?'
10.1869 	DATA 	Mouse: Left button down, pos=(974,609)
10.1887 	EXP 	eyetracker.setRecordingState(False)
10.1909 	EXP 	eyetracker.setRecordingState(False)
10.2027 	INFO 	Keyboard events cleared
10.2023 	EXP 	text: autoDraw = False
10.2023 	EXP 	ambewela: autoDraw = False
10.2023 	EXP 	kothmale: autoDraw = False
10.2023 	EXP 	happycow: autoDraw = False
10.2023 	EXP 	kraft: autoDraw = False
10.2023 	EXP 	richlife: autoDraw = False
10.2023 	EXP 	text_2: autoDraw = False
10.2023 	EXP 	text_3: autoDraw = False
10.2023 	EXP 	text_4: autoDraw = False
10.2023 	EXP 	text_5: autoDraw = False
10.2023 	EXP 	text_6: autoDraw = False
10.2023 	EXP 	text_7: autoDraw = True
10.2023 	EXP 	highlandYoghurt: autoDraw = True
10.2023 	EXP 	anchoryoghurt: autoDraw = True
10.2023 	EXP 	ambewelayoghurt: autoDraw = True
10.2023 	EXP 	pelawatteyoghurt: autoDraw = True
10.2023 	EXP 	text_8: autoDraw = True
10.2023 	EXP 	text_9: autoDraw = True
10.2023 	EXP 	text_10: autoDraw = True
10.2023 	EXP 	text_11: autoDraw = True
10.2038 	EXP 	eyetracker.setRecordingState(False)
10.2101 	EXP 	eyetracker.setRecordingState(False)
10.2161 	EXP 	eyetracker.setRecordingState(False)
10.2225 	EXP 	eyetracker.setRecordingState(False)
10.2310 	EXP 	eyetracker.setRecordingState(False)
10.2392 	EXP 	eyetracker.setRecordingState(False)
10.2484 	EXP 	eyetracker.setRecordingState(False)
10.2580 	EXP 	eyetracker.setRecordingState(False)
10.2683 	EXP 	eyetracker.setRecordingState(False)
10.2769 	EXP 	eyetracker.setRecordingState(False)
10.2850 	EXP 	eyetracker.setRecordingState(False)
10.2939 	EXP 	eyetracker.setRecordingState(False)
10.3027 	EXP 	eyetracker.setRecordingState(False)
10.3114 	EXP 	eyetracker.setRecordingState(False)
10.3206 	EXP 	eyetracker.setRecordingState(False)
10.3303 	EXP 	eyetracker.setRecordingState(False)
10.3418 	EXP 	eyetracker.setRecordingState(False)
10.3533 	EXP 	eyetracker.setRecordingState(False)
10.3631 	EXP 	eyetracker.setRecordingState(False)
10.3750 	EXP 	eyetracker.setRecordingState(False)
10.3856 	EXP 	eyetracker.setRecordingState(False)
10.3948 	EXP 	eyetracker.setRecordingState(False)
10.4064 	EXP 	eyetracker.setRecordingState(False)
10.4170 	EXP 	eyetracker.setRecordingState(False)
10.4233 	DATA 	Mouse:  Left button up, pos=(974,609)
10.4286 	EXP 	eyetracker.setRecordingState(False)
10.4401 	EXP 	eyetracker.setRecordingState(False)
10.4533 	EXP 	eyetracker.setRecordingState(False)
10.4646 	EXP 	eyetracker.setRecordingState(False)
10.4752 	EXP 	eyetracker.setRecordingState(False)
10.4854 	EXP 	eyetracker.setRecordingState(False)
10.4973 	EXP 	eyetracker.setRecordingState(False)
10.5081 	EXP 	eyetracker.setRecordingState(False)
10.5184 	EXP 	eyetracker.setRecordingState(False)
10.5287 	EXP 	eyetracker.setRecordingState(False)
10.5421 	EXP 	eyetracker.setRecordingState(False)
10.5577 	EXP 	eyetracker.setRecordingState(False)
10.5724 	EXP 	eyetracker.setRecordingState(False)
10.5888 	EXP 	eyetracker.setRecordingState(False)
10.6039 	EXP 	eyetracker.setRecordingState(False)
10.6196 	EXP 	eyetracker.setRecordingState(False)
10.6339 	EXP 	eyetracker.setRecordingState(False)
10.6458 	EXP 	eyetracker.setRecordingState(False)
10.6575 	EXP 	eyetracker.setRecordingState(False)
10.6686 	EXP 	eyetracker.setRecordingState(False)
10.6793 	EXP 	eyetracker.setRecordingState(False)
10.6898 	EXP 	eyetracker.setRecordingState(False)
10.7009 	EXP 	eyetracker.setRecordingState(False)
10.7126 	EXP 	eyetracker.setRecordingState(False)
10.7246 	EXP 	eyetracker.setRecordingState(False)
10.7362 	EXP 	eyetracker.setRecordingState(False)
10.7487 	EXP 	eyetracker.setRecordingState(False)
10.7604 	EXP 	eyetracker.setRecordingState(False)
10.7729 	EXP 	eyetracker.setRecordingState(False)
10.7863 	EXP 	eyetracker.setRecordingState(False)
10.7972 	EXP 	eyetracker.setRecordingState(False)
10.8061 	EXP 	eyetracker.setRecordingState(False)
10.8160 	EXP 	eyetracker.setRecordingState(False)
10.8260 	EXP 	eyetracker.setRecordingState(False)
10.8360 	EXP 	eyetracker.setRecordingState(False)
10.8463 	EXP 	eyetracker.setRecordingState(False)
10.8580 	EXP 	eyetracker.setRecordingState(False)
10.8691 	EXP 	eyetracker.setRecordingState(False)
10.8795 	EXP 	eyetracker.setRecordingState(False)
10.8890 	EXP 	eyetracker.setRecordingState(False)
10.8990 	EXP 	eyetracker.setRecordingState(False)
10.9084 	EXP 	eyetracker.setRecordingState(False)
10.9182 	EXP 	eyetracker.setRecordingState(False)
10.9273 	EXP 	eyetracker.setRecordingState(False)
10.9360 	EXP 	eyetracker.setRecordingState(False)
10.9458 	EXP 	eyetracker.setRecordingState(False)
10.9560 	EXP 	eyetracker.setRecordingState(False)
10.9665 	EXP 	eyetracker.setRecordingState(False)
10.9785 	EXP 	eyetracker.setRecordingState(False)
10.9891 	EXP 	eyetracker.setRecordingState(False)
10.9997 	EXP 	eyetracker.setRecordingState(False)
11.0123 	EXP 	eyetracker.setRecordingState(False)
11.0217 	EXP 	eyetracker.setRecordingState(False)
11.0301 	EXP 	eyetracker.setRecordingState(False)
11.0407 	EXP 	eyetracker.setRecordingState(False)
11.0494 	EXP 	eyetracker.setRecordingState(False)
11.0585 	EXP 	eyetracker.setRecordingState(False)
11.0676 	EXP 	eyetracker.setRecordingState(False)
11.0779 	EXP 	eyetracker.setRecordingState(False)
11.0886 	EXP 	eyetracker.setRecordingState(False)
11.0984 	EXP 	eyetracker.setRecordingState(False)
11.1089 	EXP 	eyetracker.setRecordingState(False)
11.1197 	EXP 	eyetracker.setRecordingState(False)
11.1315 	EXP 	eyetracker.setRecordingState(False)
11.1425 	EXP 	eyetracker.setRecordingState(False)
11.1526 	EXP 	eyetracker.setRecordingState(False)
11.1620 	EXP 	eyetracker.setRecordingState(False)
11.1715 	EXP 	eyetracker.setRecordingState(False)
11.1818 	EXP 	eyetracker.setRecordingState(False)
11.1916 	EXP 	eyetracker.setRecordingState(False)
11.2009 	EXP 	eyetracker.setRecordingState(False)
11.2106 	EXP 	eyetracker.setRecordingState(False)
11.2197 	EXP 	eyetracker.setRecordingState(False)
11.2293 	EXP 	eyetracker.setRecordingState(False)
11.2383 	EXP 	eyetracker.setRecordingState(False)
11.2473 	EXP 	eyetracker.setRecordingState(False)
11.2566 	EXP 	eyetracker.setRecordingState(False)
11.2649 	EXP 	eyetracker.setRecordingState(False)
11.2725 	EXP 	eyetracker.setRecordingState(False)
11.2800 	EXP 	eyetracker.setRecordingState(False)
11.2890 	EXP 	eyetracker.setRecordingState(False)
11.2968 	EXP 	eyetracker.setRecordingState(False)
11.3049 	EXP 	eyetracker.setRecordingState(False)
11.3134 	EXP 	eyetracker.setRecordingState(False)
11.3229 	EXP 	eyetracker.setRecordingState(False)
11.3332 	EXP 	eyetracker.setRecordingState(False)
11.3432 	EXP 	eyetracker.setRecordingState(False)
11.3544 	EXP 	eyetracker.setRecordingState(False)
11.3649 	EXP 	eyetracker.setRecordingState(False)
11.3741 	EXP 	eyetracker.setRecordingState(False)
11.3839 	EXP 	eyetracker.setRecordingState(False)
11.3924 	EXP 	eyetracker.setRecordingState(False)
11.4026 	EXP 	eyetracker.setRecordingState(False)
11.4152 	EXP 	eyetracker.setRecordingState(False)
11.4252 	EXP 	eyetracker.setRecordingState(False)
11.4365 	EXP 	eyetracker.setRecordingState(False)
11.4512 	EXP 	eyetracker.setRecordingState(False)
11.4685 	EXP 	eyetracker.setRecordingState(False)
11.4830 	EXP 	eyetracker.setRecordingState(False)
11.4994 	EXP 	eyetracker.setRecordingState(False)
11.5115 	EXP 	eyetracker.setRecordingState(False)
11.5270 	EXP 	eyetracker.setRecordingState(False)
11.5420 	EXP 	eyetracker.setRecordingState(False)
11.5542 	EXP 	eyetracker.setRecordingState(False)
11.5647 	EXP 	eyetracker.setRecordingState(False)
11.5735 	EXP 	eyetracker.setRecordingState(False)
11.5829 	EXP 	eyetracker.setRecordingState(False)
11.5934 	EXP 	eyetracker.setRecordingState(False)
11.6038 	EXP 	eyetracker.setRecordingState(False)
11.6149 	EXP 	eyetracker.setRecordingState(False)
11.6254 	EXP 	eyetracker.setRecordingState(False)
11.6373 	EXP 	eyetracker.setRecordingState(False)
11.6519 	EXP 	eyetracker.setRecordingState(False)
11.6636 	EXP 	eyetracker.setRecordingState(False)
11.6743 	EXP 	eyetracker.setRecordingState(False)
11.6857 	EXP 	eyetracker.setRecordingState(False)
11.6930 	EXP 	eyetracker.setRecordingState(False)
11.7009 	EXP 	eyetracker.setRecordingState(False)
11.7080 	EXP 	eyetracker.setRecordingState(False)
11.7166 	EXP 	eyetracker.setRecordingState(False)
11.7250 	EXP 	eyetracker.setRecordingState(False)
11.7341 	EXP 	eyetracker.setRecordingState(False)
11.7423 	EXP 	eyetracker.setRecordingState(False)
11.7510 	EXP 	eyetracker.setRecordingState(False)
11.7598 	EXP 	eyetracker.setRecordingState(False)
11.7702 	EXP 	eyetracker.setRecordingState(False)
11.7818 	EXP 	eyetracker.setRecordingState(False)
11.7915 	EXP 	eyetracker.setRecordingState(False)
11.8022 	EXP 	eyetracker.setRecordingState(False)
11.8131 	EXP 	eyetracker.setRecordingState(False)
11.8236 	EXP 	eyetracker.setRecordingState(False)
11.8331 	EXP 	eyetracker.setRecordingState(False)
11.8431 	EXP 	eyetracker.setRecordingState(False)
11.8536 	EXP 	eyetracker.setRecordingState(False)
11.8642 	EXP 	eyetracker.setRecordingState(False)
11.8752 	EXP 	eyetracker.setRecordingState(False)
11.8895 	EXP 	eyetracker.setRecordingState(False)
11.9016 	EXP 	eyetracker.setRecordingState(False)
11.9115 	EXP 	eyetracker.setRecordingState(False)
11.9219 	EXP 	eyetracker.setRecordingState(False)
11.9299 	EXP 	eyetracker.setRecordingState(False)
11.9373 	EXP 	eyetracker.setRecordingState(False)
11.9458 	EXP 	eyetracker.setRecordingState(False)
11.9546 	EXP 	eyetracker.setRecordingState(False)
11.9652 	EXP 	eyetracker.setRecordingState(False)
11.9732 	EXP 	eyetracker.setRecordingState(False)
11.9805 	EXP 	eyetracker.setRecordingState(False)
11.9878 	EXP 	eyetracker.setRecordingState(False)
11.9956 	EXP 	eyetracker.setRecordingState(False)
12.0029 	EXP 	eyetracker.setRecordingState(False)
12.0110 	EXP 	eyetracker.setRecordingState(False)
12.0195 	EXP 	eyetracker.setRecordingState(False)
12.0271 	EXP 	eyetracker.setRecordingState(False)
12.0347 	EXP 	eyetracker.setRecordingState(False)
12.0428 	EXP 	eyetracker.setRecordingState(False)
12.0488 	EXP 	eyetracker.setRecordingState(False)
12.0550 	EXP 	eyetracker.setRecordingState(False)
12.0617 	EXP 	eyetracker.setRecordingState(False)
12.0672 	EXP 	eyetracker.setRecordingState(False)
12.0738 	EXP 	eyetracker.setRecordingState(False)
12.0807 	EXP 	eyetracker.setRecordingState(False)
12.0884 	EXP 	eyetracker.setRecordingState(False)
12.0956 	EXP 	eyetracker.setRecordingState(False)
12.1026 	EXP 	eyetracker.setRecordingState(False)
12.1106 	EXP 	eyetracker.setRecordingState(False)
12.1183 	EXP 	eyetracker.setRecordingState(False)
12.1266 	EXP 	eyetracker.setRecordingState(False)
12.1348 	EXP 	eyetracker.setRecordingState(False)
12.1435 	EXP 	eyetracker.setRecordingState(False)
12.1521 	EXP 	eyetracker.setRecordingState(False)
12.1600 	EXP 	eyetracker.setRecordingState(False)
12.1677 	EXP 	eyetracker.setRecordingState(False)
12.1757 	EXP 	eyetracker.setRecordingState(False)
12.1839 	EXP 	eyetracker.setRecordingState(False)
12.1945 	EXP 	eyetracker.setRecordingState(False)
12.2030 	EXP 	eyetracker.setRecordingState(False)
12.2108 	EXP 	eyetracker.setRecordingState(False)
12.2190 	EXP 	eyetracker.setRecordingState(False)
12.2274 	EXP 	eyetracker.setRecordingState(False)
12.2371 	EXP 	eyetracker.setRecordingState(False)
12.2452 	EXP 	eyetracker.setRecordingState(False)
12.2533 	EXP 	eyetracker.setRecordingState(False)
12.2642 	EXP 	eyetracker.setRecordingState(False)
12.2715 	EXP 	eyetracker.setRecordingState(False)
12.2791 	EXP 	eyetracker.setRecordingState(False)
12.2864 	EXP 	eyetracker.setRecordingState(False)
12.2944 	EXP 	eyetracker.setRecordingState(False)
12.3024 	EXP 	eyetracker.setRecordingState(False)
12.3102 	EXP 	eyetracker.setRecordingState(False)
12.3166 	EXP 	eyetracker.setRecordingState(False)
12.3245 	EXP 	eyetracker.setRecordingState(False)
12.3320 	EXP 	eyetracker.setRecordingState(False)
12.3378 	EXP 	eyetracker.setRecordingState(False)
12.3469 	EXP 	eyetracker.setRecordingState(False)
12.3557 	EXP 	eyetracker.setRecordingState(False)
12.3629 	EXP 	eyetracker.setRecordingState(False)
12.3698 	EXP 	eyetracker.setRecordingState(False)
12.3772 	EXP 	eyetracker.setRecordingState(False)
12.3848 	EXP 	eyetracker.setRecordingState(False)
12.3939 	EXP 	eyetracker.setRecordingState(False)
12.4045 	EXP 	eyetracker.setRecordingState(False)
12.4122 	EXP 	eyetracker.setRecordingState(False)
12.4200 	EXP 	eyetracker.setRecordingState(False)
12.4270 	EXP 	eyetracker.setRecordingState(False)
12.4343 	EXP 	eyetracker.setRecordingState(False)
12.4415 	EXP 	eyetracker.setRecordingState(False)
12.4491 	EXP 	eyetracker.setRecordingState(False)
12.4560 	EXP 	eyetracker.setRecordingState(False)
12.4639 	EXP 	eyetracker.setRecordingState(False)
12.4723 	EXP 	eyetracker.setRecordingState(False)
12.4807 	EXP 	eyetracker.setRecordingState(False)
12.4886 	EXP 	eyetracker.setRecordingState(False)
12.4964 	EXP 	eyetracker.setRecordingState(False)
12.5033 	EXP 	eyetracker.setRecordingState(False)
12.5105 	EXP 	eyetracker.setRecordingState(False)
12.5174 	EXP 	eyetracker.setRecordingState(False)
12.5240 	EXP 	eyetracker.setRecordingState(False)
12.5317 	EXP 	eyetracker.setRecordingState(False)
12.5385 	EXP 	eyetracker.setRecordingState(False)
12.5457 	EXP 	eyetracker.setRecordingState(False)
12.5529 	EXP 	eyetracker.setRecordingState(False)
12.5600 	EXP 	eyetracker.setRecordingState(False)
12.5671 	EXP 	eyetracker.setRecordingState(False)
12.5745 	EXP 	eyetracker.setRecordingState(False)
12.5821 	EXP 	eyetracker.setRecordingState(False)
12.5891 	EXP 	eyetracker.setRecordingState(False)
12.5970 	EXP 	eyetracker.setRecordingState(False)
12.6038 	EXP 	eyetracker.setRecordingState(False)
12.6121 	EXP 	eyetracker.setRecordingState(False)
12.6194 	EXP 	eyetracker.setRecordingState(False)
12.6279 	EXP 	eyetracker.setRecordingState(False)
12.6363 	EXP 	eyetracker.setRecordingState(False)
12.6444 	EXP 	eyetracker.setRecordingState(False)
12.6514 	EXP 	eyetracker.setRecordingState(False)
12.6590 	EXP 	eyetracker.setRecordingState(False)
12.6667 	EXP 	eyetracker.setRecordingState(False)
12.6756 	EXP 	eyetracker.setRecordingState(False)
12.6835 	EXP 	eyetracker.setRecordingState(False)
12.6915 	EXP 	eyetracker.setRecordingState(False)
12.6985 	EXP 	eyetracker.setRecordingState(False)
12.7059 	EXP 	eyetracker.setRecordingState(False)
12.7143 	EXP 	eyetracker.setRecordingState(False)
12.7226 	EXP 	eyetracker.setRecordingState(False)
12.7315 	EXP 	eyetracker.setRecordingState(False)
12.7397 	EXP 	eyetracker.setRecordingState(False)
12.7481 	EXP 	eyetracker.setRecordingState(False)
12.7566 	EXP 	eyetracker.setRecordingState(False)
12.7653 	EXP 	eyetracker.setRecordingState(False)
12.7741 	EXP 	eyetracker.setRecordingState(False)
12.7836 	EXP 	eyetracker.setRecordingState(False)
12.7932 	EXP 	eyetracker.setRecordingState(False)
12.8021 	EXP 	eyetracker.setRecordingState(False)
12.8114 	EXP 	eyetracker.setRecordingState(False)
12.8205 	EXP 	eyetracker.setRecordingState(False)
12.8301 	EXP 	eyetracker.setRecordingState(False)
12.8390 	EXP 	eyetracker.setRecordingState(False)
12.8481 	EXP 	eyetracker.setRecordingState(False)
12.8571 	EXP 	eyetracker.setRecordingState(False)
12.8669 	EXP 	eyetracker.setRecordingState(False)
12.8741 	EXP 	eyetracker.setRecordingState(False)
12.8818 	EXP 	eyetracker.setRecordingState(False)
12.8906 	EXP 	eyetracker.setRecordingState(False)
12.9006 	EXP 	eyetracker.setRecordingState(False)
12.9099 	EXP 	eyetracker.setRecordingState(False)
12.9190 	EXP 	eyetracker.setRecordingState(False)
12.9283 	EXP 	eyetracker.setRecordingState(False)
12.9377 	EXP 	eyetracker.setRecordingState(False)
12.9475 	EXP 	eyetracker.setRecordingState(False)
12.9581 	EXP 	eyetracker.setRecordingState(False)
12.9677 	EXP 	eyetracker.setRecordingState(False)
12.9772 	EXP 	eyetracker.setRecordingState(False)
12.9868 	EXP 	eyetracker.setRecordingState(False)
12.9959 	EXP 	eyetracker.setRecordingState(False)
13.0052 	EXP 	eyetracker.setRecordingState(False)
13.0150 	EXP 	eyetracker.setRecordingState(False)
13.0251 	EXP 	eyetracker.setRecordingState(False)
13.0351 	EXP 	eyetracker.setRecordingState(False)
13.0443 	EXP 	eyetracker.setRecordingState(False)
13.0532 	EXP 	eyetracker.setRecordingState(False)
13.0611 	EXP 	eyetracker.setRecordingState(False)
13.0693 	EXP 	eyetracker.setRecordingState(False)
13.0783 	EXP 	eyetracker.setRecordingState(False)
13.0877 	EXP 	eyetracker.setRecordingState(False)
13.0975 	EXP 	eyetracker.setRecordingState(False)
13.1076 	EXP 	eyetracker.setRecordingState(False)
13.1179 	EXP 	eyetracker.setRecordingState(False)
13.1274 	EXP 	eyetracker.setRecordingState(False)
13.1372 	EXP 	eyetracker.setRecordingState(False)
13.1469 	EXP 	eyetracker.setRecordingState(False)
13.1561 	EXP 	eyetracker.setRecordingState(False)
13.1657 	EXP 	eyetracker.setRecordingState(False)
13.1757 	EXP 	eyetracker.setRecordingState(False)
13.1851 	EXP 	eyetracker.setRecordingState(False)
13.1945 	EXP 	eyetracker.setRecordingState(False)
13.2039 	EXP 	eyetracker.setRecordingState(False)
13.2131 	EXP 	eyetracker.setRecordingState(False)
13.2228 	EXP 	eyetracker.setRecordingState(False)
13.2320 	EXP 	eyetracker.setRecordingState(False)
13.2410 	EXP 	eyetracker.setRecordingState(False)
13.2496 	EXP 	eyetracker.setRecordingState(False)
13.2579 	EXP 	eyetracker.setRecordingState(False)
13.2659 	EXP 	eyetracker.setRecordingState(False)
13.2730 	EXP 	eyetracker.setRecordingState(False)
13.2805 	EXP 	eyetracker.setRecordingState(False)
13.2893 	EXP 	eyetracker.setRecordingState(False)
13.2959 	EXP 	eyetracker.setRecordingState(False)
13.3037 	EXP 	eyetracker.setRecordingState(False)
13.3118 	EXP 	eyetracker.setRecordingState(False)
13.3202 	EXP 	eyetracker.setRecordingState(False)
13.3289 	EXP 	eyetracker.setRecordingState(False)
13.3390 	EXP 	eyetracker.setRecordingState(False)
13.3487 	EXP 	eyetracker.setRecordingState(False)
13.3587 	EXP 	eyetracker.setRecordingState(False)
13.3683 	EXP 	eyetracker.setRecordingState(False)
13.3769 	EXP 	eyetracker.setRecordingState(False)
13.3876 	EXP 	eyetracker.setRecordingState(False)
13.3966 	EXP 	eyetracker.setRecordingState(False)
13.4063 	EXP 	eyetracker.setRecordingState(False)
13.4152 	EXP 	eyetracker.setRecordingState(False)
13.4238 	EXP 	eyetracker.setRecordingState(False)
13.4332 	EXP 	eyetracker.setRecordingState(False)
13.4413 	EXP 	eyetracker.setRecordingState(False)
13.4490 	EXP 	eyetracker.setRecordingState(False)
13.4582 	EXP 	eyetracker.setRecordingState(False)
13.4675 	EXP 	eyetracker.setRecordingState(False)
13.4761 	EXP 	eyetracker.setRecordingState(False)
13.4841 	EXP 	eyetracker.setRecordingState(False)
13.4929 	EXP 	eyetracker.setRecordingState(False)
13.5014 	EXP 	eyetracker.setRecordingState(False)
13.5103 	EXP 	eyetracker.setRecordingState(False)
13.5192 	EXP 	eyetracker.setRecordingState(False)
13.5294 	EXP 	eyetracker.setRecordingState(False)
13.5388 	EXP 	eyetracker.setRecordingState(False)
13.5474 	EXP 	eyetracker.setRecordingState(False)
13.5571 	EXP 	eyetracker.setRecordingState(False)
13.5656 	EXP 	eyetracker.setRecordingState(False)
13.5745 	EXP 	eyetracker.setRecordingState(False)
13.5837 	EXP 	eyetracker.setRecordingState(False)
13.5940 	EXP 	eyetracker.setRecordingState(False)
13.6030 	EXP 	eyetracker.setRecordingState(False)
13.6113 	EXP 	eyetracker.setRecordingState(False)
13.6199 	EXP 	eyetracker.setRecordingState(False)
13.6279 	EXP 	eyetracker.setRecordingState(False)
13.6372 	EXP 	eyetracker.setRecordingState(False)
13.6462 	EXP 	eyetracker.setRecordingState(False)
13.6555 	EXP 	eyetracker.setRecordingState(False)
13.6644 	EXP 	eyetracker.setRecordingState(False)
13.6729 	EXP 	eyetracker.setRecordingState(False)
13.6816 	EXP 	eyetracker.setRecordingState(False)
13.6894 	EXP 	eyetracker.setRecordingState(False)
13.6982 	EXP 	eyetracker.setRecordingState(False)
13.7072 	EXP 	eyetracker.setRecordingState(False)
13.7160 	EXP 	eyetracker.setRecordingState(False)
13.7234 	EXP 	eyetracker.setRecordingState(False)
13.7316 	EXP 	eyetracker.setRecordingState(False)
13.7393 	EXP 	eyetracker.setRecordingState(False)
13.7466 	EXP 	eyetracker.setRecordingState(False)
13.7529 	EXP 	eyetracker.setRecordingState(False)
13.7602 	EXP 	eyetracker.setRecordingState(False)
13.7663 	EXP 	eyetracker.setRecordingState(False)
13.7740 	EXP 	eyetracker.setRecordingState(False)
13.7811 	EXP 	eyetracker.setRecordingState(False)
13.7888 	EXP 	eyetracker.setRecordingState(False)
13.7966 	EXP 	eyetracker.setRecordingState(False)
13.8045 	EXP 	eyetracker.setRecordingState(False)
13.8140 	EXP 	eyetracker.setRecordingState(False)
13.8212 	EXP 	eyetracker.setRecordingState(False)
13.8282 	EXP 	eyetracker.setRecordingState(False)
13.8361 	EXP 	eyetracker.setRecordingState(False)
13.8397 	DATA 	Mouse: Left button down, pos=(585,559)
13.8459 	EXP 	eyetracker.setRecordingState(False)
13.8489 	EXP 	eyetracker.setRecordingState(False)
13.8684 	INFO 	Keyboard events cleared
13.8672 	EXP 	text_7: autoDraw = False
13.8672 	EXP 	highlandYoghurt: autoDraw = False
13.8672 	EXP 	anchoryoghurt: autoDraw = False
13.8672 	EXP 	ambewelayoghurt: autoDraw = False
13.8672 	EXP 	pelawatteyoghurt: autoDraw = False
13.8672 	EXP 	text_8: autoDraw = False
13.8672 	EXP 	text_9: autoDraw = False
13.8672 	EXP 	text_10: autoDraw = False
13.8672 	EXP 	text_11: autoDraw = False
13.8672 	EXP 	text_12: autoDraw = True
13.8672 	EXP 	fortune: autoDraw = True
13.8672 	EXP 	marina: autoDraw = True
13.8672 	EXP 	Njoy: autoDraw = True
13.8672 	EXP 	text_13: autoDraw = True
13.8672 	EXP 	text_14: autoDraw = True
13.8672 	EXP 	text_15: autoDraw = True
13.8708 	EXP 	eyetracker.setRecordingState(False)
13.8798 	EXP 	eyetracker.setRecordingState(False)
13.8917 	EXP 	eyetracker.setRecordingState(False)
13.9033 	EXP 	eyetracker.setRecordingState(False)
13.9145 	EXP 	eyetracker.setRecordingState(False)
13.9269 	EXP 	eyetracker.setRecordingState(False)
13.9395 	EXP 	eyetracker.setRecordingState(False)
13.9506 	EXP 	eyetracker.setRecordingState(False)
13.9614 	EXP 	eyetracker.setRecordingState(False)
13.9714 	EXP 	eyetracker.setRecordingState(False)
13.9814 	EXP 	eyetracker.setRecordingState(False)
13.9912 	EXP 	eyetracker.setRecordingState(False)
14.0011 	EXP 	eyetracker.setRecordingState(False)
14.0111 	EXP 	eyetracker.setRecordingState(False)
14.0209 	EXP 	eyetracker.setRecordingState(False)
14.0316 	EXP 	eyetracker.setRecordingState(False)
14.0411 	EXP 	eyetracker.setRecordingState(False)
14.0512 	EXP 	eyetracker.setRecordingState(False)
14.0594 	DATA 	Mouse:  Left button up, pos=(585,559)
14.0617 	EXP 	eyetracker.setRecordingState(False)
14.0704 	EXP 	eyetracker.setRecordingState(False)
14.0803 	EXP 	eyetracker.setRecordingState(False)
14.0908 	EXP 	eyetracker.setRecordingState(False)
14.0994 	EXP 	eyetracker.setRecordingState(False)
14.1075 	EXP 	eyetracker.setRecordingState(False)
14.1148 	EXP 	eyetracker.setRecordingState(False)
14.1233 	EXP 	eyetracker.setRecordingState(False)
14.1320 	EXP 	eyetracker.setRecordingState(False)
14.1413 	EXP 	eyetracker.setRecordingState(False)
14.1513 	EXP 	eyetracker.setRecordingState(False)
14.1611 	EXP 	eyetracker.setRecordingState(False)
14.1697 	EXP 	eyetracker.setRecordingState(False)
14.1791 	EXP 	eyetracker.setRecordingState(False)
14.1884 	EXP 	eyetracker.setRecordingState(False)
14.1978 	EXP 	eyetracker.setRecordingState(False)
14.2065 	EXP 	eyetracker.setRecordingState(False)
14.2162 	EXP 	eyetracker.setRecordingState(False)
14.2249 	EXP 	eyetracker.setRecordingState(False)
14.2335 	EXP 	eyetracker.setRecordingState(False)
14.2423 	EXP 	eyetracker.setRecordingState(False)
14.2511 	EXP 	eyetracker.setRecordingState(False)
14.2592 	EXP 	eyetracker.setRecordingState(False)
14.2670 	EXP 	eyetracker.setRecordingState(False)
14.2748 	EXP 	eyetracker.setRecordingState(False)
14.2826 	EXP 	eyetracker.setRecordingState(False)
14.2912 	EXP 	eyetracker.setRecordingState(False)
14.2995 	EXP 	eyetracker.setRecordingState(False)
14.3088 	EXP 	eyetracker.setRecordingState(False)
14.3183 	EXP 	eyetracker.setRecordingState(False)
14.3274 	EXP 	eyetracker.setRecordingState(False)
14.3360 	EXP 	eyetracker.setRecordingState(False)
14.3457 	EXP 	eyetracker.setRecordingState(False)
14.3553 	EXP 	eyetracker.setRecordingState(False)
14.3654 	EXP 	eyetracker.setRecordingState(False)
14.3751 	EXP 	eyetracker.setRecordingState(False)
14.3840 	EXP 	eyetracker.setRecordingState(False)
14.3932 	EXP 	eyetracker.setRecordingState(False)
14.4029 	EXP 	eyetracker.setRecordingState(False)
14.4122 	EXP 	eyetracker.setRecordingState(False)
14.4230 	EXP 	eyetracker.setRecordingState(False)
14.4317 	EXP 	eyetracker.setRecordingState(False)
14.4397 	EXP 	eyetracker.setRecordingState(False)
14.4475 	EXP 	eyetracker.setRecordingState(False)
14.4554 	EXP 	eyetracker.setRecordingState(False)
14.4650 	EXP 	eyetracker.setRecordingState(False)
14.4737 	EXP 	eyetracker.setRecordingState(False)
14.4829 	EXP 	eyetracker.setRecordingState(False)
14.4929 	EXP 	eyetracker.setRecordingState(False)
14.5024 	EXP 	eyetracker.setRecordingState(False)
14.5117 	EXP 	eyetracker.setRecordingState(False)
14.5207 	EXP 	eyetracker.setRecordingState(False)
14.5294 	EXP 	eyetracker.setRecordingState(False)
14.5390 	EXP 	eyetracker.setRecordingState(False)
14.5484 	EXP 	eyetracker.setRecordingState(False)
14.5583 	EXP 	eyetracker.setRecordingState(False)
14.5687 	EXP 	eyetracker.setRecordingState(False)
14.5782 	EXP 	eyetracker.setRecordingState(False)
14.5880 	EXP 	eyetracker.setRecordingState(False)
14.5977 	EXP 	eyetracker.setRecordingState(False)
14.6061 	EXP 	eyetracker.setRecordingState(False)
14.6148 	EXP 	eyetracker.setRecordingState(False)
14.6232 	EXP 	eyetracker.setRecordingState(False)
14.6312 	EXP 	eyetracker.setRecordingState(False)
14.6391 	EXP 	eyetracker.setRecordingState(False)
14.6471 	EXP 	eyetracker.setRecordingState(False)
14.6547 	EXP 	eyetracker.setRecordingState(False)
14.6628 	EXP 	eyetracker.setRecordingState(False)
14.6714 	EXP 	eyetracker.setRecordingState(False)
14.6802 	EXP 	eyetracker.setRecordingState(False)
14.6896 	EXP 	eyetracker.setRecordingState(False)
14.6981 	EXP 	eyetracker.setRecordingState(False)
14.7071 	EXP 	eyetracker.setRecordingState(False)
14.7152 	EXP 	eyetracker.setRecordingState(False)
14.7227 	EXP 	eyetracker.setRecordingState(False)
14.7304 	EXP 	eyetracker.setRecordingState(False)
14.7381 	EXP 	eyetracker.setRecordingState(False)
14.7463 	EXP 	eyetracker.setRecordingState(False)
14.7542 	EXP 	eyetracker.setRecordingState(False)
14.7627 	EXP 	eyetracker.setRecordingState(False)
14.7719 	EXP 	eyetracker.setRecordingState(False)
14.7805 	EXP 	eyetracker.setRecordingState(False)
14.7894 	EXP 	eyetracker.setRecordingState(False)
14.7982 	EXP 	eyetracker.setRecordingState(False)
14.8065 	EXP 	eyetracker.setRecordingState(False)
14.8155 	EXP 	eyetracker.setRecordingState(False)
14.8240 	EXP 	eyetracker.setRecordingState(False)
14.8317 	EXP 	eyetracker.setRecordingState(False)
14.8400 	EXP 	eyetracker.setRecordingState(False)
14.8487 	EXP 	eyetracker.setRecordingState(False)
14.8567 	EXP 	eyetracker.setRecordingState(False)
14.8652 	EXP 	eyetracker.setRecordingState(False)
14.8740 	EXP 	eyetracker.setRecordingState(False)
14.8846 	EXP 	eyetracker.setRecordingState(False)
14.8930 	EXP 	eyetracker.setRecordingState(False)
14.9014 	EXP 	eyetracker.setRecordingState(False)
14.9102 	EXP 	eyetracker.setRecordingState(False)
14.9179 	EXP 	eyetracker.setRecordingState(False)
14.9264 	EXP 	eyetracker.setRecordingState(False)
14.9343 	EXP 	eyetracker.setRecordingState(False)
14.9422 	EXP 	eyetracker.setRecordingState(False)
14.9501 	EXP 	eyetracker.setRecordingState(False)
14.9584 	EXP 	eyetracker.setRecordingState(False)
14.9663 	EXP 	eyetracker.setRecordingState(False)
14.9755 	EXP 	eyetracker.setRecordingState(False)
14.9841 	EXP 	eyetracker.setRecordingState(False)
14.9936 	EXP 	eyetracker.setRecordingState(False)
15.0031 	EXP 	eyetracker.setRecordingState(False)
15.0121 	EXP 	eyetracker.setRecordingState(False)
15.0206 	EXP 	eyetracker.setRecordingState(False)
15.0294 	EXP 	eyetracker.setRecordingState(False)
15.0368 	EXP 	eyetracker.setRecordingState(False)
15.0449 	EXP 	eyetracker.setRecordingState(False)
15.0524 	EXP 	eyetracker.setRecordingState(False)
15.0600 	EXP 	eyetracker.setRecordingState(False)
15.0669 	EXP 	eyetracker.setRecordingState(False)
15.0743 	EXP 	eyetracker.setRecordingState(False)
15.0803 	EXP 	eyetracker.setRecordingState(False)
15.0866 	EXP 	eyetracker.setRecordingState(False)
15.0928 	EXP 	eyetracker.setRecordingState(False)
15.0996 	EXP 	eyetracker.setRecordingState(False)
15.1063 	EXP 	eyetracker.setRecordingState(False)
15.1127 	EXP 	eyetracker.setRecordingState(False)
15.1192 	EXP 	eyetracker.setRecordingState(False)
15.1256 	EXP 	eyetracker.setRecordingState(False)
15.1323 	EXP 	eyetracker.setRecordingState(False)
15.1392 	EXP 	eyetracker.setRecordingState(False)
15.1459 	EXP 	eyetracker.setRecordingState(False)
15.1534 	EXP 	eyetracker.setRecordingState(False)
15.1615 	EXP 	eyetracker.setRecordingState(False)
15.1699 	EXP 	eyetracker.setRecordingState(False)
15.1785 	EXP 	eyetracker.setRecordingState(False)
15.1867 	EXP 	eyetracker.setRecordingState(False)
15.1961 	EXP 	eyetracker.setRecordingState(False)
15.2054 	EXP 	eyetracker.setRecordingState(False)
15.2172 	EXP 	eyetracker.setRecordingState(False)
15.2264 	EXP 	eyetracker.setRecordingState(False)
15.2349 	EXP 	eyetracker.setRecordingState(False)
15.2448 	EXP 	eyetracker.setRecordingState(False)
15.2543 	EXP 	eyetracker.setRecordingState(False)
15.2640 	EXP 	eyetracker.setRecordingState(False)
15.2718 	EXP 	eyetracker.setRecordingState(False)
15.2812 	EXP 	eyetracker.setRecordingState(False)
15.2893 	EXP 	eyetracker.setRecordingState(False)
15.2977 	EXP 	eyetracker.setRecordingState(False)
15.3066 	EXP 	eyetracker.setRecordingState(False)
15.3141 	EXP 	eyetracker.setRecordingState(False)
15.3242 	EXP 	eyetracker.setRecordingState(False)
15.3316 	EXP 	eyetracker.setRecordingState(False)
15.3388 	EXP 	eyetracker.setRecordingState(False)
15.3455 	EXP 	eyetracker.setRecordingState(False)
15.3524 	EXP 	eyetracker.setRecordingState(False)
15.3589 	EXP 	eyetracker.setRecordingState(False)
15.3656 	EXP 	eyetracker.setRecordingState(False)
15.3724 	EXP 	eyetracker.setRecordingState(False)
15.3800 	EXP 	eyetracker.setRecordingState(False)
15.3866 	EXP 	eyetracker.setRecordingState(False)
15.3934 	EXP 	eyetracker.setRecordingState(False)
15.4013 	EXP 	eyetracker.setRecordingState(False)
15.4076 	EXP 	eyetracker.setRecordingState(False)
15.4150 	EXP 	eyetracker.setRecordingState(False)
15.4214 	EXP 	eyetracker.setRecordingState(False)
15.4284 	EXP 	eyetracker.setRecordingState(False)
15.4360 	EXP 	eyetracker.setRecordingState(False)
15.4435 	EXP 	eyetracker.setRecordingState(False)
15.4506 	EXP 	eyetracker.setRecordingState(False)
15.4571 	EXP 	eyetracker.setRecordingState(False)
15.4638 	EXP 	eyetracker.setRecordingState(False)
15.4699 	EXP 	eyetracker.setRecordingState(False)
15.4761 	EXP 	eyetracker.setRecordingState(False)
15.4816 	EXP 	eyetracker.setRecordingState(False)
15.4877 	EXP 	eyetracker.setRecordingState(False)
15.4945 	EXP 	eyetracker.setRecordingState(False)
15.5004 	EXP 	eyetracker.setRecordingState(False)
15.5071 	EXP 	eyetracker.setRecordingState(False)
15.5138 	EXP 	eyetracker.setRecordingState(False)
15.5209 	EXP 	eyetracker.setRecordingState(False)
15.5277 	EXP 	eyetracker.setRecordingState(False)
15.5350 	EXP 	eyetracker.setRecordingState(False)
15.5423 	EXP 	eyetracker.setRecordingState(False)
15.5488 	EXP 	eyetracker.setRecordingState(False)
15.5570 	EXP 	eyetracker.setRecordingState(False)
15.5644 	EXP 	eyetracker.setRecordingState(False)
15.5743 	EXP 	eyetracker.setRecordingState(False)
15.5817 	EXP 	eyetracker.setRecordingState(False)
15.5895 	EXP 	eyetracker.setRecordingState(False)
15.5970 	EXP 	eyetracker.setRecordingState(False)
15.6050 	EXP 	eyetracker.setRecordingState(False)
15.6124 	EXP 	eyetracker.setRecordingState(False)
15.6198 	EXP 	eyetracker.setRecordingState(False)
15.6273 	EXP 	eyetracker.setRecordingState(False)
15.6377 	EXP 	eyetracker.setRecordingState(False)
15.6462 	EXP 	eyetracker.setRecordingState(False)
15.6544 	EXP 	eyetracker.setRecordingState(False)
15.6628 	EXP 	eyetracker.setRecordingState(False)
15.6716 	EXP 	eyetracker.setRecordingState(False)
15.6797 	EXP 	eyetracker.setRecordingState(False)
15.6870 	EXP 	eyetracker.setRecordingState(False)
15.6961 	EXP 	eyetracker.setRecordingState(False)
15.7049 	EXP 	eyetracker.setRecordingState(False)
15.7160 	EXP 	eyetracker.setRecordingState(False)
15.7245 	EXP 	eyetracker.setRecordingState(False)
15.7317 	EXP 	eyetracker.setRecordingState(False)
15.7396 	EXP 	eyetracker.setRecordingState(False)
15.7487 	EXP 	eyetracker.setRecordingState(False)
15.7568 	EXP 	eyetracker.setRecordingState(False)
15.7643 	EXP 	eyetracker.setRecordingState(False)
15.7723 	EXP 	eyetracker.setRecordingState(False)
15.7803 	EXP 	eyetracker.setRecordingState(False)
15.7914 	EXP 	eyetracker.setRecordingState(False)
15.7993 	EXP 	eyetracker.setRecordingState(False)
15.8075 	EXP 	eyetracker.setRecordingState(False)
15.8154 	EXP 	eyetracker.setRecordingState(False)
15.8227 	EXP 	eyetracker.setRecordingState(False)
15.8314 	EXP 	eyetracker.setRecordingState(False)
15.8391 	EXP 	eyetracker.setRecordingState(False)
15.8461 	EXP 	eyetracker.setRecordingState(False)
15.8547 	EXP 	eyetracker.setRecordingState(False)
15.8620 	EXP 	eyetracker.setRecordingState(False)
15.8691 	EXP 	eyetracker.setRecordingState(False)
15.8755 	EXP 	eyetracker.setRecordingState(False)
15.8828 	EXP 	eyetracker.setRecordingState(False)
15.8895 	EXP 	eyetracker.setRecordingState(False)
15.8967 	EXP 	eyetracker.setRecordingState(False)
15.9047 	EXP 	eyetracker.setRecordingState(False)
15.9131 	EXP 	eyetracker.setRecordingState(False)
15.9227 	EXP 	eyetracker.setRecordingState(False)
15.9312 	EXP 	eyetracker.setRecordingState(False)
15.9378 	EXP 	eyetracker.setRecordingState(False)
15.9452 	EXP 	eyetracker.setRecordingState(False)
15.9520 	EXP 	eyetracker.setRecordingState(False)
15.9589 	EXP 	eyetracker.setRecordingState(False)
15.9662 	EXP 	eyetracker.setRecordingState(False)
15.9739 	EXP 	eyetracker.setRecordingState(False)
15.9806 	EXP 	eyetracker.setRecordingState(False)
15.9868 	EXP 	eyetracker.setRecordingState(False)
15.9943 	EXP 	eyetracker.setRecordingState(False)
16.0012 	EXP 	eyetracker.setRecordingState(False)
16.0092 	EXP 	eyetracker.setRecordingState(False)
16.0167 	EXP 	eyetracker.setRecordingState(False)
16.0232 	EXP 	eyetracker.setRecordingState(False)
16.0296 	EXP 	eyetracker.setRecordingState(False)
16.0360 	EXP 	eyetracker.setRecordingState(False)
16.0417 	EXP 	eyetracker.setRecordingState(False)
16.0487 	EXP 	eyetracker.setRecordingState(False)
16.0553 	EXP 	eyetracker.setRecordingState(False)
16.0612 	EXP 	eyetracker.setRecordingState(False)
16.0680 	EXP 	eyetracker.setRecordingState(False)
16.0751 	EXP 	eyetracker.setRecordingState(False)
16.0832 	EXP 	eyetracker.setRecordingState(False)
16.0886 	EXP 	eyetracker.setRecordingState(False)
16.0952 	EXP 	eyetracker.setRecordingState(False)
16.1011 	EXP 	eyetracker.setRecordingState(False)
16.1066 	EXP 	eyetracker.setRecordingState(False)
16.1124 	EXP 	eyetracker.setRecordingState(False)
16.1189 	EXP 	eyetracker.setRecordingState(False)
16.1254 	EXP 	eyetracker.setRecordingState(False)
16.1324 	EXP 	eyetracker.setRecordingState(False)
16.1400 	EXP 	eyetracker.setRecordingState(False)
16.1481 	EXP 	eyetracker.setRecordingState(False)
16.1548 	EXP 	eyetracker.setRecordingState(False)
16.1620 	EXP 	eyetracker.setRecordingState(False)
16.1688 	EXP 	eyetracker.setRecordingState(False)
16.1747 	EXP 	eyetracker.setRecordingState(False)
16.1809 	EXP 	eyetracker.setRecordingState(False)
16.1875 	EXP 	eyetracker.setRecordingState(False)
16.1953 	EXP 	eyetracker.setRecordingState(False)
16.2028 	EXP 	eyetracker.setRecordingState(False)
16.2105 	EXP 	eyetracker.setRecordingState(False)
16.2177 	EXP 	eyetracker.setRecordingState(False)
16.2251 	EXP 	eyetracker.setRecordingState(False)
16.2336 	EXP 	eyetracker.setRecordingState(False)
16.2404 	EXP 	eyetracker.setRecordingState(False)
16.2475 	EXP 	eyetracker.setRecordingState(False)
16.2554 	EXP 	eyetracker.setRecordingState(False)
16.2621 	EXP 	eyetracker.setRecordingState(False)
16.2682 	EXP 	eyetracker.setRecordingState(False)
16.2744 	EXP 	eyetracker.setRecordingState(False)
16.2806 	EXP 	eyetracker.setRecordingState(False)
16.2876 	EXP 	eyetracker.setRecordingState(False)
16.2943 	EXP 	eyetracker.setRecordingState(False)
16.3010 	EXP 	eyetracker.setRecordingState(False)
16.3081 	EXP 	eyetracker.setRecordingState(False)
16.3142 	EXP 	eyetracker.setRecordingState(False)
16.3216 	EXP 	eyetracker.setRecordingState(False)
16.3288 	EXP 	eyetracker.setRecordingState(False)
16.3348 	EXP 	eyetracker.setRecordingState(False)
16.3396 	EXP 	eyetracker.setRecordingState(False)
16.3470 	EXP 	eyetracker.setRecordingState(False)
16.3543 	EXP 	eyetracker.setRecordingState(False)
16.3617 	EXP 	eyetracker.setRecordingState(False)
16.3704 	EXP 	eyetracker.setRecordingState(False)
16.3777 	EXP 	eyetracker.setRecordingState(False)
16.3839 	EXP 	eyetracker.setRecordingState(False)
16.3896 	EXP 	eyetracker.setRecordingState(False)
16.3964 	EXP 	eyetracker.setRecordingState(False)
16.4056 	EXP 	eyetracker.setRecordingState(False)
16.4141 	EXP 	eyetracker.setRecordingState(False)
16.4232 	EXP 	eyetracker.setRecordingState(False)
16.4332 	EXP 	eyetracker.setRecordingState(False)
16.4419 	EXP 	eyetracker.setRecordingState(False)
16.4514 	EXP 	eyetracker.setRecordingState(False)
16.4590 	EXP 	eyetracker.setRecordingState(False)
16.4685 	EXP 	eyetracker.setRecordingState(False)
16.4774 	EXP 	eyetracker.setRecordingState(False)
16.4867 	EXP 	eyetracker.setRecordingState(False)
16.4952 	EXP 	eyetracker.setRecordingState(False)
16.5035 	EXP 	eyetracker.setRecordingState(False)
16.5126 	EXP 	eyetracker.setRecordingState(False)
16.5232 	EXP 	eyetracker.setRecordingState(False)
16.5342 	EXP 	eyetracker.setRecordingState(False)
16.5472 	EXP 	eyetracker.setRecordingState(False)
16.5583 	EXP 	eyetracker.setRecordingState(False)
16.5702 	EXP 	eyetracker.setRecordingState(False)
16.5835 	EXP 	eyetracker.setRecordingState(False)
16.5967 	EXP 	eyetracker.setRecordingState(False)
16.6077 	EXP 	eyetracker.setRecordingState(False)
16.6193 	EXP 	eyetracker.setRecordingState(False)
16.6318 	EXP 	eyetracker.setRecordingState(False)
16.6457 	EXP 	eyetracker.setRecordingState(False)
16.6580 	EXP 	eyetracker.setRecordingState(False)
16.6677 	EXP 	eyetracker.setRecordingState(False)
16.6779 	EXP 	eyetracker.setRecordingState(False)
16.6868 	EXP 	eyetracker.setRecordingState(False)
16.6952 	EXP 	eyetracker.setRecordingState(False)
16.7051 	EXP 	eyetracker.setRecordingState(False)
16.7131 	EXP 	eyetracker.setRecordingState(False)
16.7208 	EXP 	eyetracker.setRecordingState(False)
16.7293 	EXP 	eyetracker.setRecordingState(False)
16.7382 	EXP 	eyetracker.setRecordingState(False)
16.7453 	EXP 	eyetracker.setRecordingState(False)
16.7538 	EXP 	eyetracker.setRecordingState(False)
16.7621 	EXP 	eyetracker.setRecordingState(False)
16.7691 	EXP 	eyetracker.setRecordingState(False)
16.7764 	EXP 	eyetracker.setRecordingState(False)
16.7832 	EXP 	eyetracker.setRecordingState(False)
16.7904 	EXP 	eyetracker.setRecordingState(False)
16.7977 	EXP 	eyetracker.setRecordingState(False)
16.8043 	EXP 	eyetracker.setRecordingState(False)
16.8106 	EXP 	eyetracker.setRecordingState(False)
16.8172 	EXP 	eyetracker.setRecordingState(False)
16.8243 	EXP 	eyetracker.setRecordingState(False)
16.8318 	EXP 	eyetracker.setRecordingState(False)
16.8392 	EXP 	eyetracker.setRecordingState(False)
16.8466 	EXP 	eyetracker.setRecordingState(False)
16.8530 	EXP 	eyetracker.setRecordingState(False)
16.8598 	EXP 	eyetracker.setRecordingState(False)
16.8670 	EXP 	eyetracker.setRecordingState(False)
16.8738 	EXP 	eyetracker.setRecordingState(False)
16.8812 	EXP 	eyetracker.setRecordingState(False)
16.8887 	EXP 	eyetracker.setRecordingState(False)
16.8951 	EXP 	eyetracker.setRecordingState(False)
16.9019 	EXP 	eyetracker.setRecordingState(False)
16.9084 	EXP 	eyetracker.setRecordingState(False)
16.9153 	EXP 	eyetracker.setRecordingState(False)
16.9223 	EXP 	eyetracker.setRecordingState(False)
16.9292 	EXP 	eyetracker.setRecordingState(False)
16.9372 	EXP 	eyetracker.setRecordingState(False)
16.9452 	EXP 	eyetracker.setRecordingState(False)
16.9518 	EXP 	eyetracker.setRecordingState(False)
16.9586 	EXP 	eyetracker.setRecordingState(False)
16.9650 	EXP 	eyetracker.setRecordingState(False)
16.9715 	EXP 	eyetracker.setRecordingState(False)
16.9776 	EXP 	eyetracker.setRecordingState(False)
16.9842 	EXP 	eyetracker.setRecordingState(False)
16.9914 	EXP 	eyetracker.setRecordingState(False)
16.9984 	EXP 	eyetracker.setRecordingState(False)
17.0072 	EXP 	eyetracker.setRecordingState(False)
17.0135 	EXP 	eyetracker.setRecordingState(False)
17.0206 	EXP 	eyetracker.setRecordingState(False)
17.0274 	EXP 	eyetracker.setRecordingState(False)
17.0334 	EXP 	eyetracker.setRecordingState(False)
17.0403 	EXP 	eyetracker.setRecordingState(False)
17.0484 	EXP 	eyetracker.setRecordingState(False)
17.0558 	EXP 	eyetracker.setRecordingState(False)
17.0626 	EXP 	eyetracker.setRecordingState(False)
17.0697 	EXP 	eyetracker.setRecordingState(False)
17.0765 	EXP 	eyetracker.setRecordingState(False)
17.0837 	EXP 	eyetracker.setRecordingState(False)
17.0907 	EXP 	eyetracker.setRecordingState(False)
17.0969 	EXP 	eyetracker.setRecordingState(False)
17.1024 	EXP 	eyetracker.setRecordingState(False)
17.1080 	EXP 	eyetracker.setRecordingState(False)
17.1142 	EXP 	eyetracker.setRecordingState(False)
17.1201 	EXP 	eyetracker.setRecordingState(False)
17.1262 	EXP 	eyetracker.setRecordingState(False)
17.1327 	EXP 	eyetracker.setRecordingState(False)
17.1396 	EXP 	eyetracker.setRecordingState(False)
17.1459 	EXP 	eyetracker.setRecordingState(False)
17.1533 	EXP 	eyetracker.setRecordingState(False)
17.1603 	EXP 	eyetracker.setRecordingState(False)
17.1676 	EXP 	eyetracker.setRecordingState(False)
17.1744 	EXP 	eyetracker.setRecordingState(False)
17.1818 	EXP 	eyetracker.setRecordingState(False)
17.1886 	EXP 	eyetracker.setRecordingState(False)
17.1954 	EXP 	eyetracker.setRecordingState(False)
17.2021 	EXP 	eyetracker.setRecordingState(False)
17.2093 	EXP 	eyetracker.setRecordingState(False)
17.2161 	EXP 	eyetracker.setRecordingState(False)
17.2231 	EXP 	eyetracker.setRecordingState(False)
17.2301 	EXP 	eyetracker.setRecordingState(False)
17.2379 	EXP 	eyetracker.setRecordingState(False)
17.2463 	EXP 	eyetracker.setRecordingState(False)
17.2535 	EXP 	eyetracker.setRecordingState(False)
17.2621 	EXP 	eyetracker.setRecordingState(False)
17.2686 	EXP 	eyetracker.setRecordingState(False)
17.2765 	EXP 	eyetracker.setRecordingState(False)
17.2849 	EXP 	eyetracker.setRecordingState(False)
17.2925 	EXP 	eyetracker.setRecordingState(False)
17.3014 	EXP 	eyetracker.setRecordingState(False)
17.3107 	EXP 	eyetracker.setRecordingState(False)
17.3198 	EXP 	eyetracker.setRecordingState(False)
17.3290 	EXP 	eyetracker.setRecordingState(False)
17.3379 	EXP 	eyetracker.setRecordingState(False)
17.3448 	EXP 	eyetracker.setRecordingState(False)
17.3527 	EXP 	eyetracker.setRecordingState(False)
17.3621 	EXP 	eyetracker.setRecordingState(False)
17.3708 	EXP 	eyetracker.setRecordingState(False)
17.3783 	EXP 	eyetracker.setRecordingState(False)
17.3862 	EXP 	eyetracker.setRecordingState(False)
17.3957 	EXP 	eyetracker.setRecordingState(False)
17.4047 	EXP 	eyetracker.setRecordingState(False)
17.4140 	EXP 	eyetracker.setRecordingState(False)
17.4226 	EXP 	eyetracker.setRecordingState(False)
17.4329 	EXP 	eyetracker.setRecordingState(False)
17.4414 	EXP 	eyetracker.setRecordingState(False)
17.4497 	EXP 	eyetracker.setRecordingState(False)
17.4580 	EXP 	eyetracker.setRecordingState(False)
17.4655 	EXP 	eyetracker.setRecordingState(False)
17.4731 	EXP 	eyetracker.setRecordingState(False)
17.4818 	EXP 	eyetracker.setRecordingState(False)
17.4903 	EXP 	eyetracker.setRecordingState(False)
17.4989 	EXP 	eyetracker.setRecordingState(False)
17.5095 	EXP 	eyetracker.setRecordingState(False)
17.5179 	EXP 	eyetracker.setRecordingState(False)
17.5267 	EXP 	eyetracker.setRecordingState(False)
17.5328 	EXP 	eyetracker.setRecordingState(False)
17.5397 	EXP 	eyetracker.setRecordingState(False)
17.5466 	EXP 	eyetracker.setRecordingState(False)
17.5530 	EXP 	eyetracker.setRecordingState(False)
17.5590 	EXP 	eyetracker.setRecordingState(False)
17.5653 	EXP 	eyetracker.setRecordingState(False)
17.5725 	EXP 	eyetracker.setRecordingState(False)
17.5799 	EXP 	eyetracker.setRecordingState(False)
17.5866 	EXP 	eyetracker.setRecordingState(False)
17.5933 	EXP 	eyetracker.setRecordingState(False)
17.6002 	EXP 	eyetracker.setRecordingState(False)
17.6074 	EXP 	eyetracker.setRecordingState(False)
17.6142 	EXP 	eyetracker.setRecordingState(False)
17.6221 	EXP 	eyetracker.setRecordingState(False)
17.6298 	EXP 	eyetracker.setRecordingState(False)
17.6377 	EXP 	eyetracker.setRecordingState(False)
17.6446 	EXP 	eyetracker.setRecordingState(False)
17.6526 	EXP 	eyetracker.setRecordingState(False)
17.6605 	EXP 	eyetracker.setRecordingState(False)
17.6676 	EXP 	eyetracker.setRecordingState(False)
17.6758 	EXP 	eyetracker.setRecordingState(False)
17.6834 	EXP 	eyetracker.setRecordingState(False)
17.6898 	EXP 	eyetracker.setRecordingState(False)
17.6972 	EXP 	eyetracker.setRecordingState(False)
17.7039 	EXP 	eyetracker.setRecordingState(False)
17.7111 	EXP 	eyetracker.setRecordingState(False)
17.7181 	EXP 	eyetracker.setRecordingState(False)
17.7262 	EXP 	eyetracker.setRecordingState(False)
17.7336 	EXP 	eyetracker.setRecordingState(False)
17.7411 	EXP 	eyetracker.setRecordingState(False)
17.7473 	EXP 	eyetracker.setRecordingState(False)
17.7538 	EXP 	eyetracker.setRecordingState(False)
17.7615 	EXP 	eyetracker.setRecordingState(False)
17.7685 	EXP 	eyetracker.setRecordingState(False)
17.7766 	EXP 	eyetracker.setRecordingState(False)
17.7836 	EXP 	eyetracker.setRecordingState(False)
17.7909 	EXP 	eyetracker.setRecordingState(False)
17.7983 	EXP 	eyetracker.setRecordingState(False)
17.8069 	EXP 	eyetracker.setRecordingState(False)
17.8152 	EXP 	eyetracker.setRecordingState(False)
17.8238 	EXP 	eyetracker.setRecordingState(False)
17.8311 	EXP 	eyetracker.setRecordingState(False)
17.8394 	EXP 	eyetracker.setRecordingState(False)
17.8461 	EXP 	eyetracker.setRecordingState(False)
17.8527 	EXP 	eyetracker.setRecordingState(False)
17.8594 	EXP 	eyetracker.setRecordingState(False)
17.8659 	EXP 	eyetracker.setRecordingState(False)
17.8731 	EXP 	eyetracker.setRecordingState(False)
17.8797 	EXP 	eyetracker.setRecordingState(False)
17.8870 	EXP 	eyetracker.setRecordingState(False)
17.8939 	EXP 	eyetracker.setRecordingState(False)
17.9011 	EXP 	eyetracker.setRecordingState(False)
17.9080 	EXP 	eyetracker.setRecordingState(False)
17.9149 	EXP 	eyetracker.setRecordingState(False)
17.9216 	EXP 	eyetracker.setRecordingState(False)
17.9293 	EXP 	eyetracker.setRecordingState(False)
17.9371 	EXP 	eyetracker.setRecordingState(False)
17.9439 	EXP 	eyetracker.setRecordingState(False)
17.9506 	EXP 	eyetracker.setRecordingState(False)
17.9565 	EXP 	eyetracker.setRecordingState(False)
17.9626 	EXP 	eyetracker.setRecordingState(False)
17.9691 	EXP 	eyetracker.setRecordingState(False)
17.9755 	EXP 	eyetracker.setRecordingState(False)
17.9816 	EXP 	eyetracker.setRecordingState(False)
17.9884 	EXP 	eyetracker.setRecordingState(False)
17.9958 	EXP 	eyetracker.setRecordingState(False)
18.0036 	EXP 	eyetracker.setRecordingState(False)
18.0116 	EXP 	eyetracker.setRecordingState(False)
18.0182 	EXP 	eyetracker.setRecordingState(False)
18.0266 	EXP 	eyetracker.setRecordingState(False)
18.0335 	EXP 	eyetracker.setRecordingState(False)
18.0403 	EXP 	eyetracker.setRecordingState(False)
18.0470 	EXP 	eyetracker.setRecordingState(False)
18.0539 	EXP 	eyetracker.setRecordingState(False)
18.0608 	EXP 	eyetracker.setRecordingState(False)
18.0687 	EXP 	eyetracker.setRecordingState(False)
18.0759 	EXP 	eyetracker.setRecordingState(False)
18.0825 	EXP 	eyetracker.setRecordingState(False)
18.0897 	EXP 	eyetracker.setRecordingState(False)
18.0961 	EXP 	eyetracker.setRecordingState(False)
18.1018 	EXP 	eyetracker.setRecordingState(False)
18.1085 	EXP 	eyetracker.setRecordingState(False)
18.1164 	EXP 	eyetracker.setRecordingState(False)
18.1246 	EXP 	eyetracker.setRecordingState(False)
18.1320 	EXP 	eyetracker.setRecordingState(False)
18.1390 	EXP 	eyetracker.setRecordingState(False)
18.1465 	EXP 	eyetracker.setRecordingState(False)
18.1531 	EXP 	eyetracker.setRecordingState(False)
18.1591 	EXP 	eyetracker.setRecordingState(False)
18.1659 	EXP 	eyetracker.setRecordingState(False)
18.1718 	EXP 	eyetracker.setRecordingState(False)
18.1771 	EXP 	eyetracker.setRecordingState(False)
18.1819 	EXP 	eyetracker.setRecordingState(False)
18.1868 	EXP 	eyetracker.setRecordingState(False)
18.1941 	EXP 	eyetracker.setRecordingState(False)
18.2009 	EXP 	eyetracker.setRecordingState(False)
18.2082 	EXP 	eyetracker.setRecordingState(False)
18.2155 	EXP 	eyetracker.setRecordingState(False)
18.2220 	EXP 	eyetracker.setRecordingState(False)
18.2290 	EXP 	eyetracker.setRecordingState(False)
18.2359 	EXP 	eyetracker.setRecordingState(False)
18.2430 	EXP 	eyetracker.setRecordingState(False)
18.2501 	EXP 	eyetracker.setRecordingState(False)
18.2575 	EXP 	eyetracker.setRecordingState(False)
18.2642 	EXP 	eyetracker.setRecordingState(False)
18.2709 	EXP 	eyetracker.setRecordingState(False)
18.2782 	EXP 	eyetracker.setRecordingState(False)
18.2851 	EXP 	eyetracker.setRecordingState(False)
18.2918 	EXP 	eyetracker.setRecordingState(False)
18.2988 	EXP 	eyetracker.setRecordingState(False)
18.3058 	EXP 	eyetracker.setRecordingState(False)
18.3129 	EXP 	eyetracker.setRecordingState(False)
18.3194 	EXP 	eyetracker.setRecordingState(False)
18.3266 	EXP 	eyetracker.setRecordingState(False)
18.3341 	EXP 	eyetracker.setRecordingState(False)
18.3421 	EXP 	eyetracker.setRecordingState(False)
18.3480 	EXP 	eyetracker.setRecordingState(False)
18.3541 	EXP 	eyetracker.setRecordingState(False)
18.3613 	EXP 	eyetracker.setRecordingState(False)
18.3684 	EXP 	eyetracker.setRecordingState(False)
18.3754 	EXP 	eyetracker.setRecordingState(False)
18.3826 	EXP 	eyetracker.setRecordingState(False)
18.3895 	EXP 	eyetracker.setRecordingState(False)
18.3977 	EXP 	eyetracker.setRecordingState(False)
18.4055 	EXP 	eyetracker.setRecordingState(False)
18.4148 	EXP 	eyetracker.setRecordingState(False)
18.4229 	EXP 	eyetracker.setRecordingState(False)
18.4321 	EXP 	eyetracker.setRecordingState(False)
18.4407 	EXP 	eyetracker.setRecordingState(False)
18.4495 	EXP 	eyetracker.setRecordingState(False)
18.4571 	EXP 	eyetracker.setRecordingState(False)
18.4657 	EXP 	eyetracker.setRecordingState(False)
18.4729 	EXP 	eyetracker.setRecordingState(False)
18.4809 	EXP 	eyetracker.setRecordingState(False)
18.4887 	EXP 	eyetracker.setRecordingState(False)
18.4982 	EXP 	eyetracker.setRecordingState(False)
18.5070 	EXP 	eyetracker.setRecordingState(False)
18.5154 	EXP 	eyetracker.setRecordingState(False)
18.5250 	EXP 	eyetracker.setRecordingState(False)
18.5339 	EXP 	eyetracker.setRecordingState(False)
18.5434 	EXP 	eyetracker.setRecordingState(False)
18.5529 	EXP 	eyetracker.setRecordingState(False)
18.5646 	EXP 	eyetracker.setRecordingState(False)
18.5727 	EXP 	eyetracker.setRecordingState(False)
18.5799 	EXP 	eyetracker.setRecordingState(False)
18.5875 	EXP 	eyetracker.setRecordingState(False)
18.5952 	EXP 	eyetracker.setRecordingState(False)
18.6041 	EXP 	eyetracker.setRecordingState(False)
18.6122 	EXP 	eyetracker.setRecordingState(False)
18.6196 	EXP 	eyetracker.setRecordingState(False)
18.6279 	EXP 	eyetracker.setRecordingState(False)
18.6358 	EXP 	eyetracker.setRecordingState(False)
18.6428 	EXP 	eyetracker.setRecordingState(False)
18.6494 	EXP 	eyetracker.setRecordingState(False)
18.6563 	EXP 	eyetracker.setRecordingState(False)
18.6624 	EXP 	eyetracker.setRecordingState(False)
18.6668 	DATA 	Mouse: Left button down, pos=(482,546)
18.6725 	EXP 	eyetracker.setRecordingState(False)
18.6753 	EXP 	eyetracker.setRecordingState(False)
18.6921 	INFO 	Keyboard events cleared
18.6905 	EXP 	text_12: autoDraw = False
18.6905 	EXP 	fortune: autoDraw = False
18.6905 	EXP 	marina: autoDraw = False
18.6905 	EXP 	Njoy: autoDraw = False
18.6905 	EXP 	text_13: autoDraw = False
18.6905 	EXP 	text_14: autoDraw = False
18.6905 	EXP 	text_15: autoDraw = False
18.6905 	EXP 	text_instr: autoDraw = True
18.6905 	EXP 	kandos: autoDraw = True
18.6905 	EXP 	ritzbury: autoDraw = True
18.6905 	EXP 	revello: autoDraw = True
18.6905 	EXP 	cadbury: autoDraw = True
18.6905 	EXP 	text_20: autoDraw = True
18.6905 	EXP 	text_21: autoDraw = True
18.6905 	EXP 	text_22: autoDraw = True
18.6905 	EXP 	text_23: autoDraw = True
18.6954 	EXP 	eyetracker.setRecordingState(False)
18.7053 	EXP 	eyetracker.setRecordingState(False)
18.7155 	EXP 	eyetracker.setRecordingState(False)
18.7248 	EXP 	eyetracker.setRecordingState(False)
18.7348 	EXP 	eyetracker.setRecordingState(False)
18.7444 	EXP 	eyetracker.setRecordingState(False)
18.7534 	EXP 	eyetracker.setRecordingState(False)
18.7628 	EXP 	eyetracker.setRecordingState(False)
18.7720 	EXP 	eyetracker.setRecordingState(False)
18.7814 	EXP 	eyetracker.setRecordingState(False)
18.7905 	EXP 	eyetracker.setRecordingState(False)
18.7996 	EXP 	eyetracker.setRecordingState(False)
18.8089 	EXP 	eyetracker.setRecordingState(False)
18.8177 	EXP 	eyetracker.setRecordingState(False)
18.8279 	EXP 	eyetracker.setRecordingState(False)
18.8368 	EXP 	eyetracker.setRecordingState(False)
18.8451 	EXP 	eyetracker.setRecordingState(False)
18.8537 	EXP 	eyetracker.setRecordingState(False)
18.8625 	EXP 	eyetracker.setRecordingState(False)
18.8716 	EXP 	eyetracker.setRecordingState(False)
18.8797 	EXP 	eyetracker.setRecordingState(False)
18.8883 	DATA 	Mouse:  Left button up, pos=(482,546)
18.8902 	EXP 	eyetracker.setRecordingState(False)
18.8993 	EXP 	eyetracker.setRecordingState(False)
18.9089 	EXP 	eyetracker.setRecordingState(False)
18.9180 	EXP 	eyetracker.setRecordingState(False)
18.9259 	EXP 	eyetracker.setRecordingState(False)
18.9355 	EXP 	eyetracker.setRecordingState(False)
18.9441 	EXP 	eyetracker.setRecordingState(False)
18.9528 	EXP 	eyetracker.setRecordingState(False)
18.9634 	EXP 	eyetracker.setRecordingState(False)
18.9732 	EXP 	eyetracker.setRecordingState(False)
18.9819 	EXP 	eyetracker.setRecordingState(False)
18.9911 	EXP 	eyetracker.setRecordingState(False)
19.0011 	EXP 	eyetracker.setRecordingState(False)
19.0098 	EXP 	eyetracker.setRecordingState(False)
19.0180 	EXP 	eyetracker.setRecordingState(False)
19.0267 	EXP 	eyetracker.setRecordingState(False)
19.0353 	EXP 	eyetracker.setRecordingState(False)
19.0451 	EXP 	eyetracker.setRecordingState(False)
19.0537 	EXP 	eyetracker.setRecordingState(False)
19.0632 	EXP 	eyetracker.setRecordingState(False)
19.0727 	EXP 	eyetracker.setRecordingState(False)
19.0817 	EXP 	eyetracker.setRecordingState(False)
19.0896 	EXP 	eyetracker.setRecordingState(False)
19.0979 	EXP 	eyetracker.setRecordingState(False)
19.1074 	EXP 	eyetracker.setRecordingState(False)
19.1162 	EXP 	eyetracker.setRecordingState(False)
19.1254 	EXP 	eyetracker.setRecordingState(False)
19.1339 	EXP 	eyetracker.setRecordingState(False)
19.1426 	EXP 	eyetracker.setRecordingState(False)
19.1515 	EXP 	eyetracker.setRecordingState(False)
19.1608 	EXP 	eyetracker.setRecordingState(False)
19.1701 	EXP 	eyetracker.setRecordingState(False)
19.1797 	EXP 	eyetracker.setRecordingState(False)
19.1895 	EXP 	eyetracker.setRecordingState(False)
19.1989 	EXP 	eyetracker.setRecordingState(False)
19.2073 	EXP 	eyetracker.setRecordingState(False)
19.2169 	EXP 	eyetracker.setRecordingState(False)
19.2262 	EXP 	eyetracker.setRecordingState(False)
19.2352 	EXP 	eyetracker.setRecordingState(False)
19.2449 	EXP 	eyetracker.setRecordingState(False)
19.2542 	EXP 	eyetracker.setRecordingState(False)
19.2631 	EXP 	eyetracker.setRecordingState(False)
19.2705 	EXP 	eyetracker.setRecordingState(False)
19.2786 	EXP 	eyetracker.setRecordingState(False)
19.2877 	EXP 	eyetracker.setRecordingState(False)
19.2972 	EXP 	eyetracker.setRecordingState(False)
19.3058 	EXP 	eyetracker.setRecordingState(False)
19.3147 	EXP 	eyetracker.setRecordingState(False)
19.3244 	EXP 	eyetracker.setRecordingState(False)
19.3332 	EXP 	eyetracker.setRecordingState(False)
19.3426 	EXP 	eyetracker.setRecordingState(False)
19.3509 	EXP 	eyetracker.setRecordingState(False)
19.3575 	EXP 	eyetracker.setRecordingState(False)
19.3640 	EXP 	eyetracker.setRecordingState(False)
19.3707 	EXP 	eyetracker.setRecordingState(False)
19.3774 	EXP 	eyetracker.setRecordingState(False)
19.3858 	EXP 	eyetracker.setRecordingState(False)
19.3940 	EXP 	eyetracker.setRecordingState(False)
19.4026 	EXP 	eyetracker.setRecordingState(False)
19.4111 	EXP 	eyetracker.setRecordingState(False)
19.4197 	EXP 	eyetracker.setRecordingState(False)
19.4286 	EXP 	eyetracker.setRecordingState(False)
19.4381 	EXP 	eyetracker.setRecordingState(False)
19.4463 	EXP 	eyetracker.setRecordingState(False)
19.4540 	EXP 	eyetracker.setRecordingState(False)
19.4629 	EXP 	eyetracker.setRecordingState(False)
19.4706 	EXP 	eyetracker.setRecordingState(False)
19.4771 	EXP 	eyetracker.setRecordingState(False)
19.4838 	EXP 	eyetracker.setRecordingState(False)
19.4917 	EXP 	eyetracker.setRecordingState(False)
19.5001 	EXP 	eyetracker.setRecordingState(False)
19.5075 	EXP 	eyetracker.setRecordingState(False)
19.5151 	EXP 	eyetracker.setRecordingState(False)
19.5217 	EXP 	eyetracker.setRecordingState(False)
19.5279 	EXP 	eyetracker.setRecordingState(False)
19.5351 	EXP 	eyetracker.setRecordingState(False)
19.5422 	EXP 	eyetracker.setRecordingState(False)
19.5487 	EXP 	eyetracker.setRecordingState(False)
19.5559 	EXP 	eyetracker.setRecordingState(False)
19.5627 	EXP 	eyetracker.setRecordingState(False)
19.5699 	EXP 	eyetracker.setRecordingState(False)
19.5774 	EXP 	eyetracker.setRecordingState(False)
19.5846 	EXP 	eyetracker.setRecordingState(False)
19.5933 	EXP 	eyetracker.setRecordingState(False)
19.6004 	EXP 	eyetracker.setRecordingState(False)
19.6088 	EXP 	eyetracker.setRecordingState(False)
19.6165 	EXP 	eyetracker.setRecordingState(False)
19.6249 	EXP 	eyetracker.setRecordingState(False)
19.6329 	EXP 	eyetracker.setRecordingState(False)
19.6415 	EXP 	eyetracker.setRecordingState(False)
19.6522 	EXP 	eyetracker.setRecordingState(False)
19.6609 	EXP 	eyetracker.setRecordingState(False)
19.6710 	EXP 	eyetracker.setRecordingState(False)
19.6805 	EXP 	eyetracker.setRecordingState(False)
19.6886 	EXP 	eyetracker.setRecordingState(False)
19.6974 	EXP 	eyetracker.setRecordingState(False)
19.7074 	EXP 	eyetracker.setRecordingState(False)
19.7161 	EXP 	eyetracker.setRecordingState(False)
19.7241 	EXP 	eyetracker.setRecordingState(False)
19.7333 	EXP 	eyetracker.setRecordingState(False)
19.7408 	EXP 	eyetracker.setRecordingState(False)
19.7495 	EXP 	eyetracker.setRecordingState(False)
19.7588 	EXP 	eyetracker.setRecordingState(False)
19.7668 	EXP 	eyetracker.setRecordingState(False)
19.7740 	EXP 	eyetracker.setRecordingState(False)
19.7809 	EXP 	eyetracker.setRecordingState(False)
19.7885 	EXP 	eyetracker.setRecordingState(False)
19.7956 	EXP 	eyetracker.setRecordingState(False)
19.8050 	EXP 	eyetracker.setRecordingState(False)
19.8129 	EXP 	eyetracker.setRecordingState(False)
19.8196 	EXP 	eyetracker.setRecordingState(False)
19.8273 	EXP 	eyetracker.setRecordingState(False)
19.8346 	EXP 	eyetracker.setRecordingState(False)
19.8428 	EXP 	eyetracker.setRecordingState(False)
19.8500 	EXP 	eyetracker.setRecordingState(False)
19.8569 	EXP 	eyetracker.setRecordingState(False)
19.8629 	EXP 	eyetracker.setRecordingState(False)
19.8699 	EXP 	eyetracker.setRecordingState(False)
19.8771 	EXP 	eyetracker.setRecordingState(False)
19.8841 	EXP 	eyetracker.setRecordingState(False)
19.8915 	EXP 	eyetracker.setRecordingState(False)
19.8988 	EXP 	eyetracker.setRecordingState(False)
19.9065 	EXP 	eyetracker.setRecordingState(False)
19.9139 	EXP 	eyetracker.setRecordingState(False)
19.9214 	EXP 	eyetracker.setRecordingState(False)
19.9294 	EXP 	eyetracker.setRecordingState(False)
19.9377 	EXP 	eyetracker.setRecordingState(False)
19.9452 	EXP 	eyetracker.setRecordingState(False)
19.9524 	EXP 	eyetracker.setRecordingState(False)
19.9596 	EXP 	eyetracker.setRecordingState(False)
19.9677 	EXP 	eyetracker.setRecordingState(False)
19.9753 	EXP 	eyetracker.setRecordingState(False)
19.9825 	EXP 	eyetracker.setRecordingState(False)
19.9899 	EXP 	eyetracker.setRecordingState(False)
19.9985 	EXP 	eyetracker.setRecordingState(False)
20.0064 	EXP 	eyetracker.setRecordingState(False)
20.0159 	EXP 	eyetracker.setRecordingState(False)
20.0249 	EXP 	eyetracker.setRecordingState(False)
20.0330 	EXP 	eyetracker.setRecordingState(False)
20.0418 	EXP 	eyetracker.setRecordingState(False)
20.0499 	EXP 	eyetracker.setRecordingState(False)
20.0586 	EXP 	eyetracker.setRecordingState(False)
20.0669 	EXP 	eyetracker.setRecordingState(False)
20.0757 	EXP 	eyetracker.setRecordingState(False)
20.0841 	EXP 	eyetracker.setRecordingState(False)
20.0941 	EXP 	eyetracker.setRecordingState(False)
20.1033 	EXP 	eyetracker.setRecordingState(False)
20.1127 	EXP 	eyetracker.setRecordingState(False)
20.1205 	EXP 	eyetracker.setRecordingState(False)
20.1287 	EXP 	eyetracker.setRecordingState(False)
20.1371 	EXP 	eyetracker.setRecordingState(False)
20.1445 	EXP 	eyetracker.setRecordingState(False)
20.1530 	EXP 	eyetracker.setRecordingState(False)
20.1613 	EXP 	eyetracker.setRecordingState(False)
20.1703 	EXP 	eyetracker.setRecordingState(False)
20.1799 	EXP 	eyetracker.setRecordingState(False)
20.1913 	EXP 	eyetracker.setRecordingState(False)
20.2014 	EXP 	eyetracker.setRecordingState(False)
20.2109 	EXP 	eyetracker.setRecordingState(False)
20.2205 	EXP 	eyetracker.setRecordingState(False)
20.2295 	EXP 	eyetracker.setRecordingState(False)
20.2374 	EXP 	eyetracker.setRecordingState(False)
20.2447 	EXP 	eyetracker.setRecordingState(False)
20.2527 	EXP 	eyetracker.setRecordingState(False)
20.2605 	EXP 	eyetracker.setRecordingState(False)
20.2677 	EXP 	eyetracker.setRecordingState(False)
20.2759 	EXP 	eyetracker.setRecordingState(False)
20.2838 	EXP 	eyetracker.setRecordingState(False)
20.2916 	EXP 	eyetracker.setRecordingState(False)
20.3011 	EXP 	eyetracker.setRecordingState(False)
20.3092 	EXP 	eyetracker.setRecordingState(False)
20.3171 	EXP 	eyetracker.setRecordingState(False)
20.3241 	EXP 	eyetracker.setRecordingState(False)
20.3316 	EXP 	eyetracker.setRecordingState(False)
20.3398 	EXP 	eyetracker.setRecordingState(False)
20.3491 	EXP 	eyetracker.setRecordingState(False)
20.3567 	EXP 	eyetracker.setRecordingState(False)
20.3650 	EXP 	eyetracker.setRecordingState(False)
20.3723 	EXP 	eyetracker.setRecordingState(False)
20.3795 	EXP 	eyetracker.setRecordingState(False)
20.3872 	EXP 	eyetracker.setRecordingState(False)
20.3950 	EXP 	eyetracker.setRecordingState(False)
20.4033 	EXP 	eyetracker.setRecordingState(False)
20.4108 	EXP 	eyetracker.setRecordingState(False)
20.4219 	EXP 	eyetracker.setRecordingState(False)
20.4310 	EXP 	eyetracker.setRecordingState(False)
20.4408 	EXP 	eyetracker.setRecordingState(False)
20.4485 	EXP 	eyetracker.setRecordingState(False)
20.4570 	EXP 	eyetracker.setRecordingState(False)
20.4655 	EXP 	eyetracker.setRecordingState(False)
20.4741 	EXP 	eyetracker.setRecordingState(False)
20.4827 	EXP 	eyetracker.setRecordingState(False)
20.4905 	EXP 	eyetracker.setRecordingState(False)
20.4987 	EXP 	eyetracker.setRecordingState(False)
20.5085 	EXP 	eyetracker.setRecordingState(False)
20.5154 	EXP 	eyetracker.setRecordingState(False)
20.5233 	EXP 	eyetracker.setRecordingState(False)
20.5305 	EXP 	eyetracker.setRecordingState(False)
20.5398 	EXP 	eyetracker.setRecordingState(False)
20.5478 	EXP 	eyetracker.setRecordingState(False)
20.5544 	EXP 	eyetracker.setRecordingState(False)
20.5607 	EXP 	eyetracker.setRecordingState(False)
20.5672 	EXP 	eyetracker.setRecordingState(False)
20.5740 	EXP 	eyetracker.setRecordingState(False)
20.5797 	EXP 	eyetracker.setRecordingState(False)
20.5882 	EXP 	eyetracker.setRecordingState(False)
20.5954 	EXP 	eyetracker.setRecordingState(False)
20.6033 	EXP 	eyetracker.setRecordingState(False)
20.6106 	EXP 	eyetracker.setRecordingState(False)
20.6181 	EXP 	eyetracker.setRecordingState(False)
20.6252 	EXP 	eyetracker.setRecordingState(False)
20.6318 	EXP 	eyetracker.setRecordingState(False)
20.6384 	EXP 	eyetracker.setRecordingState(False)
20.6448 	EXP 	eyetracker.setRecordingState(False)
20.6516 	EXP 	eyetracker.setRecordingState(False)
20.6582 	EXP 	eyetracker.setRecordingState(False)
20.6651 	EXP 	eyetracker.setRecordingState(False)
20.6726 	EXP 	eyetracker.setRecordingState(False)
20.6791 	EXP 	eyetracker.setRecordingState(False)
20.6859 	EXP 	eyetracker.setRecordingState(False)
20.6927 	EXP 	eyetracker.setRecordingState(False)
20.7002 	EXP 	eyetracker.setRecordingState(False)
20.7067 	EXP 	eyetracker.setRecordingState(False)
20.7134 	EXP 	eyetracker.setRecordingState(False)
20.7202 	EXP 	eyetracker.setRecordingState(False)
20.7273 	EXP 	eyetracker.setRecordingState(False)
20.7354 	EXP 	eyetracker.setRecordingState(False)
20.7434 	EXP 	eyetracker.setRecordingState(False)
20.7501 	EXP 	eyetracker.setRecordingState(False)
20.7572 	EXP 	eyetracker.setRecordingState(False)
20.7641 	EXP 	eyetracker.setRecordingState(False)
20.7716 	EXP 	eyetracker.setRecordingState(False)
20.7780 	EXP 	eyetracker.setRecordingState(False)
20.7845 	EXP 	eyetracker.setRecordingState(False)
20.7921 	EXP 	eyetracker.setRecordingState(False)
20.7993 	EXP 	eyetracker.setRecordingState(False)
20.8077 	EXP 	eyetracker.setRecordingState(False)
20.8152 	EXP 	eyetracker.setRecordingState(False)
20.8232 	EXP 	eyetracker.setRecordingState(False)
20.8306 	EXP 	eyetracker.setRecordingState(False)
20.8387 	EXP 	eyetracker.setRecordingState(False)
20.8462 	EXP 	eyetracker.setRecordingState(False)
20.8535 	EXP 	eyetracker.setRecordingState(False)
20.8603 	EXP 	eyetracker.setRecordingState(False)
20.8677 	EXP 	eyetracker.setRecordingState(False)
20.8757 	EXP 	eyetracker.setRecordingState(False)
20.8839 	EXP 	eyetracker.setRecordingState(False)
20.8919 	EXP 	eyetracker.setRecordingState(False)
20.9012 	EXP 	eyetracker.setRecordingState(False)
20.9107 	EXP 	eyetracker.setRecordingState(False)
20.9198 	EXP 	eyetracker.setRecordingState(False)
20.9285 	EXP 	eyetracker.setRecordingState(False)
20.9379 	EXP 	eyetracker.setRecordingState(False)
20.9470 	EXP 	eyetracker.setRecordingState(False)
20.9556 	EXP 	eyetracker.setRecordingState(False)
20.9645 	EXP 	eyetracker.setRecordingState(False)
20.9735 	EXP 	eyetracker.setRecordingState(False)
20.9832 	EXP 	eyetracker.setRecordingState(False)
20.9915 	EXP 	eyetracker.setRecordingState(False)
20.9997 	EXP 	eyetracker.setRecordingState(False)
21.0080 	EXP 	eyetracker.setRecordingState(False)
21.0168 	EXP 	eyetracker.setRecordingState(False)
21.0264 	EXP 	eyetracker.setRecordingState(False)
21.0344 	EXP 	eyetracker.setRecordingState(False)
21.0424 	EXP 	eyetracker.setRecordingState(False)
21.0511 	EXP 	eyetracker.setRecordingState(False)
21.0613 	EXP 	eyetracker.setRecordingState(False)
21.0703 	EXP 	eyetracker.setRecordingState(False)
21.0799 	EXP 	eyetracker.setRecordingState(False)
21.0896 	EXP 	eyetracker.setRecordingState(False)
21.0997 	EXP 	eyetracker.setRecordingState(False)
21.1095 	EXP 	eyetracker.setRecordingState(False)
21.1185 	EXP 	eyetracker.setRecordingState(False)
21.1269 	EXP 	eyetracker.setRecordingState(False)
21.1353 	EXP 	eyetracker.setRecordingState(False)
21.1427 	EXP 	eyetracker.setRecordingState(False)
21.1505 	EXP 	eyetracker.setRecordingState(False)
21.1574 	EXP 	eyetracker.setRecordingState(False)
21.1655 	EXP 	eyetracker.setRecordingState(False)
21.1735 	EXP 	eyetracker.setRecordingState(False)
21.1817 	EXP 	eyetracker.setRecordingState(False)
21.1894 	EXP 	eyetracker.setRecordingState(False)
21.1974 	EXP 	eyetracker.setRecordingState(False)
21.2053 	EXP 	eyetracker.setRecordingState(False)
21.2127 	EXP 	eyetracker.setRecordingState(False)
21.2202 	EXP 	eyetracker.setRecordingState(False)
21.2278 	EXP 	eyetracker.setRecordingState(False)
21.2361 	EXP 	eyetracker.setRecordingState(False)
21.2448 	EXP 	eyetracker.setRecordingState(False)
21.2535 	EXP 	eyetracker.setRecordingState(False)
21.2609 	EXP 	eyetracker.setRecordingState(False)
21.2685 	EXP 	eyetracker.setRecordingState(False)
21.2775 	EXP 	eyetracker.setRecordingState(False)
21.2849 	EXP 	eyetracker.setRecordingState(False)
21.2923 	EXP 	eyetracker.setRecordingState(False)
21.2995 	EXP 	eyetracker.setRecordingState(False)
21.3075 	EXP 	eyetracker.setRecordingState(False)
21.3156 	EXP 	eyetracker.setRecordingState(False)
21.3245 	EXP 	eyetracker.setRecordingState(False)
21.3330 	EXP 	eyetracker.setRecordingState(False)
21.3441 	EXP 	eyetracker.setRecordingState(False)
21.3522 	EXP 	eyetracker.setRecordingState(False)
21.3604 	EXP 	eyetracker.setRecordingState(False)
21.3696 	EXP 	eyetracker.setRecordingState(False)
21.3787 	EXP 	eyetracker.setRecordingState(False)
21.3852 	EXP 	eyetracker.setRecordingState(False)
21.3919 	EXP 	eyetracker.setRecordingState(False)
21.3989 	EXP 	eyetracker.setRecordingState(False)
21.4058 	EXP 	eyetracker.setRecordingState(False)
21.4140 	EXP 	eyetracker.setRecordingState(False)
21.4220 	EXP 	eyetracker.setRecordingState(False)
21.4301 	EXP 	eyetracker.setRecordingState(False)
21.4390 	EXP 	eyetracker.setRecordingState(False)
21.4470 	EXP 	eyetracker.setRecordingState(False)
21.4544 	EXP 	eyetracker.setRecordingState(False)
21.4616 	EXP 	eyetracker.setRecordingState(False)
21.4690 	EXP 	eyetracker.setRecordingState(False)
21.4768 	EXP 	eyetracker.setRecordingState(False)
21.4848 	EXP 	eyetracker.setRecordingState(False)
21.4939 	EXP 	eyetracker.setRecordingState(False)
21.5031 	EXP 	eyetracker.setRecordingState(False)
21.5118 	EXP 	eyetracker.setRecordingState(False)
21.5192 	EXP 	eyetracker.setRecordingState(False)
21.5231 	DATA 	Mouse: Left button down, pos=(1497,588)
21.5294 	EXP 	eyetracker.setRecordingState(False)
21.5324 	EXP 	eyetracker.setRecordingState(False)
21.5505 	INFO 	Keyboard events cleared
21.5494 	EXP 	text_instr: autoDraw = False
21.5494 	EXP 	kandos: autoDraw = False
21.5494 	EXP 	ritzbury: autoDraw = False
21.5494 	EXP 	revello: autoDraw = False
21.5494 	EXP 	cadbury: autoDraw = False
21.5494 	EXP 	text_20: autoDraw = False
21.5494 	EXP 	text_21: autoDraw = False
21.5494 	EXP 	text_22: autoDraw = False
21.5494 	EXP 	text_23: autoDraw = False
21.5494 	EXP 	text_instr_2: autoDraw = True
21.5494 	EXP 	goldi: autoDraw = True
21.5494 	EXP 	elephanthouse: autoDraw = True
21.5494 	EXP 	krest: autoDraw = True
21.5494 	EXP 	pussalla: autoDraw = True
21.5494 	EXP 	text_16: autoDraw = True
21.5494 	EXP 	text_17: autoDraw = True
21.5494 	EXP 	text_18: autoDraw = True
21.5494 	EXP 	text_19: autoDraw = True
21.5525 	EXP 	eyetracker.setRecordingState(False)
21.5599 	EXP 	eyetracker.setRecordingState(False)
21.5678 	EXP 	eyetracker.setRecordingState(False)
21.5764 	EXP 	eyetracker.setRecordingState(False)
21.5850 	EXP 	eyetracker.setRecordingState(False)
21.5944 	EXP 	eyetracker.setRecordingState(False)
21.6043 	EXP 	eyetracker.setRecordingState(False)
21.6141 	EXP 	eyetracker.setRecordingState(False)
21.6245 	EXP 	eyetracker.setRecordingState(False)
21.6346 	EXP 	eyetracker.setRecordingState(False)
21.6445 	EXP 	eyetracker.setRecordingState(False)
21.6546 	EXP 	eyetracker.setRecordingState(False)
21.6631 	EXP 	eyetracker.setRecordingState(False)
21.6718 	EXP 	eyetracker.setRecordingState(False)
21.6810 	EXP 	eyetracker.setRecordingState(False)
21.6903 	EXP 	eyetracker.setRecordingState(False)
21.6996 	EXP 	eyetracker.setRecordingState(False)
21.7080 	EXP 	eyetracker.setRecordingState(False)
21.7183 	EXP 	eyetracker.setRecordingState(False)
21.7281 	EXP 	eyetracker.setRecordingState(False)
21.7365 	EXP 	eyetracker.setRecordingState(False)
21.7438 	DATA 	Mouse:  Left button up, pos=(1497,588)
21.7462 	EXP 	eyetracker.setRecordingState(False)
21.7548 	EXP 	eyetracker.setRecordingState(False)
21.7633 	EXP 	eyetracker.setRecordingState(False)
21.7713 	EXP 	eyetracker.setRecordingState(False)
21.7815 	EXP 	eyetracker.setRecordingState(False)
21.7904 	EXP 	eyetracker.setRecordingState(False)
21.7987 	EXP 	eyetracker.setRecordingState(False)
21.8074 	EXP 	eyetracker.setRecordingState(False)
21.8162 	EXP 	eyetracker.setRecordingState(False)
21.8243 	EXP 	eyetracker.setRecordingState(False)
21.8322 	EXP 	eyetracker.setRecordingState(False)
21.8415 	EXP 	eyetracker.setRecordingState(False)
21.8507 	EXP 	eyetracker.setRecordingState(False)
21.8590 	EXP 	eyetracker.setRecordingState(False)
21.8679 	EXP 	eyetracker.setRecordingState(False)
21.8770 	EXP 	eyetracker.setRecordingState(False)
21.8863 	EXP 	eyetracker.setRecordingState(False)
21.8955 	EXP 	eyetracker.setRecordingState(False)
21.9047 	EXP 	eyetracker.setRecordingState(False)
21.9125 	EXP 	eyetracker.setRecordingState(False)
21.9217 	EXP 	eyetracker.setRecordingState(False)
21.9312 	EXP 	eyetracker.setRecordingState(False)
21.9394 	EXP 	eyetracker.setRecordingState(False)
21.9479 	EXP 	eyetracker.setRecordingState(False)
21.9562 	EXP 	eyetracker.setRecordingState(False)
21.9648 	EXP 	eyetracker.setRecordingState(False)
21.9732 	EXP 	eyetracker.setRecordingState(False)
21.9821 	EXP 	eyetracker.setRecordingState(False)
21.9911 	EXP 	eyetracker.setRecordingState(False)
22.0004 	EXP 	eyetracker.setRecordingState(False)
22.0093 	EXP 	eyetracker.setRecordingState(False)
22.0184 	EXP 	eyetracker.setRecordingState(False)
22.0285 	EXP 	eyetracker.setRecordingState(False)
22.0374 	EXP 	eyetracker.setRecordingState(False)
22.0469 	EXP 	eyetracker.setRecordingState(False)
22.0559 	EXP 	eyetracker.setRecordingState(False)
22.0645 	EXP 	eyetracker.setRecordingState(False)
22.0731 	EXP 	eyetracker.setRecordingState(False)
22.0825 	EXP 	eyetracker.setRecordingState(False)
22.0943 	EXP 	eyetracker.setRecordingState(False)
22.1027 	EXP 	eyetracker.setRecordingState(False)
22.1118 	EXP 	eyetracker.setRecordingState(False)
22.1220 	EXP 	eyetracker.setRecordingState(False)
22.1309 	EXP 	eyetracker.setRecordingState(False)
22.1407 	EXP 	eyetracker.setRecordingState(False)
22.1505 	EXP 	eyetracker.setRecordingState(False)
22.1601 	EXP 	eyetracker.setRecordingState(False)
22.1711 	EXP 	eyetracker.setRecordingState(False)
22.1798 	EXP 	eyetracker.setRecordingState(False)
22.1887 	EXP 	eyetracker.setRecordingState(False)
22.1978 	EXP 	eyetracker.setRecordingState(False)
22.2065 	EXP 	eyetracker.setRecordingState(False)
22.2166 	EXP 	eyetracker.setRecordingState(False)
22.2263 	EXP 	eyetracker.setRecordingState(False)
22.2354 	EXP 	eyetracker.setRecordingState(False)
22.2448 	EXP 	eyetracker.setRecordingState(False)
22.2537 	EXP 	eyetracker.setRecordingState(False)
22.2633 	EXP 	eyetracker.setRecordingState(False)
22.2706 	EXP 	eyetracker.setRecordingState(False)
22.2798 	EXP 	eyetracker.setRecordingState(False)
22.2882 	EXP 	eyetracker.setRecordingState(False)
22.2970 	EXP 	eyetracker.setRecordingState(False)
22.3063 	EXP 	eyetracker.setRecordingState(False)
22.3158 	EXP 	eyetracker.setRecordingState(False)
22.3263 	EXP 	eyetracker.setRecordingState(False)
22.3363 	EXP 	eyetracker.setRecordingState(False)
22.3453 	EXP 	eyetracker.setRecordingState(False)
22.3543 	EXP 	eyetracker.setRecordingState(False)
22.3628 	EXP 	eyetracker.setRecordingState(False)
22.3725 	EXP 	eyetracker.setRecordingState(False)
22.3820 	EXP 	eyetracker.setRecordingState(False)
22.3918 	EXP 	eyetracker.setRecordingState(False)
22.4010 	EXP 	eyetracker.setRecordingState(False)
22.4101 	EXP 	eyetracker.setRecordingState(False)
22.4189 	EXP 	eyetracker.setRecordingState(False)
22.4278 	EXP 	eyetracker.setRecordingState(False)
22.4380 	EXP 	eyetracker.setRecordingState(False)
22.4495 	EXP 	eyetracker.setRecordingState(False)
22.4583 	EXP 	eyetracker.setRecordingState(False)
22.4686 	EXP 	eyetracker.setRecordingState(False)
22.4779 	EXP 	eyetracker.setRecordingState(False)
22.4873 	EXP 	eyetracker.setRecordingState(False)
22.4974 	EXP 	eyetracker.setRecordingState(False)
22.5067 	EXP 	eyetracker.setRecordingState(False)
22.5160 	EXP 	eyetracker.setRecordingState(False)
22.5255 	EXP 	eyetracker.setRecordingState(False)
22.5352 	EXP 	eyetracker.setRecordingState(False)
22.5447 	EXP 	eyetracker.setRecordingState(False)
22.5545 	EXP 	eyetracker.setRecordingState(False)
22.5642 	EXP 	eyetracker.setRecordingState(False)
22.5726 	EXP 	eyetracker.setRecordingState(False)
22.5808 	EXP 	eyetracker.setRecordingState(False)
22.5894 	EXP 	eyetracker.setRecordingState(False)
22.5976 	EXP 	eyetracker.setRecordingState(False)
22.6062 	EXP 	eyetracker.setRecordingState(False)
22.6148 	EXP 	eyetracker.setRecordingState(False)
22.6240 	EXP 	eyetracker.setRecordingState(False)
22.6334 	EXP 	eyetracker.setRecordingState(False)
22.6431 	EXP 	eyetracker.setRecordingState(False)
22.6530 	EXP 	eyetracker.setRecordingState(False)
22.6625 	EXP 	eyetracker.setRecordingState(False)
22.6723 	EXP 	eyetracker.setRecordingState(False)
22.6821 	EXP 	eyetracker.setRecordingState(False)
22.6933 	EXP 	eyetracker.setRecordingState(False)
22.7026 	EXP 	eyetracker.setRecordingState(False)
22.7115 	EXP 	eyetracker.setRecordingState(False)
22.7210 	EXP 	eyetracker.setRecordingState(False)
22.7296 	EXP 	eyetracker.setRecordingState(False)
22.7375 	EXP 	eyetracker.setRecordingState(False)
22.7462 	EXP 	eyetracker.setRecordingState(False)
22.7550 	EXP 	eyetracker.setRecordingState(False)
22.7639 	EXP 	eyetracker.setRecordingState(False)
22.7723 	EXP 	eyetracker.setRecordingState(False)
22.7817 	EXP 	eyetracker.setRecordingState(False)
22.7906 	EXP 	eyetracker.setRecordingState(False)
22.7991 	EXP 	eyetracker.setRecordingState(False)
22.8083 	EXP 	eyetracker.setRecordingState(False)
22.8176 	EXP 	eyetracker.setRecordingState(False)
22.8267 	EXP 	eyetracker.setRecordingState(False)
22.8358 	EXP 	eyetracker.setRecordingState(False)
22.8448 	EXP 	eyetracker.setRecordingState(False)
22.8535 	EXP 	eyetracker.setRecordingState(False)
22.8624 	EXP 	eyetracker.setRecordingState(False)
22.8718 	EXP 	eyetracker.setRecordingState(False)
22.8805 	EXP 	eyetracker.setRecordingState(False)
22.8895 	EXP 	eyetracker.setRecordingState(False)
22.8983 	EXP 	eyetracker.setRecordingState(False)
22.9077 	EXP 	eyetracker.setRecordingState(False)
22.9174 	EXP 	eyetracker.setRecordingState(False)
22.9269 	EXP 	eyetracker.setRecordingState(False)
22.9363 	EXP 	eyetracker.setRecordingState(False)
22.9451 	EXP 	eyetracker.setRecordingState(False)
22.9557 	EXP 	eyetracker.setRecordingState(False)
22.9645 	EXP 	eyetracker.setRecordingState(False)
22.9738 	EXP 	eyetracker.setRecordingState(False)
22.9829 	EXP 	eyetracker.setRecordingState(False)
22.9928 	EXP 	eyetracker.setRecordingState(False)
23.0033 	EXP 	eyetracker.setRecordingState(False)
23.0132 	EXP 	eyetracker.setRecordingState(False)
23.0223 	EXP 	eyetracker.setRecordingState(False)
23.0321 	EXP 	eyetracker.setRecordingState(False)
23.0422 	EXP 	eyetracker.setRecordingState(False)
23.0513 	EXP 	eyetracker.setRecordingState(False)
23.0610 	EXP 	eyetracker.setRecordingState(False)
23.0701 	EXP 	eyetracker.setRecordingState(False)
23.0788 	EXP 	eyetracker.setRecordingState(False)
23.0875 	EXP 	eyetracker.setRecordingState(False)
23.0975 	EXP 	eyetracker.setRecordingState(False)
23.1083 	EXP 	eyetracker.setRecordingState(False)
23.1189 	EXP 	eyetracker.setRecordingState(False)
23.1298 	EXP 	eyetracker.setRecordingState(False)
23.1399 	EXP 	eyetracker.setRecordingState(False)
23.1483 	EXP 	eyetracker.setRecordingState(False)
23.1581 	EXP 	eyetracker.setRecordingState(False)
23.1679 	EXP 	eyetracker.setRecordingState(False)
23.1781 	EXP 	eyetracker.setRecordingState(False)
23.1882 	EXP 	eyetracker.setRecordingState(False)
23.1982 	EXP 	eyetracker.setRecordingState(False)
23.2074 	EXP 	eyetracker.setRecordingState(False)
23.2160 	EXP 	eyetracker.setRecordingState(False)
23.2246 	EXP 	eyetracker.setRecordingState(False)
23.2348 	EXP 	eyetracker.setRecordingState(False)
23.2450 	EXP 	eyetracker.setRecordingState(False)
23.2543 	EXP 	eyetracker.setRecordingState(False)
23.2665 	EXP 	eyetracker.setRecordingState(False)
23.2767 	EXP 	eyetracker.setRecordingState(False)
23.2867 	EXP 	eyetracker.setRecordingState(False)
23.2963 	EXP 	eyetracker.setRecordingState(False)
23.3056 	EXP 	eyetracker.setRecordingState(False)
23.3155 	EXP 	eyetracker.setRecordingState(False)
23.3254 	EXP 	eyetracker.setRecordingState(False)
23.3355 	EXP 	eyetracker.setRecordingState(False)
23.3447 	EXP 	eyetracker.setRecordingState(False)
23.3543 	EXP 	eyetracker.setRecordingState(False)
23.3633 	EXP 	eyetracker.setRecordingState(False)
23.3745 	EXP 	eyetracker.setRecordingState(False)
23.3844 	EXP 	eyetracker.setRecordingState(False)
23.3951 	EXP 	eyetracker.setRecordingState(False)
23.4041 	EXP 	eyetracker.setRecordingState(False)
23.4117 	EXP 	eyetracker.setRecordingState(False)
23.4197 	EXP 	eyetracker.setRecordingState(False)
23.4276 	EXP 	eyetracker.setRecordingState(False)
23.4382 	EXP 	eyetracker.setRecordingState(False)
23.4463 	EXP 	eyetracker.setRecordingState(False)
23.4550 	EXP 	eyetracker.setRecordingState(False)
23.4642 	EXP 	eyetracker.setRecordingState(False)
23.4718 	EXP 	eyetracker.setRecordingState(False)
23.4811 	EXP 	eyetracker.setRecordingState(False)
23.4900 	EXP 	eyetracker.setRecordingState(False)
23.4997 	EXP 	eyetracker.setRecordingState(False)
23.5083 	EXP 	eyetracker.setRecordingState(False)
23.5152 	EXP 	eyetracker.setRecordingState(False)
23.5228 	EXP 	eyetracker.setRecordingState(False)
23.5298 	EXP 	eyetracker.setRecordingState(False)
23.5378 	EXP 	eyetracker.setRecordingState(False)
23.5456 	EXP 	eyetracker.setRecordingState(False)
23.5552 	EXP 	eyetracker.setRecordingState(False)
23.5628 	EXP 	eyetracker.setRecordingState(False)
23.5713 	EXP 	eyetracker.setRecordingState(False)
23.5783 	EXP 	eyetracker.setRecordingState(False)
23.5856 	EXP 	eyetracker.setRecordingState(False)
23.5923 	EXP 	eyetracker.setRecordingState(False)
23.5996 	EXP 	eyetracker.setRecordingState(False)
23.6070 	EXP 	eyetracker.setRecordingState(False)
23.6137 	EXP 	eyetracker.setRecordingState(False)
23.6203 	EXP 	eyetracker.setRecordingState(False)
23.6269 	EXP 	eyetracker.setRecordingState(False)
23.6347 	EXP 	eyetracker.setRecordingState(False)
23.6403 	EXP 	eyetracker.setRecordingState(False)
23.6467 	EXP 	eyetracker.setRecordingState(False)
23.6514 	EXP 	eyetracker.setRecordingState(False)
23.6573 	EXP 	eyetracker.setRecordingState(False)
23.6634 	EXP 	eyetracker.setRecordingState(False)
23.6679 	EXP 	eyetracker.setRecordingState(False)
23.6728 	EXP 	eyetracker.setRecordingState(False)
23.6808 	EXP 	eyetracker.setRecordingState(False)
23.6882 	EXP 	eyetracker.setRecordingState(False)
23.6949 	EXP 	eyetracker.setRecordingState(False)
23.7019 	EXP 	eyetracker.setRecordingState(False)
23.7094 	EXP 	eyetracker.setRecordingState(False)
23.7164 	EXP 	eyetracker.setRecordingState(False)
23.7230 	EXP 	eyetracker.setRecordingState(False)
23.7288 	EXP 	eyetracker.setRecordingState(False)
23.7353 	EXP 	eyetracker.setRecordingState(False)
23.7422 	EXP 	eyetracker.setRecordingState(False)
23.7491 	EXP 	eyetracker.setRecordingState(False)
23.7567 	EXP 	eyetracker.setRecordingState(False)
23.7640 	EXP 	eyetracker.setRecordingState(False)
23.7715 	EXP 	eyetracker.setRecordingState(False)
23.7800 	EXP 	eyetracker.setRecordingState(False)
23.7893 	EXP 	eyetracker.setRecordingState(False)
23.7984 	EXP 	eyetracker.setRecordingState(False)
23.8080 	EXP 	eyetracker.setRecordingState(False)
23.8183 	EXP 	eyetracker.setRecordingState(False)
23.8289 	EXP 	eyetracker.setRecordingState(False)
23.8398 	EXP 	eyetracker.setRecordingState(False)
23.8506 	EXP 	eyetracker.setRecordingState(False)
23.8598 	EXP 	eyetracker.setRecordingState(False)
23.8697 	EXP 	eyetracker.setRecordingState(False)
23.8795 	EXP 	eyetracker.setRecordingState(False)
23.8910 	EXP 	eyetracker.setRecordingState(False)
23.9009 	EXP 	eyetracker.setRecordingState(False)
23.9109 	EXP 	eyetracker.setRecordingState(False)
23.9228 	EXP 	eyetracker.setRecordingState(False)
23.9356 	EXP 	eyetracker.setRecordingState(False)
23.9482 	EXP 	eyetracker.setRecordingState(False)
23.9591 	EXP 	eyetracker.setRecordingState(False)
23.9706 	EXP 	eyetracker.setRecordingState(False)
23.9854 	EXP 	eyetracker.setRecordingState(False)
23.9983 	EXP 	eyetracker.setRecordingState(False)
24.0088 	EXP 	eyetracker.setRecordingState(False)
24.0176 	EXP 	eyetracker.setRecordingState(False)
24.0312 	EXP 	eyetracker.setRecordingState(False)
24.0461 	EXP 	eyetracker.setRecordingState(False)
24.0609 	EXP 	eyetracker.setRecordingState(False)
24.0765 	EXP 	eyetracker.setRecordingState(False)
24.0906 	EXP 	eyetracker.setRecordingState(False)
24.1057 	EXP 	eyetracker.setRecordingState(False)
24.1209 	EXP 	eyetracker.setRecordingState(False)
24.1331 	EXP 	eyetracker.setRecordingState(False)
24.1455 	EXP 	eyetracker.setRecordingState(False)
24.1539 	EXP 	eyetracker.setRecordingState(False)
24.1627 	EXP 	eyetracker.setRecordingState(False)
24.1722 	EXP 	eyetracker.setRecordingState(False)
24.1832 	EXP 	eyetracker.setRecordingState(False)
24.1931 	EXP 	eyetracker.setRecordingState(False)
24.2020 	EXP 	eyetracker.setRecordingState(False)
24.2149 	EXP 	eyetracker.setRecordingState(False)
24.2250 	EXP 	eyetracker.setRecordingState(False)
24.2364 	EXP 	eyetracker.setRecordingState(False)
24.2450 	EXP 	eyetracker.setRecordingState(False)
24.2548 	EXP 	eyetracker.setRecordingState(False)
24.2640 	EXP 	eyetracker.setRecordingState(False)
24.2707 	EXP 	eyetracker.setRecordingState(False)
24.2769 	EXP 	eyetracker.setRecordingState(False)
24.2837 	EXP 	eyetracker.setRecordingState(False)
24.2918 	EXP 	eyetracker.setRecordingState(False)
24.3003 	EXP 	eyetracker.setRecordingState(False)
24.3110 	EXP 	eyetracker.setRecordingState(False)
24.3189 	EXP 	eyetracker.setRecordingState(False)
24.3270 	EXP 	eyetracker.setRecordingState(False)
24.3335 	EXP 	eyetracker.setRecordingState(False)
24.3401 	EXP 	eyetracker.setRecordingState(False)
24.3463 	EXP 	eyetracker.setRecordingState(False)
24.3534 	EXP 	eyetracker.setRecordingState(False)
24.3628 	EXP 	eyetracker.setRecordingState(False)
24.3703 	EXP 	eyetracker.setRecordingState(False)
24.3784 	EXP 	eyetracker.setRecordingState(False)
24.3862 	EXP 	eyetracker.setRecordingState(False)
24.3941 	EXP 	eyetracker.setRecordingState(False)
24.4014 	EXP 	eyetracker.setRecordingState(False)
24.4092 	EXP 	eyetracker.setRecordingState(False)
24.4160 	EXP 	eyetracker.setRecordingState(False)
24.4220 	EXP 	eyetracker.setRecordingState(False)
24.4269 	EXP 	eyetracker.setRecordingState(False)
24.4321 	EXP 	eyetracker.setRecordingState(False)
24.4382 	EXP 	eyetracker.setRecordingState(False)
24.4441 	EXP 	eyetracker.setRecordingState(False)
24.4517 	EXP 	eyetracker.setRecordingState(False)
24.4584 	EXP 	eyetracker.setRecordingState(False)
24.4661 	EXP 	eyetracker.setRecordingState(False)
24.4735 	EXP 	eyetracker.setRecordingState(False)
24.4799 	EXP 	eyetracker.setRecordingState(False)
24.4870 	EXP 	eyetracker.setRecordingState(False)
24.4946 	EXP 	eyetracker.setRecordingState(False)
24.5029 	EXP 	eyetracker.setRecordingState(False)
24.5111 	EXP 	eyetracker.setRecordingState(False)
24.5204 	EXP 	eyetracker.setRecordingState(False)
24.5292 	EXP 	eyetracker.setRecordingState(False)
24.5383 	EXP 	eyetracker.setRecordingState(False)
24.5487 	EXP 	eyetracker.setRecordingState(False)
24.5583 	EXP 	eyetracker.setRecordingState(False)
24.5660 	EXP 	eyetracker.setRecordingState(False)
24.5728 	EXP 	eyetracker.setRecordingState(False)
24.5815 	EXP 	eyetracker.setRecordingState(False)
24.5904 	EXP 	eyetracker.setRecordingState(False)
24.5981 	EXP 	eyetracker.setRecordingState(False)
24.6065 	EXP 	eyetracker.setRecordingState(False)
24.6157 	EXP 	eyetracker.setRecordingState(False)
24.6257 	EXP 	eyetracker.setRecordingState(False)
24.6378 	EXP 	eyetracker.setRecordingState(False)
24.6453 	EXP 	eyetracker.setRecordingState(False)
24.6552 	EXP 	eyetracker.setRecordingState(False)
24.6632 	EXP 	eyetracker.setRecordingState(False)
24.6704 	EXP 	eyetracker.setRecordingState(False)
24.6781 	EXP 	eyetracker.setRecordingState(False)
24.6861 	EXP 	eyetracker.setRecordingState(False)
24.6936 	EXP 	eyetracker.setRecordingState(False)
24.7010 	EXP 	eyetracker.setRecordingState(False)
24.7121 	EXP 	eyetracker.setRecordingState(False)
24.7210 	EXP 	eyetracker.setRecordingState(False)
24.7288 	EXP 	eyetracker.setRecordingState(False)
24.7354 	EXP 	eyetracker.setRecordingState(False)
24.7420 	EXP 	eyetracker.setRecordingState(False)
24.7483 	EXP 	eyetracker.setRecordingState(False)
24.7554 	EXP 	eyetracker.setRecordingState(False)
24.7607 	EXP 	eyetracker.setRecordingState(False)
24.7655 	EXP 	eyetracker.setRecordingState(False)
24.7706 	EXP 	eyetracker.setRecordingState(False)
24.7776 	EXP 	eyetracker.setRecordingState(False)
24.7845 	EXP 	eyetracker.setRecordingState(False)
24.7924 	EXP 	eyetracker.setRecordingState(False)
24.8023 	EXP 	eyetracker.setRecordingState(False)
24.8114 	EXP 	eyetracker.setRecordingState(False)
24.8235 	EXP 	eyetracker.setRecordingState(False)
24.8331 	EXP 	eyetracker.setRecordingState(False)
24.8441 	EXP 	eyetracker.setRecordingState(False)
24.8531 	EXP 	eyetracker.setRecordingState(False)
24.8614 	EXP 	eyetracker.setRecordingState(False)
24.8711 	EXP 	eyetracker.setRecordingState(False)
24.8803 	EXP 	eyetracker.setRecordingState(False)
24.8879 	EXP 	eyetracker.setRecordingState(False)
24.8949 	EXP 	eyetracker.setRecordingState(False)
24.9016 	EXP 	eyetracker.setRecordingState(False)
24.9086 	EXP 	eyetracker.setRecordingState(False)
24.9158 	EXP 	eyetracker.setRecordingState(False)
24.9234 	EXP 	eyetracker.setRecordingState(False)
24.9322 	EXP 	eyetracker.setRecordingState(False)
24.9402 	EXP 	eyetracker.setRecordingState(False)
24.9475 	EXP 	eyetracker.setRecordingState(False)
24.9548 	EXP 	eyetracker.setRecordingState(False)
24.9647 	EXP 	eyetracker.setRecordingState(False)
24.9754 	EXP 	eyetracker.setRecordingState(False)
24.9851 	EXP 	eyetracker.setRecordingState(False)
24.9987 	EXP 	eyetracker.setRecordingState(False)
25.0079 	EXP 	eyetracker.setRecordingState(False)
25.0175 	EXP 	eyetracker.setRecordingState(False)
25.0266 	EXP 	eyetracker.setRecordingState(False)
25.0363 	EXP 	eyetracker.setRecordingState(False)
25.0461 	EXP 	eyetracker.setRecordingState(False)
25.0554 	EXP 	eyetracker.setRecordingState(False)
25.0637 	EXP 	eyetracker.setRecordingState(False)
25.0707 	EXP 	eyetracker.setRecordingState(False)
25.0801 	EXP 	eyetracker.setRecordingState(False)
25.0892 	EXP 	eyetracker.setRecordingState(False)
25.0969 	EXP 	eyetracker.setRecordingState(False)
25.1053 	EXP 	eyetracker.setRecordingState(False)
25.1130 	EXP 	eyetracker.setRecordingState(False)
25.1224 	EXP 	eyetracker.setRecordingState(False)
25.1304 	EXP 	eyetracker.setRecordingState(False)
25.1388 	EXP 	eyetracker.setRecordingState(False)
25.1478 	EXP 	eyetracker.setRecordingState(False)
25.1572 	EXP 	eyetracker.setRecordingState(False)
25.1641 	EXP 	eyetracker.setRecordingState(False)
25.1720 	EXP 	eyetracker.setRecordingState(False)
25.1804 	EXP 	eyetracker.setRecordingState(False)
25.1888 	EXP 	eyetracker.setRecordingState(False)
25.2004 	EXP 	eyetracker.setRecordingState(False)
25.2104 	EXP 	eyetracker.setRecordingState(False)
25.2223 	EXP 	eyetracker.setRecordingState(False)
25.2322 	EXP 	eyetracker.setRecordingState(False)
25.2428 	EXP 	eyetracker.setRecordingState(False)
25.2522 	EXP 	eyetracker.setRecordingState(False)
25.2639 	EXP 	eyetracker.setRecordingState(False)
25.2750 	EXP 	eyetracker.setRecordingState(False)
25.2834 	EXP 	eyetracker.setRecordingState(False)
25.2921 	EXP 	eyetracker.setRecordingState(False)
25.3001 	EXP 	eyetracker.setRecordingState(False)
25.3083 	EXP 	eyetracker.setRecordingState(False)
25.3174 	EXP 	eyetracker.setRecordingState(False)
25.3277 	EXP 	eyetracker.setRecordingState(False)
25.3373 	EXP 	eyetracker.setRecordingState(False)
25.3462 	EXP 	eyetracker.setRecordingState(False)
25.3556 	EXP 	eyetracker.setRecordingState(False)
25.3654 	EXP 	eyetracker.setRecordingState(False)
25.3772 	EXP 	eyetracker.setRecordingState(False)
25.3874 	EXP 	eyetracker.setRecordingState(False)
25.3981 	EXP 	eyetracker.setRecordingState(False)
25.4113 	EXP 	eyetracker.setRecordingState(False)
25.4217 	EXP 	eyetracker.setRecordingState(False)
25.4299 	EXP 	eyetracker.setRecordingState(False)
25.4389 	EXP 	eyetracker.setRecordingState(False)
25.4475 	EXP 	eyetracker.setRecordingState(False)
25.4562 	EXP 	eyetracker.setRecordingState(False)
25.4668 	EXP 	eyetracker.setRecordingState(False)
25.4775 	EXP 	eyetracker.setRecordingState(False)
25.4882 	EXP 	eyetracker.setRecordingState(False)
25.5045 	EXP 	eyetracker.setRecordingState(False)
25.5170 	EXP 	eyetracker.setRecordingState(False)
25.5297 	EXP 	eyetracker.setRecordingState(False)
25.5425 	EXP 	eyetracker.setRecordingState(False)
25.5535 	EXP 	eyetracker.setRecordingState(False)
25.5630 	EXP 	eyetracker.setRecordingState(False)
25.5714 	EXP 	eyetracker.setRecordingState(False)
25.5819 	EXP 	eyetracker.setRecordingState(False)
25.5926 	EXP 	eyetracker.setRecordingState(False)
25.6029 	EXP 	eyetracker.setRecordingState(False)
25.6121 	EXP 	eyetracker.setRecordingState(False)
25.6217 	EXP 	eyetracker.setRecordingState(False)
25.6329 	EXP 	eyetracker.setRecordingState(False)
25.6441 	EXP 	eyetracker.setRecordingState(False)
25.6489 	DATA 	Mouse: Left button down, pos=(610,486)
25.6553 	EXP 	eyetracker.setRecordingState(False)
25.6600 	EXP 	text_instr_2: autoDraw = False
25.6600 	EXP 	goldi: autoDraw = False
25.6600 	EXP 	elephanthouse: autoDraw = False
25.6600 	EXP 	krest: autoDraw = False
25.6600 	EXP 	pussalla: autoDraw = False
25.6600 	EXP 	text_16: autoDraw = False
25.6600 	EXP 	text_17: autoDraw = False
25.6600 	EXP 	text_18: autoDraw = False
25.6600 	EXP 	text_19: autoDraw = False
25.6604 	EXP 	Cheese: status = STOPPED
25.7722 	INFO 	saved data to 'C:\\Users\\M S I\\OneDrive\\Documents\\GitHub\\Research-Project\\data\\566606_Cheese_2026-03-09_14h27.33.581.csv'
25.7730 	INFO 	saved data to C:\Users\M S I\OneDrive\Documents\GitHub\Research-Project\data\566606_Cheese_2026-03-09_14h27.33.581.psydat
