180.7680 	INFO 	Loaded monitor calibration from ['2025_12_23 12:18']
180.9049 	WARNING 	User requested fullscreen with size [1024  768], but screen is actually [1920, 1080]. Using actual size
184.2836 	INFO 	Using renderer 'Intel(R) UHD Graphics' for graphics
184.2837 	INFO 	OpenGL version supported by driver is 4..
184.3281 	EXP 	Created window1 = Window(allowGUI=True, allowStencil=False, autoLog=True, backendConf=UNKNOWN, backgroundFit=<method-wrapper '__getattribute__' of attributeSetter object at 0x0000012D8734C3D0>, backgroundImage=<method-wrapper '__getattribute__' of attributeSetter object at 0x0000012D8734C250>, bitsMode=UNKNOWN, blendMode='avg', bpc=(8, 8, 8), color=array([-1., -1., -1.]), colorSpace='rgb', depthBits=8, fullscr=True, gamma=None, gammaErrorPolicy='raise', infoMsg=UNKNOWN, lms=UNKNOWN, monitor=<psychopy.monitors.calibTools.Monitor object at 0x0000012D90629F30>, multiSample=False, name='window1', numSamples=2, pos=[np.float64(0.0), np.float64(0.0)], screen=0, size=array([1920, 1080]), stencilBits=0, stereo=False, title='PsychoPy', units='height', useFBO=True, useRetina=False, viewOri=0.0, viewPos=None, viewScale=None, waitBlanking=True, winType='pyglet')
184.3282 	EXP 	window1: backgroundImage = ''
184.3282 	EXP 	window1: backgroundFit = 'none'
184.7670 	EXP 	window1: Attempting to measure frame rate of screen (0) ...
184.7671 	EXP 	window1: recordFrameIntervals = False
184.8349 	EXP 	window1: recordFrameIntervals = True
184.9123 	EXP 	Screen (0) actual frame rate measured at 143.32Hz
184.9124 	EXP 	window1: recordFrameIntervals = False
197.5675 	INFO 	keyboard.Keyboard is using iohub backend.
197.5675 	EXP 	Cheese: status = STARTED
198.2669 	EXP 	Created text = TextStim(__class__=<class 'psychopy.visual.text.TextStim'>, alignHoriz=method-wrapper(...), alignText='center', alignVert=method-wrapper(...), anchorHoriz='center', anchorVert='center', antialias=True, autoDraw=False, autoLog=True, bold=False, color=array([1., 1., 1.]), colorSpace='rgb', contrast=1.0, depth=0.0, draggable=False, flipHoriz=False, flipVert=False, font='Arial', fontFiles=[], height=0.05, italic=False, languageStyle='LTR', name='text', opacity=1, ori=0.0, pos=array([0. , 0.3]), rgb=UNKNOWN, text='', units='height', win=Window(...), wrapWidth=1)
198.4079 	EXP 	Created ambewela = ImageStim(__class__=<class 'psychopy.visual.image.ImageStim'>, anchor=('center', 'center'), autoLog=True, color=array([1., 1., 1.]), colorSpace='rgb', contrast=1.0, depth=-1.0, draggable=False, flipHoriz=np.False_, flipVert=np.False_, image='default.png', interpolate=True, mask=None, maskParams=None, name='ambewela', opacity=1.0, ori=0.0, pos=array([-0.6,  0. ]), size=array([0.2, 0.2]), texRes=128.0, units='height', win=Window(...))
198.4135 	EXP 	Created kothmale = ImageStim(__class__=<class 'psychopy.visual.image.ImageStim'>, anchor=('center', 'center'), autoLog=True, color=array([1., 1., 1.]), colorSpace='rgb', contrast=1.0, depth=-2.0, draggable=False, flipHoriz=np.False_, flipVert=np.False_, image='default.png', interpolate=True, mask=None, maskParams=None, name='kothmale', opacity=1.0, ori=0.0, pos=array([-0.3,  0. ]), size=array([0.2, 0.2]), texRes=128.0, units='height', win=Window(...))
198.4168 	EXP 	Created happycow = ImageStim(__class__=<class 'psychopy.visual.image.ImageStim'>, anchor=('center', 'center'), autoLog=True, color=array([1., 1., 1.]), colorSpace='rgb', contrast=1.0, depth=-3.0, draggable=False, flipHoriz=np.False_, flipVert=np.False_, image='default.png', interpolate=True, mask=None, maskParams=None, name='happycow', opacity=1.0, ori=0.0, pos=array([0., 0.]), size=array([0.2, 0.2]), texRes=128.0, units='height', win=Window(...))
198.4258 	EXP 	Created kraft = ImageStim(__class__=<class 'psychopy.visual.image.ImageStim'>, anchor=('center', 'center'), autoLog=True, color=array([1., 1., 1.]), colorSpace='rgb', contrast=1.0, depth=-4.0, draggable=False, flipHoriz=np.False_, flipVert=np.False_, image='default.png', interpolate=True, mask=None, maskParams=None, name='kraft', opacity=1.0, ori=0.0, pos=array([0.3, 0. ]), size=array([0.2, 0.2]), texRes=128.0, units='height', win=Window(...))
198.4311 	EXP 	Created richlife = ImageStim(__class__=<class 'psychopy.visual.image.ImageStim'>, anchor=('center', 'center'), autoLog=True, color=array([1., 1., 1.]), colorSpace='rgb', contrast=1.0, depth=-5.0, draggable=False, flipHoriz=np.False_, flipVert=np.False_, image='default.png', interpolate=True, mask=None, maskParams=None, name='richlife', opacity=1.0, ori=0.0, pos=array([0.6, 0. ]), size=array([0.2, 0.2]), texRes=128.0, units='height', win=Window(...))
199.1801 	EXP 	Created text_2 = TextStim(__class__=<class 'psychopy.visual.text.TextStim'>, alignHoriz=method-wrapper(...), alignText='center', alignVert=method-wrapper(...), anchorHoriz='center', anchorVert='center', antialias=True, autoDraw=False, autoLog=True, bold=False, color=array([1., 1., 1.]), colorSpace='rgb', contrast=1.0, depth=-6.0, draggable=False, flipHoriz=False, flipVert=False, font='Arial', fontFiles=[], height=np.float64(0.02), italic=False, languageStyle='LTR', name='text_2', opacity=1, ori=0.0, pos=array([-0.6, -0.3]), rgb=UNKNOWN, text=str(...), units='height', win=Window(...), wrapWidth=1)
199.1854 	EXP 	Created text_3 = TextStim(__class__=<class 'psychopy.visual.text.TextStim'>, alignHoriz=method-wrapper(...), alignText='center', alignVert=method-wrapper(...), anchorHoriz='center', anchorVert='center', antialias=True, autoDraw=False, autoLog=True, bold=False, color=array([1., 1., 1.]), colorSpace='rgb', contrast=1.0, depth=-7.0, draggable=False, flipHoriz=False, flipVert=False, font='Arial', fontFiles=[], height=np.float64(0.02), italic=False, languageStyle='LTR', name='text_3', opacity=1, ori=0.0, pos=array([-0.3, -0.3]), rgb=UNKNOWN, text='Kothmale Cheddar\n250 g \nRs 1300', units='height', win=Window(...), wrapWidth=1)
199.1901 	EXP 	Created text_4 = TextStim(__class__=<class 'psychopy.visual.text.TextStim'>, alignHoriz=method-wrapper(...), alignText='center', alignVert=method-wrapper(...), anchorHoriz='center', anchorVert='center', antialias=True, autoDraw=False, autoLog=True, bold=False, color=array([1., 1., 1.]), colorSpace='rgb', contrast=1.0, depth=-8.0, draggable=False, flipHoriz=False, flipVert=False, font='Arial', fontFiles=[], height=np.float64(0.02), italic=False, languageStyle='LTR', name='text_4', opacity=1, ori=0.0, pos=array([ 0. , -0.3]), rgb=UNKNOWN, text='HappyCow Cheese\n340 g\nRs 1200', units='height', win=Window(...), wrapWidth=1)
199.1944 	EXP 	Created text_5 = TextStim(__class__=<class 'psychopy.visual.text.TextStim'>, alignHoriz=method-wrapper(...), alignText='center', alignVert=method-wrapper(...), anchorHoriz='center', anchorVert='center', antialias=True, autoDraw=False, autoLog=True, bold=False, color=array([1., 1., 1.]), colorSpace='rgb', contrast=1.0, depth=-9.0, draggable=False, flipHoriz=False, flipVert=False, font='Arial', fontFiles=[], height=np.float64(0.02), italic=False, languageStyle='LTR', name='text_5', opacity=1, ori=0.0, pos=array([ 0.3, -0.3]), rgb=UNKNOWN, text='Kraft Cheddar Cheese\n250 g\nRs 2590', units='height', win=Window(...), wrapWidth=1)
199.1985 	EXP 	Created text_6 = TextStim(__class__=<class 'psychopy.visual.text.TextStim'>, alignHoriz=method-wrapper(...), alignText='center', alignVert=method-wrapper(...), anchorHoriz='center', anchorVert='center', antialias=True, autoDraw=False, autoLog=True, bold=False, color=array([1., 1., 1.]), colorSpace='rgb', contrast=1.0, depth=-10.0, draggable=False, flipHoriz=False, flipVert=False, font='Arial', fontFiles=[], height=np.float64(0.02), italic=False, languageStyle='LTR', name='text_6', opacity=1, ori=0.0, pos=array([ 0.6, -0.3]), rgb=UNKNOWN, text='Rich Life Cheddar Cheese\n100 g\nRs 625', units='height', win=Window(...), wrapWidth=1)
199.2068 	EXP 	Created text_7 = TextStim(__class__=<class 'psychopy.visual.text.TextStim'>, alignHoriz=method-wrapper(...), alignText='center', alignVert=method-wrapper(...), anchorHoriz='center', anchorVert='center', antialias=True, autoDraw=False, autoLog=True, bold=False, color=array([1., 1., 1.]), colorSpace='rgb', contrast=1.0, depth=0.0, draggable=False, flipHoriz=False, flipVert=False, font='Arial', fontFiles=[], height=np.float64(0.05), italic=False, languageStyle='LTR', name='text_7', opacity=1, ori=0.0, pos=array([0. , 0.3]), rgb=UNKNOWN, text='Which one are you going to buy ?', units='height', win=Window(...), wrapWidth=1)
199.2486 	EXP 	Created highlandYoghurt = ImageStim(__class__=<class 'psychopy.visual.image.ImageStim'>, anchor=('center', 'center'), autoLog=True, color=array([1., 1., 1.]), colorSpace='rgb', contrast=1.0, depth=-1.0, draggable=False, flipHoriz=np.False_, flipVert=np.False_, image='Highland yp.jpg', interpolate=True, mask=None, maskParams=None, name='highlandYoghurt', opacity=1, ori=0.0, pos=array([-0.4,  0. ]), size=array([0.2, 0.2]), texRes=128.0, units='height', win=Window(...))
199.2781 	EXP 	Created anchoryoghurt = ImageStim(__class__=<class 'psychopy.visual.image.ImageStim'>, anchor=('center', 'center'), autoLog=True, color=array([1., 1., 1.]), colorSpace='rgb', contrast=1.0, depth=-2.0, draggable=False, flipHoriz=np.False_, flipVert=np.False_, image='anchor youghurt.jpg', interpolate=True, mask=None, maskParams=None, name='anchoryoghurt', opacity=1, ori=0.0, pos=array([-0.1,  0. ]), size=array([0.2, 0.2]), texRes=128.0, units='height', win=Window(...))
199.2842 	EXP 	Created ambewelayoghurt = ImageStim(__class__=<class 'psychopy.visual.image.ImageStim'>, anchor=('center', 'center'), autoLog=True, color=array([1., 1., 1.]), colorSpace='rgb', contrast=1.0, depth=-3.0, draggable=False, flipHoriz=np.False_, flipVert=np.False_, image='ambewela yoghurt.jpg', interpolate=True, mask=None, maskParams=None, name='ambewelayoghurt', opacity=1, ori=0.0, pos=array([0.2, 0. ]), size=array([0.2, 0.2]), texRes=128.0, units='height', win=Window(...))
199.3112 	EXP 	Created pelawatteyoghurt = ImageStim(__class__=<class 'psychopy.visual.image.ImageStim'>, anchor=('center', 'center'), autoLog=True, color=array([1., 1., 1.]), colorSpace='rgb', contrast=1.0, depth=-4.0, draggable=False, flipHoriz=np.False_, flipVert=np.False_, image='pelawatteypughurt.jpeg', interpolate=True, mask=None, maskParams=None, name='pelawatteyoghurt', opacity=1, ori=0.0, pos=array([0.5, 0. ]), size=array([0.2, 0.2]), texRes=128.0, units='height', win=Window(...))
199.3170 	EXP 	Created text_8 = TextStim(__class__=<class 'psychopy.visual.text.TextStim'>, alignHoriz=method-wrapper(...), alignText='center', alignVert=method-wrapper(...), anchorHoriz='center', anchorVert='center', antialias=True, autoDraw=False, autoLog=True, bold=False, color=array([1., 1., 1.]), colorSpace='rgb', contrast=1.0, depth=-5.0, draggable=False, flipHoriz=False, flipVert=False, font='Arial', fontFiles=[], height=np.float64(0.02), italic=False, languageStyle='LTR', name='text_8', opacity=1, ori=0.0, pos=array([-0.4, -0.3]), rgb=UNKNOWN, text=str(...), units='height', win=Window(...), wrapWidth=1)
199.3199 	EXP 	Created text_9 = TextStim(__class__=<class 'psychopy.visual.text.TextStim'>, alignHoriz=method-wrapper(...), alignText='center', alignVert=method-wrapper(...), anchorHoriz='center', anchorVert='center', antialias=True, autoDraw=False, autoLog=True, bold=False, color=array([1., 1., 1.]), colorSpace='rgb', contrast=1.0, depth=-6.0, draggable=False, flipHoriz=False, flipVert=False, font='Arial', fontFiles=[], height=np.float64(0.02), italic=False, languageStyle='LTR', name='text_9', opacity=1, ori=0.0, pos=array([-0.1, -0.3]), rgb=UNKNOWN, text='Anchor Yoghurt\n     80 g\n   Rs 70', units='height', win=Window(...), wrapWidth=1)
199.3236 	EXP 	Created text_10 = TextStim(__class__=<class 'psychopy.visual.text.TextStim'>, alignHoriz=method-wrapper(...), alignText='center', alignVert=method-wrapper(...), anchorHoriz='center', anchorVert='center', antialias=True, autoDraw=False, autoLog=True, bold=False, color=array([1., 1., 1.]), colorSpace='rgb', contrast=1.0, depth=-7.0, draggable=False, flipHoriz=False, flipVert=False, font='Arial', fontFiles=[], height=np.float64(0.02), italic=False, languageStyle='LTR', name='text_10', opacity=1, ori=0.0, pos=array([ 0.2, -0.3]), rgb=UNKNOWN, text='Ambewela Yoghurt\n      80 g\n     Rs 70', units='height', win=Window(...), wrapWidth=1)
199.3268 	EXP 	Created text_11 = TextStim(__class__=<class 'psychopy.visual.text.TextStim'>, alignHoriz=method-wrapper(...), alignText='center', alignVert=method-wrapper(...), anchorHoriz='center', anchorVert='center', antialias=True, autoDraw=False, autoLog=True, bold=False, color=array([1., 1., 1.]), colorSpace='rgb', contrast=1.0, depth=-8.0, draggable=False, flipHoriz=False, flipVert=False, font='Arial', fontFiles=[], height=np.float64(0.02), italic=False, languageStyle='LTR', name='text_11', opacity=1, ori=0.0, pos=array([ 0.5, -0.3]), rgb=UNKNOWN, text='Pelawatte Yoghurt\n       80 g\n      Rs  50', units='height', win=Window(...), wrapWidth=1)
199.3295 	EXP 	Created text_12 = TextStim(__class__=<class 'psychopy.visual.text.TextStim'>, alignHoriz=method-wrapper(...), alignText='center', alignVert=method-wrapper(...), anchorHoriz='center', anchorVert='center', antialias=True, autoDraw=False, autoLog=True, bold=False, color=array([1., 1., 1.]), colorSpace='rgb', contrast=1.0, depth=0.0, draggable=False, flipHoriz=False, flipVert=False, font='Arial', fontFiles=[], height=np.float64(0.05), italic=False, languageStyle='LTR', name='text_12', opacity=1, ori=0.0, pos=array([0. , 0.3]), rgb=UNKNOWN, text='Which one are you going to buy?', units='height', win=Window(...), wrapWidth=1)
199.4113 	EXP 	Created fortune = ImageStim(__class__=<class 'psychopy.visual.image.ImageStim'>, anchor=('center', 'center'), autoLog=True, color=array([1., 1., 1.]), colorSpace='rgb', contrast=1.0, depth=-1.0, draggable=False, flipHoriz=np.False_, flipVert=np.False_, image='fortune.jpg', interpolate=True, mask=None, maskParams=None, name='fortune', opacity=1, ori=0.0, pos=array([-0.5,  0. ]), size=array([0.2, 0.2]), texRes=128.0, units='height', win=Window(...))
199.4804 	EXP 	Created marina = ImageStim(__class__=<class 'psychopy.visual.image.ImageStim'>, anchor=('center', 'center'), autoLog=True, color=array([1., 1., 1.]), colorSpace='rgb', contrast=1.0, depth=-2.0, draggable=False, flipHoriz=np.False_, flipVert=np.False_, image='marina.jpeg', interpolate=True, mask=None, maskParams=None, name='marina', opacity=1, ori=0.0, pos=array([0., 0.]), size=array([0.2, 0.2]), texRes=128.0, units='height', win=Window(...))
199.5235 	EXP 	Created Njoy = ImageStim(__class__=<class 'psychopy.visual.image.ImageStim'>, anchor=('center', 'center'), autoLog=True, color=array([1., 1., 1.]), colorSpace='rgb', contrast=1.0, depth=-3.0, draggable=False, flipHoriz=np.False_, flipVert=np.False_, image='Njoy.jpg', interpolate=True, mask=None, maskParams=None, name='Njoy', opacity=1, ori=0.0, pos=array([0.5, 0. ]), size=array([0.2, 0.2]), texRes=128.0, units='height', win=Window(...))
199.5273 	EXP 	Created text_13 = TextStim(__class__=<class 'psychopy.visual.text.TextStim'>, alignHoriz=method-wrapper(...), alignText='center', alignVert=method-wrapper(...), anchorHoriz='center', anchorVert='center', antialias=True, autoDraw=False, autoLog=True, bold=False, color=array([1., 1., 1.]), colorSpace='rgb', contrast=1.0, depth=-4.0, draggable=False, flipHoriz=False, flipVert=False, font='Arial', fontFiles=[], height=np.float64(0.02), italic=False, languageStyle='LTR', name='text_13', opacity=1, ori=0.0, pos=array([-0.5, -0.3]), rgb=UNKNOWN, text=str(...), units='height', win=Window(...), wrapWidth=1)
199.5328 	EXP 	Created text_14 = TextStim(__class__=<class 'psychopy.visual.text.TextStim'>, alignHoriz=method-wrapper(...), alignText='center', alignVert=method-wrapper(...), anchorHoriz='center', anchorVert='center', antialias=True, autoDraw=False, autoLog=True, bold=False, color=array([1., 1., 1.]), colorSpace='rgb', contrast=1.0, depth=-5.0, draggable=False, flipHoriz=False, flipVert=False, font='Arial', fontFiles=[], height=np.float64(0.02), italic=False, languageStyle='LTR', name='text_14', opacity=1, ori=0.0, pos=array([ 0. , -0.3]), rgb=UNKNOWN, text=str(...), units='height', win=Window(...), wrapWidth=1)
199.5377 	EXP 	Created text_15 = TextStim(__class__=<class 'psychopy.visual.text.TextStim'>, alignHoriz=method-wrapper(...), alignText='center', alignVert=method-wrapper(...), anchorHoriz='center', anchorVert='center', antialias=True, autoDraw=False, autoLog=True, bold=False, color=array([1., 1., 1.]), colorSpace='rgb', contrast=1.0, depth=-6.0, draggable=False, flipHoriz=False, flipVert=False, font='Arial', fontFiles=[], height=np.float64(0.02), italic=False, languageStyle='LTR', name='text_15', opacity=1, ori=0.0, pos=array([ 0.5, -0.3]), rgb=UNKNOWN, text=str(...), units='height', win=Window(...), wrapWidth=1)
199.5446 	EXP 	Created text_instr = TextStim(__class__=<class 'psychopy.visual.text.TextStim'>, alignHoriz=method-wrapper(...), alignText='center', alignVert=method-wrapper(...), anchorHoriz='center', anchorVert='center', antialias=True, autoDraw=False, autoLog=True, bold=False, color=array([1., 1., 1.]), colorSpace='rgb', contrast=1.0, depth=0.0, draggable=False, flipHoriz=False, flipVert=False, font='Arial', fontFiles=[], height=np.float64(0.04), italic=False, languageStyle='LTR', name='text_instr', opacity=1, ori=0.0, pos=array([0. , 0.3]), rgb=UNKNOWN, text='Which one are you going to buy?', units='height', win=Window(...), wrapWidth=1)
199.5679 	EXP 	Created kandos = ImageStim(__class__=<class 'psychopy.visual.image.ImageStim'>, anchor=('center', 'center'), autoLog=True, color=array([1., 1., 1.]), colorSpace='rgb', contrast=1.0, depth=-1.0, draggable=False, flipHoriz=np.False_, flipVert=np.False_, image='Kandos.jpeg', interpolate=True, mask=None, maskParams=None, name='kandos', opacity=1, ori=0.0, pos=array([-0.4,  0. ]), size=array([0.2, 0.2]), texRes=128.0, units='height', win=Window(...))
199.6037 	EXP 	Created ritzbury = ImageStim(__class__=<class 'psychopy.visual.image.ImageStim'>, anchor=('center', 'center'), autoLog=True, color=array([1., 1., 1.]), colorSpace='rgb', contrast=1.0, depth=-2.0, draggable=False, flipHoriz=np.False_, flipVert=np.False_, image='ritzbury.jpg', interpolate=True, mask=None, maskParams=None, name='ritzbury', opacity=1.0, ori=0.0, pos=array([-0.1,  0. ]), size=array([0.2, 0.2]), texRes=128.0, units='height', win=Window(...))
199.6463 	EXP 	Created revello = ImageStim(__class__=<class 'psychopy.visual.image.ImageStim'>, anchor=('center', 'center'), autoLog=True, color=array([1., 1., 1.]), colorSpace='rgb', contrast=1.0, depth=-3.0, draggable=False, flipHoriz=np.False_, flipVert=np.False_, image='revello.jpg', interpolate=True, mask=None, maskParams=None, name='revello', opacity=1, ori=0.0, pos=array([0.2, 0. ]), size=array([0.2, 0.2]), texRes=128.0, units='height', win=Window(...))
199.7256 	EXP 	Created cadbury = ImageStim(__class__=<class 'psychopy.visual.image.ImageStim'>, anchor=('center', 'center'), autoLog=True, color=array([1., 1., 1.]), colorSpace='rgb', contrast=1.0, depth=-4.0, draggable=False, flipHoriz=np.False_, flipVert=np.False_, image='cadbury.jpg', interpolate=True, mask=None, maskParams=None, name='cadbury', opacity=1, ori=0.0, pos=array([0.5, 0. ]), size=array([0.2, 0.2]), texRes=128.0, units='height', win=Window(...))
199.7418 	EXP 	Created text_20 = TextStim(__class__=<class 'psychopy.visual.text.TextStim'>, alignHoriz=method-wrapper(...), alignText='center', alignVert=method-wrapper(...), anchorHoriz='center', anchorVert='center', antialias=True, autoDraw=False, autoLog=True, bold=False, color=array([1., 1., 1.]), colorSpace='rgb', contrast=1.0, depth=-8.0, draggable=False, flipHoriz=False, flipVert=False, font='Arial', fontFiles=[], height=np.float64(0.02), italic=False, languageStyle='LTR', name='text_20', opacity=1, ori=0.0, pos=array([-0.4, -0.3]), rgb=UNKNOWN, text='Kandos Chocolate\n        90 g\n    Rs  600', units='height', win=Window(...), wrapWidth=1)
199.7563 	EXP 	Created text_21 = TextStim(__class__=<class 'psychopy.visual.text.TextStim'>, alignHoriz=method-wrapper(...), alignText='center', alignVert=method-wrapper(...), anchorHoriz='center', anchorVert='center', antialias=True, autoDraw=False, autoLog=True, bold=False, color=array([1., 1., 1.]), colorSpace='rgb', contrast=1.0, depth=-9.0, draggable=False, flipHoriz=False, flipVert=False, font='Arial', fontFiles=[], height=np.float64(0.02), italic=False, languageStyle='LTR', name='text_21', opacity=1, ori=0.0, pos=array([-0.1, -0.3]), rgb=UNKNOWN, text=str(...), units='height', win=Window(...), wrapWidth=1)
199.7667 	EXP 	Created text_22 = TextStim(__class__=<class 'psychopy.visual.text.TextStim'>, alignHoriz=method-wrapper(...), alignText='center', alignVert=method-wrapper(...), anchorHoriz='center', anchorVert='center', antialias=True, autoDraw=False, autoLog=True, bold=False, color=array([1., 1., 1.]), colorSpace='rgb', contrast=1.0, depth=-10.0, draggable=False, flipHoriz=False, flipVert=False, font='Arial', fontFiles=[], height=np.float64(0.02), italic=False, languageStyle='LTR', name='text_22', opacity=1, ori=0.0, pos=array([ 0.2, -0.3]), rgb=UNKNOWN, text=str(...), units='height', win=Window(...), wrapWidth=1)
199.7732 	EXP 	Created text_23 = TextStim(__class__=<class 'psychopy.visual.text.TextStim'>, alignHoriz=method-wrapper(...), alignText='center', alignVert=method-wrapper(...), anchorHoriz='center', anchorVert='center', antialias=True, autoDraw=False, autoLog=True, bold=False, color=array([1., 1., 1.]), colorSpace='rgb', contrast=1.0, depth=-11.0, draggable=False, flipHoriz=False, flipVert=False, font='Arial', fontFiles=[], height=np.float64(0.02), italic=False, languageStyle='LTR', name='text_23', opacity=1, ori=0.0, pos=array([ 0.5, -0.3]), rgb=UNKNOWN, text=str(...), units='height', win=Window(...), wrapWidth=1)
199.7773 	EXP 	Created text_instr_2 = TextStim(__class__=<class 'psychopy.visual.text.TextStim'>, alignHoriz=method-wrapper(...), alignText='center', alignVert=method-wrapper(...), anchorHoriz='center', anchorVert='center', antialias=True, autoDraw=False, autoLog=True, bold=False, color=array([1., 1., 1.]), colorSpace='rgb', contrast=1.0, depth=0.0, draggable=False, flipHoriz=False, flipVert=False, font='Arial', fontFiles=[], height=np.float64(0.04), italic=False, languageStyle='LTR', name='text_instr_2', opacity=1, ori=0.0, pos=array([0. , 0.3]), rgb=UNKNOWN, text='Which one are going to buy', units='height', win=Window(...), wrapWidth=1)
199.7981 	EXP 	Created goldi = ImageStim(__class__=<class 'psychopy.visual.image.ImageStim'>, anchor=('center', 'center'), autoLog=True, color=array([1., 1., 1.]), colorSpace='rgb', contrast=1.0, depth=-1.0, draggable=False, flipHoriz=np.False_, flipVert=np.False_, image='goldi.jpg', interpolate=True, mask=None, maskParams=None, name='goldi', opacity=1, ori=0.0, pos=array([-0.4,  0. ]), size=array([0.2, 0.2]), texRes=128.0, units='height', win=Window(...))
199.8519 	EXP 	Created elephanthouse = ImageStim(__class__=<class 'psychopy.visual.image.ImageStim'>, anchor=('center', 'center'), autoLog=True, color=array([1., 1., 1.]), colorSpace='rgb', contrast=1.0, depth=-2.0, draggable=False, flipHoriz=np.False_, flipVert=np.False_, image='elephanthousre.jpg', interpolate=True, mask=None, maskParams=None, name='elephanthouse', opacity=1, ori=0.0, pos=array([-0.1,  0. ]), size=array([0.2, 0.2]), texRes=128.0, units='height', win=Window(...))
199.8732 	EXP 	Created krest = ImageStim(__class__=<class 'psychopy.visual.image.ImageStim'>, anchor=('center', 'center'), autoLog=True, color=array([1., 1., 1.]), colorSpace='rgb', contrast=1.0, depth=-3.0, draggable=False, flipHoriz=np.False_, flipVert=np.False_, image='krest.jpg', interpolate=True, mask=None, maskParams=None, name='krest', opacity=1, ori=0.0, pos=array([0.2, 0. ]), size=array([0.2, 0.2]), texRes=128.0, units='height', win=Window(...))
199.9444 	EXP 	Created pussalla = ImageStim(__class__=<class 'psychopy.visual.image.ImageStim'>, anchor=('center', 'center'), autoLog=True, color=array([1., 1., 1.]), colorSpace='rgb', contrast=1.0, depth=-4.0, draggable=False, flipHoriz=np.False_, flipVert=np.False_, image='pussalla.jpeg', interpolate=True, mask=None, maskParams=None, name='pussalla', opacity=1, ori=0.0, pos=array([0.5, 0. ]), size=array([0.2, 0.2]), texRes=128.0, units='height', win=Window(...))
199.9594 	EXP 	Created text_16 = TextStim(__class__=<class 'psychopy.visual.text.TextStim'>, alignHoriz=method-wrapper(...), alignText='center', alignVert=method-wrapper(...), anchorHoriz='center', anchorVert='center', antialias=True, autoDraw=False, autoLog=True, bold=False, color=array([1., 1., 1.]), colorSpace='rgb', contrast=1.0, depth=-6.0, draggable=False, flipHoriz=False, flipVert=False, font='Arial', fontFiles=[], height=np.float64(0.02), italic=False, languageStyle='LTR', name='text_16', opacity=1, ori=0.0, pos=array([-0.4, -0.3]), rgb=UNKNOWN, text=str(...), units='height', win=Window(...), wrapWidth=1)
199.9685 	EXP 	Created text_17 = TextStim(__class__=<class 'psychopy.visual.text.TextStim'>, alignHoriz=method-wrapper(...), alignText='center', alignVert=method-wrapper(...), anchorHoriz='center', anchorVert='center', antialias=True, autoDraw=False, autoLog=True, bold=False, color=array([1., 1., 1.]), colorSpace='rgb', contrast=1.0, depth=-7.0, draggable=False, flipHoriz=False, flipVert=False, font='Arial', fontFiles=[], height=np.float64(0.02), italic=False, languageStyle='LTR', name='text_17', opacity=1, ori=0.0, pos=array([-0.1, -0.3]), rgb=UNKNOWN, text=str(...), units='height', win=Window(...), wrapWidth=1)
199.9739 	EXP 	Created text_18 = TextStim(__class__=<class 'psychopy.visual.text.TextStim'>, alignHoriz=method-wrapper(...), alignText='center', alignVert=method-wrapper(...), anchorHoriz='center', anchorVert='center', antialias=True, autoDraw=False, autoLog=True, bold=False, color=array([1., 1., 1.]), colorSpace='rgb', contrast=1.0, depth=-8.0, draggable=False, flipHoriz=False, flipVert=False, font='Arial', fontFiles=[], height=np.float64(0.02), italic=False, languageStyle='LTR', name='text_18', opacity=1, ori=0.0, pos=array([ 0.2, -0.3]), rgb=UNKNOWN, text=str(...), units='height', win=Window(...), wrapWidth=1)
199.9818 	EXP 	Created text_19 = TextStim(__class__=<class 'psychopy.visual.text.TextStim'>, alignHoriz=method-wrapper(...), alignText='center', alignVert=method-wrapper(...), anchorHoriz='center', anchorVert='center', antialias=True, autoDraw=False, autoLog=True, bold=False, color=array([1., 1., 1.]), colorSpace='rgb', contrast=1.0, depth=-9.0, draggable=False, flipHoriz=False, flipVert=False, font='Arial', fontFiles=[], height=np.float64(0.02), italic=False, languageStyle='LTR', name='text_19', opacity=1, ori=0.0, pos=array([ 0.5, -0.3]), rgb=UNKNOWN, text=str(...), units='height', win=Window(...), wrapWidth=1)
1.7352 	EXP 	eyetracker.setRecordingState(True)
1.7354 	EXP 	eyetracker.setRecordingState(False)
1.9339 	INFO 	Keyboard events cleared
1.9322 	EXP 	ambewela: image = 'ambewelacheese.jpg'
1.9322 	EXP 	kothmale: image = 'kothmale cheese.jpg'
1.9322 	EXP 	happycow: image = 'happycow.jpeg'
1.9322 	EXP 	kraft: image = 'Kraft cheese.jpeg'
1.9322 	EXP 	richlife: image = 'richlifecheese.jpg'
1.9322 	EXP 	text: autoDraw = True
1.9322 	EXP 	ambewela: autoDraw = True
1.9322 	EXP 	kothmale: autoDraw = True
1.9322 	EXP 	happycow: autoDraw = True
1.9322 	EXP 	kraft: autoDraw = True
1.9322 	EXP 	richlife: autoDraw = True
1.9322 	EXP 	text_2: autoDraw = True
1.9322 	EXP 	text_3: autoDraw = True
1.9322 	EXP 	text_4: autoDraw = True
1.9322 	EXP 	text_5: autoDraw = True
1.9322 	EXP 	text_6: autoDraw = True
1.9322 	EXP 	text: height = np.float64(0.05)
1.9322 	EXP 	text: height = np.float64(0.05)
1.9322 	EXP 	text: height = np.float64(0.05)
1.9322 	EXP 	text: text = 'Which one are you going to buy?'
1.9391 	EXP 	eyetracker.setRecordingState(False)
1.9537 	EXP 	text: height = np.float64(0.05)
1.9537 	EXP 	text: height = np.float64(0.05)
1.9537 	EXP 	text: height = np.float64(0.05)
1.9537 	EXP 	text: text = 'Which one are you going to buy?'
1.9608 	EXP 	eyetracker.setRecordingState(False)
2.0433 	EXP 	text: height = np.float64(0.05)
2.0433 	EXP 	text: height = np.float64(0.05)
2.0433 	EXP 	text: height = np.float64(0.05)
2.0433 	EXP 	text: text = 'Which one are you going to buy?'
2.0443 	EXP 	eyetracker.setRecordingState(False)
2.0598 	EXP 	text: height = np.float64(0.05)
2.0598 	EXP 	text: height = np.float64(0.05)
2.0598 	EXP 	text: height = np.float64(0.05)
2.0598 	EXP 	text: text = 'Which one are you going to buy?'
2.0604 	EXP 	eyetracker.setRecordingState(False)
2.0667 	EXP 	text: height = np.float64(0.05)
2.0667 	EXP 	text: height = np.float64(0.05)
2.0667 	EXP 	text: height = np.float64(0.05)
2.0667 	EXP 	text: text = 'Which one are you going to buy?'
2.0673 	EXP 	eyetracker.setRecordingState(False)
2.0734 	EXP 	text: height = np.float64(0.05)
2.0734 	EXP 	text: height = np.float64(0.05)
2.0734 	EXP 	text: height = np.float64(0.05)
2.0734 	EXP 	text: text = 'Which one are you going to buy?'
2.0739 	EXP 	eyetracker.setRecordingState(False)
2.0810 	EXP 	text: height = np.float64(0.05)
2.0810 	EXP 	text: height = np.float64(0.05)
2.0810 	EXP 	text: height = np.float64(0.05)
2.0810 	EXP 	text: text = 'Which one are you going to buy?'
2.0820 	EXP 	eyetracker.setRecordingState(False)
2.0951 	EXP 	text: height = np.float64(0.05)
2.0951 	EXP 	text: height = np.float64(0.05)
2.0951 	EXP 	text: height = np.float64(0.05)
2.0951 	EXP 	text: text = 'Which one are you going to buy?'
2.0956 	EXP 	eyetracker.setRecordingState(False)
2.1016 	EXP 	text: height = np.float64(0.05)
2.1016 	EXP 	text: height = np.float64(0.05)
2.1016 	EXP 	text: height = np.float64(0.05)
2.1016 	EXP 	text: text = 'Which one are you going to buy?'
2.1022 	EXP 	eyetracker.setRecordingState(False)
2.1081 	EXP 	text: height = np.float64(0.05)
2.1081 	EXP 	text: height = np.float64(0.05)
2.1081 	EXP 	text: height = np.float64(0.05)
2.1081 	EXP 	text: text = 'Which one are you going to buy?'
2.1086 	EXP 	eyetracker.setRecordingState(False)
2.1148 	EXP 	text: height = np.float64(0.05)
2.1148 	EXP 	text: height = np.float64(0.05)
2.1148 	EXP 	text: height = np.float64(0.05)
2.1148 	EXP 	text: text = 'Which one are you going to buy?'
2.1153 	EXP 	eyetracker.setRecordingState(False)
2.1211 	EXP 	text: height = np.float64(0.05)
2.1211 	EXP 	text: height = np.float64(0.05)
2.1211 	EXP 	text: height = np.float64(0.05)
2.1211 	EXP 	text: text = 'Which one are you going to buy?'
2.1217 	EXP 	eyetracker.setRecordingState(False)
2.1276 	EXP 	text: height = np.float64(0.05)
2.1276 	EXP 	text: height = np.float64(0.05)
2.1276 	EXP 	text: height = np.float64(0.05)
2.1276 	EXP 	text: text = 'Which one are you going to buy?'
2.1280 	EXP 	eyetracker.setRecordingState(False)
2.1337 	EXP 	text: height = np.float64(0.05)
2.1337 	EXP 	text: height = np.float64(0.05)
2.1337 	EXP 	text: height = np.float64(0.05)
2.1337 	EXP 	text: text = 'Which one are you going to buy?'
2.1341 	EXP 	eyetracker.setRecordingState(False)
2.1401 	EXP 	text: height = np.float64(0.05)
2.1401 	EXP 	text: height = np.float64(0.05)
2.1401 	EXP 	text: height = np.float64(0.05)
2.1401 	EXP 	text: text = 'Which one are you going to buy?'
2.1406 	EXP 	eyetracker.setRecordingState(False)
2.1469 	EXP 	text: height = np.float64(0.05)
2.1469 	EXP 	text: height = np.float64(0.05)
2.1469 	EXP 	text: height = np.float64(0.05)
2.1469 	EXP 	text: text = 'Which one are you going to buy?'
2.1474 	EXP 	eyetracker.setRecordingState(False)
2.1535 	EXP 	text: height = np.float64(0.05)
2.1535 	EXP 	text: height = np.float64(0.05)
2.1535 	EXP 	text: height = np.float64(0.05)
2.1535 	EXP 	text: text = 'Which one are you going to buy?'
2.1541 	EXP 	eyetracker.setRecordingState(False)
2.1642 	EXP 	text: height = np.float64(0.05)
2.1642 	EXP 	text: height = np.float64(0.05)
2.1642 	EXP 	text: height = np.float64(0.05)
2.1642 	EXP 	text: text = 'Which one are you going to buy?'
2.1649 	EXP 	eyetracker.setRecordingState(False)
2.1721 	EXP 	text: height = np.float64(0.05)
2.1721 	EXP 	text: height = np.float64(0.05)
2.1721 	EXP 	text: height = np.float64(0.05)
2.1721 	EXP 	text: text = 'Which one are you going to buy?'
2.1727 	EXP 	eyetracker.setRecordingState(False)
2.1819 	EXP 	text: height = np.float64(0.05)
2.1819 	EXP 	text: height = np.float64(0.05)
2.1819 	EXP 	text: height = np.float64(0.05)
2.1819 	EXP 	text: text = 'Which one are you going to buy?'
2.1826 	EXP 	eyetracker.setRecordingState(False)
2.1911 	EXP 	text: height = np.float64(0.05)
2.1911 	EXP 	text: height = np.float64(0.05)
2.1911 	EXP 	text: height = np.float64(0.05)
2.1911 	EXP 	text: text = 'Which one are you going to buy?'
2.1916 	EXP 	eyetracker.setRecordingState(False)
2.1993 	EXP 	text: height = np.float64(0.05)
2.1993 	EXP 	text: height = np.float64(0.05)
2.1993 	EXP 	text: height = np.float64(0.05)
2.1993 	EXP 	text: text = 'Which one are you going to buy?'
2.1998 	EXP 	eyetracker.setRecordingState(False)
2.2058 	EXP 	text: height = np.float64(0.05)
2.2058 	EXP 	text: height = np.float64(0.05)
2.2058 	EXP 	text: height = np.float64(0.05)
2.2058 	EXP 	text: text = 'Which one are you going to buy?'
2.2065 	EXP 	eyetracker.setRecordingState(False)
2.2145 	EXP 	text: height = np.float64(0.05)
2.2145 	EXP 	text: height = np.float64(0.05)
2.2145 	EXP 	text: height = np.float64(0.05)
2.2145 	EXP 	text: text = 'Which one are you going to buy?'
2.2154 	EXP 	eyetracker.setRecordingState(False)
2.2247 	EXP 	text: height = np.float64(0.05)
2.2247 	EXP 	text: height = np.float64(0.05)
2.2247 	EXP 	text: height = np.float64(0.05)
2.2247 	EXP 	text: text = 'Which one are you going to buy?'
2.2259 	EXP 	eyetracker.setRecordingState(False)
2.2364 	EXP 	text: height = np.float64(0.05)
2.2364 	EXP 	text: height = np.float64(0.05)
2.2364 	EXP 	text: height = np.float64(0.05)
2.2364 	EXP 	text: text = 'Which one are you going to buy?'
2.2372 	EXP 	eyetracker.setRecordingState(False)
2.2509 	EXP 	text: height = np.float64(0.05)
2.2509 	EXP 	text: height = np.float64(0.05)
2.2509 	EXP 	text: height = np.float64(0.05)
2.2509 	EXP 	text: text = 'Which one are you going to buy?'
2.2523 	EXP 	eyetracker.setRecordingState(False)
2.2643 	EXP 	text: height = np.float64(0.05)
2.2643 	EXP 	text: height = np.float64(0.05)
2.2643 	EXP 	text: height = np.float64(0.05)
2.2643 	EXP 	text: text = 'Which one are you going to buy?'
2.2657 	EXP 	eyetracker.setRecordingState(False)
2.2810 	EXP 	text: height = np.float64(0.05)
2.2810 	EXP 	text: height = np.float64(0.05)
2.2810 	EXP 	text: height = np.float64(0.05)
2.2810 	EXP 	text: text = 'Which one are you going to buy?'
2.2823 	EXP 	eyetracker.setRecordingState(False)
2.2979 	EXP 	text: height = np.float64(0.05)
2.2979 	EXP 	text: height = np.float64(0.05)
2.2979 	EXP 	text: height = np.float64(0.05)
2.2979 	EXP 	text: text = 'Which one are you going to buy?'
2.2990 	EXP 	eyetracker.setRecordingState(False)
2.3095 	EXP 	text: height = np.float64(0.05)
2.3095 	EXP 	text: height = np.float64(0.05)
2.3095 	EXP 	text: height = np.float64(0.05)
2.3095 	EXP 	text: text = 'Which one are you going to buy?'
2.3102 	EXP 	eyetracker.setRecordingState(False)
2.3203 	EXP 	text: height = np.float64(0.05)
2.3203 	EXP 	text: height = np.float64(0.05)
2.3203 	EXP 	text: height = np.float64(0.05)
2.3203 	EXP 	text: text = 'Which one are you going to buy?'
2.3209 	EXP 	eyetracker.setRecordingState(False)
2.3271 	EXP 	text: height = np.float64(0.05)
2.3271 	EXP 	text: height = np.float64(0.05)
2.3271 	EXP 	text: height = np.float64(0.05)
2.3271 	EXP 	text: text = 'Which one are you going to buy?'
2.3276 	EXP 	eyetracker.setRecordingState(False)
2.3350 	EXP 	text: height = np.float64(0.05)
2.3350 	EXP 	text: height = np.float64(0.05)
2.3350 	EXP 	text: height = np.float64(0.05)
2.3350 	EXP 	text: text = 'Which one are you going to buy?'
2.3356 	EXP 	eyetracker.setRecordingState(False)
2.3419 	EXP 	text: height = np.float64(0.05)
2.3419 	EXP 	text: height = np.float64(0.05)
2.3419 	EXP 	text: height = np.float64(0.05)
2.3419 	EXP 	text: text = 'Which one are you going to buy?'
2.3423 	EXP 	eyetracker.setRecordingState(False)
2.3482 	EXP 	text: height = np.float64(0.05)
2.3482 	EXP 	text: height = np.float64(0.05)
2.3482 	EXP 	text: height = np.float64(0.05)
2.3482 	EXP 	text: text = 'Which one are you going to buy?'
2.3487 	EXP 	eyetracker.setRecordingState(False)
2.3546 	EXP 	text: height = np.float64(0.05)
2.3546 	EXP 	text: height = np.float64(0.05)
2.3546 	EXP 	text: height = np.float64(0.05)
2.3546 	EXP 	text: text = 'Which one are you going to buy?'
2.3550 	EXP 	eyetracker.setRecordingState(False)
2.3607 	EXP 	text: height = np.float64(0.05)
2.3607 	EXP 	text: height = np.float64(0.05)
2.3607 	EXP 	text: height = np.float64(0.05)
2.3607 	EXP 	text: text = 'Which one are you going to buy?'
2.3611 	EXP 	eyetracker.setRecordingState(False)
2.3668 	EXP 	text: height = np.float64(0.05)
2.3668 	EXP 	text: height = np.float64(0.05)
2.3668 	EXP 	text: height = np.float64(0.05)
2.3668 	EXP 	text: text = 'Which one are you going to buy?'
2.3672 	EXP 	eyetracker.setRecordingState(False)
2.3729 	EXP 	text: height = np.float64(0.05)
2.3729 	EXP 	text: height = np.float64(0.05)
2.3729 	EXP 	text: height = np.float64(0.05)
2.3729 	EXP 	text: text = 'Which one are you going to buy?'
2.3732 	EXP 	eyetracker.setRecordingState(False)
2.3790 	EXP 	text: height = np.float64(0.05)
2.3790 	EXP 	text: height = np.float64(0.05)
2.3790 	EXP 	text: height = np.float64(0.05)
2.3790 	EXP 	text: text = 'Which one are you going to buy?'
2.3795 	EXP 	eyetracker.setRecordingState(False)
2.3856 	EXP 	text: height = np.float64(0.05)
2.3856 	EXP 	text: height = np.float64(0.05)
2.3856 	EXP 	text: height = np.float64(0.05)
2.3856 	EXP 	text: text = 'Which one are you going to buy?'
2.3862 	EXP 	eyetracker.setRecordingState(False)
2.3922 	EXP 	text: height = np.float64(0.05)
2.3922 	EXP 	text: height = np.float64(0.05)
2.3922 	EXP 	text: height = np.float64(0.05)
2.3922 	EXP 	text: text = 'Which one are you going to buy?'
2.3927 	EXP 	eyetracker.setRecordingState(False)
2.3994 	EXP 	text: height = np.float64(0.05)
2.3994 	EXP 	text: height = np.float64(0.05)
2.3994 	EXP 	text: height = np.float64(0.05)
2.3994 	EXP 	text: text = 'Which one are you going to buy?'
2.3999 	EXP 	eyetracker.setRecordingState(False)
2.4066 	EXP 	text: height = np.float64(0.05)
2.4066 	EXP 	text: height = np.float64(0.05)
2.4066 	EXP 	text: height = np.float64(0.05)
2.4066 	EXP 	text: text = 'Which one are you going to buy?'
2.4071 	EXP 	eyetracker.setRecordingState(False)
2.4133 	EXP 	text: height = np.float64(0.05)
2.4133 	EXP 	text: height = np.float64(0.05)
2.4133 	EXP 	text: height = np.float64(0.05)
2.4133 	EXP 	text: text = 'Which one are you going to buy?'
2.4138 	EXP 	eyetracker.setRecordingState(False)
2.4199 	EXP 	text: height = np.float64(0.05)
2.4199 	EXP 	text: height = np.float64(0.05)
2.4199 	EXP 	text: height = np.float64(0.05)
2.4199 	EXP 	text: text = 'Which one are you going to buy?'
2.4203 	EXP 	eyetracker.setRecordingState(False)
2.4263 	EXP 	text: height = np.float64(0.05)
2.4263 	EXP 	text: height = np.float64(0.05)
2.4263 	EXP 	text: height = np.float64(0.05)
2.4263 	EXP 	text: text = 'Which one are you going to buy?'
2.4267 	EXP 	eyetracker.setRecordingState(False)
2.4326 	EXP 	text: height = np.float64(0.05)
2.4326 	EXP 	text: height = np.float64(0.05)
2.4326 	EXP 	text: height = np.float64(0.05)
2.4326 	EXP 	text: text = 'Which one are you going to buy?'
2.4331 	EXP 	eyetracker.setRecordingState(False)
2.4389 	EXP 	text: height = np.float64(0.05)
2.4389 	EXP 	text: height = np.float64(0.05)
2.4389 	EXP 	text: height = np.float64(0.05)
2.4389 	EXP 	text: text = 'Which one are you going to buy?'
2.4393 	EXP 	eyetracker.setRecordingState(False)
2.4450 	EXP 	text: height = np.float64(0.05)
2.4450 	EXP 	text: height = np.float64(0.05)
2.4450 	EXP 	text: height = np.float64(0.05)
2.4450 	EXP 	text: text = 'Which one are you going to buy?'
2.4454 	EXP 	eyetracker.setRecordingState(False)
2.4521 	EXP 	text: height = np.float64(0.05)
2.4521 	EXP 	text: height = np.float64(0.05)
2.4521 	EXP 	text: height = np.float64(0.05)
2.4521 	EXP 	text: text = 'Which one are you going to buy?'
2.4524 	EXP 	eyetracker.setRecordingState(False)
2.4591 	EXP 	text: height = np.float64(0.05)
2.4591 	EXP 	text: height = np.float64(0.05)
2.4591 	EXP 	text: height = np.float64(0.05)
2.4591 	EXP 	text: text = 'Which one are you going to buy?'
2.4596 	EXP 	eyetracker.setRecordingState(False)
2.4662 	EXP 	text: height = np.float64(0.05)
2.4662 	EXP 	text: height = np.float64(0.05)
2.4662 	EXP 	text: height = np.float64(0.05)
2.4662 	EXP 	text: text = 'Which one are you going to buy?'
2.4666 	EXP 	eyetracker.setRecordingState(False)
2.4729 	EXP 	text: height = np.float64(0.05)
2.4729 	EXP 	text: height = np.float64(0.05)
2.4729 	EXP 	text: height = np.float64(0.05)
2.4729 	EXP 	text: text = 'Which one are you going to buy?'
2.4733 	EXP 	eyetracker.setRecordingState(False)
2.4799 	EXP 	text: height = np.float64(0.05)
2.4799 	EXP 	text: height = np.float64(0.05)
2.4799 	EXP 	text: height = np.float64(0.05)
2.4799 	EXP 	text: text = 'Which one are you going to buy?'
2.4804 	EXP 	eyetracker.setRecordingState(False)
2.4869 	EXP 	text: height = np.float64(0.05)
2.4869 	EXP 	text: height = np.float64(0.05)
2.4869 	EXP 	text: height = np.float64(0.05)
2.4869 	EXP 	text: text = 'Which one are you going to buy?'
2.4873 	EXP 	eyetracker.setRecordingState(False)
2.4938 	EXP 	text: height = np.float64(0.05)
2.4938 	EXP 	text: height = np.float64(0.05)
2.4938 	EXP 	text: height = np.float64(0.05)
2.4938 	EXP 	text: text = 'Which one are you going to buy?'
2.4943 	EXP 	eyetracker.setRecordingState(False)
2.5008 	EXP 	text: height = np.float64(0.05)
2.5008 	EXP 	text: height = np.float64(0.05)
2.5008 	EXP 	text: height = np.float64(0.05)
2.5008 	EXP 	text: text = 'Which one are you going to buy?'
2.5013 	EXP 	eyetracker.setRecordingState(False)
2.5077 	EXP 	text: height = np.float64(0.05)
2.5077 	EXP 	text: height = np.float64(0.05)
2.5077 	EXP 	text: height = np.float64(0.05)
2.5077 	EXP 	text: text = 'Which one are you going to buy?'
2.5083 	EXP 	eyetracker.setRecordingState(False)
2.5159 	EXP 	text: height = np.float64(0.05)
2.5159 	EXP 	text: height = np.float64(0.05)
2.5159 	EXP 	text: height = np.float64(0.05)
2.5159 	EXP 	text: text = 'Which one are you going to buy?'
2.5169 	EXP 	eyetracker.setRecordingState(False)
2.5266 	EXP 	text: height = np.float64(0.05)
2.5266 	EXP 	text: height = np.float64(0.05)
2.5266 	EXP 	text: height = np.float64(0.05)
2.5266 	EXP 	text: text = 'Which one are you going to buy?'
2.5274 	EXP 	eyetracker.setRecordingState(False)
2.5363 	EXP 	text: height = np.float64(0.05)
2.5363 	EXP 	text: height = np.float64(0.05)
2.5363 	EXP 	text: height = np.float64(0.05)
2.5363 	EXP 	text: text = 'Which one are you going to buy?'
2.5371 	EXP 	eyetracker.setRecordingState(False)
2.5454 	EXP 	text: height = np.float64(0.05)
2.5454 	EXP 	text: height = np.float64(0.05)
2.5454 	EXP 	text: height = np.float64(0.05)
2.5454 	EXP 	text: text = 'Which one are you going to buy?'
2.5460 	EXP 	eyetracker.setRecordingState(False)
2.5535 	EXP 	text: height = np.float64(0.05)
2.5535 	EXP 	text: height = np.float64(0.05)
2.5535 	EXP 	text: height = np.float64(0.05)
2.5535 	EXP 	text: text = 'Which one are you going to buy?'
2.5542 	EXP 	eyetracker.setRecordingState(False)
2.5620 	EXP 	text: height = np.float64(0.05)
2.5620 	EXP 	text: height = np.float64(0.05)
2.5620 	EXP 	text: height = np.float64(0.05)
2.5620 	EXP 	text: text = 'Which one are you going to buy?'
2.5630 	EXP 	eyetracker.setRecordingState(False)
2.5730 	EXP 	text: height = np.float64(0.05)
2.5730 	EXP 	text: height = np.float64(0.05)
2.5730 	EXP 	text: height = np.float64(0.05)
2.5730 	EXP 	text: text = 'Which one are you going to buy?'
2.5738 	EXP 	eyetracker.setRecordingState(False)
2.5833 	EXP 	text: height = np.float64(0.05)
2.5833 	EXP 	text: height = np.float64(0.05)
2.5833 	EXP 	text: height = np.float64(0.05)
2.5833 	EXP 	text: text = 'Which one are you going to buy?'
2.5842 	EXP 	eyetracker.setRecordingState(False)
2.5928 	EXP 	text: height = np.float64(0.05)
2.5928 	EXP 	text: height = np.float64(0.05)
2.5928 	EXP 	text: height = np.float64(0.05)
2.5928 	EXP 	text: text = 'Which one are you going to buy?'
2.5939 	EXP 	eyetracker.setRecordingState(False)
2.6061 	EXP 	text: height = np.float64(0.05)
2.6061 	EXP 	text: height = np.float64(0.05)
2.6061 	EXP 	text: height = np.float64(0.05)
2.6061 	EXP 	text: text = 'Which one are you going to buy?'
2.6076 	EXP 	eyetracker.setRecordingState(False)
2.6220 	EXP 	text: height = np.float64(0.05)
2.6220 	EXP 	text: height = np.float64(0.05)
2.6220 	EXP 	text: height = np.float64(0.05)
2.6220 	EXP 	text: text = 'Which one are you going to buy?'
2.6232 	EXP 	eyetracker.setRecordingState(False)
2.6354 	EXP 	text: height = np.float64(0.05)
2.6354 	EXP 	text: height = np.float64(0.05)
2.6354 	EXP 	text: height = np.float64(0.05)
2.6354 	EXP 	text: text = 'Which one are you going to buy?'
2.6359 	EXP 	eyetracker.setRecordingState(False)
2.6472 	EXP 	text: height = np.float64(0.05)
2.6472 	EXP 	text: height = np.float64(0.05)
2.6472 	EXP 	text: height = np.float64(0.05)
2.6472 	EXP 	text: text = 'Which one are you going to buy?'
2.6483 	EXP 	eyetracker.setRecordingState(False)
2.6627 	EXP 	text: height = np.float64(0.05)
2.6627 	EXP 	text: height = np.float64(0.05)
2.6627 	EXP 	text: height = np.float64(0.05)
2.6627 	EXP 	text: text = 'Which one are you going to buy?'
2.6644 	EXP 	eyetracker.setRecordingState(False)
2.6823 	EXP 	text: height = np.float64(0.05)
2.6823 	EXP 	text: height = np.float64(0.05)
2.6823 	EXP 	text: height = np.float64(0.05)
2.6823 	EXP 	text: text = 'Which one are you going to buy?'
2.6848 	EXP 	eyetracker.setRecordingState(False)
2.6990 	EXP 	text: height = np.float64(0.05)
2.6990 	EXP 	text: height = np.float64(0.05)
2.6990 	EXP 	text: height = np.float64(0.05)
2.6990 	EXP 	text: text = 'Which one are you going to buy?'
2.7000 	EXP 	eyetracker.setRecordingState(False)
2.7141 	EXP 	text: height = np.float64(0.05)
2.7141 	EXP 	text: height = np.float64(0.05)
2.7141 	EXP 	text: height = np.float64(0.05)
2.7141 	EXP 	text: text = 'Which one are you going to buy?'
2.7155 	EXP 	eyetracker.setRecordingState(False)
2.7286 	EXP 	text: height = np.float64(0.05)
2.7286 	EXP 	text: height = np.float64(0.05)
2.7286 	EXP 	text: height = np.float64(0.05)
2.7286 	EXP 	text: text = 'Which one are you going to buy?'
2.7296 	EXP 	eyetracker.setRecordingState(False)
2.7414 	EXP 	text: height = np.float64(0.05)
2.7414 	EXP 	text: height = np.float64(0.05)
2.7414 	EXP 	text: height = np.float64(0.05)
2.7414 	EXP 	text: text = 'Which one are you going to buy?'
2.7432 	EXP 	eyetracker.setRecordingState(False)
2.7535 	EXP 	text: height = np.float64(0.05)
2.7535 	EXP 	text: height = np.float64(0.05)
2.7535 	EXP 	text: height = np.float64(0.05)
2.7535 	EXP 	text: text = 'Which one are you going to buy?'
2.7550 	EXP 	eyetracker.setRecordingState(False)
2.7740 	EXP 	text: height = np.float64(0.05)
2.7740 	EXP 	text: height = np.float64(0.05)
2.7740 	EXP 	text: height = np.float64(0.05)
2.7740 	EXP 	text: text = 'Which one are you going to buy?'
2.7750 	EXP 	eyetracker.setRecordingState(False)
2.7887 	EXP 	text: height = np.float64(0.05)
2.7887 	EXP 	text: height = np.float64(0.05)
2.7887 	EXP 	text: height = np.float64(0.05)
2.7887 	EXP 	text: text = 'Which one are you going to buy?'
2.7902 	EXP 	eyetracker.setRecordingState(False)
2.8048 	EXP 	text: height = np.float64(0.05)
2.8048 	EXP 	text: height = np.float64(0.05)
2.8048 	EXP 	text: height = np.float64(0.05)
2.8048 	EXP 	text: text = 'Which one are you going to buy?'
2.8060 	EXP 	eyetracker.setRecordingState(False)
2.8134 	EXP 	text: height = np.float64(0.05)
2.8134 	EXP 	text: height = np.float64(0.05)
2.8134 	EXP 	text: height = np.float64(0.05)
2.8134 	EXP 	text: text = 'Which one are you going to buy?'
2.8142 	EXP 	eyetracker.setRecordingState(False)
2.8235 	EXP 	text: height = np.float64(0.05)
2.8235 	EXP 	text: height = np.float64(0.05)
2.8235 	EXP 	text: height = np.float64(0.05)
2.8235 	EXP 	text: text = 'Which one are you going to buy?'
2.8242 	EXP 	eyetracker.setRecordingState(False)
2.8323 	EXP 	text: height = np.float64(0.05)
2.8323 	EXP 	text: height = np.float64(0.05)
2.8323 	EXP 	text: height = np.float64(0.05)
2.8323 	EXP 	text: text = 'Which one are you going to buy?'
2.8329 	EXP 	eyetracker.setRecordingState(False)
2.8403 	EXP 	text: height = np.float64(0.05)
2.8403 	EXP 	text: height = np.float64(0.05)
2.8403 	EXP 	text: height = np.float64(0.05)
2.8403 	EXP 	text: text = 'Which one are you going to buy?'
2.8408 	EXP 	eyetracker.setRecordingState(False)
2.8475 	EXP 	text: height = np.float64(0.05)
2.8475 	EXP 	text: height = np.float64(0.05)
2.8475 	EXP 	text: height = np.float64(0.05)
2.8475 	EXP 	text: text = 'Which one are you going to buy?'
2.8480 	EXP 	eyetracker.setRecordingState(False)
2.8545 	EXP 	text: height = np.float64(0.05)
2.8545 	EXP 	text: height = np.float64(0.05)
2.8545 	EXP 	text: height = np.float64(0.05)
2.8545 	EXP 	text: text = 'Which one are you going to buy?'
2.8550 	EXP 	eyetracker.setRecordingState(False)
2.8618 	EXP 	text: height = np.float64(0.05)
2.8618 	EXP 	text: height = np.float64(0.05)
2.8618 	EXP 	text: height = np.float64(0.05)
2.8618 	EXP 	text: text = 'Which one are you going to buy?'
2.8622 	EXP 	eyetracker.setRecordingState(False)
2.8694 	EXP 	text: height = np.float64(0.05)
2.8694 	EXP 	text: height = np.float64(0.05)
2.8694 	EXP 	text: height = np.float64(0.05)
2.8694 	EXP 	text: text = 'Which one are you going to buy?'
2.8699 	EXP 	eyetracker.setRecordingState(False)
2.8767 	EXP 	text: height = np.float64(0.05)
2.8767 	EXP 	text: height = np.float64(0.05)
2.8767 	EXP 	text: height = np.float64(0.05)
2.8767 	EXP 	text: text = 'Which one are you going to buy?'
2.8774 	EXP 	eyetracker.setRecordingState(False)
2.8839 	EXP 	text: height = np.float64(0.05)
2.8839 	EXP 	text: height = np.float64(0.05)
2.8839 	EXP 	text: height = np.float64(0.05)
2.8839 	EXP 	text: text = 'Which one are you going to buy?'
2.8845 	EXP 	eyetracker.setRecordingState(False)
2.8921 	EXP 	text: height = np.float64(0.05)
2.8921 	EXP 	text: height = np.float64(0.05)
2.8921 	EXP 	text: height = np.float64(0.05)
2.8921 	EXP 	text: text = 'Which one are you going to buy?'
2.8929 	EXP 	eyetracker.setRecordingState(False)
2.9025 	EXP 	text: height = np.float64(0.05)
2.9025 	EXP 	text: height = np.float64(0.05)
2.9025 	EXP 	text: height = np.float64(0.05)
2.9025 	EXP 	text: text = 'Which one are you going to buy?'
2.9036 	EXP 	eyetracker.setRecordingState(False)
2.9120 	EXP 	text: height = np.float64(0.05)
2.9120 	EXP 	text: height = np.float64(0.05)
2.9120 	EXP 	text: height = np.float64(0.05)
2.9120 	EXP 	text: text = 'Which one are you going to buy?'
2.9126 	EXP 	eyetracker.setRecordingState(False)
2.9205 	EXP 	text: height = np.float64(0.05)
2.9205 	EXP 	text: height = np.float64(0.05)
2.9205 	EXP 	text: height = np.float64(0.05)
2.9205 	EXP 	text: text = 'Which one are you going to buy?'
2.9211 	EXP 	eyetracker.setRecordingState(False)
2.9293 	EXP 	text: height = np.float64(0.05)
2.9293 	EXP 	text: height = np.float64(0.05)
2.9293 	EXP 	text: height = np.float64(0.05)
2.9293 	EXP 	text: text = 'Which one are you going to buy?'
2.9300 	EXP 	eyetracker.setRecordingState(False)
2.9383 	EXP 	text: height = np.float64(0.05)
2.9383 	EXP 	text: height = np.float64(0.05)
2.9383 	EXP 	text: height = np.float64(0.05)
2.9383 	EXP 	text: text = 'Which one are you going to buy?'
2.9389 	EXP 	eyetracker.setRecordingState(False)
2.9460 	EXP 	text: height = np.float64(0.05)
2.9460 	EXP 	text: height = np.float64(0.05)
2.9460 	EXP 	text: height = np.float64(0.05)
2.9460 	EXP 	text: text = 'Which one are you going to buy?'
2.9466 	EXP 	eyetracker.setRecordingState(False)
2.9537 	EXP 	text: height = np.float64(0.05)
2.9537 	EXP 	text: height = np.float64(0.05)
2.9537 	EXP 	text: height = np.float64(0.05)
2.9537 	EXP 	text: text = 'Which one are you going to buy?'
2.9543 	EXP 	eyetracker.setRecordingState(False)
2.9624 	EXP 	text: height = np.float64(0.05)
2.9624 	EXP 	text: height = np.float64(0.05)
2.9624 	EXP 	text: height = np.float64(0.05)
2.9624 	EXP 	text: text = 'Which one are you going to buy?'
2.9634 	EXP 	eyetracker.setRecordingState(False)
2.9705 	EXP 	text: height = np.float64(0.05)
2.9705 	EXP 	text: height = np.float64(0.05)
2.9705 	EXP 	text: height = np.float64(0.05)
2.9705 	EXP 	text: text = 'Which one are you going to buy?'
2.9712 	EXP 	eyetracker.setRecordingState(False)
2.9795 	EXP 	text: height = np.float64(0.05)
2.9795 	EXP 	text: height = np.float64(0.05)
2.9795 	EXP 	text: height = np.float64(0.05)
2.9795 	EXP 	text: text = 'Which one are you going to buy?'
2.9804 	EXP 	eyetracker.setRecordingState(False)
2.9897 	EXP 	text: height = np.float64(0.05)
2.9897 	EXP 	text: height = np.float64(0.05)
2.9897 	EXP 	text: height = np.float64(0.05)
2.9897 	EXP 	text: text = 'Which one are you going to buy?'
2.9910 	EXP 	eyetracker.setRecordingState(False)
3.0034 	EXP 	text: height = np.float64(0.05)
3.0034 	EXP 	text: height = np.float64(0.05)
3.0034 	EXP 	text: height = np.float64(0.05)
3.0034 	EXP 	text: text = 'Which one are you going to buy?'
3.0043 	EXP 	eyetracker.setRecordingState(False)
3.0170 	EXP 	text: height = np.float64(0.05)
3.0170 	EXP 	text: height = np.float64(0.05)
3.0170 	EXP 	text: height = np.float64(0.05)
3.0170 	EXP 	text: text = 'Which one are you going to buy?'
3.0184 	EXP 	eyetracker.setRecordingState(False)
3.0331 	EXP 	text: height = np.float64(0.05)
3.0331 	EXP 	text: height = np.float64(0.05)
3.0331 	EXP 	text: height = np.float64(0.05)
3.0331 	EXP 	text: text = 'Which one are you going to buy?'
3.0345 	EXP 	eyetracker.setRecordingState(False)
3.0471 	EXP 	text: height = np.float64(0.05)
3.0471 	EXP 	text: height = np.float64(0.05)
3.0471 	EXP 	text: height = np.float64(0.05)
3.0471 	EXP 	text: text = 'Which one are you going to buy?'
3.0481 	EXP 	eyetracker.setRecordingState(False)
3.0583 	EXP 	text: height = np.float64(0.05)
3.0583 	EXP 	text: height = np.float64(0.05)
3.0583 	EXP 	text: height = np.float64(0.05)
3.0583 	EXP 	text: text = 'Which one are you going to buy?'
3.0593 	EXP 	eyetracker.setRecordingState(False)
3.0679 	EXP 	text: height = np.float64(0.05)
3.0679 	EXP 	text: height = np.float64(0.05)
3.0679 	EXP 	text: height = np.float64(0.05)
3.0679 	EXP 	text: text = 'Which one are you going to buy?'
3.0688 	EXP 	eyetracker.setRecordingState(False)
3.0770 	EXP 	text: height = np.float64(0.05)
3.0770 	EXP 	text: height = np.float64(0.05)
3.0770 	EXP 	text: height = np.float64(0.05)
3.0770 	EXP 	text: text = 'Which one are you going to buy?'
3.0777 	EXP 	eyetracker.setRecordingState(False)
3.0879 	EXP 	text: height = np.float64(0.05)
3.0879 	EXP 	text: height = np.float64(0.05)
3.0879 	EXP 	text: height = np.float64(0.05)
3.0879 	EXP 	text: text = 'Which one are you going to buy?'
3.0890 	EXP 	eyetracker.setRecordingState(False)
3.0988 	EXP 	text: height = np.float64(0.05)
3.0988 	EXP 	text: height = np.float64(0.05)
3.0988 	EXP 	text: height = np.float64(0.05)
3.0988 	EXP 	text: text = 'Which one are you going to buy?'
3.0996 	EXP 	eyetracker.setRecordingState(False)
3.1115 	EXP 	text: height = np.float64(0.05)
3.1115 	EXP 	text: height = np.float64(0.05)
3.1115 	EXP 	text: height = np.float64(0.05)
3.1115 	EXP 	text: text = 'Which one are you going to buy?'
3.1124 	EXP 	eyetracker.setRecordingState(False)
3.1241 	EXP 	text: height = np.float64(0.05)
3.1241 	EXP 	text: height = np.float64(0.05)
3.1241 	EXP 	text: height = np.float64(0.05)
3.1241 	EXP 	text: text = 'Which one are you going to buy?'
3.1251 	EXP 	eyetracker.setRecordingState(False)
3.1425 	EXP 	text: height = np.float64(0.05)
3.1425 	EXP 	text: height = np.float64(0.05)
3.1425 	EXP 	text: height = np.float64(0.05)
3.1425 	EXP 	text: text = 'Which one are you going to buy?'
3.1457 	EXP 	eyetracker.setRecordingState(False)
3.1751 	EXP 	text: height = np.float64(0.05)
3.1751 	EXP 	text: height = np.float64(0.05)
3.1751 	EXP 	text: height = np.float64(0.05)
3.1751 	EXP 	text: text = 'Which one are you going to buy?'
3.1773 	EXP 	eyetracker.setRecordingState(False)
3.2044 	EXP 	text: height = np.float64(0.05)
3.2044 	EXP 	text: height = np.float64(0.05)
3.2044 	EXP 	text: height = np.float64(0.05)
3.2044 	EXP 	text: text = 'Which one are you going to buy?'
3.2066 	EXP 	eyetracker.setRecordingState(False)
3.2321 	EXP 	text: height = np.float64(0.05)
3.2321 	EXP 	text: height = np.float64(0.05)
3.2321 	EXP 	text: height = np.float64(0.05)
3.2321 	EXP 	text: text = 'Which one are you going to buy?'
3.2345 	EXP 	eyetracker.setRecordingState(False)
3.2594 	EXP 	text: height = np.float64(0.05)
3.2594 	EXP 	text: height = np.float64(0.05)
3.2594 	EXP 	text: height = np.float64(0.05)
3.2594 	EXP 	text: text = 'Which one are you going to buy?'
3.2617 	EXP 	eyetracker.setRecordingState(False)
3.2899 	EXP 	text: height = np.float64(0.05)
3.2899 	EXP 	text: height = np.float64(0.05)
3.2899 	EXP 	text: height = np.float64(0.05)
3.2899 	EXP 	text: text = 'Which one are you going to buy?'
3.2932 	EXP 	eyetracker.setRecordingState(False)
3.3238 	EXP 	text: height = np.float64(0.05)
3.3238 	EXP 	text: height = np.float64(0.05)
3.3238 	EXP 	text: height = np.float64(0.05)
3.3238 	EXP 	text: text = 'Which one are you going to buy?'
3.3267 	EXP 	eyetracker.setRecordingState(False)
3.3496 	EXP 	text: height = np.float64(0.05)
3.3496 	EXP 	text: height = np.float64(0.05)
3.3496 	EXP 	text: height = np.float64(0.05)
3.3496 	EXP 	text: text = 'Which one are you going to buy?'
3.3516 	EXP 	eyetracker.setRecordingState(False)
3.3700 	EXP 	text: height = np.float64(0.05)
3.3700 	EXP 	text: height = np.float64(0.05)
3.3700 	EXP 	text: height = np.float64(0.05)
3.3700 	EXP 	text: text = 'Which one are you going to buy?'
3.3717 	EXP 	eyetracker.setRecordingState(False)
3.3840 	EXP 	text: height = np.float64(0.05)
3.3840 	EXP 	text: height = np.float64(0.05)
3.3840 	EXP 	text: height = np.float64(0.05)
3.3840 	EXP 	text: text = 'Which one are you going to buy?'
3.3848 	EXP 	eyetracker.setRecordingState(False)
3.3933 	EXP 	text: height = np.float64(0.05)
3.3933 	EXP 	text: height = np.float64(0.05)
3.3933 	EXP 	text: height = np.float64(0.05)
3.3933 	EXP 	text: text = 'Which one are you going to buy?'
3.3941 	EXP 	eyetracker.setRecordingState(False)
3.4032 	EXP 	text: height = np.float64(0.05)
3.4032 	EXP 	text: height = np.float64(0.05)
3.4032 	EXP 	text: height = np.float64(0.05)
3.4032 	EXP 	text: text = 'Which one are you going to buy?'
3.4040 	EXP 	eyetracker.setRecordingState(False)
3.4137 	EXP 	text: height = np.float64(0.05)
3.4137 	EXP 	text: height = np.float64(0.05)
3.4137 	EXP 	text: height = np.float64(0.05)
3.4137 	EXP 	text: text = 'Which one are you going to buy?'
3.4143 	EXP 	eyetracker.setRecordingState(False)
3.4203 	EXP 	text: height = np.float64(0.05)
3.4203 	EXP 	text: height = np.float64(0.05)
3.4203 	EXP 	text: height = np.float64(0.05)
3.4203 	EXP 	text: text = 'Which one are you going to buy?'
3.4208 	EXP 	eyetracker.setRecordingState(False)
3.4272 	EXP 	text: height = np.float64(0.05)
3.4272 	EXP 	text: height = np.float64(0.05)
3.4272 	EXP 	text: height = np.float64(0.05)
3.4272 	EXP 	text: text = 'Which one are you going to buy?'
3.4277 	EXP 	eyetracker.setRecordingState(False)
3.4350 	EXP 	text: height = np.float64(0.05)
3.4350 	EXP 	text: height = np.float64(0.05)
3.4350 	EXP 	text: height = np.float64(0.05)
3.4350 	EXP 	text: text = 'Which one are you going to buy?'
3.4361 	EXP 	eyetracker.setRecordingState(False)
3.4452 	EXP 	text: height = np.float64(0.05)
3.4452 	EXP 	text: height = np.float64(0.05)
3.4452 	EXP 	text: height = np.float64(0.05)
3.4452 	EXP 	text: text = 'Which one are you going to buy?'
3.4460 	EXP 	eyetracker.setRecordingState(False)
3.4579 	EXP 	text: height = np.float64(0.05)
3.4579 	EXP 	text: height = np.float64(0.05)
3.4579 	EXP 	text: height = np.float64(0.05)
3.4579 	EXP 	text: text = 'Which one are you going to buy?'
3.4585 	EXP 	eyetracker.setRecordingState(False)
3.4667 	EXP 	text: height = np.float64(0.05)
3.4667 	EXP 	text: height = np.float64(0.05)
3.4667 	EXP 	text: height = np.float64(0.05)
3.4667 	EXP 	text: text = 'Which one are you going to buy?'
3.4680 	EXP 	eyetracker.setRecordingState(False)
3.4740 	EXP 	text: height = np.float64(0.05)
3.4740 	EXP 	text: height = np.float64(0.05)
3.4740 	EXP 	text: height = np.float64(0.05)
3.4740 	EXP 	text: text = 'Which one are you going to buy?'
3.4746 	EXP 	eyetracker.setRecordingState(False)
3.4809 	EXP 	text: height = np.float64(0.05)
3.4809 	EXP 	text: height = np.float64(0.05)
3.4809 	EXP 	text: height = np.float64(0.05)
3.4809 	EXP 	text: text = 'Which one are you going to buy?'
3.4816 	EXP 	eyetracker.setRecordingState(False)
3.4882 	EXP 	text: height = np.float64(0.05)
3.4882 	EXP 	text: height = np.float64(0.05)
3.4882 	EXP 	text: height = np.float64(0.05)
3.4882 	EXP 	text: text = 'Which one are you going to buy?'
3.4889 	EXP 	eyetracker.setRecordingState(False)
3.4952 	EXP 	text: height = np.float64(0.05)
3.4952 	EXP 	text: height = np.float64(0.05)
3.4952 	EXP 	text: height = np.float64(0.05)
3.4952 	EXP 	text: text = 'Which one are you going to buy?'
3.4959 	EXP 	eyetracker.setRecordingState(False)
3.5022 	EXP 	text: height = np.float64(0.05)
3.5022 	EXP 	text: height = np.float64(0.05)
3.5022 	EXP 	text: height = np.float64(0.05)
3.5022 	EXP 	text: text = 'Which one are you going to buy?'
3.5028 	EXP 	eyetracker.setRecordingState(False)
3.5095 	EXP 	text: height = np.float64(0.05)
3.5095 	EXP 	text: height = np.float64(0.05)
3.5095 	EXP 	text: height = np.float64(0.05)
3.5095 	EXP 	text: text = 'Which one are you going to buy?'
3.5101 	EXP 	eyetracker.setRecordingState(False)
3.5161 	EXP 	text: height = np.float64(0.05)
3.5161 	EXP 	text: height = np.float64(0.05)
3.5161 	EXP 	text: height = np.float64(0.05)
3.5161 	EXP 	text: text = 'Which one are you going to buy?'
4.1010 	EXP 	eyetracker.setRecordingState(False)
4.1234 	EXP 	text: height = np.float64(0.05)
4.1234 	EXP 	text: height = np.float64(0.05)
4.1234 	EXP 	text: height = np.float64(0.05)
4.1234 	EXP 	text: text = 'Which one are you going to buy?'
4.1254 	EXP 	eyetracker.setRecordingState(False)
4.1318 	EXP 	text: height = np.float64(0.05)
4.1318 	EXP 	text: height = np.float64(0.05)
4.1318 	EXP 	text: height = np.float64(0.05)
4.1318 	EXP 	text: text = 'Which one are you going to buy?'
4.1341 	EXP 	eyetracker.setRecordingState(False)
4.1625 	EXP 	text: height = np.float64(0.05)
4.1625 	EXP 	text: height = np.float64(0.05)
4.1625 	EXP 	text: height = np.float64(0.05)
4.1625 	EXP 	text: text = 'Which one are you going to buy?'
4.1656 	EXP 	eyetracker.setRecordingState(False)
4.1947 	EXP 	text: height = np.float64(0.05)
4.1947 	EXP 	text: height = np.float64(0.05)
4.1947 	EXP 	text: height = np.float64(0.05)
4.1947 	EXP 	text: text = 'Which one are you going to buy?'
4.1972 	EXP 	eyetracker.setRecordingState(False)
4.2313 	EXP 	text: height = np.float64(0.05)
4.2313 	EXP 	text: height = np.float64(0.05)
4.2313 	EXP 	text: height = np.float64(0.05)
4.2313 	EXP 	text: text = 'Which one are you going to buy?'
4.2331 	EXP 	eyetracker.setRecordingState(False)
4.2408 	EXP 	text: height = np.float64(0.05)
4.2408 	EXP 	text: height = np.float64(0.05)
4.2408 	EXP 	text: height = np.float64(0.05)
4.2408 	EXP 	text: text = 'Which one are you going to buy?'
4.2428 	EXP 	eyetracker.setRecordingState(False)
4.2497 	EXP 	text: height = np.float64(0.05)
4.2497 	EXP 	text: height = np.float64(0.05)
4.2497 	EXP 	text: height = np.float64(0.05)
4.2497 	EXP 	text: text = 'Which one are you going to buy?'
4.2522 	EXP 	eyetracker.setRecordingState(False)
4.2591 	EXP 	text: height = np.float64(0.05)
4.2591 	EXP 	text: height = np.float64(0.05)
4.2591 	EXP 	text: height = np.float64(0.05)
4.2591 	EXP 	text: text = 'Which one are you going to buy?'
4.2611 	EXP 	eyetracker.setRecordingState(False)
4.2793 	EXP 	text: height = np.float64(0.05)
4.2793 	EXP 	text: height = np.float64(0.05)
4.2793 	EXP 	text: height = np.float64(0.05)
4.2793 	EXP 	text: text = 'Which one are you going to buy?'
4.2801 	EXP 	eyetracker.setRecordingState(False)
4.2863 	EXP 	text: height = np.float64(0.05)
4.2863 	EXP 	text: height = np.float64(0.05)
4.2863 	EXP 	text: height = np.float64(0.05)
4.2863 	EXP 	text: text = 'Which one are you going to buy?'
4.2871 	EXP 	eyetracker.setRecordingState(False)
4.2937 	EXP 	text: height = np.float64(0.05)
4.2937 	EXP 	text: height = np.float64(0.05)
4.2937 	EXP 	text: height = np.float64(0.05)
4.2937 	EXP 	text: text = 'Which one are you going to buy?'
4.2947 	EXP 	eyetracker.setRecordingState(False)
4.3006 	EXP 	text: height = np.float64(0.05)
4.3006 	EXP 	text: height = np.float64(0.05)
4.3006 	EXP 	text: height = np.float64(0.05)
4.3006 	EXP 	text: text = 'Which one are you going to buy?'
4.3014 	EXP 	eyetracker.setRecordingState(False)
4.3146 	EXP 	text: height = np.float64(0.05)
4.3146 	EXP 	text: height = np.float64(0.05)
4.3146 	EXP 	text: height = np.float64(0.05)
4.3146 	EXP 	text: text = 'Which one are you going to buy?'
4.3157 	EXP 	eyetracker.setRecordingState(False)
4.3216 	EXP 	text: height = np.float64(0.05)
4.3216 	EXP 	text: height = np.float64(0.05)
4.3216 	EXP 	text: height = np.float64(0.05)
4.3216 	EXP 	text: text = 'Which one are you going to buy?'
4.3226 	EXP 	eyetracker.setRecordingState(False)
4.3329 	EXP 	text: height = np.float64(0.05)
4.3329 	EXP 	text: height = np.float64(0.05)
4.3329 	EXP 	text: height = np.float64(0.05)
4.3329 	EXP 	text: text = 'Which one are you going to buy?'
4.3339 	EXP 	eyetracker.setRecordingState(False)
4.3400 	EXP 	text: height = np.float64(0.05)
4.3400 	EXP 	text: height = np.float64(0.05)
4.3400 	EXP 	text: height = np.float64(0.05)
4.3400 	EXP 	text: text = 'Which one are you going to buy?'
4.3408 	EXP 	eyetracker.setRecordingState(False)
4.3471 	EXP 	text: height = np.float64(0.05)
4.3471 	EXP 	text: height = np.float64(0.05)
4.3471 	EXP 	text: height = np.float64(0.05)
4.3471 	EXP 	text: text = 'Which one are you going to buy?'
4.3479 	EXP 	eyetracker.setRecordingState(False)
4.3541 	EXP 	text: height = np.float64(0.05)
4.3541 	EXP 	text: height = np.float64(0.05)
4.3541 	EXP 	text: height = np.float64(0.05)
4.3541 	EXP 	text: text = 'Which one are you going to buy?'
4.3549 	EXP 	eyetracker.setRecordingState(False)
4.3611 	EXP 	text: height = np.float64(0.05)
4.3611 	EXP 	text: height = np.float64(0.05)
4.3611 	EXP 	text: height = np.float64(0.05)
4.3611 	EXP 	text: text = 'Which one are you going to buy?'
4.3618 	EXP 	eyetracker.setRecordingState(False)
4.3683 	EXP 	text: height = np.float64(0.05)
4.3683 	EXP 	text: height = np.float64(0.05)
4.3683 	EXP 	text: height = np.float64(0.05)
4.3683 	EXP 	text: text = 'Which one are you going to buy?'
4.3696 	EXP 	eyetracker.setRecordingState(False)
4.3761 	EXP 	text: height = np.float64(0.05)
4.3761 	EXP 	text: height = np.float64(0.05)
4.3761 	EXP 	text: height = np.float64(0.05)
4.3761 	EXP 	text: text = 'Which one are you going to buy?'
4.3771 	EXP 	eyetracker.setRecordingState(False)
4.3840 	EXP 	text: height = np.float64(0.05)
4.3840 	EXP 	text: height = np.float64(0.05)
4.3840 	EXP 	text: height = np.float64(0.05)
4.3840 	EXP 	text: text = 'Which one are you going to buy?'
4.3848 	EXP 	eyetracker.setRecordingState(False)
4.3921 	EXP 	text: height = np.float64(0.05)
4.3921 	EXP 	text: height = np.float64(0.05)
4.3921 	EXP 	text: height = np.float64(0.05)
4.3921 	EXP 	text: text = 'Which one are you going to buy?'
4.4010 	EXP 	eyetracker.setRecordingState(False)
4.4078 	EXP 	text: height = np.float64(0.05)
4.4078 	EXP 	text: height = np.float64(0.05)
4.4078 	EXP 	text: height = np.float64(0.05)
4.4078 	EXP 	text: text = 'Which one are you going to buy?'
4.4087 	EXP 	eyetracker.setRecordingState(False)
4.4153 	EXP 	text: height = np.float64(0.05)
4.4153 	EXP 	text: height = np.float64(0.05)
4.4153 	EXP 	text: height = np.float64(0.05)
4.4153 	EXP 	text: text = 'Which one are you going to buy?'
4.4160 	EXP 	eyetracker.setRecordingState(False)
4.4228 	EXP 	text: height = np.float64(0.05)
4.4228 	EXP 	text: height = np.float64(0.05)
4.4228 	EXP 	text: height = np.float64(0.05)
4.4228 	EXP 	text: text = 'Which one are you going to buy?'
4.4253 	EXP 	eyetracker.setRecordingState(False)
4.4314 	EXP 	text: height = np.float64(0.05)
4.4314 	EXP 	text: height = np.float64(0.05)
4.4314 	EXP 	text: height = np.float64(0.05)
4.4314 	EXP 	text: text = 'Which one are you going to buy?'
4.4324 	EXP 	eyetracker.setRecordingState(False)
4.4388 	EXP 	text: height = np.float64(0.05)
4.4388 	EXP 	text: height = np.float64(0.05)
4.4388 	EXP 	text: height = np.float64(0.05)
4.4388 	EXP 	text: text = 'Which one are you going to buy?'
4.4393 	EXP 	eyetracker.setRecordingState(False)
4.4467 	EXP 	text: height = np.float64(0.05)
4.4467 	EXP 	text: height = np.float64(0.05)
4.4467 	EXP 	text: height = np.float64(0.05)
4.4467 	EXP 	text: text = 'Which one are you going to buy?'
4.4473 	EXP 	eyetracker.setRecordingState(False)
4.4540 	EXP 	text: height = np.float64(0.05)
4.4540 	EXP 	text: height = np.float64(0.05)
4.4540 	EXP 	text: height = np.float64(0.05)
4.4540 	EXP 	text: text = 'Which one are you going to buy?'
4.4614 	EXP 	eyetracker.setRecordingState(False)
4.4682 	EXP 	text: height = np.float64(0.05)
4.4682 	EXP 	text: height = np.float64(0.05)
4.4682 	EXP 	text: height = np.float64(0.05)
4.4682 	EXP 	text: text = 'Which one are you going to buy?'
4.4692 	EXP 	eyetracker.setRecordingState(False)
4.4756 	EXP 	text: height = np.float64(0.05)
4.4756 	EXP 	text: height = np.float64(0.05)
4.4756 	EXP 	text: height = np.float64(0.05)
4.4756 	EXP 	text: text = 'Which one are you going to buy?'
4.4765 	EXP 	eyetracker.setRecordingState(False)
4.4833 	EXP 	text: height = np.float64(0.05)
4.4833 	EXP 	text: height = np.float64(0.05)
4.4833 	EXP 	text: height = np.float64(0.05)
4.4833 	EXP 	text: text = 'Which one are you going to buy?'
4.4842 	EXP 	eyetracker.setRecordingState(False)
4.4956 	EXP 	text: height = np.float64(0.05)
4.4956 	EXP 	text: height = np.float64(0.05)
4.4956 	EXP 	text: height = np.float64(0.05)
4.4956 	EXP 	text: text = 'Which one are you going to buy?'
4.4965 	EXP 	eyetracker.setRecordingState(False)
4.5028 	EXP 	text: height = np.float64(0.05)
4.5028 	EXP 	text: height = np.float64(0.05)
4.5028 	EXP 	text: height = np.float64(0.05)
4.5028 	EXP 	text: text = 'Which one are you going to buy?'
4.5034 	EXP 	eyetracker.setRecordingState(False)
4.5096 	EXP 	text: height = np.float64(0.05)
4.5096 	EXP 	text: height = np.float64(0.05)
4.5096 	EXP 	text: height = np.float64(0.05)
4.5096 	EXP 	text: text = 'Which one are you going to buy?'
4.5107 	EXP 	eyetracker.setRecordingState(False)
4.5182 	EXP 	text: height = np.float64(0.05)
4.5182 	EXP 	text: height = np.float64(0.05)
4.5182 	EXP 	text: height = np.float64(0.05)
4.5182 	EXP 	text: text = 'Which one are you going to buy?'
4.5201 	EXP 	eyetracker.setRecordingState(False)
4.5266 	EXP 	text: height = np.float64(0.05)
4.5266 	EXP 	text: height = np.float64(0.05)
4.5266 	EXP 	text: height = np.float64(0.05)
4.5266 	EXP 	text: text = 'Which one are you going to buy?'
4.5273 	EXP 	eyetracker.setRecordingState(False)
4.5339 	EXP 	text: height = np.float64(0.05)
4.5339 	EXP 	text: height = np.float64(0.05)
4.5339 	EXP 	text: height = np.float64(0.05)
4.5339 	EXP 	text: text = 'Which one are you going to buy?'
4.5345 	EXP 	eyetracker.setRecordingState(False)
4.5412 	EXP 	text: height = np.float64(0.05)
4.5412 	EXP 	text: height = np.float64(0.05)
4.5412 	EXP 	text: height = np.float64(0.05)
4.5412 	EXP 	text: text = 'Which one are you going to buy?'
4.5418 	EXP 	eyetracker.setRecordingState(False)
4.5485 	EXP 	text: height = np.float64(0.05)
4.5485 	EXP 	text: height = np.float64(0.05)
4.5485 	EXP 	text: height = np.float64(0.05)
4.5485 	EXP 	text: text = 'Which one are you going to buy?'
4.5491 	EXP 	eyetracker.setRecordingState(False)
4.5557 	EXP 	text: height = np.float64(0.05)
4.5557 	EXP 	text: height = np.float64(0.05)
4.5557 	EXP 	text: height = np.float64(0.05)
4.5557 	EXP 	text: text = 'Which one are you going to buy?'
4.5569 	EXP 	eyetracker.setRecordingState(False)
4.5647 	EXP 	text: height = np.float64(0.05)
4.5647 	EXP 	text: height = np.float64(0.05)
4.5647 	EXP 	text: height = np.float64(0.05)
4.5647 	EXP 	text: text = 'Which one are you going to buy?'
4.5655 	EXP 	eyetracker.setRecordingState(False)
4.5751 	EXP 	text: height = np.float64(0.05)
4.5751 	EXP 	text: height = np.float64(0.05)
4.5751 	EXP 	text: height = np.float64(0.05)
4.5751 	EXP 	text: text = 'Which one are you going to buy?'
4.5756 	EXP 	eyetracker.setRecordingState(False)
4.5822 	EXP 	text: height = np.float64(0.05)
4.5822 	EXP 	text: height = np.float64(0.05)
4.5822 	EXP 	text: height = np.float64(0.05)
4.5822 	EXP 	text: text = 'Which one are you going to buy?'
4.5833 	EXP 	eyetracker.setRecordingState(False)
4.5956 	EXP 	text: height = np.float64(0.05)
4.5956 	EXP 	text: height = np.float64(0.05)
4.5956 	EXP 	text: height = np.float64(0.05)
4.5956 	EXP 	text: text = 'Which one are you going to buy?'
4.5961 	EXP 	eyetracker.setRecordingState(False)
4.6021 	EXP 	text: height = np.float64(0.05)
4.6021 	EXP 	text: height = np.float64(0.05)
4.6021 	EXP 	text: height = np.float64(0.05)
4.6021 	EXP 	text: text = 'Which one are you going to buy?'
4.6026 	EXP 	eyetracker.setRecordingState(False)
4.6085 	EXP 	text: height = np.float64(0.05)
4.6085 	EXP 	text: height = np.float64(0.05)
4.6085 	EXP 	text: height = np.float64(0.05)
4.6085 	EXP 	text: text = 'Which one are you going to buy?'
4.6092 	EXP 	eyetracker.setRecordingState(False)
4.6157 	EXP 	text: height = np.float64(0.05)
4.6157 	EXP 	text: height = np.float64(0.05)
4.6157 	EXP 	text: height = np.float64(0.05)
4.6157 	EXP 	text: text = 'Which one are you going to buy?'
4.6162 	EXP 	eyetracker.setRecordingState(False)
4.6221 	EXP 	text: height = np.float64(0.05)
4.6221 	EXP 	text: height = np.float64(0.05)
4.6221 	EXP 	text: height = np.float64(0.05)
4.6221 	EXP 	text: text = 'Which one are you going to buy?'
4.6228 	EXP 	eyetracker.setRecordingState(False)
4.6287 	EXP 	text: height = np.float64(0.05)
4.6287 	EXP 	text: height = np.float64(0.05)
4.6287 	EXP 	text: height = np.float64(0.05)
4.6287 	EXP 	text: text = 'Which one are you going to buy?'
4.6292 	EXP 	eyetracker.setRecordingState(False)
4.6352 	EXP 	text: height = np.float64(0.05)
4.6352 	EXP 	text: height = np.float64(0.05)
4.6352 	EXP 	text: height = np.float64(0.05)
4.6352 	EXP 	text: text = 'Which one are you going to buy?'
4.6358 	EXP 	eyetracker.setRecordingState(False)
4.6483 	EXP 	text: height = np.float64(0.05)
4.6483 	EXP 	text: height = np.float64(0.05)
4.6483 	EXP 	text: height = np.float64(0.05)
4.6483 	EXP 	text: text = 'Which one are you going to buy?'
4.6491 	EXP 	eyetracker.setRecordingState(False)
4.6564 	EXP 	text: height = np.float64(0.05)
4.6564 	EXP 	text: height = np.float64(0.05)
4.6564 	EXP 	text: height = np.float64(0.05)
4.6564 	EXP 	text: text = 'Which one are you going to buy?'
4.6573 	EXP 	eyetracker.setRecordingState(False)
4.6639 	EXP 	text: height = np.float64(0.05)
4.6639 	EXP 	text: height = np.float64(0.05)
4.6639 	EXP 	text: height = np.float64(0.05)
4.6639 	EXP 	text: text = 'Which one are you going to buy?'
4.6644 	EXP 	eyetracker.setRecordingState(False)
4.6758 	EXP 	text: height = np.float64(0.05)
4.6758 	EXP 	text: height = np.float64(0.05)
4.6758 	EXP 	text: height = np.float64(0.05)
4.6758 	EXP 	text: text = 'Which one are you going to buy?'
4.6764 	EXP 	eyetracker.setRecordingState(False)
4.6871 	EXP 	text: height = np.float64(0.05)
4.6871 	EXP 	text: height = np.float64(0.05)
4.6871 	EXP 	text: height = np.float64(0.05)
4.6871 	EXP 	text: text = 'Which one are you going to buy?'
4.6876 	EXP 	eyetracker.setRecordingState(False)
4.6955 	EXP 	text: height = np.float64(0.05)
4.6955 	EXP 	text: height = np.float64(0.05)
4.6955 	EXP 	text: height = np.float64(0.05)
4.6955 	EXP 	text: text = 'Which one are you going to buy?'
4.6961 	EXP 	eyetracker.setRecordingState(False)
4.7043 	EXP 	text: height = np.float64(0.05)
4.7043 	EXP 	text: height = np.float64(0.05)
4.7043 	EXP 	text: height = np.float64(0.05)
4.7043 	EXP 	text: text = 'Which one are you going to buy?'
4.7050 	EXP 	eyetracker.setRecordingState(False)
4.7126 	EXP 	text: height = np.float64(0.05)
4.7126 	EXP 	text: height = np.float64(0.05)
4.7126 	EXP 	text: height = np.float64(0.05)
4.7126 	EXP 	text: text = 'Which one are you going to buy?'
4.7133 	EXP 	eyetracker.setRecordingState(False)
4.7214 	EXP 	text: height = np.float64(0.05)
4.7214 	EXP 	text: height = np.float64(0.05)
4.7214 	EXP 	text: height = np.float64(0.05)
4.7214 	EXP 	text: text = 'Which one are you going to buy?'
4.7223 	EXP 	eyetracker.setRecordingState(False)
4.7329 	EXP 	text: height = np.float64(0.05)
4.7329 	EXP 	text: height = np.float64(0.05)
4.7329 	EXP 	text: height = np.float64(0.05)
4.7329 	EXP 	text: text = 'Which one are you going to buy?'
4.7334 	EXP 	eyetracker.setRecordingState(False)
4.7417 	EXP 	text: height = np.float64(0.05)
4.7417 	EXP 	text: height = np.float64(0.05)
4.7417 	EXP 	text: height = np.float64(0.05)
4.7417 	EXP 	text: text = 'Which one are you going to buy?'
4.7423 	EXP 	eyetracker.setRecordingState(False)
4.7528 	EXP 	text: height = np.float64(0.05)
4.7528 	EXP 	text: height = np.float64(0.05)
4.7528 	EXP 	text: height = np.float64(0.05)
4.7528 	EXP 	text: text = 'Which one are you going to buy?'
4.7537 	EXP 	eyetracker.setRecordingState(False)
4.7666 	EXP 	text: height = np.float64(0.05)
4.7666 	EXP 	text: height = np.float64(0.05)
4.7666 	EXP 	text: height = np.float64(0.05)
4.7666 	EXP 	text: text = 'Which one are you going to buy?'
4.7673 	EXP 	eyetracker.setRecordingState(False)
4.7745 	EXP 	text: height = np.float64(0.05)
4.7745 	EXP 	text: height = np.float64(0.05)
4.7745 	EXP 	text: height = np.float64(0.05)
4.7745 	EXP 	text: text = 'Which one are you going to buy?'
4.7753 	EXP 	eyetracker.setRecordingState(False)
4.7853 	EXP 	text: height = np.float64(0.05)
4.7853 	EXP 	text: height = np.float64(0.05)
4.7853 	EXP 	text: height = np.float64(0.05)
4.7853 	EXP 	text: text = 'Which one are you going to buy?'
4.7865 	EXP 	eyetracker.setRecordingState(False)
4.7969 	EXP 	text: height = np.float64(0.05)
4.7969 	EXP 	text: height = np.float64(0.05)
4.7969 	EXP 	text: height = np.float64(0.05)
4.7969 	EXP 	text: text = 'Which one are you going to buy?'
4.7981 	EXP 	eyetracker.setRecordingState(False)
4.8086 	EXP 	text: height = np.float64(0.05)
4.8086 	EXP 	text: height = np.float64(0.05)
4.8086 	EXP 	text: height = np.float64(0.05)
4.8086 	EXP 	text: text = 'Which one are you going to buy?'
4.8096 	EXP 	eyetracker.setRecordingState(False)
4.8157 	EXP 	text: height = np.float64(0.05)
4.8157 	EXP 	text: height = np.float64(0.05)
4.8157 	EXP 	text: height = np.float64(0.05)
4.8157 	EXP 	text: text = 'Which one are you going to buy?'
4.8169 	EXP 	eyetracker.setRecordingState(False)
4.8288 	EXP 	text: height = np.float64(0.05)
4.8288 	EXP 	text: height = np.float64(0.05)
4.8288 	EXP 	text: height = np.float64(0.05)
4.8288 	EXP 	text: text = 'Which one are you going to buy?'
4.8294 	EXP 	eyetracker.setRecordingState(False)
4.8367 	EXP 	text: height = np.float64(0.05)
4.8367 	EXP 	text: height = np.float64(0.05)
4.8367 	EXP 	text: height = np.float64(0.05)
4.8367 	EXP 	text: text = 'Which one are you going to buy?'
4.8377 	EXP 	eyetracker.setRecordingState(False)
4.8447 	EXP 	text: height = np.float64(0.05)
4.8447 	EXP 	text: height = np.float64(0.05)
4.8447 	EXP 	text: height = np.float64(0.05)
4.8447 	EXP 	text: text = 'Which one are you going to buy?'
4.8462 	EXP 	eyetracker.setRecordingState(False)
4.8554 	EXP 	text: height = np.float64(0.05)
4.8554 	EXP 	text: height = np.float64(0.05)
4.8554 	EXP 	text: height = np.float64(0.05)
4.8554 	EXP 	text: text = 'Which one are you going to buy?'
4.8565 	EXP 	eyetracker.setRecordingState(False)
4.8639 	EXP 	text: height = np.float64(0.05)
4.8639 	EXP 	text: height = np.float64(0.05)
4.8639 	EXP 	text: height = np.float64(0.05)
4.8639 	EXP 	text: text = 'Which one are you going to buy?'
4.8646 	EXP 	eyetracker.setRecordingState(False)
4.8716 	EXP 	text: height = np.float64(0.05)
4.8716 	EXP 	text: height = np.float64(0.05)
4.8716 	EXP 	text: height = np.float64(0.05)
4.8716 	EXP 	text: text = 'Which one are you going to buy?'
4.8728 	EXP 	eyetracker.setRecordingState(False)
4.8803 	EXP 	text: height = np.float64(0.05)
4.8803 	EXP 	text: height = np.float64(0.05)
4.8803 	EXP 	text: height = np.float64(0.05)
4.8803 	EXP 	text: text = 'Which one are you going to buy?'
4.8813 	EXP 	eyetracker.setRecordingState(False)
4.8929 	EXP 	text: height = np.float64(0.05)
4.8929 	EXP 	text: height = np.float64(0.05)
4.8929 	EXP 	text: height = np.float64(0.05)
4.8929 	EXP 	text: text = 'Which one are you going to buy?'
4.8945 	EXP 	eyetracker.setRecordingState(False)
4.9042 	EXP 	text: height = np.float64(0.05)
4.9042 	EXP 	text: height = np.float64(0.05)
4.9042 	EXP 	text: height = np.float64(0.05)
4.9042 	EXP 	text: text = 'Which one are you going to buy?'
4.9053 	EXP 	eyetracker.setRecordingState(False)
4.9149 	EXP 	text: height = np.float64(0.05)
4.9149 	EXP 	text: height = np.float64(0.05)
4.9149 	EXP 	text: height = np.float64(0.05)
4.9149 	EXP 	text: text = 'Which one are you going to buy?'
4.9155 	EXP 	eyetracker.setRecordingState(False)
4.9281 	EXP 	text: height = np.float64(0.05)
4.9281 	EXP 	text: height = np.float64(0.05)
4.9281 	EXP 	text: height = np.float64(0.05)
4.9281 	EXP 	text: text = 'Which one are you going to buy?'
4.9286 	EXP 	eyetracker.setRecordingState(False)
4.9384 	EXP 	text: height = np.float64(0.05)
4.9384 	EXP 	text: height = np.float64(0.05)
4.9384 	EXP 	text: height = np.float64(0.05)
4.9384 	EXP 	text: text = 'Which one are you going to buy?'
4.9390 	EXP 	eyetracker.setRecordingState(False)
4.9519 	EXP 	text: height = np.float64(0.05)
4.9519 	EXP 	text: height = np.float64(0.05)
4.9519 	EXP 	text: height = np.float64(0.05)
4.9519 	EXP 	text: text = 'Which one are you going to buy?'
4.9525 	EXP 	eyetracker.setRecordingState(False)
4.9638 	EXP 	text: height = np.float64(0.05)
4.9638 	EXP 	text: height = np.float64(0.05)
4.9638 	EXP 	text: height = np.float64(0.05)
4.9638 	EXP 	text: text = 'Which one are you going to buy?'
4.9645 	EXP 	eyetracker.setRecordingState(False)
4.9788 	EXP 	text: height = np.float64(0.05)
4.9788 	EXP 	text: height = np.float64(0.05)
4.9788 	EXP 	text: height = np.float64(0.05)
4.9788 	EXP 	text: text = 'Which one are you going to buy?'
4.9801 	EXP 	eyetracker.setRecordingState(False)
4.9944 	EXP 	text: height = np.float64(0.05)
4.9944 	EXP 	text: height = np.float64(0.05)
4.9944 	EXP 	text: height = np.float64(0.05)
4.9944 	EXP 	text: text = 'Which one are you going to buy?'
4.9949 	EXP 	eyetracker.setRecordingState(False)
5.0092 	EXP 	text: height = np.float64(0.05)
5.0092 	EXP 	text: height = np.float64(0.05)
5.0092 	EXP 	text: height = np.float64(0.05)
5.0092 	EXP 	text: text = 'Which one are you going to buy?'
5.0104 	EXP 	eyetracker.setRecordingState(False)
5.0294 	EXP 	text: height = np.float64(0.05)
5.0294 	EXP 	text: height = np.float64(0.05)
5.0294 	EXP 	text: height = np.float64(0.05)
5.0294 	EXP 	text: text = 'Which one are you going to buy?'
5.0306 	EXP 	eyetracker.setRecordingState(False)
5.0429 	EXP 	text: height = np.float64(0.05)
5.0429 	EXP 	text: height = np.float64(0.05)
5.0429 	EXP 	text: height = np.float64(0.05)
5.0429 	EXP 	text: text = 'Which one are you going to buy?'
5.0435 	EXP 	eyetracker.setRecordingState(False)
5.0589 	EXP 	text: height = np.float64(0.05)
5.0589 	EXP 	text: height = np.float64(0.05)
5.0589 	EXP 	text: height = np.float64(0.05)
5.0589 	EXP 	text: text = 'Which one are you going to buy?'
5.0597 	EXP 	eyetracker.setRecordingState(False)
5.0768 	EXP 	text: height = np.float64(0.05)
5.0768 	EXP 	text: height = np.float64(0.05)
5.0768 	EXP 	text: height = np.float64(0.05)
5.0768 	EXP 	text: text = 'Which one are you going to buy?'
5.0779 	EXP 	eyetracker.setRecordingState(False)
5.0936 	EXP 	text: height = np.float64(0.05)
5.0936 	EXP 	text: height = np.float64(0.05)
5.0936 	EXP 	text: height = np.float64(0.05)
5.0936 	EXP 	text: text = 'Which one are you going to buy?'
5.0946 	EXP 	eyetracker.setRecordingState(False)
5.1128 	EXP 	text: height = np.float64(0.05)
5.1128 	EXP 	text: height = np.float64(0.05)
5.1128 	EXP 	text: height = np.float64(0.05)
5.1128 	EXP 	text: text = 'Which one are you going to buy?'
5.1142 	EXP 	eyetracker.setRecordingState(False)
5.1289 	EXP 	text: height = np.float64(0.05)
5.1289 	EXP 	text: height = np.float64(0.05)
5.1289 	EXP 	text: height = np.float64(0.05)
5.1289 	EXP 	text: text = 'Which one are you going to buy?'
5.1301 	EXP 	eyetracker.setRecordingState(False)
5.1419 	EXP 	text: height = np.float64(0.05)
5.1419 	EXP 	text: height = np.float64(0.05)
5.1419 	EXP 	text: height = np.float64(0.05)
5.1419 	EXP 	text: text = 'Which one are you going to buy?'
5.1424 	EXP 	eyetracker.setRecordingState(False)
5.1537 	EXP 	text: height = np.float64(0.05)
5.1537 	EXP 	text: height = np.float64(0.05)
5.1537 	EXP 	text: height = np.float64(0.05)
5.1537 	EXP 	text: text = 'Which one are you going to buy?'
5.1552 	EXP 	eyetracker.setRecordingState(False)
5.1648 	EXP 	text: height = np.float64(0.05)
5.1648 	EXP 	text: height = np.float64(0.05)
5.1648 	EXP 	text: height = np.float64(0.05)
5.1648 	EXP 	text: text = 'Which one are you going to buy?'
5.1653 	EXP 	eyetracker.setRecordingState(False)
5.1718 	EXP 	text: height = np.float64(0.05)
5.1718 	EXP 	text: height = np.float64(0.05)
5.1718 	EXP 	text: height = np.float64(0.05)
5.1718 	EXP 	text: text = 'Which one are you going to buy?'
5.1723 	EXP 	eyetracker.setRecordingState(False)
5.1788 	EXP 	text: height = np.float64(0.05)
5.1788 	EXP 	text: height = np.float64(0.05)
5.1788 	EXP 	text: height = np.float64(0.05)
5.1788 	EXP 	text: text = 'Which one are you going to buy?'
5.1793 	EXP 	eyetracker.setRecordingState(False)
5.1919 	EXP 	text: height = np.float64(0.05)
5.1919 	EXP 	text: height = np.float64(0.05)
5.1919 	EXP 	text: height = np.float64(0.05)
5.1919 	EXP 	text: text = 'Which one are you going to buy?'
5.1924 	EXP 	eyetracker.setRecordingState(False)
5.2066 	EXP 	text: height = np.float64(0.05)
5.2066 	EXP 	text: height = np.float64(0.05)
5.2066 	EXP 	text: height = np.float64(0.05)
5.2066 	EXP 	text: text = 'Which one are you going to buy?'
5.2073 	EXP 	eyetracker.setRecordingState(False)
5.2174 	EXP 	text: height = np.float64(0.05)
5.2174 	EXP 	text: height = np.float64(0.05)
5.2174 	EXP 	text: height = np.float64(0.05)
5.2174 	EXP 	text: text = 'Which one are you going to buy?'
5.2181 	EXP 	eyetracker.setRecordingState(False)
5.2277 	EXP 	text: height = np.float64(0.05)
5.2277 	EXP 	text: height = np.float64(0.05)
5.2277 	EXP 	text: height = np.float64(0.05)
5.2277 	EXP 	text: text = 'Which one are you going to buy?'
5.2283 	EXP 	eyetracker.setRecordingState(False)
5.2382 	EXP 	text: height = np.float64(0.05)
5.2382 	EXP 	text: height = np.float64(0.05)
5.2382 	EXP 	text: height = np.float64(0.05)
5.2382 	EXP 	text: text = 'Which one are you going to buy?'
5.2393 	EXP 	eyetracker.setRecordingState(False)
5.2495 	EXP 	text: height = np.float64(0.05)
5.2495 	EXP 	text: height = np.float64(0.05)
5.2495 	EXP 	text: height = np.float64(0.05)
5.2495 	EXP 	text: text = 'Which one are you going to buy?'
5.2504 	EXP 	eyetracker.setRecordingState(False)
5.2694 	EXP 	text: height = np.float64(0.05)
5.2694 	EXP 	text: height = np.float64(0.05)
5.2694 	EXP 	text: height = np.float64(0.05)
5.2694 	EXP 	text: text = 'Which one are you going to buy?'
5.2702 	EXP 	eyetracker.setRecordingState(False)
5.2793 	EXP 	text: height = np.float64(0.05)
5.2793 	EXP 	text: height = np.float64(0.05)
5.2793 	EXP 	text: height = np.float64(0.05)
5.2793 	EXP 	text: text = 'Which one are you going to buy?'
5.2806 	EXP 	eyetracker.setRecordingState(False)
5.2917 	EXP 	text: height = np.float64(0.05)
5.2917 	EXP 	text: height = np.float64(0.05)
5.2917 	EXP 	text: height = np.float64(0.05)
5.2917 	EXP 	text: text = 'Which one are you going to buy?'
5.2924 	EXP 	eyetracker.setRecordingState(False)
5.3092 	EXP 	text: height = np.float64(0.05)
5.3092 	EXP 	text: height = np.float64(0.05)
5.3092 	EXP 	text: height = np.float64(0.05)
5.3092 	EXP 	text: text = 'Which one are you going to buy?'
5.3099 	EXP 	eyetracker.setRecordingState(False)
5.3265 	EXP 	text: height = np.float64(0.05)
5.3265 	EXP 	text: height = np.float64(0.05)
5.3265 	EXP 	text: height = np.float64(0.05)
5.3265 	EXP 	text: text = 'Which one are you going to buy?'
5.3272 	EXP 	eyetracker.setRecordingState(False)
5.3406 	EXP 	text: height = np.float64(0.05)
5.3406 	EXP 	text: height = np.float64(0.05)
5.3406 	EXP 	text: height = np.float64(0.05)
5.3406 	EXP 	text: text = 'Which one are you going to buy?'
5.3411 	EXP 	eyetracker.setRecordingState(False)
5.3489 	EXP 	text: height = np.float64(0.05)
5.3489 	EXP 	text: height = np.float64(0.05)
5.3489 	EXP 	text: height = np.float64(0.05)
5.3489 	EXP 	text: text = 'Which one are you going to buy?'
5.3494 	EXP 	eyetracker.setRecordingState(False)
5.3575 	EXP 	text: height = np.float64(0.05)
5.3575 	EXP 	text: height = np.float64(0.05)
5.3575 	EXP 	text: height = np.float64(0.05)
5.3575 	EXP 	text: text = 'Which one are you going to buy?'
5.3580 	EXP 	eyetracker.setRecordingState(False)
5.3641 	EXP 	text: height = np.float64(0.05)
5.3641 	EXP 	text: height = np.float64(0.05)
5.3641 	EXP 	text: height = np.float64(0.05)
5.3641 	EXP 	text: text = 'Which one are you going to buy?'
5.3648 	EXP 	eyetracker.setRecordingState(False)
5.3709 	EXP 	text: height = np.float64(0.05)
5.3709 	EXP 	text: height = np.float64(0.05)
5.3709 	EXP 	text: height = np.float64(0.05)
5.3709 	EXP 	text: text = 'Which one are you going to buy?'
5.3714 	EXP 	eyetracker.setRecordingState(False)
5.3780 	EXP 	text: height = np.float64(0.05)
5.3780 	EXP 	text: height = np.float64(0.05)
5.3780 	EXP 	text: height = np.float64(0.05)
5.3780 	EXP 	text: text = 'Which one are you going to buy?'
5.3786 	EXP 	eyetracker.setRecordingState(False)
5.3865 	EXP 	text: height = np.float64(0.05)
5.3865 	EXP 	text: height = np.float64(0.05)
5.3865 	EXP 	text: height = np.float64(0.05)
5.3865 	EXP 	text: text = 'Which one are you going to buy?'
5.3871 	EXP 	eyetracker.setRecordingState(False)
5.3989 	EXP 	text: height = np.float64(0.05)
5.3989 	EXP 	text: height = np.float64(0.05)
5.3989 	EXP 	text: height = np.float64(0.05)
5.3989 	EXP 	text: text = 'Which one are you going to buy?'
5.3994 	EXP 	eyetracker.setRecordingState(False)
5.4074 	EXP 	text: height = np.float64(0.05)
5.4074 	EXP 	text: height = np.float64(0.05)
5.4074 	EXP 	text: height = np.float64(0.05)
5.4074 	EXP 	text: text = 'Which one are you going to buy?'
5.4080 	EXP 	eyetracker.setRecordingState(False)
5.4180 	EXP 	text: height = np.float64(0.05)
5.4180 	EXP 	text: height = np.float64(0.05)
5.4180 	EXP 	text: height = np.float64(0.05)
5.4180 	EXP 	text: text = 'Which one are you going to buy?'
5.4185 	EXP 	eyetracker.setRecordingState(False)
5.4308 	EXP 	text: height = np.float64(0.05)
5.4308 	EXP 	text: height = np.float64(0.05)
5.4308 	EXP 	text: height = np.float64(0.05)
5.4308 	EXP 	text: text = 'Which one are you going to buy?'
5.4314 	EXP 	eyetracker.setRecordingState(False)
5.4413 	EXP 	text: height = np.float64(0.05)
5.4413 	EXP 	text: height = np.float64(0.05)
5.4413 	EXP 	text: height = np.float64(0.05)
5.4413 	EXP 	text: text = 'Which one are you going to buy?'
5.4418 	EXP 	eyetracker.setRecordingState(False)
5.4537 	EXP 	text: height = np.float64(0.05)
5.4537 	EXP 	text: height = np.float64(0.05)
5.4537 	EXP 	text: height = np.float64(0.05)
5.4537 	EXP 	text: text = 'Which one are you going to buy?'
5.4546 	EXP 	eyetracker.setRecordingState(False)
5.4607 	EXP 	text: height = np.float64(0.05)
5.4607 	EXP 	text: height = np.float64(0.05)
5.4607 	EXP 	text: height = np.float64(0.05)
5.4607 	EXP 	text: text = 'Which one are you going to buy?'
5.4612 	EXP 	eyetracker.setRecordingState(False)
5.4671 	EXP 	text: height = np.float64(0.05)
5.4671 	EXP 	text: height = np.float64(0.05)
5.4671 	EXP 	text: height = np.float64(0.05)
5.4671 	EXP 	text: text = 'Which one are you going to buy?'
5.4679 	EXP 	eyetracker.setRecordingState(False)
5.4749 	EXP 	text: height = np.float64(0.05)
5.4749 	EXP 	text: height = np.float64(0.05)
5.4749 	EXP 	text: height = np.float64(0.05)
5.4749 	EXP 	text: text = 'Which one are you going to buy?'
5.4755 	EXP 	eyetracker.setRecordingState(False)
5.4815 	EXP 	text: height = np.float64(0.05)
5.4815 	EXP 	text: height = np.float64(0.05)
5.4815 	EXP 	text: height = np.float64(0.05)
5.4815 	EXP 	text: text = 'Which one are you going to buy?'
5.4820 	EXP 	eyetracker.setRecordingState(False)
5.4890 	EXP 	text: height = np.float64(0.05)
5.4890 	EXP 	text: height = np.float64(0.05)
5.4890 	EXP 	text: height = np.float64(0.05)
5.4890 	EXP 	text: text = 'Which one are you going to buy?'
5.4895 	EXP 	eyetracker.setRecordingState(False)
5.5000 	EXP 	text: height = np.float64(0.05)
5.5000 	EXP 	text: height = np.float64(0.05)
5.5000 	EXP 	text: height = np.float64(0.05)
5.5000 	EXP 	text: text = 'Which one are you going to buy?'
5.5006 	EXP 	eyetracker.setRecordingState(False)
5.5143 	EXP 	text: height = np.float64(0.05)
5.5143 	EXP 	text: height = np.float64(0.05)
5.5143 	EXP 	text: height = np.float64(0.05)
5.5143 	EXP 	text: text = 'Which one are you going to buy?'
5.5150 	EXP 	eyetracker.setRecordingState(False)
5.5263 	EXP 	text: height = np.float64(0.05)
5.5263 	EXP 	text: height = np.float64(0.05)
5.5263 	EXP 	text: height = np.float64(0.05)
5.5263 	EXP 	text: text = 'Which one are you going to buy?'
5.5270 	EXP 	eyetracker.setRecordingState(False)
5.5330 	EXP 	text: height = np.float64(0.05)
5.5330 	EXP 	text: height = np.float64(0.05)
5.5330 	EXP 	text: height = np.float64(0.05)
5.5330 	EXP 	text: text = 'Which one are you going to buy?'
5.5336 	EXP 	eyetracker.setRecordingState(False)
5.5440 	EXP 	text: height = np.float64(0.05)
5.5440 	EXP 	text: height = np.float64(0.05)
5.5440 	EXP 	text: height = np.float64(0.05)
5.5440 	EXP 	text: text = 'Which one are you going to buy?'
5.5446 	EXP 	eyetracker.setRecordingState(False)
5.5516 	EXP 	text: height = np.float64(0.05)
5.5516 	EXP 	text: height = np.float64(0.05)
5.5516 	EXP 	text: height = np.float64(0.05)
5.5516 	EXP 	text: text = 'Which one are you going to buy?'
5.5522 	EXP 	eyetracker.setRecordingState(False)
5.5629 	EXP 	text: height = np.float64(0.05)
5.5629 	EXP 	text: height = np.float64(0.05)
5.5629 	EXP 	text: height = np.float64(0.05)
5.5629 	EXP 	text: text = 'Which one are you going to buy?'
5.5634 	EXP 	eyetracker.setRecordingState(False)
5.5717 	EXP 	text: height = np.float64(0.05)
5.5717 	EXP 	text: height = np.float64(0.05)
5.5717 	EXP 	text: height = np.float64(0.05)
5.5717 	EXP 	text: text = 'Which one are you going to buy?'
5.5722 	EXP 	eyetracker.setRecordingState(False)
5.5835 	EXP 	text: height = np.float64(0.05)
5.5835 	EXP 	text: height = np.float64(0.05)
5.5835 	EXP 	text: height = np.float64(0.05)
5.5835 	EXP 	text: text = 'Which one are you going to buy?'
5.5840 	EXP 	eyetracker.setRecordingState(False)
5.5931 	EXP 	text: height = np.float64(0.05)
5.5931 	EXP 	text: height = np.float64(0.05)
5.5931 	EXP 	text: height = np.float64(0.05)
5.5931 	EXP 	text: text = 'Which one are you going to buy?'
5.5936 	EXP 	eyetracker.setRecordingState(False)
5.5995 	EXP 	text: height = np.float64(0.05)
5.5995 	EXP 	text: height = np.float64(0.05)
5.5995 	EXP 	text: height = np.float64(0.05)
5.5995 	EXP 	text: text = 'Which one are you going to buy?'
5.6000 	EXP 	eyetracker.setRecordingState(False)
5.6057 	EXP 	text: height = np.float64(0.05)
5.6057 	EXP 	text: height = np.float64(0.05)
5.6057 	EXP 	text: height = np.float64(0.05)
5.6057 	EXP 	text: text = 'Which one are you going to buy?'
5.6062 	EXP 	eyetracker.setRecordingState(False)
5.6123 	EXP 	text: height = np.float64(0.05)
5.6123 	EXP 	text: height = np.float64(0.05)
5.6123 	EXP 	text: height = np.float64(0.05)
5.6123 	EXP 	text: text = 'Which one are you going to buy?'
5.6129 	EXP 	eyetracker.setRecordingState(False)
5.6193 	EXP 	text: height = np.float64(0.05)
5.6193 	EXP 	text: height = np.float64(0.05)
5.6193 	EXP 	text: height = np.float64(0.05)
5.6193 	EXP 	text: text = 'Which one are you going to buy?'
5.6199 	EXP 	eyetracker.setRecordingState(False)
5.6273 	EXP 	text: height = np.float64(0.05)
5.6273 	EXP 	text: height = np.float64(0.05)
5.6273 	EXP 	text: height = np.float64(0.05)
5.6273 	EXP 	text: text = 'Which one are you going to buy?'
5.6280 	EXP 	eyetracker.setRecordingState(False)
5.6350 	EXP 	text: height = np.float64(0.05)
5.6350 	EXP 	text: height = np.float64(0.05)
5.6350 	EXP 	text: height = np.float64(0.05)
5.6350 	EXP 	text: text = 'Which one are you going to buy?'
5.6356 	EXP 	eyetracker.setRecordingState(False)
5.6445 	EXP 	text: height = np.float64(0.05)
5.6445 	EXP 	text: height = np.float64(0.05)
5.6445 	EXP 	text: height = np.float64(0.05)
5.6445 	EXP 	text: text = 'Which one are you going to buy?'
5.6451 	EXP 	eyetracker.setRecordingState(False)
5.6543 	EXP 	text: height = np.float64(0.05)
5.6543 	EXP 	text: height = np.float64(0.05)
5.6543 	EXP 	text: height = np.float64(0.05)
5.6543 	EXP 	text: text = 'Which one are you going to buy?'
5.6551 	EXP 	eyetracker.setRecordingState(False)
5.6614 	EXP 	text: height = np.float64(0.05)
5.6614 	EXP 	text: height = np.float64(0.05)
5.6614 	EXP 	text: height = np.float64(0.05)
5.6614 	EXP 	text: text = 'Which one are you going to buy?'
5.6619 	EXP 	eyetracker.setRecordingState(False)
5.6683 	EXP 	text: height = np.float64(0.05)
5.6683 	EXP 	text: height = np.float64(0.05)
5.6683 	EXP 	text: height = np.float64(0.05)
5.6683 	EXP 	text: text = 'Which one are you going to buy?'
5.6688 	EXP 	eyetracker.setRecordingState(False)
5.6754 	EXP 	text: height = np.float64(0.05)
5.6754 	EXP 	text: height = np.float64(0.05)
5.6754 	EXP 	text: height = np.float64(0.05)
5.6754 	EXP 	text: text = 'Which one are you going to buy?'
5.6761 	EXP 	eyetracker.setRecordingState(False)
5.6827 	EXP 	text: height = np.float64(0.05)
5.6827 	EXP 	text: height = np.float64(0.05)
5.6827 	EXP 	text: height = np.float64(0.05)
5.6827 	EXP 	text: text = 'Which one are you going to buy?'
5.6833 	EXP 	eyetracker.setRecordingState(False)
5.6901 	EXP 	text: height = np.float64(0.05)
5.6901 	EXP 	text: height = np.float64(0.05)
5.6901 	EXP 	text: height = np.float64(0.05)
5.6901 	EXP 	text: text = 'Which one are you going to buy?'
5.6910 	EXP 	eyetracker.setRecordingState(False)
5.6979 	EXP 	text: height = np.float64(0.05)
5.6979 	EXP 	text: height = np.float64(0.05)
5.6979 	EXP 	text: height = np.float64(0.05)
5.6979 	EXP 	text: text = 'Which one are you going to buy?'
5.6985 	EXP 	eyetracker.setRecordingState(False)
5.7047 	EXP 	text: height = np.float64(0.05)
5.7047 	EXP 	text: height = np.float64(0.05)
5.7047 	EXP 	text: height = np.float64(0.05)
5.7047 	EXP 	text: text = 'Which one are you going to buy?'
5.7052 	EXP 	eyetracker.setRecordingState(False)
5.7110 	EXP 	text: height = np.float64(0.05)
5.7110 	EXP 	text: height = np.float64(0.05)
5.7110 	EXP 	text: height = np.float64(0.05)
5.7110 	EXP 	text: text = 'Which one are you going to buy?'
5.7115 	EXP 	eyetracker.setRecordingState(False)
5.7177 	EXP 	text: height = np.float64(0.05)
5.7177 	EXP 	text: height = np.float64(0.05)
5.7177 	EXP 	text: height = np.float64(0.05)
5.7177 	EXP 	text: text = 'Which one are you going to buy?'
5.7183 	EXP 	eyetracker.setRecordingState(False)
5.7239 	EXP 	text: height = np.float64(0.05)
5.7239 	EXP 	text: height = np.float64(0.05)
5.7239 	EXP 	text: height = np.float64(0.05)
5.7239 	EXP 	text: text = 'Which one are you going to buy?'
5.7244 	EXP 	eyetracker.setRecordingState(False)
5.7302 	EXP 	text: height = np.float64(0.05)
5.7302 	EXP 	text: height = np.float64(0.05)
5.7302 	EXP 	text: height = np.float64(0.05)
5.7302 	EXP 	text: text = 'Which one are you going to buy?'
5.7307 	EXP 	eyetracker.setRecordingState(False)
5.7364 	EXP 	text: height = np.float64(0.05)
5.7364 	EXP 	text: height = np.float64(0.05)
5.7364 	EXP 	text: height = np.float64(0.05)
5.7364 	EXP 	text: text = 'Which one are you going to buy?'
5.7370 	EXP 	eyetracker.setRecordingState(False)
5.7429 	EXP 	text: height = np.float64(0.05)
5.7429 	EXP 	text: height = np.float64(0.05)
5.7429 	EXP 	text: height = np.float64(0.05)
5.7429 	EXP 	text: text = 'Which one are you going to buy?'
5.7434 	EXP 	eyetracker.setRecordingState(False)
5.7490 	EXP 	text: height = np.float64(0.05)
5.7490 	EXP 	text: height = np.float64(0.05)
5.7490 	EXP 	text: height = np.float64(0.05)
5.7490 	EXP 	text: text = 'Which one are you going to buy?'
5.7495 	EXP 	eyetracker.setRecordingState(False)
5.7552 	EXP 	text: height = np.float64(0.05)
5.7552 	EXP 	text: height = np.float64(0.05)
5.7552 	EXP 	text: height = np.float64(0.05)
5.7552 	EXP 	text: text = 'Which one are you going to buy?'
5.7557 	EXP 	eyetracker.setRecordingState(False)
5.7615 	EXP 	text: height = np.float64(0.05)
5.7615 	EXP 	text: height = np.float64(0.05)
5.7615 	EXP 	text: height = np.float64(0.05)
5.7615 	EXP 	text: text = 'Which one are you going to buy?'
5.7620 	EXP 	eyetracker.setRecordingState(False)
5.7680 	EXP 	text: height = np.float64(0.05)
5.7680 	EXP 	text: height = np.float64(0.05)
5.7680 	EXP 	text: height = np.float64(0.05)
5.7680 	EXP 	text: text = 'Which one are you going to buy?'
5.7685 	EXP 	eyetracker.setRecordingState(False)
5.7747 	EXP 	text: height = np.float64(0.05)
5.7747 	EXP 	text: height = np.float64(0.05)
5.7747 	EXP 	text: height = np.float64(0.05)
5.7747 	EXP 	text: text = 'Which one are you going to buy?'
5.7751 	EXP 	eyetracker.setRecordingState(False)
5.7811 	EXP 	text: height = np.float64(0.05)
5.7811 	EXP 	text: height = np.float64(0.05)
5.7811 	EXP 	text: height = np.float64(0.05)
5.7811 	EXP 	text: text = 'Which one are you going to buy?'
5.7817 	EXP 	eyetracker.setRecordingState(False)
5.7876 	EXP 	text: height = np.float64(0.05)
5.7876 	EXP 	text: height = np.float64(0.05)
5.7876 	EXP 	text: height = np.float64(0.05)
5.7876 	EXP 	text: text = 'Which one are you going to buy?'
5.7881 	EXP 	eyetracker.setRecordingState(False)
5.7941 	EXP 	text: height = np.float64(0.05)
5.7941 	EXP 	text: height = np.float64(0.05)
5.7941 	EXP 	text: height = np.float64(0.05)
5.7941 	EXP 	text: text = 'Which one are you going to buy?'
5.7946 	EXP 	eyetracker.setRecordingState(False)
5.8007 	EXP 	text: height = np.float64(0.05)
5.8007 	EXP 	text: height = np.float64(0.05)
5.8007 	EXP 	text: height = np.float64(0.05)
5.8007 	EXP 	text: text = 'Which one are you going to buy?'
5.8013 	EXP 	eyetracker.setRecordingState(False)
5.8075 	EXP 	text: height = np.float64(0.05)
5.8075 	EXP 	text: height = np.float64(0.05)
5.8075 	EXP 	text: height = np.float64(0.05)
5.8075 	EXP 	text: text = 'Which one are you going to buy?'
5.8080 	EXP 	eyetracker.setRecordingState(False)
5.8144 	EXP 	text: height = np.float64(0.05)
5.8144 	EXP 	text: height = np.float64(0.05)
5.8144 	EXP 	text: height = np.float64(0.05)
5.8144 	EXP 	text: text = 'Which one are you going to buy?'
5.8150 	EXP 	eyetracker.setRecordingState(False)
5.8216 	EXP 	text: height = np.float64(0.05)
5.8216 	EXP 	text: height = np.float64(0.05)
5.8216 	EXP 	text: height = np.float64(0.05)
5.8216 	EXP 	text: text = 'Which one are you going to buy?'
5.8221 	EXP 	eyetracker.setRecordingState(False)
5.8283 	EXP 	text: height = np.float64(0.05)
5.8283 	EXP 	text: height = np.float64(0.05)
5.8283 	EXP 	text: height = np.float64(0.05)
5.8283 	EXP 	text: text = 'Which one are you going to buy?'
5.8288 	EXP 	eyetracker.setRecordingState(False)
5.8352 	EXP 	text: height = np.float64(0.05)
5.8352 	EXP 	text: height = np.float64(0.05)
5.8352 	EXP 	text: height = np.float64(0.05)
5.8352 	EXP 	text: text = 'Which one are you going to buy?'
5.8357 	EXP 	eyetracker.setRecordingState(False)
5.8421 	EXP 	text: height = np.float64(0.05)
5.8421 	EXP 	text: height = np.float64(0.05)
5.8421 	EXP 	text: height = np.float64(0.05)
5.8421 	EXP 	text: text = 'Which one are you going to buy?'
5.8426 	EXP 	eyetracker.setRecordingState(False)
5.8491 	EXP 	text: height = np.float64(0.05)
5.8491 	EXP 	text: height = np.float64(0.05)
5.8491 	EXP 	text: height = np.float64(0.05)
5.8491 	EXP 	text: text = 'Which one are you going to buy?'
5.8497 	EXP 	eyetracker.setRecordingState(False)
5.8560 	EXP 	text: height = np.float64(0.05)
5.8560 	EXP 	text: height = np.float64(0.05)
5.8560 	EXP 	text: height = np.float64(0.05)
5.8560 	EXP 	text: text = 'Which one are you going to buy?'
5.8565 	EXP 	eyetracker.setRecordingState(False)
5.8630 	EXP 	text: height = np.float64(0.05)
5.8630 	EXP 	text: height = np.float64(0.05)
5.8630 	EXP 	text: height = np.float64(0.05)
5.8630 	EXP 	text: text = 'Which one are you going to buy?'
5.8635 	EXP 	eyetracker.setRecordingState(False)
5.8700 	EXP 	text: height = np.float64(0.05)
5.8700 	EXP 	text: height = np.float64(0.05)
5.8700 	EXP 	text: height = np.float64(0.05)
5.8700 	EXP 	text: text = 'Which one are you going to buy?'
5.8708 	EXP 	eyetracker.setRecordingState(False)
5.8769 	EXP 	text: height = np.float64(0.05)
5.8769 	EXP 	text: height = np.float64(0.05)
5.8769 	EXP 	text: height = np.float64(0.05)
5.8769 	EXP 	text: text = 'Which one are you going to buy?'
5.8775 	EXP 	eyetracker.setRecordingState(False)
5.8838 	EXP 	text: height = np.float64(0.05)
5.8838 	EXP 	text: height = np.float64(0.05)
5.8838 	EXP 	text: height = np.float64(0.05)
5.8838 	EXP 	text: text = 'Which one are you going to buy?'
5.8843 	EXP 	eyetracker.setRecordingState(False)
5.8909 	EXP 	text: height = np.float64(0.05)
5.8909 	EXP 	text: height = np.float64(0.05)
5.8909 	EXP 	text: height = np.float64(0.05)
5.8909 	EXP 	text: text = 'Which one are you going to buy?'
5.8915 	EXP 	eyetracker.setRecordingState(False)
5.8986 	EXP 	text: height = np.float64(0.05)
5.8986 	EXP 	text: height = np.float64(0.05)
5.8986 	EXP 	text: height = np.float64(0.05)
5.8986 	EXP 	text: text = 'Which one are you going to buy?'
5.8992 	EXP 	eyetracker.setRecordingState(False)
5.9056 	EXP 	text: height = np.float64(0.05)
5.9056 	EXP 	text: height = np.float64(0.05)
5.9056 	EXP 	text: height = np.float64(0.05)
5.9056 	EXP 	text: text = 'Which one are you going to buy?'
5.9061 	EXP 	eyetracker.setRecordingState(False)
5.9122 	EXP 	text: height = np.float64(0.05)
5.9122 	EXP 	text: height = np.float64(0.05)
5.9122 	EXP 	text: height = np.float64(0.05)
5.9122 	EXP 	text: text = 'Which one are you going to buy?'
5.9127 	EXP 	eyetracker.setRecordingState(False)
5.9195 	EXP 	text: height = np.float64(0.05)
5.9195 	EXP 	text: height = np.float64(0.05)
5.9195 	EXP 	text: height = np.float64(0.05)
5.9195 	EXP 	text: text = 'Which one are you going to buy?'
5.9203 	EXP 	eyetracker.setRecordingState(False)
5.9280 	EXP 	text: height = np.float64(0.05)
5.9280 	EXP 	text: height = np.float64(0.05)
5.9280 	EXP 	text: height = np.float64(0.05)
5.9280 	EXP 	text: text = 'Which one are you going to buy?'
5.9287 	EXP 	eyetracker.setRecordingState(False)
5.9359 	EXP 	text: height = np.float64(0.05)
5.9359 	EXP 	text: height = np.float64(0.05)
5.9359 	EXP 	text: height = np.float64(0.05)
5.9359 	EXP 	text: text = 'Which one are you going to buy?'
5.9365 	EXP 	eyetracker.setRecordingState(False)
5.9423 	EXP 	text: height = np.float64(0.05)
5.9423 	EXP 	text: height = np.float64(0.05)
5.9423 	EXP 	text: height = np.float64(0.05)
5.9423 	EXP 	text: text = 'Which one are you going to buy?'
5.9427 	EXP 	eyetracker.setRecordingState(False)
5.9485 	EXP 	text: height = np.float64(0.05)
5.9485 	EXP 	text: height = np.float64(0.05)
5.9485 	EXP 	text: height = np.float64(0.05)
5.9485 	EXP 	text: text = 'Which one are you going to buy?'
5.9490 	EXP 	eyetracker.setRecordingState(False)
5.9550 	EXP 	text: height = np.float64(0.05)
5.9550 	EXP 	text: height = np.float64(0.05)
5.9550 	EXP 	text: height = np.float64(0.05)
5.9550 	EXP 	text: text = 'Which one are you going to buy?'
5.9554 	EXP 	eyetracker.setRecordingState(False)
5.9613 	EXP 	text: height = np.float64(0.05)
5.9613 	EXP 	text: height = np.float64(0.05)
5.9613 	EXP 	text: height = np.float64(0.05)
5.9613 	EXP 	text: text = 'Which one are you going to buy?'
5.9618 	EXP 	eyetracker.setRecordingState(False)
5.9671 	EXP 	text: height = np.float64(0.05)
5.9671 	EXP 	text: height = np.float64(0.05)
5.9671 	EXP 	text: height = np.float64(0.05)
5.9671 	EXP 	text: text = 'Which one are you going to buy?'
5.9676 	EXP 	eyetracker.setRecordingState(False)
5.9739 	EXP 	text: height = np.float64(0.05)
5.9739 	EXP 	text: height = np.float64(0.05)
5.9739 	EXP 	text: height = np.float64(0.05)
5.9739 	EXP 	text: text = 'Which one are you going to buy?'
5.9744 	EXP 	eyetracker.setRecordingState(False)
5.9809 	EXP 	text: height = np.float64(0.05)
5.9809 	EXP 	text: height = np.float64(0.05)
5.9809 	EXP 	text: height = np.float64(0.05)
5.9809 	EXP 	text: text = 'Which one are you going to buy?'
5.9814 	EXP 	eyetracker.setRecordingState(False)
5.9878 	EXP 	text: height = np.float64(0.05)
5.9878 	EXP 	text: height = np.float64(0.05)
5.9878 	EXP 	text: height = np.float64(0.05)
5.9878 	EXP 	text: text = 'Which one are you going to buy?'
5.9882 	EXP 	eyetracker.setRecordingState(False)
5.9947 	EXP 	text: height = np.float64(0.05)
5.9947 	EXP 	text: height = np.float64(0.05)
5.9947 	EXP 	text: height = np.float64(0.05)
5.9947 	EXP 	text: text = 'Which one are you going to buy?'
5.9952 	EXP 	eyetracker.setRecordingState(False)
6.0017 	EXP 	text: height = np.float64(0.05)
6.0017 	EXP 	text: height = np.float64(0.05)
6.0017 	EXP 	text: height = np.float64(0.05)
6.0017 	EXP 	text: text = 'Which one are you going to buy?'
6.0022 	EXP 	eyetracker.setRecordingState(False)
6.0085 	EXP 	text: height = np.float64(0.05)
6.0085 	EXP 	text: height = np.float64(0.05)
6.0085 	EXP 	text: height = np.float64(0.05)
6.0085 	EXP 	text: text = 'Which one are you going to buy?'
6.0090 	EXP 	eyetracker.setRecordingState(False)
6.0155 	EXP 	text: height = np.float64(0.05)
6.0155 	EXP 	text: height = np.float64(0.05)
6.0155 	EXP 	text: height = np.float64(0.05)
6.0155 	EXP 	text: text = 'Which one are you going to buy?'
6.0159 	EXP 	eyetracker.setRecordingState(False)
6.0225 	EXP 	text: height = np.float64(0.05)
6.0225 	EXP 	text: height = np.float64(0.05)
6.0225 	EXP 	text: height = np.float64(0.05)
6.0225 	EXP 	text: text = 'Which one are you going to buy?'
6.0230 	EXP 	eyetracker.setRecordingState(False)
6.0294 	EXP 	text: height = np.float64(0.05)
6.0294 	EXP 	text: height = np.float64(0.05)
6.0294 	EXP 	text: height = np.float64(0.05)
6.0294 	EXP 	text: text = 'Which one are you going to buy?'
6.0298 	EXP 	eyetracker.setRecordingState(False)
6.0364 	EXP 	text: height = np.float64(0.05)
6.0364 	EXP 	text: height = np.float64(0.05)
6.0364 	EXP 	text: height = np.float64(0.05)
6.0364 	EXP 	text: text = 'Which one are you going to buy?'
6.0369 	EXP 	eyetracker.setRecordingState(False)
6.0434 	EXP 	text: height = np.float64(0.05)
6.0434 	EXP 	text: height = np.float64(0.05)
6.0434 	EXP 	text: height = np.float64(0.05)
6.0434 	EXP 	text: text = 'Which one are you going to buy?'
6.0437 	EXP 	eyetracker.setRecordingState(False)
6.0503 	EXP 	text: height = np.float64(0.05)
6.0503 	EXP 	text: height = np.float64(0.05)
6.0503 	EXP 	text: height = np.float64(0.05)
6.0503 	EXP 	text: text = 'Which one are you going to buy?'
6.0508 	EXP 	eyetracker.setRecordingState(False)
6.0573 	EXP 	text: height = np.float64(0.05)
6.0573 	EXP 	text: height = np.float64(0.05)
6.0573 	EXP 	text: height = np.float64(0.05)
6.0573 	EXP 	text: text = 'Which one are you going to buy?'
6.0578 	EXP 	eyetracker.setRecordingState(False)
6.0641 	EXP 	text: height = np.float64(0.05)
6.0641 	EXP 	text: height = np.float64(0.05)
6.0641 	EXP 	text: height = np.float64(0.05)
6.0641 	EXP 	text: text = 'Which one are you going to buy?'
6.0647 	EXP 	eyetracker.setRecordingState(False)
6.0710 	EXP 	text: height = np.float64(0.05)
6.0710 	EXP 	text: height = np.float64(0.05)
6.0710 	EXP 	text: height = np.float64(0.05)
6.0710 	EXP 	text: text = 'Which one are you going to buy?'
6.0714 	EXP 	eyetracker.setRecordingState(False)
6.0781 	EXP 	text: height = np.float64(0.05)
6.0781 	EXP 	text: height = np.float64(0.05)
6.0781 	EXP 	text: height = np.float64(0.05)
6.0781 	EXP 	text: text = 'Which one are you going to buy?'
6.0789 	EXP 	eyetracker.setRecordingState(False)
6.0862 	EXP 	text: height = np.float64(0.05)
6.0862 	EXP 	text: height = np.float64(0.05)
6.0862 	EXP 	text: height = np.float64(0.05)
6.0862 	EXP 	text: text = 'Which one are you going to buy?'
6.0868 	EXP 	eyetracker.setRecordingState(False)
6.0936 	EXP 	text: height = np.float64(0.05)
6.0936 	EXP 	text: height = np.float64(0.05)
6.0936 	EXP 	text: height = np.float64(0.05)
6.0936 	EXP 	text: text = 'Which one are you going to buy?'
6.0942 	EXP 	eyetracker.setRecordingState(False)
6.1011 	EXP 	text: height = np.float64(0.05)
6.1011 	EXP 	text: height = np.float64(0.05)
6.1011 	EXP 	text: height = np.float64(0.05)
6.1011 	EXP 	text: text = 'Which one are you going to buy?'
6.1016 	EXP 	eyetracker.setRecordingState(False)
6.1083 	EXP 	text: height = np.float64(0.05)
6.1083 	EXP 	text: height = np.float64(0.05)
6.1083 	EXP 	text: height = np.float64(0.05)
6.1083 	EXP 	text: text = 'Which one are you going to buy?'
6.1090 	EXP 	eyetracker.setRecordingState(False)
6.1161 	EXP 	text: height = np.float64(0.05)
6.1161 	EXP 	text: height = np.float64(0.05)
6.1161 	EXP 	text: height = np.float64(0.05)
6.1161 	EXP 	text: text = 'Which one are you going to buy?'
6.1168 	EXP 	eyetracker.setRecordingState(False)
6.1238 	EXP 	text: height = np.float64(0.05)
6.1238 	EXP 	text: height = np.float64(0.05)
6.1238 	EXP 	text: height = np.float64(0.05)
6.1238 	EXP 	text: text = 'Which one are you going to buy?'
6.1244 	EXP 	eyetracker.setRecordingState(False)
6.1317 	EXP 	text: height = np.float64(0.05)
6.1317 	EXP 	text: height = np.float64(0.05)
6.1317 	EXP 	text: height = np.float64(0.05)
6.1317 	EXP 	text: text = 'Which one are you going to buy?'
6.1324 	EXP 	eyetracker.setRecordingState(False)
6.1399 	EXP 	text: height = np.float64(0.05)
6.1399 	EXP 	text: height = np.float64(0.05)
6.1399 	EXP 	text: height = np.float64(0.05)
6.1399 	EXP 	text: text = 'Which one are you going to buy?'
6.1405 	EXP 	eyetracker.setRecordingState(False)
6.1475 	EXP 	text: height = np.float64(0.05)
6.1475 	EXP 	text: height = np.float64(0.05)
6.1475 	EXP 	text: height = np.float64(0.05)
6.1475 	EXP 	text: text = 'Which one are you going to buy?'
6.1480 	EXP 	eyetracker.setRecordingState(False)
6.1554 	EXP 	text: height = np.float64(0.05)
6.1554 	EXP 	text: height = np.float64(0.05)
6.1554 	EXP 	text: height = np.float64(0.05)
6.1554 	EXP 	text: text = 'Which one are you going to buy?'
6.1558 	EXP 	eyetracker.setRecordingState(False)
6.1631 	EXP 	text: height = np.float64(0.05)
6.1631 	EXP 	text: height = np.float64(0.05)
6.1631 	EXP 	text: height = np.float64(0.05)
6.1631 	EXP 	text: text = 'Which one are you going to buy?'
6.1637 	EXP 	eyetracker.setRecordingState(False)
6.1700 	EXP 	text: height = np.float64(0.05)
6.1700 	EXP 	text: height = np.float64(0.05)
6.1700 	EXP 	text: height = np.float64(0.05)
6.1700 	EXP 	text: text = 'Which one are you going to buy?'
6.1704 	EXP 	eyetracker.setRecordingState(False)
6.1759 	EXP 	text: height = np.float64(0.05)
6.1759 	EXP 	text: height = np.float64(0.05)
6.1759 	EXP 	text: height = np.float64(0.05)
6.1759 	EXP 	text: text = 'Which one are you going to buy?'
6.1765 	EXP 	eyetracker.setRecordingState(False)
6.1827 	EXP 	text: height = np.float64(0.05)
6.1827 	EXP 	text: height = np.float64(0.05)
6.1827 	EXP 	text: height = np.float64(0.05)
6.1827 	EXP 	text: text = 'Which one are you going to buy?'
6.1833 	EXP 	eyetracker.setRecordingState(False)
6.1893 	EXP 	text: height = np.float64(0.05)
6.1893 	EXP 	text: height = np.float64(0.05)
6.1893 	EXP 	text: height = np.float64(0.05)
6.1893 	EXP 	text: text = 'Which one are you going to buy?'
6.1904 	EXP 	eyetracker.setRecordingState(False)
6.1963 	EXP 	text: height = np.float64(0.05)
6.1963 	EXP 	text: height = np.float64(0.05)
6.1963 	EXP 	text: height = np.float64(0.05)
6.1963 	EXP 	text: text = 'Which one are you going to buy?'
6.1968 	EXP 	eyetracker.setRecordingState(False)
6.2027 	EXP 	text: height = np.float64(0.05)
6.2027 	EXP 	text: height = np.float64(0.05)
6.2027 	EXP 	text: height = np.float64(0.05)
6.2027 	EXP 	text: text = 'Which one are you going to buy?'
6.2032 	EXP 	eyetracker.setRecordingState(False)
6.2089 	EXP 	text: height = np.float64(0.05)
6.2089 	EXP 	text: height = np.float64(0.05)
6.2089 	EXP 	text: height = np.float64(0.05)
6.2089 	EXP 	text: text = 'Which one are you going to buy?'
6.2093 	EXP 	eyetracker.setRecordingState(False)
6.2155 	EXP 	text: height = np.float64(0.05)
6.2155 	EXP 	text: height = np.float64(0.05)
6.2155 	EXP 	text: height = np.float64(0.05)
6.2155 	EXP 	text: text = 'Which one are you going to buy?'
6.2160 	EXP 	eyetracker.setRecordingState(False)
6.2218 	EXP 	text: height = np.float64(0.05)
6.2218 	EXP 	text: height = np.float64(0.05)
6.2218 	EXP 	text: height = np.float64(0.05)
6.2218 	EXP 	text: text = 'Which one are you going to buy?'
6.2222 	EXP 	eyetracker.setRecordingState(False)
6.2279 	EXP 	text: height = np.float64(0.05)
6.2279 	EXP 	text: height = np.float64(0.05)
6.2279 	EXP 	text: height = np.float64(0.05)
6.2279 	EXP 	text: text = 'Which one are you going to buy?'
6.2283 	EXP 	eyetracker.setRecordingState(False)
6.2340 	EXP 	text: height = np.float64(0.05)
6.2340 	EXP 	text: height = np.float64(0.05)
6.2340 	EXP 	text: height = np.float64(0.05)
6.2340 	EXP 	text: text = 'Which one are you going to buy?'
6.2344 	EXP 	eyetracker.setRecordingState(False)
6.2398 	EXP 	text: height = np.float64(0.05)
6.2398 	EXP 	text: height = np.float64(0.05)
6.2398 	EXP 	text: height = np.float64(0.05)
6.2398 	EXP 	text: text = 'Which one are you going to buy?'
6.2403 	EXP 	eyetracker.setRecordingState(False)
6.2456 	EXP 	text: height = np.float64(0.05)
6.2456 	EXP 	text: height = np.float64(0.05)
6.2456 	EXP 	text: height = np.float64(0.05)
6.2456 	EXP 	text: text = 'Which one are you going to buy?'
6.2461 	EXP 	eyetracker.setRecordingState(False)
6.2518 	EXP 	text: height = np.float64(0.05)
6.2518 	EXP 	text: height = np.float64(0.05)
6.2518 	EXP 	text: height = np.float64(0.05)
6.2518 	EXP 	text: text = 'Which one are you going to buy?'
6.2522 	EXP 	eyetracker.setRecordingState(False)
6.2588 	EXP 	text: height = np.float64(0.05)
6.2588 	EXP 	text: height = np.float64(0.05)
6.2588 	EXP 	text: height = np.float64(0.05)
6.2588 	EXP 	text: text = 'Which one are you going to buy?'
6.2593 	EXP 	eyetracker.setRecordingState(False)
6.2659 	EXP 	text: height = np.float64(0.05)
6.2659 	EXP 	text: height = np.float64(0.05)
6.2659 	EXP 	text: height = np.float64(0.05)
6.2659 	EXP 	text: text = 'Which one are you going to buy?'
6.2663 	EXP 	eyetracker.setRecordingState(False)
6.2727 	EXP 	text: height = np.float64(0.05)
6.2727 	EXP 	text: height = np.float64(0.05)
6.2727 	EXP 	text: height = np.float64(0.05)
6.2727 	EXP 	text: text = 'Which one are you going to buy?'
6.2731 	EXP 	eyetracker.setRecordingState(False)
6.2797 	EXP 	text: height = np.float64(0.05)
6.2797 	EXP 	text: height = np.float64(0.05)
6.2797 	EXP 	text: height = np.float64(0.05)
6.2797 	EXP 	text: text = 'Which one are you going to buy?'
6.2801 	EXP 	eyetracker.setRecordingState(False)
6.2866 	EXP 	text: height = np.float64(0.05)
6.2866 	EXP 	text: height = np.float64(0.05)
6.2866 	EXP 	text: height = np.float64(0.05)
6.2866 	EXP 	text: text = 'Which one are you going to buy?'
6.2871 	EXP 	eyetracker.setRecordingState(False)
6.2938 	EXP 	text: height = np.float64(0.05)
6.2938 	EXP 	text: height = np.float64(0.05)
6.2938 	EXP 	text: height = np.float64(0.05)
6.2938 	EXP 	text: text = 'Which one are you going to buy?'
6.2944 	EXP 	eyetracker.setRecordingState(False)
6.3005 	EXP 	text: height = np.float64(0.05)
6.3005 	EXP 	text: height = np.float64(0.05)
6.3005 	EXP 	text: height = np.float64(0.05)
6.3005 	EXP 	text: text = 'Which one are you going to buy?'
6.3009 	EXP 	eyetracker.setRecordingState(False)
6.3075 	EXP 	text: height = np.float64(0.05)
6.3075 	EXP 	text: height = np.float64(0.05)
6.3075 	EXP 	text: height = np.float64(0.05)
6.3075 	EXP 	text: text = 'Which one are you going to buy?'
6.3080 	EXP 	eyetracker.setRecordingState(False)
6.3144 	EXP 	text: height = np.float64(0.05)
6.3144 	EXP 	text: height = np.float64(0.05)
6.3144 	EXP 	text: height = np.float64(0.05)
6.3144 	EXP 	text: text = 'Which one are you going to buy?'
6.3148 	EXP 	eyetracker.setRecordingState(False)
6.3213 	EXP 	text: height = np.float64(0.05)
6.3213 	EXP 	text: height = np.float64(0.05)
6.3213 	EXP 	text: height = np.float64(0.05)
6.3213 	EXP 	text: text = 'Which one are you going to buy?'
6.3218 	EXP 	eyetracker.setRecordingState(False)
6.3285 	EXP 	text: height = np.float64(0.05)
6.3285 	EXP 	text: height = np.float64(0.05)
6.3285 	EXP 	text: height = np.float64(0.05)
6.3285 	EXP 	text: text = 'Which one are you going to buy?'
6.3288 	EXP 	eyetracker.setRecordingState(False)
6.3352 	EXP 	text: height = np.float64(0.05)
6.3352 	EXP 	text: height = np.float64(0.05)
6.3352 	EXP 	text: height = np.float64(0.05)
6.3352 	EXP 	text: text = 'Which one are you going to buy?'
6.3357 	EXP 	eyetracker.setRecordingState(False)
6.3421 	EXP 	text: height = np.float64(0.05)
6.3421 	EXP 	text: height = np.float64(0.05)
6.3421 	EXP 	text: height = np.float64(0.05)
6.3421 	EXP 	text: text = 'Which one are you going to buy?'
6.3425 	EXP 	eyetracker.setRecordingState(False)
6.3491 	EXP 	text: height = np.float64(0.05)
6.3491 	EXP 	text: height = np.float64(0.05)
6.3491 	EXP 	text: height = np.float64(0.05)
6.3491 	EXP 	text: text = 'Which one are you going to buy?'
6.3496 	EXP 	eyetracker.setRecordingState(False)
6.3561 	EXP 	text: height = np.float64(0.05)
6.3561 	EXP 	text: height = np.float64(0.05)
6.3561 	EXP 	text: height = np.float64(0.05)
6.3561 	EXP 	text: text = 'Which one are you going to buy?'
6.3565 	EXP 	eyetracker.setRecordingState(False)
6.3630 	EXP 	text: height = np.float64(0.05)
6.3630 	EXP 	text: height = np.float64(0.05)
6.3630 	EXP 	text: height = np.float64(0.05)
6.3630 	EXP 	text: text = 'Which one are you going to buy?'
6.3637 	EXP 	eyetracker.setRecordingState(False)
6.3699 	EXP 	text: height = np.float64(0.05)
6.3699 	EXP 	text: height = np.float64(0.05)
6.3699 	EXP 	text: height = np.float64(0.05)
6.3699 	EXP 	text: text = 'Which one are you going to buy?'
6.3703 	EXP 	eyetracker.setRecordingState(False)
6.3770 	EXP 	text: height = np.float64(0.05)
6.3770 	EXP 	text: height = np.float64(0.05)
6.3770 	EXP 	text: height = np.float64(0.05)
6.3770 	EXP 	text: text = 'Which one are you going to buy?'
6.3774 	EXP 	eyetracker.setRecordingState(False)
6.3838 	EXP 	text: height = np.float64(0.05)
6.3838 	EXP 	text: height = np.float64(0.05)
6.3838 	EXP 	text: height = np.float64(0.05)
6.3838 	EXP 	text: text = 'Which one are you going to buy?'
6.3843 	EXP 	eyetracker.setRecordingState(False)
6.3908 	EXP 	text: height = np.float64(0.05)
6.3908 	EXP 	text: height = np.float64(0.05)
6.3908 	EXP 	text: height = np.float64(0.05)
6.3908 	EXP 	text: text = 'Which one are you going to buy?'
6.3914 	EXP 	eyetracker.setRecordingState(False)
6.3978 	EXP 	text: height = np.float64(0.05)
6.3978 	EXP 	text: height = np.float64(0.05)
6.3978 	EXP 	text: height = np.float64(0.05)
6.3978 	EXP 	text: text = 'Which one are you going to buy?'
6.3982 	EXP 	eyetracker.setRecordingState(False)
6.4046 	EXP 	text: height = np.float64(0.05)
6.4046 	EXP 	text: height = np.float64(0.05)
6.4046 	EXP 	text: height = np.float64(0.05)
6.4046 	EXP 	text: text = 'Which one are you going to buy?'
6.4051 	EXP 	eyetracker.setRecordingState(False)
6.4116 	EXP 	text: height = np.float64(0.05)
6.4116 	EXP 	text: height = np.float64(0.05)
6.4116 	EXP 	text: height = np.float64(0.05)
6.4116 	EXP 	text: text = 'Which one are you going to buy?'
6.4121 	EXP 	eyetracker.setRecordingState(False)
6.4186 	EXP 	text: height = np.float64(0.05)
6.4186 	EXP 	text: height = np.float64(0.05)
6.4186 	EXP 	text: height = np.float64(0.05)
6.4186 	EXP 	text: text = 'Which one are you going to buy?'
6.4191 	EXP 	eyetracker.setRecordingState(False)
6.4254 	EXP 	text: height = np.float64(0.05)
6.4254 	EXP 	text: height = np.float64(0.05)
6.4254 	EXP 	text: height = np.float64(0.05)
6.4254 	EXP 	text: text = 'Which one are you going to buy?'
6.4260 	EXP 	eyetracker.setRecordingState(False)
6.4326 	EXP 	text: height = np.float64(0.05)
6.4326 	EXP 	text: height = np.float64(0.05)
6.4326 	EXP 	text: height = np.float64(0.05)
6.4326 	EXP 	text: text = 'Which one are you going to buy?'
6.4332 	EXP 	eyetracker.setRecordingState(False)
6.4399 	EXP 	text: height = np.float64(0.05)
6.4399 	EXP 	text: height = np.float64(0.05)
6.4399 	EXP 	text: height = np.float64(0.05)
6.4399 	EXP 	text: text = 'Which one are you going to buy?'
6.4403 	EXP 	eyetracker.setRecordingState(False)
6.4466 	EXP 	text: height = np.float64(0.05)
6.4466 	EXP 	text: height = np.float64(0.05)
6.4466 	EXP 	text: height = np.float64(0.05)
6.4466 	EXP 	text: text = 'Which one are you going to buy?'
6.4470 	EXP 	eyetracker.setRecordingState(False)
6.4533 	EXP 	text: height = np.float64(0.05)
6.4533 	EXP 	text: height = np.float64(0.05)
6.4533 	EXP 	text: height = np.float64(0.05)
6.4533 	EXP 	text: text = 'Which one are you going to buy?'
6.4537 	EXP 	eyetracker.setRecordingState(False)
6.4602 	EXP 	text: height = np.float64(0.05)
6.4602 	EXP 	text: height = np.float64(0.05)
6.4602 	EXP 	text: height = np.float64(0.05)
6.4602 	EXP 	text: text = 'Which one are you going to buy?'
6.4606 	EXP 	eyetracker.setRecordingState(False)
6.4671 	EXP 	text: height = np.float64(0.05)
6.4671 	EXP 	text: height = np.float64(0.05)
6.4671 	EXP 	text: height = np.float64(0.05)
6.4671 	EXP 	text: text = 'Which one are you going to buy?'
6.4675 	EXP 	eyetracker.setRecordingState(False)
6.4741 	EXP 	text: height = np.float64(0.05)
6.4741 	EXP 	text: height = np.float64(0.05)
6.4741 	EXP 	text: height = np.float64(0.05)
6.4741 	EXP 	text: text = 'Which one are you going to buy?'
6.4745 	EXP 	eyetracker.setRecordingState(False)
6.4811 	EXP 	text: height = np.float64(0.05)
6.4811 	EXP 	text: height = np.float64(0.05)
6.4811 	EXP 	text: height = np.float64(0.05)
6.4811 	EXP 	text: text = 'Which one are you going to buy?'
6.4815 	EXP 	eyetracker.setRecordingState(False)
6.4879 	EXP 	text: height = np.float64(0.05)
6.4879 	EXP 	text: height = np.float64(0.05)
6.4879 	EXP 	text: height = np.float64(0.05)
6.4879 	EXP 	text: text = 'Which one are you going to buy?'
6.4883 	EXP 	eyetracker.setRecordingState(False)
6.4949 	EXP 	text: height = np.float64(0.05)
6.4949 	EXP 	text: height = np.float64(0.05)
6.4949 	EXP 	text: height = np.float64(0.05)
6.4949 	EXP 	text: text = 'Which one are you going to buy?'
6.4954 	EXP 	eyetracker.setRecordingState(False)
6.5019 	EXP 	text: height = np.float64(0.05)
6.5019 	EXP 	text: height = np.float64(0.05)
6.5019 	EXP 	text: height = np.float64(0.05)
6.5019 	EXP 	text: text = 'Which one are you going to buy?'
6.5023 	EXP 	eyetracker.setRecordingState(False)
6.5088 	EXP 	text: height = np.float64(0.05)
6.5088 	EXP 	text: height = np.float64(0.05)
6.5088 	EXP 	text: height = np.float64(0.05)
6.5088 	EXP 	text: text = 'Which one are you going to buy?'
6.5092 	EXP 	eyetracker.setRecordingState(False)
6.5157 	EXP 	text: height = np.float64(0.05)
6.5157 	EXP 	text: height = np.float64(0.05)
6.5157 	EXP 	text: height = np.float64(0.05)
6.5157 	EXP 	text: text = 'Which one are you going to buy?'
6.5162 	EXP 	eyetracker.setRecordingState(False)
6.5228 	EXP 	text: height = np.float64(0.05)
6.5228 	EXP 	text: height = np.float64(0.05)
6.5228 	EXP 	text: height = np.float64(0.05)
6.5228 	EXP 	text: text = 'Which one are you going to buy?'
6.5232 	EXP 	eyetracker.setRecordingState(False)
6.5298 	EXP 	text: height = np.float64(0.05)
6.5298 	EXP 	text: height = np.float64(0.05)
6.5298 	EXP 	text: height = np.float64(0.05)
6.5298 	EXP 	text: text = 'Which one are you going to buy?'
6.5305 	EXP 	eyetracker.setRecordingState(False)
6.5366 	EXP 	text: height = np.float64(0.05)
6.5366 	EXP 	text: height = np.float64(0.05)
6.5366 	EXP 	text: height = np.float64(0.05)
6.5366 	EXP 	text: text = 'Which one are you going to buy?'
6.5372 	EXP 	eyetracker.setRecordingState(False)
6.5438 	EXP 	text: height = np.float64(0.05)
6.5438 	EXP 	text: height = np.float64(0.05)
6.5438 	EXP 	text: height = np.float64(0.05)
6.5438 	EXP 	text: text = 'Which one are you going to buy?'
6.5443 	EXP 	eyetracker.setRecordingState(False)
6.5505 	EXP 	text: height = np.float64(0.05)
6.5505 	EXP 	text: height = np.float64(0.05)
6.5505 	EXP 	text: height = np.float64(0.05)
6.5505 	EXP 	text: text = 'Which one are you going to buy?'
6.5511 	EXP 	eyetracker.setRecordingState(False)
6.5583 	EXP 	text: height = np.float64(0.05)
6.5583 	EXP 	text: height = np.float64(0.05)
6.5583 	EXP 	text: height = np.float64(0.05)
6.5583 	EXP 	text: text = 'Which one are you going to buy?'
6.5591 	EXP 	eyetracker.setRecordingState(False)
6.5672 	EXP 	text: height = np.float64(0.05)
6.5672 	EXP 	text: height = np.float64(0.05)
6.5672 	EXP 	text: height = np.float64(0.05)
6.5672 	EXP 	text: text = 'Which one are you going to buy?'
6.5677 	EXP 	eyetracker.setRecordingState(False)
6.5743 	EXP 	text: height = np.float64(0.05)
6.5743 	EXP 	text: height = np.float64(0.05)
6.5743 	EXP 	text: height = np.float64(0.05)
6.5743 	EXP 	text: text = 'Which one are you going to buy?'
6.5750 	EXP 	eyetracker.setRecordingState(False)
6.5830 	EXP 	text: height = np.float64(0.05)
6.5830 	EXP 	text: height = np.float64(0.05)
6.5830 	EXP 	text: height = np.float64(0.05)
6.5830 	EXP 	text: text = 'Which one are you going to buy?'
6.5838 	EXP 	eyetracker.setRecordingState(False)
6.5914 	EXP 	text: height = np.float64(0.05)
6.5914 	EXP 	text: height = np.float64(0.05)
6.5914 	EXP 	text: height = np.float64(0.05)
6.5914 	EXP 	text: text = 'Which one are you going to buy?'
6.5922 	EXP 	eyetracker.setRecordingState(False)
6.6005 	EXP 	text: height = np.float64(0.05)
6.6005 	EXP 	text: height = np.float64(0.05)
6.6005 	EXP 	text: height = np.float64(0.05)
6.6005 	EXP 	text: text = 'Which one are you going to buy?'
6.6012 	EXP 	eyetracker.setRecordingState(False)
6.6094 	EXP 	text: height = np.float64(0.05)
6.6094 	EXP 	text: height = np.float64(0.05)
6.6094 	EXP 	text: height = np.float64(0.05)
6.6094 	EXP 	text: text = 'Which one are you going to buy?'
6.6100 	EXP 	eyetracker.setRecordingState(False)
6.6168 	EXP 	text: height = np.float64(0.05)
6.6168 	EXP 	text: height = np.float64(0.05)
6.6168 	EXP 	text: height = np.float64(0.05)
6.6168 	EXP 	text: text = 'Which one are you going to buy?'
6.6173 	EXP 	eyetracker.setRecordingState(False)
6.6251 	EXP 	text: height = np.float64(0.05)
6.6251 	EXP 	text: height = np.float64(0.05)
6.6251 	EXP 	text: height = np.float64(0.05)
6.6251 	EXP 	text: text = 'Which one are you going to buy?'
6.6256 	EXP 	eyetracker.setRecordingState(False)
6.6314 	EXP 	text: height = np.float64(0.05)
6.6314 	EXP 	text: height = np.float64(0.05)
6.6314 	EXP 	text: height = np.float64(0.05)
6.6314 	EXP 	text: text = 'Which one are you going to buy?'
6.6320 	EXP 	eyetracker.setRecordingState(False)
6.6378 	EXP 	text: height = np.float64(0.05)
6.6378 	EXP 	text: height = np.float64(0.05)
6.6378 	EXP 	text: height = np.float64(0.05)
6.6378 	EXP 	text: text = 'Which one are you going to buy?'
6.6383 	EXP 	eyetracker.setRecordingState(False)
6.6445 	EXP 	text: height = np.float64(0.05)
6.6445 	EXP 	text: height = np.float64(0.05)
6.6445 	EXP 	text: height = np.float64(0.05)
6.6445 	EXP 	text: text = 'Which one are you going to buy?'
6.6450 	EXP 	eyetracker.setRecordingState(False)
6.6537 	EXP 	text: height = np.float64(0.05)
6.6537 	EXP 	text: height = np.float64(0.05)
6.6537 	EXP 	text: height = np.float64(0.05)
6.6537 	EXP 	text: text = 'Which one are you going to buy?'
6.6543 	EXP 	eyetracker.setRecordingState(False)
6.6629 	EXP 	text: height = np.float64(0.05)
6.6629 	EXP 	text: height = np.float64(0.05)
6.6629 	EXP 	text: height = np.float64(0.05)
6.6629 	EXP 	text: text = 'Which one are you going to buy?'
6.6636 	EXP 	eyetracker.setRecordingState(False)
6.6712 	EXP 	text: height = np.float64(0.05)
6.6712 	EXP 	text: height = np.float64(0.05)
6.6712 	EXP 	text: height = np.float64(0.05)
6.6712 	EXP 	text: text = 'Which one are you going to buy?'
6.6718 	EXP 	eyetracker.setRecordingState(False)
6.6789 	EXP 	text: height = np.float64(0.05)
6.6789 	EXP 	text: height = np.float64(0.05)
6.6789 	EXP 	text: height = np.float64(0.05)
6.6789 	EXP 	text: text = 'Which one are you going to buy?'
6.6795 	EXP 	eyetracker.setRecordingState(False)
6.6868 	EXP 	text: height = np.float64(0.05)
6.6868 	EXP 	text: height = np.float64(0.05)
6.6868 	EXP 	text: height = np.float64(0.05)
6.6868 	EXP 	text: text = 'Which one are you going to buy?'
6.6873 	EXP 	eyetracker.setRecordingState(False)
6.6938 	EXP 	text: height = np.float64(0.05)
6.6938 	EXP 	text: height = np.float64(0.05)
6.6938 	EXP 	text: height = np.float64(0.05)
6.6938 	EXP 	text: text = 'Which one are you going to buy?'
6.6943 	EXP 	eyetracker.setRecordingState(False)
6.7013 	EXP 	text: height = np.float64(0.05)
6.7013 	EXP 	text: height = np.float64(0.05)
6.7013 	EXP 	text: height = np.float64(0.05)
6.7013 	EXP 	text: text = 'Which one are you going to buy?'
6.7019 	EXP 	eyetracker.setRecordingState(False)
6.7103 	EXP 	text: height = np.float64(0.05)
6.7103 	EXP 	text: height = np.float64(0.05)
6.7103 	EXP 	text: height = np.float64(0.05)
6.7103 	EXP 	text: text = 'Which one are you going to buy?'
6.7113 	EXP 	eyetracker.setRecordingState(False)
6.7203 	EXP 	text: height = np.float64(0.05)
6.7203 	EXP 	text: height = np.float64(0.05)
6.7203 	EXP 	text: height = np.float64(0.05)
6.7203 	EXP 	text: text = 'Which one are you going to buy?'
6.7213 	EXP 	eyetracker.setRecordingState(False)
6.7325 	EXP 	text: height = np.float64(0.05)
6.7325 	EXP 	text: height = np.float64(0.05)
6.7325 	EXP 	text: height = np.float64(0.05)
6.7325 	EXP 	text: text = 'Which one are you going to buy?'
6.7334 	EXP 	eyetracker.setRecordingState(False)
6.7456 	EXP 	text: height = np.float64(0.05)
6.7456 	EXP 	text: height = np.float64(0.05)
6.7456 	EXP 	text: height = np.float64(0.05)
6.7456 	EXP 	text: text = 'Which one are you going to buy?'
6.7466 	EXP 	eyetracker.setRecordingState(False)
6.7581 	EXP 	text: height = np.float64(0.05)
6.7581 	EXP 	text: height = np.float64(0.05)
6.7581 	EXP 	text: height = np.float64(0.05)
6.7581 	EXP 	text: text = 'Which one are you going to buy?'
6.7590 	EXP 	eyetracker.setRecordingState(False)
6.7677 	EXP 	text: height = np.float64(0.05)
6.7677 	EXP 	text: height = np.float64(0.05)
6.7677 	EXP 	text: height = np.float64(0.05)
6.7677 	EXP 	text: text = 'Which one are you going to buy?'
6.7684 	EXP 	eyetracker.setRecordingState(False)
6.7763 	EXP 	text: height = np.float64(0.05)
6.7763 	EXP 	text: height = np.float64(0.05)
6.7763 	EXP 	text: height = np.float64(0.05)
6.7763 	EXP 	text: text = 'Which one are you going to buy?'
6.7770 	EXP 	eyetracker.setRecordingState(False)
6.7880 	EXP 	text: height = np.float64(0.05)
6.7880 	EXP 	text: height = np.float64(0.05)
6.7880 	EXP 	text: height = np.float64(0.05)
6.7880 	EXP 	text: text = 'Which one are you going to buy?'
6.7892 	EXP 	eyetracker.setRecordingState(False)
6.8054 	EXP 	text: height = np.float64(0.05)
6.8054 	EXP 	text: height = np.float64(0.05)
6.8054 	EXP 	text: height = np.float64(0.05)
6.8054 	EXP 	text: text = 'Which one are you going to buy?'
6.8065 	EXP 	eyetracker.setRecordingState(False)
6.8194 	EXP 	text: height = np.float64(0.05)
6.8194 	EXP 	text: height = np.float64(0.05)
6.8194 	EXP 	text: height = np.float64(0.05)
6.8194 	EXP 	text: text = 'Which one are you going to buy?'
6.8211 	EXP 	eyetracker.setRecordingState(False)
6.8423 	EXP 	text: height = np.float64(0.05)
6.8423 	EXP 	text: height = np.float64(0.05)
6.8423 	EXP 	text: height = np.float64(0.05)
6.8423 	EXP 	text: text = 'Which one are you going to buy?'
6.8432 	EXP 	eyetracker.setRecordingState(False)
6.8613 	EXP 	text: height = np.float64(0.05)
6.8613 	EXP 	text: height = np.float64(0.05)
6.8613 	EXP 	text: height = np.float64(0.05)
6.8613 	EXP 	text: text = 'Which one are you going to buy?'
6.8623 	EXP 	eyetracker.setRecordingState(False)
6.8806 	EXP 	text: height = np.float64(0.05)
6.8806 	EXP 	text: height = np.float64(0.05)
6.8806 	EXP 	text: height = np.float64(0.05)
6.8806 	EXP 	text: text = 'Which one are you going to buy?'
6.8816 	EXP 	eyetracker.setRecordingState(False)
6.8905 	EXP 	text: height = np.float64(0.05)
6.8905 	EXP 	text: height = np.float64(0.05)
6.8905 	EXP 	text: height = np.float64(0.05)
6.8905 	EXP 	text: text = 'Which one are you going to buy?'
6.8909 	EXP 	eyetracker.setRecordingState(False)
6.9005 	EXP 	text: height = np.float64(0.05)
6.9005 	EXP 	text: height = np.float64(0.05)
6.9005 	EXP 	text: height = np.float64(0.05)
6.9005 	EXP 	text: text = 'Which one are you going to buy?'
6.9016 	EXP 	eyetracker.setRecordingState(False)
6.9103 	EXP 	text: height = np.float64(0.05)
6.9103 	EXP 	text: height = np.float64(0.05)
6.9103 	EXP 	text: height = np.float64(0.05)
6.9103 	EXP 	text: text = 'Which one are you going to buy?'
6.9108 	EXP 	eyetracker.setRecordingState(False)
6.9174 	EXP 	text: height = np.float64(0.05)
6.9174 	EXP 	text: height = np.float64(0.05)
6.9174 	EXP 	text: height = np.float64(0.05)
6.9174 	EXP 	text: text = 'Which one are you going to buy?'
6.9179 	EXP 	eyetracker.setRecordingState(False)
6.9400 	EXP 	text: height = np.float64(0.05)
6.9400 	EXP 	text: height = np.float64(0.05)
6.9400 	EXP 	text: height = np.float64(0.05)
6.9400 	EXP 	text: text = 'Which one are you going to buy?'
6.9407 	EXP 	eyetracker.setRecordingState(False)
6.9507 	EXP 	text: height = np.float64(0.05)
6.9507 	EXP 	text: height = np.float64(0.05)
6.9507 	EXP 	text: height = np.float64(0.05)
6.9507 	EXP 	text: text = 'Which one are you going to buy?'
6.9516 	EXP 	eyetracker.setRecordingState(False)
6.9636 	EXP 	text: height = np.float64(0.05)
6.9636 	EXP 	text: height = np.float64(0.05)
6.9636 	EXP 	text: height = np.float64(0.05)
6.9636 	EXP 	text: text = 'Which one are you going to buy?'
6.9654 	EXP 	eyetracker.setRecordingState(False)
6.9822 	EXP 	text: height = np.float64(0.05)
6.9822 	EXP 	text: height = np.float64(0.05)
6.9822 	EXP 	text: height = np.float64(0.05)
6.9822 	EXP 	text: text = 'Which one are you going to buy?'
6.9828 	EXP 	eyetracker.setRecordingState(False)
6.9890 	EXP 	text: height = np.float64(0.05)
6.9890 	EXP 	text: height = np.float64(0.05)
6.9890 	EXP 	text: height = np.float64(0.05)
6.9890 	EXP 	text: text = 'Which one are you going to buy?'
6.9894 	EXP 	eyetracker.setRecordingState(False)
6.9954 	EXP 	text: height = np.float64(0.05)
6.9954 	EXP 	text: height = np.float64(0.05)
6.9954 	EXP 	text: height = np.float64(0.05)
6.9954 	EXP 	text: text = 'Which one are you going to buy?'
6.9960 	EXP 	eyetracker.setRecordingState(False)
7.0021 	EXP 	text: height = np.float64(0.05)
7.0021 	EXP 	text: height = np.float64(0.05)
7.0021 	EXP 	text: height = np.float64(0.05)
7.0021 	EXP 	text: text = 'Which one are you going to buy?'
7.0027 	EXP 	eyetracker.setRecordingState(False)
7.0088 	EXP 	text: height = np.float64(0.05)
7.0088 	EXP 	text: height = np.float64(0.05)
7.0088 	EXP 	text: height = np.float64(0.05)
7.0088 	EXP 	text: text = 'Which one are you going to buy?'
7.0092 	EXP 	eyetracker.setRecordingState(False)
7.0158 	EXP 	text: height = np.float64(0.05)
7.0158 	EXP 	text: height = np.float64(0.05)
7.0158 	EXP 	text: height = np.float64(0.05)
7.0158 	EXP 	text: text = 'Which one are you going to buy?'
7.0162 	EXP 	eyetracker.setRecordingState(False)
7.0242 	EXP 	text: height = np.float64(0.05)
7.0242 	EXP 	text: height = np.float64(0.05)
7.0242 	EXP 	text: height = np.float64(0.05)
7.0242 	EXP 	text: text = 'Which one are you going to buy?'
7.0250 	EXP 	eyetracker.setRecordingState(False)
7.0344 	EXP 	text: height = np.float64(0.05)
7.0344 	EXP 	text: height = np.float64(0.05)
7.0344 	EXP 	text: height = np.float64(0.05)
7.0344 	EXP 	text: text = 'Which one are you going to buy?'
7.0353 	EXP 	eyetracker.setRecordingState(False)
7.0468 	EXP 	text: height = np.float64(0.05)
7.0468 	EXP 	text: height = np.float64(0.05)
7.0468 	EXP 	text: height = np.float64(0.05)
7.0468 	EXP 	text: text = 'Which one are you going to buy?'
7.0479 	EXP 	eyetracker.setRecordingState(False)
7.0603 	EXP 	text: height = np.float64(0.05)
7.0603 	EXP 	text: height = np.float64(0.05)
7.0603 	EXP 	text: height = np.float64(0.05)
7.0603 	EXP 	text: text = 'Which one are you going to buy?'
7.0612 	EXP 	eyetracker.setRecordingState(False)
7.0720 	EXP 	text: height = np.float64(0.05)
7.0720 	EXP 	text: height = np.float64(0.05)
7.0720 	EXP 	text: height = np.float64(0.05)
7.0720 	EXP 	text: text = 'Which one are you going to buy?'
7.0732 	EXP 	eyetracker.setRecordingState(False)
7.0832 	EXP 	text: height = np.float64(0.05)
7.0832 	EXP 	text: height = np.float64(0.05)
7.0832 	EXP 	text: height = np.float64(0.05)
7.0832 	EXP 	text: text = 'Which one are you going to buy?'
7.0838 	EXP 	eyetracker.setRecordingState(False)
7.0902 	EXP 	text: height = np.float64(0.05)
7.0902 	EXP 	text: height = np.float64(0.05)
7.0902 	EXP 	text: height = np.float64(0.05)
7.0902 	EXP 	text: text = 'Which one are you going to buy?'
7.0906 	EXP 	eyetracker.setRecordingState(False)
7.0963 	EXP 	text: height = np.float64(0.05)
7.0963 	EXP 	text: height = np.float64(0.05)
7.0963 	EXP 	text: height = np.float64(0.05)
7.0963 	EXP 	text: text = 'Which one are you going to buy?'
7.0967 	EXP 	eyetracker.setRecordingState(False)
7.1024 	EXP 	text: height = np.float64(0.05)
7.1024 	EXP 	text: height = np.float64(0.05)
7.1024 	EXP 	text: height = np.float64(0.05)
7.1024 	EXP 	text: text = 'Which one are you going to buy?'
7.1028 	EXP 	eyetracker.setRecordingState(False)
7.1088 	EXP 	text: height = np.float64(0.05)
7.1088 	EXP 	text: height = np.float64(0.05)
7.1088 	EXP 	text: height = np.float64(0.05)
7.1088 	EXP 	text: text = 'Which one are you going to buy?'
7.1092 	EXP 	eyetracker.setRecordingState(False)
7.1148 	EXP 	text: height = np.float64(0.05)
7.1148 	EXP 	text: height = np.float64(0.05)
7.1148 	EXP 	text: height = np.float64(0.05)
7.1148 	EXP 	text: text = 'Which one are you going to buy?'
7.1152 	EXP 	eyetracker.setRecordingState(False)
7.1210 	EXP 	text: height = np.float64(0.05)
7.1210 	EXP 	text: height = np.float64(0.05)
7.1210 	EXP 	text: height = np.float64(0.05)
7.1210 	EXP 	text: text = 'Which one are you going to buy?'
7.1214 	EXP 	eyetracker.setRecordingState(False)
7.1274 	EXP 	text: height = np.float64(0.05)
7.1274 	EXP 	text: height = np.float64(0.05)
7.1274 	EXP 	text: height = np.float64(0.05)
7.1274 	EXP 	text: text = 'Which one are you going to buy?'
7.1278 	EXP 	eyetracker.setRecordingState(False)
7.1339 	EXP 	text: height = np.float64(0.05)
7.1339 	EXP 	text: height = np.float64(0.05)
7.1339 	EXP 	text: height = np.float64(0.05)
7.1339 	EXP 	text: text = 'Which one are you going to buy?'
7.1343 	EXP 	eyetracker.setRecordingState(False)
7.1408 	EXP 	text: height = np.float64(0.05)
7.1408 	EXP 	text: height = np.float64(0.05)
7.1408 	EXP 	text: height = np.float64(0.05)
7.1408 	EXP 	text: text = 'Which one are you going to buy?'
7.1412 	EXP 	eyetracker.setRecordingState(False)
7.1478 	EXP 	text: height = np.float64(0.05)
7.1478 	EXP 	text: height = np.float64(0.05)
7.1478 	EXP 	text: height = np.float64(0.05)
7.1478 	EXP 	text: text = 'Which one are you going to buy?'
7.1484 	EXP 	eyetracker.setRecordingState(False)
7.1548 	EXP 	text: height = np.float64(0.05)
7.1548 	EXP 	text: height = np.float64(0.05)
7.1548 	EXP 	text: height = np.float64(0.05)
7.1548 	EXP 	text: text = 'Which one are you going to buy?'
7.1555 	EXP 	eyetracker.setRecordingState(False)
7.1637 	EXP 	text: height = np.float64(0.05)
7.1637 	EXP 	text: height = np.float64(0.05)
7.1637 	EXP 	text: height = np.float64(0.05)
7.1637 	EXP 	text: text = 'Which one are you going to buy?'
7.1646 	EXP 	eyetracker.setRecordingState(False)
7.1739 	EXP 	text: height = np.float64(0.05)
7.1739 	EXP 	text: height = np.float64(0.05)
7.1739 	EXP 	text: height = np.float64(0.05)
7.1739 	EXP 	text: text = 'Which one are you going to buy?'
7.1747 	EXP 	eyetracker.setRecordingState(False)
7.1830 	EXP 	text: height = np.float64(0.05)
7.1830 	EXP 	text: height = np.float64(0.05)
7.1830 	EXP 	text: height = np.float64(0.05)
7.1830 	EXP 	text: text = 'Which one are you going to buy?'
7.1839 	EXP 	eyetracker.setRecordingState(False)
7.1929 	EXP 	text: height = np.float64(0.05)
7.1929 	EXP 	text: height = np.float64(0.05)
7.1929 	EXP 	text: height = np.float64(0.05)
7.1929 	EXP 	text: text = 'Which one are you going to buy?'
7.1939 	EXP 	eyetracker.setRecordingState(False)
7.2047 	EXP 	text: height = np.float64(0.05)
7.2047 	EXP 	text: height = np.float64(0.05)
7.2047 	EXP 	text: height = np.float64(0.05)
7.2047 	EXP 	text: text = 'Which one are you going to buy?'
7.2056 	EXP 	eyetracker.setRecordingState(False)
7.2182 	EXP 	text: height = np.float64(0.05)
7.2182 	EXP 	text: height = np.float64(0.05)
7.2182 	EXP 	text: height = np.float64(0.05)
7.2182 	EXP 	text: text = 'Which one are you going to buy?'
7.2198 	EXP 	eyetracker.setRecordingState(False)
7.2354 	EXP 	text: height = np.float64(0.05)
7.2354 	EXP 	text: height = np.float64(0.05)
7.2354 	EXP 	text: height = np.float64(0.05)
7.2354 	EXP 	text: text = 'Which one are you going to buy?'
7.2372 	EXP 	eyetracker.setRecordingState(False)
7.2522 	EXP 	text: height = np.float64(0.05)
7.2522 	EXP 	text: height = np.float64(0.05)
7.2522 	EXP 	text: height = np.float64(0.05)
7.2522 	EXP 	text: text = 'Which one are you going to buy?'
7.2536 	EXP 	eyetracker.setRecordingState(False)
7.2654 	EXP 	text: height = np.float64(0.05)
7.2654 	EXP 	text: height = np.float64(0.05)
7.2654 	EXP 	text: height = np.float64(0.05)
7.2654 	EXP 	text: text = 'Which one are you going to buy?'
7.2664 	EXP 	eyetracker.setRecordingState(False)
7.2807 	EXP 	text: height = np.float64(0.05)
7.2807 	EXP 	text: height = np.float64(0.05)
7.2807 	EXP 	text: height = np.float64(0.05)
7.2807 	EXP 	text: text = 'Which one are you going to buy?'
7.2831 	EXP 	eyetracker.setRecordingState(False)
7.3022 	EXP 	text: height = np.float64(0.05)
7.3022 	EXP 	text: height = np.float64(0.05)
7.3022 	EXP 	text: height = np.float64(0.05)
7.3022 	EXP 	text: text = 'Which one are you going to buy?'
7.3037 	EXP 	eyetracker.setRecordingState(False)
7.3188 	EXP 	text: height = np.float64(0.05)
7.3188 	EXP 	text: height = np.float64(0.05)
7.3188 	EXP 	text: height = np.float64(0.05)
7.3188 	EXP 	text: text = 'Which one are you going to buy?'
7.3201 	EXP 	eyetracker.setRecordingState(False)
7.3329 	EXP 	text: height = np.float64(0.05)
7.3329 	EXP 	text: height = np.float64(0.05)
7.3329 	EXP 	text: height = np.float64(0.05)
7.3329 	EXP 	text: text = 'Which one are you going to buy?'
7.3347 	EXP 	eyetracker.setRecordingState(False)
7.3517 	EXP 	text: height = np.float64(0.05)
7.3517 	EXP 	text: height = np.float64(0.05)
7.3517 	EXP 	text: height = np.float64(0.05)
7.3517 	EXP 	text: text = 'Which one are you going to buy?'
7.3534 	EXP 	eyetracker.setRecordingState(False)
7.3681 	EXP 	text: height = np.float64(0.05)
7.3681 	EXP 	text: height = np.float64(0.05)
7.3681 	EXP 	text: height = np.float64(0.05)
7.3681 	EXP 	text: text = 'Which one are you going to buy?'
7.3692 	EXP 	eyetracker.setRecordingState(False)
7.3806 	EXP 	text: height = np.float64(0.05)
7.3806 	EXP 	text: height = np.float64(0.05)
7.3806 	EXP 	text: height = np.float64(0.05)
7.3806 	EXP 	text: text = 'Which one are you going to buy?'
7.3821 	EXP 	eyetracker.setRecordingState(False)
7.3929 	EXP 	text: height = np.float64(0.05)
7.3929 	EXP 	text: height = np.float64(0.05)
7.3929 	EXP 	text: height = np.float64(0.05)
7.3929 	EXP 	text: text = 'Which one are you going to buy?'
7.3938 	EXP 	eyetracker.setRecordingState(False)
7.4034 	EXP 	text: height = np.float64(0.05)
7.4034 	EXP 	text: height = np.float64(0.05)
7.4034 	EXP 	text: height = np.float64(0.05)
7.4034 	EXP 	text: text = 'Which one are you going to buy?'
7.4044 	EXP 	eyetracker.setRecordingState(False)
7.4127 	EXP 	text: height = np.float64(0.05)
7.4127 	EXP 	text: height = np.float64(0.05)
7.4127 	EXP 	text: height = np.float64(0.05)
7.4127 	EXP 	text: text = 'Which one are you going to buy?'
7.4135 	EXP 	eyetracker.setRecordingState(False)
7.4222 	EXP 	text: height = np.float64(0.05)
7.4222 	EXP 	text: height = np.float64(0.05)
7.4222 	EXP 	text: height = np.float64(0.05)
7.4222 	EXP 	text: text = 'Which one are you going to buy?'
7.4234 	EXP 	eyetracker.setRecordingState(False)
7.4375 	EXP 	text: height = np.float64(0.05)
7.4375 	EXP 	text: height = np.float64(0.05)
7.4375 	EXP 	text: height = np.float64(0.05)
7.4375 	EXP 	text: text = 'Which one are you going to buy?'
7.4396 	EXP 	eyetracker.setRecordingState(False)
7.4579 	EXP 	text: height = np.float64(0.05)
7.4579 	EXP 	text: height = np.float64(0.05)
7.4579 	EXP 	text: height = np.float64(0.05)
7.4579 	EXP 	text: text = 'Which one are you going to buy?'
7.4611 	EXP 	eyetracker.setRecordingState(False)
7.4800 	EXP 	text: height = np.float64(0.05)
7.4800 	EXP 	text: height = np.float64(0.05)
7.4800 	EXP 	text: height = np.float64(0.05)
7.4800 	EXP 	text: text = 'Which one are you going to buy?'
7.4815 	EXP 	eyetracker.setRecordingState(False)
7.4970 	EXP 	text: height = np.float64(0.05)
7.4970 	EXP 	text: height = np.float64(0.05)
7.4970 	EXP 	text: height = np.float64(0.05)
7.4970 	EXP 	text: text = 'Which one are you going to buy?'
7.4981 	EXP 	eyetracker.setRecordingState(False)
7.5105 	EXP 	text: height = np.float64(0.05)
7.5105 	EXP 	text: height = np.float64(0.05)
7.5105 	EXP 	text: height = np.float64(0.05)
7.5105 	EXP 	text: text = 'Which one are you going to buy?'
7.5121 	EXP 	eyetracker.setRecordingState(False)
7.5292 	EXP 	text: height = np.float64(0.05)
7.5292 	EXP 	text: height = np.float64(0.05)
7.5292 	EXP 	text: height = np.float64(0.05)
7.5292 	EXP 	text: text = 'Which one are you going to buy?'
7.5309 	EXP 	eyetracker.setRecordingState(False)
7.5477 	EXP 	text: height = np.float64(0.05)
7.5477 	EXP 	text: height = np.float64(0.05)
7.5477 	EXP 	text: height = np.float64(0.05)
7.5477 	EXP 	text: text = 'Which one are you going to buy?'
7.5508 	EXP 	eyetracker.setRecordingState(False)
7.5720 	EXP 	text: height = np.float64(0.05)
7.5720 	EXP 	text: height = np.float64(0.05)
7.5720 	EXP 	text: height = np.float64(0.05)
7.5720 	EXP 	text: text = 'Which one are you going to buy?'
7.5740 	EXP 	eyetracker.setRecordingState(False)
7.5962 	EXP 	text: height = np.float64(0.05)
7.5962 	EXP 	text: height = np.float64(0.05)
7.5962 	EXP 	text: height = np.float64(0.05)
7.5962 	EXP 	text: text = 'Which one are you going to buy?'
7.5990 	EXP 	eyetracker.setRecordingState(False)
7.6212 	EXP 	text: height = np.float64(0.05)
7.6212 	EXP 	text: height = np.float64(0.05)
7.6212 	EXP 	text: height = np.float64(0.05)
7.6212 	EXP 	text: text = 'Which one are you going to buy?'
7.6236 	EXP 	eyetracker.setRecordingState(False)
7.6464 	EXP 	text: height = np.float64(0.05)
7.6464 	EXP 	text: height = np.float64(0.05)
7.6464 	EXP 	text: height = np.float64(0.05)
7.6464 	EXP 	text: text = 'Which one are you going to buy?'
7.6534 	EXP 	eyetracker.setRecordingState(False)
7.6698 	EXP 	text: height = np.float64(0.05)
7.6698 	EXP 	text: height = np.float64(0.05)
7.6698 	EXP 	text: height = np.float64(0.05)
7.6698 	EXP 	text: text = 'Which one are you going to buy?'
7.6713 	EXP 	eyetracker.setRecordingState(False)
7.6882 	EXP 	text: height = np.float64(0.05)
7.6882 	EXP 	text: height = np.float64(0.05)
7.6882 	EXP 	text: height = np.float64(0.05)
7.6882 	EXP 	text: text = 'Which one are you going to buy?'
7.6894 	EXP 	eyetracker.setRecordingState(False)
7.7062 	EXP 	text: height = np.float64(0.05)
7.7062 	EXP 	text: height = np.float64(0.05)
7.7062 	EXP 	text: height = np.float64(0.05)
7.7062 	EXP 	text: text = 'Which one are you going to buy?'
7.7098 	EXP 	eyetracker.setRecordingState(False)
7.7282 	EXP 	text: height = np.float64(0.05)
7.7282 	EXP 	text: height = np.float64(0.05)
7.7282 	EXP 	text: height = np.float64(0.05)
7.7282 	EXP 	text: text = 'Which one are you going to buy?'
7.7302 	EXP 	eyetracker.setRecordingState(False)
7.7451 	EXP 	text: height = np.float64(0.05)
7.7451 	EXP 	text: height = np.float64(0.05)
7.7451 	EXP 	text: height = np.float64(0.05)
7.7451 	EXP 	text: text = 'Which one are you going to buy?'
7.7462 	EXP 	eyetracker.setRecordingState(False)
7.7597 	EXP 	text: height = np.float64(0.05)
7.7597 	EXP 	text: height = np.float64(0.05)
7.7597 	EXP 	text: height = np.float64(0.05)
7.7597 	EXP 	text: text = 'Which one are you going to buy?'
7.7606 	EXP 	eyetracker.setRecordingState(False)
7.7716 	EXP 	text: height = np.float64(0.05)
7.7716 	EXP 	text: height = np.float64(0.05)
7.7716 	EXP 	text: height = np.float64(0.05)
7.7716 	EXP 	text: text = 'Which one are you going to buy?'
7.7746 	EXP 	eyetracker.setRecordingState(False)
7.7940 	EXP 	text: height = np.float64(0.05)
7.7940 	EXP 	text: height = np.float64(0.05)
7.7940 	EXP 	text: height = np.float64(0.05)
7.7940 	EXP 	text: text = 'Which one are you going to buy?'
7.7958 	EXP 	eyetracker.setRecordingState(False)
7.8163 	EXP 	text: height = np.float64(0.05)
7.8163 	EXP 	text: height = np.float64(0.05)
7.8163 	EXP 	text: height = np.float64(0.05)
7.8163 	EXP 	text: text = 'Which one are you going to buy?'
7.8182 	EXP 	eyetracker.setRecordingState(False)
7.8309 	EXP 	text: height = np.float64(0.05)
7.8309 	EXP 	text: height = np.float64(0.05)
7.8309 	EXP 	text: height = np.float64(0.05)
7.8309 	EXP 	text: text = 'Which one are you going to buy?'
7.8319 	EXP 	eyetracker.setRecordingState(False)
7.8486 	EXP 	text: height = np.float64(0.05)
7.8486 	EXP 	text: height = np.float64(0.05)
7.8486 	EXP 	text: height = np.float64(0.05)
7.8486 	EXP 	text: text = 'Which one are you going to buy?'
7.8577 	EXP 	eyetracker.setRecordingState(False)
7.8779 	EXP 	text: height = np.float64(0.05)
7.8779 	EXP 	text: height = np.float64(0.05)
7.8779 	EXP 	text: height = np.float64(0.05)
7.8779 	EXP 	text: text = 'Which one are you going to buy?'
7.8815 	EXP 	eyetracker.setRecordingState(False)
7.8988 	EXP 	text: height = np.float64(0.05)
7.8988 	EXP 	text: height = np.float64(0.05)
7.8988 	EXP 	text: height = np.float64(0.05)
7.8988 	EXP 	text: text = 'Which one are you going to buy?'
7.9000 	EXP 	eyetracker.setRecordingState(False)
7.9129 	EXP 	text: height = np.float64(0.05)
7.9129 	EXP 	text: height = np.float64(0.05)
7.9129 	EXP 	text: height = np.float64(0.05)
7.9129 	EXP 	text: text = 'Which one are you going to buy?'
7.9137 	EXP 	eyetracker.setRecordingState(False)
7.9231 	EXP 	text: height = np.float64(0.05)
7.9231 	EXP 	text: height = np.float64(0.05)
7.9231 	EXP 	text: height = np.float64(0.05)
7.9231 	EXP 	text: text = 'Which one are you going to buy?'
7.9244 	EXP 	eyetracker.setRecordingState(False)
7.9379 	EXP 	text: height = np.float64(0.05)
7.9379 	EXP 	text: height = np.float64(0.05)
7.9379 	EXP 	text: height = np.float64(0.05)
7.9379 	EXP 	text: text = 'Which one are you going to buy?'
7.9396 	EXP 	eyetracker.setRecordingState(False)
7.9568 	EXP 	text: height = np.float64(0.05)
7.9568 	EXP 	text: height = np.float64(0.05)
7.9568 	EXP 	text: height = np.float64(0.05)
7.9568 	EXP 	text: text = 'Which one are you going to buy?'
7.9585 	EXP 	eyetracker.setRecordingState(False)
7.9770 	EXP 	text: height = np.float64(0.05)
7.9770 	EXP 	text: height = np.float64(0.05)
7.9770 	EXP 	text: height = np.float64(0.05)
7.9770 	EXP 	text: text = 'Which one are you going to buy?'
7.9791 	EXP 	eyetracker.setRecordingState(False)
7.9941 	EXP 	text: height = np.float64(0.05)
7.9941 	EXP 	text: height = np.float64(0.05)
7.9941 	EXP 	text: height = np.float64(0.05)
7.9941 	EXP 	text: text = 'Which one are you going to buy?'
8.0047 	EXP 	eyetracker.setRecordingState(False)
8.0203 	EXP 	text: height = np.float64(0.05)
8.0203 	EXP 	text: height = np.float64(0.05)
8.0203 	EXP 	text: height = np.float64(0.05)
8.0203 	EXP 	text: text = 'Which one are you going to buy?'
8.0218 	EXP 	eyetracker.setRecordingState(False)
8.0287 	EXP 	text: height = np.float64(0.05)
8.0287 	EXP 	text: height = np.float64(0.05)
8.0287 	EXP 	text: height = np.float64(0.05)
8.0287 	EXP 	text: text = 'Which one are you going to buy?'
8.0310 	EXP 	eyetracker.setRecordingState(False)
8.0461 	EXP 	text: height = np.float64(0.05)
8.0461 	EXP 	text: height = np.float64(0.05)
8.0461 	EXP 	text: height = np.float64(0.05)
8.0461 	EXP 	text: text = 'Which one are you going to buy?'
8.0472 	EXP 	eyetracker.setRecordingState(False)
8.0593 	EXP 	text: height = np.float64(0.05)
8.0593 	EXP 	text: height = np.float64(0.05)
8.0593 	EXP 	text: height = np.float64(0.05)
8.0593 	EXP 	text: text = 'Which one are you going to buy?'
8.0604 	EXP 	eyetracker.setRecordingState(False)
8.0711 	EXP 	text: height = np.float64(0.05)
8.0711 	EXP 	text: height = np.float64(0.05)
8.0711 	EXP 	text: height = np.float64(0.05)
8.0711 	EXP 	text: text = 'Which one are you going to buy?'
8.0727 	EXP 	eyetracker.setRecordingState(False)
8.0859 	EXP 	text: height = np.float64(0.05)
8.0859 	EXP 	text: height = np.float64(0.05)
8.0859 	EXP 	text: height = np.float64(0.05)
8.0859 	EXP 	text: text = 'Which one are you going to buy?'
8.0879 	EXP 	eyetracker.setRecordingState(False)
8.0985 	EXP 	text: height = np.float64(0.05)
8.0985 	EXP 	text: height = np.float64(0.05)
8.0985 	EXP 	text: height = np.float64(0.05)
8.0985 	EXP 	text: text = 'Which one are you going to buy?'
8.1013 	EXP 	eyetracker.setRecordingState(False)
8.1125 	EXP 	text: height = np.float64(0.05)
8.1125 	EXP 	text: height = np.float64(0.05)
8.1125 	EXP 	text: height = np.float64(0.05)
8.1125 	EXP 	text: text = 'Which one are you going to buy?'
8.1149 	EXP 	eyetracker.setRecordingState(False)
8.1276 	EXP 	text: height = np.float64(0.05)
8.1276 	EXP 	text: height = np.float64(0.05)
8.1276 	EXP 	text: height = np.float64(0.05)
8.1276 	EXP 	text: text = 'Which one are you going to buy?'
8.1295 	EXP 	eyetracker.setRecordingState(False)
8.1428 	EXP 	text: height = np.float64(0.05)
8.1428 	EXP 	text: height = np.float64(0.05)
8.1428 	EXP 	text: height = np.float64(0.05)
8.1428 	EXP 	text: text = 'Which one are you going to buy?'
8.1445 	EXP 	eyetracker.setRecordingState(False)
8.1612 	EXP 	text: height = np.float64(0.05)
8.1612 	EXP 	text: height = np.float64(0.05)
8.1612 	EXP 	text: height = np.float64(0.05)
8.1612 	EXP 	text: text = 'Which one are you going to buy?'
8.1625 	EXP 	eyetracker.setRecordingState(False)
8.1738 	EXP 	text: height = np.float64(0.05)
8.1738 	EXP 	text: height = np.float64(0.05)
8.1738 	EXP 	text: height = np.float64(0.05)
8.1738 	EXP 	text: text = 'Which one are you going to buy?'
8.1748 	EXP 	eyetracker.setRecordingState(False)
8.1861 	EXP 	text: height = np.float64(0.05)
8.1861 	EXP 	text: height = np.float64(0.05)
8.1861 	EXP 	text: height = np.float64(0.05)
8.1861 	EXP 	text: text = 'Which one are you going to buy?'
8.1870 	EXP 	eyetracker.setRecordingState(False)
8.1968 	EXP 	text: height = np.float64(0.05)
8.1968 	EXP 	text: height = np.float64(0.05)
8.1968 	EXP 	text: height = np.float64(0.05)
8.1968 	EXP 	text: text = 'Which one are you going to buy?'
8.1981 	EXP 	eyetracker.setRecordingState(False)
8.2075 	EXP 	text: height = np.float64(0.05)
8.2075 	EXP 	text: height = np.float64(0.05)
8.2075 	EXP 	text: height = np.float64(0.05)
8.2075 	EXP 	text: text = 'Which one are you going to buy?'
8.2083 	EXP 	eyetracker.setRecordingState(False)
8.2173 	EXP 	text: height = np.float64(0.05)
8.2173 	EXP 	text: height = np.float64(0.05)
8.2173 	EXP 	text: height = np.float64(0.05)
8.2173 	EXP 	text: text = 'Which one are you going to buy?'
8.2179 	EXP 	eyetracker.setRecordingState(False)
8.2267 	EXP 	text: height = np.float64(0.05)
8.2267 	EXP 	text: height = np.float64(0.05)
8.2267 	EXP 	text: height = np.float64(0.05)
8.2267 	EXP 	text: text = 'Which one are you going to buy?'
8.2278 	EXP 	eyetracker.setRecordingState(False)
8.2401 	EXP 	text: height = np.float64(0.05)
8.2401 	EXP 	text: height = np.float64(0.05)
8.2401 	EXP 	text: height = np.float64(0.05)
8.2401 	EXP 	text: text = 'Which one are you going to buy?'
8.2411 	EXP 	eyetracker.setRecordingState(False)
8.2519 	EXP 	text: height = np.float64(0.05)
8.2519 	EXP 	text: height = np.float64(0.05)
8.2519 	EXP 	text: height = np.float64(0.05)
8.2519 	EXP 	text: text = 'Which one are you going to buy?'
8.2527 	EXP 	eyetracker.setRecordingState(False)
8.2633 	EXP 	text: height = np.float64(0.05)
8.2633 	EXP 	text: height = np.float64(0.05)
8.2633 	EXP 	text: height = np.float64(0.05)
8.2633 	EXP 	text: text = 'Which one are you going to buy?'
8.2650 	EXP 	eyetracker.setRecordingState(False)
8.2792 	EXP 	text: height = np.float64(0.05)
8.2792 	EXP 	text: height = np.float64(0.05)
8.2792 	EXP 	text: height = np.float64(0.05)
8.2792 	EXP 	text: text = 'Which one are you going to buy?'
8.2803 	EXP 	eyetracker.setRecordingState(False)
8.2908 	EXP 	text: height = np.float64(0.05)
8.2908 	EXP 	text: height = np.float64(0.05)
8.2908 	EXP 	text: height = np.float64(0.05)
8.2908 	EXP 	text: text = 'Which one are you going to buy?'
8.2916 	EXP 	eyetracker.setRecordingState(False)
8.3009 	EXP 	text: height = np.float64(0.05)
8.3009 	EXP 	text: height = np.float64(0.05)
8.3009 	EXP 	text: height = np.float64(0.05)
8.3009 	EXP 	text: text = 'Which one are you going to buy?'
8.3016 	EXP 	eyetracker.setRecordingState(False)
8.3122 	EXP 	text: height = np.float64(0.05)
8.3122 	EXP 	text: height = np.float64(0.05)
8.3122 	EXP 	text: height = np.float64(0.05)
8.3122 	EXP 	text: text = 'Which one are you going to buy?'
8.3134 	EXP 	eyetracker.setRecordingState(False)
8.3268 	EXP 	text: height = np.float64(0.05)
8.3268 	EXP 	text: height = np.float64(0.05)
8.3268 	EXP 	text: height = np.float64(0.05)
8.3268 	EXP 	text: text = 'Which one are you going to buy?'
8.3285 	EXP 	eyetracker.setRecordingState(False)
8.3441 	EXP 	text: height = np.float64(0.05)
8.3441 	EXP 	text: height = np.float64(0.05)
8.3441 	EXP 	text: height = np.float64(0.05)
8.3441 	EXP 	text: text = 'Which one are you going to buy?'
8.3454 	EXP 	eyetracker.setRecordingState(False)
8.3613 	EXP 	text: height = np.float64(0.05)
8.3613 	EXP 	text: height = np.float64(0.05)
8.3613 	EXP 	text: height = np.float64(0.05)
8.3613 	EXP 	text: text = 'Which one are you going to buy?'
8.3632 	EXP 	eyetracker.setRecordingState(False)
8.3843 	EXP 	text: height = np.float64(0.05)
8.3843 	EXP 	text: height = np.float64(0.05)
8.3843 	EXP 	text: height = np.float64(0.05)
8.3843 	EXP 	text: text = 'Which one are you going to buy?'
8.3863 	EXP 	eyetracker.setRecordingState(False)
8.4070 	EXP 	text: height = np.float64(0.05)
8.4070 	EXP 	text: height = np.float64(0.05)
8.4070 	EXP 	text: height = np.float64(0.05)
8.4070 	EXP 	text: text = 'Which one are you going to buy?'
8.4093 	EXP 	eyetracker.setRecordingState(False)
8.4300 	EXP 	text: height = np.float64(0.05)
8.4300 	EXP 	text: height = np.float64(0.05)
8.4300 	EXP 	text: height = np.float64(0.05)
8.4300 	EXP 	text: text = 'Which one are you going to buy?'
8.4323 	EXP 	eyetracker.setRecordingState(False)
8.4530 	EXP 	text: height = np.float64(0.05)
8.4530 	EXP 	text: height = np.float64(0.05)
8.4530 	EXP 	text: height = np.float64(0.05)
8.4530 	EXP 	text: text = 'Which one are you going to buy?'
8.4549 	EXP 	eyetracker.setRecordingState(False)
8.4749 	EXP 	text: height = np.float64(0.05)
8.4749 	EXP 	text: height = np.float64(0.05)
8.4749 	EXP 	text: height = np.float64(0.05)
8.4749 	EXP 	text: text = 'Which one are you going to buy?'
8.4767 	EXP 	eyetracker.setRecordingState(False)
8.4998 	EXP 	text: height = np.float64(0.05)
8.4998 	EXP 	text: height = np.float64(0.05)
8.4998 	EXP 	text: height = np.float64(0.05)
8.4998 	EXP 	text: text = 'Which one are you going to buy?'
8.5017 	EXP 	eyetracker.setRecordingState(False)
8.5219 	EXP 	text: height = np.float64(0.05)
8.5219 	EXP 	text: height = np.float64(0.05)
8.5219 	EXP 	text: height = np.float64(0.05)
8.5219 	EXP 	text: text = 'Which one are you going to buy?'
8.5239 	EXP 	eyetracker.setRecordingState(False)
8.5458 	EXP 	text: height = np.float64(0.05)
8.5458 	EXP 	text: height = np.float64(0.05)
8.5458 	EXP 	text: height = np.float64(0.05)
8.5458 	EXP 	text: text = 'Which one are you going to buy?'
8.5485 	EXP 	eyetracker.setRecordingState(False)
8.5683 	EXP 	text: height = np.float64(0.05)
8.5683 	EXP 	text: height = np.float64(0.05)
8.5683 	EXP 	text: height = np.float64(0.05)
8.5683 	EXP 	text: text = 'Which one are you going to buy?'
8.5706 	EXP 	eyetracker.setRecordingState(False)
8.5949 	EXP 	text: height = np.float64(0.05)
8.5949 	EXP 	text: height = np.float64(0.05)
8.5949 	EXP 	text: height = np.float64(0.05)
8.5949 	EXP 	text: text = 'Which one are you going to buy?'
8.5968 	EXP 	eyetracker.setRecordingState(False)
8.6180 	EXP 	text: height = np.float64(0.05)
8.6180 	EXP 	text: height = np.float64(0.05)
8.6180 	EXP 	text: height = np.float64(0.05)
8.6180 	EXP 	text: text = 'Which one are you going to buy?'
8.6200 	EXP 	eyetracker.setRecordingState(False)
8.6402 	EXP 	text: height = np.float64(0.05)
8.6402 	EXP 	text: height = np.float64(0.05)
8.6402 	EXP 	text: height = np.float64(0.05)
8.6402 	EXP 	text: text = 'Which one are you going to buy?'
8.6418 	EXP 	eyetracker.setRecordingState(False)
8.6544 	EXP 	text: height = np.float64(0.05)
8.6544 	EXP 	text: height = np.float64(0.05)
8.6544 	EXP 	text: height = np.float64(0.05)
8.6544 	EXP 	text: text = 'Which one are you going to buy?'
8.6552 	EXP 	eyetracker.setRecordingState(False)
8.6649 	EXP 	text: height = np.float64(0.05)
8.6649 	EXP 	text: height = np.float64(0.05)
8.6649 	EXP 	text: height = np.float64(0.05)
8.6649 	EXP 	text: text = 'Which one are you going to buy?'
8.6655 	EXP 	eyetracker.setRecordingState(False)
8.6733 	EXP 	text: height = np.float64(0.05)
8.6733 	EXP 	text: height = np.float64(0.05)
8.6733 	EXP 	text: height = np.float64(0.05)
8.6733 	EXP 	text: text = 'Which one are you going to buy?'
8.6739 	EXP 	eyetracker.setRecordingState(False)
8.6806 	EXP 	text: height = np.float64(0.05)
8.6806 	EXP 	text: height = np.float64(0.05)
8.6806 	EXP 	text: height = np.float64(0.05)
8.6806 	EXP 	text: text = 'Which one are you going to buy?'
8.6811 	EXP 	eyetracker.setRecordingState(False)
8.6888 	EXP 	text: height = np.float64(0.05)
8.6888 	EXP 	text: height = np.float64(0.05)
8.6888 	EXP 	text: height = np.float64(0.05)
8.6888 	EXP 	text: text = 'Which one are you going to buy?'
8.6898 	EXP 	eyetracker.setRecordingState(False)
8.7001 	EXP 	text: height = np.float64(0.05)
8.7001 	EXP 	text: height = np.float64(0.05)
8.7001 	EXP 	text: height = np.float64(0.05)
8.7001 	EXP 	text: text = 'Which one are you going to buy?'
8.7008 	EXP 	eyetracker.setRecordingState(False)
8.7102 	EXP 	text: height = np.float64(0.05)
8.7102 	EXP 	text: height = np.float64(0.05)
8.7102 	EXP 	text: height = np.float64(0.05)
8.7102 	EXP 	text: text = 'Which one are you going to buy?'
8.7114 	EXP 	eyetracker.setRecordingState(False)
8.7249 	EXP 	text: height = np.float64(0.05)
8.7249 	EXP 	text: height = np.float64(0.05)
8.7249 	EXP 	text: height = np.float64(0.05)
8.7249 	EXP 	text: text = 'Which one are you going to buy?'
8.7264 	EXP 	eyetracker.setRecordingState(False)
8.7416 	EXP 	text: height = np.float64(0.05)
8.7416 	EXP 	text: height = np.float64(0.05)
8.7416 	EXP 	text: height = np.float64(0.05)
8.7416 	EXP 	text: text = 'Which one are you going to buy?'
8.7434 	EXP 	eyetracker.setRecordingState(False)
8.7620 	EXP 	text: height = np.float64(0.05)
8.7620 	EXP 	text: height = np.float64(0.05)
8.7620 	EXP 	text: height = np.float64(0.05)
8.7620 	EXP 	text: text = 'Which one are you going to buy?'
8.7636 	EXP 	eyetracker.setRecordingState(False)
8.7823 	EXP 	text: height = np.float64(0.05)
8.7823 	EXP 	text: height = np.float64(0.05)
8.7823 	EXP 	text: height = np.float64(0.05)
8.7823 	EXP 	text: text = 'Which one are you going to buy?'
8.7843 	EXP 	eyetracker.setRecordingState(False)
8.8018 	EXP 	text: height = np.float64(0.05)
8.8018 	EXP 	text: height = np.float64(0.05)
8.8018 	EXP 	text: height = np.float64(0.05)
8.8018 	EXP 	text: text = 'Which one are you going to buy?'
8.8031 	EXP 	eyetracker.setRecordingState(False)
8.8167 	EXP 	text: height = np.float64(0.05)
8.8167 	EXP 	text: height = np.float64(0.05)
8.8167 	EXP 	text: height = np.float64(0.05)
8.8167 	EXP 	text: text = 'Which one are you going to buy?'
8.8180 	EXP 	eyetracker.setRecordingState(False)
8.8315 	EXP 	text: height = np.float64(0.05)
8.8315 	EXP 	text: height = np.float64(0.05)
8.8315 	EXP 	text: height = np.float64(0.05)
8.8315 	EXP 	text: text = 'Which one are you going to buy?'
8.8331 	EXP 	eyetracker.setRecordingState(False)
8.8536 	EXP 	text: height = np.float64(0.05)
8.8536 	EXP 	text: height = np.float64(0.05)
8.8536 	EXP 	text: height = np.float64(0.05)
8.8536 	EXP 	text: text = 'Which one are you going to buy?'
8.8554 	EXP 	eyetracker.setRecordingState(False)
8.8773 	EXP 	text: height = np.float64(0.05)
8.8773 	EXP 	text: height = np.float64(0.05)
8.8773 	EXP 	text: height = np.float64(0.05)
8.8773 	EXP 	text: text = 'Which one are you going to buy?'
8.8787 	EXP 	eyetracker.setRecordingState(False)
8.8905 	EXP 	text: height = np.float64(0.05)
8.8905 	EXP 	text: height = np.float64(0.05)
8.8905 	EXP 	text: height = np.float64(0.05)
8.8905 	EXP 	text: text = 'Which one are you going to buy?'
8.8914 	EXP 	eyetracker.setRecordingState(False)
8.9005 	EXP 	text: height = np.float64(0.05)
8.9005 	EXP 	text: height = np.float64(0.05)
8.9005 	EXP 	text: height = np.float64(0.05)
8.9005 	EXP 	text: text = 'Which one are you going to buy?'
8.9011 	EXP 	eyetracker.setRecordingState(False)
8.9091 	EXP 	text: height = np.float64(0.05)
8.9091 	EXP 	text: height = np.float64(0.05)
8.9091 	EXP 	text: height = np.float64(0.05)
8.9091 	EXP 	text: text = 'Which one are you going to buy?'
8.9097 	EXP 	eyetracker.setRecordingState(False)
8.9173 	EXP 	text: height = np.float64(0.05)
8.9173 	EXP 	text: height = np.float64(0.05)
8.9173 	EXP 	text: height = np.float64(0.05)
8.9173 	EXP 	text: text = 'Which one are you going to buy?'
8.9179 	EXP 	eyetracker.setRecordingState(False)
8.9277 	EXP 	text: height = np.float64(0.05)
8.9277 	EXP 	text: height = np.float64(0.05)
8.9277 	EXP 	text: height = np.float64(0.05)
8.9277 	EXP 	text: text = 'Which one are you going to buy?'
8.9287 	EXP 	eyetracker.setRecordingState(False)
8.9383 	EXP 	text: height = np.float64(0.05)
8.9383 	EXP 	text: height = np.float64(0.05)
8.9383 	EXP 	text: height = np.float64(0.05)
8.9383 	EXP 	text: text = 'Which one are you going to buy?'
8.9391 	EXP 	eyetracker.setRecordingState(False)
8.9477 	EXP 	text: height = np.float64(0.05)
8.9477 	EXP 	text: height = np.float64(0.05)
8.9477 	EXP 	text: height = np.float64(0.05)
8.9477 	EXP 	text: text = 'Which one are you going to buy?'
8.9483 	EXP 	eyetracker.setRecordingState(False)
8.9556 	EXP 	text: height = np.float64(0.05)
8.9556 	EXP 	text: height = np.float64(0.05)
8.9556 	EXP 	text: height = np.float64(0.05)
8.9556 	EXP 	text: text = 'Which one are you going to buy?'
8.9561 	EXP 	eyetracker.setRecordingState(False)
8.9632 	EXP 	text: height = np.float64(0.05)
8.9632 	EXP 	text: height = np.float64(0.05)
8.9632 	EXP 	text: height = np.float64(0.05)
8.9632 	EXP 	text: text = 'Which one are you going to buy?'
8.9637 	EXP 	eyetracker.setRecordingState(False)
8.9701 	EXP 	text: height = np.float64(0.05)
8.9701 	EXP 	text: height = np.float64(0.05)
8.9701 	EXP 	text: height = np.float64(0.05)
8.9701 	EXP 	text: text = 'Which one are you going to buy?'
8.9705 	EXP 	eyetracker.setRecordingState(False)
8.9766 	EXP 	text: height = np.float64(0.05)
8.9766 	EXP 	text: height = np.float64(0.05)
8.9766 	EXP 	text: height = np.float64(0.05)
8.9766 	EXP 	text: text = 'Which one are you going to buy?'
8.9770 	EXP 	eyetracker.setRecordingState(False)
8.9829 	EXP 	text: height = np.float64(0.05)
8.9829 	EXP 	text: height = np.float64(0.05)
8.9829 	EXP 	text: height = np.float64(0.05)
8.9829 	EXP 	text: text = 'Which one are you going to buy?'
8.9834 	EXP 	eyetracker.setRecordingState(False)
8.9891 	EXP 	text: height = np.float64(0.05)
8.9891 	EXP 	text: height = np.float64(0.05)
8.9891 	EXP 	text: height = np.float64(0.05)
8.9891 	EXP 	text: text = 'Which one are you going to buy?'
8.9896 	EXP 	eyetracker.setRecordingState(False)
8.9955 	EXP 	text: height = np.float64(0.05)
8.9955 	EXP 	text: height = np.float64(0.05)
8.9955 	EXP 	text: height = np.float64(0.05)
8.9955 	EXP 	text: text = 'Which one are you going to buy?'
8.9959 	EXP 	eyetracker.setRecordingState(False)
9.0016 	EXP 	text: height = np.float64(0.05)
9.0016 	EXP 	text: height = np.float64(0.05)
9.0016 	EXP 	text: height = np.float64(0.05)
9.0016 	EXP 	text: text = 'Which one are you going to buy?'
9.0020 	EXP 	eyetracker.setRecordingState(False)
9.0079 	EXP 	text: height = np.float64(0.05)
9.0079 	EXP 	text: height = np.float64(0.05)
9.0079 	EXP 	text: height = np.float64(0.05)
9.0079 	EXP 	text: text = 'Which one are you going to buy?'
9.0083 	EXP 	eyetracker.setRecordingState(False)
9.0139 	EXP 	text: height = np.float64(0.05)
9.0139 	EXP 	text: height = np.float64(0.05)
9.0139 	EXP 	text: height = np.float64(0.05)
9.0139 	EXP 	text: text = 'Which one are you going to buy?'
9.0144 	EXP 	eyetracker.setRecordingState(False)
9.0208 	EXP 	text: height = np.float64(0.05)
9.0208 	EXP 	text: height = np.float64(0.05)
9.0208 	EXP 	text: height = np.float64(0.05)
9.0208 	EXP 	text: text = 'Which one are you going to buy?'
9.0216 	EXP 	eyetracker.setRecordingState(False)
9.0295 	EXP 	text: height = np.float64(0.05)
9.0295 	EXP 	text: height = np.float64(0.05)
9.0295 	EXP 	text: height = np.float64(0.05)
9.0295 	EXP 	text: text = 'Which one are you going to buy?'
9.0303 	EXP 	eyetracker.setRecordingState(False)
9.0398 	EXP 	text: height = np.float64(0.05)
9.0398 	EXP 	text: height = np.float64(0.05)
9.0398 	EXP 	text: height = np.float64(0.05)
9.0398 	EXP 	text: text = 'Which one are you going to buy?'
9.0408 	EXP 	eyetracker.setRecordingState(False)
9.0500 	EXP 	text: height = np.float64(0.05)
9.0500 	EXP 	text: height = np.float64(0.05)
9.0500 	EXP 	text: height = np.float64(0.05)
9.0500 	EXP 	text: text = 'Which one are you going to buy?'
9.0511 	EXP 	eyetracker.setRecordingState(False)
9.0626 	EXP 	text: height = np.float64(0.05)
9.0626 	EXP 	text: height = np.float64(0.05)
9.0626 	EXP 	text: height = np.float64(0.05)
9.0626 	EXP 	text: text = 'Which one are you going to buy?'
9.0635 	EXP 	eyetracker.setRecordingState(False)
9.0726 	EXP 	text: height = np.float64(0.05)
9.0726 	EXP 	text: height = np.float64(0.05)
9.0726 	EXP 	text: height = np.float64(0.05)
9.0726 	EXP 	text: text = 'Which one are you going to buy?'
9.0733 	EXP 	eyetracker.setRecordingState(False)
9.0811 	EXP 	text: height = np.float64(0.05)
9.0811 	EXP 	text: height = np.float64(0.05)
9.0811 	EXP 	text: height = np.float64(0.05)
9.0811 	EXP 	text: text = 'Which one are you going to buy?'
9.0816 	EXP 	eyetracker.setRecordingState(False)
9.0893 	EXP 	text: height = np.float64(0.05)
9.0893 	EXP 	text: height = np.float64(0.05)
9.0893 	EXP 	text: height = np.float64(0.05)
9.0893 	EXP 	text: text = 'Which one are you going to buy?'
9.0898 	EXP 	eyetracker.setRecordingState(False)
9.0972 	EXP 	text: height = np.float64(0.05)
9.0972 	EXP 	text: height = np.float64(0.05)
9.0972 	EXP 	text: height = np.float64(0.05)
9.0972 	EXP 	text: text = 'Which one are you going to buy?'
9.0977 	EXP 	eyetracker.setRecordingState(False)
9.1058 	EXP 	text: height = np.float64(0.05)
9.1058 	EXP 	text: height = np.float64(0.05)
9.1058 	EXP 	text: height = np.float64(0.05)
9.1058 	EXP 	text: text = 'Which one are you going to buy?'
9.1064 	EXP 	eyetracker.setRecordingState(False)
9.1139 	EXP 	text: height = np.float64(0.05)
9.1139 	EXP 	text: height = np.float64(0.05)
9.1139 	EXP 	text: height = np.float64(0.05)
9.1139 	EXP 	text: text = 'Which one are you going to buy?'
9.1148 	EXP 	eyetracker.setRecordingState(False)
9.1241 	EXP 	text: height = np.float64(0.05)
9.1241 	EXP 	text: height = np.float64(0.05)
9.1241 	EXP 	text: height = np.float64(0.05)
9.1241 	EXP 	text: text = 'Which one are you going to buy?'
9.1248 	EXP 	eyetracker.setRecordingState(False)
9.1330 	EXP 	text: height = np.float64(0.05)
9.1330 	EXP 	text: height = np.float64(0.05)
9.1330 	EXP 	text: height = np.float64(0.05)
9.1330 	EXP 	text: text = 'Which one are you going to buy?'
9.1336 	EXP 	eyetracker.setRecordingState(False)
9.1423 	EXP 	text: height = np.float64(0.05)
9.1423 	EXP 	text: height = np.float64(0.05)
9.1423 	EXP 	text: height = np.float64(0.05)
9.1423 	EXP 	text: text = 'Which one are you going to buy?'
9.1432 	EXP 	eyetracker.setRecordingState(False)
9.1538 	EXP 	text: height = np.float64(0.05)
9.1538 	EXP 	text: height = np.float64(0.05)
9.1538 	EXP 	text: height = np.float64(0.05)
9.1538 	EXP 	text: text = 'Which one are you going to buy?'
9.1546 	EXP 	eyetracker.setRecordingState(False)
9.1633 	EXP 	text: height = np.float64(0.05)
9.1633 	EXP 	text: height = np.float64(0.05)
9.1633 	EXP 	text: height = np.float64(0.05)
9.1633 	EXP 	text: text = 'Which one are you going to buy?'
9.1640 	EXP 	eyetracker.setRecordingState(False)
9.1719 	EXP 	text: height = np.float64(0.05)
9.1719 	EXP 	text: height = np.float64(0.05)
9.1719 	EXP 	text: height = np.float64(0.05)
9.1719 	EXP 	text: text = 'Which one are you going to buy?'
9.1727 	EXP 	eyetracker.setRecordingState(False)
9.1808 	EXP 	text: height = np.float64(0.05)
9.1808 	EXP 	text: height = np.float64(0.05)
9.1808 	EXP 	text: height = np.float64(0.05)
9.1808 	EXP 	text: text = 'Which one are you going to buy?'
9.1818 	EXP 	eyetracker.setRecordingState(False)
9.1959 	EXP 	text: height = np.float64(0.05)
9.1959 	EXP 	text: height = np.float64(0.05)
9.1959 	EXP 	text: height = np.float64(0.05)
9.1959 	EXP 	text: text = 'Which one are you going to buy?'
9.1975 	EXP 	eyetracker.setRecordingState(False)
9.2126 	EXP 	text: height = np.float64(0.05)
9.2126 	EXP 	text: height = np.float64(0.05)
9.2126 	EXP 	text: height = np.float64(0.05)
9.2126 	EXP 	text: text = 'Which one are you going to buy?'
9.2141 	EXP 	eyetracker.setRecordingState(False)
9.2280 	EXP 	text: height = np.float64(0.05)
9.2280 	EXP 	text: height = np.float64(0.05)
9.2280 	EXP 	text: height = np.float64(0.05)
9.2280 	EXP 	text: text = 'Which one are you going to buy?'
9.2290 	EXP 	eyetracker.setRecordingState(False)
9.2440 	EXP 	text: height = np.float64(0.05)
9.2440 	EXP 	text: height = np.float64(0.05)
9.2440 	EXP 	text: height = np.float64(0.05)
9.2440 	EXP 	text: text = 'Which one are you going to buy?'
9.2460 	EXP 	eyetracker.setRecordingState(False)
9.2696 	EXP 	text: height = np.float64(0.05)
9.2696 	EXP 	text: height = np.float64(0.05)
9.2696 	EXP 	text: height = np.float64(0.05)
9.2696 	EXP 	text: text = 'Which one are you going to buy?'
9.2727 	EXP 	eyetracker.setRecordingState(False)
9.3028 	EXP 	text: height = np.float64(0.05)
9.3028 	EXP 	text: height = np.float64(0.05)
9.3028 	EXP 	text: height = np.float64(0.05)
9.3028 	EXP 	text: text = 'Which one are you going to buy?'
9.3055 	EXP 	eyetracker.setRecordingState(False)
9.3358 	EXP 	text: height = np.float64(0.05)
9.3358 	EXP 	text: height = np.float64(0.05)
9.3358 	EXP 	text: height = np.float64(0.05)
9.3358 	EXP 	text: text = 'Which one are you going to buy?'
9.3378 	EXP 	eyetracker.setRecordingState(False)
9.3593 	EXP 	text: height = np.float64(0.05)
9.3593 	EXP 	text: height = np.float64(0.05)
9.3593 	EXP 	text: height = np.float64(0.05)
9.3593 	EXP 	text: text = 'Which one are you going to buy?'
9.3613 	EXP 	eyetracker.setRecordingState(False)
9.3849 	EXP 	text: height = np.float64(0.05)
9.3849 	EXP 	text: height = np.float64(0.05)
9.3849 	EXP 	text: height = np.float64(0.05)
9.3849 	EXP 	text: text = 'Which one are you going to buy?'
9.3867 	EXP 	eyetracker.setRecordingState(False)
9.4049 	EXP 	text: height = np.float64(0.05)
9.4049 	EXP 	text: height = np.float64(0.05)
9.4049 	EXP 	text: height = np.float64(0.05)
9.4049 	EXP 	text: text = 'Which one are you going to buy?'
9.4069 	EXP 	eyetracker.setRecordingState(False)
9.4230 	EXP 	text: height = np.float64(0.05)
9.4230 	EXP 	text: height = np.float64(0.05)
9.4230 	EXP 	text: height = np.float64(0.05)
9.4230 	EXP 	text: text = 'Which one are you going to buy?'
9.4241 	EXP 	eyetracker.setRecordingState(False)
9.4353 	EXP 	text: height = np.float64(0.05)
9.4353 	EXP 	text: height = np.float64(0.05)
9.4353 	EXP 	text: height = np.float64(0.05)
9.4353 	EXP 	text: text = 'Which one are you going to buy?'
9.4365 	EXP 	eyetracker.setRecordingState(False)
9.4482 	EXP 	text: height = np.float64(0.05)
9.4482 	EXP 	text: height = np.float64(0.05)
9.4482 	EXP 	text: height = np.float64(0.05)
9.4482 	EXP 	text: text = 'Which one are you going to buy?'
9.4492 	EXP 	eyetracker.setRecordingState(False)
9.4651 	EXP 	text: height = np.float64(0.05)
9.4651 	EXP 	text: height = np.float64(0.05)
9.4651 	EXP 	text: height = np.float64(0.05)
9.4651 	EXP 	text: text = 'Which one are you going to buy?'
9.4665 	EXP 	eyetracker.setRecordingState(False)
9.4800 	EXP 	text: height = np.float64(0.05)
9.4800 	EXP 	text: height = np.float64(0.05)
9.4800 	EXP 	text: height = np.float64(0.05)
9.4800 	EXP 	text: text = 'Which one are you going to buy?'
9.4810 	EXP 	eyetracker.setRecordingState(False)
9.4909 	EXP 	text: height = np.float64(0.05)
9.4909 	EXP 	text: height = np.float64(0.05)
9.4909 	EXP 	text: height = np.float64(0.05)
9.4909 	EXP 	text: text = 'Which one are you going to buy?'
9.4918 	EXP 	eyetracker.setRecordingState(False)
9.5053 	EXP 	text: height = np.float64(0.05)
9.5053 	EXP 	text: height = np.float64(0.05)
9.5053 	EXP 	text: height = np.float64(0.05)
9.5053 	EXP 	text: text = 'Which one are you going to buy?'
9.5069 	EXP 	eyetracker.setRecordingState(False)
9.5211 	EXP 	text: height = np.float64(0.05)
9.5211 	EXP 	text: height = np.float64(0.05)
9.5211 	EXP 	text: height = np.float64(0.05)
9.5211 	EXP 	text: text = 'Which one are you going to buy?'
9.5225 	EXP 	eyetracker.setRecordingState(False)
9.5340 	EXP 	text: height = np.float64(0.05)
9.5340 	EXP 	text: height = np.float64(0.05)
9.5340 	EXP 	text: height = np.float64(0.05)
9.5340 	EXP 	text: text = 'Which one are you going to buy?'
9.5349 	EXP 	eyetracker.setRecordingState(False)
9.5455 	EXP 	text: height = np.float64(0.05)
9.5455 	EXP 	text: height = np.float64(0.05)
9.5455 	EXP 	text: height = np.float64(0.05)
9.5455 	EXP 	text: text = 'Which one are you going to buy?'
9.5464 	EXP 	eyetracker.setRecordingState(False)
9.5628 	EXP 	text: height = np.float64(0.05)
9.5628 	EXP 	text: height = np.float64(0.05)
9.5628 	EXP 	text: height = np.float64(0.05)
9.5628 	EXP 	text: text = 'Which one are you going to buy?'
9.5644 	EXP 	eyetracker.setRecordingState(False)
9.5793 	EXP 	text: height = np.float64(0.05)
9.5793 	EXP 	text: height = np.float64(0.05)
9.5793 	EXP 	text: height = np.float64(0.05)
9.5793 	EXP 	text: text = 'Which one are you going to buy?'
9.5805 	EXP 	eyetracker.setRecordingState(False)
9.6029 	EXP 	text: height = np.float64(0.05)
9.6029 	EXP 	text: height = np.float64(0.05)
9.6029 	EXP 	text: height = np.float64(0.05)
9.6029 	EXP 	text: text = 'Which one are you going to buy?'
9.6044 	EXP 	eyetracker.setRecordingState(False)
9.6259 	EXP 	text: height = np.float64(0.05)
9.6259 	EXP 	text: height = np.float64(0.05)
9.6259 	EXP 	text: height = np.float64(0.05)
9.6259 	EXP 	text: text = 'Which one are you going to buy?'
9.6272 	EXP 	eyetracker.setRecordingState(False)
9.6415 	EXP 	text: height = np.float64(0.05)
9.6415 	EXP 	text: height = np.float64(0.05)
9.6415 	EXP 	text: height = np.float64(0.05)
9.6415 	EXP 	text: text = 'Which one are you going to buy?'
9.6425 	EXP 	eyetracker.setRecordingState(False)
9.6525 	EXP 	text: height = np.float64(0.05)
9.6525 	EXP 	text: height = np.float64(0.05)
9.6525 	EXP 	text: height = np.float64(0.05)
9.6525 	EXP 	text: text = 'Which one are you going to buy?'
9.6535 	EXP 	eyetracker.setRecordingState(False)
9.6618 	EXP 	text: height = np.float64(0.05)
9.6618 	EXP 	text: height = np.float64(0.05)
9.6618 	EXP 	text: height = np.float64(0.05)
9.6618 	EXP 	text: text = 'Which one are you going to buy?'
9.6626 	EXP 	eyetracker.setRecordingState(False)
9.6704 	EXP 	text: height = np.float64(0.05)
9.6704 	EXP 	text: height = np.float64(0.05)
9.6704 	EXP 	text: height = np.float64(0.05)
9.6704 	EXP 	text: text = 'Which one are you going to buy?'
9.6710 	EXP 	eyetracker.setRecordingState(False)
9.6777 	EXP 	text: height = np.float64(0.05)
9.6777 	EXP 	text: height = np.float64(0.05)
9.6777 	EXP 	text: height = np.float64(0.05)
9.6777 	EXP 	text: text = 'Which one are you going to buy?'
9.6782 	EXP 	eyetracker.setRecordingState(False)
9.6856 	EXP 	text: height = np.float64(0.05)
9.6856 	EXP 	text: height = np.float64(0.05)
9.6856 	EXP 	text: height = np.float64(0.05)
9.6856 	EXP 	text: text = 'Which one are you going to buy?'
9.6864 	EXP 	eyetracker.setRecordingState(False)
9.6952 	EXP 	text: height = np.float64(0.05)
9.6952 	EXP 	text: height = np.float64(0.05)
9.6952 	EXP 	text: height = np.float64(0.05)
9.6952 	EXP 	text: text = 'Which one are you going to buy?'
9.6961 	EXP 	eyetracker.setRecordingState(False)
9.7044 	EXP 	text: height = np.float64(0.05)
9.7044 	EXP 	text: height = np.float64(0.05)
9.7044 	EXP 	text: height = np.float64(0.05)
9.7044 	EXP 	text: text = 'Which one are you going to buy?'
9.7049 	EXP 	eyetracker.setRecordingState(False)
9.7116 	EXP 	text: height = np.float64(0.05)
9.7116 	EXP 	text: height = np.float64(0.05)
9.7116 	EXP 	text: height = np.float64(0.05)
9.7116 	EXP 	text: text = 'Which one are you going to buy?'
9.7122 	EXP 	eyetracker.setRecordingState(False)
9.7195 	EXP 	text: height = np.float64(0.05)
9.7195 	EXP 	text: height = np.float64(0.05)
9.7195 	EXP 	text: height = np.float64(0.05)
9.7195 	EXP 	text: text = 'Which one are you going to buy?'
9.7202 	EXP 	eyetracker.setRecordingState(False)
9.7292 	EXP 	text: height = np.float64(0.05)
9.7292 	EXP 	text: height = np.float64(0.05)
9.7292 	EXP 	text: height = np.float64(0.05)
9.7292 	EXP 	text: text = 'Which one are you going to buy?'
9.7299 	EXP 	eyetracker.setRecordingState(False)
9.7386 	EXP 	text: height = np.float64(0.05)
9.7386 	EXP 	text: height = np.float64(0.05)
9.7386 	EXP 	text: height = np.float64(0.05)
9.7386 	EXP 	text: text = 'Which one are you going to buy?'
9.7393 	EXP 	eyetracker.setRecordingState(False)
9.7476 	EXP 	text: height = np.float64(0.05)
9.7476 	EXP 	text: height = np.float64(0.05)
9.7476 	EXP 	text: height = np.float64(0.05)
9.7476 	EXP 	text: text = 'Which one are you going to buy?'
9.7484 	EXP 	eyetracker.setRecordingState(False)
9.7557 	EXP 	text: height = np.float64(0.05)
9.7557 	EXP 	text: height = np.float64(0.05)
9.7557 	EXP 	text: height = np.float64(0.05)
9.7557 	EXP 	text: text = 'Which one are you going to buy?'
9.7564 	EXP 	eyetracker.setRecordingState(False)
9.7640 	EXP 	text: height = np.float64(0.05)
9.7640 	EXP 	text: height = np.float64(0.05)
9.7640 	EXP 	text: height = np.float64(0.05)
9.7640 	EXP 	text: text = 'Which one are you going to buy?'
9.7648 	EXP 	eyetracker.setRecordingState(False)
9.7761 	EXP 	text: height = np.float64(0.05)
9.7761 	EXP 	text: height = np.float64(0.05)
9.7761 	EXP 	text: height = np.float64(0.05)
9.7761 	EXP 	text: text = 'Which one are you going to buy?'
9.7778 	EXP 	eyetracker.setRecordingState(False)
9.7888 	EXP 	text: height = np.float64(0.05)
9.7888 	EXP 	text: height = np.float64(0.05)
9.7888 	EXP 	text: height = np.float64(0.05)
9.7888 	EXP 	text: text = 'Which one are you going to buy?'
9.7897 	EXP 	eyetracker.setRecordingState(False)
9.7985 	EXP 	text: height = np.float64(0.05)
9.7985 	EXP 	text: height = np.float64(0.05)
9.7985 	EXP 	text: height = np.float64(0.05)
9.7985 	EXP 	text: text = 'Which one are you going to buy?'
9.7993 	EXP 	eyetracker.setRecordingState(False)
9.8076 	EXP 	text: height = np.float64(0.05)
9.8076 	EXP 	text: height = np.float64(0.05)
9.8076 	EXP 	text: height = np.float64(0.05)
9.8076 	EXP 	text: text = 'Which one are you going to buy?'
9.8087 	EXP 	eyetracker.setRecordingState(False)
9.8183 	EXP 	text: height = np.float64(0.05)
9.8183 	EXP 	text: height = np.float64(0.05)
9.8183 	EXP 	text: height = np.float64(0.05)
9.8183 	EXP 	text: text = 'Which one are you going to buy?'
9.8192 	EXP 	eyetracker.setRecordingState(False)
9.8269 	EXP 	text: height = np.float64(0.05)
9.8269 	EXP 	text: height = np.float64(0.05)
9.8269 	EXP 	text: height = np.float64(0.05)
9.8269 	EXP 	text: text = 'Which one are you going to buy?'
9.8276 	EXP 	eyetracker.setRecordingState(False)
9.8360 	EXP 	text: height = np.float64(0.05)
9.8360 	EXP 	text: height = np.float64(0.05)
9.8360 	EXP 	text: height = np.float64(0.05)
9.8360 	EXP 	text: text = 'Which one are you going to buy?'
9.8370 	EXP 	eyetracker.setRecordingState(False)
9.8464 	EXP 	text: height = np.float64(0.05)
9.8464 	EXP 	text: height = np.float64(0.05)
9.8464 	EXP 	text: height = np.float64(0.05)
9.8464 	EXP 	text: text = 'Which one are you going to buy?'
9.8473 	EXP 	eyetracker.setRecordingState(False)
9.8567 	EXP 	text: height = np.float64(0.05)
9.8567 	EXP 	text: height = np.float64(0.05)
9.8567 	EXP 	text: height = np.float64(0.05)
9.8567 	EXP 	text: text = 'Which one are you going to buy?'
9.8580 	EXP 	eyetracker.setRecordingState(False)
9.8704 	EXP 	text: height = np.float64(0.05)
9.8704 	EXP 	text: height = np.float64(0.05)
9.8704 	EXP 	text: height = np.float64(0.05)
9.8704 	EXP 	text: text = 'Which one are you going to buy?'
9.8714 	EXP 	eyetracker.setRecordingState(False)
9.8804 	EXP 	text: height = np.float64(0.05)
9.8804 	EXP 	text: height = np.float64(0.05)
9.8804 	EXP 	text: height = np.float64(0.05)
9.8804 	EXP 	text: text = 'Which one are you going to buy?'
9.8813 	EXP 	eyetracker.setRecordingState(False)
9.8893 	EXP 	text: height = np.float64(0.05)
9.8893 	EXP 	text: height = np.float64(0.05)
9.8893 	EXP 	text: height = np.float64(0.05)
9.8893 	EXP 	text: text = 'Which one are you going to buy?'
9.8898 	EXP 	eyetracker.setRecordingState(False)
9.8972 	EXP 	text: height = np.float64(0.05)
9.8972 	EXP 	text: height = np.float64(0.05)
9.8972 	EXP 	text: height = np.float64(0.05)
9.8972 	EXP 	text: text = 'Which one are you going to buy?'
9.8979 	EXP 	eyetracker.setRecordingState(False)
9.9054 	EXP 	text: height = np.float64(0.05)
9.9054 	EXP 	text: height = np.float64(0.05)
9.9054 	EXP 	text: height = np.float64(0.05)
9.9054 	EXP 	text: text = 'Which one are you going to buy?'
9.9063 	EXP 	eyetracker.setRecordingState(False)
9.9155 	EXP 	text: height = np.float64(0.05)
9.9155 	EXP 	text: height = np.float64(0.05)
9.9155 	EXP 	text: height = np.float64(0.05)
9.9155 	EXP 	text: text = 'Which one are you going to buy?'
9.9162 	EXP 	eyetracker.setRecordingState(False)
9.9250 	EXP 	text: height = np.float64(0.05)
9.9250 	EXP 	text: height = np.float64(0.05)
9.9250 	EXP 	text: height = np.float64(0.05)
9.9250 	EXP 	text: text = 'Which one are you going to buy?'
9.9256 	EXP 	eyetracker.setRecordingState(False)
9.9330 	EXP 	text: height = np.float64(0.05)
9.9330 	EXP 	text: height = np.float64(0.05)
9.9330 	EXP 	text: height = np.float64(0.05)
9.9330 	EXP 	text: text = 'Which one are you going to buy?'
9.9336 	EXP 	eyetracker.setRecordingState(False)
9.9409 	EXP 	text: height = np.float64(0.05)
9.9409 	EXP 	text: height = np.float64(0.05)
9.9409 	EXP 	text: height = np.float64(0.05)
9.9409 	EXP 	text: text = 'Which one are you going to buy?'
9.9414 	EXP 	eyetracker.setRecordingState(False)
9.9481 	EXP 	text: height = np.float64(0.05)
9.9481 	EXP 	text: height = np.float64(0.05)
9.9481 	EXP 	text: height = np.float64(0.05)
9.9481 	EXP 	text: text = 'Which one are you going to buy?'
9.9487 	EXP 	eyetracker.setRecordingState(False)
9.9563 	EXP 	text: height = np.float64(0.05)
9.9563 	EXP 	text: height = np.float64(0.05)
9.9563 	EXP 	text: height = np.float64(0.05)
9.9563 	EXP 	text: text = 'Which one are you going to buy?'
9.9574 	EXP 	eyetracker.setRecordingState(False)
9.9665 	EXP 	text: height = np.float64(0.05)
9.9665 	EXP 	text: height = np.float64(0.05)
9.9665 	EXP 	text: height = np.float64(0.05)
9.9665 	EXP 	text: text = 'Which one are you going to buy?'
9.9672 	EXP 	eyetracker.setRecordingState(False)
9.9765 	EXP 	text: height = np.float64(0.05)
9.9765 	EXP 	text: height = np.float64(0.05)
9.9765 	EXP 	text: height = np.float64(0.05)
9.9765 	EXP 	text: text = 'Which one are you going to buy?'
9.9776 	EXP 	eyetracker.setRecordingState(False)
9.9918 	EXP 	text: height = np.float64(0.05)
9.9918 	EXP 	text: height = np.float64(0.05)
9.9918 	EXP 	text: height = np.float64(0.05)
9.9918 	EXP 	text: text = 'Which one are you going to buy?'
9.9935 	EXP 	eyetracker.setRecordingState(False)
10.0061 	EXP 	text: height = np.float64(0.05)
10.0061 	EXP 	text: height = np.float64(0.05)
10.0061 	EXP 	text: height = np.float64(0.05)
10.0061 	EXP 	text: text = 'Which one are you going to buy?'
10.0073 	EXP 	eyetracker.setRecordingState(False)
10.0195 	EXP 	text: height = np.float64(0.05)
10.0195 	EXP 	text: height = np.float64(0.05)
10.0195 	EXP 	text: height = np.float64(0.05)
10.0195 	EXP 	text: text = 'Which one are you going to buy?'
10.0203 	EXP 	eyetracker.setRecordingState(False)
10.0284 	EXP 	text: height = np.float64(0.05)
10.0284 	EXP 	text: height = np.float64(0.05)
10.0284 	EXP 	text: height = np.float64(0.05)
10.0284 	EXP 	text: text = 'Which one are you going to buy?'
10.0290 	EXP 	eyetracker.setRecordingState(False)
10.0352 	EXP 	text: height = np.float64(0.05)
10.0352 	EXP 	text: height = np.float64(0.05)
10.0352 	EXP 	text: height = np.float64(0.05)
10.0352 	EXP 	text: text = 'Which one are you going to buy?'
10.0357 	EXP 	eyetracker.setRecordingState(False)
10.0423 	EXP 	text: height = np.float64(0.05)
10.0423 	EXP 	text: height = np.float64(0.05)
10.0423 	EXP 	text: height = np.float64(0.05)
10.0423 	EXP 	text: text = 'Which one are you going to buy?'
10.0429 	EXP 	eyetracker.setRecordingState(False)
10.0511 	EXP 	text: height = np.float64(0.05)
10.0511 	EXP 	text: height = np.float64(0.05)
10.0511 	EXP 	text: height = np.float64(0.05)
10.0511 	EXP 	text: text = 'Which one are you going to buy?'
10.0518 	EXP 	eyetracker.setRecordingState(False)
10.0600 	EXP 	text: height = np.float64(0.05)
10.0600 	EXP 	text: height = np.float64(0.05)
10.0600 	EXP 	text: height = np.float64(0.05)
10.0600 	EXP 	text: text = 'Which one are you going to buy?'
10.0608 	EXP 	eyetracker.setRecordingState(False)
10.0704 	EXP 	text: height = np.float64(0.05)
10.0704 	EXP 	text: height = np.float64(0.05)
10.0704 	EXP 	text: height = np.float64(0.05)
10.0704 	EXP 	text: text = 'Which one are you going to buy?'
10.0712 	EXP 	eyetracker.setRecordingState(False)
10.0793 	EXP 	text: height = np.float64(0.05)
10.0793 	EXP 	text: height = np.float64(0.05)
10.0793 	EXP 	text: height = np.float64(0.05)
10.0793 	EXP 	text: text = 'Which one are you going to buy?'
10.0798 	EXP 	eyetracker.setRecordingState(False)
10.0873 	EXP 	text: height = np.float64(0.05)
10.0873 	EXP 	text: height = np.float64(0.05)
10.0873 	EXP 	text: height = np.float64(0.05)
10.0873 	EXP 	text: text = 'Which one are you going to buy?'
10.0879 	EXP 	eyetracker.setRecordingState(False)
10.0950 	EXP 	text: height = np.float64(0.05)
10.0950 	EXP 	text: height = np.float64(0.05)
10.0950 	EXP 	text: height = np.float64(0.05)
10.0950 	EXP 	text: text = 'Which one are you going to buy?'
10.0955 	EXP 	eyetracker.setRecordingState(False)
10.1016 	EXP 	text: height = np.float64(0.05)
10.1016 	EXP 	text: height = np.float64(0.05)
10.1016 	EXP 	text: height = np.float64(0.05)
10.1016 	EXP 	text: text = 'Which one are you going to buy?'
10.1021 	EXP 	eyetracker.setRecordingState(False)
10.1083 	EXP 	text: height = np.float64(0.05)
10.1083 	EXP 	text: height = np.float64(0.05)
10.1083 	EXP 	text: height = np.float64(0.05)
10.1083 	EXP 	text: text = 'Which one are you going to buy?'
10.1087 	EXP 	eyetracker.setRecordingState(False)
10.1143 	EXP 	text: height = np.float64(0.05)
10.1143 	EXP 	text: height = np.float64(0.05)
10.1143 	EXP 	text: height = np.float64(0.05)
10.1143 	EXP 	text: text = 'Which one are you going to buy?'
10.1147 	EXP 	eyetracker.setRecordingState(False)
10.1204 	EXP 	text: height = np.float64(0.05)
10.1204 	EXP 	text: height = np.float64(0.05)
10.1204 	EXP 	text: height = np.float64(0.05)
10.1204 	EXP 	text: text = 'Which one are you going to buy?'
10.1208 	EXP 	eyetracker.setRecordingState(False)
10.1264 	EXP 	text: height = np.float64(0.05)
10.1264 	EXP 	text: height = np.float64(0.05)
10.1264 	EXP 	text: height = np.float64(0.05)
10.1264 	EXP 	text: text = 'Which one are you going to buy?'
10.1268 	EXP 	eyetracker.setRecordingState(False)
10.1324 	EXP 	text: height = np.float64(0.05)
10.1324 	EXP 	text: height = np.float64(0.05)
10.1324 	EXP 	text: height = np.float64(0.05)
10.1324 	EXP 	text: text = 'Which one are you going to buy?'
10.1330 	EXP 	eyetracker.setRecordingState(False)
10.1389 	EXP 	text: height = np.float64(0.05)
10.1389 	EXP 	text: height = np.float64(0.05)
10.1389 	EXP 	text: height = np.float64(0.05)
10.1389 	EXP 	text: text = 'Which one are you going to buy?'
10.1395 	EXP 	eyetracker.setRecordingState(False)
10.1465 	EXP 	text: height = np.float64(0.05)
10.1465 	EXP 	text: height = np.float64(0.05)
10.1465 	EXP 	text: height = np.float64(0.05)
10.1465 	EXP 	text: text = 'Which one are you going to buy?'
10.1474 	EXP 	eyetracker.setRecordingState(False)
10.1548 	EXP 	text: height = np.float64(0.05)
10.1548 	EXP 	text: height = np.float64(0.05)
10.1548 	EXP 	text: height = np.float64(0.05)
10.1548 	EXP 	text: text = 'Which one are you going to buy?'
10.1557 	EXP 	eyetracker.setRecordingState(False)
10.1644 	EXP 	text: height = np.float64(0.05)
10.1644 	EXP 	text: height = np.float64(0.05)
10.1644 	EXP 	text: height = np.float64(0.05)
10.1644 	EXP 	text: text = 'Which one are you going to buy?'
10.1652 	EXP 	eyetracker.setRecordingState(False)
10.1739 	EXP 	text: height = np.float64(0.05)
10.1739 	EXP 	text: height = np.float64(0.05)
10.1739 	EXP 	text: height = np.float64(0.05)
10.1739 	EXP 	text: text = 'Which one are you going to buy?'
10.1749 	EXP 	eyetracker.setRecordingState(False)
10.1858 	EXP 	text: height = np.float64(0.05)
10.1858 	EXP 	text: height = np.float64(0.05)
10.1858 	EXP 	text: height = np.float64(0.05)
10.1858 	EXP 	text: text = 'Which one are you going to buy?'
10.1870 	EXP 	eyetracker.setRecordingState(False)
10.1965 	EXP 	text: height = np.float64(0.05)
10.1965 	EXP 	text: height = np.float64(0.05)
10.1965 	EXP 	text: height = np.float64(0.05)
10.1965 	EXP 	text: text = 'Which one are you going to buy?'
10.1972 	EXP 	eyetracker.setRecordingState(False)
10.2070 	EXP 	text: height = np.float64(0.05)
10.2070 	EXP 	text: height = np.float64(0.05)
10.2070 	EXP 	text: height = np.float64(0.05)
10.2070 	EXP 	text: text = 'Which one are you going to buy?'
10.2082 	EXP 	eyetracker.setRecordingState(False)
10.2262 	EXP 	text: height = np.float64(0.05)
10.2262 	EXP 	text: height = np.float64(0.05)
10.2262 	EXP 	text: height = np.float64(0.05)
10.2262 	EXP 	text: text = 'Which one are you going to buy?'
10.2279 	EXP 	eyetracker.setRecordingState(False)
10.2454 	EXP 	text: height = np.float64(0.05)
10.2454 	EXP 	text: height = np.float64(0.05)
10.2454 	EXP 	text: height = np.float64(0.05)
10.2454 	EXP 	text: text = 'Which one are you going to buy?'
10.2470 	EXP 	eyetracker.setRecordingState(False)
10.2662 	EXP 	text: height = np.float64(0.05)
10.2662 	EXP 	text: height = np.float64(0.05)
10.2662 	EXP 	text: height = np.float64(0.05)
10.2662 	EXP 	text: text = 'Which one are you going to buy?'
10.2687 	EXP 	eyetracker.setRecordingState(False)
10.2902 	EXP 	text: height = np.float64(0.05)
10.2902 	EXP 	text: height = np.float64(0.05)
10.2902 	EXP 	text: height = np.float64(0.05)
10.2902 	EXP 	text: text = 'Which one are you going to buy?'
10.2918 	EXP 	eyetracker.setRecordingState(False)
10.3080 	EXP 	text: height = np.float64(0.05)
10.3080 	EXP 	text: height = np.float64(0.05)
10.3080 	EXP 	text: height = np.float64(0.05)
10.3080 	EXP 	text: text = 'Which one are you going to buy?'
10.3096 	EXP 	eyetracker.setRecordingState(False)
10.3227 	EXP 	text: height = np.float64(0.05)
10.3227 	EXP 	text: height = np.float64(0.05)
10.3227 	EXP 	text: height = np.float64(0.05)
10.3227 	EXP 	text: text = 'Which one are you going to buy?'
10.3252 	EXP 	eyetracker.setRecordingState(False)
10.3477 	EXP 	text: height = np.float64(0.05)
10.3477 	EXP 	text: height = np.float64(0.05)
10.3477 	EXP 	text: height = np.float64(0.05)
10.3477 	EXP 	text: text = 'Which one are you going to buy?'
10.3493 	EXP 	eyetracker.setRecordingState(False)
10.3632 	EXP 	text: height = np.float64(0.05)
10.3632 	EXP 	text: height = np.float64(0.05)
10.3632 	EXP 	text: height = np.float64(0.05)
10.3632 	EXP 	text: text = 'Which one are you going to buy?'
10.3640 	EXP 	eyetracker.setRecordingState(False)
10.3774 	EXP 	text: height = np.float64(0.05)
10.3774 	EXP 	text: height = np.float64(0.05)
10.3774 	EXP 	text: height = np.float64(0.05)
10.3774 	EXP 	text: text = 'Which one are you going to buy?'
10.3791 	EXP 	eyetracker.setRecordingState(False)
10.4012 	EXP 	text: height = np.float64(0.05)
10.4012 	EXP 	text: height = np.float64(0.05)
10.4012 	EXP 	text: height = np.float64(0.05)
10.4012 	EXP 	text: text = 'Which one are you going to buy?'
10.4029 	EXP 	eyetracker.setRecordingState(False)
10.4174 	EXP 	text: height = np.float64(0.05)
10.4174 	EXP 	text: height = np.float64(0.05)
10.4174 	EXP 	text: height = np.float64(0.05)
10.4174 	EXP 	text: text = 'Which one are you going to buy?'
10.4187 	EXP 	eyetracker.setRecordingState(False)
10.4380 	EXP 	text: height = np.float64(0.05)
10.4380 	EXP 	text: height = np.float64(0.05)
10.4380 	EXP 	text: height = np.float64(0.05)
10.4380 	EXP 	text: text = 'Which one are you going to buy?'
10.4400 	EXP 	eyetracker.setRecordingState(False)
10.4577 	EXP 	text: height = np.float64(0.05)
10.4577 	EXP 	text: height = np.float64(0.05)
10.4577 	EXP 	text: height = np.float64(0.05)
10.4577 	EXP 	text: text = 'Which one are you going to buy?'
10.4594 	EXP 	eyetracker.setRecordingState(False)
10.4703 	EXP 	text: height = np.float64(0.05)
10.4703 	EXP 	text: height = np.float64(0.05)
10.4703 	EXP 	text: height = np.float64(0.05)
10.4703 	EXP 	text: text = 'Which one are you going to buy?'
10.4710 	EXP 	eyetracker.setRecordingState(False)
10.4796 	EXP 	text: height = np.float64(0.05)
10.4796 	EXP 	text: height = np.float64(0.05)
10.4796 	EXP 	text: height = np.float64(0.05)
10.4796 	EXP 	text: text = 'Which one are you going to buy?'
10.4802 	EXP 	eyetracker.setRecordingState(False)
10.4876 	EXP 	text: height = np.float64(0.05)
10.4876 	EXP 	text: height = np.float64(0.05)
10.4876 	EXP 	text: height = np.float64(0.05)
10.4876 	EXP 	text: text = 'Which one are you going to buy?'
10.4883 	EXP 	eyetracker.setRecordingState(False)
10.4965 	EXP 	text: height = np.float64(0.05)
10.4965 	EXP 	text: height = np.float64(0.05)
10.4965 	EXP 	text: height = np.float64(0.05)
10.4965 	EXP 	text: text = 'Which one are you going to buy?'
10.4976 	EXP 	eyetracker.setRecordingState(False)
10.5087 	EXP 	text: height = np.float64(0.05)
10.5087 	EXP 	text: height = np.float64(0.05)
10.5087 	EXP 	text: height = np.float64(0.05)
10.5087 	EXP 	text: text = 'Which one are you going to buy?'
10.5095 	EXP 	eyetracker.setRecordingState(False)
10.5187 	EXP 	text: height = np.float64(0.05)
10.5187 	EXP 	text: height = np.float64(0.05)
10.5187 	EXP 	text: height = np.float64(0.05)
10.5187 	EXP 	text: text = 'Which one are you going to buy?'
10.5194 	EXP 	eyetracker.setRecordingState(False)
10.5284 	EXP 	text: height = np.float64(0.05)
10.5284 	EXP 	text: height = np.float64(0.05)
10.5284 	EXP 	text: height = np.float64(0.05)
10.5284 	EXP 	text: text = 'Which one are you going to buy?'
10.5296 	EXP 	eyetracker.setRecordingState(False)
10.5413 	EXP 	text: height = np.float64(0.05)
10.5413 	EXP 	text: height = np.float64(0.05)
10.5413 	EXP 	text: height = np.float64(0.05)
10.5413 	EXP 	text: text = 'Which one are you going to buy?'
10.5421 	EXP 	eyetracker.setRecordingState(False)
10.5521 	EXP 	text: height = np.float64(0.05)
10.5521 	EXP 	text: height = np.float64(0.05)
10.5521 	EXP 	text: height = np.float64(0.05)
10.5521 	EXP 	text: text = 'Which one are you going to buy?'
10.5532 	EXP 	eyetracker.setRecordingState(False)
10.5627 	EXP 	text: height = np.float64(0.05)
10.5627 	EXP 	text: height = np.float64(0.05)
10.5627 	EXP 	text: height = np.float64(0.05)
10.5627 	EXP 	text: text = 'Which one are you going to buy?'
10.5634 	EXP 	eyetracker.setRecordingState(False)
10.5717 	EXP 	text: height = np.float64(0.05)
10.5717 	EXP 	text: height = np.float64(0.05)
10.5717 	EXP 	text: height = np.float64(0.05)
10.5717 	EXP 	text: text = 'Which one are you going to buy?'
10.5727 	EXP 	eyetracker.setRecordingState(False)
10.5812 	EXP 	text: height = np.float64(0.05)
10.5812 	EXP 	text: height = np.float64(0.05)
10.5812 	EXP 	text: height = np.float64(0.05)
10.5812 	EXP 	text: text = 'Which one are you going to buy?'
10.5820 	EXP 	eyetracker.setRecordingState(False)
10.5917 	EXP 	text: height = np.float64(0.05)
10.5917 	EXP 	text: height = np.float64(0.05)
10.5917 	EXP 	text: height = np.float64(0.05)
10.5917 	EXP 	text: text = 'Which one are you going to buy?'
10.5924 	EXP 	eyetracker.setRecordingState(False)
10.6016 	EXP 	text: height = np.float64(0.05)
10.6016 	EXP 	text: height = np.float64(0.05)
10.6016 	EXP 	text: height = np.float64(0.05)
10.6016 	EXP 	text: text = 'Which one are you going to buy?'
10.6024 	EXP 	eyetracker.setRecordingState(False)
10.6106 	EXP 	text: height = np.float64(0.05)
10.6106 	EXP 	text: height = np.float64(0.05)
10.6106 	EXP 	text: height = np.float64(0.05)
10.6106 	EXP 	text: text = 'Which one are you going to buy?'
10.6111 	EXP 	eyetracker.setRecordingState(False)
10.6188 	EXP 	text: height = np.float64(0.05)
10.6188 	EXP 	text: height = np.float64(0.05)
10.6188 	EXP 	text: height = np.float64(0.05)
10.6188 	EXP 	text: text = 'Which one are you going to buy?'
10.6194 	EXP 	eyetracker.setRecordingState(False)
10.6268 	EXP 	text: height = np.float64(0.05)
10.6268 	EXP 	text: height = np.float64(0.05)
10.6268 	EXP 	text: height = np.float64(0.05)
10.6268 	EXP 	text: text = 'Which one are you going to buy?'
10.6273 	EXP 	eyetracker.setRecordingState(False)
10.6346 	EXP 	text: height = np.float64(0.05)
10.6346 	EXP 	text: height = np.float64(0.05)
10.6346 	EXP 	text: height = np.float64(0.05)
10.6346 	EXP 	text: text = 'Which one are you going to buy?'
10.6351 	EXP 	eyetracker.setRecordingState(False)
10.6417 	EXP 	text: height = np.float64(0.05)
10.6417 	EXP 	text: height = np.float64(0.05)
10.6417 	EXP 	text: height = np.float64(0.05)
10.6417 	EXP 	text: text = 'Which one are you going to buy?'
10.6423 	EXP 	eyetracker.setRecordingState(False)
10.6501 	EXP 	text: height = np.float64(0.05)
10.6501 	EXP 	text: height = np.float64(0.05)
10.6501 	EXP 	text: height = np.float64(0.05)
10.6501 	EXP 	text: text = 'Which one are you going to buy?'
10.6509 	EXP 	eyetracker.setRecordingState(False)
10.6614 	EXP 	text: height = np.float64(0.05)
10.6614 	EXP 	text: height = np.float64(0.05)
10.6614 	EXP 	text: height = np.float64(0.05)
10.6614 	EXP 	text: text = 'Which one are you going to buy?'
10.6624 	EXP 	eyetracker.setRecordingState(False)
10.6731 	EXP 	text: height = np.float64(0.05)
10.6731 	EXP 	text: height = np.float64(0.05)
10.6731 	EXP 	text: height = np.float64(0.05)
10.6731 	EXP 	text: text = 'Which one are you going to buy?'
10.6737 	EXP 	eyetracker.setRecordingState(False)
10.6829 	EXP 	text: height = np.float64(0.05)
10.6829 	EXP 	text: height = np.float64(0.05)
10.6829 	EXP 	text: height = np.float64(0.05)
10.6829 	EXP 	text: text = 'Which one are you going to buy?'
10.6836 	EXP 	eyetracker.setRecordingState(False)
10.6918 	EXP 	text: height = np.float64(0.05)
10.6918 	EXP 	text: height = np.float64(0.05)
10.6918 	EXP 	text: height = np.float64(0.05)
10.6918 	EXP 	text: text = 'Which one are you going to buy?'
10.6925 	EXP 	eyetracker.setRecordingState(False)
10.7000 	EXP 	text: height = np.float64(0.05)
10.7000 	EXP 	text: height = np.float64(0.05)
10.7000 	EXP 	text: height = np.float64(0.05)
10.7000 	EXP 	text: text = 'Which one are you going to buy?'
10.7005 	EXP 	eyetracker.setRecordingState(False)
10.7075 	EXP 	text: height = np.float64(0.05)
10.7075 	EXP 	text: height = np.float64(0.05)
10.7075 	EXP 	text: height = np.float64(0.05)
10.7075 	EXP 	text: text = 'Which one are you going to buy?'
10.7079 	EXP 	eyetracker.setRecordingState(False)
10.7152 	EXP 	text: height = np.float64(0.05)
10.7152 	EXP 	text: height = np.float64(0.05)
10.7152 	EXP 	text: height = np.float64(0.05)
10.7152 	EXP 	text: text = 'Which one are you going to buy?'
10.7159 	EXP 	eyetracker.setRecordingState(False)
10.7234 	EXP 	text: height = np.float64(0.05)
10.7234 	EXP 	text: height = np.float64(0.05)
10.7234 	EXP 	text: height = np.float64(0.05)
10.7234 	EXP 	text: text = 'Which one are you going to buy?'
10.7241 	EXP 	eyetracker.setRecordingState(False)
10.7317 	EXP 	text: height = np.float64(0.05)
10.7317 	EXP 	text: height = np.float64(0.05)
10.7317 	EXP 	text: height = np.float64(0.05)
10.7317 	EXP 	text: text = 'Which one are you going to buy?'
10.7322 	EXP 	eyetracker.setRecordingState(False)
10.7392 	EXP 	text: height = np.float64(0.05)
10.7392 	EXP 	text: height = np.float64(0.05)
10.7392 	EXP 	text: height = np.float64(0.05)
10.7392 	EXP 	text: text = 'Which one are you going to buy?'
10.7398 	EXP 	eyetracker.setRecordingState(False)
10.7468 	EXP 	text: height = np.float64(0.05)
10.7468 	EXP 	text: height = np.float64(0.05)
10.7468 	EXP 	text: height = np.float64(0.05)
10.7468 	EXP 	text: text = 'Which one are you going to buy?'
10.7473 	EXP 	eyetracker.setRecordingState(False)
10.7545 	EXP 	text: height = np.float64(0.05)
10.7545 	EXP 	text: height = np.float64(0.05)
10.7545 	EXP 	text: height = np.float64(0.05)
10.7545 	EXP 	text: text = 'Which one are you going to buy?'
10.7553 	EXP 	eyetracker.setRecordingState(False)
10.7645 	EXP 	text: height = np.float64(0.05)
10.7645 	EXP 	text: height = np.float64(0.05)
10.7645 	EXP 	text: height = np.float64(0.05)
10.7645 	EXP 	text: text = 'Which one are you going to buy?'
10.7651 	EXP 	eyetracker.setRecordingState(False)
10.7731 	EXP 	text: height = np.float64(0.05)
10.7731 	EXP 	text: height = np.float64(0.05)
10.7731 	EXP 	text: height = np.float64(0.05)
10.7731 	EXP 	text: text = 'Which one are you going to buy?'
10.7740 	EXP 	eyetracker.setRecordingState(False)
10.7824 	EXP 	text: height = np.float64(0.05)
10.7824 	EXP 	text: height = np.float64(0.05)
10.7824 	EXP 	text: height = np.float64(0.05)
10.7824 	EXP 	text: text = 'Which one are you going to buy?'
10.7834 	EXP 	eyetracker.setRecordingState(False)
10.7939 	EXP 	text: height = np.float64(0.05)
10.7939 	EXP 	text: height = np.float64(0.05)
10.7939 	EXP 	text: height = np.float64(0.05)
10.7939 	EXP 	text: text = 'Which one are you going to buy?'
10.7946 	EXP 	eyetracker.setRecordingState(False)
10.8029 	EXP 	text: height = np.float64(0.05)
10.8029 	EXP 	text: height = np.float64(0.05)
10.8029 	EXP 	text: height = np.float64(0.05)
10.8029 	EXP 	text: text = 'Which one are you going to buy?'
10.8039 	EXP 	eyetracker.setRecordingState(False)
10.8126 	EXP 	text: height = np.float64(0.05)
10.8126 	EXP 	text: height = np.float64(0.05)
10.8126 	EXP 	text: height = np.float64(0.05)
10.8126 	EXP 	text: text = 'Which one are you going to buy?'
10.8136 	EXP 	eyetracker.setRecordingState(False)
10.8244 	EXP 	text: height = np.float64(0.05)
10.8244 	EXP 	text: height = np.float64(0.05)
10.8244 	EXP 	text: height = np.float64(0.05)
10.8244 	EXP 	text: text = 'Which one are you going to buy?'
10.8252 	EXP 	eyetracker.setRecordingState(False)
10.8367 	EXP 	text: height = np.float64(0.05)
10.8367 	EXP 	text: height = np.float64(0.05)
10.8367 	EXP 	text: height = np.float64(0.05)
10.8367 	EXP 	text: text = 'Which one are you going to buy?'
10.8384 	EXP 	eyetracker.setRecordingState(False)
10.8537 	EXP 	text: height = np.float64(0.05)
10.8537 	EXP 	text: height = np.float64(0.05)
10.8537 	EXP 	text: height = np.float64(0.05)
10.8537 	EXP 	text: text = 'Which one are you going to buy?'
10.8555 	EXP 	eyetracker.setRecordingState(False)
10.8693 	EXP 	text: height = np.float64(0.05)
10.8693 	EXP 	text: height = np.float64(0.05)
10.8693 	EXP 	text: height = np.float64(0.05)
10.8693 	EXP 	text: text = 'Which one are you going to buy?'
10.8710 	EXP 	eyetracker.setRecordingState(False)
10.8830 	EXP 	text: height = np.float64(0.05)
10.8830 	EXP 	text: height = np.float64(0.05)
10.8830 	EXP 	text: height = np.float64(0.05)
10.8830 	EXP 	text: text = 'Which one are you going to buy?'
10.8840 	EXP 	eyetracker.setRecordingState(False)
10.8926 	EXP 	text: height = np.float64(0.05)
10.8926 	EXP 	text: height = np.float64(0.05)
10.8926 	EXP 	text: height = np.float64(0.05)
10.8926 	EXP 	text: text = 'Which one are you going to buy?'
10.8933 	EXP 	eyetracker.setRecordingState(False)
10.9029 	EXP 	text: height = np.float64(0.05)
10.9029 	EXP 	text: height = np.float64(0.05)
10.9029 	EXP 	text: height = np.float64(0.05)
10.9029 	EXP 	text: text = 'Which one are you going to buy?'
10.9038 	EXP 	eyetracker.setRecordingState(False)
10.9138 	EXP 	text: height = np.float64(0.05)
10.9138 	EXP 	text: height = np.float64(0.05)
10.9138 	EXP 	text: height = np.float64(0.05)
10.9138 	EXP 	text: text = 'Which one are you going to buy?'
10.9146 	EXP 	eyetracker.setRecordingState(False)
10.9233 	EXP 	text: height = np.float64(0.05)
10.9233 	EXP 	text: height = np.float64(0.05)
10.9233 	EXP 	text: height = np.float64(0.05)
10.9233 	EXP 	text: text = 'Which one are you going to buy?'
10.9238 	EXP 	eyetracker.setRecordingState(False)
10.9317 	EXP 	text: height = np.float64(0.05)
10.9317 	EXP 	text: height = np.float64(0.05)
10.9317 	EXP 	text: height = np.float64(0.05)
10.9317 	EXP 	text: text = 'Which one are you going to buy?'
10.9328 	EXP 	eyetracker.setRecordingState(False)
10.9440 	EXP 	text: height = np.float64(0.05)
10.9440 	EXP 	text: height = np.float64(0.05)
10.9440 	EXP 	text: height = np.float64(0.05)
10.9440 	EXP 	text: text = 'Which one are you going to buy?'
10.9449 	EXP 	eyetracker.setRecordingState(False)
10.9549 	EXP 	text: height = np.float64(0.05)
10.9549 	EXP 	text: height = np.float64(0.05)
10.9549 	EXP 	text: height = np.float64(0.05)
10.9549 	EXP 	text: text = 'Which one are you going to buy?'
10.9556 	EXP 	eyetracker.setRecordingState(False)
10.9636 	EXP 	text: height = np.float64(0.05)
10.9636 	EXP 	text: height = np.float64(0.05)
10.9636 	EXP 	text: height = np.float64(0.05)
10.9636 	EXP 	text: text = 'Which one are you going to buy?'
10.9642 	EXP 	eyetracker.setRecordingState(False)
10.9715 	EXP 	text: height = np.float64(0.05)
10.9715 	EXP 	text: height = np.float64(0.05)
10.9715 	EXP 	text: height = np.float64(0.05)
10.9715 	EXP 	text: text = 'Which one are you going to buy?'
10.9721 	EXP 	eyetracker.setRecordingState(False)
10.9792 	EXP 	text: height = np.float64(0.05)
10.9792 	EXP 	text: height = np.float64(0.05)
10.9792 	EXP 	text: height = np.float64(0.05)
10.9792 	EXP 	text: text = 'Which one are you going to buy?'
10.9798 	EXP 	eyetracker.setRecordingState(False)
10.9884 	EXP 	text: height = np.float64(0.05)
10.9884 	EXP 	text: height = np.float64(0.05)
10.9884 	EXP 	text: height = np.float64(0.05)
10.9884 	EXP 	text: text = 'Which one are you going to buy?'
10.9893 	EXP 	eyetracker.setRecordingState(False)
10.9996 	EXP 	text: height = np.float64(0.05)
10.9996 	EXP 	text: height = np.float64(0.05)
10.9996 	EXP 	text: height = np.float64(0.05)
10.9996 	EXP 	text: text = 'Which one are you going to buy?'
11.0006 	EXP 	eyetracker.setRecordingState(False)
11.0108 	EXP 	text: height = np.float64(0.05)
11.0108 	EXP 	text: height = np.float64(0.05)
11.0108 	EXP 	text: height = np.float64(0.05)
11.0108 	EXP 	text: text = 'Which one are you going to buy?'
11.0123 	EXP 	eyetracker.setRecordingState(False)
11.0274 	EXP 	text: height = np.float64(0.05)
11.0274 	EXP 	text: height = np.float64(0.05)
11.0274 	EXP 	text: height = np.float64(0.05)
11.0274 	EXP 	text: text = 'Which one are you going to buy?'
11.0295 	EXP 	eyetracker.setRecordingState(False)
11.0475 	EXP 	text: height = np.float64(0.05)
11.0475 	EXP 	text: height = np.float64(0.05)
11.0475 	EXP 	text: height = np.float64(0.05)
11.0475 	EXP 	text: text = 'Which one are you going to buy?'
11.0490 	EXP 	eyetracker.setRecordingState(False)
11.0632 	EXP 	text: height = np.float64(0.05)
11.0632 	EXP 	text: height = np.float64(0.05)
11.0632 	EXP 	text: height = np.float64(0.05)
11.0632 	EXP 	text: text = 'Which one are you going to buy?'
11.0644 	EXP 	eyetracker.setRecordingState(False)
11.0751 	EXP 	text: height = np.float64(0.05)
11.0751 	EXP 	text: height = np.float64(0.05)
11.0751 	EXP 	text: height = np.float64(0.05)
11.0751 	EXP 	text: text = 'Which one are you going to buy?'
11.0759 	EXP 	eyetracker.setRecordingState(False)
11.0840 	EXP 	text: height = np.float64(0.05)
11.0840 	EXP 	text: height = np.float64(0.05)
11.0840 	EXP 	text: height = np.float64(0.05)
11.0840 	EXP 	text: text = 'Which one are you going to buy?'
11.0847 	EXP 	eyetracker.setRecordingState(False)
11.0925 	EXP 	text: height = np.float64(0.05)
11.0925 	EXP 	text: height = np.float64(0.05)
11.0925 	EXP 	text: height = np.float64(0.05)
11.0925 	EXP 	text: text = 'Which one are you going to buy?'
11.0932 	EXP 	eyetracker.setRecordingState(False)
11.1056 	EXP 	text: height = np.float64(0.05)
11.1056 	EXP 	text: height = np.float64(0.05)
11.1056 	EXP 	text: height = np.float64(0.05)
11.1056 	EXP 	text: text = 'Which one are you going to buy?'
11.1071 	EXP 	eyetracker.setRecordingState(False)
11.1225 	EXP 	text: height = np.float64(0.05)
11.1225 	EXP 	text: height = np.float64(0.05)
11.1225 	EXP 	text: height = np.float64(0.05)
11.1225 	EXP 	text: text = 'Which one are you going to buy?'
11.1237 	EXP 	eyetracker.setRecordingState(False)
11.1407 	EXP 	text: height = np.float64(0.05)
11.1407 	EXP 	text: height = np.float64(0.05)
11.1407 	EXP 	text: height = np.float64(0.05)
11.1407 	EXP 	text: text = 'Which one are you going to buy?'
11.1422 	EXP 	eyetracker.setRecordingState(False)
11.1536 	EXP 	text: height = np.float64(0.05)
11.1536 	EXP 	text: height = np.float64(0.05)
11.1536 	EXP 	text: height = np.float64(0.05)
11.1536 	EXP 	text: text = 'Which one are you going to buy?'
11.1544 	EXP 	eyetracker.setRecordingState(False)
11.1635 	EXP 	text: height = np.float64(0.05)
11.1635 	EXP 	text: height = np.float64(0.05)
11.1635 	EXP 	text: height = np.float64(0.05)
11.1635 	EXP 	text: text = 'Which one are you going to buy?'
11.1642 	EXP 	eyetracker.setRecordingState(False)
11.1722 	EXP 	text: height = np.float64(0.05)
11.1722 	EXP 	text: height = np.float64(0.05)
11.1722 	EXP 	text: height = np.float64(0.05)
11.1722 	EXP 	text: text = 'Which one are you going to buy?'
11.1727 	EXP 	eyetracker.setRecordingState(False)
11.1796 	EXP 	text: height = np.float64(0.05)
11.1796 	EXP 	text: height = np.float64(0.05)
11.1796 	EXP 	text: height = np.float64(0.05)
11.1796 	EXP 	text: text = 'Which one are you going to buy?'
11.1801 	EXP 	eyetracker.setRecordingState(False)
11.1885 	EXP 	text: height = np.float64(0.05)
11.1885 	EXP 	text: height = np.float64(0.05)
11.1885 	EXP 	text: height = np.float64(0.05)
11.1885 	EXP 	text: text = 'Which one are you going to buy?'
11.1895 	EXP 	eyetracker.setRecordingState(False)
11.1993 	EXP 	text: height = np.float64(0.05)
11.1993 	EXP 	text: height = np.float64(0.05)
11.1993 	EXP 	text: height = np.float64(0.05)
11.1993 	EXP 	text: text = 'Which one are you going to buy?'
11.2001 	EXP 	eyetracker.setRecordingState(False)
11.2102 	EXP 	text: height = np.float64(0.05)
11.2102 	EXP 	text: height = np.float64(0.05)
11.2102 	EXP 	text: height = np.float64(0.05)
11.2102 	EXP 	text: text = 'Which one are you going to buy?'
11.2119 	EXP 	eyetracker.setRecordingState(False)
11.2267 	EXP 	text: height = np.float64(0.05)
11.2267 	EXP 	text: height = np.float64(0.05)
11.2267 	EXP 	text: height = np.float64(0.05)
11.2267 	EXP 	text: text = 'Which one are you going to buy?'
11.2285 	EXP 	eyetracker.setRecordingState(False)
11.2429 	EXP 	text: height = np.float64(0.05)
11.2429 	EXP 	text: height = np.float64(0.05)
11.2429 	EXP 	text: height = np.float64(0.05)
11.2429 	EXP 	text: text = 'Which one are you going to buy?'
11.2443 	EXP 	eyetracker.setRecordingState(False)
11.2609 	EXP 	text: height = np.float64(0.05)
11.2609 	EXP 	text: height = np.float64(0.05)
11.2609 	EXP 	text: height = np.float64(0.05)
11.2609 	EXP 	text: text = 'Which one are you going to buy?'
11.2624 	EXP 	eyetracker.setRecordingState(False)
11.2789 	EXP 	text: height = np.float64(0.05)
11.2789 	EXP 	text: height = np.float64(0.05)
11.2789 	EXP 	text: height = np.float64(0.05)
11.2789 	EXP 	text: text = 'Which one are you going to buy?'
11.2806 	EXP 	eyetracker.setRecordingState(False)
11.2934 	EXP 	text: height = np.float64(0.05)
11.2934 	EXP 	text: height = np.float64(0.05)
11.2934 	EXP 	text: height = np.float64(0.05)
11.2934 	EXP 	text: text = 'Which one are you going to buy?'
11.2944 	EXP 	eyetracker.setRecordingState(False)
11.3085 	EXP 	text: height = np.float64(0.05)
11.3085 	EXP 	text: height = np.float64(0.05)
11.3085 	EXP 	text: height = np.float64(0.05)
11.3085 	EXP 	text: text = 'Which one are you going to buy?'
11.3102 	EXP 	eyetracker.setRecordingState(False)
11.3251 	EXP 	text: height = np.float64(0.05)
11.3251 	EXP 	text: height = np.float64(0.05)
11.3251 	EXP 	text: height = np.float64(0.05)
11.3251 	EXP 	text: text = 'Which one are you going to buy?'
11.3264 	EXP 	eyetracker.setRecordingState(False)
11.3415 	EXP 	text: height = np.float64(0.05)
11.3415 	EXP 	text: height = np.float64(0.05)
11.3415 	EXP 	text: height = np.float64(0.05)
11.3415 	EXP 	text: text = 'Which one are you going to buy?'
11.3436 	EXP 	eyetracker.setRecordingState(False)
11.3566 	EXP 	text: height = np.float64(0.05)
11.3566 	EXP 	text: height = np.float64(0.05)
11.3566 	EXP 	text: height = np.float64(0.05)
11.3566 	EXP 	text: text = 'Which one are you going to buy?'
11.3575 	EXP 	eyetracker.setRecordingState(False)
11.3681 	EXP 	text: height = np.float64(0.05)
11.3681 	EXP 	text: height = np.float64(0.05)
11.3681 	EXP 	text: height = np.float64(0.05)
11.3681 	EXP 	text: text = 'Which one are you going to buy?'
11.3689 	EXP 	eyetracker.setRecordingState(False)
11.3780 	EXP 	text: height = np.float64(0.05)
11.3780 	EXP 	text: height = np.float64(0.05)
11.3780 	EXP 	text: height = np.float64(0.05)
11.3780 	EXP 	text: text = 'Which one are you going to buy?'
11.3788 	EXP 	eyetracker.setRecordingState(False)
11.3894 	EXP 	text: height = np.float64(0.05)
11.3894 	EXP 	text: height = np.float64(0.05)
11.3894 	EXP 	text: height = np.float64(0.05)
11.3894 	EXP 	text: text = 'Which one are you going to buy?'
11.3920 	EXP 	eyetracker.setRecordingState(False)
11.4065 	EXP 	text: height = np.float64(0.05)
11.4065 	EXP 	text: height = np.float64(0.05)
11.4065 	EXP 	text: height = np.float64(0.05)
11.4065 	EXP 	text: text = 'Which one are you going to buy?'
11.4076 	EXP 	eyetracker.setRecordingState(False)
11.4201 	EXP 	text: height = np.float64(0.05)
11.4201 	EXP 	text: height = np.float64(0.05)
11.4201 	EXP 	text: height = np.float64(0.05)
11.4201 	EXP 	text: text = 'Which one are you going to buy?'
11.4219 	EXP 	eyetracker.setRecordingState(False)
11.4350 	EXP 	text: height = np.float64(0.05)
11.4350 	EXP 	text: height = np.float64(0.05)
11.4350 	EXP 	text: height = np.float64(0.05)
11.4350 	EXP 	text: text = 'Which one are you going to buy?'
11.4360 	EXP 	eyetracker.setRecordingState(False)
11.4454 	EXP 	text: height = np.float64(0.05)
11.4454 	EXP 	text: height = np.float64(0.05)
11.4454 	EXP 	text: height = np.float64(0.05)
11.4454 	EXP 	text: text = 'Which one are you going to buy?'
11.4463 	EXP 	eyetracker.setRecordingState(False)
11.4605 	EXP 	text: height = np.float64(0.05)
11.4605 	EXP 	text: height = np.float64(0.05)
11.4605 	EXP 	text: height = np.float64(0.05)
11.4605 	EXP 	text: text = 'Which one are you going to buy?'
11.4623 	EXP 	eyetracker.setRecordingState(False)
11.4779 	EXP 	text: height = np.float64(0.05)
11.4779 	EXP 	text: height = np.float64(0.05)
11.4779 	EXP 	text: height = np.float64(0.05)
11.4779 	EXP 	text: text = 'Which one are you going to buy?'
11.4790 	EXP 	eyetracker.setRecordingState(False)
11.4897 	EXP 	text: height = np.float64(0.05)
11.4897 	EXP 	text: height = np.float64(0.05)
11.4897 	EXP 	text: height = np.float64(0.05)
11.4897 	EXP 	text: text = 'Which one are you going to buy?'
11.4905 	EXP 	eyetracker.setRecordingState(False)
11.4997 	EXP 	text: height = np.float64(0.05)
11.4997 	EXP 	text: height = np.float64(0.05)
11.4997 	EXP 	text: height = np.float64(0.05)
11.4997 	EXP 	text: text = 'Which one are you going to buy?'
11.5003 	EXP 	eyetracker.setRecordingState(False)
11.5112 	EXP 	text: height = np.float64(0.05)
11.5112 	EXP 	text: height = np.float64(0.05)
11.5112 	EXP 	text: height = np.float64(0.05)
11.5112 	EXP 	text: text = 'Which one are you going to buy?'
11.5128 	EXP 	eyetracker.setRecordingState(False)
11.5293 	EXP 	text: height = np.float64(0.05)
11.5293 	EXP 	text: height = np.float64(0.05)
11.5293 	EXP 	text: height = np.float64(0.05)
11.5293 	EXP 	text: text = 'Which one are you going to buy?'
11.5304 	EXP 	eyetracker.setRecordingState(False)
11.5488 	EXP 	text: height = np.float64(0.05)
11.5488 	EXP 	text: height = np.float64(0.05)
11.5488 	EXP 	text: height = np.float64(0.05)
11.5488 	EXP 	text: text = 'Which one are you going to buy?'
11.5506 	EXP 	eyetracker.setRecordingState(False)
11.5704 	EXP 	text: height = np.float64(0.05)
11.5704 	EXP 	text: height = np.float64(0.05)
11.5704 	EXP 	text: height = np.float64(0.05)
11.5704 	EXP 	text: text = 'Which one are you going to buy?'
11.5723 	EXP 	eyetracker.setRecordingState(False)
11.5866 	EXP 	text: height = np.float64(0.05)
11.5866 	EXP 	text: height = np.float64(0.05)
11.5866 	EXP 	text: height = np.float64(0.05)
11.5866 	EXP 	text: text = 'Which one are you going to buy?'
11.5876 	EXP 	eyetracker.setRecordingState(False)
11.6022 	EXP 	text: height = np.float64(0.05)
11.6022 	EXP 	text: height = np.float64(0.05)
11.6022 	EXP 	text: height = np.float64(0.05)
11.6022 	EXP 	text: text = 'Which one are you going to buy?'
11.6040 	EXP 	eyetracker.setRecordingState(False)
11.6206 	EXP 	text: height = np.float64(0.05)
11.6206 	EXP 	text: height = np.float64(0.05)
11.6206 	EXP 	text: height = np.float64(0.05)
11.6206 	EXP 	text: text = 'Which one are you going to buy?'
11.6220 	EXP 	eyetracker.setRecordingState(False)
11.6399 	EXP 	text: height = np.float64(0.05)
11.6399 	EXP 	text: height = np.float64(0.05)
11.6399 	EXP 	text: height = np.float64(0.05)
11.6399 	EXP 	text: text = 'Which one are you going to buy?'
11.6422 	EXP 	eyetracker.setRecordingState(False)
11.6577 	EXP 	text: height = np.float64(0.05)
11.6577 	EXP 	text: height = np.float64(0.05)
11.6577 	EXP 	text: height = np.float64(0.05)
11.6577 	EXP 	text: text = 'Which one are you going to buy?'
11.6588 	EXP 	eyetracker.setRecordingState(False)
11.6730 	EXP 	text: height = np.float64(0.05)
11.6730 	EXP 	text: height = np.float64(0.05)
11.6730 	EXP 	text: height = np.float64(0.05)
11.6730 	EXP 	text: text = 'Which one are you going to buy?'
11.6750 	EXP 	eyetracker.setRecordingState(False)
11.6900 	EXP 	text: height = np.float64(0.05)
11.6900 	EXP 	text: height = np.float64(0.05)
11.6900 	EXP 	text: height = np.float64(0.05)
11.6900 	EXP 	text: text = 'Which one are you going to buy?'
11.6912 	EXP 	eyetracker.setRecordingState(False)
11.7045 	EXP 	text: height = np.float64(0.05)
11.7045 	EXP 	text: height = np.float64(0.05)
11.7045 	EXP 	text: height = np.float64(0.05)
11.7045 	EXP 	text: text = 'Which one are you going to buy?'
11.7065 	EXP 	eyetracker.setRecordingState(False)
11.7202 	EXP 	text: height = np.float64(0.05)
11.7202 	EXP 	text: height = np.float64(0.05)
11.7202 	EXP 	text: height = np.float64(0.05)
11.7202 	EXP 	text: text = 'Which one are you going to buy?'
11.7229 	EXP 	eyetracker.setRecordingState(False)
11.7330 	EXP 	text: height = np.float64(0.05)
11.7330 	EXP 	text: height = np.float64(0.05)
11.7330 	EXP 	text: height = np.float64(0.05)
11.7330 	EXP 	text: text = 'Which one are you going to buy?'
11.7339 	EXP 	eyetracker.setRecordingState(False)
11.7444 	EXP 	text: height = np.float64(0.05)
11.7444 	EXP 	text: height = np.float64(0.05)
11.7444 	EXP 	text: height = np.float64(0.05)
11.7444 	EXP 	text: text = 'Which one are you going to buy?'
11.7453 	EXP 	eyetracker.setRecordingState(False)
11.7573 	EXP 	text: height = np.float64(0.05)
11.7573 	EXP 	text: height = np.float64(0.05)
11.7573 	EXP 	text: height = np.float64(0.05)
11.7573 	EXP 	text: text = 'Which one are you going to buy?'
11.7590 	EXP 	eyetracker.setRecordingState(False)
11.7784 	EXP 	text: height = np.float64(0.05)
11.7784 	EXP 	text: height = np.float64(0.05)
11.7784 	EXP 	text: height = np.float64(0.05)
11.7784 	EXP 	text: text = 'Which one are you going to buy?'
11.7801 	EXP 	eyetracker.setRecordingState(False)
11.8033 	EXP 	text: height = np.float64(0.05)
11.8033 	EXP 	text: height = np.float64(0.05)
11.8033 	EXP 	text: height = np.float64(0.05)
11.8033 	EXP 	text: text = 'Which one are you going to buy?'
11.8057 	EXP 	eyetracker.setRecordingState(False)
11.8306 	EXP 	text: height = np.float64(0.05)
11.8306 	EXP 	text: height = np.float64(0.05)
11.8306 	EXP 	text: height = np.float64(0.05)
11.8306 	EXP 	text: text = 'Which one are you going to buy?'
11.8335 	EXP 	eyetracker.setRecordingState(False)
11.8561 	EXP 	text: height = np.float64(0.05)
11.8561 	EXP 	text: height = np.float64(0.05)
11.8561 	EXP 	text: height = np.float64(0.05)
11.8561 	EXP 	text: text = 'Which one are you going to buy?'
11.8583 	EXP 	eyetracker.setRecordingState(False)
11.8757 	EXP 	text: height = np.float64(0.05)
11.8757 	EXP 	text: height = np.float64(0.05)
11.8757 	EXP 	text: height = np.float64(0.05)
11.8757 	EXP 	text: text = 'Which one are you going to buy?'
11.8771 	EXP 	eyetracker.setRecordingState(False)
11.8920 	EXP 	text: height = np.float64(0.05)
11.8920 	EXP 	text: height = np.float64(0.05)
11.8920 	EXP 	text: height = np.float64(0.05)
11.8920 	EXP 	text: text = 'Which one are you going to buy?'
11.8944 	EXP 	eyetracker.setRecordingState(False)
11.9105 	EXP 	text: height = np.float64(0.05)
11.9105 	EXP 	text: height = np.float64(0.05)
11.9105 	EXP 	text: height = np.float64(0.05)
11.9105 	EXP 	text: text = 'Which one are you going to buy?'
11.9117 	EXP 	eyetracker.setRecordingState(False)
11.9250 	EXP 	text: height = np.float64(0.05)
11.9250 	EXP 	text: height = np.float64(0.05)
11.9250 	EXP 	text: height = np.float64(0.05)
11.9250 	EXP 	text: text = 'Which one are you going to buy?'
11.9266 	EXP 	eyetracker.setRecordingState(False)
11.9384 	EXP 	text: height = np.float64(0.05)
11.9384 	EXP 	text: height = np.float64(0.05)
11.9384 	EXP 	text: height = np.float64(0.05)
11.9384 	EXP 	text: text = 'Which one are you going to buy?'
11.9393 	EXP 	eyetracker.setRecordingState(False)
11.9506 	EXP 	text: height = np.float64(0.05)
11.9506 	EXP 	text: height = np.float64(0.05)
11.9506 	EXP 	text: height = np.float64(0.05)
11.9506 	EXP 	text: text = 'Which one are you going to buy?'
11.9524 	EXP 	eyetracker.setRecordingState(False)
11.9692 	EXP 	text: height = np.float64(0.05)
11.9692 	EXP 	text: height = np.float64(0.05)
11.9692 	EXP 	text: height = np.float64(0.05)
11.9692 	EXP 	text: text = 'Which one are you going to buy?'
11.9708 	EXP 	eyetracker.setRecordingState(False)
11.9846 	EXP 	text: height = np.float64(0.05)
11.9846 	EXP 	text: height = np.float64(0.05)
11.9846 	EXP 	text: height = np.float64(0.05)
11.9846 	EXP 	text: text = 'Which one are you going to buy?'
11.9855 	EXP 	eyetracker.setRecordingState(False)
11.9975 	EXP 	text: height = np.float64(0.05)
11.9975 	EXP 	text: height = np.float64(0.05)
11.9975 	EXP 	text: height = np.float64(0.05)
11.9975 	EXP 	text: text = 'Which one are you going to buy?'
11.9987 	EXP 	eyetracker.setRecordingState(False)
12.0100 	EXP 	text: height = np.float64(0.05)
12.0100 	EXP 	text: height = np.float64(0.05)
12.0100 	EXP 	text: height = np.float64(0.05)
12.0100 	EXP 	text: text = 'Which one are you going to buy?'
12.0108 	EXP 	eyetracker.setRecordingState(False)
12.0223 	EXP 	text: height = np.float64(0.05)
12.0223 	EXP 	text: height = np.float64(0.05)
12.0223 	EXP 	text: height = np.float64(0.05)
12.0223 	EXP 	text: text = 'Which one are you going to buy?'
12.0237 	EXP 	eyetracker.setRecordingState(False)
12.0354 	EXP 	text: height = np.float64(0.05)
12.0354 	EXP 	text: height = np.float64(0.05)
12.0354 	EXP 	text: height = np.float64(0.05)
12.0354 	EXP 	text: text = 'Which one are you going to buy?'
12.0362 	EXP 	eyetracker.setRecordingState(False)
12.0488 	EXP 	text: height = np.float64(0.05)
12.0488 	EXP 	text: height = np.float64(0.05)
12.0488 	EXP 	text: height = np.float64(0.05)
12.0488 	EXP 	text: text = 'Which one are you going to buy?'
12.0504 	EXP 	eyetracker.setRecordingState(False)
12.0682 	EXP 	text: height = np.float64(0.05)
12.0682 	EXP 	text: height = np.float64(0.05)
12.0682 	EXP 	text: height = np.float64(0.05)
12.0682 	EXP 	text: text = 'Which one are you going to buy?'
12.0705 	EXP 	eyetracker.setRecordingState(False)
12.0840 	EXP 	text: height = np.float64(0.05)
12.0840 	EXP 	text: height = np.float64(0.05)
12.0840 	EXP 	text: height = np.float64(0.05)
12.0840 	EXP 	text: text = 'Which one are you going to buy?'
12.0848 	EXP 	eyetracker.setRecordingState(False)
12.0940 	EXP 	text: height = np.float64(0.05)
12.0940 	EXP 	text: height = np.float64(0.05)
12.0940 	EXP 	text: height = np.float64(0.05)
12.0940 	EXP 	text: text = 'Which one are you going to buy?'
12.0947 	EXP 	eyetracker.setRecordingState(False)
12.1042 	EXP 	text: height = np.float64(0.05)
12.1042 	EXP 	text: height = np.float64(0.05)
12.1042 	EXP 	text: height = np.float64(0.05)
12.1042 	EXP 	text: text = 'Which one are you going to buy?'
12.1054 	EXP 	eyetracker.setRecordingState(False)
12.1172 	EXP 	text: height = np.float64(0.05)
12.1172 	EXP 	text: height = np.float64(0.05)
12.1172 	EXP 	text: height = np.float64(0.05)
12.1172 	EXP 	text: text = 'Which one are you going to buy?'
12.1185 	EXP 	eyetracker.setRecordingState(False)
12.1336 	EXP 	text: height = np.float64(0.05)
12.1336 	EXP 	text: height = np.float64(0.05)
12.1336 	EXP 	text: height = np.float64(0.05)
12.1336 	EXP 	text: text = 'Which one are you going to buy?'
12.1350 	EXP 	eyetracker.setRecordingState(False)
12.1471 	EXP 	text: height = np.float64(0.05)
12.1471 	EXP 	text: height = np.float64(0.05)
12.1471 	EXP 	text: height = np.float64(0.05)
12.1471 	EXP 	text: text = 'Which one are you going to buy?'
12.1483 	EXP 	eyetracker.setRecordingState(False)
12.1587 	EXP 	text: height = np.float64(0.05)
12.1587 	EXP 	text: height = np.float64(0.05)
12.1587 	EXP 	text: height = np.float64(0.05)
12.1587 	EXP 	text: text = 'Which one are you going to buy?'
12.1600 	EXP 	eyetracker.setRecordingState(False)
12.1737 	EXP 	text: height = np.float64(0.05)
12.1737 	EXP 	text: height = np.float64(0.05)
12.1737 	EXP 	text: height = np.float64(0.05)
12.1737 	EXP 	text: text = 'Which one are you going to buy?'
12.1748 	EXP 	eyetracker.setRecordingState(False)
12.1890 	EXP 	text: height = np.float64(0.05)
12.1890 	EXP 	text: height = np.float64(0.05)
12.1890 	EXP 	text: height = np.float64(0.05)
12.1890 	EXP 	text: text = 'Which one are you going to buy?'
12.1902 	EXP 	eyetracker.setRecordingState(False)
12.2011 	EXP 	text: height = np.float64(0.05)
12.2011 	EXP 	text: height = np.float64(0.05)
12.2011 	EXP 	text: height = np.float64(0.05)
12.2011 	EXP 	text: text = 'Which one are you going to buy?'
12.2020 	EXP 	eyetracker.setRecordingState(False)
12.2157 	EXP 	text: height = np.float64(0.05)
12.2157 	EXP 	text: height = np.float64(0.05)
12.2157 	EXP 	text: height = np.float64(0.05)
12.2157 	EXP 	text: text = 'Which one are you going to buy?'
12.2173 	EXP 	eyetracker.setRecordingState(False)
12.2333 	EXP 	text: height = np.float64(0.05)
12.2333 	EXP 	text: height = np.float64(0.05)
12.2333 	EXP 	text: height = np.float64(0.05)
12.2333 	EXP 	text: text = 'Which one are you going to buy?'
12.2346 	EXP 	eyetracker.setRecordingState(False)
12.2455 	EXP 	text: height = np.float64(0.05)
12.2455 	EXP 	text: height = np.float64(0.05)
12.2455 	EXP 	text: height = np.float64(0.05)
12.2455 	EXP 	text: text = 'Which one are you going to buy?'
12.2464 	EXP 	eyetracker.setRecordingState(False)
12.2584 	EXP 	text: height = np.float64(0.05)
12.2584 	EXP 	text: height = np.float64(0.05)
12.2584 	EXP 	text: height = np.float64(0.05)
12.2584 	EXP 	text: text = 'Which one are you going to buy?'
12.2602 	EXP 	eyetracker.setRecordingState(False)
12.2744 	EXP 	text: height = np.float64(0.05)
12.2744 	EXP 	text: height = np.float64(0.05)
12.2744 	EXP 	text: height = np.float64(0.05)
12.2744 	EXP 	text: text = 'Which one are you going to buy?'
12.2754 	EXP 	eyetracker.setRecordingState(False)
12.2875 	EXP 	text: height = np.float64(0.05)
12.2875 	EXP 	text: height = np.float64(0.05)
12.2875 	EXP 	text: height = np.float64(0.05)
12.2875 	EXP 	text: text = 'Which one are you going to buy?'
12.2888 	EXP 	eyetracker.setRecordingState(False)
12.3007 	EXP 	text: height = np.float64(0.05)
12.3007 	EXP 	text: height = np.float64(0.05)
12.3007 	EXP 	text: height = np.float64(0.05)
12.3007 	EXP 	text: text = 'Which one are you going to buy?'
12.3015 	EXP 	eyetracker.setRecordingState(False)
12.3143 	EXP 	text: height = np.float64(0.05)
12.3143 	EXP 	text: height = np.float64(0.05)
12.3143 	EXP 	text: height = np.float64(0.05)
12.3143 	EXP 	text: text = 'Which one are you going to buy?'
12.3157 	EXP 	eyetracker.setRecordingState(False)
12.3342 	EXP 	text: height = np.float64(0.05)
12.3342 	EXP 	text: height = np.float64(0.05)
12.3342 	EXP 	text: height = np.float64(0.05)
12.3342 	EXP 	text: text = 'Which one are you going to buy?'
12.3359 	EXP 	eyetracker.setRecordingState(False)
12.3572 	EXP 	text: height = np.float64(0.05)
12.3572 	EXP 	text: height = np.float64(0.05)
12.3572 	EXP 	text: height = np.float64(0.05)
12.3572 	EXP 	text: text = 'Which one are you going to buy?'
12.3592 	EXP 	eyetracker.setRecordingState(False)
12.3793 	EXP 	text: height = np.float64(0.05)
12.3793 	EXP 	text: height = np.float64(0.05)
12.3793 	EXP 	text: height = np.float64(0.05)
12.3793 	EXP 	text: text = 'Which one are you going to buy?'
12.3810 	EXP 	eyetracker.setRecordingState(False)
12.3996 	EXP 	text: height = np.float64(0.05)
12.3996 	EXP 	text: height = np.float64(0.05)
12.3996 	EXP 	text: height = np.float64(0.05)
12.3996 	EXP 	text: text = 'Which one are you going to buy?'
12.4013 	EXP 	eyetracker.setRecordingState(False)
12.4241 	EXP 	text: height = np.float64(0.05)
12.4241 	EXP 	text: height = np.float64(0.05)
12.4241 	EXP 	text: height = np.float64(0.05)
12.4241 	EXP 	text: text = 'Which one are you going to buy?'
12.4262 	EXP 	eyetracker.setRecordingState(False)
12.4482 	EXP 	text: height = np.float64(0.05)
12.4482 	EXP 	text: height = np.float64(0.05)
12.4482 	EXP 	text: height = np.float64(0.05)
12.4482 	EXP 	text: text = 'Which one are you going to buy?'
12.4504 	EXP 	eyetracker.setRecordingState(False)
12.4717 	EXP 	text: height = np.float64(0.05)
12.4717 	EXP 	text: height = np.float64(0.05)
12.4717 	EXP 	text: height = np.float64(0.05)
12.4717 	EXP 	text: text = 'Which one are you going to buy?'
12.4734 	EXP 	eyetracker.setRecordingState(False)
12.4935 	EXP 	text: height = np.float64(0.05)
12.4935 	EXP 	text: height = np.float64(0.05)
12.4935 	EXP 	text: height = np.float64(0.05)
12.4935 	EXP 	text: text = 'Which one are you going to buy?'
12.4959 	EXP 	eyetracker.setRecordingState(False)
12.5170 	EXP 	text: height = np.float64(0.05)
12.5170 	EXP 	text: height = np.float64(0.05)
12.5170 	EXP 	text: height = np.float64(0.05)
12.5170 	EXP 	text: text = 'Which one are you going to buy?'
12.5185 	EXP 	eyetracker.setRecordingState(False)
12.5317 	EXP 	text: height = np.float64(0.05)
12.5317 	EXP 	text: height = np.float64(0.05)
12.5317 	EXP 	text: height = np.float64(0.05)
12.5317 	EXP 	text: text = 'Which one are you going to buy?'
12.5326 	EXP 	eyetracker.setRecordingState(False)
12.5435 	EXP 	text: height = np.float64(0.05)
12.5435 	EXP 	text: height = np.float64(0.05)
12.5435 	EXP 	text: height = np.float64(0.05)
12.5435 	EXP 	text: text = 'Which one are you going to buy?'
12.5442 	EXP 	eyetracker.setRecordingState(False)
12.5544 	EXP 	text: height = np.float64(0.05)
12.5544 	EXP 	text: height = np.float64(0.05)
12.5544 	EXP 	text: height = np.float64(0.05)
12.5544 	EXP 	text: text = 'Which one are you going to buy?'
12.5559 	EXP 	eyetracker.setRecordingState(False)
12.5714 	EXP 	text: height = np.float64(0.05)
12.5714 	EXP 	text: height = np.float64(0.05)
12.5714 	EXP 	text: height = np.float64(0.05)
12.5714 	EXP 	text: text = 'Which one are you going to buy?'
12.5743 	EXP 	eyetracker.setRecordingState(False)
12.5894 	EXP 	text: height = np.float64(0.05)
12.5894 	EXP 	text: height = np.float64(0.05)
12.5894 	EXP 	text: height = np.float64(0.05)
12.5894 	EXP 	text: text = 'Which one are you going to buy?'
12.5906 	EXP 	eyetracker.setRecordingState(False)
12.6036 	EXP 	text: height = np.float64(0.05)
12.6036 	EXP 	text: height = np.float64(0.05)
12.6036 	EXP 	text: height = np.float64(0.05)
12.6036 	EXP 	text: text = 'Which one are you going to buy?'
12.6052 	EXP 	eyetracker.setRecordingState(False)
12.6192 	EXP 	text: height = np.float64(0.05)
12.6192 	EXP 	text: height = np.float64(0.05)
12.6192 	EXP 	text: height = np.float64(0.05)
12.6192 	EXP 	text: text = 'Which one are you going to buy?'
12.6204 	EXP 	eyetracker.setRecordingState(False)
12.6320 	EXP 	text: height = np.float64(0.05)
12.6320 	EXP 	text: height = np.float64(0.05)
12.6320 	EXP 	text: height = np.float64(0.05)
12.6320 	EXP 	text: text = 'Which one are you going to buy?'
12.6330 	EXP 	eyetracker.setRecordingState(False)
12.6432 	EXP 	text: height = np.float64(0.05)
12.6432 	EXP 	text: height = np.float64(0.05)
12.6432 	EXP 	text: height = np.float64(0.05)
12.6432 	EXP 	text: text = 'Which one are you going to buy?'
12.6438 	EXP 	eyetracker.setRecordingState(False)
12.6526 	EXP 	text: height = np.float64(0.05)
12.6526 	EXP 	text: height = np.float64(0.05)
12.6526 	EXP 	text: height = np.float64(0.05)
12.6526 	EXP 	text: text = 'Which one are you going to buy?'
12.6536 	EXP 	eyetracker.setRecordingState(False)
12.6615 	EXP 	text: height = np.float64(0.05)
12.6615 	EXP 	text: height = np.float64(0.05)
12.6615 	EXP 	text: height = np.float64(0.05)
12.6615 	EXP 	text: text = 'Which one are you going to buy?'
12.6623 	EXP 	eyetracker.setRecordingState(False)
12.6705 	EXP 	text: height = np.float64(0.05)
12.6705 	EXP 	text: height = np.float64(0.05)
12.6705 	EXP 	text: height = np.float64(0.05)
12.6705 	EXP 	text: text = 'Which one are you going to buy?'
12.6712 	EXP 	eyetracker.setRecordingState(False)
12.6784 	EXP 	text: height = np.float64(0.05)
12.6784 	EXP 	text: height = np.float64(0.05)
12.6784 	EXP 	text: height = np.float64(0.05)
12.6784 	EXP 	text: text = 'Which one are you going to buy?'
12.6792 	EXP 	eyetracker.setRecordingState(False)
12.6865 	EXP 	text: height = np.float64(0.05)
12.6865 	EXP 	text: height = np.float64(0.05)
12.6865 	EXP 	text: height = np.float64(0.05)
12.6865 	EXP 	text: text = 'Which one are you going to buy?'
12.6870 	EXP 	eyetracker.setRecordingState(False)
12.6939 	EXP 	text: height = np.float64(0.05)
12.6939 	EXP 	text: height = np.float64(0.05)
12.6939 	EXP 	text: height = np.float64(0.05)
12.6939 	EXP 	text: text = 'Which one are you going to buy?'
12.6946 	EXP 	eyetracker.setRecordingState(False)
12.7020 	EXP 	text: height = np.float64(0.05)
12.7020 	EXP 	text: height = np.float64(0.05)
12.7020 	EXP 	text: height = np.float64(0.05)
12.7020 	EXP 	text: text = 'Which one are you going to buy?'
12.7027 	EXP 	eyetracker.setRecordingState(False)
12.7102 	EXP 	text: height = np.float64(0.05)
12.7102 	EXP 	text: height = np.float64(0.05)
12.7102 	EXP 	text: height = np.float64(0.05)
12.7102 	EXP 	text: text = 'Which one are you going to buy?'
12.7110 	EXP 	eyetracker.setRecordingState(False)
12.7184 	EXP 	text: height = np.float64(0.05)
12.7184 	EXP 	text: height = np.float64(0.05)
12.7184 	EXP 	text: height = np.float64(0.05)
12.7184 	EXP 	text: text = 'Which one are you going to buy?'
12.7190 	EXP 	eyetracker.setRecordingState(False)
12.7255 	EXP 	text: height = np.float64(0.05)
12.7255 	EXP 	text: height = np.float64(0.05)
12.7255 	EXP 	text: height = np.float64(0.05)
12.7255 	EXP 	text: text = 'Which one are you going to buy?'
12.7262 	EXP 	eyetracker.setRecordingState(False)
12.7343 	EXP 	text: height = np.float64(0.05)
12.7343 	EXP 	text: height = np.float64(0.05)
12.7343 	EXP 	text: height = np.float64(0.05)
12.7343 	EXP 	text: text = 'Which one are you going to buy?'
12.7352 	EXP 	eyetracker.setRecordingState(False)
12.7456 	EXP 	text: height = np.float64(0.05)
12.7456 	EXP 	text: height = np.float64(0.05)
12.7456 	EXP 	text: height = np.float64(0.05)
12.7456 	EXP 	text: text = 'Which one are you going to buy?'
12.7467 	EXP 	eyetracker.setRecordingState(False)
12.7567 	EXP 	text: height = np.float64(0.05)
12.7567 	EXP 	text: height = np.float64(0.05)
12.7567 	EXP 	text: height = np.float64(0.05)
12.7567 	EXP 	text: text = 'Which one are you going to buy?'
12.7577 	EXP 	eyetracker.setRecordingState(False)
12.7666 	EXP 	text: height = np.float64(0.05)
12.7666 	EXP 	text: height = np.float64(0.05)
12.7666 	EXP 	text: height = np.float64(0.05)
12.7666 	EXP 	text: text = 'Which one are you going to buy?'
12.7675 	EXP 	eyetracker.setRecordingState(False)
12.7754 	EXP 	text: height = np.float64(0.05)
12.7754 	EXP 	text: height = np.float64(0.05)
12.7754 	EXP 	text: height = np.float64(0.05)
12.7754 	EXP 	text: text = 'Which one are you going to buy?'
12.7762 	EXP 	eyetracker.setRecordingState(False)
12.7849 	EXP 	text: height = np.float64(0.05)
12.7849 	EXP 	text: height = np.float64(0.05)
12.7849 	EXP 	text: height = np.float64(0.05)
12.7849 	EXP 	text: text = 'Which one are you going to buy?'
12.7859 	EXP 	eyetracker.setRecordingState(False)
12.7968 	EXP 	text: height = np.float64(0.05)
12.7968 	EXP 	text: height = np.float64(0.05)
12.7968 	EXP 	text: height = np.float64(0.05)
12.7968 	EXP 	text: text = 'Which one are you going to buy?'
12.7977 	EXP 	eyetracker.setRecordingState(False)
12.8076 	EXP 	text: height = np.float64(0.05)
12.8076 	EXP 	text: height = np.float64(0.05)
12.8076 	EXP 	text: height = np.float64(0.05)
12.8076 	EXP 	text: text = 'Which one are you going to buy?'
12.8088 	EXP 	eyetracker.setRecordingState(False)
12.8171 	EXP 	text: height = np.float64(0.05)
12.8171 	EXP 	text: height = np.float64(0.05)
12.8171 	EXP 	text: height = np.float64(0.05)
12.8171 	EXP 	text: text = 'Which one are you going to buy?'
12.8179 	EXP 	eyetracker.setRecordingState(False)
12.8256 	EXP 	text: height = np.float64(0.05)
12.8256 	EXP 	text: height = np.float64(0.05)
12.8256 	EXP 	text: height = np.float64(0.05)
12.8256 	EXP 	text: text = 'Which one are you going to buy?'
12.8265 	EXP 	eyetracker.setRecordingState(False)
12.8349 	EXP 	text: height = np.float64(0.05)
12.8349 	EXP 	text: height = np.float64(0.05)
12.8349 	EXP 	text: height = np.float64(0.05)
12.8349 	EXP 	text: text = 'Which one are you going to buy?'
12.8362 	EXP 	eyetracker.setRecordingState(False)
12.8469 	EXP 	text: height = np.float64(0.05)
12.8469 	EXP 	text: height = np.float64(0.05)
12.8469 	EXP 	text: height = np.float64(0.05)
12.8469 	EXP 	text: text = 'Which one are you going to buy?'
12.8477 	EXP 	eyetracker.setRecordingState(False)
12.8575 	EXP 	text: height = np.float64(0.05)
12.8575 	EXP 	text: height = np.float64(0.05)
12.8575 	EXP 	text: height = np.float64(0.05)
12.8575 	EXP 	text: text = 'Which one are you going to buy?'
12.8582 	EXP 	eyetracker.setRecordingState(False)
12.8664 	EXP 	text: height = np.float64(0.05)
12.8664 	EXP 	text: height = np.float64(0.05)
12.8664 	EXP 	text: height = np.float64(0.05)
12.8664 	EXP 	text: text = 'Which one are you going to buy?'
12.8673 	EXP 	eyetracker.setRecordingState(False)
12.8746 	EXP 	text: height = np.float64(0.05)
12.8746 	EXP 	text: height = np.float64(0.05)
12.8746 	EXP 	text: height = np.float64(0.05)
12.8746 	EXP 	text: text = 'Which one are you going to buy?'
12.8753 	EXP 	eyetracker.setRecordingState(False)
12.8832 	EXP 	text: height = np.float64(0.05)
12.8832 	EXP 	text: height = np.float64(0.05)
12.8832 	EXP 	text: height = np.float64(0.05)
12.8832 	EXP 	text: text = 'Which one are you going to buy?'
12.8840 	EXP 	eyetracker.setRecordingState(False)
12.8926 	EXP 	text: height = np.float64(0.05)
12.8926 	EXP 	text: height = np.float64(0.05)
12.8926 	EXP 	text: height = np.float64(0.05)
12.8926 	EXP 	text: text = 'Which one are you going to buy?'
12.8932 	EXP 	eyetracker.setRecordingState(False)
12.9007 	EXP 	text: height = np.float64(0.05)
12.9007 	EXP 	text: height = np.float64(0.05)
12.9007 	EXP 	text: height = np.float64(0.05)
12.9007 	EXP 	text: text = 'Which one are you going to buy?'
12.9013 	EXP 	eyetracker.setRecordingState(False)
12.9100 	EXP 	text: height = np.float64(0.05)
12.9100 	EXP 	text: height = np.float64(0.05)
12.9100 	EXP 	text: height = np.float64(0.05)
12.9100 	EXP 	text: text = 'Which one are you going to buy?'
12.9109 	EXP 	eyetracker.setRecordingState(False)
12.9206 	EXP 	text: height = np.float64(0.05)
12.9206 	EXP 	text: height = np.float64(0.05)
12.9206 	EXP 	text: height = np.float64(0.05)
12.9206 	EXP 	text: text = 'Which one are you going to buy?'
12.9214 	EXP 	eyetracker.setRecordingState(False)
12.9302 	EXP 	text: height = np.float64(0.05)
12.9302 	EXP 	text: height = np.float64(0.05)
12.9302 	EXP 	text: height = np.float64(0.05)
12.9302 	EXP 	text: text = 'Which one are you going to buy?'
12.9308 	EXP 	eyetracker.setRecordingState(False)
12.9392 	EXP 	text: height = np.float64(0.05)
12.9392 	EXP 	text: height = np.float64(0.05)
12.9392 	EXP 	text: height = np.float64(0.05)
12.9392 	EXP 	text: text = 'Which one are you going to buy?'
12.9397 	EXP 	eyetracker.setRecordingState(False)
12.9473 	EXP 	text: height = np.float64(0.05)
12.9473 	EXP 	text: height = np.float64(0.05)
12.9473 	EXP 	text: height = np.float64(0.05)
12.9473 	EXP 	text: text = 'Which one are you going to buy?'
12.9479 	EXP 	eyetracker.setRecordingState(False)
12.9561 	EXP 	text: height = np.float64(0.05)
12.9561 	EXP 	text: height = np.float64(0.05)
12.9561 	EXP 	text: height = np.float64(0.05)
12.9561 	EXP 	text: text = 'Which one are you going to buy?'
12.9569 	EXP 	eyetracker.setRecordingState(False)
12.9667 	EXP 	text: height = np.float64(0.05)
12.9667 	EXP 	text: height = np.float64(0.05)
12.9667 	EXP 	text: height = np.float64(0.05)
12.9667 	EXP 	text: text = 'Which one are you going to buy?'
12.9676 	EXP 	eyetracker.setRecordingState(False)
12.9796 	EXP 	text: height = np.float64(0.05)
12.9796 	EXP 	text: height = np.float64(0.05)
12.9796 	EXP 	text: height = np.float64(0.05)
12.9796 	EXP 	text: text = 'Which one are you going to buy?'
12.9805 	EXP 	eyetracker.setRecordingState(False)
12.9894 	EXP 	text: height = np.float64(0.05)
12.9894 	EXP 	text: height = np.float64(0.05)
12.9894 	EXP 	text: height = np.float64(0.05)
12.9894 	EXP 	text: text = 'Which one are you going to buy?'
12.9901 	EXP 	eyetracker.setRecordingState(False)
12.9977 	EXP 	text: height = np.float64(0.05)
12.9977 	EXP 	text: height = np.float64(0.05)
12.9977 	EXP 	text: height = np.float64(0.05)
12.9977 	EXP 	text: text = 'Which one are you going to buy?'
12.9983 	EXP 	eyetracker.setRecordingState(False)
13.0054 	EXP 	text: height = np.float64(0.05)
13.0054 	EXP 	text: height = np.float64(0.05)
13.0054 	EXP 	text: height = np.float64(0.05)
13.0054 	EXP 	text: text = 'Which one are you going to buy?'
13.0061 	EXP 	eyetracker.setRecordingState(False)
13.0143 	EXP 	text: height = np.float64(0.05)
13.0143 	EXP 	text: height = np.float64(0.05)
13.0143 	EXP 	text: height = np.float64(0.05)
13.0143 	EXP 	text: text = 'Which one are you going to buy?'
13.0152 	EXP 	eyetracker.setRecordingState(False)
13.0273 	EXP 	text: height = np.float64(0.05)
13.0273 	EXP 	text: height = np.float64(0.05)
13.0273 	EXP 	text: height = np.float64(0.05)
13.0273 	EXP 	text: text = 'Which one are you going to buy?'
13.0291 	EXP 	eyetracker.setRecordingState(False)
13.0438 	EXP 	text: height = np.float64(0.05)
13.0438 	EXP 	text: height = np.float64(0.05)
13.0438 	EXP 	text: height = np.float64(0.05)
13.0438 	EXP 	text: text = 'Which one are you going to buy?'
13.0456 	EXP 	eyetracker.setRecordingState(False)
13.0588 	EXP 	text: height = np.float64(0.05)
13.0588 	EXP 	text: height = np.float64(0.05)
13.0588 	EXP 	text: height = np.float64(0.05)
13.0588 	EXP 	text: text = 'Which one are you going to buy?'
13.0597 	EXP 	eyetracker.setRecordingState(False)
13.0702 	EXP 	text: height = np.float64(0.05)
13.0702 	EXP 	text: height = np.float64(0.05)
13.0702 	EXP 	text: height = np.float64(0.05)
13.0702 	EXP 	text: text = 'Which one are you going to buy?'
13.0710 	EXP 	eyetracker.setRecordingState(False)
13.0805 	EXP 	text: height = np.float64(0.05)
13.0805 	EXP 	text: height = np.float64(0.05)
13.0805 	EXP 	text: height = np.float64(0.05)
13.0805 	EXP 	text: text = 'Which one are you going to buy?'
13.0812 	EXP 	eyetracker.setRecordingState(False)
13.0891 	EXP 	text: height = np.float64(0.05)
13.0891 	EXP 	text: height = np.float64(0.05)
13.0891 	EXP 	text: height = np.float64(0.05)
13.0891 	EXP 	text: text = 'Which one are you going to buy?'
13.0898 	EXP 	eyetracker.setRecordingState(False)
13.0980 	EXP 	text: height = np.float64(0.05)
13.0980 	EXP 	text: height = np.float64(0.05)
13.0980 	EXP 	text: height = np.float64(0.05)
13.0980 	EXP 	text: text = 'Which one are you going to buy?'
13.0991 	EXP 	eyetracker.setRecordingState(False)
13.1097 	EXP 	text: height = np.float64(0.05)
13.1097 	EXP 	text: height = np.float64(0.05)
13.1097 	EXP 	text: height = np.float64(0.05)
13.1097 	EXP 	text: text = 'Which one are you going to buy?'
13.1105 	EXP 	eyetracker.setRecordingState(False)
13.1203 	EXP 	text: height = np.float64(0.05)
13.1203 	EXP 	text: height = np.float64(0.05)
13.1203 	EXP 	text: height = np.float64(0.05)
13.1203 	EXP 	text: text = 'Which one are you going to buy?'
13.1221 	EXP 	eyetracker.setRecordingState(False)
13.1378 	EXP 	text: height = np.float64(0.05)
13.1378 	EXP 	text: height = np.float64(0.05)
13.1378 	EXP 	text: height = np.float64(0.05)
13.1378 	EXP 	text: text = 'Which one are you going to buy?'
13.1407 	EXP 	eyetracker.setRecordingState(False)
13.1528 	EXP 	text: height = np.float64(0.05)
13.1528 	EXP 	text: height = np.float64(0.05)
13.1528 	EXP 	text: height = np.float64(0.05)
13.1528 	EXP 	text: text = 'Which one are you going to buy?'
13.1537 	EXP 	eyetracker.setRecordingState(False)
13.1677 	EXP 	text: height = np.float64(0.05)
13.1677 	EXP 	text: height = np.float64(0.05)
13.1677 	EXP 	text: height = np.float64(0.05)
13.1677 	EXP 	text: text = 'Which one are you going to buy?'
13.1694 	EXP 	eyetracker.setRecordingState(False)
13.1849 	EXP 	text: height = np.float64(0.05)
13.1849 	EXP 	text: height = np.float64(0.05)
13.1849 	EXP 	text: height = np.float64(0.05)
13.1849 	EXP 	text: text = 'Which one are you going to buy?'
13.1862 	EXP 	eyetracker.setRecordingState(False)
13.1987 	EXP 	text: height = np.float64(0.05)
13.1987 	EXP 	text: height = np.float64(0.05)
13.1987 	EXP 	text: height = np.float64(0.05)
13.1987 	EXP 	text: text = 'Which one are you going to buy?'
13.1995 	EXP 	eyetracker.setRecordingState(False)
13.2116 	EXP 	text: height = np.float64(0.05)
13.2116 	EXP 	text: height = np.float64(0.05)
13.2116 	EXP 	text: height = np.float64(0.05)
13.2116 	EXP 	text: text = 'Which one are you going to buy?'
13.2137 	EXP 	eyetracker.setRecordingState(False)
13.2374 	EXP 	text: height = np.float64(0.05)
13.2374 	EXP 	text: height = np.float64(0.05)
13.2374 	EXP 	text: height = np.float64(0.05)
13.2374 	EXP 	text: text = 'Which one are you going to buy?'
13.2395 	EXP 	eyetracker.setRecordingState(False)
13.2608 	EXP 	text: height = np.float64(0.05)
13.2608 	EXP 	text: height = np.float64(0.05)
13.2608 	EXP 	text: height = np.float64(0.05)
13.2608 	EXP 	text: text = 'Which one are you going to buy?'
13.2628 	EXP 	eyetracker.setRecordingState(False)
13.2834 	EXP 	text: height = np.float64(0.05)
13.2834 	EXP 	text: height = np.float64(0.05)
13.2834 	EXP 	text: height = np.float64(0.05)
13.2834 	EXP 	text: text = 'Which one are you going to buy?'
13.2855 	EXP 	eyetracker.setRecordingState(False)
13.3041 	EXP 	text: height = np.float64(0.05)
13.3041 	EXP 	text: height = np.float64(0.05)
13.3041 	EXP 	text: height = np.float64(0.05)
13.3041 	EXP 	text: text = 'Which one are you going to buy?'
13.3055 	EXP 	eyetracker.setRecordingState(False)
13.3203 	EXP 	text: height = np.float64(0.05)
13.3203 	EXP 	text: height = np.float64(0.05)
13.3203 	EXP 	text: height = np.float64(0.05)
13.3203 	EXP 	text: text = 'Which one are you going to buy?'
13.3221 	EXP 	eyetracker.setRecordingState(False)
13.3372 	EXP 	text: height = np.float64(0.05)
13.3372 	EXP 	text: height = np.float64(0.05)
13.3372 	EXP 	text: height = np.float64(0.05)
13.3372 	EXP 	text: text = 'Which one are you going to buy?'
13.3386 	EXP 	eyetracker.setRecordingState(False)
13.3510 	EXP 	text: height = np.float64(0.05)
13.3510 	EXP 	text: height = np.float64(0.05)
13.3510 	EXP 	text: height = np.float64(0.05)
13.3510 	EXP 	text: text = 'Which one are you going to buy?'
13.3519 	EXP 	eyetracker.setRecordingState(False)
13.3666 	EXP 	text: height = np.float64(0.05)
13.3666 	EXP 	text: height = np.float64(0.05)
13.3666 	EXP 	text: height = np.float64(0.05)
13.3666 	EXP 	text: text = 'Which one are you going to buy?'
13.3688 	EXP 	eyetracker.setRecordingState(False)
13.3876 	EXP 	text: height = np.float64(0.05)
13.3876 	EXP 	text: height = np.float64(0.05)
13.3876 	EXP 	text: height = np.float64(0.05)
13.3876 	EXP 	text: text = 'Which one are you going to buy?'
13.3891 	EXP 	eyetracker.setRecordingState(False)
13.4017 	EXP 	text: height = np.float64(0.05)
13.4017 	EXP 	text: height = np.float64(0.05)
13.4017 	EXP 	text: height = np.float64(0.05)
13.4017 	EXP 	text: text = 'Which one are you going to buy?'
13.4026 	EXP 	eyetracker.setRecordingState(False)
13.4159 	EXP 	text: height = np.float64(0.05)
13.4159 	EXP 	text: height = np.float64(0.05)
13.4159 	EXP 	text: height = np.float64(0.05)
13.4159 	EXP 	text: text = 'Which one are you going to buy?'
13.4183 	EXP 	eyetracker.setRecordingState(False)
13.4359 	EXP 	text: height = np.float64(0.05)
13.4359 	EXP 	text: height = np.float64(0.05)
13.4359 	EXP 	text: height = np.float64(0.05)
13.4359 	EXP 	text: text = 'Which one are you going to buy?'
13.4370 	EXP 	eyetracker.setRecordingState(False)
13.4492 	EXP 	text: height = np.float64(0.05)
13.4492 	EXP 	text: height = np.float64(0.05)
13.4492 	EXP 	text: height = np.float64(0.05)
13.4492 	EXP 	text: text = 'Which one are you going to buy?'
13.4508 	EXP 	eyetracker.setRecordingState(False)
13.4651 	EXP 	text: height = np.float64(0.05)
13.4651 	EXP 	text: height = np.float64(0.05)
13.4651 	EXP 	text: height = np.float64(0.05)
13.4651 	EXP 	text: text = 'Which one are you going to buy?'
13.4661 	EXP 	eyetracker.setRecordingState(False)
13.4767 	EXP 	text: height = np.float64(0.05)
13.4767 	EXP 	text: height = np.float64(0.05)
13.4767 	EXP 	text: height = np.float64(0.05)
13.4767 	EXP 	text: text = 'Which one are you going to buy?'
13.4774 	EXP 	eyetracker.setRecordingState(False)
13.4903 	EXP 	text: height = np.float64(0.05)
13.4903 	EXP 	text: height = np.float64(0.05)
13.4903 	EXP 	text: height = np.float64(0.05)
13.4903 	EXP 	text: text = 'Which one are you going to buy?'
13.4921 	EXP 	eyetracker.setRecordingState(False)
13.5098 	EXP 	text: height = np.float64(0.05)
13.5098 	EXP 	text: height = np.float64(0.05)
13.5098 	EXP 	text: height = np.float64(0.05)
13.5098 	EXP 	text: text = 'Which one are you going to buy?'
13.5112 	EXP 	eyetracker.setRecordingState(False)
13.5252 	EXP 	text: height = np.float64(0.05)
13.5252 	EXP 	text: height = np.float64(0.05)
13.5252 	EXP 	text: height = np.float64(0.05)
13.5252 	EXP 	text: text = 'Which one are you going to buy?'
13.5264 	EXP 	eyetracker.setRecordingState(False)
13.5401 	EXP 	text: height = np.float64(0.05)
13.5401 	EXP 	text: height = np.float64(0.05)
13.5401 	EXP 	text: height = np.float64(0.05)
13.5401 	EXP 	text: text = 'Which one are you going to buy?'
13.5433 	EXP 	eyetracker.setRecordingState(False)
13.5617 	EXP 	text: height = np.float64(0.05)
13.5617 	EXP 	text: height = np.float64(0.05)
13.5617 	EXP 	text: height = np.float64(0.05)
13.5617 	EXP 	text: text = 'Which one are you going to buy?'
13.5635 	EXP 	eyetracker.setRecordingState(False)
13.5776 	EXP 	text: height = np.float64(0.05)
13.5776 	EXP 	text: height = np.float64(0.05)
13.5776 	EXP 	text: height = np.float64(0.05)
13.5776 	EXP 	text: text = 'Which one are you going to buy?'
13.5787 	EXP 	eyetracker.setRecordingState(False)
13.5940 	EXP 	text: height = np.float64(0.05)
13.5940 	EXP 	text: height = np.float64(0.05)
13.5940 	EXP 	text: height = np.float64(0.05)
13.5940 	EXP 	text: text = 'Which one are you going to buy?'
13.5958 	EXP 	eyetracker.setRecordingState(False)
13.6107 	EXP 	text: height = np.float64(0.05)
13.6107 	EXP 	text: height = np.float64(0.05)
13.6107 	EXP 	text: height = np.float64(0.05)
13.6107 	EXP 	text: text = 'Which one are you going to buy?'
13.6148 	EXP 	eyetracker.setRecordingState(False)
13.6288 	EXP 	text: height = np.float64(0.05)
13.6288 	EXP 	text: height = np.float64(0.05)
13.6288 	EXP 	text: height = np.float64(0.05)
13.6288 	EXP 	text: text = 'Which one are you going to buy?'
13.6306 	EXP 	eyetracker.setRecordingState(False)
13.6502 	EXP 	text: height = np.float64(0.05)
13.6502 	EXP 	text: height = np.float64(0.05)
13.6502 	EXP 	text: height = np.float64(0.05)
13.6502 	EXP 	text: text = 'Which one are you going to buy?'
13.6518 	EXP 	eyetracker.setRecordingState(False)
13.6690 	EXP 	text: height = np.float64(0.05)
13.6690 	EXP 	text: height = np.float64(0.05)
13.6690 	EXP 	text: height = np.float64(0.05)
13.6690 	EXP 	text: text = 'Which one are you going to buy?'
13.6709 	EXP 	eyetracker.setRecordingState(False)
13.6882 	EXP 	text: height = np.float64(0.05)
13.6882 	EXP 	text: height = np.float64(0.05)
13.6882 	EXP 	text: height = np.float64(0.05)
13.6882 	EXP 	text: text = 'Which one are you going to buy?'
13.6920 	EXP 	eyetracker.setRecordingState(False)
13.7111 	EXP 	text: height = np.float64(0.05)
13.7111 	EXP 	text: height = np.float64(0.05)
13.7111 	EXP 	text: height = np.float64(0.05)
13.7111 	EXP 	text: text = 'Which one are you going to buy?'
13.7124 	EXP 	eyetracker.setRecordingState(False)
13.7284 	EXP 	text: height = np.float64(0.05)
13.7284 	EXP 	text: height = np.float64(0.05)
13.7284 	EXP 	text: height = np.float64(0.05)
13.7284 	EXP 	text: text = 'Which one are you going to buy?'
13.7304 	EXP 	eyetracker.setRecordingState(False)
13.7494 	EXP 	text: height = np.float64(0.05)
13.7494 	EXP 	text: height = np.float64(0.05)
13.7494 	EXP 	text: height = np.float64(0.05)
13.7494 	EXP 	text: text = 'Which one are you going to buy?'
13.7524 	EXP 	eyetracker.setRecordingState(False)
13.7750 	EXP 	text: height = np.float64(0.05)
13.7750 	EXP 	text: height = np.float64(0.05)
13.7750 	EXP 	text: height = np.float64(0.05)
13.7750 	EXP 	text: text = 'Which one are you going to buy?'
13.7772 	EXP 	eyetracker.setRecordingState(False)
13.7904 	EXP 	text: height = np.float64(0.05)
13.7904 	EXP 	text: height = np.float64(0.05)
13.7904 	EXP 	text: height = np.float64(0.05)
13.7904 	EXP 	text: text = 'Which one are you going to buy?'
13.7918 	EXP 	eyetracker.setRecordingState(False)
13.8027 	EXP 	text: height = np.float64(0.05)
13.8027 	EXP 	text: height = np.float64(0.05)
13.8027 	EXP 	text: height = np.float64(0.05)
13.8027 	EXP 	text: text = 'Which one are you going to buy?'
13.8035 	EXP 	eyetracker.setRecordingState(False)
13.8169 	EXP 	text: height = np.float64(0.05)
13.8169 	EXP 	text: height = np.float64(0.05)
13.8169 	EXP 	text: height = np.float64(0.05)
13.8169 	EXP 	text: text = 'Which one are you going to buy?'
13.8206 	EXP 	eyetracker.setRecordingState(False)
13.8372 	EXP 	text: height = np.float64(0.05)
13.8372 	EXP 	text: height = np.float64(0.05)
13.8372 	EXP 	text: height = np.float64(0.05)
13.8372 	EXP 	text: text = 'Which one are you going to buy?'
13.8394 	EXP 	eyetracker.setRecordingState(False)
13.8544 	EXP 	text: height = np.float64(0.05)
13.8544 	EXP 	text: height = np.float64(0.05)
13.8544 	EXP 	text: height = np.float64(0.05)
13.8544 	EXP 	text: text = 'Which one are you going to buy?'
13.8558 	EXP 	eyetracker.setRecordingState(False)
13.8706 	EXP 	text: height = np.float64(0.05)
13.8706 	EXP 	text: height = np.float64(0.05)
13.8706 	EXP 	text: height = np.float64(0.05)
13.8706 	EXP 	text: text = 'Which one are you going to buy?'
13.8719 	EXP 	eyetracker.setRecordingState(False)
13.8836 	EXP 	text: height = np.float64(0.05)
13.8836 	EXP 	text: height = np.float64(0.05)
13.8836 	EXP 	text: height = np.float64(0.05)
13.8836 	EXP 	text: text = 'Which one are you going to buy?'
13.8848 	EXP 	eyetracker.setRecordingState(False)
13.8939 	EXP 	text: height = np.float64(0.05)
13.8939 	EXP 	text: height = np.float64(0.05)
13.8939 	EXP 	text: height = np.float64(0.05)
13.8939 	EXP 	text: text = 'Which one are you going to buy?'
13.8945 	EXP 	eyetracker.setRecordingState(False)
13.9041 	EXP 	text: height = np.float64(0.05)
13.9041 	EXP 	text: height = np.float64(0.05)
13.9041 	EXP 	text: height = np.float64(0.05)
13.9041 	EXP 	text: text = 'Which one are you going to buy?'
13.9053 	EXP 	eyetracker.setRecordingState(False)
13.9205 	EXP 	text: height = np.float64(0.05)
13.9205 	EXP 	text: height = np.float64(0.05)
13.9205 	EXP 	text: height = np.float64(0.05)
13.9205 	EXP 	text: text = 'Which one are you going to buy?'
13.9222 	EXP 	eyetracker.setRecordingState(False)
13.9375 	EXP 	text: height = np.float64(0.05)
13.9375 	EXP 	text: height = np.float64(0.05)
13.9375 	EXP 	text: height = np.float64(0.05)
13.9375 	EXP 	text: text = 'Which one are you going to buy?'
13.9392 	EXP 	eyetracker.setRecordingState(False)
13.9565 	EXP 	text: height = np.float64(0.05)
13.9565 	EXP 	text: height = np.float64(0.05)
13.9565 	EXP 	text: height = np.float64(0.05)
13.9565 	EXP 	text: text = 'Which one are you going to buy?'
13.9576 	EXP 	eyetracker.setRecordingState(False)
13.9690 	EXP 	text: height = np.float64(0.05)
13.9690 	EXP 	text: height = np.float64(0.05)
13.9690 	EXP 	text: height = np.float64(0.05)
13.9690 	EXP 	text: text = 'Which one are you going to buy?'
13.9701 	EXP 	eyetracker.setRecordingState(False)
13.9803 	EXP 	text: height = np.float64(0.05)
13.9803 	EXP 	text: height = np.float64(0.05)
13.9803 	EXP 	text: height = np.float64(0.05)
13.9803 	EXP 	text: text = 'Which one are you going to buy?'
13.9813 	EXP 	eyetracker.setRecordingState(False)
13.9948 	EXP 	text: height = np.float64(0.05)
13.9948 	EXP 	text: height = np.float64(0.05)
13.9948 	EXP 	text: height = np.float64(0.05)
13.9948 	EXP 	text: text = 'Which one are you going to buy?'
13.9959 	EXP 	eyetracker.setRecordingState(False)
14.0061 	EXP 	text: height = np.float64(0.05)
14.0061 	EXP 	text: height = np.float64(0.05)
14.0061 	EXP 	text: height = np.float64(0.05)
14.0061 	EXP 	text: text = 'Which one are you going to buy?'
14.0074 	EXP 	eyetracker.setRecordingState(False)
14.0185 	EXP 	text: height = np.float64(0.05)
14.0185 	EXP 	text: height = np.float64(0.05)
14.0185 	EXP 	text: height = np.float64(0.05)
14.0185 	EXP 	text: text = 'Which one are you going to buy?'
14.0193 	EXP 	eyetracker.setRecordingState(False)
14.0289 	EXP 	text: height = np.float64(0.05)
14.0289 	EXP 	text: height = np.float64(0.05)
14.0289 	EXP 	text: height = np.float64(0.05)
14.0289 	EXP 	text: text = 'Which one are you going to buy?'
14.0298 	EXP 	eyetracker.setRecordingState(False)
14.0392 	EXP 	text: height = np.float64(0.05)
14.0392 	EXP 	text: height = np.float64(0.05)
14.0392 	EXP 	text: height = np.float64(0.05)
14.0392 	EXP 	text: text = 'Which one are you going to buy?'
14.0401 	EXP 	eyetracker.setRecordingState(False)
14.0537 	EXP 	text: height = np.float64(0.05)
14.0537 	EXP 	text: height = np.float64(0.05)
14.0537 	EXP 	text: height = np.float64(0.05)
14.0537 	EXP 	text: text = 'Which one are you going to buy?'
14.0570 	EXP 	eyetracker.setRecordingState(False)
14.0728 	EXP 	text: height = np.float64(0.05)
14.0728 	EXP 	text: height = np.float64(0.05)
14.0728 	EXP 	text: height = np.float64(0.05)
14.0728 	EXP 	text: text = 'Which one are you going to buy?'
14.0758 	EXP 	eyetracker.setRecordingState(False)
14.0977 	EXP 	text: height = np.float64(0.05)
14.0977 	EXP 	text: height = np.float64(0.05)
14.0977 	EXP 	text: height = np.float64(0.05)
14.0977 	EXP 	text: text = 'Which one are you going to buy?'
14.0997 	EXP 	eyetracker.setRecordingState(False)
14.1176 	EXP 	text: height = np.float64(0.05)
14.1176 	EXP 	text: height = np.float64(0.05)
14.1176 	EXP 	text: height = np.float64(0.05)
14.1176 	EXP 	text: text = 'Which one are you going to buy?'
14.1190 	EXP 	eyetracker.setRecordingState(False)
14.1358 	EXP 	text: height = np.float64(0.05)
14.1358 	EXP 	text: height = np.float64(0.05)
14.1358 	EXP 	text: height = np.float64(0.05)
14.1358 	EXP 	text: text = 'Which one are you going to buy?'
14.1387 	EXP 	eyetracker.setRecordingState(False)
14.1601 	EXP 	text: height = np.float64(0.05)
14.1601 	EXP 	text: height = np.float64(0.05)
14.1601 	EXP 	text: height = np.float64(0.05)
14.1601 	EXP 	text: text = 'Which one are you going to buy?'
14.1627 	EXP 	eyetracker.setRecordingState(False)
14.1816 	EXP 	text: height = np.float64(0.05)
14.1816 	EXP 	text: height = np.float64(0.05)
14.1816 	EXP 	text: height = np.float64(0.05)
14.1816 	EXP 	text: text = 'Which one are you going to buy?'
14.1832 	EXP 	eyetracker.setRecordingState(False)
14.2003 	EXP 	text: height = np.float64(0.05)
14.2003 	EXP 	text: height = np.float64(0.05)
14.2003 	EXP 	text: height = np.float64(0.05)
14.2003 	EXP 	text: text = 'Which one are you going to buy?'
14.2021 	EXP 	eyetracker.setRecordingState(False)
14.2205 	EXP 	text: height = np.float64(0.05)
14.2205 	EXP 	text: height = np.float64(0.05)
14.2205 	EXP 	text: height = np.float64(0.05)
14.2205 	EXP 	text: text = 'Which one are you going to buy?'
14.2217 	EXP 	eyetracker.setRecordingState(False)
14.2327 	EXP 	text: height = np.float64(0.05)
14.2327 	EXP 	text: height = np.float64(0.05)
14.2327 	EXP 	text: height = np.float64(0.05)
14.2327 	EXP 	text: text = 'Which one are you going to buy?'
14.2337 	EXP 	eyetracker.setRecordingState(False)
14.2436 	EXP 	text: height = np.float64(0.05)
14.2436 	EXP 	text: height = np.float64(0.05)
14.2436 	EXP 	text: height = np.float64(0.05)
14.2436 	EXP 	text: text = 'Which one are you going to buy?'
14.2443 	EXP 	eyetracker.setRecordingState(False)
14.2555 	EXP 	text: height = np.float64(0.05)
14.2555 	EXP 	text: height = np.float64(0.05)
14.2555 	EXP 	text: height = np.float64(0.05)
14.2555 	EXP 	text: text = 'Which one are you going to buy?'
14.2567 	EXP 	eyetracker.setRecordingState(False)
14.2710 	EXP 	text: height = np.float64(0.05)
14.2710 	EXP 	text: height = np.float64(0.05)
14.2710 	EXP 	text: height = np.float64(0.05)
14.2710 	EXP 	text: text = 'Which one are you going to buy?'
14.2720 	EXP 	eyetracker.setRecordingState(False)
14.2825 	EXP 	text: height = np.float64(0.05)
14.2825 	EXP 	text: height = np.float64(0.05)
14.2825 	EXP 	text: height = np.float64(0.05)
14.2825 	EXP 	text: text = 'Which one are you going to buy?'
14.2836 	EXP 	eyetracker.setRecordingState(False)
14.2940 	EXP 	text: height = np.float64(0.05)
14.2940 	EXP 	text: height = np.float64(0.05)
14.2940 	EXP 	text: height = np.float64(0.05)
14.2940 	EXP 	text: text = 'Which one are you going to buy?'
14.2948 	EXP 	eyetracker.setRecordingState(False)
14.3037 	EXP 	text: height = np.float64(0.05)
14.3037 	EXP 	text: height = np.float64(0.05)
14.3037 	EXP 	text: height = np.float64(0.05)
14.3037 	EXP 	text: text = 'Which one are you going to buy?'
14.3043 	EXP 	eyetracker.setRecordingState(False)
14.3141 	EXP 	text: height = np.float64(0.05)
14.3141 	EXP 	text: height = np.float64(0.05)
14.3141 	EXP 	text: height = np.float64(0.05)
14.3141 	EXP 	text: text = 'Which one are you going to buy?'
14.3152 	EXP 	eyetracker.setRecordingState(False)
14.3273 	EXP 	text: height = np.float64(0.05)
14.3273 	EXP 	text: height = np.float64(0.05)
14.3273 	EXP 	text: height = np.float64(0.05)
14.3273 	EXP 	text: text = 'Which one are you going to buy?'
14.3281 	EXP 	eyetracker.setRecordingState(False)
14.3375 	EXP 	text: height = np.float64(0.05)
14.3375 	EXP 	text: height = np.float64(0.05)
14.3375 	EXP 	text: height = np.float64(0.05)
14.3375 	EXP 	text: text = 'Which one are you going to buy?'
14.3383 	EXP 	eyetracker.setRecordingState(False)
14.3492 	EXP 	text: height = np.float64(0.05)
14.3492 	EXP 	text: height = np.float64(0.05)
14.3492 	EXP 	text: height = np.float64(0.05)
14.3492 	EXP 	text: text = 'Which one are you going to buy?'
14.3502 	EXP 	eyetracker.setRecordingState(False)
14.3656 	EXP 	text: height = np.float64(0.05)
14.3656 	EXP 	text: height = np.float64(0.05)
14.3656 	EXP 	text: height = np.float64(0.05)
14.3656 	EXP 	text: text = 'Which one are you going to buy?'
14.3672 	EXP 	eyetracker.setRecordingState(False)
14.3818 	EXP 	text: height = np.float64(0.05)
14.3818 	EXP 	text: height = np.float64(0.05)
14.3818 	EXP 	text: height = np.float64(0.05)
14.3818 	EXP 	text: text = 'Which one are you going to buy?'
14.3832 	EXP 	eyetracker.setRecordingState(False)
14.3993 	EXP 	text: height = np.float64(0.05)
14.3993 	EXP 	text: height = np.float64(0.05)
14.3993 	EXP 	text: height = np.float64(0.05)
14.3993 	EXP 	text: text = 'Which one are you going to buy?'
14.4010 	EXP 	eyetracker.setRecordingState(False)
14.4138 	EXP 	text: height = np.float64(0.05)
14.4138 	EXP 	text: height = np.float64(0.05)
14.4138 	EXP 	text: height = np.float64(0.05)
14.4138 	EXP 	text: text = 'Which one are you going to buy?'
14.4150 	EXP 	eyetracker.setRecordingState(False)
14.4257 	EXP 	text: height = np.float64(0.05)
14.4257 	EXP 	text: height = np.float64(0.05)
14.4257 	EXP 	text: height = np.float64(0.05)
14.4257 	EXP 	text: text = 'Which one are you going to buy?'
14.4264 	EXP 	eyetracker.setRecordingState(False)
14.4351 	EXP 	text: height = np.float64(0.05)
14.4351 	EXP 	text: height = np.float64(0.05)
14.4351 	EXP 	text: height = np.float64(0.05)
14.4351 	EXP 	text: text = 'Which one are you going to buy?'
14.4358 	EXP 	eyetracker.setRecordingState(False)
14.4435 	EXP 	text: height = np.float64(0.05)
14.4435 	EXP 	text: height = np.float64(0.05)
14.4435 	EXP 	text: height = np.float64(0.05)
14.4435 	EXP 	text: text = 'Which one are you going to buy?'
14.4441 	EXP 	eyetracker.setRecordingState(False)
14.4514 	EXP 	text: height = np.float64(0.05)
14.4514 	EXP 	text: height = np.float64(0.05)
14.4514 	EXP 	text: height = np.float64(0.05)
14.4514 	EXP 	text: text = 'Which one are you going to buy?'
14.4519 	EXP 	eyetracker.setRecordingState(False)
14.4589 	EXP 	text: height = np.float64(0.05)
14.4589 	EXP 	text: height = np.float64(0.05)
14.4589 	EXP 	text: height = np.float64(0.05)
14.4589 	EXP 	text: text = 'Which one are you going to buy?'
14.4595 	EXP 	eyetracker.setRecordingState(False)
14.4689 	EXP 	text: height = np.float64(0.05)
14.4689 	EXP 	text: height = np.float64(0.05)
14.4689 	EXP 	text: height = np.float64(0.05)
14.4689 	EXP 	text: text = 'Which one are you going to buy?'
14.4699 	EXP 	eyetracker.setRecordingState(False)
14.4801 	EXP 	text: height = np.float64(0.05)
14.4801 	EXP 	text: height = np.float64(0.05)
14.4801 	EXP 	text: height = np.float64(0.05)
14.4801 	EXP 	text: text = 'Which one are you going to buy?'
14.4810 	EXP 	eyetracker.setRecordingState(False)
14.4901 	EXP 	text: height = np.float64(0.05)
14.4901 	EXP 	text: height = np.float64(0.05)
14.4901 	EXP 	text: height = np.float64(0.05)
14.4901 	EXP 	text: text = 'Which one are you going to buy?'
14.4909 	EXP 	eyetracker.setRecordingState(False)
14.4990 	EXP 	text: height = np.float64(0.05)
14.4990 	EXP 	text: height = np.float64(0.05)
14.4990 	EXP 	text: height = np.float64(0.05)
14.4990 	EXP 	text: text = 'Which one are you going to buy?'
14.4996 	EXP 	eyetracker.setRecordingState(False)
14.5085 	EXP 	text: height = np.float64(0.05)
14.5085 	EXP 	text: height = np.float64(0.05)
14.5085 	EXP 	text: height = np.float64(0.05)
14.5085 	EXP 	text: text = 'Which one are you going to buy?'
14.5096 	EXP 	eyetracker.setRecordingState(False)
14.5239 	EXP 	text: height = np.float64(0.05)
14.5239 	EXP 	text: height = np.float64(0.05)
14.5239 	EXP 	text: height = np.float64(0.05)
14.5239 	EXP 	text: text = 'Which one are you going to buy?'
14.5256 	EXP 	eyetracker.setRecordingState(False)
14.5460 	EXP 	text: height = np.float64(0.05)
14.5460 	EXP 	text: height = np.float64(0.05)
14.5460 	EXP 	text: height = np.float64(0.05)
14.5460 	EXP 	text: text = 'Which one are you going to buy?'
14.5480 	EXP 	eyetracker.setRecordingState(False)
14.5650 	EXP 	text: height = np.float64(0.05)
14.5650 	EXP 	text: height = np.float64(0.05)
14.5650 	EXP 	text: height = np.float64(0.05)
14.5650 	EXP 	text: text = 'Which one are you going to buy?'
14.5664 	EXP 	eyetracker.setRecordingState(False)
14.5791 	EXP 	text: height = np.float64(0.05)
14.5791 	EXP 	text: height = np.float64(0.05)
14.5791 	EXP 	text: height = np.float64(0.05)
14.5791 	EXP 	text: text = 'Which one are you going to buy?'
14.5800 	EXP 	eyetracker.setRecordingState(False)
14.5910 	EXP 	text: height = np.float64(0.05)
14.5910 	EXP 	text: height = np.float64(0.05)
14.5910 	EXP 	text: height = np.float64(0.05)
14.5910 	EXP 	text: text = 'Which one are you going to buy?'
14.5918 	EXP 	eyetracker.setRecordingState(False)
14.6040 	EXP 	text: height = np.float64(0.05)
14.6040 	EXP 	text: height = np.float64(0.05)
14.6040 	EXP 	text: height = np.float64(0.05)
14.6040 	EXP 	text: text = 'Which one are you going to buy?'
14.6057 	EXP 	eyetracker.setRecordingState(False)
14.6254 	EXP 	text: height = np.float64(0.05)
14.6254 	EXP 	text: height = np.float64(0.05)
14.6254 	EXP 	text: height = np.float64(0.05)
14.6254 	EXP 	text: text = 'Which one are you going to buy?'
14.6271 	EXP 	eyetracker.setRecordingState(False)
14.6406 	EXP 	text: height = np.float64(0.05)
14.6406 	EXP 	text: height = np.float64(0.05)
14.6406 	EXP 	text: height = np.float64(0.05)
14.6406 	EXP 	text: text = 'Which one are you going to buy?'
14.6418 	EXP 	eyetracker.setRecordingState(False)
14.6572 	EXP 	text: height = np.float64(0.05)
14.6572 	EXP 	text: height = np.float64(0.05)
14.6572 	EXP 	text: height = np.float64(0.05)
14.6572 	EXP 	text: text = 'Which one are you going to buy?'
14.6591 	EXP 	eyetracker.setRecordingState(False)
14.6765 	EXP 	text: height = np.float64(0.05)
14.6765 	EXP 	text: height = np.float64(0.05)
14.6765 	EXP 	text: height = np.float64(0.05)
14.6765 	EXP 	text: text = 'Which one are you going to buy?'
14.6781 	EXP 	eyetracker.setRecordingState(False)
14.6938 	EXP 	text: height = np.float64(0.05)
14.6938 	EXP 	text: height = np.float64(0.05)
14.6938 	EXP 	text: height = np.float64(0.05)
14.6938 	EXP 	text: text = 'Which one are you going to buy?'
14.6954 	EXP 	eyetracker.setRecordingState(False)
14.7083 	EXP 	text: height = np.float64(0.05)
14.7083 	EXP 	text: height = np.float64(0.05)
14.7083 	EXP 	text: height = np.float64(0.05)
14.7083 	EXP 	text: text = 'Which one are you going to buy?'
14.7092 	EXP 	eyetracker.setRecordingState(False)
14.7209 	EXP 	text: height = np.float64(0.05)
14.7209 	EXP 	text: height = np.float64(0.05)
14.7209 	EXP 	text: height = np.float64(0.05)
14.7209 	EXP 	text: text = 'Which one are you going to buy?'
14.7227 	EXP 	eyetracker.setRecordingState(False)
14.7394 	EXP 	text: height = np.float64(0.05)
14.7394 	EXP 	text: height = np.float64(0.05)
14.7394 	EXP 	text: height = np.float64(0.05)
14.7394 	EXP 	text: text = 'Which one are you going to buy?'
14.7406 	EXP 	eyetracker.setRecordingState(False)
14.7562 	EXP 	text: height = np.float64(0.05)
14.7562 	EXP 	text: height = np.float64(0.05)
14.7562 	EXP 	text: height = np.float64(0.05)
14.7562 	EXP 	text: text = 'Which one are you going to buy?'
14.7580 	EXP 	eyetracker.setRecordingState(False)
14.7780 	EXP 	text: height = np.float64(0.05)
14.7780 	EXP 	text: height = np.float64(0.05)
14.7780 	EXP 	text: height = np.float64(0.05)
14.7780 	EXP 	text: text = 'Which one are you going to buy?'
14.7801 	EXP 	eyetracker.setRecordingState(False)
14.8014 	EXP 	text: height = np.float64(0.05)
14.8014 	EXP 	text: height = np.float64(0.05)
14.8014 	EXP 	text: height = np.float64(0.05)
14.8014 	EXP 	text: text = 'Which one are you going to buy?'
14.8032 	EXP 	eyetracker.setRecordingState(False)
14.8248 	EXP 	text: height = np.float64(0.05)
14.8248 	EXP 	text: height = np.float64(0.05)
14.8248 	EXP 	text: height = np.float64(0.05)
14.8248 	EXP 	text: text = 'Which one are you going to buy?'
14.8271 	EXP 	eyetracker.setRecordingState(False)
14.8477 	EXP 	text: height = np.float64(0.05)
14.8477 	EXP 	text: height = np.float64(0.05)
14.8477 	EXP 	text: height = np.float64(0.05)
14.8477 	EXP 	text: text = 'Which one are you going to buy?'
14.8497 	EXP 	eyetracker.setRecordingState(False)
14.8678 	EXP 	text: height = np.float64(0.05)
14.8678 	EXP 	text: height = np.float64(0.05)
14.8678 	EXP 	text: height = np.float64(0.05)
14.8678 	EXP 	text: text = 'Which one are you going to buy?'
14.8696 	EXP 	eyetracker.setRecordingState(False)
14.8877 	EXP 	text: height = np.float64(0.05)
14.8877 	EXP 	text: height = np.float64(0.05)
14.8877 	EXP 	text: height = np.float64(0.05)
14.8877 	EXP 	text: text = 'Which one are you going to buy?'
14.8891 	EXP 	eyetracker.setRecordingState(False)
14.9020 	EXP 	text: height = np.float64(0.05)
14.9020 	EXP 	text: height = np.float64(0.05)
14.9020 	EXP 	text: height = np.float64(0.05)
14.9020 	EXP 	text: text = 'Which one are you going to buy?'
14.9030 	EXP 	eyetracker.setRecordingState(False)
14.9131 	EXP 	text: height = np.float64(0.05)
14.9131 	EXP 	text: height = np.float64(0.05)
14.9131 	EXP 	text: height = np.float64(0.05)
14.9131 	EXP 	text: text = 'Which one are you going to buy?'
14.9139 	EXP 	eyetracker.setRecordingState(False)
14.9245 	EXP 	text: height = np.float64(0.05)
14.9245 	EXP 	text: height = np.float64(0.05)
14.9245 	EXP 	text: height = np.float64(0.05)
14.9245 	EXP 	text: text = 'Which one are you going to buy?'
14.9263 	EXP 	eyetracker.setRecordingState(False)
14.9481 	EXP 	text: height = np.float64(0.05)
14.9481 	EXP 	text: height = np.float64(0.05)
14.9481 	EXP 	text: height = np.float64(0.05)
14.9481 	EXP 	text: text = 'Which one are you going to buy?'
14.9502 	EXP 	eyetracker.setRecordingState(False)
14.9683 	EXP 	text: height = np.float64(0.05)
14.9683 	EXP 	text: height = np.float64(0.05)
14.9683 	EXP 	text: height = np.float64(0.05)
14.9683 	EXP 	text: text = 'Which one are you going to buy?'
14.9696 	EXP 	eyetracker.setRecordingState(False)
14.9837 	EXP 	text: height = np.float64(0.05)
14.9837 	EXP 	text: height = np.float64(0.05)
14.9837 	EXP 	text: height = np.float64(0.05)
14.9837 	EXP 	text: text = 'Which one are you going to buy?'
14.9856 	EXP 	eyetracker.setRecordingState(False)
15.0027 	EXP 	text: height = np.float64(0.05)
15.0027 	EXP 	text: height = np.float64(0.05)
15.0027 	EXP 	text: height = np.float64(0.05)
15.0027 	EXP 	text: text = 'Which one are you going to buy?'
15.0045 	EXP 	eyetracker.setRecordingState(False)
15.0203 	EXP 	text: height = np.float64(0.05)
15.0203 	EXP 	text: height = np.float64(0.05)
15.0203 	EXP 	text: height = np.float64(0.05)
15.0203 	EXP 	text: text = 'Which one are you going to buy?'
15.0222 	EXP 	eyetracker.setRecordingState(False)
15.0360 	EXP 	text: height = np.float64(0.05)
15.0360 	EXP 	text: height = np.float64(0.05)
15.0360 	EXP 	text: height = np.float64(0.05)
15.0360 	EXP 	text: text = 'Which one are you going to buy?'
15.0369 	EXP 	eyetracker.setRecordingState(False)
15.0468 	EXP 	text: height = np.float64(0.05)
15.0468 	EXP 	text: height = np.float64(0.05)
15.0468 	EXP 	text: height = np.float64(0.05)
15.0468 	EXP 	text: text = 'Which one are you going to buy?'
15.0475 	EXP 	eyetracker.setRecordingState(False)
15.0599 	EXP 	text: height = np.float64(0.05)
15.0599 	EXP 	text: height = np.float64(0.05)
15.0599 	EXP 	text: height = np.float64(0.05)
15.0599 	EXP 	text: text = 'Which one are you going to buy?'
15.0618 	EXP 	eyetracker.setRecordingState(False)
15.0807 	EXP 	text: height = np.float64(0.05)
15.0807 	EXP 	text: height = np.float64(0.05)
15.0807 	EXP 	text: height = np.float64(0.05)
15.0807 	EXP 	text: text = 'Which one are you going to buy?'
15.0826 	EXP 	eyetracker.setRecordingState(False)
15.1021 	EXP 	text: height = np.float64(0.05)
15.1021 	EXP 	text: height = np.float64(0.05)
15.1021 	EXP 	text: height = np.float64(0.05)
15.1021 	EXP 	text: text = 'Which one are you going to buy?'
15.1038 	EXP 	eyetracker.setRecordingState(False)
15.1200 	EXP 	text: height = np.float64(0.05)
15.1200 	EXP 	text: height = np.float64(0.05)
15.1200 	EXP 	text: height = np.float64(0.05)
15.1200 	EXP 	text: text = 'Which one are you going to buy?'
15.1215 	EXP 	eyetracker.setRecordingState(False)
15.1381 	EXP 	text: height = np.float64(0.05)
15.1381 	EXP 	text: height = np.float64(0.05)
15.1381 	EXP 	text: height = np.float64(0.05)
15.1381 	EXP 	text: text = 'Which one are you going to buy?'
15.1397 	EXP 	eyetracker.setRecordingState(False)
15.1538 	EXP 	text: height = np.float64(0.05)
15.1538 	EXP 	text: height = np.float64(0.05)
15.1538 	EXP 	text: height = np.float64(0.05)
15.1538 	EXP 	text: text = 'Which one are you going to buy?'
15.1547 	EXP 	eyetracker.setRecordingState(False)
15.1665 	EXP 	text: height = np.float64(0.05)
15.1665 	EXP 	text: height = np.float64(0.05)
15.1665 	EXP 	text: height = np.float64(0.05)
15.1665 	EXP 	text: text = 'Which one are you going to buy?'
15.1679 	EXP 	eyetracker.setRecordingState(False)
15.1810 	EXP 	text: height = np.float64(0.05)
15.1810 	EXP 	text: height = np.float64(0.05)
15.1810 	EXP 	text: height = np.float64(0.05)
15.1810 	EXP 	text: text = 'Which one are you going to buy?'
15.1819 	EXP 	eyetracker.setRecordingState(False)
15.1920 	EXP 	text: height = np.float64(0.05)
15.1920 	EXP 	text: height = np.float64(0.05)
15.1920 	EXP 	text: height = np.float64(0.05)
15.1920 	EXP 	text: text = 'Which one are you going to buy?'
15.1928 	EXP 	eyetracker.setRecordingState(False)
15.2019 	EXP 	text: height = np.float64(0.05)
15.2019 	EXP 	text: height = np.float64(0.05)
15.2019 	EXP 	text: height = np.float64(0.05)
15.2019 	EXP 	text: text = 'Which one are you going to buy?'
15.2027 	EXP 	eyetracker.setRecordingState(False)
15.2109 	EXP 	text: height = np.float64(0.05)
15.2109 	EXP 	text: height = np.float64(0.05)
15.2109 	EXP 	text: height = np.float64(0.05)
15.2109 	EXP 	text: text = 'Which one are you going to buy?'
15.2121 	EXP 	eyetracker.setRecordingState(False)
15.2208 	EXP 	text: height = np.float64(0.05)
15.2208 	EXP 	text: height = np.float64(0.05)
15.2208 	EXP 	text: height = np.float64(0.05)
15.2208 	EXP 	text: text = 'Which one are you going to buy?'
15.2218 	EXP 	eyetracker.setRecordingState(False)
15.2353 	EXP 	text: height = np.float64(0.05)
15.2353 	EXP 	text: height = np.float64(0.05)
15.2353 	EXP 	text: height = np.float64(0.05)
15.2353 	EXP 	text: text = 'Which one are you going to buy?'
15.2372 	EXP 	eyetracker.setRecordingState(False)
15.2524 	EXP 	text: height = np.float64(0.05)
15.2524 	EXP 	text: height = np.float64(0.05)
15.2524 	EXP 	text: height = np.float64(0.05)
15.2524 	EXP 	text: text = 'Which one are you going to buy?'
15.2543 	EXP 	eyetracker.setRecordingState(False)
15.2669 	EXP 	text: height = np.float64(0.05)
15.2669 	EXP 	text: height = np.float64(0.05)
15.2669 	EXP 	text: height = np.float64(0.05)
15.2669 	EXP 	text: text = 'Which one are you going to buy?'
15.2678 	EXP 	eyetracker.setRecordingState(False)
15.2807 	EXP 	text: height = np.float64(0.05)
15.2807 	EXP 	text: height = np.float64(0.05)
15.2807 	EXP 	text: height = np.float64(0.05)
15.2807 	EXP 	text: text = 'Which one are you going to buy?'
15.2820 	EXP 	eyetracker.setRecordingState(False)
15.2938 	EXP 	text: height = np.float64(0.05)
15.2938 	EXP 	text: height = np.float64(0.05)
15.2938 	EXP 	text: height = np.float64(0.05)
15.2938 	EXP 	text: text = 'Which one are you going to buy?'
15.2949 	EXP 	eyetracker.setRecordingState(False)
15.3090 	EXP 	text: height = np.float64(0.05)
15.3090 	EXP 	text: height = np.float64(0.05)
15.3090 	EXP 	text: height = np.float64(0.05)
15.3090 	EXP 	text: text = 'Which one are you going to buy?'
15.3104 	EXP 	eyetracker.setRecordingState(False)
15.3266 	EXP 	text: height = np.float64(0.05)
15.3266 	EXP 	text: height = np.float64(0.05)
15.3266 	EXP 	text: height = np.float64(0.05)
15.3266 	EXP 	text: text = 'Which one are you going to buy?'
15.3277 	EXP 	eyetracker.setRecordingState(False)
15.3412 	EXP 	text: height = np.float64(0.05)
15.3412 	EXP 	text: height = np.float64(0.05)
15.3412 	EXP 	text: height = np.float64(0.05)
15.3412 	EXP 	text: text = 'Which one are you going to buy?'
15.3426 	EXP 	eyetracker.setRecordingState(False)
15.3573 	EXP 	text: height = np.float64(0.05)
15.3573 	EXP 	text: height = np.float64(0.05)
15.3573 	EXP 	text: height = np.float64(0.05)
15.3573 	EXP 	text: text = 'Which one are you going to buy?'
15.3592 	EXP 	eyetracker.setRecordingState(False)
15.3771 	EXP 	text: height = np.float64(0.05)
15.3771 	EXP 	text: height = np.float64(0.05)
15.3771 	EXP 	text: height = np.float64(0.05)
15.3771 	EXP 	text: text = 'Which one are you going to buy?'
15.3785 	EXP 	eyetracker.setRecordingState(False)
15.3934 	EXP 	text: height = np.float64(0.05)
15.3934 	EXP 	text: height = np.float64(0.05)
15.3934 	EXP 	text: height = np.float64(0.05)
15.3934 	EXP 	text: text = 'Which one are you going to buy?'
15.3950 	EXP 	eyetracker.setRecordingState(False)
15.4090 	EXP 	text: height = np.float64(0.05)
15.4090 	EXP 	text: height = np.float64(0.05)
15.4090 	EXP 	text: height = np.float64(0.05)
15.4090 	EXP 	text: text = 'Which one are you going to buy?'
15.4101 	EXP 	eyetracker.setRecordingState(False)
15.4227 	EXP 	text: height = np.float64(0.05)
15.4227 	EXP 	text: height = np.float64(0.05)
15.4227 	EXP 	text: height = np.float64(0.05)
15.4227 	EXP 	text: text = 'Which one are you going to buy?'
15.4239 	EXP 	eyetracker.setRecordingState(False)
15.4370 	EXP 	text: height = np.float64(0.05)
15.4370 	EXP 	text: height = np.float64(0.05)
15.4370 	EXP 	text: height = np.float64(0.05)
15.4370 	EXP 	text: text = 'Which one are you going to buy?'
15.4390 	EXP 	eyetracker.setRecordingState(False)
15.4522 	EXP 	text: height = np.float64(0.05)
15.4522 	EXP 	text: height = np.float64(0.05)
15.4522 	EXP 	text: height = np.float64(0.05)
15.4522 	EXP 	text: text = 'Which one are you going to buy?'
15.4535 	EXP 	eyetracker.setRecordingState(False)
15.4661 	EXP 	text: height = np.float64(0.05)
15.4661 	EXP 	text: height = np.float64(0.05)
15.4661 	EXP 	text: height = np.float64(0.05)
15.4661 	EXP 	text: text = 'Which one are you going to buy?'
15.4672 	EXP 	eyetracker.setRecordingState(False)
15.4801 	EXP 	text: height = np.float64(0.05)
15.4801 	EXP 	text: height = np.float64(0.05)
15.4801 	EXP 	text: height = np.float64(0.05)
15.4801 	EXP 	text: text = 'Which one are you going to buy?'
15.4829 	EXP 	eyetracker.setRecordingState(False)
15.4949 	EXP 	text: height = np.float64(0.05)
15.4949 	EXP 	text: height = np.float64(0.05)
15.4949 	EXP 	text: height = np.float64(0.05)
15.4949 	EXP 	text: text = 'Which one are you going to buy?'
15.4965 	EXP 	eyetracker.setRecordingState(False)
15.5079 	EXP 	text: height = np.float64(0.05)
15.5079 	EXP 	text: height = np.float64(0.05)
15.5079 	EXP 	text: height = np.float64(0.05)
15.5079 	EXP 	text: text = 'Which one are you going to buy?'
15.5089 	EXP 	eyetracker.setRecordingState(False)
15.5220 	EXP 	text: height = np.float64(0.05)
15.5220 	EXP 	text: height = np.float64(0.05)
15.5220 	EXP 	text: height = np.float64(0.05)
15.5220 	EXP 	text: text = 'Which one are you going to buy?'
15.5234 	EXP 	eyetracker.setRecordingState(False)
15.5363 	EXP 	text: height = np.float64(0.05)
15.5363 	EXP 	text: height = np.float64(0.05)
15.5363 	EXP 	text: height = np.float64(0.05)
15.5363 	EXP 	text: text = 'Which one are you going to buy?'
15.5387 	EXP 	eyetracker.setRecordingState(False)
15.5508 	EXP 	text: height = np.float64(0.05)
15.5508 	EXP 	text: height = np.float64(0.05)
15.5508 	EXP 	text: height = np.float64(0.05)
15.5508 	EXP 	text: text = 'Which one are you going to buy?'
15.5522 	EXP 	eyetracker.setRecordingState(False)
15.5650 	EXP 	text: height = np.float64(0.05)
15.5650 	EXP 	text: height = np.float64(0.05)
15.5650 	EXP 	text: height = np.float64(0.05)
15.5650 	EXP 	text: text = 'Which one are you going to buy?'
15.5664 	EXP 	eyetracker.setRecordingState(False)
15.5788 	EXP 	text: height = np.float64(0.05)
15.5788 	EXP 	text: height = np.float64(0.05)
15.5788 	EXP 	text: height = np.float64(0.05)
15.5788 	EXP 	text: text = 'Which one are you going to buy?'
15.5796 	EXP 	eyetracker.setRecordingState(False)
15.5897 	EXP 	text: height = np.float64(0.05)
15.5897 	EXP 	text: height = np.float64(0.05)
15.5897 	EXP 	text: height = np.float64(0.05)
15.5897 	EXP 	text: text = 'Which one are you going to buy?'
15.5905 	EXP 	eyetracker.setRecordingState(False)
15.5999 	EXP 	text: height = np.float64(0.05)
15.5999 	EXP 	text: height = np.float64(0.05)
15.5999 	EXP 	text: height = np.float64(0.05)
15.5999 	EXP 	text: text = 'Which one are you going to buy?'
15.6014 	EXP 	eyetracker.setRecordingState(False)
15.6127 	EXP 	text: height = np.float64(0.05)
15.6127 	EXP 	text: height = np.float64(0.05)
15.6127 	EXP 	text: height = np.float64(0.05)
15.6127 	EXP 	text: text = 'Which one are you going to buy?'
15.6137 	EXP 	eyetracker.setRecordingState(False)
15.6254 	EXP 	text: height = np.float64(0.05)
15.6254 	EXP 	text: height = np.float64(0.05)
15.6254 	EXP 	text: height = np.float64(0.05)
15.6254 	EXP 	text: text = 'Which one are you going to buy?'
15.6262 	EXP 	eyetracker.setRecordingState(False)
15.6389 	EXP 	text: height = np.float64(0.05)
15.6389 	EXP 	text: height = np.float64(0.05)
15.6389 	EXP 	text: height = np.float64(0.05)
15.6389 	EXP 	text: text = 'Which one are you going to buy?'
15.6410 	EXP 	eyetracker.setRecordingState(False)
15.6547 	EXP 	text: height = np.float64(0.05)
15.6547 	EXP 	text: height = np.float64(0.05)
15.6547 	EXP 	text: height = np.float64(0.05)
15.6547 	EXP 	text: text = 'Which one are you going to buy?'
15.6558 	EXP 	eyetracker.setRecordingState(False)
15.6694 	EXP 	text: height = np.float64(0.05)
15.6694 	EXP 	text: height = np.float64(0.05)
15.6694 	EXP 	text: height = np.float64(0.05)
15.6694 	EXP 	text: text = 'Which one are you going to buy?'
15.6705 	EXP 	eyetracker.setRecordingState(False)
15.6815 	EXP 	text: height = np.float64(0.05)
15.6815 	EXP 	text: height = np.float64(0.05)
15.6815 	EXP 	text: height = np.float64(0.05)
15.6815 	EXP 	text: text = 'Which one are you going to buy?'
15.6825 	EXP 	eyetracker.setRecordingState(False)
15.6925 	EXP 	text: height = np.float64(0.05)
15.6925 	EXP 	text: height = np.float64(0.05)
15.6925 	EXP 	text: height = np.float64(0.05)
15.6925 	EXP 	text: text = 'Which one are you going to buy?'
15.6965 	EXP 	eyetracker.setRecordingState(False)
15.7063 	EXP 	text: height = np.float64(0.05)
15.7063 	EXP 	text: height = np.float64(0.05)
15.7063 	EXP 	text: height = np.float64(0.05)
15.7063 	EXP 	text: text = 'Which one are you going to buy?'
15.7079 	EXP 	eyetracker.setRecordingState(False)
15.7248 	EXP 	text: height = np.float64(0.05)
15.7248 	EXP 	text: height = np.float64(0.05)
15.7248 	EXP 	text: height = np.float64(0.05)
15.7248 	EXP 	text: text = 'Which one are you going to buy?'
15.7277 	EXP 	eyetracker.setRecordingState(False)
15.7462 	EXP 	text: height = np.float64(0.05)
15.7462 	EXP 	text: height = np.float64(0.05)
15.7462 	EXP 	text: height = np.float64(0.05)
15.7462 	EXP 	text: text = 'Which one are you going to buy?'
15.7476 	EXP 	eyetracker.setRecordingState(False)
15.7636 	EXP 	text: height = np.float64(0.05)
15.7636 	EXP 	text: height = np.float64(0.05)
15.7636 	EXP 	text: height = np.float64(0.05)
15.7636 	EXP 	text: text = 'Which one are you going to buy?'
15.7656 	EXP 	eyetracker.setRecordingState(False)
15.7814 	EXP 	text: height = np.float64(0.05)
15.7814 	EXP 	text: height = np.float64(0.05)
15.7814 	EXP 	text: height = np.float64(0.05)
15.7814 	EXP 	text: text = 'Which one are you going to buy?'
15.7827 	EXP 	eyetracker.setRecordingState(False)
15.7983 	EXP 	text: height = np.float64(0.05)
15.7983 	EXP 	text: height = np.float64(0.05)
15.7983 	EXP 	text: height = np.float64(0.05)
15.7983 	EXP 	text: text = 'Which one are you going to buy?'
15.8045 	EXP 	eyetracker.setRecordingState(False)
15.8176 	EXP 	text: height = np.float64(0.05)
15.8176 	EXP 	text: height = np.float64(0.05)
15.8176 	EXP 	text: height = np.float64(0.05)
15.8176 	EXP 	text: text = 'Which one are you going to buy?'
15.8191 	EXP 	eyetracker.setRecordingState(False)
15.8335 	EXP 	text: height = np.float64(0.05)
15.8335 	EXP 	text: height = np.float64(0.05)
15.8335 	EXP 	text: height = np.float64(0.05)
15.8335 	EXP 	text: text = 'Which one are you going to buy?'
15.8399 	EXP 	eyetracker.setRecordingState(False)
15.8531 	EXP 	text: height = np.float64(0.05)
15.8531 	EXP 	text: height = np.float64(0.05)
15.8531 	EXP 	text: height = np.float64(0.05)
15.8531 	EXP 	text: text = 'Which one are you going to buy?'
15.8548 	EXP 	eyetracker.setRecordingState(False)
15.8675 	EXP 	text: height = np.float64(0.05)
15.8675 	EXP 	text: height = np.float64(0.05)
15.8675 	EXP 	text: height = np.float64(0.05)
15.8675 	EXP 	text: text = 'Which one are you going to buy?'
15.8728 	EXP 	eyetracker.setRecordingState(False)
15.8849 	EXP 	text: height = np.float64(0.05)
15.8849 	EXP 	text: height = np.float64(0.05)
15.8849 	EXP 	text: height = np.float64(0.05)
15.8849 	EXP 	text: text = 'Which one are you going to buy?'
15.8860 	EXP 	eyetracker.setRecordingState(False)
15.8959 	EXP 	text: height = np.float64(0.05)
15.8959 	EXP 	text: height = np.float64(0.05)
15.8959 	EXP 	text: height = np.float64(0.05)
15.8959 	EXP 	text: text = 'Which one are you going to buy?'
15.8970 	EXP 	eyetracker.setRecordingState(False)
15.9058 	EXP 	text: height = np.float64(0.05)
15.9058 	EXP 	text: height = np.float64(0.05)
15.9058 	EXP 	text: height = np.float64(0.05)
15.9058 	EXP 	text: text = 'Which one are you going to buy?'
15.9064 	EXP 	eyetracker.setRecordingState(False)
15.9144 	EXP 	text: height = np.float64(0.05)
15.9144 	EXP 	text: height = np.float64(0.05)
15.9144 	EXP 	text: height = np.float64(0.05)
15.9144 	EXP 	text: text = 'Which one are you going to buy?'
15.9155 	EXP 	eyetracker.setRecordingState(False)
15.9237 	EXP 	text: height = np.float64(0.05)
15.9237 	EXP 	text: height = np.float64(0.05)
15.9237 	EXP 	text: height = np.float64(0.05)
15.9237 	EXP 	text: text = 'Which one are you going to buy?'
15.9252 	EXP 	eyetracker.setRecordingState(False)
15.9363 	EXP 	text: height = np.float64(0.05)
15.9363 	EXP 	text: height = np.float64(0.05)
15.9363 	EXP 	text: height = np.float64(0.05)
15.9363 	EXP 	text: text = 'Which one are you going to buy?'
15.9383 	EXP 	eyetracker.setRecordingState(False)
15.9521 	EXP 	text: height = np.float64(0.05)
15.9521 	EXP 	text: height = np.float64(0.05)
15.9521 	EXP 	text: height = np.float64(0.05)
15.9521 	EXP 	text: text = 'Which one are you going to buy?'
15.9532 	EXP 	eyetracker.setRecordingState(False)
15.9681 	EXP 	text: height = np.float64(0.05)
15.9681 	EXP 	text: height = np.float64(0.05)
15.9681 	EXP 	text: height = np.float64(0.05)
15.9681 	EXP 	text: text = 'Which one are you going to buy?'
15.9697 	EXP 	eyetracker.setRecordingState(False)
15.9845 	EXP 	text: height = np.float64(0.05)
15.9845 	EXP 	text: height = np.float64(0.05)
15.9845 	EXP 	text: height = np.float64(0.05)
15.9845 	EXP 	text: text = 'Which one are you going to buy?'
15.9859 	EXP 	eyetracker.setRecordingState(False)
15.9991 	EXP 	text: height = np.float64(0.05)
15.9991 	EXP 	text: height = np.float64(0.05)
15.9991 	EXP 	text: height = np.float64(0.05)
15.9991 	EXP 	text: text = 'Which one are you going to buy?'
16.0007 	EXP 	eyetracker.setRecordingState(False)
16.0162 	EXP 	text: height = np.float64(0.05)
16.0162 	EXP 	text: height = np.float64(0.05)
16.0162 	EXP 	text: height = np.float64(0.05)
16.0162 	EXP 	text: text = 'Which one are you going to buy?'
16.0176 	EXP 	eyetracker.setRecordingState(False)
16.0297 	EXP 	text: height = np.float64(0.05)
16.0297 	EXP 	text: height = np.float64(0.05)
16.0297 	EXP 	text: height = np.float64(0.05)
16.0297 	EXP 	text: text = 'Which one are you going to buy?'
16.0309 	EXP 	eyetracker.setRecordingState(False)
16.0422 	EXP 	text: height = np.float64(0.05)
16.0422 	EXP 	text: height = np.float64(0.05)
16.0422 	EXP 	text: height = np.float64(0.05)
16.0422 	EXP 	text: text = 'Which one are you going to buy?'
16.0435 	EXP 	eyetracker.setRecordingState(False)
16.0616 	EXP 	text: height = np.float64(0.05)
16.0616 	EXP 	text: height = np.float64(0.05)
16.0616 	EXP 	text: height = np.float64(0.05)
16.0616 	EXP 	text: text = 'Which one are you going to buy?'
16.0631 	EXP 	eyetracker.setRecordingState(False)
16.0805 	EXP 	text: height = np.float64(0.05)
16.0805 	EXP 	text: height = np.float64(0.05)
16.0805 	EXP 	text: height = np.float64(0.05)
16.0805 	EXP 	text: text = 'Which one are you going to buy?'
16.0823 	EXP 	eyetracker.setRecordingState(False)
16.1001 	EXP 	text: height = np.float64(0.05)
16.1001 	EXP 	text: height = np.float64(0.05)
16.1001 	EXP 	text: height = np.float64(0.05)
16.1001 	EXP 	text: text = 'Which one are you going to buy?'
16.1078 	EXP 	eyetracker.setRecordingState(False)
16.1263 	EXP 	text: height = np.float64(0.05)
16.1263 	EXP 	text: height = np.float64(0.05)
16.1263 	EXP 	text: height = np.float64(0.05)
16.1263 	EXP 	text: text = 'Which one are you going to buy?'
16.1288 	EXP 	eyetracker.setRecordingState(False)
16.1496 	EXP 	text: height = np.float64(0.05)
16.1496 	EXP 	text: height = np.float64(0.05)
16.1496 	EXP 	text: height = np.float64(0.05)
16.1496 	EXP 	text: text = 'Which one are you going to buy?'
16.1509 	EXP 	eyetracker.setRecordingState(False)
16.1659 	EXP 	text: height = np.float64(0.05)
16.1659 	EXP 	text: height = np.float64(0.05)
16.1659 	EXP 	text: height = np.float64(0.05)
16.1659 	EXP 	text: text = 'Which one are you going to buy?'
16.1672 	EXP 	eyetracker.setRecordingState(False)
16.1804 	EXP 	text: height = np.float64(0.05)
16.1804 	EXP 	text: height = np.float64(0.05)
16.1804 	EXP 	text: height = np.float64(0.05)
16.1804 	EXP 	text: text = 'Which one are you going to buy?'
16.1839 	EXP 	eyetracker.setRecordingState(False)
16.1995 	EXP 	text: height = np.float64(0.05)
16.1995 	EXP 	text: height = np.float64(0.05)
16.1995 	EXP 	text: height = np.float64(0.05)
16.1995 	EXP 	text: text = 'Which one are you going to buy?'
16.2011 	EXP 	eyetracker.setRecordingState(False)
16.2142 	EXP 	text: height = np.float64(0.05)
16.2142 	EXP 	text: height = np.float64(0.05)
16.2142 	EXP 	text: height = np.float64(0.05)
16.2142 	EXP 	text: text = 'Which one are you going to buy?'
16.2154 	EXP 	eyetracker.setRecordingState(False)
16.2295 	EXP 	text: height = np.float64(0.05)
16.2295 	EXP 	text: height = np.float64(0.05)
16.2295 	EXP 	text: height = np.float64(0.05)
16.2295 	EXP 	text: text = 'Which one are you going to buy?'
16.2338 	EXP 	eyetracker.setRecordingState(False)
16.2493 	EXP 	text: height = np.float64(0.05)
16.2493 	EXP 	text: height = np.float64(0.05)
16.2493 	EXP 	text: height = np.float64(0.05)
16.2493 	EXP 	text: text = 'Which one are you going to buy?'
16.2506 	EXP 	eyetracker.setRecordingState(False)
16.2619 	EXP 	text: height = np.float64(0.05)
16.2619 	EXP 	text: height = np.float64(0.05)
16.2619 	EXP 	text: height = np.float64(0.05)
16.2619 	EXP 	text: text = 'Which one are you going to buy?'
16.2628 	EXP 	eyetracker.setRecordingState(False)
16.2736 	EXP 	text: height = np.float64(0.05)
16.2736 	EXP 	text: height = np.float64(0.05)
16.2736 	EXP 	text: height = np.float64(0.05)
16.2736 	EXP 	text: text = 'Which one are you going to buy?'
16.2743 	EXP 	eyetracker.setRecordingState(False)
16.2848 	EXP 	text: height = np.float64(0.05)
16.2848 	EXP 	text: height = np.float64(0.05)
16.2848 	EXP 	text: height = np.float64(0.05)
16.2848 	EXP 	text: text = 'Which one are you going to buy?'
16.2860 	EXP 	eyetracker.setRecordingState(False)
16.2996 	EXP 	text: height = np.float64(0.05)
16.2996 	EXP 	text: height = np.float64(0.05)
16.2996 	EXP 	text: height = np.float64(0.05)
16.2996 	EXP 	text: text = 'Which one are you going to buy?'
16.3019 	EXP 	eyetracker.setRecordingState(False)
16.3180 	EXP 	text: height = np.float64(0.05)
16.3180 	EXP 	text: height = np.float64(0.05)
16.3180 	EXP 	text: height = np.float64(0.05)
16.3180 	EXP 	text: text = 'Which one are you going to buy?'
16.3195 	EXP 	eyetracker.setRecordingState(False)
16.3327 	EXP 	text: height = np.float64(0.05)
16.3327 	EXP 	text: height = np.float64(0.05)
16.3327 	EXP 	text: height = np.float64(0.05)
16.3327 	EXP 	text: text = 'Which one are you going to buy?'
16.3349 	EXP 	eyetracker.setRecordingState(False)
16.3490 	EXP 	text: height = np.float64(0.05)
16.3490 	EXP 	text: height = np.float64(0.05)
16.3490 	EXP 	text: height = np.float64(0.05)
16.3490 	EXP 	text: text = 'Which one are you going to buy?'
16.3508 	EXP 	eyetracker.setRecordingState(False)
16.3620 	EXP 	text: height = np.float64(0.05)
16.3620 	EXP 	text: height = np.float64(0.05)
16.3620 	EXP 	text: height = np.float64(0.05)
16.3620 	EXP 	text: text = 'Which one are you going to buy?'
16.3632 	EXP 	eyetracker.setRecordingState(False)
16.3758 	EXP 	text: height = np.float64(0.05)
16.3758 	EXP 	text: height = np.float64(0.05)
16.3758 	EXP 	text: height = np.float64(0.05)
16.3758 	EXP 	text: text = 'Which one are you going to buy?'
16.3775 	EXP 	eyetracker.setRecordingState(False)
16.3915 	EXP 	text: height = np.float64(0.05)
16.3915 	EXP 	text: height = np.float64(0.05)
16.3915 	EXP 	text: height = np.float64(0.05)
16.3915 	EXP 	text: text = 'Which one are you going to buy?'
16.3935 	EXP 	eyetracker.setRecordingState(False)
16.4067 	EXP 	text: height = np.float64(0.05)
16.4067 	EXP 	text: height = np.float64(0.05)
16.4067 	EXP 	text: height = np.float64(0.05)
16.4067 	EXP 	text: text = 'Which one are you going to buy?'
16.4080 	EXP 	eyetracker.setRecordingState(False)
16.4182 	EXP 	text: height = np.float64(0.05)
16.4182 	EXP 	text: height = np.float64(0.05)
16.4182 	EXP 	text: height = np.float64(0.05)
16.4182 	EXP 	text: text = 'Which one are you going to buy?'
16.4208 	EXP 	eyetracker.setRecordingState(False)
16.4318 	EXP 	text: height = np.float64(0.05)
16.4318 	EXP 	text: height = np.float64(0.05)
16.4318 	EXP 	text: height = np.float64(0.05)
16.4318 	EXP 	text: text = 'Which one are you going to buy?'
16.4337 	EXP 	eyetracker.setRecordingState(False)
16.4483 	EXP 	text: height = np.float64(0.05)
16.4483 	EXP 	text: height = np.float64(0.05)
16.4483 	EXP 	text: height = np.float64(0.05)
16.4483 	EXP 	text: text = 'Which one are you going to buy?'
16.4506 	EXP 	eyetracker.setRecordingState(False)
16.4647 	EXP 	text: height = np.float64(0.05)
16.4647 	EXP 	text: height = np.float64(0.05)
16.4647 	EXP 	text: height = np.float64(0.05)
16.4647 	EXP 	text: text = 'Which one are you going to buy?'
16.4680 	EXP 	eyetracker.setRecordingState(False)
16.4831 	EXP 	text: height = np.float64(0.05)
16.4831 	EXP 	text: height = np.float64(0.05)
16.4831 	EXP 	text: height = np.float64(0.05)
16.4831 	EXP 	text: text = 'Which one are you going to buy?'
16.4861 	EXP 	eyetracker.setRecordingState(False)
16.5014 	EXP 	text: height = np.float64(0.05)
16.5014 	EXP 	text: height = np.float64(0.05)
16.5014 	EXP 	text: height = np.float64(0.05)
16.5014 	EXP 	text: text = 'Which one are you going to buy?'
16.5033 	EXP 	eyetracker.setRecordingState(False)
16.5145 	EXP 	text: height = np.float64(0.05)
16.5145 	EXP 	text: height = np.float64(0.05)
16.5145 	EXP 	text: height = np.float64(0.05)
16.5145 	EXP 	text: text = 'Which one are you going to buy?'
16.5156 	EXP 	eyetracker.setRecordingState(False)
16.5258 	EXP 	text: height = np.float64(0.05)
16.5258 	EXP 	text: height = np.float64(0.05)
16.5258 	EXP 	text: height = np.float64(0.05)
16.5258 	EXP 	text: text = 'Which one are you going to buy?'
16.5271 	EXP 	eyetracker.setRecordingState(False)
16.5390 	EXP 	text: height = np.float64(0.05)
16.5390 	EXP 	text: height = np.float64(0.05)
16.5390 	EXP 	text: height = np.float64(0.05)
16.5390 	EXP 	text: text = 'Which one are you going to buy?'
16.5401 	EXP 	eyetracker.setRecordingState(False)
16.5504 	EXP 	text: height = np.float64(0.05)
16.5504 	EXP 	text: height = np.float64(0.05)
16.5504 	EXP 	text: height = np.float64(0.05)
16.5504 	EXP 	text: text = 'Which one are you going to buy?'
16.5518 	EXP 	eyetracker.setRecordingState(False)
16.5691 	EXP 	text: height = np.float64(0.05)
16.5691 	EXP 	text: height = np.float64(0.05)
16.5691 	EXP 	text: height = np.float64(0.05)
16.5691 	EXP 	text: text = 'Which one are you going to buy?'
16.5790 	EXP 	eyetracker.setRecordingState(False)
16.5950 	EXP 	text: height = np.float64(0.05)
16.5950 	EXP 	text: height = np.float64(0.05)
16.5950 	EXP 	text: height = np.float64(0.05)
16.5950 	EXP 	text: text = 'Which one are you going to buy?'
16.5975 	EXP 	eyetracker.setRecordingState(False)
16.6115 	EXP 	text: height = np.float64(0.05)
16.6115 	EXP 	text: height = np.float64(0.05)
16.6115 	EXP 	text: height = np.float64(0.05)
16.6115 	EXP 	text: text = 'Which one are you going to buy?'
16.6128 	EXP 	eyetracker.setRecordingState(False)
16.6236 	EXP 	text: height = np.float64(0.05)
16.6236 	EXP 	text: height = np.float64(0.05)
16.6236 	EXP 	text: height = np.float64(0.05)
16.6236 	EXP 	text: text = 'Which one are you going to buy?'
16.6249 	EXP 	eyetracker.setRecordingState(False)
16.6395 	EXP 	text: height = np.float64(0.05)
16.6395 	EXP 	text: height = np.float64(0.05)
16.6395 	EXP 	text: height = np.float64(0.05)
16.6395 	EXP 	text: text = 'Which one are you going to buy?'
16.6430 	EXP 	eyetracker.setRecordingState(False)
16.6604 	EXP 	text: height = np.float64(0.05)
16.6604 	EXP 	text: height = np.float64(0.05)
16.6604 	EXP 	text: height = np.float64(0.05)
16.6604 	EXP 	text: text = 'Which one are you going to buy?'
16.6626 	EXP 	eyetracker.setRecordingState(False)
16.6807 	EXP 	text: height = np.float64(0.05)
16.6807 	EXP 	text: height = np.float64(0.05)
16.6807 	EXP 	text: height = np.float64(0.05)
16.6807 	EXP 	text: text = 'Which one are you going to buy?'
16.6831 	EXP 	eyetracker.setRecordingState(False)
16.7021 	EXP 	text: height = np.float64(0.05)
16.7021 	EXP 	text: height = np.float64(0.05)
16.7021 	EXP 	text: height = np.float64(0.05)
16.7021 	EXP 	text: text = 'Which one are you going to buy?'
16.7038 	EXP 	eyetracker.setRecordingState(False)
16.7168 	EXP 	text: height = np.float64(0.05)
16.7168 	EXP 	text: height = np.float64(0.05)
16.7168 	EXP 	text: height = np.float64(0.05)
16.7168 	EXP 	text: text = 'Which one are you going to buy?'
16.7180 	EXP 	eyetracker.setRecordingState(False)
16.7295 	EXP 	text: height = np.float64(0.05)
16.7295 	EXP 	text: height = np.float64(0.05)
16.7295 	EXP 	text: height = np.float64(0.05)
16.7295 	EXP 	text: text = 'Which one are you going to buy?'
16.7312 	EXP 	eyetracker.setRecordingState(False)
16.7455 	EXP 	text: height = np.float64(0.05)
16.7455 	EXP 	text: height = np.float64(0.05)
16.7455 	EXP 	text: height = np.float64(0.05)
16.7455 	EXP 	text: text = 'Which one are you going to buy?'
16.7478 	EXP 	eyetracker.setRecordingState(False)
16.7647 	EXP 	text: height = np.float64(0.05)
16.7647 	EXP 	text: height = np.float64(0.05)
16.7647 	EXP 	text: height = np.float64(0.05)
16.7647 	EXP 	text: text = 'Which one are you going to buy?'
16.7665 	EXP 	eyetracker.setRecordingState(False)
16.7851 	EXP 	text: height = np.float64(0.05)
16.7851 	EXP 	text: height = np.float64(0.05)
16.7851 	EXP 	text: height = np.float64(0.05)
16.7851 	EXP 	text: text = 'Which one are you going to buy?'
16.7870 	EXP 	eyetracker.setRecordingState(False)
16.8036 	EXP 	text: height = np.float64(0.05)
16.8036 	EXP 	text: height = np.float64(0.05)
16.8036 	EXP 	text: height = np.float64(0.05)
16.8036 	EXP 	text: text = 'Which one are you going to buy?'
16.8053 	EXP 	eyetracker.setRecordingState(False)
16.8213 	EXP 	text: height = np.float64(0.05)
16.8213 	EXP 	text: height = np.float64(0.05)
16.8213 	EXP 	text: height = np.float64(0.05)
16.8213 	EXP 	text: text = 'Which one are you going to buy?'
16.8231 	EXP 	eyetracker.setRecordingState(False)
16.8432 	EXP 	text: height = np.float64(0.05)
16.8432 	EXP 	text: height = np.float64(0.05)
16.8432 	EXP 	text: height = np.float64(0.05)
16.8432 	EXP 	text: text = 'Which one are you going to buy?'
16.8460 	EXP 	eyetracker.setRecordingState(False)
16.8642 	EXP 	text: height = np.float64(0.05)
16.8642 	EXP 	text: height = np.float64(0.05)
16.8642 	EXP 	text: height = np.float64(0.05)
16.8642 	EXP 	text: text = 'Which one are you going to buy?'
16.8655 	EXP 	eyetracker.setRecordingState(False)
16.8777 	EXP 	text: height = np.float64(0.05)
16.8777 	EXP 	text: height = np.float64(0.05)
16.8777 	EXP 	text: height = np.float64(0.05)
16.8777 	EXP 	text: text = 'Which one are you going to buy?'
16.8787 	EXP 	eyetracker.setRecordingState(False)
16.8888 	EXP 	text: height = np.float64(0.05)
16.8888 	EXP 	text: height = np.float64(0.05)
16.8888 	EXP 	text: height = np.float64(0.05)
16.8888 	EXP 	text: text = 'Which one are you going to buy?'
16.8896 	EXP 	eyetracker.setRecordingState(False)
16.8979 	EXP 	text: height = np.float64(0.05)
16.8979 	EXP 	text: height = np.float64(0.05)
16.8979 	EXP 	text: height = np.float64(0.05)
16.8979 	EXP 	text: text = 'Which one are you going to buy?'
16.8985 	EXP 	eyetracker.setRecordingState(False)
16.9071 	EXP 	text: height = np.float64(0.05)
16.9071 	EXP 	text: height = np.float64(0.05)
16.9071 	EXP 	text: height = np.float64(0.05)
16.9071 	EXP 	text: text = 'Which one are you going to buy?'
16.9083 	EXP 	eyetracker.setRecordingState(False)
16.9212 	EXP 	text: height = np.float64(0.05)
16.9212 	EXP 	text: height = np.float64(0.05)
16.9212 	EXP 	text: height = np.float64(0.05)
16.9212 	EXP 	text: text = 'Which one are you going to buy?'
16.9226 	EXP 	eyetracker.setRecordingState(False)
16.9361 	EXP 	text: height = np.float64(0.05)
16.9361 	EXP 	text: height = np.float64(0.05)
16.9361 	EXP 	text: height = np.float64(0.05)
16.9361 	EXP 	text: text = 'Which one are you going to buy?'
16.9371 	EXP 	eyetracker.setRecordingState(False)
16.9488 	EXP 	text: height = np.float64(0.05)
16.9488 	EXP 	text: height = np.float64(0.05)
16.9488 	EXP 	text: height = np.float64(0.05)
16.9488 	EXP 	text: text = 'Which one are you going to buy?'
16.9499 	EXP 	eyetracker.setRecordingState(False)
16.9626 	EXP 	text: height = np.float64(0.05)
16.9626 	EXP 	text: height = np.float64(0.05)
16.9626 	EXP 	text: height = np.float64(0.05)
16.9626 	EXP 	text: text = 'Which one are you going to buy?'
16.9638 	EXP 	eyetracker.setRecordingState(False)
16.9771 	EXP 	text: height = np.float64(0.05)
16.9771 	EXP 	text: height = np.float64(0.05)
16.9771 	EXP 	text: height = np.float64(0.05)
16.9771 	EXP 	text: text = 'Which one are you going to buy?'
16.9785 	EXP 	eyetracker.setRecordingState(False)
16.9948 	EXP 	text: height = np.float64(0.05)
16.9948 	EXP 	text: height = np.float64(0.05)
16.9948 	EXP 	text: height = np.float64(0.05)
16.9948 	EXP 	text: text = 'Which one are you going to buy?'
16.9964 	EXP 	eyetracker.setRecordingState(False)
17.0108 	EXP 	text: height = np.float64(0.05)
17.0108 	EXP 	text: height = np.float64(0.05)
17.0108 	EXP 	text: height = np.float64(0.05)
17.0108 	EXP 	text: text = 'Which one are you going to buy?'
17.0124 	EXP 	eyetracker.setRecordingState(False)
17.0260 	EXP 	text: height = np.float64(0.05)
17.0260 	EXP 	text: height = np.float64(0.05)
17.0260 	EXP 	text: height = np.float64(0.05)
17.0260 	EXP 	text: text = 'Which one are you going to buy?'
17.0275 	EXP 	eyetracker.setRecordingState(False)
17.0393 	EXP 	text: height = np.float64(0.05)
17.0393 	EXP 	text: height = np.float64(0.05)
17.0393 	EXP 	text: height = np.float64(0.05)
17.0393 	EXP 	text: text = 'Which one are you going to buy?'
17.0404 	EXP 	eyetracker.setRecordingState(False)
17.0553 	EXP 	text: height = np.float64(0.05)
17.0553 	EXP 	text: height = np.float64(0.05)
17.0553 	EXP 	text: height = np.float64(0.05)
17.0553 	EXP 	text: text = 'Which one are you going to buy?'
17.0571 	EXP 	eyetracker.setRecordingState(False)
17.0695 	EXP 	text: height = np.float64(0.05)
17.0695 	EXP 	text: height = np.float64(0.05)
17.0695 	EXP 	text: height = np.float64(0.05)
17.0695 	EXP 	text: text = 'Which one are you going to buy?'
17.0705 	EXP 	eyetracker.setRecordingState(False)
17.0809 	EXP 	text: height = np.float64(0.05)
17.0809 	EXP 	text: height = np.float64(0.05)
17.0809 	EXP 	text: height = np.float64(0.05)
17.0809 	EXP 	text: text = 'Which one are you going to buy?'
17.0822 	EXP 	eyetracker.setRecordingState(False)
17.0936 	EXP 	text: height = np.float64(0.05)
17.0936 	EXP 	text: height = np.float64(0.05)
17.0936 	EXP 	text: height = np.float64(0.05)
17.0936 	EXP 	text: text = 'Which one are you going to buy?'
17.0952 	EXP 	eyetracker.setRecordingState(False)
17.1068 	EXP 	text: height = np.float64(0.05)
17.1068 	EXP 	text: height = np.float64(0.05)
17.1068 	EXP 	text: height = np.float64(0.05)
17.1068 	EXP 	text: text = 'Which one are you going to buy?'
17.1080 	EXP 	eyetracker.setRecordingState(False)
17.1222 	EXP 	text: height = np.float64(0.05)
17.1222 	EXP 	text: height = np.float64(0.05)
17.1222 	EXP 	text: height = np.float64(0.05)
17.1222 	EXP 	text: text = 'Which one are you going to buy?'
17.1234 	EXP 	eyetracker.setRecordingState(False)
17.1355 	EXP 	text: height = np.float64(0.05)
17.1355 	EXP 	text: height = np.float64(0.05)
17.1355 	EXP 	text: height = np.float64(0.05)
17.1355 	EXP 	text: text = 'Which one are you going to buy?'
17.1369 	EXP 	eyetracker.setRecordingState(False)
17.1513 	EXP 	text: height = np.float64(0.05)
17.1513 	EXP 	text: height = np.float64(0.05)
17.1513 	EXP 	text: height = np.float64(0.05)
17.1513 	EXP 	text: text = 'Which one are you going to buy?'
17.1523 	EXP 	eyetracker.setRecordingState(False)
17.1627 	EXP 	text: height = np.float64(0.05)
17.1627 	EXP 	text: height = np.float64(0.05)
17.1627 	EXP 	text: height = np.float64(0.05)
17.1627 	EXP 	text: text = 'Which one are you going to buy?'
17.1635 	EXP 	eyetracker.setRecordingState(False)
17.1717 	EXP 	text: height = np.float64(0.05)
17.1717 	EXP 	text: height = np.float64(0.05)
17.1717 	EXP 	text: height = np.float64(0.05)
17.1717 	EXP 	text: text = 'Which one are you going to buy?'
17.1724 	EXP 	eyetracker.setRecordingState(False)
17.1806 	EXP 	text: height = np.float64(0.05)
17.1806 	EXP 	text: height = np.float64(0.05)
17.1806 	EXP 	text: height = np.float64(0.05)
17.1806 	EXP 	text: text = 'Which one are you going to buy?'
17.1813 	EXP 	eyetracker.setRecordingState(False)
17.1902 	EXP 	text: height = np.float64(0.05)
17.1902 	EXP 	text: height = np.float64(0.05)
17.1902 	EXP 	text: height = np.float64(0.05)
17.1902 	EXP 	text: text = 'Which one are you going to buy?'
17.1913 	EXP 	eyetracker.setRecordingState(False)
17.2024 	EXP 	text: height = np.float64(0.05)
17.2024 	EXP 	text: height = np.float64(0.05)
17.2024 	EXP 	text: height = np.float64(0.05)
17.2024 	EXP 	text: text = 'Which one are you going to buy?'
17.2032 	EXP 	eyetracker.setRecordingState(False)
17.2126 	EXP 	text: height = np.float64(0.05)
17.2126 	EXP 	text: height = np.float64(0.05)
17.2126 	EXP 	text: height = np.float64(0.05)
17.2126 	EXP 	text: text = 'Which one are you going to buy?'
17.2134 	EXP 	eyetracker.setRecordingState(False)
17.2226 	EXP 	text: height = np.float64(0.05)
17.2226 	EXP 	text: height = np.float64(0.05)
17.2226 	EXP 	text: height = np.float64(0.05)
17.2226 	EXP 	text: text = 'Which one are you going to buy?'
17.2243 	EXP 	eyetracker.setRecordingState(False)
17.2352 	EXP 	text: height = np.float64(0.05)
17.2352 	EXP 	text: height = np.float64(0.05)
17.2352 	EXP 	text: height = np.float64(0.05)
17.2352 	EXP 	text: text = 'Which one are you going to buy?'
17.2363 	EXP 	eyetracker.setRecordingState(False)
17.2465 	EXP 	text: height = np.float64(0.05)
17.2465 	EXP 	text: height = np.float64(0.05)
17.2465 	EXP 	text: height = np.float64(0.05)
17.2465 	EXP 	text: text = 'Which one are you going to buy?'
17.2474 	EXP 	eyetracker.setRecordingState(False)
17.2572 	EXP 	text: height = np.float64(0.05)
17.2572 	EXP 	text: height = np.float64(0.05)
17.2572 	EXP 	text: height = np.float64(0.05)
17.2572 	EXP 	text: text = 'Which one are you going to buy?'
17.2584 	EXP 	eyetracker.setRecordingState(False)
17.2715 	EXP 	text: height = np.float64(0.05)
17.2715 	EXP 	text: height = np.float64(0.05)
17.2715 	EXP 	text: height = np.float64(0.05)
17.2715 	EXP 	text: text = 'Which one are you going to buy?'
17.2736 	EXP 	eyetracker.setRecordingState(False)
17.2837 	EXP 	text: height = np.float64(0.05)
17.2837 	EXP 	text: height = np.float64(0.05)
17.2837 	EXP 	text: height = np.float64(0.05)
17.2837 	EXP 	text: text = 'Which one are you going to buy?'
17.2848 	EXP 	eyetracker.setRecordingState(False)
17.2952 	EXP 	text: height = np.float64(0.05)
17.2952 	EXP 	text: height = np.float64(0.05)
17.2952 	EXP 	text: height = np.float64(0.05)
17.2952 	EXP 	text: text = 'Which one are you going to buy?'
17.2965 	EXP 	eyetracker.setRecordingState(False)
17.3091 	EXP 	text: height = np.float64(0.05)
17.3091 	EXP 	text: height = np.float64(0.05)
17.3091 	EXP 	text: height = np.float64(0.05)
17.3091 	EXP 	text: text = 'Which one are you going to buy?'
17.3106 	EXP 	eyetracker.setRecordingState(False)
17.3244 	EXP 	text: height = np.float64(0.05)
17.3244 	EXP 	text: height = np.float64(0.05)
17.3244 	EXP 	text: height = np.float64(0.05)
17.3244 	EXP 	text: text = 'Which one are you going to buy?'
17.3255 	EXP 	eyetracker.setRecordingState(False)
17.3354 	EXP 	text: height = np.float64(0.05)
17.3354 	EXP 	text: height = np.float64(0.05)
17.3354 	EXP 	text: height = np.float64(0.05)
17.3354 	EXP 	text: text = 'Which one are you going to buy?'
17.3362 	EXP 	eyetracker.setRecordingState(False)
17.3442 	EXP 	text: height = np.float64(0.05)
17.3442 	EXP 	text: height = np.float64(0.05)
17.3442 	EXP 	text: height = np.float64(0.05)
17.3442 	EXP 	text: text = 'Which one are you going to buy?'
17.3452 	EXP 	eyetracker.setRecordingState(False)
17.3551 	EXP 	text: height = np.float64(0.05)
17.3551 	EXP 	text: height = np.float64(0.05)
17.3551 	EXP 	text: height = np.float64(0.05)
17.3551 	EXP 	text: text = 'Which one are you going to buy?'
17.3560 	EXP 	eyetracker.setRecordingState(False)
17.3658 	EXP 	text: height = np.float64(0.05)
17.3658 	EXP 	text: height = np.float64(0.05)
17.3658 	EXP 	text: height = np.float64(0.05)
17.3658 	EXP 	text: text = 'Which one are you going to buy?'
17.3667 	EXP 	eyetracker.setRecordingState(False)
17.3754 	EXP 	text: height = np.float64(0.05)
17.3754 	EXP 	text: height = np.float64(0.05)
17.3754 	EXP 	text: height = np.float64(0.05)
17.3754 	EXP 	text: text = 'Which one are you going to buy?'
17.3760 	EXP 	eyetracker.setRecordingState(False)
17.3842 	EXP 	text: height = np.float64(0.05)
17.3842 	EXP 	text: height = np.float64(0.05)
17.3842 	EXP 	text: height = np.float64(0.05)
17.3842 	EXP 	text: text = 'Which one are you going to buy?'
17.3847 	EXP 	eyetracker.setRecordingState(False)
17.3932 	EXP 	text: height = np.float64(0.05)
17.3932 	EXP 	text: height = np.float64(0.05)
17.3932 	EXP 	text: height = np.float64(0.05)
17.3932 	EXP 	text: text = 'Which one are you going to buy?'
17.3939 	EXP 	eyetracker.setRecordingState(False)
17.4026 	EXP 	text: height = np.float64(0.05)
17.4026 	EXP 	text: height = np.float64(0.05)
17.4026 	EXP 	text: height = np.float64(0.05)
17.4026 	EXP 	text: text = 'Which one are you going to buy?'
17.4038 	EXP 	eyetracker.setRecordingState(False)
17.4158 	EXP 	text: height = np.float64(0.05)
17.4158 	EXP 	text: height = np.float64(0.05)
17.4158 	EXP 	text: height = np.float64(0.05)
17.4158 	EXP 	text: text = 'Which one are you going to buy?'
17.4167 	EXP 	eyetracker.setRecordingState(False)
17.4296 	EXP 	text: height = np.float64(0.05)
17.4296 	EXP 	text: height = np.float64(0.05)
17.4296 	EXP 	text: height = np.float64(0.05)
17.4296 	EXP 	text: text = 'Which one are you going to buy?'
17.4305 	EXP 	eyetracker.setRecordingState(False)
17.4364 	EXP 	text: height = np.float64(0.05)
17.4364 	EXP 	text: height = np.float64(0.05)
17.4364 	EXP 	text: height = np.float64(0.05)
17.4364 	EXP 	text: text = 'Which one are you going to buy?'
17.4369 	EXP 	eyetracker.setRecordingState(False)
17.4461 	EXP 	text: height = np.float64(0.05)
17.4461 	EXP 	text: height = np.float64(0.05)
17.4461 	EXP 	text: height = np.float64(0.05)
17.4461 	EXP 	text: text = 'Which one are you going to buy?'
17.4472 	EXP 	eyetracker.setRecordingState(False)
17.4586 	EXP 	text: height = np.float64(0.05)
17.4586 	EXP 	text: height = np.float64(0.05)
17.4586 	EXP 	text: height = np.float64(0.05)
17.4586 	EXP 	text: text = 'Which one are you going to buy?'
17.4595 	EXP 	eyetracker.setRecordingState(False)
17.4711 	EXP 	text: height = np.float64(0.05)
17.4711 	EXP 	text: height = np.float64(0.05)
17.4711 	EXP 	text: height = np.float64(0.05)
17.4711 	EXP 	text: text = 'Which one are you going to buy?'
17.4720 	EXP 	eyetracker.setRecordingState(False)
17.4813 	EXP 	text: height = np.float64(0.05)
17.4813 	EXP 	text: height = np.float64(0.05)
17.4813 	EXP 	text: height = np.float64(0.05)
17.4813 	EXP 	text: text = 'Which one are you going to buy?'
17.4822 	EXP 	eyetracker.setRecordingState(False)
17.4912 	EXP 	text: height = np.float64(0.05)
17.4912 	EXP 	text: height = np.float64(0.05)
17.4912 	EXP 	text: height = np.float64(0.05)
17.4912 	EXP 	text: text = 'Which one are you going to buy?'
17.4918 	EXP 	eyetracker.setRecordingState(False)
17.5001 	EXP 	text: height = np.float64(0.05)
17.5001 	EXP 	text: height = np.float64(0.05)
17.5001 	EXP 	text: height = np.float64(0.05)
17.5001 	EXP 	text: text = 'Which one are you going to buy?'
17.5009 	EXP 	eyetracker.setRecordingState(False)
17.5114 	EXP 	text: height = np.float64(0.05)
17.5114 	EXP 	text: height = np.float64(0.05)
17.5114 	EXP 	text: height = np.float64(0.05)
17.5114 	EXP 	text: text = 'Which one are you going to buy?'
17.5124 	EXP 	eyetracker.setRecordingState(False)
17.5267 	EXP 	text: height = np.float64(0.05)
17.5267 	EXP 	text: height = np.float64(0.05)
17.5267 	EXP 	text: height = np.float64(0.05)
17.5267 	EXP 	text: text = 'Which one are you going to buy?'
17.5287 	EXP 	eyetracker.setRecordingState(False)
17.5431 	EXP 	text: height = np.float64(0.05)
17.5431 	EXP 	text: height = np.float64(0.05)
17.5431 	EXP 	text: height = np.float64(0.05)
17.5431 	EXP 	text: text = 'Which one are you going to buy?'
17.5442 	EXP 	eyetracker.setRecordingState(False)
17.5556 	EXP 	text: height = np.float64(0.05)
17.5556 	EXP 	text: height = np.float64(0.05)
17.5556 	EXP 	text: height = np.float64(0.05)
17.5556 	EXP 	text: text = 'Which one are you going to buy?'
17.5564 	EXP 	eyetracker.setRecordingState(False)
17.5658 	EXP 	text: height = np.float64(0.05)
17.5658 	EXP 	text: height = np.float64(0.05)
17.5658 	EXP 	text: height = np.float64(0.05)
17.5658 	EXP 	text: text = 'Which one are you going to buy?'
17.5669 	EXP 	eyetracker.setRecordingState(False)
17.5762 	EXP 	text: height = np.float64(0.05)
17.5762 	EXP 	text: height = np.float64(0.05)
17.5762 	EXP 	text: height = np.float64(0.05)
17.5762 	EXP 	text: text = 'Which one are you going to buy?'
17.5768 	EXP 	eyetracker.setRecordingState(False)
17.5837 	EXP 	text: height = np.float64(0.05)
17.5837 	EXP 	text: height = np.float64(0.05)
17.5837 	EXP 	text: height = np.float64(0.05)
17.5837 	EXP 	text: text = 'Which one are you going to buy?'
17.5844 	EXP 	eyetracker.setRecordingState(False)
17.5916 	EXP 	text: height = np.float64(0.05)
17.5916 	EXP 	text: height = np.float64(0.05)
17.5916 	EXP 	text: height = np.float64(0.05)
17.5916 	EXP 	text: text = 'Which one are you going to buy?'
17.5925 	EXP 	eyetracker.setRecordingState(False)
17.6007 	EXP 	text: height = np.float64(0.05)
17.6007 	EXP 	text: height = np.float64(0.05)
17.6007 	EXP 	text: height = np.float64(0.05)
17.6007 	EXP 	text: text = 'Which one are you going to buy?'
17.6015 	EXP 	eyetracker.setRecordingState(False)
17.6093 	EXP 	text: height = np.float64(0.05)
17.6093 	EXP 	text: height = np.float64(0.05)
17.6093 	EXP 	text: height = np.float64(0.05)
17.6093 	EXP 	text: text = 'Which one are you going to buy?'
17.6102 	EXP 	eyetracker.setRecordingState(False)
17.6197 	EXP 	text: height = np.float64(0.05)
17.6197 	EXP 	text: height = np.float64(0.05)
17.6197 	EXP 	text: height = np.float64(0.05)
17.6197 	EXP 	text: text = 'Which one are you going to buy?'
17.6204 	EXP 	eyetracker.setRecordingState(False)
17.6285 	EXP 	text: height = np.float64(0.05)
17.6285 	EXP 	text: height = np.float64(0.05)
17.6285 	EXP 	text: height = np.float64(0.05)
17.6285 	EXP 	text: text = 'Which one are you going to buy?'
17.6292 	EXP 	eyetracker.setRecordingState(False)
17.6374 	EXP 	text: height = np.float64(0.05)
17.6374 	EXP 	text: height = np.float64(0.05)
17.6374 	EXP 	text: height = np.float64(0.05)
17.6374 	EXP 	text: text = 'Which one are you going to buy?'
17.6384 	EXP 	eyetracker.setRecordingState(False)
17.6465 	EXP 	text: height = np.float64(0.05)
17.6465 	EXP 	text: height = np.float64(0.05)
17.6465 	EXP 	text: height = np.float64(0.05)
17.6465 	EXP 	text: text = 'Which one are you going to buy?'
17.6475 	EXP 	eyetracker.setRecordingState(False)
17.6589 	EXP 	text: height = np.float64(0.05)
17.6589 	EXP 	text: height = np.float64(0.05)
17.6589 	EXP 	text: height = np.float64(0.05)
17.6589 	EXP 	text: text = 'Which one are you going to buy?'
17.6598 	EXP 	eyetracker.setRecordingState(False)
17.6685 	EXP 	text: height = np.float64(0.05)
17.6685 	EXP 	text: height = np.float64(0.05)
17.6685 	EXP 	text: height = np.float64(0.05)
17.6685 	EXP 	text: text = 'Which one are you going to buy?'
17.6692 	EXP 	eyetracker.setRecordingState(False)
17.6788 	EXP 	text: height = np.float64(0.05)
17.6788 	EXP 	text: height = np.float64(0.05)
17.6788 	EXP 	text: height = np.float64(0.05)
17.6788 	EXP 	text: text = 'Which one are you going to buy?'
17.6797 	EXP 	eyetracker.setRecordingState(False)
17.6895 	EXP 	text: height = np.float64(0.05)
17.6895 	EXP 	text: height = np.float64(0.05)
17.6895 	EXP 	text: height = np.float64(0.05)
17.6895 	EXP 	text: text = 'Which one are you going to buy?'
17.6905 	EXP 	eyetracker.setRecordingState(False)
17.7011 	EXP 	text: height = np.float64(0.05)
17.7011 	EXP 	text: height = np.float64(0.05)
17.7011 	EXP 	text: height = np.float64(0.05)
17.7011 	EXP 	text: text = 'Which one are you going to buy?'
17.7020 	EXP 	eyetracker.setRecordingState(False)
17.7108 	EXP 	text: height = np.float64(0.05)
17.7108 	EXP 	text: height = np.float64(0.05)
17.7108 	EXP 	text: height = np.float64(0.05)
17.7108 	EXP 	text: text = 'Which one are you going to buy?'
17.7114 	EXP 	eyetracker.setRecordingState(False)
17.7182 	EXP 	text: height = np.float64(0.05)
17.7182 	EXP 	text: height = np.float64(0.05)
17.7182 	EXP 	text: height = np.float64(0.05)
17.7182 	EXP 	text: text = 'Which one are you going to buy?'
17.7189 	EXP 	eyetracker.setRecordingState(False)
17.7277 	EXP 	text: height = np.float64(0.05)
17.7277 	EXP 	text: height = np.float64(0.05)
17.7277 	EXP 	text: height = np.float64(0.05)
17.7277 	EXP 	text: text = 'Which one are you going to buy?'
17.7283 	EXP 	eyetracker.setRecordingState(False)
17.7366 	EXP 	text: height = np.float64(0.05)
17.7366 	EXP 	text: height = np.float64(0.05)
17.7366 	EXP 	text: height = np.float64(0.05)
17.7366 	EXP 	text: text = 'Which one are you going to buy?'
17.7374 	EXP 	eyetracker.setRecordingState(False)
17.7462 	EXP 	text: height = np.float64(0.05)
17.7462 	EXP 	text: height = np.float64(0.05)
17.7462 	EXP 	text: height = np.float64(0.05)
17.7462 	EXP 	text: text = 'Which one are you going to buy?'
17.7470 	EXP 	eyetracker.setRecordingState(False)
17.7558 	EXP 	text: height = np.float64(0.05)
17.7558 	EXP 	text: height = np.float64(0.05)
17.7558 	EXP 	text: height = np.float64(0.05)
17.7558 	EXP 	text: text = 'Which one are you going to buy?'
17.7566 	EXP 	eyetracker.setRecordingState(False)
17.7656 	EXP 	text: height = np.float64(0.05)
17.7656 	EXP 	text: height = np.float64(0.05)
17.7656 	EXP 	text: height = np.float64(0.05)
17.7656 	EXP 	text: text = 'Which one are you going to buy?'
17.7662 	EXP 	eyetracker.setRecordingState(False)
17.7743 	EXP 	text: height = np.float64(0.05)
17.7743 	EXP 	text: height = np.float64(0.05)
17.7743 	EXP 	text: height = np.float64(0.05)
17.7743 	EXP 	text: text = 'Which one are you going to buy?'
17.7748 	EXP 	eyetracker.setRecordingState(False)
17.7821 	EXP 	text: height = np.float64(0.05)
17.7821 	EXP 	text: height = np.float64(0.05)
17.7821 	EXP 	text: height = np.float64(0.05)
17.7821 	EXP 	text: text = 'Which one are you going to buy?'
17.7826 	EXP 	eyetracker.setRecordingState(False)
17.7905 	EXP 	text: height = np.float64(0.05)
17.7905 	EXP 	text: height = np.float64(0.05)
17.7905 	EXP 	text: height = np.float64(0.05)
17.7905 	EXP 	text: text = 'Which one are you going to buy?'
17.7915 	EXP 	eyetracker.setRecordingState(False)
17.8009 	EXP 	text: height = np.float64(0.05)
17.8009 	EXP 	text: height = np.float64(0.05)
17.8009 	EXP 	text: height = np.float64(0.05)
17.8009 	EXP 	text: text = 'Which one are you going to buy?'
17.8016 	EXP 	eyetracker.setRecordingState(False)
17.8099 	EXP 	text: height = np.float64(0.05)
17.8099 	EXP 	text: height = np.float64(0.05)
17.8099 	EXP 	text: height = np.float64(0.05)
17.8099 	EXP 	text: text = 'Which one are you going to buy?'
17.8106 	EXP 	eyetracker.setRecordingState(False)
17.8184 	EXP 	text: height = np.float64(0.05)
17.8184 	EXP 	text: height = np.float64(0.05)
17.8184 	EXP 	text: height = np.float64(0.05)
17.8184 	EXP 	text: text = 'Which one are you going to buy?'
17.8191 	EXP 	eyetracker.setRecordingState(False)
17.8282 	EXP 	text: height = np.float64(0.05)
17.8282 	EXP 	text: height = np.float64(0.05)
17.8282 	EXP 	text: height = np.float64(0.05)
17.8282 	EXP 	text: text = 'Which one are you going to buy?'
17.8292 	EXP 	eyetracker.setRecordingState(False)
17.8406 	EXP 	text: height = np.float64(0.05)
17.8406 	EXP 	text: height = np.float64(0.05)
17.8406 	EXP 	text: height = np.float64(0.05)
17.8406 	EXP 	text: text = 'Which one are you going to buy?'
17.8411 	EXP 	eyetracker.setRecordingState(False)
17.8488 	EXP 	text: height = np.float64(0.05)
17.8488 	EXP 	text: height = np.float64(0.05)
17.8488 	EXP 	text: height = np.float64(0.05)
17.8488 	EXP 	text: text = 'Which one are you going to buy?'
17.8495 	EXP 	eyetracker.setRecordingState(False)
17.8580 	EXP 	text: height = np.float64(0.05)
17.8580 	EXP 	text: height = np.float64(0.05)
17.8580 	EXP 	text: height = np.float64(0.05)
17.8580 	EXP 	text: text = 'Which one are you going to buy?'
17.8589 	EXP 	eyetracker.setRecordingState(False)
17.8692 	EXP 	text: height = np.float64(0.05)
17.8692 	EXP 	text: height = np.float64(0.05)
17.8692 	EXP 	text: height = np.float64(0.05)
17.8692 	EXP 	text: text = 'Which one are you going to buy?'
17.8704 	EXP 	eyetracker.setRecordingState(False)
17.8818 	EXP 	text: height = np.float64(0.05)
17.8818 	EXP 	text: height = np.float64(0.05)
17.8818 	EXP 	text: height = np.float64(0.05)
17.8818 	EXP 	text: text = 'Which one are you going to buy?'
17.8828 	EXP 	eyetracker.setRecordingState(False)
17.8916 	EXP 	text: height = np.float64(0.05)
17.8916 	EXP 	text: height = np.float64(0.05)
17.8916 	EXP 	text: height = np.float64(0.05)
17.8916 	EXP 	text: text = 'Which one are you going to buy?'
17.8930 	EXP 	eyetracker.setRecordingState(False)
17.9063 	EXP 	text: height = np.float64(0.05)
17.9063 	EXP 	text: height = np.float64(0.05)
17.9063 	EXP 	text: height = np.float64(0.05)
17.9063 	EXP 	text: text = 'Which one are you going to buy?'
17.9075 	EXP 	eyetracker.setRecordingState(False)
17.9212 	EXP 	text: height = np.float64(0.05)
17.9212 	EXP 	text: height = np.float64(0.05)
17.9212 	EXP 	text: height = np.float64(0.05)
17.9212 	EXP 	text: text = 'Which one are you going to buy?'
17.9227 	EXP 	eyetracker.setRecordingState(False)
17.9356 	EXP 	text: height = np.float64(0.05)
17.9356 	EXP 	text: height = np.float64(0.05)
17.9356 	EXP 	text: height = np.float64(0.05)
17.9356 	EXP 	text: text = 'Which one are you going to buy?'
17.9363 	EXP 	eyetracker.setRecordingState(False)
17.9460 	EXP 	text: height = np.float64(0.05)
17.9460 	EXP 	text: height = np.float64(0.05)
17.9460 	EXP 	text: height = np.float64(0.05)
17.9460 	EXP 	text: text = 'Which one are you going to buy?'
17.9467 	EXP 	eyetracker.setRecordingState(False)
17.9550 	EXP 	text: height = np.float64(0.05)
17.9550 	EXP 	text: height = np.float64(0.05)
17.9550 	EXP 	text: height = np.float64(0.05)
17.9550 	EXP 	text: text = 'Which one are you going to buy?'
17.9564 	EXP 	eyetracker.setRecordingState(False)
17.9706 	EXP 	text: height = np.float64(0.05)
17.9706 	EXP 	text: height = np.float64(0.05)
17.9706 	EXP 	text: height = np.float64(0.05)
17.9706 	EXP 	text: text = 'Which one are you going to buy?'
17.9719 	EXP 	eyetracker.setRecordingState(False)
17.9873 	EXP 	text: height = np.float64(0.05)
17.9873 	EXP 	text: height = np.float64(0.05)
17.9873 	EXP 	text: height = np.float64(0.05)
17.9873 	EXP 	text: text = 'Which one are you going to buy?'
17.9881 	EXP 	eyetracker.setRecordingState(False)
18.0015 	EXP 	text: height = np.float64(0.05)
18.0015 	EXP 	text: height = np.float64(0.05)
18.0015 	EXP 	text: height = np.float64(0.05)
18.0015 	EXP 	text: text = 'Which one are you going to buy?'
18.0031 	EXP 	eyetracker.setRecordingState(False)
18.0199 	EXP 	text: height = np.float64(0.05)
18.0199 	EXP 	text: height = np.float64(0.05)
18.0199 	EXP 	text: height = np.float64(0.05)
18.0199 	EXP 	text: text = 'Which one are you going to buy?'
18.0215 	EXP 	eyetracker.setRecordingState(False)
18.0367 	EXP 	text: height = np.float64(0.05)
18.0367 	EXP 	text: height = np.float64(0.05)
18.0367 	EXP 	text: height = np.float64(0.05)
18.0367 	EXP 	text: text = 'Which one are you going to buy?'
18.0381 	EXP 	eyetracker.setRecordingState(False)
18.0564 	EXP 	text: height = np.float64(0.05)
18.0564 	EXP 	text: height = np.float64(0.05)
18.0564 	EXP 	text: height = np.float64(0.05)
18.0564 	EXP 	text: text = 'Which one are you going to buy?'
18.0580 	EXP 	eyetracker.setRecordingState(False)
18.0732 	EXP 	text: height = np.float64(0.05)
18.0732 	EXP 	text: height = np.float64(0.05)
18.0732 	EXP 	text: height = np.float64(0.05)
18.0732 	EXP 	text: text = 'Which one are you going to buy?'
18.0744 	EXP 	eyetracker.setRecordingState(False)
18.0872 	EXP 	text: height = np.float64(0.05)
18.0872 	EXP 	text: height = np.float64(0.05)
18.0872 	EXP 	text: height = np.float64(0.05)
18.0872 	EXP 	text: text = 'Which one are you going to buy?'
18.0885 	EXP 	eyetracker.setRecordingState(False)
18.0986 	EXP 	text: height = np.float64(0.05)
18.0986 	EXP 	text: height = np.float64(0.05)
18.0986 	EXP 	text: height = np.float64(0.05)
18.0986 	EXP 	text: text = 'Which one are you going to buy?'
18.1000 	EXP 	eyetracker.setRecordingState(False)
18.1120 	EXP 	text: height = np.float64(0.05)
18.1120 	EXP 	text: height = np.float64(0.05)
18.1120 	EXP 	text: height = np.float64(0.05)
18.1120 	EXP 	text: text = 'Which one are you going to buy?'
18.1131 	EXP 	eyetracker.setRecordingState(False)
18.1274 	EXP 	text: height = np.float64(0.05)
18.1274 	EXP 	text: height = np.float64(0.05)
18.1274 	EXP 	text: height = np.float64(0.05)
18.1274 	EXP 	text: text = 'Which one are you going to buy?'
18.1289 	EXP 	eyetracker.setRecordingState(False)
18.1418 	EXP 	text: height = np.float64(0.05)
18.1418 	EXP 	text: height = np.float64(0.05)
18.1418 	EXP 	text: height = np.float64(0.05)
18.1418 	EXP 	text: text = 'Which one are you going to buy?'
18.1426 	EXP 	eyetracker.setRecordingState(False)
18.1526 	EXP 	text: height = np.float64(0.05)
18.1526 	EXP 	text: height = np.float64(0.05)
18.1526 	EXP 	text: height = np.float64(0.05)
18.1526 	EXP 	text: text = 'Which one are you going to buy?'
18.1536 	EXP 	eyetracker.setRecordingState(False)
18.1618 	EXP 	text: height = np.float64(0.05)
18.1618 	EXP 	text: height = np.float64(0.05)
18.1618 	EXP 	text: height = np.float64(0.05)
18.1618 	EXP 	text: text = 'Which one are you going to buy?'
18.1631 	EXP 	eyetracker.setRecordingState(False)
18.1760 	EXP 	text: height = np.float64(0.05)
18.1760 	EXP 	text: height = np.float64(0.05)
18.1760 	EXP 	text: height = np.float64(0.05)
18.1760 	EXP 	text: text = 'Which one are you going to buy?'
18.1773 	EXP 	eyetracker.setRecordingState(False)
18.1926 	EXP 	text: height = np.float64(0.05)
18.1926 	EXP 	text: height = np.float64(0.05)
18.1926 	EXP 	text: height = np.float64(0.05)
18.1926 	EXP 	text: text = 'Which one are you going to buy?'
18.1938 	EXP 	eyetracker.setRecordingState(False)
18.2066 	EXP 	text: height = np.float64(0.05)
18.2066 	EXP 	text: height = np.float64(0.05)
18.2066 	EXP 	text: height = np.float64(0.05)
18.2066 	EXP 	text: text = 'Which one are you going to buy?'
18.2072 	EXP 	eyetracker.setRecordingState(False)
18.2161 	EXP 	text: height = np.float64(0.05)
18.2161 	EXP 	text: height = np.float64(0.05)
18.2161 	EXP 	text: height = np.float64(0.05)
18.2161 	EXP 	text: text = 'Which one are you going to buy?'
18.2167 	EXP 	eyetracker.setRecordingState(False)
18.2239 	EXP 	text: height = np.float64(0.05)
18.2239 	EXP 	text: height = np.float64(0.05)
18.2239 	EXP 	text: height = np.float64(0.05)
18.2239 	EXP 	text: text = 'Which one are you going to buy?'
18.2246 	EXP 	eyetracker.setRecordingState(False)
18.2314 	EXP 	text: height = np.float64(0.05)
18.2314 	EXP 	text: height = np.float64(0.05)
18.2314 	EXP 	text: height = np.float64(0.05)
18.2314 	EXP 	text: text = 'Which one are you going to buy?'
18.2319 	EXP 	eyetracker.setRecordingState(False)
18.2385 	EXP 	text: height = np.float64(0.05)
18.2385 	EXP 	text: height = np.float64(0.05)
18.2385 	EXP 	text: height = np.float64(0.05)
18.2385 	EXP 	text: text = 'Which one are you going to buy?'
18.2390 	EXP 	eyetracker.setRecordingState(False)
18.2453 	EXP 	text: height = np.float64(0.05)
18.2453 	EXP 	text: height = np.float64(0.05)
18.2453 	EXP 	text: height = np.float64(0.05)
18.2453 	EXP 	text: text = 'Which one are you going to buy?'
18.2462 	EXP 	eyetracker.setRecordingState(False)
18.2529 	EXP 	text: height = np.float64(0.05)
18.2529 	EXP 	text: height = np.float64(0.05)
18.2529 	EXP 	text: height = np.float64(0.05)
18.2529 	EXP 	text: text = 'Which one are you going to buy?'
18.2535 	EXP 	eyetracker.setRecordingState(False)
18.2595 	EXP 	text: height = np.float64(0.05)
18.2595 	EXP 	text: height = np.float64(0.05)
18.2595 	EXP 	text: height = np.float64(0.05)
18.2595 	EXP 	text: text = 'Which one are you going to buy?'
18.2603 	EXP 	eyetracker.setRecordingState(False)
18.2663 	EXP 	text: height = np.float64(0.05)
18.2663 	EXP 	text: height = np.float64(0.05)
18.2663 	EXP 	text: height = np.float64(0.05)
18.2663 	EXP 	text: text = 'Which one are you going to buy?'
18.2667 	EXP 	eyetracker.setRecordingState(False)
18.2726 	EXP 	text: height = np.float64(0.05)
18.2726 	EXP 	text: height = np.float64(0.05)
18.2726 	EXP 	text: height = np.float64(0.05)
18.2726 	EXP 	text: text = 'Which one are you going to buy?'
18.2731 	EXP 	eyetracker.setRecordingState(False)
18.2792 	EXP 	text: height = np.float64(0.05)
18.2792 	EXP 	text: height = np.float64(0.05)
18.2792 	EXP 	text: height = np.float64(0.05)
18.2792 	EXP 	text: text = 'Which one are you going to buy?'
18.2796 	EXP 	eyetracker.setRecordingState(False)
18.2857 	EXP 	text: height = np.float64(0.05)
18.2857 	EXP 	text: height = np.float64(0.05)
18.2857 	EXP 	text: height = np.float64(0.05)
18.2857 	EXP 	text: text = 'Which one are you going to buy?'
18.2862 	EXP 	eyetracker.setRecordingState(False)
18.2924 	EXP 	text: height = np.float64(0.05)
18.2924 	EXP 	text: height = np.float64(0.05)
18.2924 	EXP 	text: height = np.float64(0.05)
18.2924 	EXP 	text: text = 'Which one are you going to buy?'
18.2929 	EXP 	eyetracker.setRecordingState(False)
18.2995 	EXP 	text: height = np.float64(0.05)
18.2995 	EXP 	text: height = np.float64(0.05)
18.2995 	EXP 	text: height = np.float64(0.05)
18.2995 	EXP 	text: text = 'Which one are you going to buy?'
18.3001 	EXP 	eyetracker.setRecordingState(False)
18.3083 	EXP 	text: height = np.float64(0.05)
18.3083 	EXP 	text: height = np.float64(0.05)
18.3083 	EXP 	text: height = np.float64(0.05)
18.3083 	EXP 	text: text = 'Which one are you going to buy?'
18.3092 	EXP 	eyetracker.setRecordingState(False)
18.3196 	EXP 	text: height = np.float64(0.05)
18.3196 	EXP 	text: height = np.float64(0.05)
18.3196 	EXP 	text: height = np.float64(0.05)
18.3196 	EXP 	text: text = 'Which one are you going to buy?'
18.3207 	EXP 	eyetracker.setRecordingState(False)
18.3325 	EXP 	text: height = np.float64(0.05)
18.3325 	EXP 	text: height = np.float64(0.05)
18.3325 	EXP 	text: height = np.float64(0.05)
18.3325 	EXP 	text: text = 'Which one are you going to buy?'
18.3337 	EXP 	eyetracker.setRecordingState(False)
18.3493 	EXP 	text: height = np.float64(0.05)
18.3493 	EXP 	text: height = np.float64(0.05)
18.3493 	EXP 	text: height = np.float64(0.05)
18.3493 	EXP 	text: text = 'Which one are you going to buy?'
18.3508 	EXP 	eyetracker.setRecordingState(False)
18.3675 	EXP 	text: height = np.float64(0.05)
18.3675 	EXP 	text: height = np.float64(0.05)
18.3675 	EXP 	text: height = np.float64(0.05)
18.3675 	EXP 	text: text = 'Which one are you going to buy?'
18.3694 	EXP 	eyetracker.setRecordingState(False)
18.3859 	EXP 	text: height = np.float64(0.05)
18.3859 	EXP 	text: height = np.float64(0.05)
18.3859 	EXP 	text: height = np.float64(0.05)
18.3859 	EXP 	text: text = 'Which one are you going to buy?'
18.3878 	EXP 	eyetracker.setRecordingState(False)
18.4078 	EXP 	text: height = np.float64(0.05)
18.4078 	EXP 	text: height = np.float64(0.05)
18.4078 	EXP 	text: height = np.float64(0.05)
18.4078 	EXP 	text: text = 'Which one are you going to buy?'
18.4096 	EXP 	eyetracker.setRecordingState(False)
18.4272 	EXP 	text: height = np.float64(0.05)
18.4272 	EXP 	text: height = np.float64(0.05)
18.4272 	EXP 	text: height = np.float64(0.05)
18.4272 	EXP 	text: text = 'Which one are you going to buy?'
18.4291 	EXP 	eyetracker.setRecordingState(False)
18.4445 	EXP 	text: height = np.float64(0.05)
18.4445 	EXP 	text: height = np.float64(0.05)
18.4445 	EXP 	text: height = np.float64(0.05)
18.4445 	EXP 	text: text = 'Which one are you going to buy?'
18.4458 	EXP 	eyetracker.setRecordingState(False)
18.4598 	EXP 	text: height = np.float64(0.05)
18.4598 	EXP 	text: height = np.float64(0.05)
18.4598 	EXP 	text: height = np.float64(0.05)
18.4598 	EXP 	text: text = 'Which one are you going to buy?'
18.4611 	EXP 	eyetracker.setRecordingState(False)
18.4726 	EXP 	text: height = np.float64(0.05)
18.4726 	EXP 	text: height = np.float64(0.05)
18.4726 	EXP 	text: height = np.float64(0.05)
18.4726 	EXP 	text: text = 'Which one are you going to buy?'
18.4736 	EXP 	eyetracker.setRecordingState(False)
18.4875 	EXP 	text: height = np.float64(0.05)
18.4875 	EXP 	text: height = np.float64(0.05)
18.4875 	EXP 	text: height = np.float64(0.05)
18.4875 	EXP 	text: text = 'Which one are you going to buy?'
18.4892 	EXP 	eyetracker.setRecordingState(False)
18.5061 	EXP 	text: height = np.float64(0.05)
18.5061 	EXP 	text: height = np.float64(0.05)
18.5061 	EXP 	text: height = np.float64(0.05)
18.5061 	EXP 	text: text = 'Which one are you going to buy?'
18.5073 	EXP 	eyetracker.setRecordingState(False)
18.5190 	EXP 	text: height = np.float64(0.05)
18.5190 	EXP 	text: height = np.float64(0.05)
18.5190 	EXP 	text: height = np.float64(0.05)
18.5190 	EXP 	text: text = 'Which one are you going to buy?'
18.5200 	EXP 	eyetracker.setRecordingState(False)
18.5327 	EXP 	text: height = np.float64(0.05)
18.5327 	EXP 	text: height = np.float64(0.05)
18.5327 	EXP 	text: height = np.float64(0.05)
18.5327 	EXP 	text: text = 'Which one are you going to buy?'
18.5345 	EXP 	eyetracker.setRecordingState(False)
18.5503 	EXP 	text: height = np.float64(0.05)
18.5503 	EXP 	text: height = np.float64(0.05)
18.5503 	EXP 	text: height = np.float64(0.05)
18.5503 	EXP 	text: text = 'Which one are you going to buy?'
18.5514 	EXP 	eyetracker.setRecordingState(False)
18.5687 	EXP 	text: height = np.float64(0.05)
18.5687 	EXP 	text: height = np.float64(0.05)
18.5687 	EXP 	text: height = np.float64(0.05)
18.5687 	EXP 	text: text = 'Which one are you going to buy?'
18.5711 	EXP 	eyetracker.setRecordingState(False)
18.5871 	EXP 	text: height = np.float64(0.05)
18.5871 	EXP 	text: height = np.float64(0.05)
18.5871 	EXP 	text: height = np.float64(0.05)
18.5871 	EXP 	text: text = 'Which one are you going to buy?'
18.5887 	EXP 	eyetracker.setRecordingState(False)
18.6034 	EXP 	text: height = np.float64(0.05)
18.6034 	EXP 	text: height = np.float64(0.05)
18.6034 	EXP 	text: height = np.float64(0.05)
18.6034 	EXP 	text: text = 'Which one are you going to buy?'
18.6051 	EXP 	eyetracker.setRecordingState(False)
18.6189 	EXP 	text: height = np.float64(0.05)
18.6189 	EXP 	text: height = np.float64(0.05)
18.6189 	EXP 	text: height = np.float64(0.05)
18.6189 	EXP 	text: text = 'Which one are you going to buy?'
18.6200 	EXP 	eyetracker.setRecordingState(False)
18.6320 	EXP 	text: height = np.float64(0.05)
18.6320 	EXP 	text: height = np.float64(0.05)
18.6320 	EXP 	text: height = np.float64(0.05)
18.6320 	EXP 	text: text = 'Which one are you going to buy?'
18.6339 	EXP 	eyetracker.setRecordingState(False)
18.6469 	EXP 	text: height = np.float64(0.05)
18.6469 	EXP 	text: height = np.float64(0.05)
18.6469 	EXP 	text: height = np.float64(0.05)
18.6469 	EXP 	text: text = 'Which one are you going to buy?'
18.6485 	EXP 	eyetracker.setRecordingState(False)
18.6611 	EXP 	text: height = np.float64(0.05)
18.6611 	EXP 	text: height = np.float64(0.05)
18.6611 	EXP 	text: height = np.float64(0.05)
18.6611 	EXP 	text: text = 'Which one are you going to buy?'
18.6626 	EXP 	eyetracker.setRecordingState(False)
18.6752 	EXP 	text: height = np.float64(0.05)
18.6752 	EXP 	text: height = np.float64(0.05)
18.6752 	EXP 	text: height = np.float64(0.05)
18.6752 	EXP 	text: text = 'Which one are you going to buy?'
18.6762 	EXP 	eyetracker.setRecordingState(False)
18.6878 	EXP 	text: height = np.float64(0.05)
18.6878 	EXP 	text: height = np.float64(0.05)
18.6878 	EXP 	text: height = np.float64(0.05)
18.6878 	EXP 	text: text = 'Which one are you going to buy?'
18.6891 	EXP 	eyetracker.setRecordingState(False)
18.7028 	EXP 	text: height = np.float64(0.05)
18.7028 	EXP 	text: height = np.float64(0.05)
18.7028 	EXP 	text: height = np.float64(0.05)
18.7028 	EXP 	text: text = 'Which one are you going to buy?'
18.7045 	EXP 	eyetracker.setRecordingState(False)
18.7217 	EXP 	text: height = np.float64(0.05)
18.7217 	EXP 	text: height = np.float64(0.05)
18.7217 	EXP 	text: height = np.float64(0.05)
18.7217 	EXP 	text: text = 'Which one are you going to buy?'
18.7230 	EXP 	eyetracker.setRecordingState(False)
18.7357 	EXP 	text: height = np.float64(0.05)
18.7357 	EXP 	text: height = np.float64(0.05)
18.7357 	EXP 	text: height = np.float64(0.05)
18.7357 	EXP 	text: text = 'Which one are you going to buy?'
18.7374 	EXP 	eyetracker.setRecordingState(False)
18.7514 	EXP 	text: height = np.float64(0.05)
18.7514 	EXP 	text: height = np.float64(0.05)
18.7514 	EXP 	text: height = np.float64(0.05)
18.7514 	EXP 	text: text = 'Which one are you going to buy?'
18.7524 	EXP 	eyetracker.setRecordingState(False)
18.7626 	EXP 	text: height = np.float64(0.05)
18.7626 	EXP 	text: height = np.float64(0.05)
18.7626 	EXP 	text: height = np.float64(0.05)
18.7626 	EXP 	text: text = 'Which one are you going to buy?'
18.7635 	EXP 	eyetracker.setRecordingState(False)
18.7722 	EXP 	text: height = np.float64(0.05)
18.7722 	EXP 	text: height = np.float64(0.05)
18.7722 	EXP 	text: height = np.float64(0.05)
18.7722 	EXP 	text: text = 'Which one are you going to buy?'
18.7730 	EXP 	eyetracker.setRecordingState(False)
18.7849 	EXP 	text: height = np.float64(0.05)
18.7849 	EXP 	text: height = np.float64(0.05)
18.7849 	EXP 	text: height = np.float64(0.05)
18.7849 	EXP 	text: text = 'Which one are you going to buy?'
18.7863 	EXP 	eyetracker.setRecordingState(False)
18.8008 	EXP 	text: height = np.float64(0.05)
18.8008 	EXP 	text: height = np.float64(0.05)
18.8008 	EXP 	text: height = np.float64(0.05)
18.8008 	EXP 	text: text = 'Which one are you going to buy?'
18.8023 	EXP 	eyetracker.setRecordingState(False)
18.8181 	EXP 	text: height = np.float64(0.05)
18.8181 	EXP 	text: height = np.float64(0.05)
18.8181 	EXP 	text: height = np.float64(0.05)
18.8181 	EXP 	text: text = 'Which one are you going to buy?'
18.8208 	EXP 	eyetracker.setRecordingState(False)
18.8392 	EXP 	text: height = np.float64(0.05)
18.8392 	EXP 	text: height = np.float64(0.05)
18.8392 	EXP 	text: height = np.float64(0.05)
18.8392 	EXP 	text: text = 'Which one are you going to buy?'
18.8411 	EXP 	eyetracker.setRecordingState(False)
18.8628 	EXP 	text: height = np.float64(0.05)
18.8628 	EXP 	text: height = np.float64(0.05)
18.8628 	EXP 	text: height = np.float64(0.05)
18.8628 	EXP 	text: text = 'Which one are you going to buy?'
18.8648 	EXP 	eyetracker.setRecordingState(False)
18.8832 	EXP 	text: height = np.float64(0.05)
18.8832 	EXP 	text: height = np.float64(0.05)
18.8832 	EXP 	text: height = np.float64(0.05)
18.8832 	EXP 	text: text = 'Which one are you going to buy?'
18.8850 	EXP 	eyetracker.setRecordingState(False)
18.8987 	EXP 	text: height = np.float64(0.05)
18.8987 	EXP 	text: height = np.float64(0.05)
18.8987 	EXP 	text: height = np.float64(0.05)
18.8987 	EXP 	text: text = 'Which one are you going to buy?'
18.8998 	EXP 	eyetracker.setRecordingState(False)
18.9126 	EXP 	text: height = np.float64(0.05)
18.9126 	EXP 	text: height = np.float64(0.05)
18.9126 	EXP 	text: height = np.float64(0.05)
18.9126 	EXP 	text: text = 'Which one are you going to buy?'
18.9140 	EXP 	eyetracker.setRecordingState(False)
18.9269 	EXP 	text: height = np.float64(0.05)
18.9269 	EXP 	text: height = np.float64(0.05)
18.9269 	EXP 	text: height = np.float64(0.05)
18.9269 	EXP 	text: text = 'Which one are you going to buy?'
18.9285 	EXP 	eyetracker.setRecordingState(False)
18.9434 	EXP 	text: height = np.float64(0.05)
18.9434 	EXP 	text: height = np.float64(0.05)
18.9434 	EXP 	text: height = np.float64(0.05)
18.9434 	EXP 	text: text = 'Which one are you going to buy?'
18.9452 	EXP 	eyetracker.setRecordingState(False)
18.9611 	EXP 	text: height = np.float64(0.05)
18.9611 	EXP 	text: height = np.float64(0.05)
18.9611 	EXP 	text: height = np.float64(0.05)
18.9611 	EXP 	text: text = 'Which one are you going to buy?'
18.9622 	EXP 	eyetracker.setRecordingState(False)
18.9751 	EXP 	text: height = np.float64(0.05)
18.9751 	EXP 	text: height = np.float64(0.05)
18.9751 	EXP 	text: height = np.float64(0.05)
18.9751 	EXP 	text: text = 'Which one are you going to buy?'
18.9768 	EXP 	eyetracker.setRecordingState(False)
18.9907 	EXP 	text: height = np.float64(0.05)
18.9907 	EXP 	text: height = np.float64(0.05)
18.9907 	EXP 	text: height = np.float64(0.05)
18.9907 	EXP 	text: text = 'Which one are you going to buy?'
18.9926 	EXP 	eyetracker.setRecordingState(False)
19.0142 	EXP 	text: height = np.float64(0.05)
19.0142 	EXP 	text: height = np.float64(0.05)
19.0142 	EXP 	text: height = np.float64(0.05)
19.0142 	EXP 	text: text = 'Which one are you going to buy?'
19.0160 	EXP 	eyetracker.setRecordingState(False)
19.0340 	EXP 	text: height = np.float64(0.05)
19.0340 	EXP 	text: height = np.float64(0.05)
19.0340 	EXP 	text: height = np.float64(0.05)
19.0340 	EXP 	text: text = 'Which one are you going to buy?'
19.0355 	EXP 	eyetracker.setRecordingState(False)
19.0498 	EXP 	text: height = np.float64(0.05)
19.0498 	EXP 	text: height = np.float64(0.05)
19.0498 	EXP 	text: height = np.float64(0.05)
19.0498 	EXP 	text: text = 'Which one are you going to buy?'
19.0509 	EXP 	eyetracker.setRecordingState(False)
19.0611 	EXP 	text: height = np.float64(0.05)
19.0611 	EXP 	text: height = np.float64(0.05)
19.0611 	EXP 	text: height = np.float64(0.05)
19.0611 	EXP 	text: text = 'Which one are you going to buy?'
19.0618 	EXP 	eyetracker.setRecordingState(False)
19.0696 	EXP 	text: height = np.float64(0.05)
19.0696 	EXP 	text: height = np.float64(0.05)
19.0696 	EXP 	text: height = np.float64(0.05)
19.0696 	EXP 	text: text = 'Which one are you going to buy?'
19.0707 	EXP 	eyetracker.setRecordingState(False)
19.0788 	EXP 	text: height = np.float64(0.05)
19.0788 	EXP 	text: height = np.float64(0.05)
19.0788 	EXP 	text: height = np.float64(0.05)
19.0788 	EXP 	text: text = 'Which one are you going to buy?'
19.0795 	EXP 	eyetracker.setRecordingState(False)
19.0877 	EXP 	text: height = np.float64(0.05)
19.0877 	EXP 	text: height = np.float64(0.05)
19.0877 	EXP 	text: height = np.float64(0.05)
19.0877 	EXP 	text: text = 'Which one are you going to buy?'
19.0882 	EXP 	eyetracker.setRecordingState(False)
19.0966 	EXP 	text: height = np.float64(0.05)
19.0966 	EXP 	text: height = np.float64(0.05)
19.0966 	EXP 	text: height = np.float64(0.05)
19.0966 	EXP 	text: text = 'Which one are you going to buy?'
19.0976 	EXP 	eyetracker.setRecordingState(False)
19.1094 	EXP 	text: height = np.float64(0.05)
19.1094 	EXP 	text: height = np.float64(0.05)
19.1094 	EXP 	text: height = np.float64(0.05)
19.1094 	EXP 	text: text = 'Which one are you going to buy?'
19.1106 	EXP 	eyetracker.setRecordingState(False)
19.1225 	EXP 	text: height = np.float64(0.05)
19.1225 	EXP 	text: height = np.float64(0.05)
19.1225 	EXP 	text: height = np.float64(0.05)
19.1225 	EXP 	text: text = 'Which one are you going to buy?'
19.1235 	EXP 	eyetracker.setRecordingState(False)
19.1328 	EXP 	text: height = np.float64(0.05)
19.1328 	EXP 	text: height = np.float64(0.05)
19.1328 	EXP 	text: height = np.float64(0.05)
19.1328 	EXP 	text: text = 'Which one are you going to buy?'
19.1337 	EXP 	eyetracker.setRecordingState(False)
19.1421 	EXP 	text: height = np.float64(0.05)
19.1421 	EXP 	text: height = np.float64(0.05)
19.1421 	EXP 	text: height = np.float64(0.05)
19.1421 	EXP 	text: text = 'Which one are you going to buy?'
19.1428 	EXP 	eyetracker.setRecordingState(False)
19.1517 	EXP 	text: height = np.float64(0.05)
19.1517 	EXP 	text: height = np.float64(0.05)
19.1517 	EXP 	text: height = np.float64(0.05)
19.1517 	EXP 	text: text = 'Which one are you going to buy?'
19.1531 	EXP 	eyetracker.setRecordingState(False)
19.1614 	EXP 	text: height = np.float64(0.05)
19.1614 	EXP 	text: height = np.float64(0.05)
19.1614 	EXP 	text: height = np.float64(0.05)
19.1614 	EXP 	text: text = 'Which one are you going to buy?'
19.1620 	EXP 	eyetracker.setRecordingState(False)
19.1739 	EXP 	text: height = np.float64(0.05)
19.1739 	EXP 	text: height = np.float64(0.05)
19.1739 	EXP 	text: height = np.float64(0.05)
19.1739 	EXP 	text: text = 'Which one are you going to buy?'
19.1749 	EXP 	eyetracker.setRecordingState(False)
19.1857 	EXP 	text: height = np.float64(0.05)
19.1857 	EXP 	text: height = np.float64(0.05)
19.1857 	EXP 	text: height = np.float64(0.05)
19.1857 	EXP 	text: text = 'Which one are you going to buy?'
19.1870 	EXP 	eyetracker.setRecordingState(False)
19.1995 	EXP 	text: height = np.float64(0.05)
19.1995 	EXP 	text: height = np.float64(0.05)
19.1995 	EXP 	text: height = np.float64(0.05)
19.1995 	EXP 	text: text = 'Which one are you going to buy?'
19.2012 	EXP 	eyetracker.setRecordingState(False)
19.2158 	EXP 	text: height = np.float64(0.05)
19.2158 	EXP 	text: height = np.float64(0.05)
19.2158 	EXP 	text: height = np.float64(0.05)
19.2158 	EXP 	text: text = 'Which one are you going to buy?'
19.2171 	EXP 	eyetracker.setRecordingState(False)
19.2259 	EXP 	text: height = np.float64(0.05)
19.2259 	EXP 	text: height = np.float64(0.05)
19.2259 	EXP 	text: height = np.float64(0.05)
19.2259 	EXP 	text: text = 'Which one are you going to buy?'
19.2264 	EXP 	eyetracker.setRecordingState(False)
19.2326 	EXP 	text: height = np.float64(0.05)
19.2326 	EXP 	text: height = np.float64(0.05)
19.2326 	EXP 	text: height = np.float64(0.05)
19.2326 	EXP 	text: text = 'Which one are you going to buy?'
19.2332 	EXP 	eyetracker.setRecordingState(False)
19.2390 	EXP 	text: height = np.float64(0.05)
19.2390 	EXP 	text: height = np.float64(0.05)
19.2390 	EXP 	text: height = np.float64(0.05)
19.2390 	EXP 	text: text = 'Which one are you going to buy?'
19.2395 	EXP 	eyetracker.setRecordingState(False)
19.2451 	EXP 	text: height = np.float64(0.05)
19.2451 	EXP 	text: height = np.float64(0.05)
19.2451 	EXP 	text: height = np.float64(0.05)
19.2451 	EXP 	text: text = 'Which one are you going to buy?'
19.2456 	EXP 	eyetracker.setRecordingState(False)
19.2513 	EXP 	text: height = np.float64(0.05)
19.2513 	EXP 	text: height = np.float64(0.05)
19.2513 	EXP 	text: height = np.float64(0.05)
19.2513 	EXP 	text: text = 'Which one are you going to buy?'
19.2517 	EXP 	eyetracker.setRecordingState(False)
19.2576 	EXP 	text: height = np.float64(0.05)
19.2576 	EXP 	text: height = np.float64(0.05)
19.2576 	EXP 	text: height = np.float64(0.05)
19.2576 	EXP 	text: text = 'Which one are you going to buy?'
19.2580 	EXP 	eyetracker.setRecordingState(False)
19.2643 	EXP 	text: height = np.float64(0.05)
19.2643 	EXP 	text: height = np.float64(0.05)
19.2643 	EXP 	text: height = np.float64(0.05)
19.2643 	EXP 	text: text = 'Which one are you going to buy?'
19.2649 	EXP 	eyetracker.setRecordingState(False)
19.2706 	EXP 	text: height = np.float64(0.05)
19.2706 	EXP 	text: height = np.float64(0.05)
19.2706 	EXP 	text: height = np.float64(0.05)
19.2706 	EXP 	text: text = 'Which one are you going to buy?'
19.2710 	EXP 	eyetracker.setRecordingState(False)
19.2770 	EXP 	text: height = np.float64(0.05)
19.2770 	EXP 	text: height = np.float64(0.05)
19.2770 	EXP 	text: height = np.float64(0.05)
19.2770 	EXP 	text: text = 'Which one are you going to buy?'
19.2775 	EXP 	eyetracker.setRecordingState(False)
19.2842 	EXP 	text: height = np.float64(0.05)
19.2842 	EXP 	text: height = np.float64(0.05)
19.2842 	EXP 	text: height = np.float64(0.05)
19.2842 	EXP 	text: text = 'Which one are you going to buy?'
19.2847 	EXP 	eyetracker.setRecordingState(False)
19.2906 	EXP 	text: height = np.float64(0.05)
19.2906 	EXP 	text: height = np.float64(0.05)
19.2906 	EXP 	text: height = np.float64(0.05)
19.2906 	EXP 	text: text = 'Which one are you going to buy?'
19.2910 	EXP 	eyetracker.setRecordingState(False)
19.3001 	EXP 	text: height = np.float64(0.05)
19.3001 	EXP 	text: height = np.float64(0.05)
19.3001 	EXP 	text: height = np.float64(0.05)
19.3001 	EXP 	text: text = 'Which one are you going to buy?'
19.3006 	EXP 	eyetracker.setRecordingState(False)
19.3075 	EXP 	text: height = np.float64(0.05)
19.3075 	EXP 	text: height = np.float64(0.05)
19.3075 	EXP 	text: height = np.float64(0.05)
19.3075 	EXP 	text: text = 'Which one are you going to buy?'
19.3083 	EXP 	eyetracker.setRecordingState(False)
19.3171 	EXP 	text: height = np.float64(0.05)
19.3171 	EXP 	text: height = np.float64(0.05)
19.3171 	EXP 	text: height = np.float64(0.05)
19.3171 	EXP 	text: text = 'Which one are you going to buy?'
19.3178 	EXP 	eyetracker.setRecordingState(False)
19.3260 	EXP 	text: height = np.float64(0.05)
19.3260 	EXP 	text: height = np.float64(0.05)
19.3260 	EXP 	text: height = np.float64(0.05)
19.3260 	EXP 	text: text = 'Which one are you going to buy?'
19.3266 	EXP 	eyetracker.setRecordingState(False)
19.3340 	EXP 	text: height = np.float64(0.05)
19.3340 	EXP 	text: height = np.float64(0.05)
19.3340 	EXP 	text: height = np.float64(0.05)
19.3340 	EXP 	text: text = 'Which one are you going to buy?'
19.3346 	EXP 	eyetracker.setRecordingState(False)
19.3414 	EXP 	text: height = np.float64(0.05)
19.3414 	EXP 	text: height = np.float64(0.05)
19.3414 	EXP 	text: height = np.float64(0.05)
19.3414 	EXP 	text: text = 'Which one are you going to buy?'
19.3424 	EXP 	eyetracker.setRecordingState(False)
19.3502 	EXP 	text: height = np.float64(0.05)
19.3502 	EXP 	text: height = np.float64(0.05)
19.3502 	EXP 	text: height = np.float64(0.05)
19.3502 	EXP 	text: text = 'Which one are you going to buy?'
19.3509 	EXP 	eyetracker.setRecordingState(False)
19.3574 	EXP 	text: height = np.float64(0.05)
19.3574 	EXP 	text: height = np.float64(0.05)
19.3574 	EXP 	text: height = np.float64(0.05)
19.3574 	EXP 	text: text = 'Which one are you going to buy?'
19.3579 	EXP 	eyetracker.setRecordingState(False)
19.3636 	EXP 	text: height = np.float64(0.05)
19.3636 	EXP 	text: height = np.float64(0.05)
19.3636 	EXP 	text: height = np.float64(0.05)
19.3636 	EXP 	text: text = 'Which one are you going to buy?'
19.3642 	EXP 	eyetracker.setRecordingState(False)
19.3711 	EXP 	text: height = np.float64(0.05)
19.3711 	EXP 	text: height = np.float64(0.05)
19.3711 	EXP 	text: height = np.float64(0.05)
19.3711 	EXP 	text: text = 'Which one are you going to buy?'
19.3717 	EXP 	eyetracker.setRecordingState(False)
19.3788 	EXP 	text: height = np.float64(0.05)
19.3788 	EXP 	text: height = np.float64(0.05)
19.3788 	EXP 	text: height = np.float64(0.05)
19.3788 	EXP 	text: text = 'Which one are you going to buy?'
19.3792 	EXP 	eyetracker.setRecordingState(False)
19.3851 	EXP 	text: height = np.float64(0.05)
19.3851 	EXP 	text: height = np.float64(0.05)
19.3851 	EXP 	text: height = np.float64(0.05)
19.3851 	EXP 	text: text = 'Which one are you going to buy?'
19.3855 	EXP 	eyetracker.setRecordingState(False)
19.3917 	EXP 	text: height = np.float64(0.05)
19.3917 	EXP 	text: height = np.float64(0.05)
19.3917 	EXP 	text: height = np.float64(0.05)
19.3917 	EXP 	text: text = 'Which one are you going to buy?'
19.3923 	EXP 	eyetracker.setRecordingState(False)
19.3989 	EXP 	text: height = np.float64(0.05)
19.3989 	EXP 	text: height = np.float64(0.05)
19.3989 	EXP 	text: height = np.float64(0.05)
19.3989 	EXP 	text: text = 'Which one are you going to buy?'
19.3995 	EXP 	eyetracker.setRecordingState(False)
19.4063 	EXP 	text: height = np.float64(0.05)
19.4063 	EXP 	text: height = np.float64(0.05)
19.4063 	EXP 	text: height = np.float64(0.05)
19.4063 	EXP 	text: text = 'Which one are you going to buy?'
19.4068 	EXP 	eyetracker.setRecordingState(False)
19.4127 	EXP 	text: height = np.float64(0.05)
19.4127 	EXP 	text: height = np.float64(0.05)
19.4127 	EXP 	text: height = np.float64(0.05)
19.4127 	EXP 	text: text = 'Which one are you going to buy?'
19.4131 	EXP 	eyetracker.setRecordingState(False)
19.4193 	EXP 	text: height = np.float64(0.05)
19.4193 	EXP 	text: height = np.float64(0.05)
19.4193 	EXP 	text: height = np.float64(0.05)
19.4193 	EXP 	text: text = 'Which one are you going to buy?'
19.4199 	EXP 	eyetracker.setRecordingState(False)
19.4260 	EXP 	text: height = np.float64(0.05)
19.4260 	EXP 	text: height = np.float64(0.05)
19.4260 	EXP 	text: height = np.float64(0.05)
19.4260 	EXP 	text: text = 'Which one are you going to buy?'
19.4265 	EXP 	eyetracker.setRecordingState(False)
19.4331 	EXP 	text: height = np.float64(0.05)
19.4331 	EXP 	text: height = np.float64(0.05)
19.4331 	EXP 	text: height = np.float64(0.05)
19.4331 	EXP 	text: text = 'Which one are you going to buy?'
19.4336 	EXP 	eyetracker.setRecordingState(False)
19.4395 	EXP 	text: height = np.float64(0.05)
19.4395 	EXP 	text: height = np.float64(0.05)
19.4395 	EXP 	text: height = np.float64(0.05)
19.4395 	EXP 	text: text = 'Which one are you going to buy?'
19.4401 	EXP 	eyetracker.setRecordingState(False)
19.4460 	EXP 	text: height = np.float64(0.05)
19.4460 	EXP 	text: height = np.float64(0.05)
19.4460 	EXP 	text: height = np.float64(0.05)
19.4460 	EXP 	text: text = 'Which one are you going to buy?'
19.4465 	EXP 	eyetracker.setRecordingState(False)
19.4527 	EXP 	text: height = np.float64(0.05)
19.4527 	EXP 	text: height = np.float64(0.05)
19.4527 	EXP 	text: height = np.float64(0.05)
19.4527 	EXP 	text: text = 'Which one are you going to buy?'
19.4532 	EXP 	eyetracker.setRecordingState(False)
19.4590 	EXP 	text: height = np.float64(0.05)
19.4590 	EXP 	text: height = np.float64(0.05)
19.4590 	EXP 	text: height = np.float64(0.05)
19.4590 	EXP 	text: text = 'Which one are you going to buy?'
19.4595 	EXP 	eyetracker.setRecordingState(False)
19.4653 	EXP 	text: height = np.float64(0.05)
19.4653 	EXP 	text: height = np.float64(0.05)
19.4653 	EXP 	text: height = np.float64(0.05)
19.4653 	EXP 	text: text = 'Which one are you going to buy?'
19.4658 	EXP 	eyetracker.setRecordingState(False)
19.4715 	EXP 	text: height = np.float64(0.05)
19.4715 	EXP 	text: height = np.float64(0.05)
19.4715 	EXP 	text: height = np.float64(0.05)
19.4715 	EXP 	text: text = 'Which one are you going to buy?'
19.4721 	EXP 	eyetracker.setRecordingState(False)
19.4785 	EXP 	text: height = np.float64(0.05)
19.4785 	EXP 	text: height = np.float64(0.05)
19.4785 	EXP 	text: height = np.float64(0.05)
19.4785 	EXP 	text: text = 'Which one are you going to buy?'
19.4791 	EXP 	eyetracker.setRecordingState(False)
19.4862 	EXP 	text: height = np.float64(0.05)
19.4862 	EXP 	text: height = np.float64(0.05)
19.4862 	EXP 	text: height = np.float64(0.05)
19.4862 	EXP 	text: text = 'Which one are you going to buy?'
19.4868 	EXP 	eyetracker.setRecordingState(False)
19.4937 	EXP 	text: height = np.float64(0.05)
19.4937 	EXP 	text: height = np.float64(0.05)
19.4937 	EXP 	text: height = np.float64(0.05)
19.4937 	EXP 	text: text = 'Which one are you going to buy?'
19.4943 	EXP 	eyetracker.setRecordingState(False)
19.5005 	EXP 	text: height = np.float64(0.05)
19.5005 	EXP 	text: height = np.float64(0.05)
19.5005 	EXP 	text: height = np.float64(0.05)
19.5005 	EXP 	text: text = 'Which one are you going to buy?'
19.5011 	EXP 	eyetracker.setRecordingState(False)
19.5074 	EXP 	text: height = np.float64(0.05)
19.5074 	EXP 	text: height = np.float64(0.05)
19.5074 	EXP 	text: height = np.float64(0.05)
19.5074 	EXP 	text: text = 'Which one are you going to buy?'
19.5080 	EXP 	eyetracker.setRecordingState(False)
19.5144 	EXP 	text: height = np.float64(0.05)
19.5144 	EXP 	text: height = np.float64(0.05)
19.5144 	EXP 	text: height = np.float64(0.05)
19.5144 	EXP 	text: text = 'Which one are you going to buy?'
19.5149 	EXP 	eyetracker.setRecordingState(False)
19.5209 	EXP 	text: height = np.float64(0.05)
19.5209 	EXP 	text: height = np.float64(0.05)
19.5209 	EXP 	text: height = np.float64(0.05)
19.5209 	EXP 	text: text = 'Which one are you going to buy?'
19.5215 	EXP 	eyetracker.setRecordingState(False)
19.5279 	EXP 	text: height = np.float64(0.05)
19.5279 	EXP 	text: height = np.float64(0.05)
19.5279 	EXP 	text: height = np.float64(0.05)
19.5279 	EXP 	text: text = 'Which one are you going to buy?'
19.5285 	EXP 	eyetracker.setRecordingState(False)
19.5354 	EXP 	text: height = np.float64(0.05)
19.5354 	EXP 	text: height = np.float64(0.05)
19.5354 	EXP 	text: height = np.float64(0.05)
19.5354 	EXP 	text: text = 'Which one are you going to buy?'
19.5360 	EXP 	eyetracker.setRecordingState(False)
19.5429 	EXP 	text: height = np.float64(0.05)
19.5429 	EXP 	text: height = np.float64(0.05)
19.5429 	EXP 	text: height = np.float64(0.05)
19.5429 	EXP 	text: text = 'Which one are you going to buy?'
19.5435 	EXP 	eyetracker.setRecordingState(False)
19.5503 	EXP 	text: height = np.float64(0.05)
19.5503 	EXP 	text: height = np.float64(0.05)
19.5503 	EXP 	text: height = np.float64(0.05)
19.5503 	EXP 	text: text = 'Which one are you going to buy?'
19.5509 	EXP 	eyetracker.setRecordingState(False)
19.5570 	EXP 	text: height = np.float64(0.05)
19.5570 	EXP 	text: height = np.float64(0.05)
19.5570 	EXP 	text: height = np.float64(0.05)
19.5570 	EXP 	text: text = 'Which one are you going to buy?'
19.5575 	EXP 	eyetracker.setRecordingState(False)
19.5634 	EXP 	text: height = np.float64(0.05)
19.5634 	EXP 	text: height = np.float64(0.05)
19.5634 	EXP 	text: height = np.float64(0.05)
19.5634 	EXP 	text: text = 'Which one are you going to buy?'
19.5639 	EXP 	eyetracker.setRecordingState(False)
19.5701 	EXP 	text: height = np.float64(0.05)
19.5701 	EXP 	text: height = np.float64(0.05)
19.5701 	EXP 	text: height = np.float64(0.05)
19.5701 	EXP 	text: text = 'Which one are you going to buy?'
19.5706 	EXP 	eyetracker.setRecordingState(False)
19.5765 	EXP 	text: height = np.float64(0.05)
19.5765 	EXP 	text: height = np.float64(0.05)
19.5765 	EXP 	text: height = np.float64(0.05)
19.5765 	EXP 	text: text = 'Which one are you going to buy?'
19.5771 	EXP 	eyetracker.setRecordingState(False)
19.5834 	EXP 	text: height = np.float64(0.05)
19.5834 	EXP 	text: height = np.float64(0.05)
19.5834 	EXP 	text: height = np.float64(0.05)
19.5834 	EXP 	text: text = 'Which one are you going to buy?'
19.5839 	EXP 	eyetracker.setRecordingState(False)
19.5900 	EXP 	text: height = np.float64(0.05)
19.5900 	EXP 	text: height = np.float64(0.05)
19.5900 	EXP 	text: height = np.float64(0.05)
19.5900 	EXP 	text: text = 'Which one are you going to buy?'
19.5904 	EXP 	eyetracker.setRecordingState(False)
19.5966 	EXP 	text: height = np.float64(0.05)
19.5966 	EXP 	text: height = np.float64(0.05)
19.5966 	EXP 	text: height = np.float64(0.05)
19.5966 	EXP 	text: text = 'Which one are you going to buy?'
19.5972 	EXP 	eyetracker.setRecordingState(False)
19.6044 	EXP 	text: height = np.float64(0.05)
19.6044 	EXP 	text: height = np.float64(0.05)
19.6044 	EXP 	text: height = np.float64(0.05)
19.6044 	EXP 	text: text = 'Which one are you going to buy?'
19.6050 	EXP 	eyetracker.setRecordingState(False)
19.6125 	EXP 	text: height = np.float64(0.05)
19.6125 	EXP 	text: height = np.float64(0.05)
19.6125 	EXP 	text: height = np.float64(0.05)
19.6125 	EXP 	text: text = 'Which one are you going to buy?'
19.6131 	EXP 	eyetracker.setRecordingState(False)
19.6206 	EXP 	text: height = np.float64(0.05)
19.6206 	EXP 	text: height = np.float64(0.05)
19.6206 	EXP 	text: height = np.float64(0.05)
19.6206 	EXP 	text: text = 'Which one are you going to buy?'
19.6211 	EXP 	eyetracker.setRecordingState(False)
19.6281 	EXP 	text: height = np.float64(0.05)
19.6281 	EXP 	text: height = np.float64(0.05)
19.6281 	EXP 	text: height = np.float64(0.05)
19.6281 	EXP 	text: text = 'Which one are you going to buy?'
19.6287 	EXP 	eyetracker.setRecordingState(False)
19.6360 	EXP 	text: height = np.float64(0.05)
19.6360 	EXP 	text: height = np.float64(0.05)
19.6360 	EXP 	text: height = np.float64(0.05)
19.6360 	EXP 	text: text = 'Which one are you going to buy?'
19.6369 	EXP 	eyetracker.setRecordingState(False)
19.6457 	EXP 	text: height = np.float64(0.05)
19.6457 	EXP 	text: height = np.float64(0.05)
19.6457 	EXP 	text: height = np.float64(0.05)
19.6457 	EXP 	text: text = 'Which one are you going to buy?'
19.6464 	EXP 	eyetracker.setRecordingState(False)
19.6541 	EXP 	text: height = np.float64(0.05)
19.6541 	EXP 	text: height = np.float64(0.05)
19.6541 	EXP 	text: height = np.float64(0.05)
19.6541 	EXP 	text: text = 'Which one are you going to buy?'
19.6547 	EXP 	eyetracker.setRecordingState(False)
19.6622 	EXP 	text: height = np.float64(0.05)
19.6622 	EXP 	text: height = np.float64(0.05)
19.6622 	EXP 	text: height = np.float64(0.05)
19.6622 	EXP 	text: text = 'Which one are you going to buy?'
19.6628 	EXP 	eyetracker.setRecordingState(False)
19.6702 	EXP 	text: height = np.float64(0.05)
19.6702 	EXP 	text: height = np.float64(0.05)
19.6702 	EXP 	text: height = np.float64(0.05)
19.6702 	EXP 	text: text = 'Which one are you going to buy?'
19.6708 	EXP 	eyetracker.setRecordingState(False)
19.6787 	EXP 	text: height = np.float64(0.05)
19.6787 	EXP 	text: height = np.float64(0.05)
19.6787 	EXP 	text: height = np.float64(0.05)
19.6787 	EXP 	text: text = 'Which one are you going to buy?'
19.6792 	EXP 	eyetracker.setRecordingState(False)
19.6858 	EXP 	text: height = np.float64(0.05)
19.6858 	EXP 	text: height = np.float64(0.05)
19.6858 	EXP 	text: height = np.float64(0.05)
19.6858 	EXP 	text: text = 'Which one are you going to buy?'
19.6863 	EXP 	eyetracker.setRecordingState(False)
19.6928 	EXP 	text: height = np.float64(0.05)
19.6928 	EXP 	text: height = np.float64(0.05)
19.6928 	EXP 	text: height = np.float64(0.05)
19.6928 	EXP 	text: text = 'Which one are you going to buy?'
19.6933 	EXP 	eyetracker.setRecordingState(False)
19.6996 	EXP 	text: height = np.float64(0.05)
19.6996 	EXP 	text: height = np.float64(0.05)
19.6996 	EXP 	text: height = np.float64(0.05)
19.6996 	EXP 	text: text = 'Which one are you going to buy?'
19.7001 	EXP 	eyetracker.setRecordingState(False)
19.7060 	EXP 	text: height = np.float64(0.05)
19.7060 	EXP 	text: height = np.float64(0.05)
19.7060 	EXP 	text: height = np.float64(0.05)
19.7060 	EXP 	text: text = 'Which one are you going to buy?'
19.7065 	EXP 	eyetracker.setRecordingState(False)
19.7126 	EXP 	text: height = np.float64(0.05)
19.7126 	EXP 	text: height = np.float64(0.05)
19.7126 	EXP 	text: height = np.float64(0.05)
19.7126 	EXP 	text: text = 'Which one are you going to buy?'
19.7133 	EXP 	eyetracker.setRecordingState(False)
19.7193 	EXP 	text: height = np.float64(0.05)
19.7193 	EXP 	text: height = np.float64(0.05)
19.7193 	EXP 	text: height = np.float64(0.05)
19.7193 	EXP 	text: text = 'Which one are you going to buy?'
19.7199 	EXP 	eyetracker.setRecordingState(False)
19.7268 	EXP 	text: height = np.float64(0.05)
19.7268 	EXP 	text: height = np.float64(0.05)
19.7268 	EXP 	text: height = np.float64(0.05)
19.7268 	EXP 	text: text = 'Which one are you going to buy?'
19.7276 	EXP 	eyetracker.setRecordingState(False)
19.7356 	EXP 	text: height = np.float64(0.05)
19.7356 	EXP 	text: height = np.float64(0.05)
19.7356 	EXP 	text: height = np.float64(0.05)
19.7356 	EXP 	text: text = 'Which one are you going to buy?'
19.7363 	EXP 	eyetracker.setRecordingState(False)
19.7441 	EXP 	text: height = np.float64(0.05)
19.7441 	EXP 	text: height = np.float64(0.05)
19.7441 	EXP 	text: height = np.float64(0.05)
19.7441 	EXP 	text: text = 'Which one are you going to buy?'
19.7447 	EXP 	eyetracker.setRecordingState(False)
19.7509 	EXP 	text: height = np.float64(0.05)
19.7509 	EXP 	text: height = np.float64(0.05)
19.7509 	EXP 	text: height = np.float64(0.05)
19.7509 	EXP 	text: text = 'Which one are you going to buy?'
19.7515 	EXP 	eyetracker.setRecordingState(False)
19.7586 	EXP 	text: height = np.float64(0.05)
19.7586 	EXP 	text: height = np.float64(0.05)
19.7586 	EXP 	text: height = np.float64(0.05)
19.7586 	EXP 	text: text = 'Which one are you going to buy?'
19.7594 	EXP 	eyetracker.setRecordingState(False)
19.7665 	EXP 	text: height = np.float64(0.05)
19.7665 	EXP 	text: height = np.float64(0.05)
19.7665 	EXP 	text: height = np.float64(0.05)
19.7665 	EXP 	text: text = 'Which one are you going to buy?'
19.7672 	EXP 	eyetracker.setRecordingState(False)
19.7741 	EXP 	text: height = np.float64(0.05)
19.7741 	EXP 	text: height = np.float64(0.05)
19.7741 	EXP 	text: height = np.float64(0.05)
19.7741 	EXP 	text: text = 'Which one are you going to buy?'
19.7746 	EXP 	eyetracker.setRecordingState(False)
19.7813 	EXP 	text: height = np.float64(0.05)
19.7813 	EXP 	text: height = np.float64(0.05)
19.7813 	EXP 	text: height = np.float64(0.05)
19.7813 	EXP 	text: text = 'Which one are you going to buy?'
19.7819 	EXP 	eyetracker.setRecordingState(False)
19.7889 	EXP 	text: height = np.float64(0.05)
19.7889 	EXP 	text: height = np.float64(0.05)
19.7889 	EXP 	text: height = np.float64(0.05)
19.7889 	EXP 	text: text = 'Which one are you going to buy?'
19.7897 	EXP 	eyetracker.setRecordingState(False)
19.7961 	EXP 	text: height = np.float64(0.05)
19.7961 	EXP 	text: height = np.float64(0.05)
19.7961 	EXP 	text: height = np.float64(0.05)
19.7961 	EXP 	text: text = 'Which one are you going to buy?'
19.7966 	EXP 	eyetracker.setRecordingState(False)
19.8030 	EXP 	text: height = np.float64(0.05)
19.8030 	EXP 	text: height = np.float64(0.05)
19.8030 	EXP 	text: height = np.float64(0.05)
19.8030 	EXP 	text: text = 'Which one are you going to buy?'
19.8037 	EXP 	eyetracker.setRecordingState(False)
19.8100 	EXP 	text: height = np.float64(0.05)
19.8100 	EXP 	text: height = np.float64(0.05)
19.8100 	EXP 	text: height = np.float64(0.05)
19.8100 	EXP 	text: text = 'Which one are you going to buy?'
19.8105 	EXP 	eyetracker.setRecordingState(False)
19.8164 	EXP 	text: height = np.float64(0.05)
19.8164 	EXP 	text: height = np.float64(0.05)
19.8164 	EXP 	text: height = np.float64(0.05)
19.8164 	EXP 	text: text = 'Which one are you going to buy?'
19.8169 	EXP 	eyetracker.setRecordingState(False)
19.8225 	EXP 	text: height = np.float64(0.05)
19.8225 	EXP 	text: height = np.float64(0.05)
19.8225 	EXP 	text: height = np.float64(0.05)
19.8225 	EXP 	text: text = 'Which one are you going to buy?'
19.8230 	EXP 	eyetracker.setRecordingState(False)
19.8291 	EXP 	text: height = np.float64(0.05)
19.8291 	EXP 	text: height = np.float64(0.05)
19.8291 	EXP 	text: height = np.float64(0.05)
19.8291 	EXP 	text: text = 'Which one are you going to buy?'
19.8296 	EXP 	eyetracker.setRecordingState(False)
19.8358 	EXP 	text: height = np.float64(0.05)
19.8358 	EXP 	text: height = np.float64(0.05)
19.8358 	EXP 	text: height = np.float64(0.05)
19.8358 	EXP 	text: text = 'Which one are you going to buy?'
19.8363 	EXP 	eyetracker.setRecordingState(False)
19.8424 	EXP 	text: height = np.float64(0.05)
19.8424 	EXP 	text: height = np.float64(0.05)
19.8424 	EXP 	text: height = np.float64(0.05)
19.8424 	EXP 	text: text = 'Which one are you going to buy?'
19.8429 	EXP 	eyetracker.setRecordingState(False)
19.8487 	EXP 	text: height = np.float64(0.05)
19.8487 	EXP 	text: height = np.float64(0.05)
19.8487 	EXP 	text: height = np.float64(0.05)
19.8487 	EXP 	text: text = 'Which one are you going to buy?'
19.8492 	EXP 	eyetracker.setRecordingState(False)
19.8550 	EXP 	text: height = np.float64(0.05)
19.8550 	EXP 	text: height = np.float64(0.05)
19.8550 	EXP 	text: height = np.float64(0.05)
19.8550 	EXP 	text: text = 'Which one are you going to buy?'
19.8556 	EXP 	eyetracker.setRecordingState(False)
19.8616 	EXP 	text: height = np.float64(0.05)
19.8616 	EXP 	text: height = np.float64(0.05)
19.8616 	EXP 	text: height = np.float64(0.05)
19.8616 	EXP 	text: text = 'Which one are you going to buy?'
19.8621 	EXP 	eyetracker.setRecordingState(False)
19.8679 	EXP 	text: height = np.float64(0.05)
19.8679 	EXP 	text: height = np.float64(0.05)
19.8679 	EXP 	text: height = np.float64(0.05)
19.8679 	EXP 	text: text = 'Which one are you going to buy?'
19.8686 	EXP 	eyetracker.setRecordingState(False)
19.8746 	EXP 	text: height = np.float64(0.05)
19.8746 	EXP 	text: height = np.float64(0.05)
19.8746 	EXP 	text: height = np.float64(0.05)
19.8746 	EXP 	text: text = 'Which one are you going to buy?'
19.8753 	EXP 	eyetracker.setRecordingState(False)
19.8812 	EXP 	text: height = np.float64(0.05)
19.8812 	EXP 	text: height = np.float64(0.05)
19.8812 	EXP 	text: height = np.float64(0.05)
19.8812 	EXP 	text: text = 'Which one are you going to buy?'
19.8818 	EXP 	eyetracker.setRecordingState(False)
19.8876 	EXP 	text: height = np.float64(0.05)
19.8876 	EXP 	text: height = np.float64(0.05)
19.8876 	EXP 	text: height = np.float64(0.05)
19.8876 	EXP 	text: text = 'Which one are you going to buy?'
19.8881 	EXP 	eyetracker.setRecordingState(False)
19.8938 	EXP 	text: height = np.float64(0.05)
19.8938 	EXP 	text: height = np.float64(0.05)
19.8938 	EXP 	text: height = np.float64(0.05)
19.8938 	EXP 	text: text = 'Which one are you going to buy?'
19.8944 	EXP 	eyetracker.setRecordingState(False)
19.9004 	EXP 	text: height = np.float64(0.05)
19.9004 	EXP 	text: height = np.float64(0.05)
19.9004 	EXP 	text: height = np.float64(0.05)
19.9004 	EXP 	text: text = 'Which one are you going to buy?'
19.9009 	EXP 	eyetracker.setRecordingState(False)
19.9068 	EXP 	text: height = np.float64(0.05)
19.9068 	EXP 	text: height = np.float64(0.05)
19.9068 	EXP 	text: height = np.float64(0.05)
19.9068 	EXP 	text: text = 'Which one are you going to buy?'
19.9074 	EXP 	eyetracker.setRecordingState(False)
19.9132 	EXP 	text: height = np.float64(0.05)
19.9132 	EXP 	text: height = np.float64(0.05)
19.9132 	EXP 	text: height = np.float64(0.05)
19.9132 	EXP 	text: text = 'Which one are you going to buy?'
19.9137 	EXP 	eyetracker.setRecordingState(False)
19.9205 	EXP 	text: height = np.float64(0.05)
19.9205 	EXP 	text: height = np.float64(0.05)
19.9205 	EXP 	text: height = np.float64(0.05)
19.9205 	EXP 	text: text = 'Which one are you going to buy?'
19.9212 	EXP 	eyetracker.setRecordingState(False)
19.9301 	EXP 	text: height = np.float64(0.05)
19.9301 	EXP 	text: height = np.float64(0.05)
19.9301 	EXP 	text: height = np.float64(0.05)
19.9301 	EXP 	text: text = 'Which one are you going to buy?'
19.9313 	EXP 	eyetracker.setRecordingState(False)
19.9386 	EXP 	text: height = np.float64(0.05)
19.9386 	EXP 	text: height = np.float64(0.05)
19.9386 	EXP 	text: height = np.float64(0.05)
19.9386 	EXP 	text: text = 'Which one are you going to buy?'
19.9393 	EXP 	eyetracker.setRecordingState(False)
19.9468 	EXP 	text: height = np.float64(0.05)
19.9468 	EXP 	text: height = np.float64(0.05)
19.9468 	EXP 	text: height = np.float64(0.05)
19.9468 	EXP 	text: text = 'Which one are you going to buy?'
19.9475 	EXP 	eyetracker.setRecordingState(False)
19.9547 	EXP 	text: height = np.float64(0.05)
19.9547 	EXP 	text: height = np.float64(0.05)
19.9547 	EXP 	text: height = np.float64(0.05)
19.9547 	EXP 	text: text = 'Which one are you going to buy?'
19.9555 	EXP 	eyetracker.setRecordingState(False)
19.9632 	EXP 	text: height = np.float64(0.05)
19.9632 	EXP 	text: height = np.float64(0.05)
19.9632 	EXP 	text: height = np.float64(0.05)
19.9632 	EXP 	text: text = 'Which one are you going to buy?'
19.9637 	EXP 	eyetracker.setRecordingState(False)
19.9704 	EXP 	text: height = np.float64(0.05)
19.9704 	EXP 	text: height = np.float64(0.05)
19.9704 	EXP 	text: height = np.float64(0.05)
19.9704 	EXP 	text: text = 'Which one are you going to buy?'
19.9709 	EXP 	eyetracker.setRecordingState(False)
19.9781 	EXP 	text: height = np.float64(0.05)
19.9781 	EXP 	text: height = np.float64(0.05)
19.9781 	EXP 	text: height = np.float64(0.05)
19.9781 	EXP 	text: text = 'Which one are you going to buy?'
19.9789 	EXP 	eyetracker.setRecordingState(False)
19.9872 	EXP 	text: height = np.float64(0.05)
19.9872 	EXP 	text: height = np.float64(0.05)
19.9872 	EXP 	text: height = np.float64(0.05)
19.9872 	EXP 	text: text = 'Which one are you going to buy?'
19.9879 	EXP 	eyetracker.setRecordingState(False)
19.9957 	EXP 	text: height = np.float64(0.05)
19.9957 	EXP 	text: height = np.float64(0.05)
19.9957 	EXP 	text: height = np.float64(0.05)
19.9957 	EXP 	text: text = 'Which one are you going to buy?'
19.9964 	EXP 	eyetracker.setRecordingState(False)
20.0039 	EXP 	text: height = np.float64(0.05)
20.0039 	EXP 	text: height = np.float64(0.05)
20.0039 	EXP 	text: height = np.float64(0.05)
20.0039 	EXP 	text: text = 'Which one are you going to buy?'
20.0046 	EXP 	eyetracker.setRecordingState(False)
20.0124 	EXP 	text: height = np.float64(0.05)
20.0124 	EXP 	text: height = np.float64(0.05)
20.0124 	EXP 	text: height = np.float64(0.05)
20.0124 	EXP 	text: text = 'Which one are you going to buy?'
20.0130 	EXP 	eyetracker.setRecordingState(False)
20.0205 	EXP 	text: height = np.float64(0.05)
20.0205 	EXP 	text: height = np.float64(0.05)
20.0205 	EXP 	text: height = np.float64(0.05)
20.0205 	EXP 	text: text = 'Which one are you going to buy?'
20.0212 	EXP 	eyetracker.setRecordingState(False)
20.0286 	EXP 	text: height = np.float64(0.05)
20.0286 	EXP 	text: height = np.float64(0.05)
20.0286 	EXP 	text: height = np.float64(0.05)
20.0286 	EXP 	text: text = 'Which one are you going to buy?'
20.0293 	EXP 	eyetracker.setRecordingState(False)
20.0370 	EXP 	text: height = np.float64(0.05)
20.0370 	EXP 	text: height = np.float64(0.05)
20.0370 	EXP 	text: height = np.float64(0.05)
20.0370 	EXP 	text: text = 'Which one are you going to buy?'
20.0377 	EXP 	eyetracker.setRecordingState(False)
20.0452 	EXP 	text: height = np.float64(0.05)
20.0452 	EXP 	text: height = np.float64(0.05)
20.0452 	EXP 	text: height = np.float64(0.05)
20.0452 	EXP 	text: text = 'Which one are you going to buy?'
20.0458 	EXP 	eyetracker.setRecordingState(False)
20.0519 	EXP 	text: height = np.float64(0.05)
20.0519 	EXP 	text: height = np.float64(0.05)
20.0519 	EXP 	text: height = np.float64(0.05)
20.0519 	EXP 	text: text = 'Which one are you going to buy?'
20.0526 	EXP 	eyetracker.setRecordingState(False)
20.0587 	EXP 	text: height = np.float64(0.05)
20.0587 	EXP 	text: height = np.float64(0.05)
20.0587 	EXP 	text: height = np.float64(0.05)
20.0587 	EXP 	text: text = 'Which one are you going to buy?'
20.0591 	EXP 	eyetracker.setRecordingState(False)
20.0650 	EXP 	text: height = np.float64(0.05)
20.0650 	EXP 	text: height = np.float64(0.05)
20.0650 	EXP 	text: height = np.float64(0.05)
20.0650 	EXP 	text: text = 'Which one are you going to buy?'
20.0655 	EXP 	eyetracker.setRecordingState(False)
20.0723 	EXP 	text: height = np.float64(0.05)
20.0723 	EXP 	text: height = np.float64(0.05)
20.0723 	EXP 	text: height = np.float64(0.05)
20.0723 	EXP 	text: text = 'Which one are you going to buy?'
20.0729 	EXP 	eyetracker.setRecordingState(False)
20.0806 	EXP 	text: height = np.float64(0.05)
20.0806 	EXP 	text: height = np.float64(0.05)
20.0806 	EXP 	text: height = np.float64(0.05)
20.0806 	EXP 	text: text = 'Which one are you going to buy?'
20.0813 	EXP 	eyetracker.setRecordingState(False)
20.0889 	EXP 	text: height = np.float64(0.05)
20.0889 	EXP 	text: height = np.float64(0.05)
20.0889 	EXP 	text: height = np.float64(0.05)
20.0889 	EXP 	text: text = 'Which one are you going to buy?'
20.0894 	EXP 	eyetracker.setRecordingState(False)
20.0956 	EXP 	text: height = np.float64(0.05)
20.0956 	EXP 	text: height = np.float64(0.05)
20.0956 	EXP 	text: height = np.float64(0.05)
20.0956 	EXP 	text: text = 'Which one are you going to buy?'
20.0960 	EXP 	eyetracker.setRecordingState(False)
20.1023 	EXP 	text: height = np.float64(0.05)
20.1023 	EXP 	text: height = np.float64(0.05)
20.1023 	EXP 	text: height = np.float64(0.05)
20.1023 	EXP 	text: text = 'Which one are you going to buy?'
20.1029 	EXP 	eyetracker.setRecordingState(False)
20.1098 	EXP 	text: height = np.float64(0.05)
20.1098 	EXP 	text: height = np.float64(0.05)
20.1098 	EXP 	text: height = np.float64(0.05)
20.1098 	EXP 	text: text = 'Which one are you going to buy?'
20.1103 	EXP 	eyetracker.setRecordingState(False)
20.1166 	EXP 	text: height = np.float64(0.05)
20.1166 	EXP 	text: height = np.float64(0.05)
20.1166 	EXP 	text: height = np.float64(0.05)
20.1166 	EXP 	text: text = 'Which one are you going to buy?'
20.1170 	EXP 	eyetracker.setRecordingState(False)
20.1236 	EXP 	text: height = np.float64(0.05)
20.1236 	EXP 	text: height = np.float64(0.05)
20.1236 	EXP 	text: height = np.float64(0.05)
20.1236 	EXP 	text: text = 'Which one are you going to buy?'
20.1241 	EXP 	eyetracker.setRecordingState(False)
20.1307 	EXP 	text: height = np.float64(0.05)
20.1307 	EXP 	text: height = np.float64(0.05)
20.1307 	EXP 	text: height = np.float64(0.05)
20.1307 	EXP 	text: text = 'Which one are you going to buy?'
20.1312 	EXP 	eyetracker.setRecordingState(False)
20.1382 	EXP 	text: height = np.float64(0.05)
20.1382 	EXP 	text: height = np.float64(0.05)
20.1382 	EXP 	text: height = np.float64(0.05)
20.1382 	EXP 	text: text = 'Which one are you going to buy?'
20.1389 	EXP 	eyetracker.setRecordingState(False)
20.1451 	EXP 	text: height = np.float64(0.05)
20.1451 	EXP 	text: height = np.float64(0.05)
20.1451 	EXP 	text: height = np.float64(0.05)
20.1451 	EXP 	text: text = 'Which one are you going to buy?'
20.1457 	EXP 	eyetracker.setRecordingState(False)
20.1523 	EXP 	text: height = np.float64(0.05)
20.1523 	EXP 	text: height = np.float64(0.05)
20.1523 	EXP 	text: height = np.float64(0.05)
20.1523 	EXP 	text: text = 'Which one are you going to buy?'
20.1530 	EXP 	eyetracker.setRecordingState(False)
20.1604 	EXP 	text: height = np.float64(0.05)
20.1604 	EXP 	text: height = np.float64(0.05)
20.1604 	EXP 	text: height = np.float64(0.05)
20.1604 	EXP 	text: text = 'Which one are you going to buy?'
20.1609 	EXP 	eyetracker.setRecordingState(False)
20.1676 	EXP 	text: height = np.float64(0.05)
20.1676 	EXP 	text: height = np.float64(0.05)
20.1676 	EXP 	text: height = np.float64(0.05)
20.1676 	EXP 	text: text = 'Which one are you going to buy?'
20.1681 	EXP 	eyetracker.setRecordingState(False)
20.1738 	EXP 	text: height = np.float64(0.05)
20.1738 	EXP 	text: height = np.float64(0.05)
20.1738 	EXP 	text: height = np.float64(0.05)
20.1738 	EXP 	text: text = 'Which one are you going to buy?'
20.1743 	EXP 	eyetracker.setRecordingState(False)
20.1804 	EXP 	text: height = np.float64(0.05)
20.1804 	EXP 	text: height = np.float64(0.05)
20.1804 	EXP 	text: height = np.float64(0.05)
20.1804 	EXP 	text: text = 'Which one are you going to buy?'
20.1810 	EXP 	eyetracker.setRecordingState(False)
20.1878 	EXP 	text: height = np.float64(0.05)
20.1878 	EXP 	text: height = np.float64(0.05)
20.1878 	EXP 	text: height = np.float64(0.05)
20.1878 	EXP 	text: text = 'Which one are you going to buy?'
20.1885 	EXP 	eyetracker.setRecordingState(False)
20.1955 	EXP 	text: height = np.float64(0.05)
20.1955 	EXP 	text: height = np.float64(0.05)
20.1955 	EXP 	text: height = np.float64(0.05)
20.1955 	EXP 	text: text = 'Which one are you going to buy?'
20.1961 	EXP 	eyetracker.setRecordingState(False)
20.2033 	EXP 	text: height = np.float64(0.05)
20.2033 	EXP 	text: height = np.float64(0.05)
20.2033 	EXP 	text: height = np.float64(0.05)
20.2033 	EXP 	text: text = 'Which one are you going to buy?'
20.2039 	EXP 	eyetracker.setRecordingState(False)
20.2107 	EXP 	text: height = np.float64(0.05)
20.2107 	EXP 	text: height = np.float64(0.05)
20.2107 	EXP 	text: height = np.float64(0.05)
20.2107 	EXP 	text: text = 'Which one are you going to buy?'
20.2111 	EXP 	eyetracker.setRecordingState(False)
20.2172 	EXP 	text: height = np.float64(0.05)
20.2172 	EXP 	text: height = np.float64(0.05)
20.2172 	EXP 	text: height = np.float64(0.05)
20.2172 	EXP 	text: text = 'Which one are you going to buy?'
20.2178 	EXP 	eyetracker.setRecordingState(False)
20.2239 	EXP 	text: height = np.float64(0.05)
20.2239 	EXP 	text: height = np.float64(0.05)
20.2239 	EXP 	text: height = np.float64(0.05)
20.2239 	EXP 	text: text = 'Which one are you going to buy?'
20.2244 	EXP 	eyetracker.setRecordingState(False)
20.2302 	EXP 	text: height = np.float64(0.05)
20.2302 	EXP 	text: height = np.float64(0.05)
20.2302 	EXP 	text: height = np.float64(0.05)
20.2302 	EXP 	text: text = 'Which one are you going to buy?'
20.2310 	EXP 	eyetracker.setRecordingState(False)
20.2368 	EXP 	text: height = np.float64(0.05)
20.2368 	EXP 	text: height = np.float64(0.05)
20.2368 	EXP 	text: height = np.float64(0.05)
20.2368 	EXP 	text: text = 'Which one are you going to buy?'
20.2373 	EXP 	eyetracker.setRecordingState(False)
20.2431 	EXP 	text: height = np.float64(0.05)
20.2431 	EXP 	text: height = np.float64(0.05)
20.2431 	EXP 	text: height = np.float64(0.05)
20.2431 	EXP 	text: text = 'Which one are you going to buy?'
20.2435 	EXP 	eyetracker.setRecordingState(False)
20.2494 	EXP 	text: height = np.float64(0.05)
20.2494 	EXP 	text: height = np.float64(0.05)
20.2494 	EXP 	text: height = np.float64(0.05)
20.2494 	EXP 	text: text = 'Which one are you going to buy?'
20.2502 	EXP 	eyetracker.setRecordingState(False)
20.2564 	EXP 	text: height = np.float64(0.05)
20.2564 	EXP 	text: height = np.float64(0.05)
20.2564 	EXP 	text: height = np.float64(0.05)
20.2564 	EXP 	text: text = 'Which one are you going to buy?'
20.2570 	EXP 	eyetracker.setRecordingState(False)
20.2632 	EXP 	text: height = np.float64(0.05)
20.2632 	EXP 	text: height = np.float64(0.05)
20.2632 	EXP 	text: height = np.float64(0.05)
20.2632 	EXP 	text: text = 'Which one are you going to buy?'
20.2637 	EXP 	eyetracker.setRecordingState(False)
20.2698 	EXP 	text: height = np.float64(0.05)
20.2698 	EXP 	text: height = np.float64(0.05)
20.2698 	EXP 	text: height = np.float64(0.05)
20.2698 	EXP 	text: text = 'Which one are you going to buy?'
20.2703 	EXP 	eyetracker.setRecordingState(False)
20.2761 	EXP 	text: height = np.float64(0.05)
20.2761 	EXP 	text: height = np.float64(0.05)
20.2761 	EXP 	text: height = np.float64(0.05)
20.2761 	EXP 	text: text = 'Which one are you going to buy?'
20.2766 	EXP 	eyetracker.setRecordingState(False)
20.2824 	EXP 	text: height = np.float64(0.05)
20.2824 	EXP 	text: height = np.float64(0.05)
20.2824 	EXP 	text: height = np.float64(0.05)
20.2824 	EXP 	text: text = 'Which one are you going to buy?'
20.2829 	EXP 	eyetracker.setRecordingState(False)
20.2886 	EXP 	text: height = np.float64(0.05)
20.2886 	EXP 	text: height = np.float64(0.05)
20.2886 	EXP 	text: height = np.float64(0.05)
20.2886 	EXP 	text: text = 'Which one are you going to buy?'
20.2892 	EXP 	eyetracker.setRecordingState(False)
20.2954 	EXP 	text: height = np.float64(0.05)
20.2954 	EXP 	text: height = np.float64(0.05)
20.2954 	EXP 	text: height = np.float64(0.05)
20.2954 	EXP 	text: text = 'Which one are you going to buy?'
20.2959 	EXP 	eyetracker.setRecordingState(False)
20.3014 	EXP 	text: height = np.float64(0.05)
20.3014 	EXP 	text: height = np.float64(0.05)
20.3014 	EXP 	text: height = np.float64(0.05)
20.3014 	EXP 	text: text = 'Which one are you going to buy?'
20.3019 	EXP 	eyetracker.setRecordingState(False)
20.3081 	EXP 	text: height = np.float64(0.05)
20.3081 	EXP 	text: height = np.float64(0.05)
20.3081 	EXP 	text: height = np.float64(0.05)
20.3081 	EXP 	text: text = 'Which one are you going to buy?'
20.3086 	EXP 	eyetracker.setRecordingState(False)
20.3151 	EXP 	text: height = np.float64(0.05)
20.3151 	EXP 	text: height = np.float64(0.05)
20.3151 	EXP 	text: height = np.float64(0.05)
20.3151 	EXP 	text: text = 'Which one are you going to buy?'
20.3156 	EXP 	eyetracker.setRecordingState(False)
20.3223 	EXP 	text: height = np.float64(0.05)
20.3223 	EXP 	text: height = np.float64(0.05)
20.3223 	EXP 	text: height = np.float64(0.05)
20.3223 	EXP 	text: text = 'Which one are you going to buy?'
20.3229 	EXP 	eyetracker.setRecordingState(False)
20.3296 	EXP 	text: height = np.float64(0.05)
20.3296 	EXP 	text: height = np.float64(0.05)
20.3296 	EXP 	text: height = np.float64(0.05)
20.3296 	EXP 	text: text = 'Which one are you going to buy?'
20.3305 	EXP 	eyetracker.setRecordingState(False)
20.3381 	EXP 	text: height = np.float64(0.05)
20.3381 	EXP 	text: height = np.float64(0.05)
20.3381 	EXP 	text: height = np.float64(0.05)
20.3381 	EXP 	text: text = 'Which one are you going to buy?'
20.3387 	EXP 	eyetracker.setRecordingState(False)
20.3456 	EXP 	text: height = np.float64(0.05)
20.3456 	EXP 	text: height = np.float64(0.05)
20.3456 	EXP 	text: height = np.float64(0.05)
20.3456 	EXP 	text: text = 'Which one are you going to buy?'
20.3462 	EXP 	eyetracker.setRecordingState(False)
20.3521 	EXP 	text: height = np.float64(0.05)
20.3521 	EXP 	text: height = np.float64(0.05)
20.3521 	EXP 	text: height = np.float64(0.05)
20.3521 	EXP 	text: text = 'Which one are you going to buy?'
20.3528 	EXP 	eyetracker.setRecordingState(False)
20.3587 	EXP 	text: height = np.float64(0.05)
20.3587 	EXP 	text: height = np.float64(0.05)
20.3587 	EXP 	text: height = np.float64(0.05)
20.3587 	EXP 	text: text = 'Which one are you going to buy?'
20.3595 	EXP 	eyetracker.setRecordingState(False)
20.3655 	EXP 	text: height = np.float64(0.05)
20.3655 	EXP 	text: height = np.float64(0.05)
20.3655 	EXP 	text: height = np.float64(0.05)
20.3655 	EXP 	text: text = 'Which one are you going to buy?'
20.3660 	EXP 	eyetracker.setRecordingState(False)
20.3719 	EXP 	text: height = np.float64(0.05)
20.3719 	EXP 	text: height = np.float64(0.05)
20.3719 	EXP 	text: height = np.float64(0.05)
20.3719 	EXP 	text: text = 'Which one are you going to buy?'
20.3724 	EXP 	eyetracker.setRecordingState(False)
20.3782 	EXP 	text: height = np.float64(0.05)
20.3782 	EXP 	text: height = np.float64(0.05)
20.3782 	EXP 	text: height = np.float64(0.05)
20.3782 	EXP 	text: text = 'Which one are you going to buy?'
20.3787 	EXP 	eyetracker.setRecordingState(False)
20.3850 	EXP 	text: height = np.float64(0.05)
20.3850 	EXP 	text: height = np.float64(0.05)
20.3850 	EXP 	text: height = np.float64(0.05)
20.3850 	EXP 	text: text = 'Which one are you going to buy?'
20.3856 	EXP 	eyetracker.setRecordingState(False)
20.3920 	EXP 	text: height = np.float64(0.05)
20.3920 	EXP 	text: height = np.float64(0.05)
20.3920 	EXP 	text: height = np.float64(0.05)
20.3920 	EXP 	text: text = 'Which one are you going to buy?'
20.3925 	EXP 	eyetracker.setRecordingState(False)
20.3982 	EXP 	text: height = np.float64(0.05)
20.3982 	EXP 	text: height = np.float64(0.05)
20.3982 	EXP 	text: height = np.float64(0.05)
20.3982 	EXP 	text: text = 'Which one are you going to buy?'
20.3987 	EXP 	eyetracker.setRecordingState(False)
20.4046 	EXP 	text: height = np.float64(0.05)
20.4046 	EXP 	text: height = np.float64(0.05)
20.4046 	EXP 	text: height = np.float64(0.05)
20.4046 	EXP 	text: text = 'Which one are you going to buy?'
20.4051 	EXP 	eyetracker.setRecordingState(False)
20.4115 	EXP 	text: height = np.float64(0.05)
20.4115 	EXP 	text: height = np.float64(0.05)
20.4115 	EXP 	text: height = np.float64(0.05)
20.4115 	EXP 	text: text = 'Which one are you going to buy?'
20.4121 	EXP 	eyetracker.setRecordingState(False)
20.4188 	EXP 	text: height = np.float64(0.05)
20.4188 	EXP 	text: height = np.float64(0.05)
20.4188 	EXP 	text: height = np.float64(0.05)
20.4188 	EXP 	text: text = 'Which one are you going to buy?'
20.4195 	EXP 	eyetracker.setRecordingState(False)
20.4260 	EXP 	text: height = np.float64(0.05)
20.4260 	EXP 	text: height = np.float64(0.05)
20.4260 	EXP 	text: height = np.float64(0.05)
20.4260 	EXP 	text: text = 'Which one are you going to buy?'
20.4266 	EXP 	eyetracker.setRecordingState(False)
20.4331 	EXP 	text: height = np.float64(0.05)
20.4331 	EXP 	text: height = np.float64(0.05)
20.4331 	EXP 	text: height = np.float64(0.05)
20.4331 	EXP 	text: text = 'Which one are you going to buy?'
20.4336 	EXP 	eyetracker.setRecordingState(False)
20.4394 	EXP 	text: height = np.float64(0.05)
20.4394 	EXP 	text: height = np.float64(0.05)
20.4394 	EXP 	text: height = np.float64(0.05)
20.4394 	EXP 	text: text = 'Which one are you going to buy?'
20.4399 	EXP 	eyetracker.setRecordingState(False)
20.4462 	EXP 	text: height = np.float64(0.05)
20.4462 	EXP 	text: height = np.float64(0.05)
20.4462 	EXP 	text: height = np.float64(0.05)
20.4462 	EXP 	text: text = 'Which one are you going to buy?'
20.4467 	EXP 	eyetracker.setRecordingState(False)
20.4533 	EXP 	text: height = np.float64(0.05)
20.4533 	EXP 	text: height = np.float64(0.05)
20.4533 	EXP 	text: height = np.float64(0.05)
20.4533 	EXP 	text: text = 'Which one are you going to buy?'
20.4540 	EXP 	eyetracker.setRecordingState(False)
20.4686 	EXP 	text: height = np.float64(0.05)
20.4686 	EXP 	text: height = np.float64(0.05)
20.4686 	EXP 	text: height = np.float64(0.05)
20.4686 	EXP 	text: text = 'Which one are you going to buy?'
20.4710 	EXP 	eyetracker.setRecordingState(False)
20.4788 	EXP 	text: height = np.float64(0.05)
20.4788 	EXP 	text: height = np.float64(0.05)
20.4788 	EXP 	text: height = np.float64(0.05)
20.4788 	EXP 	text: text = 'Which one are you going to buy?'
20.4793 	EXP 	eyetracker.setRecordingState(False)
20.4859 	EXP 	text: height = np.float64(0.05)
20.4859 	EXP 	text: height = np.float64(0.05)
20.4859 	EXP 	text: height = np.float64(0.05)
20.4859 	EXP 	text: text = 'Which one are you going to buy?'
20.4867 	EXP 	eyetracker.setRecordingState(False)
20.4933 	EXP 	text: height = np.float64(0.05)
20.4933 	EXP 	text: height = np.float64(0.05)
20.4933 	EXP 	text: height = np.float64(0.05)
20.4933 	EXP 	text: text = 'Which one are you going to buy?'
20.4941 	EXP 	eyetracker.setRecordingState(False)
20.5007 	EXP 	text: height = np.float64(0.05)
20.5007 	EXP 	text: height = np.float64(0.05)
20.5007 	EXP 	text: height = np.float64(0.05)
20.5007 	EXP 	text: text = 'Which one are you going to buy?'
20.5013 	EXP 	eyetracker.setRecordingState(False)
20.5086 	EXP 	text: height = np.float64(0.05)
20.5086 	EXP 	text: height = np.float64(0.05)
20.5086 	EXP 	text: height = np.float64(0.05)
20.5086 	EXP 	text: text = 'Which one are you going to buy?'
20.5092 	EXP 	eyetracker.setRecordingState(False)
20.5177 	EXP 	text: height = np.float64(0.05)
20.5177 	EXP 	text: height = np.float64(0.05)
20.5177 	EXP 	text: height = np.float64(0.05)
20.5177 	EXP 	text: text = 'Which one are you going to buy?'
20.5186 	EXP 	eyetracker.setRecordingState(False)
20.5315 	EXP 	text: height = np.float64(0.05)
20.5315 	EXP 	text: height = np.float64(0.05)
20.5315 	EXP 	text: height = np.float64(0.05)
20.5315 	EXP 	text: text = 'Which one are you going to buy?'
20.5321 	EXP 	eyetracker.setRecordingState(False)
20.5389 	EXP 	text: height = np.float64(0.05)
20.5389 	EXP 	text: height = np.float64(0.05)
20.5389 	EXP 	text: height = np.float64(0.05)
20.5389 	EXP 	text: text = 'Which one are you going to buy?'
20.5395 	EXP 	eyetracker.setRecordingState(False)
20.5456 	EXP 	text: height = np.float64(0.05)
20.5456 	EXP 	text: height = np.float64(0.05)
20.5456 	EXP 	text: height = np.float64(0.05)
20.5456 	EXP 	text: text = 'Which one are you going to buy?'
20.5462 	EXP 	eyetracker.setRecordingState(False)
20.5525 	EXP 	text: height = np.float64(0.05)
20.5525 	EXP 	text: height = np.float64(0.05)
20.5525 	EXP 	text: height = np.float64(0.05)
20.5525 	EXP 	text: text = 'Which one are you going to buy?'
20.5530 	EXP 	eyetracker.setRecordingState(False)
20.5592 	EXP 	text: height = np.float64(0.05)
20.5592 	EXP 	text: height = np.float64(0.05)
20.5592 	EXP 	text: height = np.float64(0.05)
20.5592 	EXP 	text: text = 'Which one are you going to buy?'
20.5597 	EXP 	eyetracker.setRecordingState(False)
20.5658 	EXP 	text: height = np.float64(0.05)
20.5658 	EXP 	text: height = np.float64(0.05)
20.5658 	EXP 	text: height = np.float64(0.05)
20.5658 	EXP 	text: text = 'Which one are you going to buy?'
20.5666 	EXP 	eyetracker.setRecordingState(False)
20.5730 	EXP 	text: height = np.float64(0.05)
20.5730 	EXP 	text: height = np.float64(0.05)
20.5730 	EXP 	text: height = np.float64(0.05)
20.5730 	EXP 	text: text = 'Which one are you going to buy?'
20.5736 	EXP 	eyetracker.setRecordingState(False)
20.5798 	EXP 	text: height = np.float64(0.05)
20.5798 	EXP 	text: height = np.float64(0.05)
20.5798 	EXP 	text: height = np.float64(0.05)
20.5798 	EXP 	text: text = 'Which one are you going to buy?'
20.5808 	EXP 	eyetracker.setRecordingState(False)
20.5871 	EXP 	text: height = np.float64(0.05)
20.5871 	EXP 	text: height = np.float64(0.05)
20.5871 	EXP 	text: height = np.float64(0.05)
20.5871 	EXP 	text: text = 'Which one are you going to buy?'
20.5877 	EXP 	eyetracker.setRecordingState(False)
20.5939 	EXP 	text: height = np.float64(0.05)
20.5939 	EXP 	text: height = np.float64(0.05)
20.5939 	EXP 	text: height = np.float64(0.05)
20.5939 	EXP 	text: text = 'Which one are you going to buy?'
20.5944 	EXP 	eyetracker.setRecordingState(False)
20.6005 	EXP 	text: height = np.float64(0.05)
20.6005 	EXP 	text: height = np.float64(0.05)
20.6005 	EXP 	text: height = np.float64(0.05)
20.6005 	EXP 	text: text = 'Which one are you going to buy?'
20.6010 	EXP 	eyetracker.setRecordingState(False)
20.6072 	EXP 	text: height = np.float64(0.05)
20.6072 	EXP 	text: height = np.float64(0.05)
20.6072 	EXP 	text: height = np.float64(0.05)
20.6072 	EXP 	text: text = 'Which one are you going to buy?'
20.6077 	EXP 	eyetracker.setRecordingState(False)
20.6140 	EXP 	text: height = np.float64(0.05)
20.6140 	EXP 	text: height = np.float64(0.05)
20.6140 	EXP 	text: height = np.float64(0.05)
20.6140 	EXP 	text: text = 'Which one are you going to buy?'
20.6145 	EXP 	eyetracker.setRecordingState(False)
20.6207 	EXP 	text: height = np.float64(0.05)
20.6207 	EXP 	text: height = np.float64(0.05)
20.6207 	EXP 	text: height = np.float64(0.05)
20.6207 	EXP 	text: text = 'Which one are you going to buy?'
20.6211 	EXP 	eyetracker.setRecordingState(False)
20.6271 	EXP 	text: height = np.float64(0.05)
20.6271 	EXP 	text: height = np.float64(0.05)
20.6271 	EXP 	text: height = np.float64(0.05)
20.6271 	EXP 	text: text = 'Which one are you going to buy?'
20.6277 	EXP 	eyetracker.setRecordingState(False)
20.6339 	EXP 	text: height = np.float64(0.05)
20.6339 	EXP 	text: height = np.float64(0.05)
20.6339 	EXP 	text: height = np.float64(0.05)
20.6339 	EXP 	text: text = 'Which one are you going to buy?'
20.6345 	EXP 	eyetracker.setRecordingState(False)
20.6407 	EXP 	text: height = np.float64(0.05)
20.6407 	EXP 	text: height = np.float64(0.05)
20.6407 	EXP 	text: height = np.float64(0.05)
20.6407 	EXP 	text: text = 'Which one are you going to buy?'
20.6412 	EXP 	eyetracker.setRecordingState(False)
20.6472 	EXP 	text: height = np.float64(0.05)
20.6472 	EXP 	text: height = np.float64(0.05)
20.6472 	EXP 	text: height = np.float64(0.05)
20.6472 	EXP 	text: text = 'Which one are you going to buy?'
20.6477 	EXP 	eyetracker.setRecordingState(False)
20.6537 	EXP 	text: height = np.float64(0.05)
20.6537 	EXP 	text: height = np.float64(0.05)
20.6537 	EXP 	text: height = np.float64(0.05)
20.6537 	EXP 	text: text = 'Which one are you going to buy?'
20.6543 	EXP 	eyetracker.setRecordingState(False)
20.6605 	EXP 	text: height = np.float64(0.05)
20.6605 	EXP 	text: height = np.float64(0.05)
20.6605 	EXP 	text: height = np.float64(0.05)
20.6605 	EXP 	text: text = 'Which one are you going to buy?'
20.6611 	EXP 	eyetracker.setRecordingState(False)
20.6674 	EXP 	text: height = np.float64(0.05)
20.6674 	EXP 	text: height = np.float64(0.05)
20.6674 	EXP 	text: height = np.float64(0.05)
20.6674 	EXP 	text: text = 'Which one are you going to buy?'
20.6679 	EXP 	eyetracker.setRecordingState(False)
20.6735 	EXP 	text: height = np.float64(0.05)
20.6735 	EXP 	text: height = np.float64(0.05)
20.6735 	EXP 	text: height = np.float64(0.05)
20.6735 	EXP 	text: text = 'Which one are you going to buy?'
20.6740 	EXP 	eyetracker.setRecordingState(False)
20.6799 	EXP 	text: height = np.float64(0.05)
20.6799 	EXP 	text: height = np.float64(0.05)
20.6799 	EXP 	text: height = np.float64(0.05)
20.6799 	EXP 	text: text = 'Which one are you going to buy?'
20.6805 	EXP 	eyetracker.setRecordingState(False)
20.6865 	EXP 	text: height = np.float64(0.05)
20.6865 	EXP 	text: height = np.float64(0.05)
20.6865 	EXP 	text: height = np.float64(0.05)
20.6865 	EXP 	text: text = 'Which one are you going to buy?'
20.6871 	EXP 	eyetracker.setRecordingState(False)
20.6938 	EXP 	text: height = np.float64(0.05)
20.6938 	EXP 	text: height = np.float64(0.05)
20.6938 	EXP 	text: height = np.float64(0.05)
20.6938 	EXP 	text: text = 'Which one are you going to buy?'
20.6946 	EXP 	eyetracker.setRecordingState(False)
20.7024 	EXP 	text: height = np.float64(0.05)
20.7024 	EXP 	text: height = np.float64(0.05)
20.7024 	EXP 	text: height = np.float64(0.05)
20.7024 	EXP 	text: text = 'Which one are you going to buy?'
20.7030 	EXP 	eyetracker.setRecordingState(False)
20.7099 	EXP 	text: height = np.float64(0.05)
20.7099 	EXP 	text: height = np.float64(0.05)
20.7099 	EXP 	text: height = np.float64(0.05)
20.7099 	EXP 	text: text = 'Which one are you going to buy?'
20.7104 	EXP 	eyetracker.setRecordingState(False)
20.7167 	EXP 	text: height = np.float64(0.05)
20.7167 	EXP 	text: height = np.float64(0.05)
20.7167 	EXP 	text: height = np.float64(0.05)
20.7167 	EXP 	text: text = 'Which one are you going to buy?'
20.7172 	EXP 	eyetracker.setRecordingState(False)
20.7239 	EXP 	text: height = np.float64(0.05)
20.7239 	EXP 	text: height = np.float64(0.05)
20.7239 	EXP 	text: height = np.float64(0.05)
20.7239 	EXP 	text: text = 'Which one are you going to buy?'
20.7244 	EXP 	eyetracker.setRecordingState(False)
20.7311 	EXP 	text: height = np.float64(0.05)
20.7311 	EXP 	text: height = np.float64(0.05)
20.7311 	EXP 	text: height = np.float64(0.05)
20.7311 	EXP 	text: text = 'Which one are you going to buy?'
20.7316 	EXP 	eyetracker.setRecordingState(False)
20.7381 	EXP 	text: height = np.float64(0.05)
20.7381 	EXP 	text: height = np.float64(0.05)
20.7381 	EXP 	text: height = np.float64(0.05)
20.7381 	EXP 	text: text = 'Which one are you going to buy?'
20.7387 	EXP 	eyetracker.setRecordingState(False)
20.7449 	EXP 	text: height = np.float64(0.05)
20.7449 	EXP 	text: height = np.float64(0.05)
20.7449 	EXP 	text: height = np.float64(0.05)
20.7449 	EXP 	text: text = 'Which one are you going to buy?'
20.7454 	EXP 	eyetracker.setRecordingState(False)
20.7515 	EXP 	text: height = np.float64(0.05)
20.7515 	EXP 	text: height = np.float64(0.05)
20.7515 	EXP 	text: height = np.float64(0.05)
20.7515 	EXP 	text: text = 'Which one are you going to buy?'
20.7520 	EXP 	eyetracker.setRecordingState(False)
20.7581 	EXP 	text: height = np.float64(0.05)
20.7581 	EXP 	text: height = np.float64(0.05)
20.7581 	EXP 	text: height = np.float64(0.05)
20.7581 	EXP 	text: text = 'Which one are you going to buy?'
20.7586 	EXP 	eyetracker.setRecordingState(False)
20.7647 	EXP 	text: height = np.float64(0.05)
20.7647 	EXP 	text: height = np.float64(0.05)
20.7647 	EXP 	text: height = np.float64(0.05)
20.7647 	EXP 	text: text = 'Which one are you going to buy?'
20.7653 	EXP 	eyetracker.setRecordingState(False)
20.7714 	EXP 	text: height = np.float64(0.05)
20.7714 	EXP 	text: height = np.float64(0.05)
20.7714 	EXP 	text: height = np.float64(0.05)
20.7714 	EXP 	text: text = 'Which one are you going to buy?'
20.7719 	EXP 	eyetracker.setRecordingState(False)
20.7786 	EXP 	text: height = np.float64(0.05)
20.7786 	EXP 	text: height = np.float64(0.05)
20.7786 	EXP 	text: height = np.float64(0.05)
20.7786 	EXP 	text: text = 'Which one are you going to buy?'
20.7791 	EXP 	eyetracker.setRecordingState(False)
20.7858 	EXP 	text: height = np.float64(0.05)
20.7858 	EXP 	text: height = np.float64(0.05)
20.7858 	EXP 	text: height = np.float64(0.05)
20.7858 	EXP 	text: text = 'Which one are you going to buy?'
20.7864 	EXP 	eyetracker.setRecordingState(False)
20.7931 	EXP 	text: height = np.float64(0.05)
20.7931 	EXP 	text: height = np.float64(0.05)
20.7931 	EXP 	text: height = np.float64(0.05)
20.7931 	EXP 	text: text = 'Which one are you going to buy?'
20.7937 	EXP 	eyetracker.setRecordingState(False)
20.8006 	EXP 	text: height = np.float64(0.05)
20.8006 	EXP 	text: height = np.float64(0.05)
20.8006 	EXP 	text: height = np.float64(0.05)
20.8006 	EXP 	text: text = 'Which one are you going to buy?'
20.8013 	EXP 	eyetracker.setRecordingState(False)
20.8082 	EXP 	text: height = np.float64(0.05)
20.8082 	EXP 	text: height = np.float64(0.05)
20.8082 	EXP 	text: height = np.float64(0.05)
20.8082 	EXP 	text: text = 'Which one are you going to buy?'
20.8089 	EXP 	eyetracker.setRecordingState(False)
20.8161 	EXP 	text: height = np.float64(0.05)
20.8161 	EXP 	text: height = np.float64(0.05)
20.8161 	EXP 	text: height = np.float64(0.05)
20.8161 	EXP 	text: text = 'Which one are you going to buy?'
20.8167 	EXP 	eyetracker.setRecordingState(False)
20.8241 	EXP 	text: height = np.float64(0.05)
20.8241 	EXP 	text: height = np.float64(0.05)
20.8241 	EXP 	text: height = np.float64(0.05)
20.8241 	EXP 	text: text = 'Which one are you going to buy?'
20.8249 	EXP 	eyetracker.setRecordingState(False)
20.8332 	EXP 	text: height = np.float64(0.05)
20.8332 	EXP 	text: height = np.float64(0.05)
20.8332 	EXP 	text: height = np.float64(0.05)
20.8332 	EXP 	text: text = 'Which one are you going to buy?'
20.8340 	EXP 	eyetracker.setRecordingState(False)
20.8413 	EXP 	text: height = np.float64(0.05)
20.8413 	EXP 	text: height = np.float64(0.05)
20.8413 	EXP 	text: height = np.float64(0.05)
20.8413 	EXP 	text: text = 'Which one are you going to buy?'
20.8420 	EXP 	eyetracker.setRecordingState(False)
20.8498 	EXP 	text: height = np.float64(0.05)
20.8498 	EXP 	text: height = np.float64(0.05)
20.8498 	EXP 	text: height = np.float64(0.05)
20.8498 	EXP 	text: text = 'Which one are you going to buy?'
20.8504 	EXP 	eyetracker.setRecordingState(False)
20.8577 	EXP 	text: height = np.float64(0.05)
20.8577 	EXP 	text: height = np.float64(0.05)
20.8577 	EXP 	text: height = np.float64(0.05)
20.8577 	EXP 	text: text = 'Which one are you going to buy?'
20.8582 	EXP 	eyetracker.setRecordingState(False)
20.8642 	EXP 	text: height = np.float64(0.05)
20.8642 	EXP 	text: height = np.float64(0.05)
20.8642 	EXP 	text: height = np.float64(0.05)
20.8642 	EXP 	text: text = 'Which one are you going to buy?'
20.8647 	EXP 	eyetracker.setRecordingState(False)
20.8711 	EXP 	text: height = np.float64(0.05)
20.8711 	EXP 	text: height = np.float64(0.05)
20.8711 	EXP 	text: height = np.float64(0.05)
20.8711 	EXP 	text: text = 'Which one are you going to buy?'
20.8716 	EXP 	eyetracker.setRecordingState(False)
20.8776 	EXP 	text: height = np.float64(0.05)
20.8776 	EXP 	text: height = np.float64(0.05)
20.8776 	EXP 	text: height = np.float64(0.05)
20.8776 	EXP 	text: text = 'Which one are you going to buy?'
20.8782 	EXP 	eyetracker.setRecordingState(False)
20.8846 	EXP 	text: height = np.float64(0.05)
20.8846 	EXP 	text: height = np.float64(0.05)
20.8846 	EXP 	text: height = np.float64(0.05)
20.8846 	EXP 	text: text = 'Which one are you going to buy?'
20.8852 	EXP 	eyetracker.setRecordingState(False)
20.8925 	EXP 	text: height = np.float64(0.05)
20.8925 	EXP 	text: height = np.float64(0.05)
20.8925 	EXP 	text: height = np.float64(0.05)
20.8925 	EXP 	text: text = 'Which one are you going to buy?'
20.8932 	EXP 	eyetracker.setRecordingState(False)
20.9014 	EXP 	text: height = np.float64(0.05)
20.9014 	EXP 	text: height = np.float64(0.05)
20.9014 	EXP 	text: height = np.float64(0.05)
20.9014 	EXP 	text: text = 'Which one are you going to buy?'
20.9021 	EXP 	eyetracker.setRecordingState(False)
20.9093 	EXP 	text: height = np.float64(0.05)
20.9093 	EXP 	text: height = np.float64(0.05)
20.9093 	EXP 	text: height = np.float64(0.05)
20.9093 	EXP 	text: text = 'Which one are you going to buy?'
20.9099 	EXP 	eyetracker.setRecordingState(False)
20.9175 	EXP 	text: height = np.float64(0.05)
20.9175 	EXP 	text: height = np.float64(0.05)
20.9175 	EXP 	text: height = np.float64(0.05)
20.9175 	EXP 	text: text = 'Which one are you going to buy?'
20.9181 	EXP 	eyetracker.setRecordingState(False)
20.9254 	EXP 	text: height = np.float64(0.05)
20.9254 	EXP 	text: height = np.float64(0.05)
20.9254 	EXP 	text: height = np.float64(0.05)
20.9254 	EXP 	text: text = 'Which one are you going to buy?'
20.9260 	EXP 	eyetracker.setRecordingState(False)
20.9333 	EXP 	text: height = np.float64(0.05)
20.9333 	EXP 	text: height = np.float64(0.05)
20.9333 	EXP 	text: height = np.float64(0.05)
20.9333 	EXP 	text: text = 'Which one are you going to buy?'
20.9338 	EXP 	eyetracker.setRecordingState(False)
20.9400 	EXP 	text: height = np.float64(0.05)
20.9400 	EXP 	text: height = np.float64(0.05)
20.9400 	EXP 	text: height = np.float64(0.05)
20.9400 	EXP 	text: text = 'Which one are you going to buy?'
20.9405 	EXP 	eyetracker.setRecordingState(False)
20.9464 	EXP 	text: height = np.float64(0.05)
20.9464 	EXP 	text: height = np.float64(0.05)
20.9464 	EXP 	text: height = np.float64(0.05)
20.9464 	EXP 	text: text = 'Which one are you going to buy?'
20.9469 	EXP 	eyetracker.setRecordingState(False)
20.9530 	EXP 	text: height = np.float64(0.05)
20.9530 	EXP 	text: height = np.float64(0.05)
20.9530 	EXP 	text: height = np.float64(0.05)
20.9530 	EXP 	text: text = 'Which one are you going to buy?'
20.9535 	EXP 	eyetracker.setRecordingState(False)
20.9599 	EXP 	text: height = np.float64(0.05)
20.9599 	EXP 	text: height = np.float64(0.05)
20.9599 	EXP 	text: height = np.float64(0.05)
20.9599 	EXP 	text: text = 'Which one are you going to buy?'
20.9605 	EXP 	eyetracker.setRecordingState(False)
20.9684 	EXP 	text: height = np.float64(0.05)
20.9684 	EXP 	text: height = np.float64(0.05)
20.9684 	EXP 	text: height = np.float64(0.05)
20.9684 	EXP 	text: text = 'Which one are you going to buy?'
20.9693 	EXP 	eyetracker.setRecordingState(False)
20.9777 	EXP 	text: height = np.float64(0.05)
20.9777 	EXP 	text: height = np.float64(0.05)
20.9777 	EXP 	text: height = np.float64(0.05)
20.9777 	EXP 	text: text = 'Which one are you going to buy?'
20.9785 	EXP 	eyetracker.setRecordingState(False)
20.9867 	EXP 	text: height = np.float64(0.05)
20.9867 	EXP 	text: height = np.float64(0.05)
20.9867 	EXP 	text: height = np.float64(0.05)
20.9867 	EXP 	text: text = 'Which one are you going to buy?'
20.9873 	EXP 	eyetracker.setRecordingState(False)
20.9953 	EXP 	text: height = np.float64(0.05)
20.9953 	EXP 	text: height = np.float64(0.05)
20.9953 	EXP 	text: height = np.float64(0.05)
20.9953 	EXP 	text: text = 'Which one are you going to buy?'
20.9959 	EXP 	eyetracker.setRecordingState(False)
21.0037 	EXP 	text: height = np.float64(0.05)
21.0037 	EXP 	text: height = np.float64(0.05)
21.0037 	EXP 	text: height = np.float64(0.05)
21.0037 	EXP 	text: text = 'Which one are you going to buy?'
21.0043 	EXP 	eyetracker.setRecordingState(False)
21.0120 	EXP 	text: height = np.float64(0.05)
21.0120 	EXP 	text: height = np.float64(0.05)
21.0120 	EXP 	text: height = np.float64(0.05)
21.0120 	EXP 	text: text = 'Which one are you going to buy?'
21.0126 	EXP 	eyetracker.setRecordingState(False)
21.0202 	EXP 	text: height = np.float64(0.05)
21.0202 	EXP 	text: height = np.float64(0.05)
21.0202 	EXP 	text: height = np.float64(0.05)
21.0202 	EXP 	text: text = 'Which one are you going to buy?'
21.0208 	EXP 	eyetracker.setRecordingState(False)
21.0284 	EXP 	text: height = np.float64(0.05)
21.0284 	EXP 	text: height = np.float64(0.05)
21.0284 	EXP 	text: height = np.float64(0.05)
21.0284 	EXP 	text: text = 'Which one are you going to buy?'
21.0290 	EXP 	eyetracker.setRecordingState(False)
21.0369 	EXP 	text: height = np.float64(0.05)
21.0369 	EXP 	text: height = np.float64(0.05)
21.0369 	EXP 	text: height = np.float64(0.05)
21.0369 	EXP 	text: text = 'Which one are you going to buy?'
21.0377 	EXP 	eyetracker.setRecordingState(False)
21.0479 	EXP 	text: height = np.float64(0.05)
21.0479 	EXP 	text: height = np.float64(0.05)
21.0479 	EXP 	text: height = np.float64(0.05)
21.0479 	EXP 	text: text = 'Which one are you going to buy?'
21.0489 	EXP 	eyetracker.setRecordingState(False)
21.0596 	EXP 	text: height = np.float64(0.05)
21.0596 	EXP 	text: height = np.float64(0.05)
21.0596 	EXP 	text: height = np.float64(0.05)
21.0596 	EXP 	text: text = 'Which one are you going to buy?'
21.0610 	EXP 	eyetracker.setRecordingState(False)
21.0751 	EXP 	text: height = np.float64(0.05)
21.0751 	EXP 	text: height = np.float64(0.05)
21.0751 	EXP 	text: height = np.float64(0.05)
21.0751 	EXP 	text: text = 'Which one are you going to buy?'
21.0764 	EXP 	eyetracker.setRecordingState(False)
21.0891 	EXP 	text: height = np.float64(0.05)
21.0891 	EXP 	text: height = np.float64(0.05)
21.0891 	EXP 	text: height = np.float64(0.05)
21.0891 	EXP 	text: text = 'Which one are you going to buy?'
21.0900 	EXP 	eyetracker.setRecordingState(False)
21.1005 	EXP 	text: height = np.float64(0.05)
21.1005 	EXP 	text: height = np.float64(0.05)
21.1005 	EXP 	text: height = np.float64(0.05)
21.1005 	EXP 	text: text = 'Which one are you going to buy?'
21.1013 	EXP 	eyetracker.setRecordingState(False)
21.1109 	EXP 	text: height = np.float64(0.05)
21.1109 	EXP 	text: height = np.float64(0.05)
21.1109 	EXP 	text: height = np.float64(0.05)
21.1109 	EXP 	text: text = 'Which one are you going to buy?'
21.1118 	EXP 	eyetracker.setRecordingState(False)
21.1209 	EXP 	text: height = np.float64(0.05)
21.1209 	EXP 	text: height = np.float64(0.05)
21.1209 	EXP 	text: height = np.float64(0.05)
21.1209 	EXP 	text: text = 'Which one are you going to buy?'
21.1217 	EXP 	eyetracker.setRecordingState(False)
21.1307 	EXP 	text: height = np.float64(0.05)
21.1307 	EXP 	text: height = np.float64(0.05)
21.1307 	EXP 	text: height = np.float64(0.05)
21.1307 	EXP 	text: text = 'Which one are you going to buy?'
21.1316 	EXP 	eyetracker.setRecordingState(False)
21.1413 	EXP 	text: height = np.float64(0.05)
21.1413 	EXP 	text: height = np.float64(0.05)
21.1413 	EXP 	text: height = np.float64(0.05)
21.1413 	EXP 	text: text = 'Which one are you going to buy?'
21.1427 	EXP 	eyetracker.setRecordingState(False)
21.1571 	EXP 	text: height = np.float64(0.05)
21.1571 	EXP 	text: height = np.float64(0.05)
21.1571 	EXP 	text: height = np.float64(0.05)
21.1571 	EXP 	text: text = 'Which one are you going to buy?'
21.1585 	EXP 	eyetracker.setRecordingState(False)
21.1752 	EXP 	text: height = np.float64(0.05)
21.1752 	EXP 	text: height = np.float64(0.05)
21.1752 	EXP 	text: height = np.float64(0.05)
21.1752 	EXP 	text: text = 'Which one are you going to buy?'
21.1771 	EXP 	eyetracker.setRecordingState(False)
21.1912 	EXP 	text: height = np.float64(0.05)
21.1912 	EXP 	text: height = np.float64(0.05)
21.1912 	EXP 	text: height = np.float64(0.05)
21.1912 	EXP 	text: text = 'Which one are you going to buy?'
21.1932 	EXP 	eyetracker.setRecordingState(False)
21.2143 	EXP 	text: height = np.float64(0.05)
21.2143 	EXP 	text: height = np.float64(0.05)
21.2143 	EXP 	text: height = np.float64(0.05)
21.2143 	EXP 	text: text = 'Which one are you going to buy?'
21.2158 	EXP 	eyetracker.setRecordingState(False)
21.2314 	EXP 	text: height = np.float64(0.05)
21.2314 	EXP 	text: height = np.float64(0.05)
21.2314 	EXP 	text: height = np.float64(0.05)
21.2314 	EXP 	text: text = 'Which one are you going to buy?'
21.2324 	EXP 	eyetracker.setRecordingState(False)
21.2432 	EXP 	text: height = np.float64(0.05)
21.2432 	EXP 	text: height = np.float64(0.05)
21.2432 	EXP 	text: height = np.float64(0.05)
21.2432 	EXP 	text: text = 'Which one are you going to buy?'
21.2440 	EXP 	eyetracker.setRecordingState(False)
21.2531 	EXP 	text: height = np.float64(0.05)
21.2531 	EXP 	text: height = np.float64(0.05)
21.2531 	EXP 	text: height = np.float64(0.05)
21.2531 	EXP 	text: text = 'Which one are you going to buy?'
21.2537 	EXP 	eyetracker.setRecordingState(False)
21.2617 	EXP 	text: height = np.float64(0.05)
21.2617 	EXP 	text: height = np.float64(0.05)
21.2617 	EXP 	text: height = np.float64(0.05)
21.2617 	EXP 	text: text = 'Which one are you going to buy?'
21.2624 	EXP 	eyetracker.setRecordingState(False)
21.2713 	EXP 	text: height = np.float64(0.05)
21.2713 	EXP 	text: height = np.float64(0.05)
21.2713 	EXP 	text: height = np.float64(0.05)
21.2713 	EXP 	text: text = 'Which one are you going to buy?'
21.2723 	EXP 	eyetracker.setRecordingState(False)
21.2844 	EXP 	text: height = np.float64(0.05)
21.2844 	EXP 	text: height = np.float64(0.05)
21.2844 	EXP 	text: height = np.float64(0.05)
21.2844 	EXP 	text: text = 'Which one are you going to buy?'
21.2854 	EXP 	eyetracker.setRecordingState(False)
21.2987 	EXP 	text: height = np.float64(0.05)
21.2987 	EXP 	text: height = np.float64(0.05)
21.2987 	EXP 	text: height = np.float64(0.05)
21.2987 	EXP 	text: text = 'Which one are you going to buy?'
21.3001 	EXP 	eyetracker.setRecordingState(False)
21.3147 	EXP 	text: height = np.float64(0.05)
21.3147 	EXP 	text: height = np.float64(0.05)
21.3147 	EXP 	text: height = np.float64(0.05)
21.3147 	EXP 	text: text = 'Which one are you going to buy?'
21.3157 	EXP 	eyetracker.setRecordingState(False)
21.3263 	EXP 	text: height = np.float64(0.05)
21.3263 	EXP 	text: height = np.float64(0.05)
21.3263 	EXP 	text: height = np.float64(0.05)
21.3263 	EXP 	text: text = 'Which one are you going to buy?'
21.3273 	EXP 	eyetracker.setRecordingState(False)
21.3379 	EXP 	text: height = np.float64(0.05)
21.3379 	EXP 	text: height = np.float64(0.05)
21.3379 	EXP 	text: height = np.float64(0.05)
21.3379 	EXP 	text: text = 'Which one are you going to buy?'
21.3388 	EXP 	eyetracker.setRecordingState(False)
21.3452 	EXP 	text: height = np.float64(0.05)
21.3452 	EXP 	text: height = np.float64(0.05)
21.3452 	EXP 	text: height = np.float64(0.05)
21.3452 	EXP 	text: text = 'Which one are you going to buy?'
21.3457 	EXP 	eyetracker.setRecordingState(False)
21.3515 	EXP 	text: height = np.float64(0.05)
21.3515 	EXP 	text: height = np.float64(0.05)
21.3515 	EXP 	text: height = np.float64(0.05)
21.3515 	EXP 	text: text = 'Which one are you going to buy?'
21.3520 	EXP 	eyetracker.setRecordingState(False)
21.3581 	EXP 	text: height = np.float64(0.05)
21.3581 	EXP 	text: height = np.float64(0.05)
21.3581 	EXP 	text: height = np.float64(0.05)
21.3581 	EXP 	text: text = 'Which one are you going to buy?'
21.3585 	EXP 	eyetracker.setRecordingState(False)
21.3644 	EXP 	text: height = np.float64(0.05)
21.3644 	EXP 	text: height = np.float64(0.05)
21.3644 	EXP 	text: height = np.float64(0.05)
21.3644 	EXP 	text: text = 'Which one are you going to buy?'
21.3649 	EXP 	eyetracker.setRecordingState(False)
21.3708 	EXP 	text: height = np.float64(0.05)
21.3708 	EXP 	text: height = np.float64(0.05)
21.3708 	EXP 	text: height = np.float64(0.05)
21.3708 	EXP 	text: text = 'Which one are you going to buy?'
21.3713 	EXP 	eyetracker.setRecordingState(False)
21.3772 	EXP 	text: height = np.float64(0.05)
21.3772 	EXP 	text: height = np.float64(0.05)
21.3772 	EXP 	text: height = np.float64(0.05)
21.3772 	EXP 	text: text = 'Which one are you going to buy?'
21.3776 	EXP 	eyetracker.setRecordingState(False)
21.3837 	EXP 	text: height = np.float64(0.05)
21.3837 	EXP 	text: height = np.float64(0.05)
21.3837 	EXP 	text: height = np.float64(0.05)
21.3837 	EXP 	text: text = 'Which one are you going to buy?'
21.3843 	EXP 	eyetracker.setRecordingState(False)
21.3902 	EXP 	text: height = np.float64(0.05)
21.3902 	EXP 	text: height = np.float64(0.05)
21.3902 	EXP 	text: height = np.float64(0.05)
21.3902 	EXP 	text: text = 'Which one are you going to buy?'
21.3907 	EXP 	eyetracker.setRecordingState(False)
21.3965 	EXP 	text: height = np.float64(0.05)
21.3965 	EXP 	text: height = np.float64(0.05)
21.3965 	EXP 	text: height = np.float64(0.05)
21.3965 	EXP 	text: text = 'Which one are you going to buy?'
21.3969 	EXP 	eyetracker.setRecordingState(False)
21.4029 	EXP 	text: height = np.float64(0.05)
21.4029 	EXP 	text: height = np.float64(0.05)
21.4029 	EXP 	text: height = np.float64(0.05)
21.4029 	EXP 	text: text = 'Which one are you going to buy?'
21.4034 	EXP 	eyetracker.setRecordingState(False)
21.4090 	EXP 	text: height = np.float64(0.05)
21.4090 	EXP 	text: height = np.float64(0.05)
21.4090 	EXP 	text: height = np.float64(0.05)
21.4090 	EXP 	text: text = 'Which one are you going to buy?'
21.4095 	EXP 	eyetracker.setRecordingState(False)
21.4149 	EXP 	text: height = np.float64(0.05)
21.4149 	EXP 	text: height = np.float64(0.05)
21.4149 	EXP 	text: height = np.float64(0.05)
21.4149 	EXP 	text: text = 'Which one are you going to buy?'
21.4155 	EXP 	eyetracker.setRecordingState(False)
21.4211 	EXP 	text: height = np.float64(0.05)
21.4211 	EXP 	text: height = np.float64(0.05)
21.4211 	EXP 	text: height = np.float64(0.05)
21.4211 	EXP 	text: text = 'Which one are you going to buy?'
21.4216 	EXP 	eyetracker.setRecordingState(False)
21.4270 	EXP 	text: height = np.float64(0.05)
21.4270 	EXP 	text: height = np.float64(0.05)
21.4270 	EXP 	text: height = np.float64(0.05)
21.4270 	EXP 	text: text = 'Which one are you going to buy?'
21.4277 	EXP 	eyetracker.setRecordingState(False)
21.4337 	EXP 	text: height = np.float64(0.05)
21.4337 	EXP 	text: height = np.float64(0.05)
21.4337 	EXP 	text: height = np.float64(0.05)
21.4337 	EXP 	text: text = 'Which one are you going to buy?'
21.4343 	EXP 	eyetracker.setRecordingState(False)
21.4404 	EXP 	text: height = np.float64(0.05)
21.4404 	EXP 	text: height = np.float64(0.05)
21.4404 	EXP 	text: height = np.float64(0.05)
21.4404 	EXP 	text: text = 'Which one are you going to buy?'
21.4411 	EXP 	eyetracker.setRecordingState(False)
21.4470 	EXP 	text: height = np.float64(0.05)
21.4470 	EXP 	text: height = np.float64(0.05)
21.4470 	EXP 	text: height = np.float64(0.05)
21.4470 	EXP 	text: text = 'Which one are you going to buy?'
21.4477 	EXP 	eyetracker.setRecordingState(False)
21.4537 	EXP 	text: height = np.float64(0.05)
21.4537 	EXP 	text: height = np.float64(0.05)
21.4537 	EXP 	text: height = np.float64(0.05)
21.4537 	EXP 	text: text = 'Which one are you going to buy?'
21.4543 	EXP 	eyetracker.setRecordingState(False)
21.4604 	EXP 	text: height = np.float64(0.05)
21.4604 	EXP 	text: height = np.float64(0.05)
21.4604 	EXP 	text: height = np.float64(0.05)
21.4604 	EXP 	text: text = 'Which one are you going to buy?'
21.4611 	EXP 	eyetracker.setRecordingState(False)
21.4681 	EXP 	text: height = np.float64(0.05)
21.4681 	EXP 	text: height = np.float64(0.05)
21.4681 	EXP 	text: height = np.float64(0.05)
21.4681 	EXP 	text: text = 'Which one are you going to buy?'
21.4689 	EXP 	eyetracker.setRecordingState(False)
21.4758 	EXP 	text: height = np.float64(0.05)
21.4758 	EXP 	text: height = np.float64(0.05)
21.4758 	EXP 	text: height = np.float64(0.05)
21.4758 	EXP 	text: text = 'Which one are you going to buy?'
21.4767 	EXP 	eyetracker.setRecordingState(False)
21.4840 	EXP 	text: height = np.float64(0.05)
21.4840 	EXP 	text: height = np.float64(0.05)
21.4840 	EXP 	text: height = np.float64(0.05)
21.4840 	EXP 	text: text = 'Which one are you going to buy?'
21.4846 	EXP 	eyetracker.setRecordingState(False)
21.4908 	EXP 	text: height = np.float64(0.05)
21.4908 	EXP 	text: height = np.float64(0.05)
21.4908 	EXP 	text: height = np.float64(0.05)
21.4908 	EXP 	text: text = 'Which one are you going to buy?'
21.4914 	EXP 	eyetracker.setRecordingState(False)
21.4979 	EXP 	text: height = np.float64(0.05)
21.4979 	EXP 	text: height = np.float64(0.05)
21.4979 	EXP 	text: height = np.float64(0.05)
21.4979 	EXP 	text: text = 'Which one are you going to buy?'
21.4986 	EXP 	eyetracker.setRecordingState(False)
21.5048 	EXP 	text: height = np.float64(0.05)
21.5048 	EXP 	text: height = np.float64(0.05)
21.5048 	EXP 	text: height = np.float64(0.05)
21.5048 	EXP 	text: text = 'Which one are you going to buy?'
21.5055 	EXP 	eyetracker.setRecordingState(False)
21.5117 	EXP 	text: height = np.float64(0.05)
21.5117 	EXP 	text: height = np.float64(0.05)
21.5117 	EXP 	text: height = np.float64(0.05)
21.5117 	EXP 	text: text = 'Which one are you going to buy?'
21.5124 	EXP 	eyetracker.setRecordingState(False)
21.5187 	EXP 	text: height = np.float64(0.05)
21.5187 	EXP 	text: height = np.float64(0.05)
21.5187 	EXP 	text: height = np.float64(0.05)
21.5187 	EXP 	text: text = 'Which one are you going to buy?'
21.5193 	EXP 	eyetracker.setRecordingState(False)
21.5254 	EXP 	text: height = np.float64(0.05)
21.5254 	EXP 	text: height = np.float64(0.05)
21.5254 	EXP 	text: height = np.float64(0.05)
21.5254 	EXP 	text: text = 'Which one are you going to buy?'
21.5262 	EXP 	eyetracker.setRecordingState(False)
21.5323 	EXP 	text: height = np.float64(0.05)
21.5323 	EXP 	text: height = np.float64(0.05)
21.5323 	EXP 	text: height = np.float64(0.05)
21.5323 	EXP 	text: text = 'Which one are you going to buy?'
21.5329 	EXP 	eyetracker.setRecordingState(False)
21.5389 	EXP 	text: height = np.float64(0.05)
21.5389 	EXP 	text: height = np.float64(0.05)
21.5389 	EXP 	text: height = np.float64(0.05)
21.5389 	EXP 	text: text = 'Which one are you going to buy?'
21.5397 	EXP 	eyetracker.setRecordingState(False)
21.5458 	EXP 	text: height = np.float64(0.05)
21.5458 	EXP 	text: height = np.float64(0.05)
21.5458 	EXP 	text: height = np.float64(0.05)
21.5458 	EXP 	text: text = 'Which one are you going to buy?'
21.5464 	EXP 	eyetracker.setRecordingState(False)
21.5526 	EXP 	text: height = np.float64(0.05)
21.5526 	EXP 	text: height = np.float64(0.05)
21.5526 	EXP 	text: height = np.float64(0.05)
21.5526 	EXP 	text: text = 'Which one are you going to buy?'
21.5533 	EXP 	eyetracker.setRecordingState(False)
21.5596 	EXP 	text: height = np.float64(0.05)
21.5596 	EXP 	text: height = np.float64(0.05)
21.5596 	EXP 	text: height = np.float64(0.05)
21.5596 	EXP 	text: text = 'Which one are you going to buy?'
21.5603 	EXP 	eyetracker.setRecordingState(False)
21.5669 	EXP 	text: height = np.float64(0.05)
21.5669 	EXP 	text: height = np.float64(0.05)
21.5669 	EXP 	text: height = np.float64(0.05)
21.5669 	EXP 	text: text = 'Which one are you going to buy?'
21.5676 	EXP 	eyetracker.setRecordingState(False)
21.5734 	EXP 	text: height = np.float64(0.05)
21.5734 	EXP 	text: height = np.float64(0.05)
21.5734 	EXP 	text: height = np.float64(0.05)
21.5734 	EXP 	text: text = 'Which one are you going to buy?'
21.5738 	EXP 	eyetracker.setRecordingState(False)
21.5801 	EXP 	text: height = np.float64(0.05)
21.5801 	EXP 	text: height = np.float64(0.05)
21.5801 	EXP 	text: height = np.float64(0.05)
21.5801 	EXP 	text: text = 'Which one are you going to buy?'
21.5807 	EXP 	eyetracker.setRecordingState(False)
21.5871 	EXP 	text: height = np.float64(0.05)
21.5871 	EXP 	text: height = np.float64(0.05)
21.5871 	EXP 	text: height = np.float64(0.05)
21.5871 	EXP 	text: text = 'Which one are you going to buy?'
21.5877 	EXP 	eyetracker.setRecordingState(False)
21.5940 	EXP 	text: height = np.float64(0.05)
21.5940 	EXP 	text: height = np.float64(0.05)
21.5940 	EXP 	text: height = np.float64(0.05)
21.5940 	EXP 	text: text = 'Which one are you going to buy?'
21.5945 	EXP 	eyetracker.setRecordingState(False)
21.6009 	EXP 	text: height = np.float64(0.05)
21.6009 	EXP 	text: height = np.float64(0.05)
21.6009 	EXP 	text: height = np.float64(0.05)
21.6009 	EXP 	text: text = 'Which one are you going to buy?'
21.6015 	EXP 	eyetracker.setRecordingState(False)
21.6074 	EXP 	text: height = np.float64(0.05)
21.6074 	EXP 	text: height = np.float64(0.05)
21.6074 	EXP 	text: height = np.float64(0.05)
21.6074 	EXP 	text: text = 'Which one are you going to buy?'
21.6081 	EXP 	eyetracker.setRecordingState(False)
21.6144 	EXP 	text: height = np.float64(0.05)
21.6144 	EXP 	text: height = np.float64(0.05)
21.6144 	EXP 	text: height = np.float64(0.05)
21.6144 	EXP 	text: text = 'Which one are you going to buy?'
21.6150 	EXP 	eyetracker.setRecordingState(False)
21.6210 	EXP 	text: height = np.float64(0.05)
21.6210 	EXP 	text: height = np.float64(0.05)
21.6210 	EXP 	text: height = np.float64(0.05)
21.6210 	EXP 	text: text = 'Which one are you going to buy?'
21.6215 	EXP 	eyetracker.setRecordingState(False)
21.6281 	EXP 	text: height = np.float64(0.05)
21.6281 	EXP 	text: height = np.float64(0.05)
21.6281 	EXP 	text: height = np.float64(0.05)
21.6281 	EXP 	text: text = 'Which one are you going to buy?'
21.6287 	EXP 	eyetracker.setRecordingState(False)
21.6350 	EXP 	text: height = np.float64(0.05)
21.6350 	EXP 	text: height = np.float64(0.05)
21.6350 	EXP 	text: height = np.float64(0.05)
21.6350 	EXP 	text: text = 'Which one are you going to buy?'
21.6355 	EXP 	eyetracker.setRecordingState(False)
21.6419 	EXP 	text: height = np.float64(0.05)
21.6419 	EXP 	text: height = np.float64(0.05)
21.6419 	EXP 	text: height = np.float64(0.05)
21.6419 	EXP 	text: text = 'Which one are you going to buy?'
21.6424 	EXP 	eyetracker.setRecordingState(False)
21.6486 	EXP 	text: height = np.float64(0.05)
21.6486 	EXP 	text: height = np.float64(0.05)
21.6486 	EXP 	text: height = np.float64(0.05)
21.6486 	EXP 	text: text = 'Which one are you going to buy?'
21.6491 	EXP 	eyetracker.setRecordingState(False)
21.6558 	EXP 	text: height = np.float64(0.05)
21.6558 	EXP 	text: height = np.float64(0.05)
21.6558 	EXP 	text: height = np.float64(0.05)
21.6558 	EXP 	text: text = 'Which one are you going to buy?'
21.6563 	EXP 	eyetracker.setRecordingState(False)
21.6631 	EXP 	text: height = np.float64(0.05)
21.6631 	EXP 	text: height = np.float64(0.05)
21.6631 	EXP 	text: height = np.float64(0.05)
21.6631 	EXP 	text: text = 'Which one are you going to buy?'
21.6637 	EXP 	eyetracker.setRecordingState(False)
21.6701 	EXP 	text: height = np.float64(0.05)
21.6701 	EXP 	text: height = np.float64(0.05)
21.6701 	EXP 	text: height = np.float64(0.05)
21.6701 	EXP 	text: text = 'Which one are you going to buy?'
21.6706 	EXP 	eyetracker.setRecordingState(False)
21.6771 	EXP 	text: height = np.float64(0.05)
21.6771 	EXP 	text: height = np.float64(0.05)
21.6771 	EXP 	text: height = np.float64(0.05)
21.6771 	EXP 	text: text = 'Which one are you going to buy?'
21.6776 	EXP 	eyetracker.setRecordingState(False)
21.6842 	EXP 	text: height = np.float64(0.05)
21.6842 	EXP 	text: height = np.float64(0.05)
21.6842 	EXP 	text: height = np.float64(0.05)
21.6842 	EXP 	text: text = 'Which one are you going to buy?'
21.6849 	EXP 	eyetracker.setRecordingState(False)
21.6915 	EXP 	text: height = np.float64(0.05)
21.6915 	EXP 	text: height = np.float64(0.05)
21.6915 	EXP 	text: height = np.float64(0.05)
21.6915 	EXP 	text: text = 'Which one are you going to buy?'
21.6922 	EXP 	eyetracker.setRecordingState(False)
21.6985 	EXP 	text: height = np.float64(0.05)
21.6985 	EXP 	text: height = np.float64(0.05)
21.6985 	EXP 	text: height = np.float64(0.05)
21.6985 	EXP 	text: text = 'Which one are you going to buy?'
21.6989 	EXP 	eyetracker.setRecordingState(False)
21.7052 	EXP 	text: height = np.float64(0.05)
21.7052 	EXP 	text: height = np.float64(0.05)
21.7052 	EXP 	text: height = np.float64(0.05)
21.7052 	EXP 	text: text = 'Which one are you going to buy?'
21.7059 	EXP 	eyetracker.setRecordingState(False)
21.7118 	EXP 	text: height = np.float64(0.05)
21.7118 	EXP 	text: height = np.float64(0.05)
21.7118 	EXP 	text: height = np.float64(0.05)
21.7118 	EXP 	text: text = 'Which one are you going to buy?'
21.7124 	EXP 	eyetracker.setRecordingState(False)
21.7190 	EXP 	text: height = np.float64(0.05)
21.7190 	EXP 	text: height = np.float64(0.05)
21.7190 	EXP 	text: height = np.float64(0.05)
21.7190 	EXP 	text: text = 'Which one are you going to buy?'
21.7195 	EXP 	eyetracker.setRecordingState(False)
21.7256 	EXP 	text: height = np.float64(0.05)
21.7256 	EXP 	text: height = np.float64(0.05)
21.7256 	EXP 	text: height = np.float64(0.05)
21.7256 	EXP 	text: text = 'Which one are you going to buy?'
21.7262 	EXP 	eyetracker.setRecordingState(False)
21.7321 	EXP 	text: height = np.float64(0.05)
21.7321 	EXP 	text: height = np.float64(0.05)
21.7321 	EXP 	text: height = np.float64(0.05)
21.7321 	EXP 	text: text = 'Which one are you going to buy?'
21.7325 	EXP 	eyetracker.setRecordingState(False)
21.7380 	EXP 	text: height = np.float64(0.05)
21.7380 	EXP 	text: height = np.float64(0.05)
21.7380 	EXP 	text: height = np.float64(0.05)
21.7380 	EXP 	text: text = 'Which one are you going to buy?'
21.7385 	EXP 	eyetracker.setRecordingState(False)
21.7449 	EXP 	text: height = np.float64(0.05)
21.7449 	EXP 	text: height = np.float64(0.05)
21.7449 	EXP 	text: height = np.float64(0.05)
21.7449 	EXP 	text: text = 'Which one are you going to buy?'
21.7454 	EXP 	eyetracker.setRecordingState(False)
21.7521 	EXP 	text: height = np.float64(0.05)
21.7521 	EXP 	text: height = np.float64(0.05)
21.7521 	EXP 	text: height = np.float64(0.05)
21.7521 	EXP 	text: text = 'Which one are you going to buy?'
21.7526 	EXP 	eyetracker.setRecordingState(False)
21.7588 	EXP 	text: height = np.float64(0.05)
21.7588 	EXP 	text: height = np.float64(0.05)
21.7588 	EXP 	text: height = np.float64(0.05)
21.7588 	EXP 	text: text = 'Which one are you going to buy?'
21.7593 	EXP 	eyetracker.setRecordingState(False)
21.7658 	EXP 	text: height = np.float64(0.05)
21.7658 	EXP 	text: height = np.float64(0.05)
21.7658 	EXP 	text: height = np.float64(0.05)
21.7658 	EXP 	text: text = 'Which one are you going to buy?'
21.7663 	EXP 	eyetracker.setRecordingState(False)
21.7727 	EXP 	text: height = np.float64(0.05)
21.7727 	EXP 	text: height = np.float64(0.05)
21.7727 	EXP 	text: height = np.float64(0.05)
21.7727 	EXP 	text: text = 'Which one are you going to buy?'
21.7732 	EXP 	eyetracker.setRecordingState(False)
21.7797 	EXP 	text: height = np.float64(0.05)
21.7797 	EXP 	text: height = np.float64(0.05)
21.7797 	EXP 	text: height = np.float64(0.05)
21.7797 	EXP 	text: text = 'Which one are you going to buy?'
21.7802 	EXP 	eyetracker.setRecordingState(False)
21.7866 	EXP 	text: height = np.float64(0.05)
21.7866 	EXP 	text: height = np.float64(0.05)
21.7866 	EXP 	text: height = np.float64(0.05)
21.7866 	EXP 	text: text = 'Which one are you going to buy?'
21.7871 	EXP 	eyetracker.setRecordingState(False)
21.7935 	EXP 	text: height = np.float64(0.05)
21.7935 	EXP 	text: height = np.float64(0.05)
21.7935 	EXP 	text: height = np.float64(0.05)
21.7935 	EXP 	text: text = 'Which one are you going to buy?'
21.7939 	EXP 	eyetracker.setRecordingState(False)
21.8007 	EXP 	text: height = np.float64(0.05)
21.8007 	EXP 	text: height = np.float64(0.05)
21.8007 	EXP 	text: height = np.float64(0.05)
21.8007 	EXP 	text: text = 'Which one are you going to buy?'
21.8014 	EXP 	eyetracker.setRecordingState(False)
21.8076 	EXP 	text: height = np.float64(0.05)
21.8076 	EXP 	text: height = np.float64(0.05)
21.8076 	EXP 	text: height = np.float64(0.05)
21.8076 	EXP 	text: text = 'Which one are you going to buy?'
21.8082 	EXP 	eyetracker.setRecordingState(False)
21.8156 	EXP 	text: height = np.float64(0.05)
21.8156 	EXP 	text: height = np.float64(0.05)
21.8156 	EXP 	text: height = np.float64(0.05)
21.8156 	EXP 	text: text = 'Which one are you going to buy?'
21.8162 	EXP 	eyetracker.setRecordingState(False)
21.8232 	EXP 	text: height = np.float64(0.05)
21.8232 	EXP 	text: height = np.float64(0.05)
21.8232 	EXP 	text: height = np.float64(0.05)
21.8232 	EXP 	text: text = 'Which one are you going to buy?'
21.8237 	EXP 	eyetracker.setRecordingState(False)
21.8325 	EXP 	text: height = np.float64(0.05)
21.8325 	EXP 	text: height = np.float64(0.05)
21.8325 	EXP 	text: height = np.float64(0.05)
21.8325 	EXP 	text: text = 'Which one are you going to buy?'
21.8330 	EXP 	eyetracker.setRecordingState(False)
21.8395 	EXP 	text: height = np.float64(0.05)
21.8395 	EXP 	text: height = np.float64(0.05)
21.8395 	EXP 	text: height = np.float64(0.05)
21.8395 	EXP 	text: text = 'Which one are you going to buy?'
21.8400 	EXP 	eyetracker.setRecordingState(False)
21.8465 	EXP 	text: height = np.float64(0.05)
21.8465 	EXP 	text: height = np.float64(0.05)
21.8465 	EXP 	text: height = np.float64(0.05)
21.8465 	EXP 	text: text = 'Which one are you going to buy?'
21.8469 	EXP 	eyetracker.setRecordingState(False)
21.8525 	EXP 	text: height = np.float64(0.05)
21.8525 	EXP 	text: height = np.float64(0.05)
21.8525 	EXP 	text: height = np.float64(0.05)
21.8525 	EXP 	text: text = 'Which one are you going to buy?'
21.8529 	EXP 	eyetracker.setRecordingState(False)
21.8587 	EXP 	text: height = np.float64(0.05)
21.8587 	EXP 	text: height = np.float64(0.05)
21.8587 	EXP 	text: height = np.float64(0.05)
21.8587 	EXP 	text: text = 'Which one are you going to buy?'
21.8597 	EXP 	eyetracker.setRecordingState(False)
21.8656 	EXP 	text: height = np.float64(0.05)
21.8656 	EXP 	text: height = np.float64(0.05)
21.8656 	EXP 	text: height = np.float64(0.05)
21.8656 	EXP 	text: text = 'Which one are you going to buy?'
21.8662 	EXP 	eyetracker.setRecordingState(False)
21.8720 	EXP 	text: height = np.float64(0.05)
21.8720 	EXP 	text: height = np.float64(0.05)
21.8720 	EXP 	text: height = np.float64(0.05)
21.8720 	EXP 	text: text = 'Which one are you going to buy?'
21.8725 	EXP 	eyetracker.setRecordingState(False)
21.8788 	EXP 	text: height = np.float64(0.05)
21.8788 	EXP 	text: height = np.float64(0.05)
21.8788 	EXP 	text: height = np.float64(0.05)
21.8788 	EXP 	text: text = 'Which one are you going to buy?'
21.8793 	EXP 	eyetracker.setRecordingState(False)
21.8849 	EXP 	text: height = np.float64(0.05)
21.8849 	EXP 	text: height = np.float64(0.05)
21.8849 	EXP 	text: height = np.float64(0.05)
21.8849 	EXP 	text: text = 'Which one are you going to buy?'
21.8854 	EXP 	eyetracker.setRecordingState(False)
21.8921 	EXP 	text: height = np.float64(0.05)
21.8921 	EXP 	text: height = np.float64(0.05)
21.8921 	EXP 	text: height = np.float64(0.05)
21.8921 	EXP 	text: text = 'Which one are you going to buy?'
21.8927 	EXP 	eyetracker.setRecordingState(False)
21.8992 	EXP 	text: height = np.float64(0.05)
21.8992 	EXP 	text: height = np.float64(0.05)
21.8992 	EXP 	text: height = np.float64(0.05)
21.8992 	EXP 	text: text = 'Which one are you going to buy?'
21.8997 	EXP 	eyetracker.setRecordingState(False)
21.9079 	EXP 	text: height = np.float64(0.05)
21.9079 	EXP 	text: height = np.float64(0.05)
21.9079 	EXP 	text: height = np.float64(0.05)
21.9079 	EXP 	text: text = 'Which one are you going to buy?'
21.9084 	EXP 	eyetracker.setRecordingState(False)
21.9163 	EXP 	text: height = np.float64(0.05)
21.9163 	EXP 	text: height = np.float64(0.05)
21.9163 	EXP 	text: height = np.float64(0.05)
21.9163 	EXP 	text: text = 'Which one are you going to buy?'
21.9169 	EXP 	eyetracker.setRecordingState(False)
21.9245 	EXP 	text: height = np.float64(0.05)
21.9245 	EXP 	text: height = np.float64(0.05)
21.9245 	EXP 	text: height = np.float64(0.05)
21.9245 	EXP 	text: text = 'Which one are you going to buy?'
21.9251 	EXP 	eyetracker.setRecordingState(False)
21.9322 	EXP 	text: height = np.float64(0.05)
21.9322 	EXP 	text: height = np.float64(0.05)
21.9322 	EXP 	text: height = np.float64(0.05)
21.9322 	EXP 	text: text = 'Which one are you going to buy?'
21.9329 	EXP 	eyetracker.setRecordingState(False)
21.9410 	EXP 	text: height = np.float64(0.05)
21.9410 	EXP 	text: height = np.float64(0.05)
21.9410 	EXP 	text: height = np.float64(0.05)
21.9410 	EXP 	text: text = 'Which one are you going to buy?'
21.9417 	EXP 	eyetracker.setRecordingState(False)
21.9495 	DATA 	Mouse: Left button down, pos=(1280,507)
21.9518 	EXP 	text: height = np.float64(0.05)
21.9518 	EXP 	text: height = np.float64(0.05)
21.9518 	EXP 	text: height = np.float64(0.05)
21.9518 	EXP 	text: text = 'Which one are you going to buy?'
21.9537 	EXP 	eyetracker.setRecordingState(False)
21.9556 	EXP 	eyetracker.setRecordingState(False)
21.9667 	INFO 	Keyboard events cleared
21.9661 	EXP 	text: autoDraw = False
21.9661 	EXP 	ambewela: autoDraw = False
21.9661 	EXP 	kothmale: autoDraw = False
21.9661 	EXP 	happycow: autoDraw = False
21.9661 	EXP 	kraft: autoDraw = False
21.9661 	EXP 	richlife: autoDraw = False
21.9661 	EXP 	text_2: autoDraw = False
21.9661 	EXP 	text_3: autoDraw = False
21.9661 	EXP 	text_4: autoDraw = False
21.9661 	EXP 	text_5: autoDraw = False
21.9661 	EXP 	text_6: autoDraw = False
21.9661 	EXP 	text_7: autoDraw = True
21.9661 	EXP 	highlandYoghurt: autoDraw = True
21.9661 	EXP 	anchoryoghurt: autoDraw = True
21.9661 	EXP 	ambewelayoghurt: autoDraw = True
21.9661 	EXP 	pelawatteyoghurt: autoDraw = True
21.9661 	EXP 	text_8: autoDraw = True
21.9661 	EXP 	text_9: autoDraw = True
21.9661 	EXP 	text_10: autoDraw = True
21.9661 	EXP 	text_11: autoDraw = True
21.9677 	EXP 	eyetracker.setRecordingState(False)
21.9781 	EXP 	eyetracker.setRecordingState(False)
21.9835 	EXP 	eyetracker.setRecordingState(False)
21.9899 	EXP 	eyetracker.setRecordingState(False)
21.9963 	EXP 	eyetracker.setRecordingState(False)
22.0032 	EXP 	eyetracker.setRecordingState(False)
22.0101 	EXP 	eyetracker.setRecordingState(False)
22.0172 	EXP 	eyetracker.setRecordingState(False)
22.0241 	EXP 	eyetracker.setRecordingState(False)
22.0319 	EXP 	eyetracker.setRecordingState(False)
22.0394 	EXP 	eyetracker.setRecordingState(False)
22.0462 	EXP 	eyetracker.setRecordingState(False)
22.0527 	EXP 	eyetracker.setRecordingState(False)
22.0598 	EXP 	eyetracker.setRecordingState(False)
22.0668 	EXP 	eyetracker.setRecordingState(False)
22.0745 	EXP 	eyetracker.setRecordingState(False)
22.0816 	EXP 	eyetracker.setRecordingState(False)
22.0884 	EXP 	eyetracker.setRecordingState(False)
22.0949 	EXP 	eyetracker.setRecordingState(False)
22.1017 	EXP 	eyetracker.setRecordingState(False)
22.1084 	EXP 	eyetracker.setRecordingState(False)
22.1146 	EXP 	eyetracker.setRecordingState(False)
22.1222 	EXP 	eyetracker.setRecordingState(False)
22.1303 	EXP 	eyetracker.setRecordingState(False)
22.1389 	EXP 	eyetracker.setRecordingState(False)
22.1478 	EXP 	eyetracker.setRecordingState(False)
22.1562 	EXP 	eyetracker.setRecordingState(False)
22.1645 	EXP 	eyetracker.setRecordingState(False)
22.1728 	EXP 	eyetracker.setRecordingState(False)
22.1782 	DATA 	Mouse:  Left button up, pos=(1280,507)
22.1838 	EXP 	eyetracker.setRecordingState(False)
22.1944 	EXP 	eyetracker.setRecordingState(False)
22.2049 	EXP 	eyetracker.setRecordingState(False)
22.2151 	EXP 	eyetracker.setRecordingState(False)
22.2247 	EXP 	eyetracker.setRecordingState(False)
22.2330 	EXP 	eyetracker.setRecordingState(False)
22.2411 	EXP 	eyetracker.setRecordingState(False)
22.2493 	EXP 	eyetracker.setRecordingState(False)
22.2589 	EXP 	eyetracker.setRecordingState(False)
22.2670 	EXP 	eyetracker.setRecordingState(False)
22.2729 	EXP 	eyetracker.setRecordingState(False)
22.2775 	EXP 	eyetracker.setRecordingState(False)
22.2814 	EXP 	eyetracker.setRecordingState(False)
22.2870 	EXP 	eyetracker.setRecordingState(False)
22.2944 	EXP 	eyetracker.setRecordingState(False)
22.3015 	EXP 	eyetracker.setRecordingState(False)
22.3087 	EXP 	eyetracker.setRecordingState(False)
22.3156 	EXP 	eyetracker.setRecordingState(False)
22.3227 	EXP 	eyetracker.setRecordingState(False)
22.3295 	EXP 	eyetracker.setRecordingState(False)
22.3364 	EXP 	eyetracker.setRecordingState(False)
22.3436 	EXP 	eyetracker.setRecordingState(False)
22.3505 	EXP 	eyetracker.setRecordingState(False)
22.3576 	EXP 	eyetracker.setRecordingState(False)
22.3644 	EXP 	eyetracker.setRecordingState(False)
22.3715 	EXP 	eyetracker.setRecordingState(False)
22.3788 	EXP 	eyetracker.setRecordingState(False)
22.3867 	EXP 	eyetracker.setRecordingState(False)
22.3945 	EXP 	eyetracker.setRecordingState(False)
22.4027 	EXP 	eyetracker.setRecordingState(False)
22.4104 	EXP 	eyetracker.setRecordingState(False)
22.4166 	EXP 	eyetracker.setRecordingState(False)
22.4216 	EXP 	eyetracker.setRecordingState(False)
22.4258 	EXP 	eyetracker.setRecordingState(False)
22.4331 	EXP 	eyetracker.setRecordingState(False)
22.4401 	EXP 	eyetracker.setRecordingState(False)
22.4471 	EXP 	eyetracker.setRecordingState(False)
22.4539 	EXP 	eyetracker.setRecordingState(False)
22.4607 	EXP 	eyetracker.setRecordingState(False)
22.4677 	EXP 	eyetracker.setRecordingState(False)
22.4747 	EXP 	eyetracker.setRecordingState(False)
22.4822 	EXP 	eyetracker.setRecordingState(False)
22.4888 	EXP 	eyetracker.setRecordingState(False)
22.4958 	EXP 	eyetracker.setRecordingState(False)
22.5027 	EXP 	eyetracker.setRecordingState(False)
22.5099 	EXP 	eyetracker.setRecordingState(False)
22.5164 	EXP 	eyetracker.setRecordingState(False)
22.5234 	EXP 	eyetracker.setRecordingState(False)
22.5302 	EXP 	eyetracker.setRecordingState(False)
22.5371 	EXP 	eyetracker.setRecordingState(False)
22.5444 	EXP 	eyetracker.setRecordingState(False)
22.5514 	EXP 	eyetracker.setRecordingState(False)
22.5585 	EXP 	eyetracker.setRecordingState(False)
22.5659 	EXP 	eyetracker.setRecordingState(False)
22.5731 	EXP 	eyetracker.setRecordingState(False)
22.5813 	EXP 	eyetracker.setRecordingState(False)
22.5904 	EXP 	eyetracker.setRecordingState(False)
22.5987 	EXP 	eyetracker.setRecordingState(False)
22.6066 	EXP 	eyetracker.setRecordingState(False)
22.6140 	EXP 	eyetracker.setRecordingState(False)
22.6215 	EXP 	eyetracker.setRecordingState(False)
22.6289 	EXP 	eyetracker.setRecordingState(False)
22.6362 	EXP 	eyetracker.setRecordingState(False)
22.6412 	EXP 	eyetracker.setRecordingState(False)
22.6455 	EXP 	eyetracker.setRecordingState(False)
22.6493 	EXP 	eyetracker.setRecordingState(False)
22.6550 	EXP 	eyetracker.setRecordingState(False)
22.6619 	EXP 	eyetracker.setRecordingState(False)
22.6689 	EXP 	eyetracker.setRecordingState(False)
22.6758 	EXP 	eyetracker.setRecordingState(False)
22.6827 	EXP 	eyetracker.setRecordingState(False)
22.6897 	EXP 	eyetracker.setRecordingState(False)
22.6968 	EXP 	eyetracker.setRecordingState(False)
22.7035 	EXP 	eyetracker.setRecordingState(False)
22.7107 	EXP 	eyetracker.setRecordingState(False)
22.7175 	EXP 	eyetracker.setRecordingState(False)
22.7247 	EXP 	eyetracker.setRecordingState(False)
22.7318 	EXP 	eyetracker.setRecordingState(False)
22.7388 	EXP 	eyetracker.setRecordingState(False)
22.7465 	EXP 	eyetracker.setRecordingState(False)
22.7532 	EXP 	eyetracker.setRecordingState(False)
22.7601 	EXP 	eyetracker.setRecordingState(False)
22.7668 	EXP 	eyetracker.setRecordingState(False)
22.7736 	EXP 	eyetracker.setRecordingState(False)
22.7808 	EXP 	eyetracker.setRecordingState(False)
22.7886 	EXP 	eyetracker.setRecordingState(False)
22.7964 	EXP 	eyetracker.setRecordingState(False)
22.8034 	EXP 	eyetracker.setRecordingState(False)
22.8102 	EXP 	eyetracker.setRecordingState(False)
22.8162 	EXP 	eyetracker.setRecordingState(False)
22.8234 	EXP 	eyetracker.setRecordingState(False)
22.8320 	EXP 	eyetracker.setRecordingState(False)
22.8424 	EXP 	eyetracker.setRecordingState(False)
22.8523 	EXP 	eyetracker.setRecordingState(False)
22.8647 	EXP 	eyetracker.setRecordingState(False)
22.8774 	EXP 	eyetracker.setRecordingState(False)
22.8881 	EXP 	eyetracker.setRecordingState(False)
22.8991 	EXP 	eyetracker.setRecordingState(False)
22.9099 	EXP 	eyetracker.setRecordingState(False)
22.9207 	EXP 	eyetracker.setRecordingState(False)
22.9303 	EXP 	eyetracker.setRecordingState(False)
22.9371 	EXP 	eyetracker.setRecordingState(False)
22.9415 	EXP 	eyetracker.setRecordingState(False)
22.9450 	EXP 	eyetracker.setRecordingState(False)
22.9492 	EXP 	eyetracker.setRecordingState(False)
22.9538 	EXP 	eyetracker.setRecordingState(False)
22.9603 	EXP 	eyetracker.setRecordingState(False)
22.9673 	EXP 	eyetracker.setRecordingState(False)
22.9743 	EXP 	eyetracker.setRecordingState(False)
22.9816 	EXP 	eyetracker.setRecordingState(False)
22.9885 	EXP 	eyetracker.setRecordingState(False)
22.9955 	EXP 	eyetracker.setRecordingState(False)
23.0024 	EXP 	eyetracker.setRecordingState(False)
23.0094 	EXP 	eyetracker.setRecordingState(False)
23.0164 	EXP 	eyetracker.setRecordingState(False)
23.0232 	EXP 	eyetracker.setRecordingState(False)
23.0307 	EXP 	eyetracker.setRecordingState(False)
23.0384 	EXP 	eyetracker.setRecordingState(False)
23.0473 	EXP 	eyetracker.setRecordingState(False)
23.0552 	EXP 	eyetracker.setRecordingState(False)
23.0618 	EXP 	eyetracker.setRecordingState(False)
23.0676 	EXP 	eyetracker.setRecordingState(False)
23.0731 	EXP 	eyetracker.setRecordingState(False)
23.0794 	EXP 	eyetracker.setRecordingState(False)
23.0867 	EXP 	eyetracker.setRecordingState(False)
23.0938 	EXP 	eyetracker.setRecordingState(False)
23.1009 	EXP 	eyetracker.setRecordingState(False)
23.1073 	EXP 	eyetracker.setRecordingState(False)
23.1148 	EXP 	eyetracker.setRecordingState(False)
23.1215 	EXP 	eyetracker.setRecordingState(False)
23.1283 	EXP 	eyetracker.setRecordingState(False)
23.1347 	EXP 	eyetracker.setRecordingState(False)
23.1412 	EXP 	eyetracker.setRecordingState(False)
23.1480 	EXP 	eyetracker.setRecordingState(False)
23.1551 	EXP 	eyetracker.setRecordingState(False)
23.1620 	EXP 	eyetracker.setRecordingState(False)
23.1689 	EXP 	eyetracker.setRecordingState(False)
23.1759 	EXP 	eyetracker.setRecordingState(False)
23.1827 	EXP 	eyetracker.setRecordingState(False)
23.1899 	EXP 	eyetracker.setRecordingState(False)
23.1967 	EXP 	eyetracker.setRecordingState(False)
23.2037 	EXP 	eyetracker.setRecordingState(False)
23.2106 	EXP 	eyetracker.setRecordingState(False)
23.2181 	EXP 	eyetracker.setRecordingState(False)
23.2254 	EXP 	eyetracker.setRecordingState(False)
23.2327 	EXP 	eyetracker.setRecordingState(False)
23.2402 	EXP 	eyetracker.setRecordingState(False)
23.2473 	EXP 	eyetracker.setRecordingState(False)
23.2531 	EXP 	eyetracker.setRecordingState(False)
23.2601 	EXP 	eyetracker.setRecordingState(False)
23.2684 	EXP 	eyetracker.setRecordingState(False)
23.2773 	EXP 	eyetracker.setRecordingState(False)
23.2871 	EXP 	eyetracker.setRecordingState(False)
23.2962 	EXP 	eyetracker.setRecordingState(False)
23.3062 	EXP 	eyetracker.setRecordingState(False)
23.3145 	EXP 	eyetracker.setRecordingState(False)
23.3225 	EXP 	eyetracker.setRecordingState(False)
23.3316 	EXP 	eyetracker.setRecordingState(False)
23.3413 	EXP 	eyetracker.setRecordingState(False)
23.3510 	EXP 	eyetracker.setRecordingState(False)
23.3625 	EXP 	eyetracker.setRecordingState(False)
23.3743 	EXP 	eyetracker.setRecordingState(False)
23.3836 	EXP 	eyetracker.setRecordingState(False)
23.3902 	EXP 	eyetracker.setRecordingState(False)
23.3995 	EXP 	eyetracker.setRecordingState(False)
23.4087 	EXP 	eyetracker.setRecordingState(False)
23.4183 	EXP 	eyetracker.setRecordingState(False)
23.4277 	EXP 	eyetracker.setRecordingState(False)
23.4372 	EXP 	eyetracker.setRecordingState(False)
23.4476 	EXP 	eyetracker.setRecordingState(False)
23.4571 	EXP 	eyetracker.setRecordingState(False)
23.4635 	EXP 	eyetracker.setRecordingState(False)
23.4735 	EXP 	eyetracker.setRecordingState(False)
23.4799 	EXP 	eyetracker.setRecordingState(False)
23.4891 	EXP 	eyetracker.setRecordingState(False)
23.4959 	EXP 	eyetracker.setRecordingState(False)
23.5056 	EXP 	eyetracker.setRecordingState(False)
23.5116 	EXP 	eyetracker.setRecordingState(False)
23.5205 	EXP 	eyetracker.setRecordingState(False)
23.5316 	EXP 	eyetracker.setRecordingState(False)
23.5411 	EXP 	eyetracker.setRecordingState(False)
23.5522 	EXP 	eyetracker.setRecordingState(False)
23.5649 	EXP 	eyetracker.setRecordingState(False)
23.5796 	EXP 	eyetracker.setRecordingState(False)
23.5951 	EXP 	eyetracker.setRecordingState(False)
23.6101 	EXP 	eyetracker.setRecordingState(False)
23.6233 	EXP 	eyetracker.setRecordingState(False)
23.6383 	EXP 	eyetracker.setRecordingState(False)
23.6509 	EXP 	eyetracker.setRecordingState(False)
23.6622 	EXP 	eyetracker.setRecordingState(False)
23.6703 	EXP 	eyetracker.setRecordingState(False)
23.6776 	EXP 	eyetracker.setRecordingState(False)
23.6883 	EXP 	eyetracker.setRecordingState(False)
23.7016 	EXP 	eyetracker.setRecordingState(False)
23.7156 	EXP 	eyetracker.setRecordingState(False)
23.7237 	EXP 	eyetracker.setRecordingState(False)
23.7347 	EXP 	eyetracker.setRecordingState(False)
23.7470 	EXP 	eyetracker.setRecordingState(False)
23.7576 	EXP 	eyetracker.setRecordingState(False)
23.7802 	EXP 	eyetracker.setRecordingState(False)
23.7927 	EXP 	eyetracker.setRecordingState(False)
23.7991 	EXP 	eyetracker.setRecordingState(False)
23.8032 	EXP 	eyetracker.setRecordingState(False)
23.8089 	EXP 	eyetracker.setRecordingState(False)
23.8172 	EXP 	eyetracker.setRecordingState(False)
23.8263 	EXP 	eyetracker.setRecordingState(False)
23.8336 	EXP 	eyetracker.setRecordingState(False)
23.8463 	EXP 	eyetracker.setRecordingState(False)
23.8753 	EXP 	eyetracker.setRecordingState(False)
23.8903 	EXP 	eyetracker.setRecordingState(False)
23.9133 	EXP 	eyetracker.setRecordingState(False)
23.9260 	EXP 	eyetracker.setRecordingState(False)
23.9384 	EXP 	eyetracker.setRecordingState(False)
23.9516 	EXP 	eyetracker.setRecordingState(False)
23.9691 	EXP 	eyetracker.setRecordingState(False)
23.9837 	EXP 	eyetracker.setRecordingState(False)
23.9978 	EXP 	eyetracker.setRecordingState(False)
24.0189 	EXP 	eyetracker.setRecordingState(False)
24.0421 	EXP 	eyetracker.setRecordingState(False)
24.0530 	EXP 	eyetracker.setRecordingState(False)
24.0613 	EXP 	eyetracker.setRecordingState(False)
24.0722 	EXP 	eyetracker.setRecordingState(False)
24.0819 	EXP 	eyetracker.setRecordingState(False)
24.0915 	EXP 	eyetracker.setRecordingState(False)
24.1040 	EXP 	eyetracker.setRecordingState(False)
24.1133 	EXP 	eyetracker.setRecordingState(False)
24.1228 	EXP 	eyetracker.setRecordingState(False)
24.1314 	EXP 	eyetracker.setRecordingState(False)
24.1446 	EXP 	eyetracker.setRecordingState(False)
24.1566 	EXP 	eyetracker.setRecordingState(False)
24.1694 	EXP 	eyetracker.setRecordingState(False)
24.1816 	EXP 	eyetracker.setRecordingState(False)
24.1932 	EXP 	eyetracker.setRecordingState(False)
24.2020 	EXP 	eyetracker.setRecordingState(False)
24.2096 	EXP 	eyetracker.setRecordingState(False)
24.2174 	EXP 	eyetracker.setRecordingState(False)
24.2278 	EXP 	eyetracker.setRecordingState(False)
24.2357 	EXP 	eyetracker.setRecordingState(False)
24.2429 	EXP 	eyetracker.setRecordingState(False)
24.2510 	EXP 	eyetracker.setRecordingState(False)
24.2597 	EXP 	eyetracker.setRecordingState(False)
24.2725 	EXP 	eyetracker.setRecordingState(False)
24.2841 	EXP 	eyetracker.setRecordingState(False)
24.2948 	EXP 	eyetracker.setRecordingState(False)
24.3053 	EXP 	eyetracker.setRecordingState(False)
24.3158 	EXP 	eyetracker.setRecordingState(False)
24.3264 	EXP 	eyetracker.setRecordingState(False)
24.3376 	EXP 	eyetracker.setRecordingState(False)
24.3483 	EXP 	eyetracker.setRecordingState(False)
24.3592 	EXP 	eyetracker.setRecordingState(False)
24.3706 	EXP 	eyetracker.setRecordingState(False)
24.3821 	EXP 	eyetracker.setRecordingState(False)
24.3924 	EXP 	eyetracker.setRecordingState(False)
24.4041 	EXP 	eyetracker.setRecordingState(False)
24.4160 	EXP 	eyetracker.setRecordingState(False)
24.4259 	EXP 	eyetracker.setRecordingState(False)
24.4375 	EXP 	eyetracker.setRecordingState(False)
24.4488 	EXP 	eyetracker.setRecordingState(False)
24.4588 	EXP 	eyetracker.setRecordingState(False)
24.4692 	EXP 	eyetracker.setRecordingState(False)
24.4796 	EXP 	eyetracker.setRecordingState(False)
24.4901 	EXP 	eyetracker.setRecordingState(False)
24.4999 	EXP 	eyetracker.setRecordingState(False)
24.5113 	EXP 	eyetracker.setRecordingState(False)
24.5233 	EXP 	eyetracker.setRecordingState(False)
24.5346 	EXP 	eyetracker.setRecordingState(False)
24.5456 	EXP 	eyetracker.setRecordingState(False)
24.5574 	EXP 	eyetracker.setRecordingState(False)
24.5688 	EXP 	eyetracker.setRecordingState(False)
24.5800 	EXP 	eyetracker.setRecordingState(False)
24.5914 	EXP 	eyetracker.setRecordingState(False)
24.6024 	EXP 	eyetracker.setRecordingState(False)
24.6141 	EXP 	eyetracker.setRecordingState(False)
24.6250 	EXP 	eyetracker.setRecordingState(False)
24.6361 	EXP 	eyetracker.setRecordingState(False)
24.6465 	EXP 	eyetracker.setRecordingState(False)
24.6570 	EXP 	eyetracker.setRecordingState(False)
24.6667 	EXP 	eyetracker.setRecordingState(False)
24.6764 	EXP 	eyetracker.setRecordingState(False)
24.6853 	EXP 	eyetracker.setRecordingState(False)
24.6944 	EXP 	eyetracker.setRecordingState(False)
24.7030 	EXP 	eyetracker.setRecordingState(False)
24.7134 	EXP 	eyetracker.setRecordingState(False)
24.7223 	EXP 	eyetracker.setRecordingState(False)
24.7317 	EXP 	eyetracker.setRecordingState(False)
24.7424 	EXP 	eyetracker.setRecordingState(False)
24.7531 	EXP 	eyetracker.setRecordingState(False)
24.7622 	EXP 	eyetracker.setRecordingState(False)
24.7714 	EXP 	eyetracker.setRecordingState(False)
24.7815 	EXP 	eyetracker.setRecordingState(False)
24.7909 	EXP 	eyetracker.setRecordingState(False)
24.8001 	EXP 	eyetracker.setRecordingState(False)
24.8102 	EXP 	eyetracker.setRecordingState(False)
24.8207 	EXP 	eyetracker.setRecordingState(False)
24.8305 	EXP 	eyetracker.setRecordingState(False)
24.8393 	EXP 	eyetracker.setRecordingState(False)
24.8482 	EXP 	eyetracker.setRecordingState(False)
24.8583 	EXP 	eyetracker.setRecordingState(False)
24.8700 	EXP 	eyetracker.setRecordingState(False)
24.8812 	EXP 	eyetracker.setRecordingState(False)
24.8917 	EXP 	eyetracker.setRecordingState(False)
24.9042 	EXP 	eyetracker.setRecordingState(False)
24.9158 	EXP 	eyetracker.setRecordingState(False)
24.9275 	EXP 	eyetracker.setRecordingState(False)
24.9385 	EXP 	eyetracker.setRecordingState(False)
24.9497 	EXP 	eyetracker.setRecordingState(False)
24.9610 	EXP 	eyetracker.setRecordingState(False)
24.9693 	EXP 	eyetracker.setRecordingState(False)
24.9756 	EXP 	eyetracker.setRecordingState(False)
24.9820 	EXP 	eyetracker.setRecordingState(False)
24.9889 	EXP 	eyetracker.setRecordingState(False)
24.9966 	EXP 	eyetracker.setRecordingState(False)
25.0029 	EXP 	eyetracker.setRecordingState(False)
25.0086 	EXP 	eyetracker.setRecordingState(False)
25.0161 	EXP 	eyetracker.setRecordingState(False)
25.0206 	EXP 	eyetracker.setRecordingState(False)
25.0261 	EXP 	eyetracker.setRecordingState(False)
25.0306 	EXP 	eyetracker.setRecordingState(False)
25.0370 	EXP 	eyetracker.setRecordingState(False)
25.0444 	EXP 	eyetracker.setRecordingState(False)
25.0513 	EXP 	eyetracker.setRecordingState(False)
25.0583 	EXP 	eyetracker.setRecordingState(False)
25.0641 	EXP 	eyetracker.setRecordingState(False)
25.0721 	EXP 	eyetracker.setRecordingState(False)
25.0793 	EXP 	eyetracker.setRecordingState(False)
25.0859 	EXP 	eyetracker.setRecordingState(False)
25.0929 	EXP 	eyetracker.setRecordingState(False)
25.1004 	EXP 	eyetracker.setRecordingState(False)
25.1072 	EXP 	eyetracker.setRecordingState(False)
25.1145 	EXP 	eyetracker.setRecordingState(False)
25.1217 	EXP 	eyetracker.setRecordingState(False)
25.1283 	EXP 	eyetracker.setRecordingState(False)
25.1377 	EXP 	eyetracker.setRecordingState(False)
25.1468 	EXP 	eyetracker.setRecordingState(False)
25.1545 	EXP 	eyetracker.setRecordingState(False)
25.1635 	EXP 	eyetracker.setRecordingState(False)
25.1725 	EXP 	eyetracker.setRecordingState(False)
25.1802 	EXP 	eyetracker.setRecordingState(False)
25.1858 	EXP 	eyetracker.setRecordingState(False)
25.1918 	EXP 	eyetracker.setRecordingState(False)
25.1989 	EXP 	eyetracker.setRecordingState(False)
25.2052 	EXP 	eyetracker.setRecordingState(False)
25.2120 	EXP 	eyetracker.setRecordingState(False)
25.2190 	EXP 	eyetracker.setRecordingState(False)
25.2281 	EXP 	eyetracker.setRecordingState(False)
25.2366 	EXP 	eyetracker.setRecordingState(False)
25.2438 	EXP 	eyetracker.setRecordingState(False)
25.2503 	EXP 	eyetracker.setRecordingState(False)
25.2562 	EXP 	eyetracker.setRecordingState(False)
25.2625 	EXP 	eyetracker.setRecordingState(False)
25.2682 	EXP 	eyetracker.setRecordingState(False)
25.2735 	EXP 	eyetracker.setRecordingState(False)
25.2796 	EXP 	eyetracker.setRecordingState(False)
25.2852 	EXP 	eyetracker.setRecordingState(False)
25.2909 	EXP 	eyetracker.setRecordingState(False)
25.2970 	EXP 	eyetracker.setRecordingState(False)
25.3023 	EXP 	eyetracker.setRecordingState(False)
25.3092 	EXP 	eyetracker.setRecordingState(False)
25.3152 	EXP 	eyetracker.setRecordingState(False)
25.3237 	EXP 	eyetracker.setRecordingState(False)
25.3294 	EXP 	eyetracker.setRecordingState(False)
25.3361 	EXP 	eyetracker.setRecordingState(False)
25.3442 	EXP 	eyetracker.setRecordingState(False)
25.3503 	EXP 	eyetracker.setRecordingState(False)
25.3572 	EXP 	eyetracker.setRecordingState(False)
25.3653 	EXP 	eyetracker.setRecordingState(False)
25.3724 	EXP 	eyetracker.setRecordingState(False)
25.3796 	EXP 	eyetracker.setRecordingState(False)
25.3891 	EXP 	eyetracker.setRecordingState(False)
25.3983 	EXP 	eyetracker.setRecordingState(False)
25.4058 	EXP 	eyetracker.setRecordingState(False)
25.4141 	EXP 	eyetracker.setRecordingState(False)
25.4199 	EXP 	eyetracker.setRecordingState(False)
25.4280 	EXP 	eyetracker.setRecordingState(False)
25.4341 	EXP 	eyetracker.setRecordingState(False)
25.4410 	EXP 	eyetracker.setRecordingState(False)
25.4496 	EXP 	eyetracker.setRecordingState(False)
25.4582 	EXP 	eyetracker.setRecordingState(False)
25.4682 	EXP 	eyetracker.setRecordingState(False)
25.4794 	EXP 	eyetracker.setRecordingState(False)
25.4897 	EXP 	eyetracker.setRecordingState(False)
25.4993 	EXP 	eyetracker.setRecordingState(False)
25.5086 	EXP 	eyetracker.setRecordingState(False)
25.5192 	EXP 	eyetracker.setRecordingState(False)
25.5272 	EXP 	eyetracker.setRecordingState(False)
25.5354 	EXP 	eyetracker.setRecordingState(False)
25.5443 	EXP 	eyetracker.setRecordingState(False)
25.5516 	EXP 	eyetracker.setRecordingState(False)
25.5579 	EXP 	eyetracker.setRecordingState(False)
25.5654 	EXP 	eyetracker.setRecordingState(False)
25.5721 	EXP 	eyetracker.setRecordingState(False)
25.5775 	EXP 	eyetracker.setRecordingState(False)
25.5833 	EXP 	eyetracker.setRecordingState(False)
25.5898 	EXP 	eyetracker.setRecordingState(False)
25.5959 	EXP 	eyetracker.setRecordingState(False)
25.6013 	EXP 	eyetracker.setRecordingState(False)
25.6080 	EXP 	eyetracker.setRecordingState(False)
25.6167 	EXP 	eyetracker.setRecordingState(False)
25.6240 	EXP 	eyetracker.setRecordingState(False)
25.6319 	EXP 	eyetracker.setRecordingState(False)
25.6376 	EXP 	eyetracker.setRecordingState(False)
25.6446 	EXP 	eyetracker.setRecordingState(False)
25.6514 	EXP 	eyetracker.setRecordingState(False)
25.6573 	EXP 	eyetracker.setRecordingState(False)
25.6645 	EXP 	eyetracker.setRecordingState(False)
25.6713 	EXP 	eyetracker.setRecordingState(False)
25.6797 	EXP 	eyetracker.setRecordingState(False)
25.6870 	EXP 	eyetracker.setRecordingState(False)
25.6960 	EXP 	eyetracker.setRecordingState(False)
25.7046 	EXP 	eyetracker.setRecordingState(False)
25.7145 	EXP 	eyetracker.setRecordingState(False)
25.7221 	EXP 	eyetracker.setRecordingState(False)
25.7288 	EXP 	eyetracker.setRecordingState(False)
25.7342 	EXP 	eyetracker.setRecordingState(False)
25.7398 	EXP 	eyetracker.setRecordingState(False)
25.7464 	EXP 	eyetracker.setRecordingState(False)
25.7513 	EXP 	eyetracker.setRecordingState(False)
25.7568 	EXP 	eyetracker.setRecordingState(False)
25.7617 	EXP 	eyetracker.setRecordingState(False)
25.7676 	EXP 	eyetracker.setRecordingState(False)
25.7742 	EXP 	eyetracker.setRecordingState(False)
25.7805 	EXP 	eyetracker.setRecordingState(False)
25.7875 	EXP 	eyetracker.setRecordingState(False)
25.7947 	EXP 	eyetracker.setRecordingState(False)
25.8017 	EXP 	eyetracker.setRecordingState(False)
25.8087 	EXP 	eyetracker.setRecordingState(False)
25.8151 	EXP 	eyetracker.setRecordingState(False)
25.8236 	EXP 	eyetracker.setRecordingState(False)
25.8300 	EXP 	eyetracker.setRecordingState(False)
25.8362 	EXP 	eyetracker.setRecordingState(False)
25.8430 	EXP 	eyetracker.setRecordingState(False)
25.8500 	EXP 	eyetracker.setRecordingState(False)
25.8573 	EXP 	eyetracker.setRecordingState(False)
25.8649 	EXP 	eyetracker.setRecordingState(False)
25.8712 	EXP 	eyetracker.setRecordingState(False)
25.8779 	EXP 	eyetracker.setRecordingState(False)
25.8853 	EXP 	eyetracker.setRecordingState(False)
25.8914 	EXP 	eyetracker.setRecordingState(False)
25.8990 	EXP 	eyetracker.setRecordingState(False)
25.9061 	EXP 	eyetracker.setRecordingState(False)
25.9141 	EXP 	eyetracker.setRecordingState(False)
25.9209 	EXP 	eyetracker.setRecordingState(False)
25.9272 	EXP 	eyetracker.setRecordingState(False)
25.9341 	EXP 	eyetracker.setRecordingState(False)
25.9407 	EXP 	eyetracker.setRecordingState(False)
25.9478 	EXP 	eyetracker.setRecordingState(False)
25.9547 	EXP 	eyetracker.setRecordingState(False)
25.9628 	EXP 	eyetracker.setRecordingState(False)
25.9689 	EXP 	eyetracker.setRecordingState(False)
25.9753 	EXP 	eyetracker.setRecordingState(False)
25.9833 	EXP 	eyetracker.setRecordingState(False)
25.9897 	EXP 	eyetracker.setRecordingState(False)
25.9971 	EXP 	eyetracker.setRecordingState(False)
26.0039 	EXP 	eyetracker.setRecordingState(False)
26.0101 	EXP 	eyetracker.setRecordingState(False)
26.0180 	EXP 	eyetracker.setRecordingState(False)
26.0255 	EXP 	eyetracker.setRecordingState(False)
26.0333 	EXP 	eyetracker.setRecordingState(False)
26.0402 	EXP 	eyetracker.setRecordingState(False)
26.0473 	EXP 	eyetracker.setRecordingState(False)
26.0540 	EXP 	eyetracker.setRecordingState(False)
26.0601 	EXP 	eyetracker.setRecordingState(False)
26.0651 	EXP 	eyetracker.setRecordingState(False)
26.0725 	EXP 	eyetracker.setRecordingState(False)
26.0793 	EXP 	eyetracker.setRecordingState(False)
26.0871 	EXP 	eyetracker.setRecordingState(False)
26.0942 	EXP 	eyetracker.setRecordingState(False)
26.1022 	EXP 	eyetracker.setRecordingState(False)
26.1096 	EXP 	eyetracker.setRecordingState(False)
26.1171 	EXP 	eyetracker.setRecordingState(False)
26.1251 	EXP 	eyetracker.setRecordingState(False)
26.1324 	EXP 	eyetracker.setRecordingState(False)
26.1390 	EXP 	eyetracker.setRecordingState(False)
26.1466 	EXP 	eyetracker.setRecordingState(False)
26.1543 	EXP 	eyetracker.setRecordingState(False)
26.1615 	EXP 	eyetracker.setRecordingState(False)
26.1683 	EXP 	eyetracker.setRecordingState(False)
26.1753 	EXP 	eyetracker.setRecordingState(False)
26.1827 	EXP 	eyetracker.setRecordingState(False)
26.1906 	EXP 	eyetracker.setRecordingState(False)
26.1994 	EXP 	eyetracker.setRecordingState(False)
26.2080 	EXP 	eyetracker.setRecordingState(False)
26.2190 	EXP 	eyetracker.setRecordingState(False)
26.2266 	EXP 	eyetracker.setRecordingState(False)
26.2334 	EXP 	eyetracker.setRecordingState(False)
26.2409 	EXP 	eyetracker.setRecordingState(False)
26.2493 	EXP 	eyetracker.setRecordingState(False)
26.2576 	EXP 	eyetracker.setRecordingState(False)
26.2671 	EXP 	eyetracker.setRecordingState(False)
26.2776 	EXP 	eyetracker.setRecordingState(False)
26.2884 	EXP 	eyetracker.setRecordingState(False)
26.2999 	EXP 	eyetracker.setRecordingState(False)
26.3116 	EXP 	eyetracker.setRecordingState(False)
26.3238 	EXP 	eyetracker.setRecordingState(False)
26.3345 	EXP 	eyetracker.setRecordingState(False)
26.3446 	EXP 	eyetracker.setRecordingState(False)
26.3554 	EXP 	eyetracker.setRecordingState(False)
26.3676 	EXP 	eyetracker.setRecordingState(False)
26.3799 	EXP 	eyetracker.setRecordingState(False)
26.3936 	EXP 	eyetracker.setRecordingState(False)
26.4032 	EXP 	eyetracker.setRecordingState(False)
26.4134 	EXP 	eyetracker.setRecordingState(False)
26.4234 	EXP 	eyetracker.setRecordingState(False)
26.4353 	EXP 	eyetracker.setRecordingState(False)
26.4457 	EXP 	eyetracker.setRecordingState(False)
26.4545 	EXP 	eyetracker.setRecordingState(False)
26.4610 	EXP 	eyetracker.setRecordingState(False)
26.4688 	EXP 	eyetracker.setRecordingState(False)
26.4753 	EXP 	eyetracker.setRecordingState(False)
26.4823 	EXP 	eyetracker.setRecordingState(False)
26.4883 	EXP 	eyetracker.setRecordingState(False)
26.4963 	EXP 	eyetracker.setRecordingState(False)
26.5016 	EXP 	eyetracker.setRecordingState(False)
26.5076 	EXP 	eyetracker.setRecordingState(False)
26.5141 	EXP 	eyetracker.setRecordingState(False)
26.5199 	EXP 	eyetracker.setRecordingState(False)
26.5255 	EXP 	eyetracker.setRecordingState(False)
26.5318 	EXP 	eyetracker.setRecordingState(False)
26.5381 	EXP 	eyetracker.setRecordingState(False)
26.5454 	EXP 	eyetracker.setRecordingState(False)
26.5511 	EXP 	eyetracker.setRecordingState(False)
26.5593 	EXP 	eyetracker.setRecordingState(False)
26.5663 	EXP 	eyetracker.setRecordingState(False)
26.5734 	EXP 	eyetracker.setRecordingState(False)
26.5816 	EXP 	eyetracker.setRecordingState(False)
26.5892 	EXP 	eyetracker.setRecordingState(False)
26.5988 	EXP 	eyetracker.setRecordingState(False)
26.6076 	EXP 	eyetracker.setRecordingState(False)
26.6153 	EXP 	eyetracker.setRecordingState(False)
26.6231 	EXP 	eyetracker.setRecordingState(False)
26.6302 	EXP 	eyetracker.setRecordingState(False)
26.6371 	EXP 	eyetracker.setRecordingState(False)
26.6452 	EXP 	eyetracker.setRecordingState(False)
26.6539 	EXP 	eyetracker.setRecordingState(False)
26.6622 	EXP 	eyetracker.setRecordingState(False)
26.6704 	EXP 	eyetracker.setRecordingState(False)
26.6766 	EXP 	eyetracker.setRecordingState(False)
26.6835 	EXP 	eyetracker.setRecordingState(False)
26.6903 	EXP 	eyetracker.setRecordingState(False)
26.7003 	EXP 	eyetracker.setRecordingState(False)
26.7071 	EXP 	eyetracker.setRecordingState(False)
26.7142 	EXP 	eyetracker.setRecordingState(False)
26.7193 	EXP 	eyetracker.setRecordingState(False)
26.7246 	EXP 	eyetracker.setRecordingState(False)
26.7303 	EXP 	eyetracker.setRecordingState(False)
26.7347 	EXP 	eyetracker.setRecordingState(False)
26.7390 	EXP 	eyetracker.setRecordingState(False)
26.7461 	EXP 	eyetracker.setRecordingState(False)
26.7527 	EXP 	eyetracker.setRecordingState(False)
26.7597 	EXP 	eyetracker.setRecordingState(False)
26.7662 	EXP 	eyetracker.setRecordingState(False)
26.7734 	EXP 	eyetracker.setRecordingState(False)
26.7804 	EXP 	eyetracker.setRecordingState(False)
26.7878 	EXP 	eyetracker.setRecordingState(False)
26.7945 	EXP 	eyetracker.setRecordingState(False)
26.8014 	EXP 	eyetracker.setRecordingState(False)
26.8092 	EXP 	eyetracker.setRecordingState(False)
26.8155 	EXP 	eyetracker.setRecordingState(False)
26.8228 	EXP 	eyetracker.setRecordingState(False)
26.8293 	EXP 	eyetracker.setRecordingState(False)
26.8365 	EXP 	eyetracker.setRecordingState(False)
26.8434 	EXP 	eyetracker.setRecordingState(False)
26.8507 	EXP 	eyetracker.setRecordingState(False)
26.8574 	EXP 	eyetracker.setRecordingState(False)
26.8645 	EXP 	eyetracker.setRecordingState(False)
26.8715 	EXP 	eyetracker.setRecordingState(False)
26.8778 	EXP 	eyetracker.setRecordingState(False)
26.8856 	EXP 	eyetracker.setRecordingState(False)
26.8923 	EXP 	eyetracker.setRecordingState(False)
26.8994 	EXP 	eyetracker.setRecordingState(False)
26.9061 	EXP 	eyetracker.setRecordingState(False)
26.9135 	EXP 	eyetracker.setRecordingState(False)
26.9204 	EXP 	eyetracker.setRecordingState(False)
26.9268 	EXP 	eyetracker.setRecordingState(False)
26.9339 	EXP 	eyetracker.setRecordingState(False)
26.9407 	EXP 	eyetracker.setRecordingState(False)
26.9479 	EXP 	eyetracker.setRecordingState(False)
26.9547 	EXP 	eyetracker.setRecordingState(False)
26.9620 	EXP 	eyetracker.setRecordingState(False)
26.9695 	EXP 	eyetracker.setRecordingState(False)
26.9756 	EXP 	eyetracker.setRecordingState(False)
26.9824 	EXP 	eyetracker.setRecordingState(False)
26.9887 	EXP 	eyetracker.setRecordingState(False)
26.9952 	EXP 	eyetracker.setRecordingState(False)
27.0024 	EXP 	eyetracker.setRecordingState(False)
27.0097 	EXP 	eyetracker.setRecordingState(False)
27.0161 	EXP 	eyetracker.setRecordingState(False)
27.0239 	EXP 	eyetracker.setRecordingState(False)
27.0301 	EXP 	eyetracker.setRecordingState(False)
27.0374 	EXP 	eyetracker.setRecordingState(False)
27.0439 	EXP 	eyetracker.setRecordingState(False)
27.0510 	EXP 	eyetracker.setRecordingState(False)
27.0581 	EXP 	eyetracker.setRecordingState(False)
27.0652 	EXP 	eyetracker.setRecordingState(False)
27.0731 	EXP 	eyetracker.setRecordingState(False)
27.0792 	EXP 	eyetracker.setRecordingState(False)
27.0876 	EXP 	eyetracker.setRecordingState(False)
27.0939 	EXP 	eyetracker.setRecordingState(False)
27.1009 	EXP 	eyetracker.setRecordingState(False)
27.1092 	EXP 	eyetracker.setRecordingState(False)
27.1153 	EXP 	eyetracker.setRecordingState(False)
27.1206 	EXP 	eyetracker.setRecordingState(False)
27.1277 	EXP 	eyetracker.setRecordingState(False)
27.1341 	EXP 	eyetracker.setRecordingState(False)
27.1413 	EXP 	eyetracker.setRecordingState(False)
27.1481 	EXP 	eyetracker.setRecordingState(False)
27.1548 	EXP 	eyetracker.setRecordingState(False)
27.1621 	EXP 	eyetracker.setRecordingState(False)
27.1687 	EXP 	eyetracker.setRecordingState(False)
27.1757 	EXP 	eyetracker.setRecordingState(False)
27.1830 	EXP 	eyetracker.setRecordingState(False)
27.1898 	EXP 	eyetracker.setRecordingState(False)
27.1968 	EXP 	eyetracker.setRecordingState(False)
27.2036 	EXP 	eyetracker.setRecordingState(False)
27.2108 	EXP 	eyetracker.setRecordingState(False)
27.2176 	EXP 	eyetracker.setRecordingState(False)
27.2247 	EXP 	eyetracker.setRecordingState(False)
27.2317 	EXP 	eyetracker.setRecordingState(False)
27.2386 	EXP 	eyetracker.setRecordingState(False)
27.2457 	EXP 	eyetracker.setRecordingState(False)
27.2526 	EXP 	eyetracker.setRecordingState(False)
27.2597 	EXP 	eyetracker.setRecordingState(False)
27.2666 	EXP 	eyetracker.setRecordingState(False)
27.2735 	EXP 	eyetracker.setRecordingState(False)
27.2804 	EXP 	eyetracker.setRecordingState(False)
27.2875 	EXP 	eyetracker.setRecordingState(False)
27.2946 	EXP 	eyetracker.setRecordingState(False)
27.3006 	EXP 	eyetracker.setRecordingState(False)
27.3077 	EXP 	eyetracker.setRecordingState(False)
27.3148 	EXP 	eyetracker.setRecordingState(False)
27.3216 	EXP 	eyetracker.setRecordingState(False)
27.3284 	EXP 	eyetracker.setRecordingState(False)
27.3359 	EXP 	eyetracker.setRecordingState(False)
27.3424 	EXP 	eyetracker.setRecordingState(False)
27.3497 	EXP 	eyetracker.setRecordingState(False)
27.3568 	EXP 	eyetracker.setRecordingState(False)
27.3648 	EXP 	eyetracker.setRecordingState(False)
27.3730 	EXP 	eyetracker.setRecordingState(False)
27.3827 	EXP 	eyetracker.setRecordingState(False)
27.3925 	EXP 	eyetracker.setRecordingState(False)
27.4014 	EXP 	eyetracker.setRecordingState(False)
27.4102 	EXP 	eyetracker.setRecordingState(False)
27.4184 	EXP 	eyetracker.setRecordingState(False)
27.4253 	EXP 	eyetracker.setRecordingState(False)
27.4318 	EXP 	eyetracker.setRecordingState(False)
27.4391 	EXP 	eyetracker.setRecordingState(False)
27.4465 	EXP 	eyetracker.setRecordingState(False)
27.4525 	EXP 	eyetracker.setRecordingState(False)
27.4575 	EXP 	eyetracker.setRecordingState(False)
27.4643 	EXP 	eyetracker.setRecordingState(False)
27.4706 	EXP 	eyetracker.setRecordingState(False)
27.4772 	EXP 	eyetracker.setRecordingState(False)
27.4820 	EXP 	eyetracker.setRecordingState(False)
27.4882 	EXP 	eyetracker.setRecordingState(False)
27.4951 	EXP 	eyetracker.setRecordingState(False)
27.5021 	EXP 	eyetracker.setRecordingState(False)
27.5091 	EXP 	eyetracker.setRecordingState(False)
27.5161 	EXP 	eyetracker.setRecordingState(False)
27.5233 	EXP 	eyetracker.setRecordingState(False)
27.5303 	EXP 	eyetracker.setRecordingState(False)
27.5381 	EXP 	eyetracker.setRecordingState(False)
27.5454 	EXP 	eyetracker.setRecordingState(False)
27.5547 	EXP 	eyetracker.setRecordingState(False)
27.5640 	EXP 	eyetracker.setRecordingState(False)
27.5759 	EXP 	eyetracker.setRecordingState(False)
27.5851 	EXP 	eyetracker.setRecordingState(False)
27.5949 	EXP 	eyetracker.setRecordingState(False)
27.6058 	EXP 	eyetracker.setRecordingState(False)
27.6150 	EXP 	eyetracker.setRecordingState(False)
27.6248 	EXP 	eyetracker.setRecordingState(False)
27.6344 	EXP 	eyetracker.setRecordingState(False)
27.6430 	EXP 	eyetracker.setRecordingState(False)
27.6500 	EXP 	eyetracker.setRecordingState(False)
27.6554 	EXP 	eyetracker.setRecordingState(False)
27.6598 	EXP 	eyetracker.setRecordingState(False)
27.6639 	EXP 	eyetracker.setRecordingState(False)
27.6689 	EXP 	eyetracker.setRecordingState(False)
27.6759 	EXP 	eyetracker.setRecordingState(False)
27.6827 	EXP 	eyetracker.setRecordingState(False)
27.6895 	EXP 	eyetracker.setRecordingState(False)
27.6967 	EXP 	eyetracker.setRecordingState(False)
27.7035 	EXP 	eyetracker.setRecordingState(False)
27.7106 	EXP 	eyetracker.setRecordingState(False)
27.7174 	EXP 	eyetracker.setRecordingState(False)
27.7244 	EXP 	eyetracker.setRecordingState(False)
27.7312 	EXP 	eyetracker.setRecordingState(False)
27.7389 	EXP 	eyetracker.setRecordingState(False)
27.7453 	EXP 	eyetracker.setRecordingState(False)
27.7525 	EXP 	eyetracker.setRecordingState(False)
27.7600 	EXP 	eyetracker.setRecordingState(False)
27.7670 	EXP 	eyetracker.setRecordingState(False)
27.7749 	EXP 	eyetracker.setRecordingState(False)
27.7823 	EXP 	eyetracker.setRecordingState(False)
27.7905 	EXP 	eyetracker.setRecordingState(False)
27.7973 	EXP 	eyetracker.setRecordingState(False)
27.8043 	EXP 	eyetracker.setRecordingState(False)
27.8119 	EXP 	eyetracker.setRecordingState(False)
27.8204 	EXP 	eyetracker.setRecordingState(False)
27.8284 	EXP 	eyetracker.setRecordingState(False)
27.8367 	EXP 	eyetracker.setRecordingState(False)
27.8458 	EXP 	eyetracker.setRecordingState(False)
27.8560 	EXP 	eyetracker.setRecordingState(False)
27.8654 	EXP 	eyetracker.setRecordingState(False)
27.8738 	EXP 	eyetracker.setRecordingState(False)
27.8812 	EXP 	eyetracker.setRecordingState(False)
27.8882 	EXP 	eyetracker.setRecordingState(False)
27.8954 	EXP 	eyetracker.setRecordingState(False)
27.9028 	EXP 	eyetracker.setRecordingState(False)
27.9092 	EXP 	eyetracker.setRecordingState(False)
27.9167 	EXP 	eyetracker.setRecordingState(False)
27.9236 	EXP 	eyetracker.setRecordingState(False)
27.9313 	EXP 	eyetracker.setRecordingState(False)
27.9387 	EXP 	eyetracker.setRecordingState(False)
27.9466 	EXP 	eyetracker.setRecordingState(False)
27.9555 	EXP 	eyetracker.setRecordingState(False)
27.9655 	EXP 	eyetracker.setRecordingState(False)
27.9754 	EXP 	eyetracker.setRecordingState(False)
27.9869 	EXP 	eyetracker.setRecordingState(False)
27.9970 	EXP 	eyetracker.setRecordingState(False)
28.0074 	EXP 	eyetracker.setRecordingState(False)
28.0171 	EXP 	eyetracker.setRecordingState(False)
28.0265 	EXP 	eyetracker.setRecordingState(False)
28.0362 	EXP 	eyetracker.setRecordingState(False)
28.0469 	EXP 	eyetracker.setRecordingState(False)
28.0573 	EXP 	eyetracker.setRecordingState(False)
28.0681 	EXP 	eyetracker.setRecordingState(False)
28.0779 	EXP 	eyetracker.setRecordingState(False)
28.0874 	EXP 	eyetracker.setRecordingState(False)
28.0981 	EXP 	eyetracker.setRecordingState(False)
28.1101 	EXP 	eyetracker.setRecordingState(False)
28.1209 	EXP 	eyetracker.setRecordingState(False)
28.1324 	EXP 	eyetracker.setRecordingState(False)
28.1437 	EXP 	eyetracker.setRecordingState(False)
28.1541 	EXP 	eyetracker.setRecordingState(False)
28.1653 	EXP 	eyetracker.setRecordingState(False)
28.1759 	EXP 	eyetracker.setRecordingState(False)
28.1858 	EXP 	eyetracker.setRecordingState(False)
28.1982 	EXP 	eyetracker.setRecordingState(False)
28.2110 	EXP 	eyetracker.setRecordingState(False)
28.2251 	EXP 	eyetracker.setRecordingState(False)
28.2396 	EXP 	eyetracker.setRecordingState(False)
28.2525 	EXP 	eyetracker.setRecordingState(False)
28.2647 	EXP 	eyetracker.setRecordingState(False)
28.2760 	EXP 	eyetracker.setRecordingState(False)
28.2904 	EXP 	eyetracker.setRecordingState(False)
28.3062 	EXP 	eyetracker.setRecordingState(False)
28.3205 	EXP 	eyetracker.setRecordingState(False)
28.3322 	EXP 	eyetracker.setRecordingState(False)
28.3429 	EXP 	eyetracker.setRecordingState(False)
28.3537 	EXP 	eyetracker.setRecordingState(False)
28.3639 	EXP 	eyetracker.setRecordingState(False)
28.3732 	EXP 	eyetracker.setRecordingState(False)
28.3849 	EXP 	eyetracker.setRecordingState(False)
28.3951 	EXP 	eyetracker.setRecordingState(False)
28.4039 	EXP 	eyetracker.setRecordingState(False)
28.4132 	EXP 	eyetracker.setRecordingState(False)
28.4213 	EXP 	eyetracker.setRecordingState(False)
28.4316 	EXP 	eyetracker.setRecordingState(False)
28.4395 	EXP 	eyetracker.setRecordingState(False)
28.4477 	EXP 	eyetracker.setRecordingState(False)
28.4515 	DATA 	Mouse: Left button down, pos=(606,497)
28.4568 	EXP 	eyetracker.setRecordingState(False)
28.4586 	EXP 	eyetracker.setRecordingState(False)
28.4699 	INFO 	Keyboard events cleared
28.4693 	EXP 	text_7: autoDraw = False
28.4693 	EXP 	highlandYoghurt: autoDraw = False
28.4693 	EXP 	anchoryoghurt: autoDraw = False
28.4693 	EXP 	ambewelayoghurt: autoDraw = False
28.4693 	EXP 	pelawatteyoghurt: autoDraw = False
28.4693 	EXP 	text_8: autoDraw = False
28.4693 	EXP 	text_9: autoDraw = False
28.4693 	EXP 	text_10: autoDraw = False
28.4693 	EXP 	text_11: autoDraw = False
28.4693 	EXP 	text_12: autoDraw = True
28.4693 	EXP 	fortune: autoDraw = True
28.4693 	EXP 	marina: autoDraw = True
28.4693 	EXP 	Njoy: autoDraw = True
28.4693 	EXP 	text_13: autoDraw = True
28.4693 	EXP 	text_14: autoDraw = True
28.4693 	EXP 	text_15: autoDraw = True
28.4709 	EXP 	eyetracker.setRecordingState(False)
28.4766 	EXP 	eyetracker.setRecordingState(False)
28.4821 	EXP 	eyetracker.setRecordingState(False)
28.4876 	EXP 	eyetracker.setRecordingState(False)
28.4933 	EXP 	eyetracker.setRecordingState(False)
28.4987 	EXP 	eyetracker.setRecordingState(False)
28.5051 	EXP 	eyetracker.setRecordingState(False)
28.5114 	EXP 	eyetracker.setRecordingState(False)
28.5191 	EXP 	eyetracker.setRecordingState(False)
28.5267 	EXP 	eyetracker.setRecordingState(False)
28.5342 	EXP 	eyetracker.setRecordingState(False)
28.5417 	EXP 	eyetracker.setRecordingState(False)
28.5507 	EXP 	eyetracker.setRecordingState(False)
28.5607 	EXP 	eyetracker.setRecordingState(False)
28.5698 	EXP 	eyetracker.setRecordingState(False)
28.5777 	EXP 	eyetracker.setRecordingState(False)
28.5861 	EXP 	eyetracker.setRecordingState(False)
28.5936 	EXP 	eyetracker.setRecordingState(False)
28.6031 	EXP 	eyetracker.setRecordingState(False)
28.6128 	EXP 	eyetracker.setRecordingState(False)
28.6229 	EXP 	eyetracker.setRecordingState(False)
28.6320 	EXP 	eyetracker.setRecordingState(False)
28.6394 	EXP 	eyetracker.setRecordingState(False)
28.6467 	EXP 	eyetracker.setRecordingState(False)
28.6542 	EXP 	eyetracker.setRecordingState(False)
28.6629 	DATA 	Mouse:  Left button up, pos=(606,497)
28.6644 	EXP 	eyetracker.setRecordingState(False)
28.6713 	EXP 	eyetracker.setRecordingState(False)
28.6786 	EXP 	eyetracker.setRecordingState(False)
28.6852 	EXP 	eyetracker.setRecordingState(False)
28.6942 	EXP 	eyetracker.setRecordingState(False)
28.7018 	EXP 	eyetracker.setRecordingState(False)
28.7098 	EXP 	eyetracker.setRecordingState(False)
28.7173 	EXP 	eyetracker.setRecordingState(False)
28.7246 	EXP 	eyetracker.setRecordingState(False)
28.7316 	EXP 	eyetracker.setRecordingState(False)
28.7399 	EXP 	eyetracker.setRecordingState(False)
28.7496 	EXP 	eyetracker.setRecordingState(False)
28.7594 	EXP 	eyetracker.setRecordingState(False)
28.7687 	EXP 	eyetracker.setRecordingState(False)
28.7775 	EXP 	eyetracker.setRecordingState(False)
28.7862 	EXP 	eyetracker.setRecordingState(False)
28.7964 	EXP 	eyetracker.setRecordingState(False)
28.8087 	EXP 	eyetracker.setRecordingState(False)
28.8236 	EXP 	eyetracker.setRecordingState(False)
28.8364 	EXP 	eyetracker.setRecordingState(False)
28.8471 	EXP 	eyetracker.setRecordingState(False)
28.8576 	EXP 	eyetracker.setRecordingState(False)
28.8686 	EXP 	eyetracker.setRecordingState(False)
28.8793 	EXP 	eyetracker.setRecordingState(False)
28.8903 	EXP 	eyetracker.setRecordingState(False)
28.9006 	EXP 	eyetracker.setRecordingState(False)
28.9106 	EXP 	eyetracker.setRecordingState(False)
28.9235 	EXP 	eyetracker.setRecordingState(False)
28.9396 	EXP 	eyetracker.setRecordingState(False)
28.9522 	EXP 	eyetracker.setRecordingState(False)
28.9628 	EXP 	eyetracker.setRecordingState(False)
28.9724 	EXP 	eyetracker.setRecordingState(False)
28.9818 	EXP 	eyetracker.setRecordingState(False)
28.9909 	EXP 	eyetracker.setRecordingState(False)
29.0011 	EXP 	eyetracker.setRecordingState(False)
29.0116 	EXP 	eyetracker.setRecordingState(False)
29.0209 	EXP 	eyetracker.setRecordingState(False)
29.0320 	EXP 	eyetracker.setRecordingState(False)
29.0421 	EXP 	eyetracker.setRecordingState(False)
29.0511 	EXP 	eyetracker.setRecordingState(False)
29.0599 	EXP 	eyetracker.setRecordingState(False)
29.0682 	EXP 	eyetracker.setRecordingState(False)
29.0766 	EXP 	eyetracker.setRecordingState(False)
29.0843 	EXP 	eyetracker.setRecordingState(False)
29.0922 	EXP 	eyetracker.setRecordingState(False)
29.0995 	EXP 	eyetracker.setRecordingState(False)
29.1066 	EXP 	eyetracker.setRecordingState(False)
29.1131 	EXP 	eyetracker.setRecordingState(False)
29.1195 	EXP 	eyetracker.setRecordingState(False)
29.1267 	EXP 	eyetracker.setRecordingState(False)
29.1361 	EXP 	eyetracker.setRecordingState(False)
29.1435 	EXP 	eyetracker.setRecordingState(False)
29.1520 	EXP 	eyetracker.setRecordingState(False)
29.1593 	EXP 	eyetracker.setRecordingState(False)
29.1666 	EXP 	eyetracker.setRecordingState(False)
29.1735 	EXP 	eyetracker.setRecordingState(False)
29.1811 	EXP 	eyetracker.setRecordingState(False)
29.1883 	EXP 	eyetracker.setRecordingState(False)
29.1966 	EXP 	eyetracker.setRecordingState(False)
29.2057 	EXP 	eyetracker.setRecordingState(False)
29.2164 	EXP 	eyetracker.setRecordingState(False)
29.2259 	EXP 	eyetracker.setRecordingState(False)
29.2353 	EXP 	eyetracker.setRecordingState(False)
29.2462 	EXP 	eyetracker.setRecordingState(False)
29.2558 	EXP 	eyetracker.setRecordingState(False)
29.2646 	EXP 	eyetracker.setRecordingState(False)
29.2736 	EXP 	eyetracker.setRecordingState(False)
29.2830 	EXP 	eyetracker.setRecordingState(False)
29.2923 	EXP 	eyetracker.setRecordingState(False)
29.3009 	EXP 	eyetracker.setRecordingState(False)
29.3089 	EXP 	eyetracker.setRecordingState(False)
29.3161 	EXP 	eyetracker.setRecordingState(False)
29.3234 	EXP 	eyetracker.setRecordingState(False)
29.3324 	EXP 	eyetracker.setRecordingState(False)
29.3409 	EXP 	eyetracker.setRecordingState(False)
29.3486 	EXP 	eyetracker.setRecordingState(False)
29.3560 	EXP 	eyetracker.setRecordingState(False)
29.3628 	EXP 	eyetracker.setRecordingState(False)
29.3695 	EXP 	eyetracker.setRecordingState(False)
29.3769 	EXP 	eyetracker.setRecordingState(False)
29.3855 	EXP 	eyetracker.setRecordingState(False)
29.3931 	EXP 	eyetracker.setRecordingState(False)
29.4007 	EXP 	eyetracker.setRecordingState(False)
29.4074 	EXP 	eyetracker.setRecordingState(False)
29.4145 	EXP 	eyetracker.setRecordingState(False)
29.4216 	EXP 	eyetracker.setRecordingState(False)
29.4296 	EXP 	eyetracker.setRecordingState(False)
29.4388 	EXP 	eyetracker.setRecordingState(False)
29.4488 	EXP 	eyetracker.setRecordingState(False)
29.4573 	EXP 	eyetracker.setRecordingState(False)
29.4660 	EXP 	eyetracker.setRecordingState(False)
29.4753 	EXP 	eyetracker.setRecordingState(False)
29.4834 	EXP 	eyetracker.setRecordingState(False)
29.4900 	EXP 	eyetracker.setRecordingState(False)
29.4962 	EXP 	eyetracker.setRecordingState(False)
29.5026 	EXP 	eyetracker.setRecordingState(False)
29.5111 	EXP 	eyetracker.setRecordingState(False)
29.5185 	EXP 	eyetracker.setRecordingState(False)
29.5254 	EXP 	eyetracker.setRecordingState(False)
29.5331 	EXP 	eyetracker.setRecordingState(False)
29.5415 	EXP 	eyetracker.setRecordingState(False)
29.5504 	EXP 	eyetracker.setRecordingState(False)
29.5586 	EXP 	eyetracker.setRecordingState(False)
29.5668 	EXP 	eyetracker.setRecordingState(False)
29.5762 	EXP 	eyetracker.setRecordingState(False)
29.5850 	EXP 	eyetracker.setRecordingState(False)
29.5949 	EXP 	eyetracker.setRecordingState(False)
29.6051 	EXP 	eyetracker.setRecordingState(False)
29.6159 	EXP 	eyetracker.setRecordingState(False)
29.6263 	EXP 	eyetracker.setRecordingState(False)
29.6360 	EXP 	eyetracker.setRecordingState(False)
29.6454 	EXP 	eyetracker.setRecordingState(False)
29.6548 	EXP 	eyetracker.setRecordingState(False)
29.6627 	EXP 	eyetracker.setRecordingState(False)
29.6723 	EXP 	eyetracker.setRecordingState(False)
29.6810 	EXP 	eyetracker.setRecordingState(False)
29.6894 	EXP 	eyetracker.setRecordingState(False)
29.6986 	EXP 	eyetracker.setRecordingState(False)
29.7053 	EXP 	eyetracker.setRecordingState(False)
29.7132 	EXP 	eyetracker.setRecordingState(False)
29.7190 	EXP 	eyetracker.setRecordingState(False)
29.7259 	EXP 	eyetracker.setRecordingState(False)
29.7322 	EXP 	eyetracker.setRecordingState(False)
29.7381 	EXP 	eyetracker.setRecordingState(False)
29.7439 	EXP 	eyetracker.setRecordingState(False)
29.7506 	EXP 	eyetracker.setRecordingState(False)
29.7569 	EXP 	eyetracker.setRecordingState(False)
29.7633 	EXP 	eyetracker.setRecordingState(False)
29.7695 	EXP 	eyetracker.setRecordingState(False)
29.7752 	EXP 	eyetracker.setRecordingState(False)
29.7812 	EXP 	eyetracker.setRecordingState(False)
29.7884 	EXP 	eyetracker.setRecordingState(False)
29.7948 	EXP 	eyetracker.setRecordingState(False)
29.8017 	EXP 	eyetracker.setRecordingState(False)
29.8090 	EXP 	eyetracker.setRecordingState(False)
29.8159 	EXP 	eyetracker.setRecordingState(False)
29.8231 	EXP 	eyetracker.setRecordingState(False)
29.8294 	EXP 	eyetracker.setRecordingState(False)
29.8367 	EXP 	eyetracker.setRecordingState(False)
29.8434 	EXP 	eyetracker.setRecordingState(False)
29.8507 	EXP 	eyetracker.setRecordingState(False)
29.8573 	EXP 	eyetracker.setRecordingState(False)
29.8641 	EXP 	eyetracker.setRecordingState(False)
29.8723 	EXP 	eyetracker.setRecordingState(False)
29.8788 	EXP 	eyetracker.setRecordingState(False)
29.8862 	EXP 	eyetracker.setRecordingState(False)
29.8925 	EXP 	eyetracker.setRecordingState(False)
29.8996 	EXP 	eyetracker.setRecordingState(False)
29.9062 	EXP 	eyetracker.setRecordingState(False)
29.9134 	EXP 	eyetracker.setRecordingState(False)
29.9197 	EXP 	eyetracker.setRecordingState(False)
29.9269 	EXP 	eyetracker.setRecordingState(False)
29.9341 	EXP 	eyetracker.setRecordingState(False)
29.9407 	EXP 	eyetracker.setRecordingState(False)
29.9474 	EXP 	eyetracker.setRecordingState(False)
29.9544 	EXP 	eyetracker.setRecordingState(False)
29.9614 	EXP 	eyetracker.setRecordingState(False)
29.9682 	EXP 	eyetracker.setRecordingState(False)
29.9773 	EXP 	eyetracker.setRecordingState(False)
29.9849 	EXP 	eyetracker.setRecordingState(False)
29.9934 	EXP 	eyetracker.setRecordingState(False)
30.0007 	EXP 	eyetracker.setRecordingState(False)
30.0100 	EXP 	eyetracker.setRecordingState(False)
30.0178 	EXP 	eyetracker.setRecordingState(False)
30.0248 	EXP 	eyetracker.setRecordingState(False)
30.0349 	EXP 	eyetracker.setRecordingState(False)
30.0438 	EXP 	eyetracker.setRecordingState(False)
30.0502 	EXP 	eyetracker.setRecordingState(False)
30.0566 	EXP 	eyetracker.setRecordingState(False)
30.0623 	EXP 	eyetracker.setRecordingState(False)
30.0676 	EXP 	eyetracker.setRecordingState(False)
30.0742 	EXP 	eyetracker.setRecordingState(False)
30.0795 	EXP 	eyetracker.setRecordingState(False)
30.0865 	EXP 	eyetracker.setRecordingState(False)
30.0935 	EXP 	eyetracker.setRecordingState(False)
30.1000 	EXP 	eyetracker.setRecordingState(False)
30.1078 	EXP 	eyetracker.setRecordingState(False)
30.1143 	EXP 	eyetracker.setRecordingState(False)
30.1214 	EXP 	eyetracker.setRecordingState(False)
30.1292 	EXP 	eyetracker.setRecordingState(False)
30.1360 	EXP 	eyetracker.setRecordingState(False)
30.1434 	EXP 	eyetracker.setRecordingState(False)
30.1509 	EXP 	eyetracker.setRecordingState(False)
30.1600 	EXP 	eyetracker.setRecordingState(False)
30.1669 	EXP 	eyetracker.setRecordingState(False)
30.1730 	EXP 	eyetracker.setRecordingState(False)
30.1793 	EXP 	eyetracker.setRecordingState(False)
30.1860 	EXP 	eyetracker.setRecordingState(False)
30.1919 	EXP 	eyetracker.setRecordingState(False)
30.1991 	EXP 	eyetracker.setRecordingState(False)
30.2058 	EXP 	eyetracker.setRecordingState(False)
30.2144 	EXP 	eyetracker.setRecordingState(False)
30.2211 	EXP 	eyetracker.setRecordingState(False)
30.2283 	EXP 	eyetracker.setRecordingState(False)
30.2348 	EXP 	eyetracker.setRecordingState(False)
30.2406 	EXP 	eyetracker.setRecordingState(False)
30.2458 	EXP 	eyetracker.setRecordingState(False)
30.2533 	EXP 	eyetracker.setRecordingState(False)
30.2611 	EXP 	eyetracker.setRecordingState(False)
30.2680 	EXP 	eyetracker.setRecordingState(False)
30.2750 	EXP 	eyetracker.setRecordingState(False)
30.2816 	EXP 	eyetracker.setRecordingState(False)
30.2881 	EXP 	eyetracker.setRecordingState(False)
30.2950 	EXP 	eyetracker.setRecordingState(False)
30.3022 	EXP 	eyetracker.setRecordingState(False)
30.3097 	EXP 	eyetracker.setRecordingState(False)
30.3176 	EXP 	eyetracker.setRecordingState(False)
30.3267 	EXP 	eyetracker.setRecordingState(False)
30.3346 	EXP 	eyetracker.setRecordingState(False)
30.3422 	EXP 	eyetracker.setRecordingState(False)
30.3485 	EXP 	eyetracker.setRecordingState(False)
30.3555 	EXP 	eyetracker.setRecordingState(False)
30.3629 	EXP 	eyetracker.setRecordingState(False)
30.3710 	EXP 	eyetracker.setRecordingState(False)
30.3794 	EXP 	eyetracker.setRecordingState(False)
30.3879 	EXP 	eyetracker.setRecordingState(False)
30.3957 	EXP 	eyetracker.setRecordingState(False)
30.4030 	EXP 	eyetracker.setRecordingState(False)
30.4108 	EXP 	eyetracker.setRecordingState(False)
30.4208 	EXP 	eyetracker.setRecordingState(False)
30.4285 	EXP 	eyetracker.setRecordingState(False)
30.4357 	EXP 	eyetracker.setRecordingState(False)
30.4429 	EXP 	eyetracker.setRecordingState(False)
30.4501 	EXP 	eyetracker.setRecordingState(False)
30.4588 	EXP 	eyetracker.setRecordingState(False)
30.4686 	EXP 	eyetracker.setRecordingState(False)
30.4790 	EXP 	eyetracker.setRecordingState(False)
30.4895 	EXP 	eyetracker.setRecordingState(False)
30.4988 	EXP 	eyetracker.setRecordingState(False)
30.5072 	EXP 	eyetracker.setRecordingState(False)
30.5156 	EXP 	eyetracker.setRecordingState(False)
30.5239 	EXP 	eyetracker.setRecordingState(False)
30.5338 	EXP 	eyetracker.setRecordingState(False)
30.5442 	EXP 	eyetracker.setRecordingState(False)
30.5549 	EXP 	eyetracker.setRecordingState(False)
30.5645 	EXP 	eyetracker.setRecordingState(False)
30.5749 	EXP 	eyetracker.setRecordingState(False)
30.5854 	EXP 	eyetracker.setRecordingState(False)
30.5949 	EXP 	eyetracker.setRecordingState(False)
30.6039 	EXP 	eyetracker.setRecordingState(False)
30.6127 	EXP 	eyetracker.setRecordingState(False)
30.6224 	EXP 	eyetracker.setRecordingState(False)
30.6309 	EXP 	eyetracker.setRecordingState(False)
30.6396 	EXP 	eyetracker.setRecordingState(False)
30.6491 	EXP 	eyetracker.setRecordingState(False)
30.6583 	EXP 	eyetracker.setRecordingState(False)
30.6675 	EXP 	eyetracker.setRecordingState(False)
30.6759 	EXP 	eyetracker.setRecordingState(False)
30.6843 	EXP 	eyetracker.setRecordingState(False)
30.6918 	EXP 	eyetracker.setRecordingState(False)
30.6999 	EXP 	eyetracker.setRecordingState(False)
30.7079 	EXP 	eyetracker.setRecordingState(False)
30.7166 	EXP 	eyetracker.setRecordingState(False)
30.7252 	EXP 	eyetracker.setRecordingState(False)
30.7346 	EXP 	eyetracker.setRecordingState(False)
30.7444 	EXP 	eyetracker.setRecordingState(False)
30.7542 	EXP 	eyetracker.setRecordingState(False)
30.7636 	EXP 	eyetracker.setRecordingState(False)
30.7732 	EXP 	eyetracker.setRecordingState(False)
30.7833 	EXP 	eyetracker.setRecordingState(False)
30.7926 	EXP 	eyetracker.setRecordingState(False)
30.8028 	EXP 	eyetracker.setRecordingState(False)
30.8120 	EXP 	eyetracker.setRecordingState(False)
30.8205 	EXP 	eyetracker.setRecordingState(False)
30.8282 	EXP 	eyetracker.setRecordingState(False)
30.8354 	EXP 	eyetracker.setRecordingState(False)
30.8432 	EXP 	eyetracker.setRecordingState(False)
30.8516 	EXP 	eyetracker.setRecordingState(False)
30.8596 	EXP 	eyetracker.setRecordingState(False)
30.8687 	EXP 	eyetracker.setRecordingState(False)
30.8776 	EXP 	eyetracker.setRecordingState(False)
30.8868 	EXP 	eyetracker.setRecordingState(False)
30.8945 	EXP 	eyetracker.setRecordingState(False)
30.9027 	EXP 	eyetracker.setRecordingState(False)
30.9071 	EXP 	eyetracker.setRecordingState(False)
30.9140 	EXP 	eyetracker.setRecordingState(False)
30.9198 	EXP 	eyetracker.setRecordingState(False)
30.9241 	EXP 	eyetracker.setRecordingState(False)
30.9286 	EXP 	eyetracker.setRecordingState(False)
30.9337 	EXP 	eyetracker.setRecordingState(False)
30.9401 	EXP 	eyetracker.setRecordingState(False)
30.9481 	EXP 	eyetracker.setRecordingState(False)
30.9550 	EXP 	eyetracker.setRecordingState(False)
30.9624 	EXP 	eyetracker.setRecordingState(False)
30.9706 	EXP 	eyetracker.setRecordingState(False)
30.9801 	EXP 	eyetracker.setRecordingState(False)
30.9874 	EXP 	eyetracker.setRecordingState(False)
30.9955 	EXP 	eyetracker.setRecordingState(False)
31.0028 	EXP 	eyetracker.setRecordingState(False)
31.0105 	EXP 	eyetracker.setRecordingState(False)
31.0189 	EXP 	eyetracker.setRecordingState(False)
31.0279 	EXP 	eyetracker.setRecordingState(False)
31.0359 	EXP 	eyetracker.setRecordingState(False)
31.0444 	EXP 	eyetracker.setRecordingState(False)
31.0539 	EXP 	eyetracker.setRecordingState(False)
31.0625 	EXP 	eyetracker.setRecordingState(False)
31.0724 	EXP 	eyetracker.setRecordingState(False)
31.0818 	EXP 	eyetracker.setRecordingState(False)
31.0938 	EXP 	eyetracker.setRecordingState(False)
31.1074 	EXP 	eyetracker.setRecordingState(False)
31.1204 	EXP 	eyetracker.setRecordingState(False)
31.1337 	EXP 	eyetracker.setRecordingState(False)
31.1448 	EXP 	eyetracker.setRecordingState(False)
31.1576 	EXP 	eyetracker.setRecordingState(False)
31.1707 	EXP 	eyetracker.setRecordingState(False)
31.1816 	EXP 	eyetracker.setRecordingState(False)
31.1923 	EXP 	eyetracker.setRecordingState(False)
31.2032 	EXP 	eyetracker.setRecordingState(False)
31.2126 	EXP 	eyetracker.setRecordingState(False)
31.2204 	EXP 	eyetracker.setRecordingState(False)
31.2286 	EXP 	eyetracker.setRecordingState(False)
31.2368 	EXP 	eyetracker.setRecordingState(False)
31.2440 	EXP 	eyetracker.setRecordingState(False)
31.2508 	EXP 	eyetracker.setRecordingState(False)
31.2569 	EXP 	eyetracker.setRecordingState(False)
31.2620 	EXP 	eyetracker.setRecordingState(False)
31.2701 	EXP 	eyetracker.setRecordingState(False)
31.2766 	EXP 	eyetracker.setRecordingState(False)
31.2835 	EXP 	eyetracker.setRecordingState(False)
31.2907 	EXP 	eyetracker.setRecordingState(False)
31.2993 	EXP 	eyetracker.setRecordingState(False)
31.3067 	EXP 	eyetracker.setRecordingState(False)
31.3140 	EXP 	eyetracker.setRecordingState(False)
31.3206 	EXP 	eyetracker.setRecordingState(False)
31.3272 	EXP 	eyetracker.setRecordingState(False)
31.3352 	EXP 	eyetracker.setRecordingState(False)
31.3442 	EXP 	eyetracker.setRecordingState(False)
31.3556 	EXP 	eyetracker.setRecordingState(False)
31.3679 	EXP 	eyetracker.setRecordingState(False)
31.3721 	EXP 	eyetracker.setRecordingState(False)
31.3760 	EXP 	eyetracker.setRecordingState(False)
31.3822 	EXP 	eyetracker.setRecordingState(False)
31.3912 	EXP 	eyetracker.setRecordingState(False)
31.4022 	EXP 	eyetracker.setRecordingState(False)
31.4114 	EXP 	eyetracker.setRecordingState(False)
31.4186 	EXP 	eyetracker.setRecordingState(False)
31.4254 	EXP 	eyetracker.setRecordingState(False)
31.4332 	EXP 	eyetracker.setRecordingState(False)
31.4404 	EXP 	eyetracker.setRecordingState(False)
31.4478 	EXP 	eyetracker.setRecordingState(False)
31.4530 	EXP 	eyetracker.setRecordingState(False)
31.4587 	EXP 	eyetracker.setRecordingState(False)
31.4641 	EXP 	eyetracker.setRecordingState(False)
31.4703 	EXP 	eyetracker.setRecordingState(False)
31.4765 	EXP 	eyetracker.setRecordingState(False)
31.4834 	EXP 	eyetracker.setRecordingState(False)
31.4892 	EXP 	eyetracker.setRecordingState(False)
31.4970 	EXP 	eyetracker.setRecordingState(False)
31.5048 	EXP 	eyetracker.setRecordingState(False)
31.5130 	EXP 	eyetracker.setRecordingState(False)
31.5200 	EXP 	eyetracker.setRecordingState(False)
31.5282 	EXP 	eyetracker.setRecordingState(False)
31.5349 	EXP 	eyetracker.setRecordingState(False)
31.5423 	EXP 	eyetracker.setRecordingState(False)
31.5494 	EXP 	eyetracker.setRecordingState(False)
31.5564 	EXP 	eyetracker.setRecordingState(False)
31.5632 	EXP 	eyetracker.setRecordingState(False)
31.5721 	EXP 	eyetracker.setRecordingState(False)
31.5799 	EXP 	eyetracker.setRecordingState(False)
31.5892 	EXP 	eyetracker.setRecordingState(False)
31.5955 	EXP 	eyetracker.setRecordingState(False)
31.6044 	EXP 	eyetracker.setRecordingState(False)
31.6134 	EXP 	eyetracker.setRecordingState(False)
31.6233 	EXP 	eyetracker.setRecordingState(False)
31.6334 	EXP 	eyetracker.setRecordingState(False)
31.6415 	EXP 	eyetracker.setRecordingState(False)
31.6480 	EXP 	eyetracker.setRecordingState(False)
31.6544 	EXP 	eyetracker.setRecordingState(False)
31.6589 	EXP 	eyetracker.setRecordingState(False)
31.6650 	EXP 	eyetracker.setRecordingState(False)
31.6696 	EXP 	eyetracker.setRecordingState(False)
31.6771 	EXP 	eyetracker.setRecordingState(False)
31.6848 	EXP 	eyetracker.setRecordingState(False)
31.6928 	EXP 	eyetracker.setRecordingState(False)
31.7001 	EXP 	eyetracker.setRecordingState(False)
31.7082 	EXP 	eyetracker.setRecordingState(False)
31.7175 	EXP 	eyetracker.setRecordingState(False)
31.7242 	EXP 	eyetracker.setRecordingState(False)
31.7327 	EXP 	eyetracker.setRecordingState(False)
31.7432 	EXP 	eyetracker.setRecordingState(False)
31.7543 	EXP 	eyetracker.setRecordingState(False)
31.7638 	EXP 	eyetracker.setRecordingState(False)
31.7727 	EXP 	eyetracker.setRecordingState(False)
31.7810 	EXP 	eyetracker.setRecordingState(False)
31.7878 	EXP 	eyetracker.setRecordingState(False)
31.7948 	EXP 	eyetracker.setRecordingState(False)
31.8017 	EXP 	eyetracker.setRecordingState(False)
31.8090 	EXP 	eyetracker.setRecordingState(False)
31.8157 	EXP 	eyetracker.setRecordingState(False)
31.8239 	EXP 	eyetracker.setRecordingState(False)
31.8318 	EXP 	eyetracker.setRecordingState(False)
31.8403 	EXP 	eyetracker.setRecordingState(False)
31.8476 	EXP 	eyetracker.setRecordingState(False)
31.8577 	EXP 	eyetracker.setRecordingState(False)
31.8669 	EXP 	eyetracker.setRecordingState(False)
31.8741 	EXP 	eyetracker.setRecordingState(False)
31.8804 	EXP 	eyetracker.setRecordingState(False)
31.8864 	EXP 	eyetracker.setRecordingState(False)
31.8926 	EXP 	eyetracker.setRecordingState(False)
31.9010 	EXP 	eyetracker.setRecordingState(False)
31.9088 	EXP 	eyetracker.setRecordingState(False)
31.9171 	EXP 	eyetracker.setRecordingState(False)
31.9236 	EXP 	eyetracker.setRecordingState(False)
31.9301 	EXP 	eyetracker.setRecordingState(False)
31.9368 	EXP 	eyetracker.setRecordingState(False)
31.9416 	EXP 	eyetracker.setRecordingState(False)
31.9471 	EXP 	eyetracker.setRecordingState(False)
31.9552 	EXP 	eyetracker.setRecordingState(False)
31.9625 	EXP 	eyetracker.setRecordingState(False)
31.9691 	EXP 	eyetracker.setRecordingState(False)
31.9754 	EXP 	eyetracker.setRecordingState(False)
31.9834 	EXP 	eyetracker.setRecordingState(False)
31.9905 	EXP 	eyetracker.setRecordingState(False)
31.9982 	EXP 	eyetracker.setRecordingState(False)
32.0051 	EXP 	eyetracker.setRecordingState(False)
32.0098 	EXP 	eyetracker.setRecordingState(False)
32.0178 	EXP 	eyetracker.setRecordingState(False)
32.0247 	EXP 	eyetracker.setRecordingState(False)
32.0310 	EXP 	eyetracker.setRecordingState(False)
32.0396 	EXP 	eyetracker.setRecordingState(False)
32.0466 	EXP 	eyetracker.setRecordingState(False)
32.0539 	EXP 	eyetracker.setRecordingState(False)
32.0621 	EXP 	eyetracker.setRecordingState(False)
32.0715 	EXP 	eyetracker.setRecordingState(False)
32.0799 	EXP 	eyetracker.setRecordingState(False)
32.0884 	EXP 	eyetracker.setRecordingState(False)
32.0954 	EXP 	eyetracker.setRecordingState(False)
32.1029 	EXP 	eyetracker.setRecordingState(False)
32.1105 	EXP 	eyetracker.setRecordingState(False)
32.1179 	EXP 	eyetracker.setRecordingState(False)
32.1257 	EXP 	eyetracker.setRecordingState(False)
32.1335 	EXP 	eyetracker.setRecordingState(False)
32.1415 	EXP 	eyetracker.setRecordingState(False)
32.1514 	EXP 	eyetracker.setRecordingState(False)
32.1623 	EXP 	eyetracker.setRecordingState(False)
32.1746 	EXP 	eyetracker.setRecordingState(False)
32.1843 	EXP 	eyetracker.setRecordingState(False)
32.1923 	EXP 	eyetracker.setRecordingState(False)
32.2002 	EXP 	eyetracker.setRecordingState(False)
32.2083 	EXP 	eyetracker.setRecordingState(False)
32.2169 	EXP 	eyetracker.setRecordingState(False)
32.2241 	EXP 	eyetracker.setRecordingState(False)
32.2343 	EXP 	eyetracker.setRecordingState(False)
32.2435 	EXP 	eyetracker.setRecordingState(False)
32.2512 	EXP 	eyetracker.setRecordingState(False)
32.2594 	EXP 	eyetracker.setRecordingState(False)
32.2680 	EXP 	eyetracker.setRecordingState(False)
32.2759 	EXP 	eyetracker.setRecordingState(False)
32.2836 	EXP 	eyetracker.setRecordingState(False)
32.2921 	EXP 	eyetracker.setRecordingState(False)
32.2997 	EXP 	eyetracker.setRecordingState(False)
32.3087 	EXP 	eyetracker.setRecordingState(False)
32.3169 	EXP 	eyetracker.setRecordingState(False)
32.3271 	EXP 	eyetracker.setRecordingState(False)
32.3360 	EXP 	eyetracker.setRecordingState(False)
32.3443 	EXP 	eyetracker.setRecordingState(False)
32.3539 	EXP 	eyetracker.setRecordingState(False)
32.3622 	EXP 	eyetracker.setRecordingState(False)
32.3702 	EXP 	eyetracker.setRecordingState(False)
32.3778 	EXP 	eyetracker.setRecordingState(False)
32.3870 	EXP 	eyetracker.setRecordingState(False)
32.3963 	EXP 	eyetracker.setRecordingState(False)
32.4050 	EXP 	eyetracker.setRecordingState(False)
32.4134 	EXP 	eyetracker.setRecordingState(False)
32.4219 	EXP 	eyetracker.setRecordingState(False)
32.4296 	EXP 	eyetracker.setRecordingState(False)
32.4369 	EXP 	eyetracker.setRecordingState(False)
32.4446 	EXP 	eyetracker.setRecordingState(False)
32.4530 	EXP 	eyetracker.setRecordingState(False)
32.4616 	EXP 	eyetracker.setRecordingState(False)
32.4706 	EXP 	eyetracker.setRecordingState(False)
32.4806 	EXP 	eyetracker.setRecordingState(False)
32.4892 	EXP 	eyetracker.setRecordingState(False)
32.4974 	EXP 	eyetracker.setRecordingState(False)
32.5046 	EXP 	eyetracker.setRecordingState(False)
32.5120 	EXP 	eyetracker.setRecordingState(False)
32.5187 	EXP 	eyetracker.setRecordingState(False)
32.5251 	EXP 	eyetracker.setRecordingState(False)
32.5324 	EXP 	eyetracker.setRecordingState(False)
32.5410 	EXP 	eyetracker.setRecordingState(False)
32.5489 	EXP 	eyetracker.setRecordingState(False)
32.5570 	EXP 	eyetracker.setRecordingState(False)
32.5648 	EXP 	eyetracker.setRecordingState(False)
32.5722 	EXP 	eyetracker.setRecordingState(False)
32.5801 	EXP 	eyetracker.setRecordingState(False)
32.5883 	EXP 	eyetracker.setRecordingState(False)
32.5957 	EXP 	eyetracker.setRecordingState(False)
32.6031 	EXP 	eyetracker.setRecordingState(False)
32.6106 	EXP 	eyetracker.setRecordingState(False)
32.6184 	EXP 	eyetracker.setRecordingState(False)
32.6262 	EXP 	eyetracker.setRecordingState(False)
32.6344 	EXP 	eyetracker.setRecordingState(False)
32.6435 	EXP 	eyetracker.setRecordingState(False)
32.6530 	EXP 	eyetracker.setRecordingState(False)
32.6630 	EXP 	eyetracker.setRecordingState(False)
32.6718 	EXP 	eyetracker.setRecordingState(False)
32.6804 	EXP 	eyetracker.setRecordingState(False)
32.6883 	EXP 	eyetracker.setRecordingState(False)
32.6970 	EXP 	eyetracker.setRecordingState(False)
32.7065 	EXP 	eyetracker.setRecordingState(False)
32.7158 	EXP 	eyetracker.setRecordingState(False)
32.7237 	EXP 	eyetracker.setRecordingState(False)
32.7316 	EXP 	eyetracker.setRecordingState(False)
32.7420 	EXP 	eyetracker.setRecordingState(False)
32.7502 	EXP 	eyetracker.setRecordingState(False)
32.7612 	EXP 	eyetracker.setRecordingState(False)
32.7716 	EXP 	eyetracker.setRecordingState(False)
32.7816 	EXP 	eyetracker.setRecordingState(False)
32.7929 	EXP 	eyetracker.setRecordingState(False)
32.8023 	EXP 	eyetracker.setRecordingState(False)
32.8121 	EXP 	eyetracker.setRecordingState(False)
32.8211 	EXP 	eyetracker.setRecordingState(False)
32.8287 	EXP 	eyetracker.setRecordingState(False)
32.8353 	EXP 	eyetracker.setRecordingState(False)
32.8414 	EXP 	eyetracker.setRecordingState(False)
32.8469 	EXP 	eyetracker.setRecordingState(False)
32.8524 	EXP 	eyetracker.setRecordingState(False)
32.8573 	EXP 	eyetracker.setRecordingState(False)
32.8639 	EXP 	eyetracker.setRecordingState(False)
32.8715 	EXP 	eyetracker.setRecordingState(False)
32.8793 	EXP 	eyetracker.setRecordingState(False)
32.8830 	DATA 	Mouse: Left button down, pos=(1468,537)
32.8884 	EXP 	eyetracker.setRecordingState(False)
32.8910 	EXP 	eyetracker.setRecordingState(False)
32.9070 	INFO 	Keyboard events cleared
32.9063 	EXP 	text_12: autoDraw = False
32.9063 	EXP 	fortune: autoDraw = False
32.9063 	EXP 	marina: autoDraw = False
32.9063 	EXP 	Njoy: autoDraw = False
32.9063 	EXP 	text_13: autoDraw = False
32.9063 	EXP 	text_14: autoDraw = False
32.9063 	EXP 	text_15: autoDraw = False
32.9063 	EXP 	text_instr: autoDraw = True
32.9063 	EXP 	kandos: autoDraw = True
32.9063 	EXP 	ritzbury: autoDraw = True
32.9063 	EXP 	revello: autoDraw = True
32.9063 	EXP 	cadbury: autoDraw = True
32.9063 	EXP 	text_20: autoDraw = True
32.9063 	EXP 	text_21: autoDraw = True
32.9063 	EXP 	text_22: autoDraw = True
32.9063 	EXP 	text_23: autoDraw = True
32.9084 	EXP 	eyetracker.setRecordingState(False)
32.9150 	EXP 	eyetracker.setRecordingState(False)
32.9218 	EXP 	eyetracker.setRecordingState(False)
32.9286 	EXP 	eyetracker.setRecordingState(False)
32.9355 	EXP 	eyetracker.setRecordingState(False)
32.9443 	EXP 	eyetracker.setRecordingState(False)
32.9527 	EXP 	eyetracker.setRecordingState(False)
32.9639 	EXP 	eyetracker.setRecordingState(False)
32.9741 	EXP 	eyetracker.setRecordingState(False)
32.9833 	EXP 	eyetracker.setRecordingState(False)
32.9940 	EXP 	eyetracker.setRecordingState(False)
33.0048 	EXP 	eyetracker.setRecordingState(False)
33.0158 	EXP 	eyetracker.setRecordingState(False)
33.0269 	EXP 	eyetracker.setRecordingState(False)
33.0378 	EXP 	eyetracker.setRecordingState(False)
33.0482 	EXP 	eyetracker.setRecordingState(False)
33.0617 	EXP 	eyetracker.setRecordingState(False)
33.0723 	EXP 	eyetracker.setRecordingState(False)
33.0826 	EXP 	eyetracker.setRecordingState(False)
33.0936 	EXP 	eyetracker.setRecordingState(False)
33.1039 	DATA 	Mouse:  Left button up, pos=(1468,537)
33.1067 	EXP 	eyetracker.setRecordingState(False)
33.1181 	EXP 	eyetracker.setRecordingState(False)
33.1296 	EXP 	eyetracker.setRecordingState(False)
33.1397 	EXP 	eyetracker.setRecordingState(False)
33.1493 	EXP 	eyetracker.setRecordingState(False)
33.1581 	EXP 	eyetracker.setRecordingState(False)
33.1657 	EXP 	eyetracker.setRecordingState(False)
33.1724 	EXP 	eyetracker.setRecordingState(False)
33.1790 	EXP 	eyetracker.setRecordingState(False)
33.1854 	EXP 	eyetracker.setRecordingState(False)
33.1917 	EXP 	eyetracker.setRecordingState(False)
33.1980 	EXP 	eyetracker.setRecordingState(False)
33.2048 	EXP 	eyetracker.setRecordingState(False)
33.2116 	EXP 	eyetracker.setRecordingState(False)
33.2200 	EXP 	eyetracker.setRecordingState(False)
33.2296 	EXP 	eyetracker.setRecordingState(False)
33.2377 	EXP 	eyetracker.setRecordingState(False)
33.2462 	EXP 	eyetracker.setRecordingState(False)
33.2560 	EXP 	eyetracker.setRecordingState(False)
33.2666 	EXP 	eyetracker.setRecordingState(False)
33.2767 	EXP 	eyetracker.setRecordingState(False)
33.2855 	EXP 	eyetracker.setRecordingState(False)
33.2934 	EXP 	eyetracker.setRecordingState(False)
33.3011 	EXP 	eyetracker.setRecordingState(False)
33.3090 	EXP 	eyetracker.setRecordingState(False)
33.3160 	EXP 	eyetracker.setRecordingState(False)
33.3234 	EXP 	eyetracker.setRecordingState(False)
33.3301 	EXP 	eyetracker.setRecordingState(False)
33.3369 	EXP 	eyetracker.setRecordingState(False)
33.3436 	EXP 	eyetracker.setRecordingState(False)
33.3510 	EXP 	eyetracker.setRecordingState(False)
33.3576 	EXP 	eyetracker.setRecordingState(False)
33.3651 	EXP 	eyetracker.setRecordingState(False)
33.3733 	EXP 	eyetracker.setRecordingState(False)
33.3804 	EXP 	eyetracker.setRecordingState(False)
33.3876 	EXP 	eyetracker.setRecordingState(False)
33.3943 	EXP 	eyetracker.setRecordingState(False)
33.4003 	EXP 	eyetracker.setRecordingState(False)
33.4069 	EXP 	eyetracker.setRecordingState(False)
33.4138 	EXP 	eyetracker.setRecordingState(False)
33.4209 	EXP 	eyetracker.setRecordingState(False)
33.4298 	EXP 	eyetracker.setRecordingState(False)
33.4389 	EXP 	eyetracker.setRecordingState(False)
33.4477 	EXP 	eyetracker.setRecordingState(False)
33.4565 	EXP 	eyetracker.setRecordingState(False)
33.4666 	EXP 	eyetracker.setRecordingState(False)
33.4771 	EXP 	eyetracker.setRecordingState(False)
33.4860 	EXP 	eyetracker.setRecordingState(False)
33.4943 	EXP 	eyetracker.setRecordingState(False)
33.5030 	EXP 	eyetracker.setRecordingState(False)
33.5122 	EXP 	eyetracker.setRecordingState(False)
33.5226 	EXP 	eyetracker.setRecordingState(False)
33.5338 	EXP 	eyetracker.setRecordingState(False)
33.5440 	EXP 	eyetracker.setRecordingState(False)
33.5529 	EXP 	eyetracker.setRecordingState(False)
33.5629 	EXP 	eyetracker.setRecordingState(False)
33.5741 	EXP 	eyetracker.setRecordingState(False)
33.5847 	EXP 	eyetracker.setRecordingState(False)
33.5956 	EXP 	eyetracker.setRecordingState(False)
33.6067 	EXP 	eyetracker.setRecordingState(False)
33.6167 	EXP 	eyetracker.setRecordingState(False)
33.6264 	EXP 	eyetracker.setRecordingState(False)
33.6356 	EXP 	eyetracker.setRecordingState(False)
33.6442 	EXP 	eyetracker.setRecordingState(False)
33.6529 	EXP 	eyetracker.setRecordingState(False)
33.6617 	EXP 	eyetracker.setRecordingState(False)
33.6699 	EXP 	eyetracker.setRecordingState(False)
33.6782 	EXP 	eyetracker.setRecordingState(False)
33.6891 	EXP 	eyetracker.setRecordingState(False)
33.7004 	EXP 	eyetracker.setRecordingState(False)
33.7103 	EXP 	eyetracker.setRecordingState(False)
33.7189 	EXP 	eyetracker.setRecordingState(False)
33.7292 	EXP 	eyetracker.setRecordingState(False)
33.7376 	EXP 	eyetracker.setRecordingState(False)
33.7474 	EXP 	eyetracker.setRecordingState(False)
33.7582 	EXP 	eyetracker.setRecordingState(False)
33.7688 	EXP 	eyetracker.setRecordingState(False)
33.7796 	EXP 	eyetracker.setRecordingState(False)
33.7899 	EXP 	eyetracker.setRecordingState(False)
33.8002 	EXP 	eyetracker.setRecordingState(False)
33.8112 	EXP 	eyetracker.setRecordingState(False)
33.8220 	EXP 	eyetracker.setRecordingState(False)
33.8316 	EXP 	eyetracker.setRecordingState(False)
33.8415 	EXP 	eyetracker.setRecordingState(False)
33.8518 	EXP 	eyetracker.setRecordingState(False)
33.8627 	EXP 	eyetracker.setRecordingState(False)
33.8743 	EXP 	eyetracker.setRecordingState(False)
33.8845 	EXP 	eyetracker.setRecordingState(False)
33.8944 	EXP 	eyetracker.setRecordingState(False)
33.9054 	EXP 	eyetracker.setRecordingState(False)
33.9176 	EXP 	eyetracker.setRecordingState(False)
33.9275 	EXP 	eyetracker.setRecordingState(False)
33.9366 	EXP 	eyetracker.setRecordingState(False)
33.9458 	EXP 	eyetracker.setRecordingState(False)
33.9542 	EXP 	eyetracker.setRecordingState(False)
33.9627 	EXP 	eyetracker.setRecordingState(False)
33.9704 	EXP 	eyetracker.setRecordingState(False)
33.9792 	EXP 	eyetracker.setRecordingState(False)
33.9879 	EXP 	eyetracker.setRecordingState(False)
33.9967 	EXP 	eyetracker.setRecordingState(False)
34.0061 	EXP 	eyetracker.setRecordingState(False)
34.0161 	EXP 	eyetracker.setRecordingState(False)
34.0256 	EXP 	eyetracker.setRecordingState(False)
34.0354 	EXP 	eyetracker.setRecordingState(False)
34.0459 	EXP 	eyetracker.setRecordingState(False)
34.0564 	EXP 	eyetracker.setRecordingState(False)
34.0665 	EXP 	eyetracker.setRecordingState(False)
34.0775 	EXP 	eyetracker.setRecordingState(False)
34.0882 	EXP 	eyetracker.setRecordingState(False)
34.0979 	EXP 	eyetracker.setRecordingState(False)
34.1088 	EXP 	eyetracker.setRecordingState(False)
34.1193 	EXP 	eyetracker.setRecordingState(False)
34.1295 	EXP 	eyetracker.setRecordingState(False)
34.1400 	EXP 	eyetracker.setRecordingState(False)
34.1491 	EXP 	eyetracker.setRecordingState(False)
34.1578 	EXP 	eyetracker.setRecordingState(False)
34.1667 	EXP 	eyetracker.setRecordingState(False)
34.1745 	EXP 	eyetracker.setRecordingState(False)
34.1824 	EXP 	eyetracker.setRecordingState(False)
34.1891 	EXP 	eyetracker.setRecordingState(False)
34.1960 	EXP 	eyetracker.setRecordingState(False)
34.2027 	EXP 	eyetracker.setRecordingState(False)
34.2106 	EXP 	eyetracker.setRecordingState(False)
34.2181 	EXP 	eyetracker.setRecordingState(False)
34.2268 	EXP 	eyetracker.setRecordingState(False)
34.2344 	EXP 	eyetracker.setRecordingState(False)
34.2425 	EXP 	eyetracker.setRecordingState(False)
34.2514 	EXP 	eyetracker.setRecordingState(False)
34.2594 	EXP 	eyetracker.setRecordingState(False)
34.2670 	EXP 	eyetracker.setRecordingState(False)
34.2757 	EXP 	eyetracker.setRecordingState(False)
34.2843 	EXP 	eyetracker.setRecordingState(False)
34.2933 	EXP 	eyetracker.setRecordingState(False)
34.3001 	EXP 	eyetracker.setRecordingState(False)
34.3074 	EXP 	eyetracker.setRecordingState(False)
34.3135 	EXP 	eyetracker.setRecordingState(False)
34.3188 	EXP 	eyetracker.setRecordingState(False)
34.3242 	EXP 	eyetracker.setRecordingState(False)
34.3309 	EXP 	eyetracker.setRecordingState(False)
34.3389 	EXP 	eyetracker.setRecordingState(False)
34.3472 	EXP 	eyetracker.setRecordingState(False)
34.3566 	EXP 	eyetracker.setRecordingState(False)
34.3664 	EXP 	eyetracker.setRecordingState(False)
34.3761 	EXP 	eyetracker.setRecordingState(False)
34.3863 	EXP 	eyetracker.setRecordingState(False)
34.3952 	EXP 	eyetracker.setRecordingState(False)
34.4047 	EXP 	eyetracker.setRecordingState(False)
34.4138 	EXP 	eyetracker.setRecordingState(False)
34.4230 	EXP 	eyetracker.setRecordingState(False)
34.4322 	EXP 	eyetracker.setRecordingState(False)
34.4404 	EXP 	eyetracker.setRecordingState(False)
34.4488 	EXP 	eyetracker.setRecordingState(False)
34.4570 	EXP 	eyetracker.setRecordingState(False)
34.4674 	EXP 	eyetracker.setRecordingState(False)
34.4770 	EXP 	eyetracker.setRecordingState(False)
34.4867 	EXP 	eyetracker.setRecordingState(False)
34.4975 	EXP 	eyetracker.setRecordingState(False)
34.5070 	EXP 	eyetracker.setRecordingState(False)
34.5162 	EXP 	eyetracker.setRecordingState(False)
34.5257 	EXP 	eyetracker.setRecordingState(False)
34.5354 	EXP 	eyetracker.setRecordingState(False)
34.5434 	EXP 	eyetracker.setRecordingState(False)
34.5517 	EXP 	eyetracker.setRecordingState(False)
34.5609 	EXP 	eyetracker.setRecordingState(False)
34.5684 	EXP 	eyetracker.setRecordingState(False)
34.5764 	EXP 	eyetracker.setRecordingState(False)
34.5842 	EXP 	eyetracker.setRecordingState(False)
34.5916 	EXP 	eyetracker.setRecordingState(False)
34.5982 	EXP 	eyetracker.setRecordingState(False)
34.6051 	EXP 	eyetracker.setRecordingState(False)
34.6122 	EXP 	eyetracker.setRecordingState(False)
34.6183 	EXP 	eyetracker.setRecordingState(False)
34.6250 	EXP 	eyetracker.setRecordingState(False)
34.6329 	EXP 	eyetracker.setRecordingState(False)
34.6407 	EXP 	eyetracker.setRecordingState(False)
34.6477 	EXP 	eyetracker.setRecordingState(False)
34.6562 	EXP 	eyetracker.setRecordingState(False)
34.6653 	EXP 	eyetracker.setRecordingState(False)
34.6745 	EXP 	eyetracker.setRecordingState(False)
34.6825 	EXP 	eyetracker.setRecordingState(False)
34.6909 	EXP 	eyetracker.setRecordingState(False)
34.6993 	EXP 	eyetracker.setRecordingState(False)
34.7088 	EXP 	eyetracker.setRecordingState(False)
34.7174 	EXP 	eyetracker.setRecordingState(False)
34.7256 	EXP 	eyetracker.setRecordingState(False)
34.7354 	EXP 	eyetracker.setRecordingState(False)
34.7450 	EXP 	eyetracker.setRecordingState(False)
34.7536 	EXP 	eyetracker.setRecordingState(False)
34.7623 	EXP 	eyetracker.setRecordingState(False)
34.7710 	EXP 	eyetracker.setRecordingState(False)
34.7801 	EXP 	eyetracker.setRecordingState(False)
34.7891 	EXP 	eyetracker.setRecordingState(False)
34.8005 	EXP 	eyetracker.setRecordingState(False)
34.8133 	EXP 	eyetracker.setRecordingState(False)
34.8242 	EXP 	eyetracker.setRecordingState(False)
34.8340 	EXP 	eyetracker.setRecordingState(False)
34.8423 	EXP 	eyetracker.setRecordingState(False)
34.8493 	EXP 	eyetracker.setRecordingState(False)
34.8558 	EXP 	eyetracker.setRecordingState(False)
34.8619 	EXP 	eyetracker.setRecordingState(False)
34.8689 	EXP 	eyetracker.setRecordingState(False)
34.8767 	EXP 	eyetracker.setRecordingState(False)
34.8850 	EXP 	eyetracker.setRecordingState(False)
34.8922 	EXP 	eyetracker.setRecordingState(False)
34.8992 	EXP 	eyetracker.setRecordingState(False)
34.9045 	EXP 	eyetracker.setRecordingState(False)
34.9110 	EXP 	eyetracker.setRecordingState(False)
34.9183 	EXP 	eyetracker.setRecordingState(False)
34.9256 	EXP 	eyetracker.setRecordingState(False)
34.9341 	EXP 	eyetracker.setRecordingState(False)
34.9423 	EXP 	eyetracker.setRecordingState(False)
34.9499 	EXP 	eyetracker.setRecordingState(False)
34.9572 	EXP 	eyetracker.setRecordingState(False)
34.9642 	EXP 	eyetracker.setRecordingState(False)
34.9704 	EXP 	eyetracker.setRecordingState(False)
34.9770 	EXP 	eyetracker.setRecordingState(False)
34.9841 	EXP 	eyetracker.setRecordingState(False)
34.9933 	EXP 	eyetracker.setRecordingState(False)
35.0024 	EXP 	eyetracker.setRecordingState(False)
35.0110 	EXP 	eyetracker.setRecordingState(False)
35.0209 	EXP 	eyetracker.setRecordingState(False)
35.0308 	EXP 	eyetracker.setRecordingState(False)
35.0412 	EXP 	eyetracker.setRecordingState(False)
35.0525 	EXP 	eyetracker.setRecordingState(False)
35.0647 	EXP 	eyetracker.setRecordingState(False)
35.0763 	EXP 	eyetracker.setRecordingState(False)
35.0874 	EXP 	eyetracker.setRecordingState(False)
35.0980 	EXP 	eyetracker.setRecordingState(False)
35.1098 	EXP 	eyetracker.setRecordingState(False)
35.1218 	EXP 	eyetracker.setRecordingState(False)
35.1347 	EXP 	eyetracker.setRecordingState(False)
35.1452 	EXP 	eyetracker.setRecordingState(False)
35.1556 	EXP 	eyetracker.setRecordingState(False)
35.1705 	EXP 	eyetracker.setRecordingState(False)
35.1833 	EXP 	eyetracker.setRecordingState(False)
35.1940 	EXP 	eyetracker.setRecordingState(False)
35.2033 	EXP 	eyetracker.setRecordingState(False)
35.2147 	EXP 	eyetracker.setRecordingState(False)
35.2289 	EXP 	eyetracker.setRecordingState(False)
35.2412 	EXP 	eyetracker.setRecordingState(False)
35.2501 	EXP 	eyetracker.setRecordingState(False)
35.2583 	EXP 	eyetracker.setRecordingState(False)
35.2676 	EXP 	eyetracker.setRecordingState(False)
35.2796 	EXP 	eyetracker.setRecordingState(False)
35.2916 	EXP 	eyetracker.setRecordingState(False)
35.2992 	EXP 	eyetracker.setRecordingState(False)
35.3049 	EXP 	eyetracker.setRecordingState(False)
35.3091 	EXP 	eyetracker.setRecordingState(False)
35.3128 	EXP 	eyetracker.setRecordingState(False)
35.3165 	EXP 	eyetracker.setRecordingState(False)
35.3216 	EXP 	eyetracker.setRecordingState(False)
35.3285 	EXP 	eyetracker.setRecordingState(False)
35.3357 	EXP 	eyetracker.setRecordingState(False)
35.3432 	EXP 	eyetracker.setRecordingState(False)
35.3498 	EXP 	eyetracker.setRecordingState(False)
35.3564 	EXP 	eyetracker.setRecordingState(False)
35.3634 	EXP 	eyetracker.setRecordingState(False)
35.3704 	EXP 	eyetracker.setRecordingState(False)
35.3773 	EXP 	eyetracker.setRecordingState(False)
35.3842 	EXP 	eyetracker.setRecordingState(False)
35.3911 	EXP 	eyetracker.setRecordingState(False)
35.3983 	EXP 	eyetracker.setRecordingState(False)
35.4052 	EXP 	eyetracker.setRecordingState(False)
35.4120 	EXP 	eyetracker.setRecordingState(False)
35.4192 	EXP 	eyetracker.setRecordingState(False)
35.4261 	EXP 	eyetracker.setRecordingState(False)
35.4328 	EXP 	eyetracker.setRecordingState(False)
35.4399 	EXP 	eyetracker.setRecordingState(False)
35.4471 	DATA 	Mouse: Left button down, pos=(1468,537)
35.4482 	EXP 	eyetracker.setRecordingState(False)
35.4490 	EXP 	eyetracker.setRecordingState(False)
35.4574 	INFO 	Keyboard events cleared
35.4570 	EXP 	text_instr: autoDraw = False
35.4570 	EXP 	kandos: autoDraw = False
35.4570 	EXP 	ritzbury: autoDraw = False
35.4570 	EXP 	revello: autoDraw = False
35.4570 	EXP 	cadbury: autoDraw = False
35.4570 	EXP 	text_20: autoDraw = False
35.4570 	EXP 	text_21: autoDraw = False
35.4570 	EXP 	text_22: autoDraw = False
35.4570 	EXP 	text_23: autoDraw = False
35.4570 	EXP 	text_instr_2: autoDraw = True
35.4570 	EXP 	goldi: autoDraw = True
35.4570 	EXP 	elephanthouse: autoDraw = True
35.4570 	EXP 	krest: autoDraw = True
35.4570 	EXP 	pussalla: autoDraw = True
35.4570 	EXP 	text_16: autoDraw = True
35.4570 	EXP 	text_17: autoDraw = True
35.4570 	EXP 	text_18: autoDraw = True
35.4570 	EXP 	text_19: autoDraw = True
35.4583 	EXP 	eyetracker.setRecordingState(False)
35.4625 	EXP 	eyetracker.setRecordingState(False)
35.4678 	EXP 	eyetracker.setRecordingState(False)
35.4749 	EXP 	eyetracker.setRecordingState(False)
35.4824 	EXP 	eyetracker.setRecordingState(False)
35.4892 	EXP 	eyetracker.setRecordingState(False)
35.4966 	EXP 	eyetracker.setRecordingState(False)
35.5035 	EXP 	eyetracker.setRecordingState(False)
35.5103 	EXP 	eyetracker.setRecordingState(False)
35.5168 	EXP 	eyetracker.setRecordingState(False)
35.5249 	EXP 	eyetracker.setRecordingState(False)
35.5322 	EXP 	eyetracker.setRecordingState(False)
35.5394 	EXP 	eyetracker.setRecordingState(False)
35.5461 	EXP 	eyetracker.setRecordingState(False)
35.5523 	EXP 	eyetracker.setRecordingState(False)
35.5583 	EXP 	eyetracker.setRecordingState(False)
35.5658 	EXP 	eyetracker.setRecordingState(False)
35.5729 	EXP 	eyetracker.setRecordingState(False)
35.5793 	EXP 	eyetracker.setRecordingState(False)
35.5867 	EXP 	eyetracker.setRecordingState(False)
35.5933 	EXP 	eyetracker.setRecordingState(False)
35.6008 	EXP 	eyetracker.setRecordingState(False)
35.6070 	EXP 	eyetracker.setRecordingState(False)
35.6138 	EXP 	eyetracker.setRecordingState(False)
35.6209 	EXP 	eyetracker.setRecordingState(False)
35.6277 	EXP 	eyetracker.setRecordingState(False)
35.6343 	EXP 	eyetracker.setRecordingState(False)
35.6418 	EXP 	eyetracker.setRecordingState(False)
35.6491 	EXP 	eyetracker.setRecordingState(False)
35.6557 	EXP 	eyetracker.setRecordingState(False)
35.6628 	DATA 	Mouse:  Left button up, pos=(1468,537)
35.6636 	EXP 	eyetracker.setRecordingState(False)
35.6694 	EXP 	eyetracker.setRecordingState(False)
35.6765 	EXP 	eyetracker.setRecordingState(False)
35.6837 	EXP 	eyetracker.setRecordingState(False)
35.6904 	EXP 	eyetracker.setRecordingState(False)
35.6974 	EXP 	eyetracker.setRecordingState(False)
35.7043 	EXP 	eyetracker.setRecordingState(False)
35.7114 	EXP 	eyetracker.setRecordingState(False)
35.7187 	EXP 	eyetracker.setRecordingState(False)
35.7265 	EXP 	eyetracker.setRecordingState(False)
35.7343 	EXP 	eyetracker.setRecordingState(False)
35.7421 	EXP 	eyetracker.setRecordingState(False)
35.7509 	EXP 	eyetracker.setRecordingState(False)
35.7588 	EXP 	eyetracker.setRecordingState(False)
35.7653 	EXP 	eyetracker.setRecordingState(False)
35.7721 	EXP 	eyetracker.setRecordingState(False)
35.7797 	EXP 	eyetracker.setRecordingState(False)
35.7868 	EXP 	eyetracker.setRecordingState(False)
35.7938 	EXP 	eyetracker.setRecordingState(False)
35.7998 	EXP 	eyetracker.setRecordingState(False)
35.8060 	EXP 	eyetracker.setRecordingState(False)
35.8108 	EXP 	eyetracker.setRecordingState(False)
35.8158 	EXP 	eyetracker.setRecordingState(False)
35.8225 	EXP 	eyetracker.setRecordingState(False)
35.8289 	EXP 	eyetracker.setRecordingState(False)
35.8360 	EXP 	eyetracker.setRecordingState(False)
35.8426 	EXP 	eyetracker.setRecordingState(False)
35.8498 	EXP 	eyetracker.setRecordingState(False)
35.8569 	EXP 	eyetracker.setRecordingState(False)
35.8638 	EXP 	eyetracker.setRecordingState(False)
35.8706 	EXP 	eyetracker.setRecordingState(False)
35.8777 	EXP 	eyetracker.setRecordingState(False)
35.8848 	EXP 	eyetracker.setRecordingState(False)
35.8919 	EXP 	eyetracker.setRecordingState(False)
35.8988 	EXP 	eyetracker.setRecordingState(False)
35.9059 	EXP 	eyetracker.setRecordingState(False)
35.9126 	EXP 	eyetracker.setRecordingState(False)
35.9197 	EXP 	eyetracker.setRecordingState(False)
35.9267 	EXP 	eyetracker.setRecordingState(False)
35.9337 	EXP 	eyetracker.setRecordingState(False)
35.9407 	EXP 	eyetracker.setRecordingState(False)
35.9474 	EXP 	eyetracker.setRecordingState(False)
35.9542 	EXP 	eyetracker.setRecordingState(False)
35.9613 	EXP 	eyetracker.setRecordingState(False)
35.9684 	EXP 	eyetracker.setRecordingState(False)
35.9752 	EXP 	eyetracker.setRecordingState(False)
35.9823 	EXP 	eyetracker.setRecordingState(False)
35.9894 	EXP 	eyetracker.setRecordingState(False)
35.9960 	EXP 	eyetracker.setRecordingState(False)
36.0039 	EXP 	eyetracker.setRecordingState(False)
36.0111 	EXP 	eyetracker.setRecordingState(False)
36.0176 	EXP 	eyetracker.setRecordingState(False)
36.0244 	EXP 	eyetracker.setRecordingState(False)
36.0310 	EXP 	eyetracker.setRecordingState(False)
36.0379 	EXP 	eyetracker.setRecordingState(False)
36.0448 	EXP 	eyetracker.setRecordingState(False)
36.0518 	EXP 	eyetracker.setRecordingState(False)
36.0589 	EXP 	eyetracker.setRecordingState(False)
36.0665 	EXP 	eyetracker.setRecordingState(False)
36.0736 	EXP 	eyetracker.setRecordingState(False)
36.0800 	EXP 	eyetracker.setRecordingState(False)
36.0863 	EXP 	eyetracker.setRecordingState(False)
36.0931 	EXP 	eyetracker.setRecordingState(False)
36.1007 	EXP 	eyetracker.setRecordingState(False)
36.1076 	EXP 	eyetracker.setRecordingState(False)
36.1150 	EXP 	eyetracker.setRecordingState(False)
36.1233 	EXP 	eyetracker.setRecordingState(False)
36.1301 	EXP 	eyetracker.setRecordingState(False)
36.1369 	EXP 	eyetracker.setRecordingState(False)
36.1427 	EXP 	eyetracker.setRecordingState(False)
36.1485 	EXP 	eyetracker.setRecordingState(False)
36.1557 	EXP 	eyetracker.setRecordingState(False)
36.1623 	EXP 	eyetracker.setRecordingState(False)
36.1694 	EXP 	eyetracker.setRecordingState(False)
36.1767 	EXP 	eyetracker.setRecordingState(False)
36.1837 	EXP 	eyetracker.setRecordingState(False)
36.1905 	EXP 	eyetracker.setRecordingState(False)
36.1978 	EXP 	eyetracker.setRecordingState(False)
36.2046 	EXP 	eyetracker.setRecordingState(False)
36.2113 	EXP 	eyetracker.setRecordingState(False)
36.2179 	EXP 	eyetracker.setRecordingState(False)
36.2251 	EXP 	eyetracker.setRecordingState(False)
36.2319 	EXP 	eyetracker.setRecordingState(False)
36.2388 	EXP 	eyetracker.setRecordingState(False)
36.2457 	EXP 	eyetracker.setRecordingState(False)
36.2524 	EXP 	eyetracker.setRecordingState(False)
36.2597 	EXP 	eyetracker.setRecordingState(False)
36.2666 	EXP 	eyetracker.setRecordingState(False)
36.2734 	EXP 	eyetracker.setRecordingState(False)
36.2801 	EXP 	eyetracker.setRecordingState(False)
36.2873 	EXP 	eyetracker.setRecordingState(False)
36.2944 	EXP 	eyetracker.setRecordingState(False)
36.3010 	EXP 	eyetracker.setRecordingState(False)
36.3080 	EXP 	eyetracker.setRecordingState(False)
36.3150 	EXP 	eyetracker.setRecordingState(False)
36.3221 	EXP 	eyetracker.setRecordingState(False)
36.3288 	EXP 	eyetracker.setRecordingState(False)
36.3355 	EXP 	eyetracker.setRecordingState(False)
36.3427 	EXP 	eyetracker.setRecordingState(False)
36.3495 	EXP 	eyetracker.setRecordingState(False)
36.3565 	EXP 	eyetracker.setRecordingState(False)
36.3634 	EXP 	eyetracker.setRecordingState(False)
36.3707 	EXP 	eyetracker.setRecordingState(False)
36.3775 	EXP 	eyetracker.setRecordingState(False)
36.3847 	EXP 	eyetracker.setRecordingState(False)
36.3915 	EXP 	eyetracker.setRecordingState(False)
36.3987 	EXP 	eyetracker.setRecordingState(False)
36.4057 	EXP 	eyetracker.setRecordingState(False)
36.4127 	EXP 	eyetracker.setRecordingState(False)
36.4192 	EXP 	eyetracker.setRecordingState(False)
36.4264 	EXP 	eyetracker.setRecordingState(False)
36.4337 	EXP 	eyetracker.setRecordingState(False)
36.4405 	EXP 	eyetracker.setRecordingState(False)
36.4472 	EXP 	eyetracker.setRecordingState(False)
36.4541 	EXP 	eyetracker.setRecordingState(False)
36.4614 	EXP 	eyetracker.setRecordingState(False)
36.4680 	EXP 	eyetracker.setRecordingState(False)
36.4748 	EXP 	eyetracker.setRecordingState(False)
36.4820 	EXP 	eyetracker.setRecordingState(False)
36.4887 	EXP 	eyetracker.setRecordingState(False)
36.4954 	EXP 	eyetracker.setRecordingState(False)
36.5027 	EXP 	eyetracker.setRecordingState(False)
36.5102 	EXP 	eyetracker.setRecordingState(False)
36.5165 	EXP 	eyetracker.setRecordingState(False)
36.5237 	EXP 	eyetracker.setRecordingState(False)
36.5309 	EXP 	eyetracker.setRecordingState(False)
36.5380 	EXP 	eyetracker.setRecordingState(False)
36.5451 	EXP 	eyetracker.setRecordingState(False)
36.5519 	EXP 	eyetracker.setRecordingState(False)
36.5589 	EXP 	eyetracker.setRecordingState(False)
36.5653 	EXP 	eyetracker.setRecordingState(False)
36.5731 	EXP 	eyetracker.setRecordingState(False)
36.5794 	EXP 	eyetracker.setRecordingState(False)
36.5869 	EXP 	eyetracker.setRecordingState(False)
36.5940 	EXP 	eyetracker.setRecordingState(False)
36.6007 	EXP 	eyetracker.setRecordingState(False)
36.6071 	EXP 	eyetracker.setRecordingState(False)
36.6147 	EXP 	eyetracker.setRecordingState(False)
36.6217 	EXP 	eyetracker.setRecordingState(False)
36.6287 	EXP 	eyetracker.setRecordingState(False)
36.6354 	EXP 	eyetracker.setRecordingState(False)
36.6419 	EXP 	eyetracker.setRecordingState(False)
36.6501 	EXP 	eyetracker.setRecordingState(False)
36.6581 	EXP 	eyetracker.setRecordingState(False)
36.6649 	EXP 	eyetracker.setRecordingState(False)
36.6706 	EXP 	eyetracker.setRecordingState(False)
36.6769 	EXP 	eyetracker.setRecordingState(False)
36.6837 	EXP 	eyetracker.setRecordingState(False)
36.6909 	EXP 	eyetracker.setRecordingState(False)
36.6974 	EXP 	eyetracker.setRecordingState(False)
36.7038 	EXP 	eyetracker.setRecordingState(False)
36.7109 	EXP 	eyetracker.setRecordingState(False)
36.7179 	EXP 	eyetracker.setRecordingState(False)
36.7245 	EXP 	eyetracker.setRecordingState(False)
36.7318 	EXP 	eyetracker.setRecordingState(False)
36.7395 	EXP 	eyetracker.setRecordingState(False)
36.7465 	EXP 	eyetracker.setRecordingState(False)
36.7533 	EXP 	eyetracker.setRecordingState(False)
36.7603 	EXP 	eyetracker.setRecordingState(False)
36.7665 	EXP 	eyetracker.setRecordingState(False)
36.7746 	EXP 	eyetracker.setRecordingState(False)
36.7814 	EXP 	eyetracker.setRecordingState(False)
36.7882 	EXP 	eyetracker.setRecordingState(False)
36.7950 	EXP 	eyetracker.setRecordingState(False)
36.8016 	EXP 	eyetracker.setRecordingState(False)
36.8083 	EXP 	eyetracker.setRecordingState(False)
36.8160 	EXP 	eyetracker.setRecordingState(False)
36.8266 	EXP 	eyetracker.setRecordingState(False)
36.8304 	EXP 	eyetracker.setRecordingState(False)
36.8357 	EXP 	eyetracker.setRecordingState(False)
36.8426 	EXP 	eyetracker.setRecordingState(False)
36.8496 	EXP 	eyetracker.setRecordingState(False)
36.8566 	EXP 	eyetracker.setRecordingState(False)
36.8634 	EXP 	eyetracker.setRecordingState(False)
36.8713 	EXP 	eyetracker.setRecordingState(False)
36.8774 	EXP 	eyetracker.setRecordingState(False)
36.8845 	EXP 	eyetracker.setRecordingState(False)
36.8910 	EXP 	eyetracker.setRecordingState(False)
36.8981 	EXP 	eyetracker.setRecordingState(False)
36.9056 	EXP 	eyetracker.setRecordingState(False)
36.9120 	EXP 	eyetracker.setRecordingState(False)
36.9189 	EXP 	eyetracker.setRecordingState(False)
36.9259 	EXP 	eyetracker.setRecordingState(False)
36.9327 	EXP 	eyetracker.setRecordingState(False)
36.9396 	EXP 	eyetracker.setRecordingState(False)
36.9468 	EXP 	eyetracker.setRecordingState(False)
36.9540 	EXP 	eyetracker.setRecordingState(False)
36.9608 	EXP 	eyetracker.setRecordingState(False)
36.9676 	EXP 	eyetracker.setRecordingState(False)
36.9747 	EXP 	eyetracker.setRecordingState(False)
36.9824 	EXP 	eyetracker.setRecordingState(False)
36.9894 	EXP 	eyetracker.setRecordingState(False)
36.9966 	EXP 	eyetracker.setRecordingState(False)
37.0036 	EXP 	eyetracker.setRecordingState(False)
37.0107 	EXP 	eyetracker.setRecordingState(False)
37.0181 	EXP 	eyetracker.setRecordingState(False)
37.0243 	EXP 	eyetracker.setRecordingState(False)
37.0318 	EXP 	eyetracker.setRecordingState(False)
37.0381 	EXP 	eyetracker.setRecordingState(False)
37.0450 	EXP 	eyetracker.setRecordingState(False)
37.0524 	EXP 	eyetracker.setRecordingState(False)
37.0598 	EXP 	eyetracker.setRecordingState(False)
37.0666 	EXP 	eyetracker.setRecordingState(False)
37.0748 	EXP 	eyetracker.setRecordingState(False)
37.0835 	EXP 	eyetracker.setRecordingState(False)
37.0908 	EXP 	eyetracker.setRecordingState(False)
37.0957 	EXP 	eyetracker.setRecordingState(False)
37.1001 	EXP 	eyetracker.setRecordingState(False)
37.1073 	EXP 	eyetracker.setRecordingState(False)
37.1140 	EXP 	eyetracker.setRecordingState(False)
37.1206 	EXP 	eyetracker.setRecordingState(False)
37.1272 	EXP 	eyetracker.setRecordingState(False)
37.1352 	EXP 	eyetracker.setRecordingState(False)
37.1426 	EXP 	eyetracker.setRecordingState(False)
37.1493 	EXP 	eyetracker.setRecordingState(False)
37.1564 	EXP 	eyetracker.setRecordingState(False)
37.1634 	EXP 	eyetracker.setRecordingState(False)
37.1711 	EXP 	eyetracker.setRecordingState(False)
37.1770 	EXP 	eyetracker.setRecordingState(False)
37.1843 	EXP 	eyetracker.setRecordingState(False)
37.1912 	EXP 	eyetracker.setRecordingState(False)
37.1975 	EXP 	eyetracker.setRecordingState(False)
37.2047 	EXP 	eyetracker.setRecordingState(False)
37.2119 	EXP 	eyetracker.setRecordingState(False)
37.2188 	EXP 	eyetracker.setRecordingState(False)
37.2252 	EXP 	eyetracker.setRecordingState(False)
37.2324 	EXP 	eyetracker.setRecordingState(False)
37.2392 	EXP 	eyetracker.setRecordingState(False)
37.2459 	EXP 	eyetracker.setRecordingState(False)
37.2527 	EXP 	eyetracker.setRecordingState(False)
37.2597 	EXP 	eyetracker.setRecordingState(False)
37.2669 	EXP 	eyetracker.setRecordingState(False)
37.2734 	EXP 	eyetracker.setRecordingState(False)
37.2805 	EXP 	eyetracker.setRecordingState(False)
37.2876 	EXP 	eyetracker.setRecordingState(False)
37.2944 	EXP 	eyetracker.setRecordingState(False)
37.3009 	EXP 	eyetracker.setRecordingState(False)
37.3079 	EXP 	eyetracker.setRecordingState(False)
37.3151 	EXP 	eyetracker.setRecordingState(False)
37.3219 	EXP 	eyetracker.setRecordingState(False)
37.3296 	EXP 	eyetracker.setRecordingState(False)
37.3360 	EXP 	eyetracker.setRecordingState(False)
37.3425 	EXP 	eyetracker.setRecordingState(False)
37.3496 	EXP 	eyetracker.setRecordingState(False)
37.3566 	EXP 	eyetracker.setRecordingState(False)
37.3639 	EXP 	eyetracker.setRecordingState(False)
37.3708 	EXP 	eyetracker.setRecordingState(False)
37.3777 	EXP 	eyetracker.setRecordingState(False)
37.3845 	EXP 	eyetracker.setRecordingState(False)
37.3917 	EXP 	eyetracker.setRecordingState(False)
37.3991 	EXP 	eyetracker.setRecordingState(False)
37.4058 	EXP 	eyetracker.setRecordingState(False)
37.4131 	EXP 	eyetracker.setRecordingState(False)
37.4202 	EXP 	eyetracker.setRecordingState(False)
37.4271 	EXP 	eyetracker.setRecordingState(False)
37.4336 	EXP 	eyetracker.setRecordingState(False)
37.4407 	EXP 	eyetracker.setRecordingState(False)
37.4473 	EXP 	eyetracker.setRecordingState(False)
37.4545 	EXP 	eyetracker.setRecordingState(False)
37.4612 	EXP 	eyetracker.setRecordingState(False)
37.4680 	EXP 	eyetracker.setRecordingState(False)
37.4747 	EXP 	eyetracker.setRecordingState(False)
37.4816 	EXP 	eyetracker.setRecordingState(False)
37.4887 	EXP 	eyetracker.setRecordingState(False)
37.4958 	EXP 	eyetracker.setRecordingState(False)
37.5032 	EXP 	eyetracker.setRecordingState(False)
37.5102 	EXP 	eyetracker.setRecordingState(False)
37.5179 	EXP 	eyetracker.setRecordingState(False)
37.5247 	EXP 	eyetracker.setRecordingState(False)
37.5310 	EXP 	eyetracker.setRecordingState(False)
37.5381 	EXP 	eyetracker.setRecordingState(False)
37.5453 	EXP 	eyetracker.setRecordingState(False)
37.5522 	EXP 	eyetracker.setRecordingState(False)
37.5587 	EXP 	eyetracker.setRecordingState(False)
37.5655 	EXP 	eyetracker.setRecordingState(False)
37.5725 	EXP 	eyetracker.setRecordingState(False)
37.5796 	EXP 	eyetracker.setRecordingState(False)
37.5867 	EXP 	eyetracker.setRecordingState(False)
37.5947 	EXP 	eyetracker.setRecordingState(False)
37.6012 	EXP 	eyetracker.setRecordingState(False)
37.6074 	EXP 	eyetracker.setRecordingState(False)
37.6145 	EXP 	eyetracker.setRecordingState(False)
37.6211 	EXP 	eyetracker.setRecordingState(False)
37.6287 	EXP 	eyetracker.setRecordingState(False)
37.6356 	EXP 	eyetracker.setRecordingState(False)
37.6424 	EXP 	eyetracker.setRecordingState(False)
37.6491 	EXP 	eyetracker.setRecordingState(False)
37.6566 	EXP 	eyetracker.setRecordingState(False)
37.6631 	EXP 	eyetracker.setRecordingState(False)
37.6716 	EXP 	eyetracker.setRecordingState(False)
37.6807 	EXP 	eyetracker.setRecordingState(False)
37.6891 	EXP 	eyetracker.setRecordingState(False)
37.6985 	EXP 	eyetracker.setRecordingState(False)
37.7056 	EXP 	eyetracker.setRecordingState(False)
37.7106 	EXP 	eyetracker.setRecordingState(False)
37.7151 	EXP 	eyetracker.setRecordingState(False)
37.7193 	EXP 	eyetracker.setRecordingState(False)
37.7252 	EXP 	eyetracker.setRecordingState(False)
37.7320 	EXP 	eyetracker.setRecordingState(False)
37.7388 	EXP 	eyetracker.setRecordingState(False)
37.7455 	EXP 	eyetracker.setRecordingState(False)
37.7526 	EXP 	eyetracker.setRecordingState(False)
37.7593 	EXP 	eyetracker.setRecordingState(False)
37.7665 	EXP 	eyetracker.setRecordingState(False)
37.7737 	EXP 	eyetracker.setRecordingState(False)
37.7807 	EXP 	eyetracker.setRecordingState(False)
37.7873 	EXP 	eyetracker.setRecordingState(False)
37.7944 	EXP 	eyetracker.setRecordingState(False)
37.8014 	EXP 	eyetracker.setRecordingState(False)
37.8080 	EXP 	eyetracker.setRecordingState(False)
37.8154 	EXP 	eyetracker.setRecordingState(False)
37.8226 	EXP 	eyetracker.setRecordingState(False)
37.8298 	EXP 	eyetracker.setRecordingState(False)
37.8371 	EXP 	eyetracker.setRecordingState(False)
37.8451 	EXP 	eyetracker.setRecordingState(False)
37.8550 	EXP 	eyetracker.setRecordingState(False)
37.8632 	EXP 	eyetracker.setRecordingState(False)
37.8745 	EXP 	eyetracker.setRecordingState(False)
37.8823 	EXP 	eyetracker.setRecordingState(False)
37.8894 	EXP 	eyetracker.setRecordingState(False)
37.8963 	EXP 	eyetracker.setRecordingState(False)
37.9038 	EXP 	eyetracker.setRecordingState(False)
37.9104 	EXP 	eyetracker.setRecordingState(False)
37.9171 	EXP 	eyetracker.setRecordingState(False)
37.9233 	EXP 	eyetracker.setRecordingState(False)
37.9310 	EXP 	eyetracker.setRecordingState(False)
37.9373 	EXP 	eyetracker.setRecordingState(False)
37.9433 	EXP 	eyetracker.setRecordingState(False)
37.9483 	EXP 	eyetracker.setRecordingState(False)
37.9526 	EXP 	eyetracker.setRecordingState(False)
37.9568 	EXP 	eyetracker.setRecordingState(False)
37.9617 	EXP 	eyetracker.setRecordingState(False)
37.9682 	EXP 	eyetracker.setRecordingState(False)
37.9749 	EXP 	eyetracker.setRecordingState(False)
37.9814 	EXP 	eyetracker.setRecordingState(False)
37.9883 	EXP 	eyetracker.setRecordingState(False)
37.9978 	EXP 	eyetracker.setRecordingState(False)
38.0065 	EXP 	eyetracker.setRecordingState(False)
38.0156 	EXP 	eyetracker.setRecordingState(False)
38.0216 	EXP 	eyetracker.setRecordingState(False)
38.0283 	EXP 	eyetracker.setRecordingState(False)
38.0348 	EXP 	eyetracker.setRecordingState(False)
38.0431 	EXP 	eyetracker.setRecordingState(False)
38.0506 	EXP 	eyetracker.setRecordingState(False)
38.0590 	EXP 	eyetracker.setRecordingState(False)
38.0755 	EXP 	eyetracker.setRecordingState(False)
38.0826 	EXP 	eyetracker.setRecordingState(False)
38.0888 	EXP 	eyetracker.setRecordingState(False)
38.0933 	EXP 	eyetracker.setRecordingState(False)
38.0975 	EXP 	eyetracker.setRecordingState(False)
38.1018 	EXP 	eyetracker.setRecordingState(False)
38.1067 	EXP 	eyetracker.setRecordingState(False)
38.1138 	EXP 	eyetracker.setRecordingState(False)
38.1207 	EXP 	eyetracker.setRecordingState(False)
38.1277 	EXP 	eyetracker.setRecordingState(False)
38.1350 	EXP 	eyetracker.setRecordingState(False)
38.1416 	EXP 	eyetracker.setRecordingState(False)
38.1484 	EXP 	eyetracker.setRecordingState(False)
38.1553 	EXP 	eyetracker.setRecordingState(False)
38.1624 	EXP 	eyetracker.setRecordingState(False)
38.1692 	EXP 	eyetracker.setRecordingState(False)
38.1763 	EXP 	eyetracker.setRecordingState(False)
38.1845 	EXP 	eyetracker.setRecordingState(False)
38.1899 	EXP 	eyetracker.setRecordingState(False)
38.1971 	EXP 	eyetracker.setRecordingState(False)
38.2039 	EXP 	eyetracker.setRecordingState(False)
38.2114 	EXP 	eyetracker.setRecordingState(False)
38.2177 	EXP 	eyetracker.setRecordingState(False)
38.2252 	EXP 	eyetracker.setRecordingState(False)
38.2318 	EXP 	eyetracker.setRecordingState(False)
38.2387 	EXP 	eyetracker.setRecordingState(False)
38.2457 	EXP 	eyetracker.setRecordingState(False)
38.2523 	EXP 	eyetracker.setRecordingState(False)
38.2597 	EXP 	eyetracker.setRecordingState(False)
38.2662 	EXP 	eyetracker.setRecordingState(False)
38.2732 	EXP 	eyetracker.setRecordingState(False)
38.2801 	EXP 	eyetracker.setRecordingState(False)
38.2871 	EXP 	eyetracker.setRecordingState(False)
38.2938 	EXP 	eyetracker.setRecordingState(False)
38.3010 	EXP 	eyetracker.setRecordingState(False)
38.3078 	EXP 	eyetracker.setRecordingState(False)
38.3149 	EXP 	eyetracker.setRecordingState(False)
38.3219 	EXP 	eyetracker.setRecordingState(False)
38.3292 	EXP 	eyetracker.setRecordingState(False)
38.3360 	EXP 	eyetracker.setRecordingState(False)
38.3430 	EXP 	eyetracker.setRecordingState(False)
38.3500 	EXP 	eyetracker.setRecordingState(False)
38.3569 	EXP 	eyetracker.setRecordingState(False)
38.3638 	EXP 	eyetracker.setRecordingState(False)
38.3710 	EXP 	eyetracker.setRecordingState(False)
38.3781 	EXP 	eyetracker.setRecordingState(False)
38.3850 	EXP 	eyetracker.setRecordingState(False)
38.3924 	EXP 	eyetracker.setRecordingState(False)
38.3994 	EXP 	eyetracker.setRecordingState(False)
38.4064 	EXP 	eyetracker.setRecordingState(False)
38.4136 	EXP 	eyetracker.setRecordingState(False)
38.4202 	EXP 	eyetracker.setRecordingState(False)
38.4277 	EXP 	eyetracker.setRecordingState(False)
38.4342 	EXP 	eyetracker.setRecordingState(False)
38.4410 	EXP 	eyetracker.setRecordingState(False)
38.4478 	EXP 	eyetracker.setRecordingState(False)
38.4547 	EXP 	eyetracker.setRecordingState(False)
38.4619 	EXP 	eyetracker.setRecordingState(False)
38.4696 	EXP 	eyetracker.setRecordingState(False)
38.4774 	EXP 	eyetracker.setRecordingState(False)
38.4850 	EXP 	eyetracker.setRecordingState(False)
38.4929 	EXP 	eyetracker.setRecordingState(False)
38.5002 	EXP 	eyetracker.setRecordingState(False)
38.5093 	EXP 	eyetracker.setRecordingState(False)
38.5144 	EXP 	eyetracker.setRecordingState(False)
38.5188 	EXP 	eyetracker.setRecordingState(False)
38.5232 	EXP 	eyetracker.setRecordingState(False)
38.5303 	EXP 	eyetracker.setRecordingState(False)
38.5372 	EXP 	eyetracker.setRecordingState(False)
38.5441 	EXP 	eyetracker.setRecordingState(False)
38.5512 	EXP 	eyetracker.setRecordingState(False)
38.5585 	EXP 	eyetracker.setRecordingState(False)
38.5653 	EXP 	eyetracker.setRecordingState(False)
38.5725 	EXP 	eyetracker.setRecordingState(False)
38.5794 	EXP 	eyetracker.setRecordingState(False)
38.5863 	EXP 	eyetracker.setRecordingState(False)
38.5933 	EXP 	eyetracker.setRecordingState(False)
38.6011 	EXP 	eyetracker.setRecordingState(False)
38.6083 	EXP 	eyetracker.setRecordingState(False)
38.6144 	EXP 	eyetracker.setRecordingState(False)
38.6213 	EXP 	eyetracker.setRecordingState(False)
38.6284 	EXP 	eyetracker.setRecordingState(False)
38.6356 	EXP 	eyetracker.setRecordingState(False)
38.6428 	EXP 	eyetracker.setRecordingState(False)
38.6492 	EXP 	eyetracker.setRecordingState(False)
38.6562 	EXP 	eyetracker.setRecordingState(False)
38.6631 	EXP 	eyetracker.setRecordingState(False)
38.6701 	EXP 	eyetracker.setRecordingState(False)
38.6780 	EXP 	eyetracker.setRecordingState(False)
38.6866 	EXP 	eyetracker.setRecordingState(False)
38.6917 	EXP 	eyetracker.setRecordingState(False)
38.6971 	EXP 	eyetracker.setRecordingState(False)
38.7036 	EXP 	eyetracker.setRecordingState(False)
38.7106 	EXP 	eyetracker.setRecordingState(False)
38.7176 	EXP 	eyetracker.setRecordingState(False)
38.7246 	EXP 	eyetracker.setRecordingState(False)
38.7314 	EXP 	eyetracker.setRecordingState(False)
38.7385 	EXP 	eyetracker.setRecordingState(False)
38.7454 	EXP 	eyetracker.setRecordingState(False)
38.7524 	EXP 	eyetracker.setRecordingState(False)
38.7595 	EXP 	eyetracker.setRecordingState(False)
38.7664 	EXP 	eyetracker.setRecordingState(False)
38.7735 	EXP 	eyetracker.setRecordingState(False)
38.7814 	EXP 	eyetracker.setRecordingState(False)
38.7878 	EXP 	eyetracker.setRecordingState(False)
38.7943 	EXP 	eyetracker.setRecordingState(False)
38.8027 	EXP 	eyetracker.setRecordingState(False)
38.8100 	EXP 	eyetracker.setRecordingState(False)
38.8193 	EXP 	eyetracker.setRecordingState(False)
38.8304 	EXP 	eyetracker.setRecordingState(False)
38.8378 	EXP 	eyetracker.setRecordingState(False)
38.8455 	EXP 	eyetracker.setRecordingState(False)
38.8541 	EXP 	eyetracker.setRecordingState(False)
38.8607 	EXP 	eyetracker.setRecordingState(False)
38.8679 	EXP 	eyetracker.setRecordingState(False)
38.8773 	EXP 	eyetracker.setRecordingState(False)
38.8867 	EXP 	eyetracker.setRecordingState(False)
38.8949 	EXP 	eyetracker.setRecordingState(False)
38.9042 	EXP 	eyetracker.setRecordingState(False)
38.9104 	EXP 	eyetracker.setRecordingState(False)
38.9145 	EXP 	eyetracker.setRecordingState(False)
38.9217 	EXP 	eyetracker.setRecordingState(False)
38.9322 	EXP 	eyetracker.setRecordingState(False)
38.9428 	EXP 	eyetracker.setRecordingState(False)
38.9566 	EXP 	eyetracker.setRecordingState(False)
38.9678 	EXP 	eyetracker.setRecordingState(False)
38.9776 	EXP 	eyetracker.setRecordingState(False)
38.9881 	EXP 	eyetracker.setRecordingState(False)
38.9965 	EXP 	eyetracker.setRecordingState(False)
39.0062 	EXP 	eyetracker.setRecordingState(False)
39.0138 	EXP 	eyetracker.setRecordingState(False)
39.0234 	EXP 	eyetracker.setRecordingState(False)
39.0307 	EXP 	eyetracker.setRecordingState(False)
39.0395 	EXP 	eyetracker.setRecordingState(False)
39.0475 	EXP 	eyetracker.setRecordingState(False)
39.0574 	EXP 	eyetracker.setRecordingState(False)
39.0665 	EXP 	eyetracker.setRecordingState(False)
39.0776 	EXP 	eyetracker.setRecordingState(False)
39.0889 	EXP 	eyetracker.setRecordingState(False)
39.0995 	EXP 	eyetracker.setRecordingState(False)
39.1126 	EXP 	eyetracker.setRecordingState(False)
39.1238 	EXP 	eyetracker.setRecordingState(False)
39.1339 	EXP 	eyetracker.setRecordingState(False)
39.1406 	EXP 	eyetracker.setRecordingState(False)
39.1502 	EXP 	eyetracker.setRecordingState(False)
39.1595 	EXP 	eyetracker.setRecordingState(False)
39.1688 	EXP 	eyetracker.setRecordingState(False)
39.1785 	EXP 	eyetracker.setRecordingState(False)
39.1880 	EXP 	eyetracker.setRecordingState(False)
39.1971 	EXP 	eyetracker.setRecordingState(False)
39.2062 	EXP 	eyetracker.setRecordingState(False)
39.2132 	EXP 	eyetracker.setRecordingState(False)
39.2205 	EXP 	eyetracker.setRecordingState(False)
39.2283 	EXP 	eyetracker.setRecordingState(False)
39.2364 	EXP 	eyetracker.setRecordingState(False)
39.2470 	EXP 	eyetracker.setRecordingState(False)
39.2570 	EXP 	eyetracker.setRecordingState(False)
39.2681 	EXP 	eyetracker.setRecordingState(False)
39.2768 	EXP 	eyetracker.setRecordingState(False)
39.2840 	EXP 	eyetracker.setRecordingState(False)
39.2941 	EXP 	eyetracker.setRecordingState(False)
39.3019 	EXP 	eyetracker.setRecordingState(False)
39.3122 	EXP 	eyetracker.setRecordingState(False)
39.3218 	EXP 	eyetracker.setRecordingState(False)
39.3300 	EXP 	eyetracker.setRecordingState(False)
39.3388 	EXP 	eyetracker.setRecordingState(False)
39.3450 	EXP 	eyetracker.setRecordingState(False)
39.3526 	EXP 	eyetracker.setRecordingState(False)
39.3606 	EXP 	eyetracker.setRecordingState(False)
39.3708 	EXP 	eyetracker.setRecordingState(False)
39.3797 	EXP 	eyetracker.setRecordingState(False)
39.3875 	EXP 	eyetracker.setRecordingState(False)
39.3944 	EXP 	eyetracker.setRecordingState(False)
39.4022 	EXP 	eyetracker.setRecordingState(False)
39.4106 	EXP 	eyetracker.setRecordingState(False)
39.4177 	EXP 	eyetracker.setRecordingState(False)
39.4230 	EXP 	eyetracker.setRecordingState(False)
39.4283 	EXP 	eyetracker.setRecordingState(False)
39.4335 	EXP 	eyetracker.setRecordingState(False)
39.4403 	EXP 	eyetracker.setRecordingState(False)
39.4473 	EXP 	eyetracker.setRecordingState(False)
39.4543 	EXP 	eyetracker.setRecordingState(False)
39.4612 	EXP 	eyetracker.setRecordingState(False)
39.4689 	EXP 	eyetracker.setRecordingState(False)
39.4785 	EXP 	eyetracker.setRecordingState(False)
39.4867 	EXP 	eyetracker.setRecordingState(False)
39.4958 	EXP 	eyetracker.setRecordingState(False)
39.5055 	EXP 	eyetracker.setRecordingState(False)
39.5134 	EXP 	eyetracker.setRecordingState(False)
39.5221 	EXP 	eyetracker.setRecordingState(False)
39.5317 	EXP 	eyetracker.setRecordingState(False)
39.5435 	EXP 	eyetracker.setRecordingState(False)
39.5569 	EXP 	eyetracker.setRecordingState(False)
39.5671 	EXP 	eyetracker.setRecordingState(False)
39.5812 	EXP 	eyetracker.setRecordingState(False)
39.5939 	EXP 	eyetracker.setRecordingState(False)
39.6086 	EXP 	eyetracker.setRecordingState(False)
39.6206 	EXP 	eyetracker.setRecordingState(False)
39.6339 	EXP 	eyetracker.setRecordingState(False)
39.6437 	EXP 	eyetracker.setRecordingState(False)
39.6550 	EXP 	eyetracker.setRecordingState(False)
39.6667 	EXP 	eyetracker.setRecordingState(False)
39.6764 	EXP 	eyetracker.setRecordingState(False)
39.6862 	EXP 	eyetracker.setRecordingState(False)
39.6964 	EXP 	eyetracker.setRecordingState(False)
39.7045 	EXP 	eyetracker.setRecordingState(False)
39.7159 	EXP 	eyetracker.setRecordingState(False)
39.7250 	EXP 	eyetracker.setRecordingState(False)
39.7340 	EXP 	eyetracker.setRecordingState(False)
39.7454 	EXP 	eyetracker.setRecordingState(False)
39.7536 	EXP 	eyetracker.setRecordingState(False)
39.7612 	EXP 	eyetracker.setRecordingState(False)
39.7686 	EXP 	eyetracker.setRecordingState(False)
39.7757 	EXP 	eyetracker.setRecordingState(False)
39.7824 	EXP 	eyetracker.setRecordingState(False)
39.7882 	EXP 	eyetracker.setRecordingState(False)
39.7947 	EXP 	eyetracker.setRecordingState(False)
39.8005 	EXP 	eyetracker.setRecordingState(False)
39.8072 	EXP 	eyetracker.setRecordingState(False)
39.8138 	EXP 	eyetracker.setRecordingState(False)
39.8213 	EXP 	eyetracker.setRecordingState(False)
39.8288 	EXP 	eyetracker.setRecordingState(False)
39.8357 	EXP 	eyetracker.setRecordingState(False)
39.8415 	EXP 	eyetracker.setRecordingState(False)
39.8483 	EXP 	eyetracker.setRecordingState(False)
39.8541 	EXP 	eyetracker.setRecordingState(False)
39.8610 	EXP 	eyetracker.setRecordingState(False)
39.8675 	EXP 	eyetracker.setRecordingState(False)
39.8756 	EXP 	eyetracker.setRecordingState(False)
39.8831 	EXP 	eyetracker.setRecordingState(False)
39.8886 	EXP 	eyetracker.setRecordingState(False)
39.8941 	EXP 	eyetracker.setRecordingState(False)
39.9009 	EXP 	eyetracker.setRecordingState(False)
39.9078 	EXP 	eyetracker.setRecordingState(False)
39.9139 	EXP 	eyetracker.setRecordingState(False)
39.9200 	EXP 	eyetracker.setRecordingState(False)
39.9272 	EXP 	eyetracker.setRecordingState(False)
39.9340 	EXP 	eyetracker.setRecordingState(False)
39.9407 	EXP 	eyetracker.setRecordingState(False)
39.9478 	EXP 	eyetracker.setRecordingState(False)
39.9542 	EXP 	eyetracker.setRecordingState(False)
39.9617 	EXP 	eyetracker.setRecordingState(False)
39.9679 	EXP 	eyetracker.setRecordingState(False)
39.9757 	EXP 	eyetracker.setRecordingState(False)
39.9824 	EXP 	eyetracker.setRecordingState(False)
39.9895 	EXP 	eyetracker.setRecordingState(False)
39.9968 	EXP 	eyetracker.setRecordingState(False)
40.0041 	EXP 	eyetracker.setRecordingState(False)
40.0105 	EXP 	eyetracker.setRecordingState(False)
40.0178 	EXP 	eyetracker.setRecordingState(False)
40.0243 	EXP 	eyetracker.setRecordingState(False)
40.0305 	EXP 	eyetracker.setRecordingState(False)
40.0376 	EXP 	eyetracker.setRecordingState(False)
40.0450 	EXP 	eyetracker.setRecordingState(False)
40.0518 	EXP 	eyetracker.setRecordingState(False)
40.0591 	EXP 	eyetracker.setRecordingState(False)
40.0656 	EXP 	eyetracker.setRecordingState(False)
40.0727 	EXP 	eyetracker.setRecordingState(False)
40.0793 	EXP 	eyetracker.setRecordingState(False)
40.0870 	EXP 	eyetracker.setRecordingState(False)
40.0935 	EXP 	eyetracker.setRecordingState(False)
40.1010 	EXP 	eyetracker.setRecordingState(False)
40.1077 	EXP 	eyetracker.setRecordingState(False)
40.1144 	EXP 	eyetracker.setRecordingState(False)
40.1215 	EXP 	eyetracker.setRecordingState(False)
40.1282 	EXP 	eyetracker.setRecordingState(False)
40.1352 	EXP 	eyetracker.setRecordingState(False)
40.1426 	EXP 	eyetracker.setRecordingState(False)
40.1506 	EXP 	eyetracker.setRecordingState(False)
40.1582 	EXP 	eyetracker.setRecordingState(False)
40.1667 	EXP 	eyetracker.setRecordingState(False)
40.1743 	EXP 	eyetracker.setRecordingState(False)
40.1834 	EXP 	eyetracker.setRecordingState(False)
40.1914 	EXP 	eyetracker.setRecordingState(False)
40.1989 	EXP 	eyetracker.setRecordingState(False)
40.2058 	EXP 	eyetracker.setRecordingState(False)
40.2130 	EXP 	eyetracker.setRecordingState(False)
40.2202 	EXP 	eyetracker.setRecordingState(False)
40.2254 	EXP 	eyetracker.setRecordingState(False)
40.2300 	EXP 	eyetracker.setRecordingState(False)
40.2375 	EXP 	eyetracker.setRecordingState(False)
40.2445 	EXP 	eyetracker.setRecordingState(False)
40.2507 	DATA 	Mouse: Left button down, pos=(857,517)
40.2525 	EXP 	eyetracker.setRecordingState(False)
40.2555 	EXP 	text_instr_2: autoDraw = False
40.2555 	EXP 	goldi: autoDraw = False
40.2555 	EXP 	elephanthouse: autoDraw = False
40.2555 	EXP 	krest: autoDraw = False
40.2555 	EXP 	pussalla: autoDraw = False
40.2555 	EXP 	text_16: autoDraw = False
40.2555 	EXP 	text_17: autoDraw = False
40.2555 	EXP 	text_18: autoDraw = False
40.2555 	EXP 	text_19: autoDraw = False
40.2556 	EXP 	Cheese: status = STOPPED
40.3749 	INFO 	saved data to 'C:\\Users\\M S I\\OneDrive\\Documents\\GitHub\\Research-Project\\data\\740635_Cheese_2026-03-09_18h50.17.997.csv'
40.3783 	INFO 	saved data to C:\Users\M S I\OneDrive\Documents\GitHub\Research-Project\data\740635_Cheese_2026-03-09_18h50.17.997.psydat
