26.5068 	INFO 	Loaded monitor calibration from ['2025_12_23 12:18']
26.5793 	WARNING 	User requested fullscreen with size [1024  768], but screen is actually [1920, 1080]. Using actual size
31.2182 	INFO 	Using renderer 'Intel(R) UHD Graphics' for graphics
31.2183 	INFO 	OpenGL version supported by driver is 4..
31.3283 	EXP 	Created window1 = Window(allowGUI=True, allowStencil=False, autoLog=True, backendConf=UNKNOWN, backgroundFit=<method-wrapper '__getattribute__' of attributeSetter object at 0x00000200731AB130>, backgroundImage=<method-wrapper '__getattribute__' of attributeSetter object at 0x00000200731A98A0>, bitsMode=UNKNOWN, blendMode='avg', bpc=(8, 8, 8), color=array([-1., -1., -1.]), colorSpace='rgb', depthBits=8, fullscr=True, gamma=None, gammaErrorPolicy='raise', infoMsg=UNKNOWN, lms=UNKNOWN, monitor=<psychopy.monitors.calibTools.Monitor object at 0x000002007BE44B80>, multiSample=False, name='window1', numSamples=2, pos=[np.float64(0.0), np.float64(0.0)], screen=0, size=array([1920, 1080]), stencilBits=0, stereo=False, title='PsychoPy', units='height', useFBO=True, useRetina=False, viewOri=0.0, viewPos=None, viewScale=None, waitBlanking=True, winType='pyglet')
31.3285 	EXP 	window1: backgroundImage = ''
31.3285 	EXP 	window1: backgroundFit = 'none'
32.1550 	EXP 	window1: Attempting to measure frame rate of screen (0) ...
32.1551 	EXP 	window1: recordFrameIntervals = False
32.2367 	EXP 	window1: recordFrameIntervals = True
32.4180 	EXP 	Screen (0) actual frame rate measured at 137.86Hz
32.4181 	EXP 	window1: recordFrameIntervals = False
51.4369 	INFO 	keyboard.Keyboard is using iohub backend.
51.4370 	EXP 	Cheese: status = STARTED
53.4842 	EXP 	Created text = TextStim(__class__=<class 'psychopy.visual.text.TextStim'>, alignHoriz=method-wrapper(...), alignText='center', alignVert=method-wrapper(...), anchorHoriz='center', anchorVert='center', antialias=True, autoDraw=False, autoLog=True, bold=False, color=array([1., 1., 1.]), colorSpace='rgb', contrast=1.0, depth=0.0, draggable=False, flipHoriz=False, flipVert=False, font='Arial', fontFiles=[], height=0.05, italic=False, languageStyle='LTR', name='text', opacity=1, ori=0.0, pos=array([0. , 0.3]), rgb=UNKNOWN, text='', units='height', win=Window(...), wrapWidth=1)
53.5777 	EXP 	Created ambewela = ImageStim(__class__=<class 'psychopy.visual.image.ImageStim'>, anchor=('center', 'center'), autoLog=True, color=array([1., 1., 1.]), colorSpace='rgb', contrast=1.0, depth=-1.0, draggable=False, flipHoriz=np.False_, flipVert=np.False_, image='default.png', interpolate=True, mask=None, maskParams=None, name='ambewela', opacity=1.0, ori=0.0, pos=array([-0.6,  0. ]), size=array([0.2, 0.2]), texRes=128.0, units='height', win=Window(...))
53.5896 	EXP 	Created kothmale = ImageStim(__class__=<class 'psychopy.visual.image.ImageStim'>, anchor=('center', 'center'), autoLog=True, color=array([1., 1., 1.]), colorSpace='rgb', contrast=1.0, depth=-2.0, draggable=False, flipHoriz=np.False_, flipVert=np.False_, image='default.png', interpolate=True, mask=None, maskParams=None, name='kothmale', opacity=1.0, ori=0.0, pos=array([-0.3,  0. ]), size=array([0.2, 0.2]), texRes=128.0, units='height', win=Window(...))
53.5982 	EXP 	Created happycow = ImageStim(__class__=<class 'psychopy.visual.image.ImageStim'>, anchor=('center', 'center'), autoLog=True, color=array([1., 1., 1.]), colorSpace='rgb', contrast=1.0, depth=-3.0, draggable=False, flipHoriz=np.False_, flipVert=np.False_, image='default.png', interpolate=True, mask=None, maskParams=None, name='happycow', opacity=1.0, ori=0.0, pos=array([0., 0.]), size=array([0.2, 0.2]), texRes=128.0, units='height', win=Window(...))
53.6059 	EXP 	Created kraft = ImageStim(__class__=<class 'psychopy.visual.image.ImageStim'>, anchor=('center', 'center'), autoLog=True, color=array([1., 1., 1.]), colorSpace='rgb', contrast=1.0, depth=-4.0, draggable=False, flipHoriz=np.False_, flipVert=np.False_, image='default.png', interpolate=True, mask=None, maskParams=None, name='kraft', opacity=1.0, ori=0.0, pos=array([0.3, 0. ]), size=array([0.2, 0.2]), texRes=128.0, units='height', win=Window(...))
53.6129 	EXP 	Created richlife = ImageStim(__class__=<class 'psychopy.visual.image.ImageStim'>, anchor=('center', 'center'), autoLog=True, color=array([1., 1., 1.]), colorSpace='rgb', contrast=1.0, depth=-5.0, draggable=False, flipHoriz=np.False_, flipVert=np.False_, image='default.png', interpolate=True, mask=None, maskParams=None, name='richlife', opacity=1.0, ori=0.0, pos=array([0.6, 0. ]), size=array([0.2, 0.2]), texRes=128.0, units='height', win=Window(...))
54.4776 	EXP 	Created text_2 = TextStim(__class__=<class 'psychopy.visual.text.TextStim'>, alignHoriz=method-wrapper(...), alignText='center', alignVert=method-wrapper(...), anchorHoriz='center', anchorVert='center', antialias=True, autoDraw=False, autoLog=True, bold=False, color=array([1., 1., 1.]), colorSpace='rgb', contrast=1.0, depth=-6.0, draggable=False, flipHoriz=False, flipVert=False, font='Arial', fontFiles=[], height=np.float64(0.02), italic=False, languageStyle='LTR', name='text_2', opacity=1, ori=0.0, pos=array([-0.6, -0.3]), rgb=UNKNOWN, text=str(...), units='height', win=Window(...), wrapWidth=1)
54.5327 	EXP 	Created text_3 = TextStim(__class__=<class 'psychopy.visual.text.TextStim'>, alignHoriz=method-wrapper(...), alignText='center', alignVert=method-wrapper(...), anchorHoriz='center', anchorVert='center', antialias=True, autoDraw=False, autoLog=True, bold=False, color=array([1., 1., 1.]), colorSpace='rgb', contrast=1.0, depth=-7.0, draggable=False, flipHoriz=False, flipVert=False, font='Arial', fontFiles=[], height=np.float64(0.02), italic=False, languageStyle='LTR', name='text_3', opacity=1, ori=0.0, pos=array([-0.3, -0.3]), rgb=UNKNOWN, text='Kothmale Cheddar\n250 g \nRs 1300', units='height', win=Window(...), wrapWidth=1)
54.5749 	EXP 	Created text_4 = TextStim(__class__=<class 'psychopy.visual.text.TextStim'>, alignHoriz=method-wrapper(...), alignText='center', alignVert=method-wrapper(...), anchorHoriz='center', anchorVert='center', antialias=True, autoDraw=False, autoLog=True, bold=False, color=array([1., 1., 1.]), colorSpace='rgb', contrast=1.0, depth=-8.0, draggable=False, flipHoriz=False, flipVert=False, font='Arial', fontFiles=[], height=np.float64(0.02), italic=False, languageStyle='LTR', name='text_4', opacity=1, ori=0.0, pos=array([ 0. , -0.3]), rgb=UNKNOWN, text='HappyCow Cheese\n340 g\nRs 1200', units='height', win=Window(...), wrapWidth=1)
54.5921 	EXP 	Created text_5 = TextStim(__class__=<class 'psychopy.visual.text.TextStim'>, alignHoriz=method-wrapper(...), alignText='center', alignVert=method-wrapper(...), anchorHoriz='center', anchorVert='center', antialias=True, autoDraw=False, autoLog=True, bold=False, color=array([1., 1., 1.]), colorSpace='rgb', contrast=1.0, depth=-9.0, draggable=False, flipHoriz=False, flipVert=False, font='Arial', fontFiles=[], height=np.float64(0.02), italic=False, languageStyle='LTR', name='text_5', opacity=1, ori=0.0, pos=array([ 0.3, -0.3]), rgb=UNKNOWN, text='Kraft Cheddar Cheese\n250 g\nRs 2590', units='height', win=Window(...), wrapWidth=1)
54.6059 	EXP 	Created text_6 = TextStim(__class__=<class 'psychopy.visual.text.TextStim'>, alignHoriz=method-wrapper(...), alignText='center', alignVert=method-wrapper(...), anchorHoriz='center', anchorVert='center', antialias=True, autoDraw=False, autoLog=True, bold=False, color=array([1., 1., 1.]), colorSpace='rgb', contrast=1.0, depth=-10.0, draggable=False, flipHoriz=False, flipVert=False, font='Arial', fontFiles=[], height=np.float64(0.02), italic=False, languageStyle='LTR', name='text_6', opacity=1, ori=0.0, pos=array([ 0.6, -0.3]), rgb=UNKNOWN, text='Rich Life Cheddar Cheese\n100 g\nRs 625', units='height', win=Window(...), wrapWidth=1)
54.6433 	EXP 	Created text_7 = TextStim(__class__=<class 'psychopy.visual.text.TextStim'>, alignHoriz=method-wrapper(...), alignText='center', alignVert=method-wrapper(...), anchorHoriz='center', anchorVert='center', antialias=True, autoDraw=False, autoLog=True, bold=False, color=array([1., 1., 1.]), colorSpace='rgb', contrast=1.0, depth=0.0, draggable=False, flipHoriz=False, flipVert=False, font='Arial', fontFiles=[], height=np.float64(0.05), italic=False, languageStyle='LTR', name='text_7', opacity=1, ori=0.0, pos=array([0. , 0.3]), rgb=UNKNOWN, text='Which one are you going to buy ?', units='height', win=Window(...), wrapWidth=1)
54.6946 	EXP 	Created highlandYoghurt = ImageStim(__class__=<class 'psychopy.visual.image.ImageStim'>, anchor=('center', 'center'), autoLog=True, color=array([1., 1., 1.]), colorSpace='rgb', contrast=1.0, depth=-1.0, draggable=False, flipHoriz=np.False_, flipVert=np.False_, image='Highland yp.jpg', interpolate=True, mask=None, maskParams=None, name='highlandYoghurt', opacity=1, ori=0.0, pos=array([-0.4,  0. ]), size=array([0.2, 0.2]), texRes=128.0, units='height', win=Window(...))
54.7192 	EXP 	Created anchoryoghurt = ImageStim(__class__=<class 'psychopy.visual.image.ImageStim'>, anchor=('center', 'center'), autoLog=True, color=array([1., 1., 1.]), colorSpace='rgb', contrast=1.0, depth=-2.0, draggable=False, flipHoriz=np.False_, flipVert=np.False_, image='anchor youghurt.jpg', interpolate=True, mask=None, maskParams=None, name='anchoryoghurt', opacity=1, ori=0.0, pos=array([-0.1,  0. ]), size=array([0.2, 0.2]), texRes=128.0, units='height', win=Window(...))
54.7578 	EXP 	Created ambewelayoghurt = ImageStim(__class__=<class 'psychopy.visual.image.ImageStim'>, anchor=('center', 'center'), autoLog=True, color=array([1., 1., 1.]), colorSpace='rgb', contrast=1.0, depth=-3.0, draggable=False, flipHoriz=np.False_, flipVert=np.False_, image='ambewela yoghurt.jpg', interpolate=True, mask=None, maskParams=None, name='ambewelayoghurt', opacity=1, ori=0.0, pos=array([0.2, 0. ]), size=array([0.2, 0.2]), texRes=128.0, units='height', win=Window(...))
54.8304 	EXP 	Created pelawatteyoghurt = ImageStim(__class__=<class 'psychopy.visual.image.ImageStim'>, anchor=('center', 'center'), autoLog=True, color=array([1., 1., 1.]), colorSpace='rgb', contrast=1.0, depth=-4.0, draggable=False, flipHoriz=np.False_, flipVert=np.False_, image='pelawatteypughurt.jpeg', interpolate=True, mask=None, maskParams=None, name='pelawatteyoghurt', opacity=1, ori=0.0, pos=array([0.5, 0. ]), size=array([0.2, 0.2]), texRes=128.0, units='height', win=Window(...))
54.8722 	EXP 	Created text_8 = TextStim(__class__=<class 'psychopy.visual.text.TextStim'>, alignHoriz=method-wrapper(...), alignText='center', alignVert=method-wrapper(...), anchorHoriz='center', anchorVert='center', antialias=True, autoDraw=False, autoLog=True, bold=False, color=array([1., 1., 1.]), colorSpace='rgb', contrast=1.0, depth=-5.0, draggable=False, flipHoriz=False, flipVert=False, font='Arial', fontFiles=[], height=np.float64(0.02), italic=False, languageStyle='LTR', name='text_8', opacity=1, ori=0.0, pos=array([-0.4, -0.3]), rgb=UNKNOWN, text=str(...), units='height', win=Window(...), wrapWidth=1)
54.8947 	EXP 	Created text_9 = TextStim(__class__=<class 'psychopy.visual.text.TextStim'>, alignHoriz=method-wrapper(...), alignText='center', alignVert=method-wrapper(...), anchorHoriz='center', anchorVert='center', antialias=True, autoDraw=False, autoLog=True, bold=False, color=array([1., 1., 1.]), colorSpace='rgb', contrast=1.0, depth=-6.0, draggable=False, flipHoriz=False, flipVert=False, font='Arial', fontFiles=[], height=np.float64(0.02), italic=False, languageStyle='LTR', name='text_9', opacity=1, ori=0.0, pos=array([-0.1, -0.3]), rgb=UNKNOWN, text='Anchor Yoghurt\n     80 g\n   Rs 70', units='height', win=Window(...), wrapWidth=1)
54.9186 	EXP 	Created text_10 = TextStim(__class__=<class 'psychopy.visual.text.TextStim'>, alignHoriz=method-wrapper(...), alignText='center', alignVert=method-wrapper(...), anchorHoriz='center', anchorVert='center', antialias=True, autoDraw=False, autoLog=True, bold=False, color=array([1., 1., 1.]), colorSpace='rgb', contrast=1.0, depth=-7.0, draggable=False, flipHoriz=False, flipVert=False, font='Arial', fontFiles=[], height=np.float64(0.02), italic=False, languageStyle='LTR', name='text_10', opacity=1, ori=0.0, pos=array([ 0.2, -0.3]), rgb=UNKNOWN, text='Ambewela Yoghurt\n      80 g\n     Rs 70', units='height', win=Window(...), wrapWidth=1)
54.9429 	EXP 	Created text_11 = TextStim(__class__=<class 'psychopy.visual.text.TextStim'>, alignHoriz=method-wrapper(...), alignText='center', alignVert=method-wrapper(...), anchorHoriz='center', anchorVert='center', antialias=True, autoDraw=False, autoLog=True, bold=False, color=array([1., 1., 1.]), colorSpace='rgb', contrast=1.0, depth=-8.0, draggable=False, flipHoriz=False, flipVert=False, font='Arial', fontFiles=[], height=np.float64(0.02), italic=False, languageStyle='LTR', name='text_11', opacity=1, ori=0.0, pos=array([ 0.5, -0.3]), rgb=UNKNOWN, text='Pelawatte Yoghurt\n       80 g\n      Rs  50', units='height', win=Window(...), wrapWidth=1)
54.9629 	EXP 	Created text_12 = TextStim(__class__=<class 'psychopy.visual.text.TextStim'>, alignHoriz=method-wrapper(...), alignText='center', alignVert=method-wrapper(...), anchorHoriz='center', anchorVert='center', antialias=True, autoDraw=False, autoLog=True, bold=False, color=array([1., 1., 1.]), colorSpace='rgb', contrast=1.0, depth=0.0, draggable=False, flipHoriz=False, flipVert=False, font='Arial', fontFiles=[], height=np.float64(0.05), italic=False, languageStyle='LTR', name='text_12', opacity=1, ori=0.0, pos=array([0. , 0.3]), rgb=UNKNOWN, text='Which one are you going to buy?', units='height', win=Window(...), wrapWidth=1)
55.2045 	EXP 	Created fortune = ImageStim(__class__=<class 'psychopy.visual.image.ImageStim'>, anchor=('center', 'center'), autoLog=True, color=array([1., 1., 1.]), colorSpace='rgb', contrast=1.0, depth=-1.0, draggable=False, flipHoriz=np.False_, flipVert=np.False_, image='fortune.jpg', interpolate=True, mask=None, maskParams=None, name='fortune', opacity=1, ori=0.0, pos=array([-0.5,  0. ]), size=array([0.2, 0.2]), texRes=128.0, units='height', win=Window(...))
55.2918 	EXP 	Created marina = ImageStim(__class__=<class 'psychopy.visual.image.ImageStim'>, anchor=('center', 'center'), autoLog=True, color=array([1., 1., 1.]), colorSpace='rgb', contrast=1.0, depth=-2.0, draggable=False, flipHoriz=np.False_, flipVert=np.False_, image='marina.jpeg', interpolate=True, mask=None, maskParams=None, name='marina', opacity=1, ori=0.0, pos=array([0., 0.]), size=array([0.2, 0.2]), texRes=128.0, units='height', win=Window(...))
55.5119 	EXP 	Created Njoy = ImageStim(__class__=<class 'psychopy.visual.image.ImageStim'>, anchor=('center', 'center'), autoLog=True, color=array([1., 1., 1.]), colorSpace='rgb', contrast=1.0, depth=-3.0, draggable=False, flipHoriz=np.False_, flipVert=np.False_, image='Njoy.jpg', interpolate=True, mask=None, maskParams=None, name='Njoy', opacity=1, ori=0.0, pos=array([0.5, 0. ]), size=array([0.2, 0.2]), texRes=128.0, units='height', win=Window(...))
55.5347 	EXP 	Created text_13 = TextStim(__class__=<class 'psychopy.visual.text.TextStim'>, alignHoriz=method-wrapper(...), alignText='center', alignVert=method-wrapper(...), anchorHoriz='center', anchorVert='center', antialias=True, autoDraw=False, autoLog=True, bold=False, color=array([1., 1., 1.]), colorSpace='rgb', contrast=1.0, depth=-4.0, draggable=False, flipHoriz=False, flipVert=False, font='Arial', fontFiles=[], height=np.float64(0.02), italic=False, languageStyle='LTR', name='text_13', opacity=1, ori=0.0, pos=array([-0.5, -0.3]), rgb=UNKNOWN, text=str(...), units='height', win=Window(...), wrapWidth=1)
55.5716 	EXP 	Created text_14 = TextStim(__class__=<class 'psychopy.visual.text.TextStim'>, alignHoriz=method-wrapper(...), alignText='center', alignVert=method-wrapper(...), anchorHoriz='center', anchorVert='center', antialias=True, autoDraw=False, autoLog=True, bold=False, color=array([1., 1., 1.]), colorSpace='rgb', contrast=1.0, depth=-5.0, draggable=False, flipHoriz=False, flipVert=False, font='Arial', fontFiles=[], height=np.float64(0.02), italic=False, languageStyle='LTR', name='text_14', opacity=1, ori=0.0, pos=array([ 0. , -0.3]), rgb=UNKNOWN, text=str(...), units='height', win=Window(...), wrapWidth=1)
55.5919 	EXP 	Created text_15 = TextStim(__class__=<class 'psychopy.visual.text.TextStim'>, alignHoriz=method-wrapper(...), alignText='center', alignVert=method-wrapper(...), anchorHoriz='center', anchorVert='center', antialias=True, autoDraw=False, autoLog=True, bold=False, color=array([1., 1., 1.]), colorSpace='rgb', contrast=1.0, depth=-6.0, draggable=False, flipHoriz=False, flipVert=False, font='Arial', fontFiles=[], height=np.float64(0.02), italic=False, languageStyle='LTR', name='text_15', opacity=1, ori=0.0, pos=array([ 0.5, -0.3]), rgb=UNKNOWN, text=str(...), units='height', win=Window(...), wrapWidth=1)
55.6489 	EXP 	Created text_instr = TextStim(__class__=<class 'psychopy.visual.text.TextStim'>, alignHoriz=method-wrapper(...), alignText='center', alignVert=method-wrapper(...), anchorHoriz='center', anchorVert='center', antialias=True, autoDraw=False, autoLog=True, bold=False, color=array([1., 1., 1.]), colorSpace='rgb', contrast=1.0, depth=0.0, draggable=False, flipHoriz=False, flipVert=False, font='Arial', fontFiles=[], height=np.float64(0.04), italic=False, languageStyle='LTR', name='text_instr', opacity=1, ori=0.0, pos=array([0. , 0.3]), rgb=UNKNOWN, text='Which one are you going to buy?', units='height', win=Window(...), wrapWidth=1)
55.7257 	EXP 	Created kandos = ImageStim(__class__=<class 'psychopy.visual.image.ImageStim'>, anchor=('center', 'center'), autoLog=True, color=array([1., 1., 1.]), colorSpace='rgb', contrast=1.0, depth=-1.0, draggable=False, flipHoriz=np.False_, flipVert=np.False_, image='Kandos.jpeg', interpolate=True, mask=None, maskParams=None, name='kandos', opacity=1, ori=0.0, pos=array([-0.4,  0. ]), size=array([0.2, 0.2]), texRes=128.0, units='height', win=Window(...))
55.8063 	EXP 	Created ritzbury = ImageStim(__class__=<class 'psychopy.visual.image.ImageStim'>, anchor=('center', 'center'), autoLog=True, color=array([1., 1., 1.]), colorSpace='rgb', contrast=1.0, depth=-2.0, draggable=False, flipHoriz=np.False_, flipVert=np.False_, image='ritzbury.jpg', interpolate=True, mask=None, maskParams=None, name='ritzbury', opacity=1.0, ori=0.0, pos=array([-0.1,  0. ]), size=array([0.2, 0.2]), texRes=128.0, units='height', win=Window(...))
55.8776 	EXP 	Created revello = ImageStim(__class__=<class 'psychopy.visual.image.ImageStim'>, anchor=('center', 'center'), autoLog=True, color=array([1., 1., 1.]), colorSpace='rgb', contrast=1.0, depth=-3.0, draggable=False, flipHoriz=np.False_, flipVert=np.False_, image='revello.jpg', interpolate=True, mask=None, maskParams=None, name='revello', opacity=1, ori=0.0, pos=array([0.2, 0. ]), size=array([0.2, 0.2]), texRes=128.0, units='height', win=Window(...))
55.9677 	EXP 	Created cadbury = ImageStim(__class__=<class 'psychopy.visual.image.ImageStim'>, anchor=('center', 'center'), autoLog=True, color=array([1., 1., 1.]), colorSpace='rgb', contrast=1.0, depth=-4.0, draggable=False, flipHoriz=np.False_, flipVert=np.False_, image='cadbury.jpg', interpolate=True, mask=None, maskParams=None, name='cadbury', opacity=1, ori=0.0, pos=array([0.5, 0. ]), size=array([0.2, 0.2]), texRes=128.0, units='height', win=Window(...))
56.0122 	EXP 	Created text_20 = TextStim(__class__=<class 'psychopy.visual.text.TextStim'>, alignHoriz=method-wrapper(...), alignText='center', alignVert=method-wrapper(...), anchorHoriz='center', anchorVert='center', antialias=True, autoDraw=False, autoLog=True, bold=False, color=array([1., 1., 1.]), colorSpace='rgb', contrast=1.0, depth=-8.0, draggable=False, flipHoriz=False, flipVert=False, font='Arial', fontFiles=[], height=np.float64(0.02), italic=False, languageStyle='LTR', name='text_20', opacity=1, ori=0.0, pos=array([-0.4, -0.3]), rgb=UNKNOWN, text='Kandos Chocolate\n        90 g\n    Rs  600', units='height', win=Window(...), wrapWidth=1)
56.0336 	EXP 	Created text_21 = TextStim(__class__=<class 'psychopy.visual.text.TextStim'>, alignHoriz=method-wrapper(...), alignText='center', alignVert=method-wrapper(...), anchorHoriz='center', anchorVert='center', antialias=True, autoDraw=False, autoLog=True, bold=False, color=array([1., 1., 1.]), colorSpace='rgb', contrast=1.0, depth=-9.0, draggable=False, flipHoriz=False, flipVert=False, font='Arial', fontFiles=[], height=np.float64(0.02), italic=False, languageStyle='LTR', name='text_21', opacity=1, ori=0.0, pos=array([-0.1, -0.3]), rgb=UNKNOWN, text=str(...), units='height', win=Window(...), wrapWidth=1)
56.0465 	EXP 	Created text_22 = TextStim(__class__=<class 'psychopy.visual.text.TextStim'>, alignHoriz=method-wrapper(...), alignText='center', alignVert=method-wrapper(...), anchorHoriz='center', anchorVert='center', antialias=True, autoDraw=False, autoLog=True, bold=False, color=array([1., 1., 1.]), colorSpace='rgb', contrast=1.0, depth=-10.0, draggable=False, flipHoriz=False, flipVert=False, font='Arial', fontFiles=[], height=np.float64(0.02), italic=False, languageStyle='LTR', name='text_22', opacity=1, ori=0.0, pos=array([ 0.2, -0.3]), rgb=UNKNOWN, text=str(...), units='height', win=Window(...), wrapWidth=1)
56.0589 	EXP 	Created text_23 = TextStim(__class__=<class 'psychopy.visual.text.TextStim'>, alignHoriz=method-wrapper(...), alignText='center', alignVert=method-wrapper(...), anchorHoriz='center', anchorVert='center', antialias=True, autoDraw=False, autoLog=True, bold=False, color=array([1., 1., 1.]), colorSpace='rgb', contrast=1.0, depth=-11.0, draggable=False, flipHoriz=False, flipVert=False, font='Arial', fontFiles=[], height=np.float64(0.02), italic=False, languageStyle='LTR', name='text_23', opacity=1, ori=0.0, pos=array([ 0.5, -0.3]), rgb=UNKNOWN, text=str(...), units='height', win=Window(...), wrapWidth=1)
56.0687 	EXP 	Created text_instr_2 = TextStim(__class__=<class 'psychopy.visual.text.TextStim'>, alignHoriz=method-wrapper(...), alignText='center', alignVert=method-wrapper(...), anchorHoriz='center', anchorVert='center', antialias=True, autoDraw=False, autoLog=True, bold=False, color=array([1., 1., 1.]), colorSpace='rgb', contrast=1.0, depth=0.0, draggable=False, flipHoriz=False, flipVert=False, font='Arial', fontFiles=[], height=np.float64(0.04), italic=False, languageStyle='LTR', name='text_instr_2', opacity=1, ori=0.0, pos=array([0. , 0.3]), rgb=UNKNOWN, text='Which one are going to buy', units='height', win=Window(...), wrapWidth=1)
56.0957 	EXP 	Created goldi = ImageStim(__class__=<class 'psychopy.visual.image.ImageStim'>, anchor=('center', 'center'), autoLog=True, color=array([1., 1., 1.]), colorSpace='rgb', contrast=1.0, depth=-1.0, draggable=False, flipHoriz=np.False_, flipVert=np.False_, image='goldi.jpg', interpolate=True, mask=None, maskParams=None, name='goldi', opacity=1, ori=0.0, pos=array([-0.4,  0. ]), size=array([0.2, 0.2]), texRes=128.0, units='height', win=Window(...))
56.2567 	EXP 	Created elephanthouse = ImageStim(__class__=<class 'psychopy.visual.image.ImageStim'>, anchor=('center', 'center'), autoLog=True, color=array([1., 1., 1.]), colorSpace='rgb', contrast=1.0, depth=-2.0, draggable=False, flipHoriz=np.False_, flipVert=np.False_, image='elephanthousre.jpg', interpolate=True, mask=None, maskParams=None, name='elephanthouse', opacity=1, ori=0.0, pos=array([-0.1,  0. ]), size=array([0.2, 0.2]), texRes=128.0, units='height', win=Window(...))
56.3376 	EXP 	Created krest = ImageStim(__class__=<class 'psychopy.visual.image.ImageStim'>, anchor=('center', 'center'), autoLog=True, color=array([1., 1., 1.]), colorSpace='rgb', contrast=1.0, depth=-3.0, draggable=False, flipHoriz=np.False_, flipVert=np.False_, image='krest.jpg', interpolate=True, mask=None, maskParams=None, name='krest', opacity=1, ori=0.0, pos=array([0.2, 0. ]), size=array([0.2, 0.2]), texRes=128.0, units='height', win=Window(...))
56.4111 	EXP 	Created pussalla = ImageStim(__class__=<class 'psychopy.visual.image.ImageStim'>, anchor=('center', 'center'), autoLog=True, color=array([1., 1., 1.]), colorSpace='rgb', contrast=1.0, depth=-4.0, draggable=False, flipHoriz=np.False_, flipVert=np.False_, image='pussalla.jpeg', interpolate=True, mask=None, maskParams=None, name='pussalla', opacity=1, ori=0.0, pos=array([0.5, 0. ]), size=array([0.2, 0.2]), texRes=128.0, units='height', win=Window(...))
56.4365 	EXP 	Created text_16 = TextStim(__class__=<class 'psychopy.visual.text.TextStim'>, alignHoriz=method-wrapper(...), alignText='center', alignVert=method-wrapper(...), anchorHoriz='center', anchorVert='center', antialias=True, autoDraw=False, autoLog=True, bold=False, color=array([1., 1., 1.]), colorSpace='rgb', contrast=1.0, depth=-6.0, draggable=False, flipHoriz=False, flipVert=False, font='Arial', fontFiles=[], height=np.float64(0.02), italic=False, languageStyle='LTR', name='text_16', opacity=1, ori=0.0, pos=array([-0.4, -0.3]), rgb=UNKNOWN, text=str(...), units='height', win=Window(...), wrapWidth=1)
56.4669 	EXP 	Created text_17 = TextStim(__class__=<class 'psychopy.visual.text.TextStim'>, alignHoriz=method-wrapper(...), alignText='center', alignVert=method-wrapper(...), anchorHoriz='center', anchorVert='center', antialias=True, autoDraw=False, autoLog=True, bold=False, color=array([1., 1., 1.]), colorSpace='rgb', contrast=1.0, depth=-7.0, draggable=False, flipHoriz=False, flipVert=False, font='Arial', fontFiles=[], height=np.float64(0.02), italic=False, languageStyle='LTR', name='text_17', opacity=1, ori=0.0, pos=array([-0.1, -0.3]), rgb=UNKNOWN, text=str(...), units='height', win=Window(...), wrapWidth=1)
56.4823 	EXP 	Created text_18 = TextStim(__class__=<class 'psychopy.visual.text.TextStim'>, alignHoriz=method-wrapper(...), alignText='center', alignVert=method-wrapper(...), anchorHoriz='center', anchorVert='center', antialias=True, autoDraw=False, autoLog=True, bold=False, color=array([1., 1., 1.]), colorSpace='rgb', contrast=1.0, depth=-8.0, draggable=False, flipHoriz=False, flipVert=False, font='Arial', fontFiles=[], height=np.float64(0.02), italic=False, languageStyle='LTR', name='text_18', opacity=1, ori=0.0, pos=array([ 0.2, -0.3]), rgb=UNKNOWN, text=str(...), units='height', win=Window(...), wrapWidth=1)
56.4941 	EXP 	Created text_19 = TextStim(__class__=<class 'psychopy.visual.text.TextStim'>, alignHoriz=method-wrapper(...), alignText='center', alignVert=method-wrapper(...), anchorHoriz='center', anchorVert='center', antialias=True, autoDraw=False, autoLog=True, bold=False, color=array([1., 1., 1.]), colorSpace='rgb', contrast=1.0, depth=-9.0, draggable=False, flipHoriz=False, flipVert=False, font='Arial', fontFiles=[], height=np.float64(0.02), italic=False, languageStyle='LTR', name='text_19', opacity=1, ori=0.0, pos=array([ 0.5, -0.3]), rgb=UNKNOWN, text=str(...), units='height', win=Window(...), wrapWidth=1)
1.4075 	EXP 	eyetracker.setRecordingState(True)
1.4078 	EXP 	eyetracker.setRecordingState(False)
1.4245 	INFO 	Keyboard events cleared
1.4237 	EXP 	ambewela: image = 'ambewelacheese.jpg'
1.4237 	EXP 	kothmale: image = 'kothmale cheese.jpg'
1.4237 	EXP 	happycow: image = 'happycow.jpeg'
1.4237 	EXP 	kraft: image = 'Kraft cheese.jpeg'
1.4237 	EXP 	richlife: image = 'richlifecheese.jpg'
1.4237 	EXP 	text: autoDraw = True
1.4237 	EXP 	ambewela: autoDraw = True
1.4237 	EXP 	kothmale: autoDraw = True
1.4237 	EXP 	happycow: autoDraw = True
1.4237 	EXP 	kraft: autoDraw = True
1.4237 	EXP 	richlife: autoDraw = True
1.4237 	EXP 	text_2: autoDraw = True
1.4237 	EXP 	text_3: autoDraw = True
1.4237 	EXP 	text_4: autoDraw = True
1.4237 	EXP 	text_5: autoDraw = True
1.4237 	EXP 	text_6: autoDraw = True
1.4237 	EXP 	text: height = np.float64(0.05)
1.4237 	EXP 	text: height = np.float64(0.05)
1.4237 	EXP 	text: height = np.float64(0.05)
1.4237 	EXP 	text: text = 'Which one are you going to buy?'
1.4257 	EXP 	eyetracker.setRecordingState(False)
1.4368 	EXP 	text: height = np.float64(0.05)
1.4368 	EXP 	text: height = np.float64(0.05)
1.4368 	EXP 	text: height = np.float64(0.05)
1.4368 	EXP 	text: text = 'Which one are you going to buy?'
1.4379 	EXP 	eyetracker.setRecordingState(False)
1.4454 	EXP 	text: height = np.float64(0.05)
1.4454 	EXP 	text: height = np.float64(0.05)
1.4454 	EXP 	text: height = np.float64(0.05)
1.4454 	EXP 	text: text = 'Which one are you going to buy?'
1.4464 	EXP 	eyetracker.setRecordingState(False)
1.4546 	EXP 	text: height = np.float64(0.05)
1.4546 	EXP 	text: height = np.float64(0.05)
1.4546 	EXP 	text: height = np.float64(0.05)
1.4546 	EXP 	text: text = 'Which one are you going to buy?'
1.4555 	EXP 	eyetracker.setRecordingState(False)
1.4638 	EXP 	text: height = np.float64(0.05)
1.4638 	EXP 	text: height = np.float64(0.05)
1.4638 	EXP 	text: height = np.float64(0.05)
1.4638 	EXP 	text: text = 'Which one are you going to buy?'
1.4649 	EXP 	eyetracker.setRecordingState(False)
1.4744 	EXP 	text: height = np.float64(0.05)
1.4744 	EXP 	text: height = np.float64(0.05)
1.4744 	EXP 	text: height = np.float64(0.05)
1.4744 	EXP 	text: text = 'Which one are you going to buy?'
1.4757 	EXP 	eyetracker.setRecordingState(False)
1.4846 	EXP 	text: height = np.float64(0.05)
1.4846 	EXP 	text: height = np.float64(0.05)
1.4846 	EXP 	text: height = np.float64(0.05)
1.4846 	EXP 	text: text = 'Which one are you going to buy?'
1.4855 	EXP 	eyetracker.setRecordingState(False)
1.4937 	EXP 	text: height = np.float64(0.05)
1.4937 	EXP 	text: height = np.float64(0.05)
1.4937 	EXP 	text: height = np.float64(0.05)
1.4937 	EXP 	text: text = 'Which one are you going to buy?'
1.4947 	EXP 	eyetracker.setRecordingState(False)
1.5023 	EXP 	text: height = np.float64(0.05)
1.5023 	EXP 	text: height = np.float64(0.05)
1.5023 	EXP 	text: height = np.float64(0.05)
1.5023 	EXP 	text: text = 'Which one are you going to buy?'
1.5032 	EXP 	eyetracker.setRecordingState(False)
1.5110 	EXP 	text: height = np.float64(0.05)
1.5110 	EXP 	text: height = np.float64(0.05)
1.5110 	EXP 	text: height = np.float64(0.05)
1.5110 	EXP 	text: text = 'Which one are you going to buy?'
1.5119 	EXP 	eyetracker.setRecordingState(False)
1.5215 	EXP 	text: height = np.float64(0.05)
1.5215 	EXP 	text: height = np.float64(0.05)
1.5215 	EXP 	text: height = np.float64(0.05)
1.5215 	EXP 	text: text = 'Which one are you going to buy?'
1.5224 	EXP 	eyetracker.setRecordingState(False)
1.5313 	EXP 	text: height = np.float64(0.05)
1.5313 	EXP 	text: height = np.float64(0.05)
1.5313 	EXP 	text: height = np.float64(0.05)
1.5313 	EXP 	text: text = 'Which one are you going to buy?'
1.5323 	EXP 	eyetracker.setRecordingState(False)
1.5405 	EXP 	text: height = np.float64(0.05)
1.5405 	EXP 	text: height = np.float64(0.05)
1.5405 	EXP 	text: height = np.float64(0.05)
1.5405 	EXP 	text: text = 'Which one are you going to buy?'
1.5416 	EXP 	eyetracker.setRecordingState(False)
1.5501 	EXP 	text: height = np.float64(0.05)
1.5501 	EXP 	text: height = np.float64(0.05)
1.5501 	EXP 	text: height = np.float64(0.05)
1.5501 	EXP 	text: text = 'Which one are you going to buy?'
1.5512 	EXP 	eyetracker.setRecordingState(False)
1.5603 	EXP 	text: height = np.float64(0.05)
1.5603 	EXP 	text: height = np.float64(0.05)
1.5603 	EXP 	text: height = np.float64(0.05)
1.5603 	EXP 	text: text = 'Which one are you going to buy?'
1.5614 	EXP 	eyetracker.setRecordingState(False)
1.5711 	EXP 	text: height = np.float64(0.05)
1.5711 	EXP 	text: height = np.float64(0.05)
1.5711 	EXP 	text: height = np.float64(0.05)
1.5711 	EXP 	text: text = 'Which one are you going to buy?'
1.5728 	EXP 	eyetracker.setRecordingState(False)
1.5833 	EXP 	text: height = np.float64(0.05)
1.5833 	EXP 	text: height = np.float64(0.05)
1.5833 	EXP 	text: height = np.float64(0.05)
1.5833 	EXP 	text: text = 'Which one are you going to buy?'
1.5843 	EXP 	eyetracker.setRecordingState(False)
1.5930 	EXP 	text: height = np.float64(0.05)
1.5930 	EXP 	text: height = np.float64(0.05)
1.5930 	EXP 	text: height = np.float64(0.05)
1.5930 	EXP 	text: text = 'Which one are you going to buy?'
1.5939 	EXP 	eyetracker.setRecordingState(False)
1.6018 	EXP 	text: height = np.float64(0.05)
1.6018 	EXP 	text: height = np.float64(0.05)
1.6018 	EXP 	text: height = np.float64(0.05)
1.6018 	EXP 	text: text = 'Which one are you going to buy?'
1.6029 	EXP 	eyetracker.setRecordingState(False)
1.6100 	EXP 	text: height = np.float64(0.05)
1.6100 	EXP 	text: height = np.float64(0.05)
1.6100 	EXP 	text: height = np.float64(0.05)
1.6100 	EXP 	text: text = 'Which one are you going to buy?'
1.6108 	EXP 	eyetracker.setRecordingState(False)
1.6199 	EXP 	text: height = np.float64(0.05)
1.6199 	EXP 	text: height = np.float64(0.05)
1.6199 	EXP 	text: height = np.float64(0.05)
1.6199 	EXP 	text: text = 'Which one are you going to buy?'
1.6206 	EXP 	eyetracker.setRecordingState(False)
1.6293 	EXP 	text: height = np.float64(0.05)
1.6293 	EXP 	text: height = np.float64(0.05)
1.6293 	EXP 	text: height = np.float64(0.05)
1.6293 	EXP 	text: text = 'Which one are you going to buy?'
1.6300 	EXP 	eyetracker.setRecordingState(False)
1.6392 	EXP 	text: height = np.float64(0.05)
1.6392 	EXP 	text: height = np.float64(0.05)
1.6392 	EXP 	text: height = np.float64(0.05)
1.6392 	EXP 	text: text = 'Which one are you going to buy?'
1.6400 	EXP 	eyetracker.setRecordingState(False)
1.6483 	EXP 	text: height = np.float64(0.05)
1.6483 	EXP 	text: height = np.float64(0.05)
1.6483 	EXP 	text: height = np.float64(0.05)
1.6483 	EXP 	text: text = 'Which one are you going to buy?'
1.6492 	EXP 	eyetracker.setRecordingState(False)
1.6572 	EXP 	text: height = np.float64(0.05)
1.6572 	EXP 	text: height = np.float64(0.05)
1.6572 	EXP 	text: height = np.float64(0.05)
1.6572 	EXP 	text: text = 'Which one are you going to buy?'
1.6580 	EXP 	eyetracker.setRecordingState(False)
1.6657 	EXP 	text: height = np.float64(0.05)
1.6657 	EXP 	text: height = np.float64(0.05)
1.6657 	EXP 	text: height = np.float64(0.05)
1.6657 	EXP 	text: text = 'Which one are you going to buy?'
1.6664 	EXP 	eyetracker.setRecordingState(False)
1.6750 	EXP 	text: height = np.float64(0.05)
1.6750 	EXP 	text: height = np.float64(0.05)
1.6750 	EXP 	text: height = np.float64(0.05)
1.6750 	EXP 	text: text = 'Which one are you going to buy?'
1.6759 	EXP 	eyetracker.setRecordingState(False)
1.6831 	EXP 	text: height = np.float64(0.05)
1.6831 	EXP 	text: height = np.float64(0.05)
1.6831 	EXP 	text: height = np.float64(0.05)
1.6831 	EXP 	text: text = 'Which one are you going to buy?'
1.6838 	EXP 	eyetracker.setRecordingState(False)
1.6906 	EXP 	text: height = np.float64(0.05)
1.6906 	EXP 	text: height = np.float64(0.05)
1.6906 	EXP 	text: height = np.float64(0.05)
1.6906 	EXP 	text: text = 'Which one are you going to buy?'
1.6914 	EXP 	eyetracker.setRecordingState(False)
1.7013 	EXP 	text: height = np.float64(0.05)
1.7013 	EXP 	text: height = np.float64(0.05)
1.7013 	EXP 	text: height = np.float64(0.05)
1.7013 	EXP 	text: text = 'Which one are you going to buy?'
1.7019 	EXP 	eyetracker.setRecordingState(False)
1.7091 	EXP 	text: height = np.float64(0.05)
1.7091 	EXP 	text: height = np.float64(0.05)
1.7091 	EXP 	text: height = np.float64(0.05)
1.7091 	EXP 	text: text = 'Which one are you going to buy?'
1.7101 	EXP 	eyetracker.setRecordingState(False)
1.7181 	EXP 	text: height = np.float64(0.05)
1.7181 	EXP 	text: height = np.float64(0.05)
1.7181 	EXP 	text: height = np.float64(0.05)
1.7181 	EXP 	text: text = 'Which one are you going to buy?'
1.7188 	EXP 	eyetracker.setRecordingState(False)
1.7260 	EXP 	text: height = np.float64(0.05)
1.7260 	EXP 	text: height = np.float64(0.05)
1.7260 	EXP 	text: height = np.float64(0.05)
1.7260 	EXP 	text: text = 'Which one are you going to buy?'
1.7267 	EXP 	eyetracker.setRecordingState(False)
1.7335 	EXP 	text: height = np.float64(0.05)
1.7335 	EXP 	text: height = np.float64(0.05)
1.7335 	EXP 	text: height = np.float64(0.05)
1.7335 	EXP 	text: text = 'Which one are you going to buy?'
1.7342 	EXP 	eyetracker.setRecordingState(False)
1.7429 	EXP 	text: height = np.float64(0.05)
1.7429 	EXP 	text: height = np.float64(0.05)
1.7429 	EXP 	text: height = np.float64(0.05)
1.7429 	EXP 	text: text = 'Which one are you going to buy?'
1.7438 	EXP 	eyetracker.setRecordingState(False)
1.7508 	EXP 	text: height = np.float64(0.05)
1.7508 	EXP 	text: height = np.float64(0.05)
1.7508 	EXP 	text: height = np.float64(0.05)
1.7508 	EXP 	text: text = 'Which one are you going to buy?'
1.7518 	EXP 	eyetracker.setRecordingState(False)
1.7599 	EXP 	text: height = np.float64(0.05)
1.7599 	EXP 	text: height = np.float64(0.05)
1.7599 	EXP 	text: height = np.float64(0.05)
1.7599 	EXP 	text: text = 'Which one are you going to buy?'
1.7606 	EXP 	eyetracker.setRecordingState(False)
1.7728 	EXP 	text: height = np.float64(0.05)
1.7728 	EXP 	text: height = np.float64(0.05)
1.7728 	EXP 	text: height = np.float64(0.05)
1.7728 	EXP 	text: text = 'Which one are you going to buy?'
1.7738 	EXP 	eyetracker.setRecordingState(False)
1.7834 	EXP 	text: height = np.float64(0.05)
1.7834 	EXP 	text: height = np.float64(0.05)
1.7834 	EXP 	text: height = np.float64(0.05)
1.7834 	EXP 	text: text = 'Which one are you going to buy?'
1.7841 	EXP 	eyetracker.setRecordingState(False)
1.7937 	EXP 	text: height = np.float64(0.05)
1.7937 	EXP 	text: height = np.float64(0.05)
1.7937 	EXP 	text: height = np.float64(0.05)
1.7937 	EXP 	text: text = 'Which one are you going to buy?'
1.7944 	EXP 	eyetracker.setRecordingState(False)
1.8036 	EXP 	text: height = np.float64(0.05)
1.8036 	EXP 	text: height = np.float64(0.05)
1.8036 	EXP 	text: height = np.float64(0.05)
1.8036 	EXP 	text: text = 'Which one are you going to buy?'
1.8045 	EXP 	eyetracker.setRecordingState(False)
1.8119 	EXP 	text: height = np.float64(0.05)
1.8119 	EXP 	text: height = np.float64(0.05)
1.8119 	EXP 	text: height = np.float64(0.05)
1.8119 	EXP 	text: text = 'Which one are you going to buy?'
1.8128 	EXP 	eyetracker.setRecordingState(False)
1.8207 	EXP 	text: height = np.float64(0.05)
1.8207 	EXP 	text: height = np.float64(0.05)
1.8207 	EXP 	text: height = np.float64(0.05)
1.8207 	EXP 	text: text = 'Which one are you going to buy?'
1.8214 	EXP 	eyetracker.setRecordingState(False)
1.8284 	EXP 	text: height = np.float64(0.05)
1.8284 	EXP 	text: height = np.float64(0.05)
1.8284 	EXP 	text: height = np.float64(0.05)
1.8284 	EXP 	text: text = 'Which one are you going to buy?'
1.8290 	EXP 	eyetracker.setRecordingState(False)
1.8365 	EXP 	text: height = np.float64(0.05)
1.8365 	EXP 	text: height = np.float64(0.05)
1.8365 	EXP 	text: height = np.float64(0.05)
1.8365 	EXP 	text: text = 'Which one are you going to buy?'
1.8374 	EXP 	eyetracker.setRecordingState(False)
1.8446 	EXP 	text: height = np.float64(0.05)
1.8446 	EXP 	text: height = np.float64(0.05)
1.8446 	EXP 	text: height = np.float64(0.05)
1.8446 	EXP 	text: text = 'Which one are you going to buy?'
1.8454 	EXP 	eyetracker.setRecordingState(False)
1.8524 	EXP 	text: height = np.float64(0.05)
1.8524 	EXP 	text: height = np.float64(0.05)
1.8524 	EXP 	text: height = np.float64(0.05)
1.8524 	EXP 	text: text = 'Which one are you going to buy?'
1.8531 	EXP 	eyetracker.setRecordingState(False)
1.8620 	EXP 	text: height = np.float64(0.05)
1.8620 	EXP 	text: height = np.float64(0.05)
1.8620 	EXP 	text: height = np.float64(0.05)
1.8620 	EXP 	text: text = 'Which one are you going to buy?'
1.8627 	EXP 	eyetracker.setRecordingState(False)
1.8708 	EXP 	text: height = np.float64(0.05)
1.8708 	EXP 	text: height = np.float64(0.05)
1.8708 	EXP 	text: height = np.float64(0.05)
1.8708 	EXP 	text: text = 'Which one are you going to buy?'
1.8716 	EXP 	eyetracker.setRecordingState(False)
1.8790 	EXP 	text: height = np.float64(0.05)
1.8790 	EXP 	text: height = np.float64(0.05)
1.8790 	EXP 	text: height = np.float64(0.05)
1.8790 	EXP 	text: text = 'Which one are you going to buy?'
1.8800 	EXP 	eyetracker.setRecordingState(False)
1.8875 	EXP 	text: height = np.float64(0.05)
1.8875 	EXP 	text: height = np.float64(0.05)
1.8875 	EXP 	text: height = np.float64(0.05)
1.8875 	EXP 	text: text = 'Which one are you going to buy?'
1.8884 	EXP 	eyetracker.setRecordingState(False)
1.9006 	EXP 	text: height = np.float64(0.05)
1.9006 	EXP 	text: height = np.float64(0.05)
1.9006 	EXP 	text: height = np.float64(0.05)
1.9006 	EXP 	text: text = 'Which one are you going to buy?'
1.9015 	EXP 	eyetracker.setRecordingState(False)
1.9090 	EXP 	text: height = np.float64(0.05)
1.9090 	EXP 	text: height = np.float64(0.05)
1.9090 	EXP 	text: height = np.float64(0.05)
1.9090 	EXP 	text: text = 'Which one are you going to buy?'
1.9100 	EXP 	eyetracker.setRecordingState(False)
1.9194 	EXP 	text: height = np.float64(0.05)
1.9194 	EXP 	text: height = np.float64(0.05)
1.9194 	EXP 	text: height = np.float64(0.05)
1.9194 	EXP 	text: text = 'Which one are you going to buy?'
1.9202 	EXP 	eyetracker.setRecordingState(False)
1.9295 	EXP 	text: height = np.float64(0.05)
1.9295 	EXP 	text: height = np.float64(0.05)
1.9295 	EXP 	text: height = np.float64(0.05)
1.9295 	EXP 	text: text = 'Which one are you going to buy?'
1.9305 	EXP 	eyetracker.setRecordingState(False)
1.9399 	EXP 	text: height = np.float64(0.05)
1.9399 	EXP 	text: height = np.float64(0.05)
1.9399 	EXP 	text: height = np.float64(0.05)
1.9399 	EXP 	text: text = 'Which one are you going to buy?'
1.9409 	EXP 	eyetracker.setRecordingState(False)
1.9507 	EXP 	text: height = np.float64(0.05)
1.9507 	EXP 	text: height = np.float64(0.05)
1.9507 	EXP 	text: height = np.float64(0.05)
1.9507 	EXP 	text: text = 'Which one are you going to buy?'
1.9517 	EXP 	eyetracker.setRecordingState(False)
1.9618 	EXP 	text: height = np.float64(0.05)
1.9618 	EXP 	text: height = np.float64(0.05)
1.9618 	EXP 	text: height = np.float64(0.05)
1.9618 	EXP 	text: text = 'Which one are you going to buy?'
1.9627 	EXP 	eyetracker.setRecordingState(False)
1.9704 	EXP 	text: height = np.float64(0.05)
1.9704 	EXP 	text: height = np.float64(0.05)
1.9704 	EXP 	text: height = np.float64(0.05)
1.9704 	EXP 	text: text = 'Which one are you going to buy?'
1.9713 	EXP 	eyetracker.setRecordingState(False)
1.9820 	EXP 	text: height = np.float64(0.05)
1.9820 	EXP 	text: height = np.float64(0.05)
1.9820 	EXP 	text: height = np.float64(0.05)
1.9820 	EXP 	text: text = 'Which one are you going to buy?'
1.9829 	EXP 	eyetracker.setRecordingState(False)
1.9907 	EXP 	text: height = np.float64(0.05)
1.9907 	EXP 	text: height = np.float64(0.05)
1.9907 	EXP 	text: height = np.float64(0.05)
1.9907 	EXP 	text: text = 'Which one are you going to buy?'
1.9913 	EXP 	eyetracker.setRecordingState(False)
2.0003 	EXP 	text: height = np.float64(0.05)
2.0003 	EXP 	text: height = np.float64(0.05)
2.0003 	EXP 	text: height = np.float64(0.05)
2.0003 	EXP 	text: text = 'Which one are you going to buy?'
2.0009 	EXP 	eyetracker.setRecordingState(False)
2.0080 	EXP 	text: height = np.float64(0.05)
2.0080 	EXP 	text: height = np.float64(0.05)
2.0080 	EXP 	text: height = np.float64(0.05)
2.0080 	EXP 	text: text = 'Which one are you going to buy?'
2.0087 	EXP 	eyetracker.setRecordingState(False)
2.0172 	EXP 	text: height = np.float64(0.05)
2.0172 	EXP 	text: height = np.float64(0.05)
2.0172 	EXP 	text: height = np.float64(0.05)
2.0172 	EXP 	text: text = 'Which one are you going to buy?'
2.0180 	EXP 	eyetracker.setRecordingState(False)
2.0262 	EXP 	text: height = np.float64(0.05)
2.0262 	EXP 	text: height = np.float64(0.05)
2.0262 	EXP 	text: height = np.float64(0.05)
2.0262 	EXP 	text: text = 'Which one are you going to buy?'
2.0270 	EXP 	eyetracker.setRecordingState(False)
2.0354 	EXP 	text: height = np.float64(0.05)
2.0354 	EXP 	text: height = np.float64(0.05)
2.0354 	EXP 	text: height = np.float64(0.05)
2.0354 	EXP 	text: text = 'Which one are you going to buy?'
2.0361 	EXP 	eyetracker.setRecordingState(False)
2.0472 	EXP 	text: height = np.float64(0.05)
2.0472 	EXP 	text: height = np.float64(0.05)
2.0472 	EXP 	text: height = np.float64(0.05)
2.0472 	EXP 	text: text = 'Which one are you going to buy?'
2.0478 	EXP 	eyetracker.setRecordingState(False)
2.0567 	EXP 	text: height = np.float64(0.05)
2.0567 	EXP 	text: height = np.float64(0.05)
2.0567 	EXP 	text: height = np.float64(0.05)
2.0567 	EXP 	text: text = 'Which one are you going to buy?'
2.0573 	EXP 	eyetracker.setRecordingState(False)
2.0659 	EXP 	text: height = np.float64(0.05)
2.0659 	EXP 	text: height = np.float64(0.05)
2.0659 	EXP 	text: height = np.float64(0.05)
2.0659 	EXP 	text: text = 'Which one are you going to buy?'
2.0667 	EXP 	eyetracker.setRecordingState(False)
2.0753 	EXP 	text: height = np.float64(0.05)
2.0753 	EXP 	text: height = np.float64(0.05)
2.0753 	EXP 	text: height = np.float64(0.05)
2.0753 	EXP 	text: text = 'Which one are you going to buy?'
2.0760 	EXP 	eyetracker.setRecordingState(False)
2.0841 	EXP 	text: height = np.float64(0.05)
2.0841 	EXP 	text: height = np.float64(0.05)
2.0841 	EXP 	text: height = np.float64(0.05)
2.0841 	EXP 	text: text = 'Which one are you going to buy?'
2.0847 	EXP 	eyetracker.setRecordingState(False)
2.0920 	EXP 	text: height = np.float64(0.05)
2.0920 	EXP 	text: height = np.float64(0.05)
2.0920 	EXP 	text: height = np.float64(0.05)
2.0920 	EXP 	text: text = 'Which one are you going to buy?'
2.0929 	EXP 	eyetracker.setRecordingState(False)
2.1011 	EXP 	text: height = np.float64(0.05)
2.1011 	EXP 	text: height = np.float64(0.05)
2.1011 	EXP 	text: height = np.float64(0.05)
2.1011 	EXP 	text: text = 'Which one are you going to buy?'
2.1018 	EXP 	eyetracker.setRecordingState(False)
2.1098 	EXP 	text: height = np.float64(0.05)
2.1098 	EXP 	text: height = np.float64(0.05)
2.1098 	EXP 	text: height = np.float64(0.05)
2.1098 	EXP 	text: text = 'Which one are you going to buy?'
2.1105 	EXP 	eyetracker.setRecordingState(False)
2.1202 	EXP 	text: height = np.float64(0.05)
2.1202 	EXP 	text: height = np.float64(0.05)
2.1202 	EXP 	text: height = np.float64(0.05)
2.1202 	EXP 	text: text = 'Which one are you going to buy?'
2.1211 	EXP 	eyetracker.setRecordingState(False)
2.1304 	EXP 	text: height = np.float64(0.05)
2.1304 	EXP 	text: height = np.float64(0.05)
2.1304 	EXP 	text: height = np.float64(0.05)
2.1304 	EXP 	text: text = 'Which one are you going to buy?'
2.1312 	EXP 	eyetracker.setRecordingState(False)
2.1407 	EXP 	text: height = np.float64(0.05)
2.1407 	EXP 	text: height = np.float64(0.05)
2.1407 	EXP 	text: height = np.float64(0.05)
2.1407 	EXP 	text: text = 'Which one are you going to buy?'
2.1416 	EXP 	eyetracker.setRecordingState(False)
2.1523 	EXP 	text: height = np.float64(0.05)
2.1523 	EXP 	text: height = np.float64(0.05)
2.1523 	EXP 	text: height = np.float64(0.05)
2.1523 	EXP 	text: text = 'Which one are you going to buy?'
2.1533 	EXP 	eyetracker.setRecordingState(False)
2.1637 	EXP 	text: height = np.float64(0.05)
2.1637 	EXP 	text: height = np.float64(0.05)
2.1637 	EXP 	text: height = np.float64(0.05)
2.1637 	EXP 	text: text = 'Which one are you going to buy?'
2.1647 	EXP 	eyetracker.setRecordingState(False)
2.1745 	EXP 	text: height = np.float64(0.05)
2.1745 	EXP 	text: height = np.float64(0.05)
2.1745 	EXP 	text: height = np.float64(0.05)
2.1745 	EXP 	text: text = 'Which one are you going to buy?'
2.1756 	EXP 	eyetracker.setRecordingState(False)
2.1856 	EXP 	text: height = np.float64(0.05)
2.1856 	EXP 	text: height = np.float64(0.05)
2.1856 	EXP 	text: height = np.float64(0.05)
2.1856 	EXP 	text: text = 'Which one are you going to buy?'
2.1865 	EXP 	eyetracker.setRecordingState(False)
2.1965 	EXP 	text: height = np.float64(0.05)
2.1965 	EXP 	text: height = np.float64(0.05)
2.1965 	EXP 	text: height = np.float64(0.05)
2.1965 	EXP 	text: text = 'Which one are you going to buy?'
2.1977 	EXP 	eyetracker.setRecordingState(False)
2.2084 	EXP 	text: height = np.float64(0.05)
2.2084 	EXP 	text: height = np.float64(0.05)
2.2084 	EXP 	text: height = np.float64(0.05)
2.2084 	EXP 	text: text = 'Which one are you going to buy?'
2.2092 	EXP 	eyetracker.setRecordingState(False)
2.2195 	EXP 	text: height = np.float64(0.05)
2.2195 	EXP 	text: height = np.float64(0.05)
2.2195 	EXP 	text: height = np.float64(0.05)
2.2195 	EXP 	text: text = 'Which one are you going to buy?'
2.2204 	EXP 	eyetracker.setRecordingState(False)
2.2289 	EXP 	text: height = np.float64(0.05)
2.2289 	EXP 	text: height = np.float64(0.05)
2.2289 	EXP 	text: height = np.float64(0.05)
2.2289 	EXP 	text: text = 'Which one are you going to buy?'
2.2299 	EXP 	eyetracker.setRecordingState(False)
2.2389 	EXP 	text: height = np.float64(0.05)
2.2389 	EXP 	text: height = np.float64(0.05)
2.2389 	EXP 	text: height = np.float64(0.05)
2.2389 	EXP 	text: text = 'Which one are you going to buy?'
2.2397 	EXP 	eyetracker.setRecordingState(False)
2.2487 	EXP 	text: height = np.float64(0.05)
2.2487 	EXP 	text: height = np.float64(0.05)
2.2487 	EXP 	text: height = np.float64(0.05)
2.2487 	EXP 	text: text = 'Which one are you going to buy?'
2.2496 	EXP 	eyetracker.setRecordingState(False)
2.2603 	EXP 	text: height = np.float64(0.05)
2.2603 	EXP 	text: height = np.float64(0.05)
2.2603 	EXP 	text: height = np.float64(0.05)
2.2603 	EXP 	text: text = 'Which one are you going to buy?'
2.2611 	EXP 	eyetracker.setRecordingState(False)
2.2712 	EXP 	text: height = np.float64(0.05)
2.2712 	EXP 	text: height = np.float64(0.05)
2.2712 	EXP 	text: height = np.float64(0.05)
2.2712 	EXP 	text: text = 'Which one are you going to buy?'
2.2722 	EXP 	eyetracker.setRecordingState(False)
2.2838 	EXP 	text: height = np.float64(0.05)
2.2838 	EXP 	text: height = np.float64(0.05)
2.2838 	EXP 	text: height = np.float64(0.05)
2.2838 	EXP 	text: text = 'Which one are you going to buy?'
2.2850 	EXP 	eyetracker.setRecordingState(False)
2.2961 	EXP 	text: height = np.float64(0.05)
2.2961 	EXP 	text: height = np.float64(0.05)
2.2961 	EXP 	text: height = np.float64(0.05)
2.2961 	EXP 	text: text = 'Which one are you going to buy?'
2.2974 	EXP 	eyetracker.setRecordingState(False)
2.3097 	EXP 	text: height = np.float64(0.05)
2.3097 	EXP 	text: height = np.float64(0.05)
2.3097 	EXP 	text: height = np.float64(0.05)
2.3097 	EXP 	text: text = 'Which one are you going to buy?'
2.3111 	EXP 	eyetracker.setRecordingState(False)
2.3240 	EXP 	text: height = np.float64(0.05)
2.3240 	EXP 	text: height = np.float64(0.05)
2.3240 	EXP 	text: height = np.float64(0.05)
2.3240 	EXP 	text: text = 'Which one are you going to buy?'
2.3255 	EXP 	eyetracker.setRecordingState(False)
2.3382 	EXP 	text: height = np.float64(0.05)
2.3382 	EXP 	text: height = np.float64(0.05)
2.3382 	EXP 	text: height = np.float64(0.05)
2.3382 	EXP 	text: text = 'Which one are you going to buy?'
2.3393 	EXP 	eyetracker.setRecordingState(False)
2.3495 	EXP 	text: height = np.float64(0.05)
2.3495 	EXP 	text: height = np.float64(0.05)
2.3495 	EXP 	text: height = np.float64(0.05)
2.3495 	EXP 	text: text = 'Which one are you going to buy?'
2.3505 	EXP 	eyetracker.setRecordingState(False)
2.3620 	EXP 	text: height = np.float64(0.05)
2.3620 	EXP 	text: height = np.float64(0.05)
2.3620 	EXP 	text: height = np.float64(0.05)
2.3620 	EXP 	text: text = 'Which one are you going to buy?'
2.3629 	EXP 	eyetracker.setRecordingState(False)
2.3765 	EXP 	text: height = np.float64(0.05)
2.3765 	EXP 	text: height = np.float64(0.05)
2.3765 	EXP 	text: height = np.float64(0.05)
2.3765 	EXP 	text: text = 'Which one are you going to buy?'
2.3778 	EXP 	eyetracker.setRecordingState(False)
2.3915 	EXP 	text: height = np.float64(0.05)
2.3915 	EXP 	text: height = np.float64(0.05)
2.3915 	EXP 	text: height = np.float64(0.05)
2.3915 	EXP 	text: text = 'Which one are you going to buy?'
2.3926 	EXP 	eyetracker.setRecordingState(False)
2.4039 	EXP 	text: height = np.float64(0.05)
2.4039 	EXP 	text: height = np.float64(0.05)
2.4039 	EXP 	text: height = np.float64(0.05)
2.4039 	EXP 	text: text = 'Which one are you going to buy?'
2.4048 	EXP 	eyetracker.setRecordingState(False)
2.4133 	EXP 	text: height = np.float64(0.05)
2.4133 	EXP 	text: height = np.float64(0.05)
2.4133 	EXP 	text: height = np.float64(0.05)
2.4133 	EXP 	text: text = 'Which one are you going to buy?'
2.4140 	EXP 	eyetracker.setRecordingState(False)
2.4232 	EXP 	text: height = np.float64(0.05)
2.4232 	EXP 	text: height = np.float64(0.05)
2.4232 	EXP 	text: height = np.float64(0.05)
2.4232 	EXP 	text: text = 'Which one are you going to buy?'
2.4246 	EXP 	eyetracker.setRecordingState(False)
2.4396 	EXP 	text: height = np.float64(0.05)
2.4396 	EXP 	text: height = np.float64(0.05)
2.4396 	EXP 	text: height = np.float64(0.05)
2.4396 	EXP 	text: text = 'Which one are you going to buy?'
2.4410 	EXP 	eyetracker.setRecordingState(False)
2.4579 	EXP 	text: height = np.float64(0.05)
2.4579 	EXP 	text: height = np.float64(0.05)
2.4579 	EXP 	text: height = np.float64(0.05)
2.4579 	EXP 	text: text = 'Which one are you going to buy?'
2.4593 	EXP 	eyetracker.setRecordingState(False)
2.4779 	EXP 	text: height = np.float64(0.05)
2.4779 	EXP 	text: height = np.float64(0.05)
2.4779 	EXP 	text: height = np.float64(0.05)
2.4779 	EXP 	text: text = 'Which one are you going to buy?'
2.4800 	EXP 	eyetracker.setRecordingState(False)
2.4954 	EXP 	text: height = np.float64(0.05)
2.4954 	EXP 	text: height = np.float64(0.05)
2.4954 	EXP 	text: height = np.float64(0.05)
2.4954 	EXP 	text: text = 'Which one are you going to buy?'
2.4976 	EXP 	eyetracker.setRecordingState(False)
2.5171 	EXP 	text: height = np.float64(0.05)
2.5171 	EXP 	text: height = np.float64(0.05)
2.5171 	EXP 	text: height = np.float64(0.05)
2.5171 	EXP 	text: text = 'Which one are you going to buy?'
2.5194 	EXP 	eyetracker.setRecordingState(False)
2.5417 	EXP 	text: height = np.float64(0.05)
2.5417 	EXP 	text: height = np.float64(0.05)
2.5417 	EXP 	text: height = np.float64(0.05)
2.5417 	EXP 	text: text = 'Which one are you going to buy?'
2.5445 	EXP 	eyetracker.setRecordingState(False)
2.5691 	EXP 	text: height = np.float64(0.05)
2.5691 	EXP 	text: height = np.float64(0.05)
2.5691 	EXP 	text: height = np.float64(0.05)
2.5691 	EXP 	text: text = 'Which one are you going to buy?'
2.5711 	EXP 	eyetracker.setRecordingState(False)
2.5896 	EXP 	text: height = np.float64(0.05)
2.5896 	EXP 	text: height = np.float64(0.05)
2.5896 	EXP 	text: height = np.float64(0.05)
2.5896 	EXP 	text: text = 'Which one are you going to buy?'
2.5915 	EXP 	eyetracker.setRecordingState(False)
2.6063 	EXP 	text: height = np.float64(0.05)
2.6063 	EXP 	text: height = np.float64(0.05)
2.6063 	EXP 	text: height = np.float64(0.05)
2.6063 	EXP 	text: text = 'Which one are you going to buy?'
2.6078 	EXP 	eyetracker.setRecordingState(False)
2.6219 	EXP 	text: height = np.float64(0.05)
2.6219 	EXP 	text: height = np.float64(0.05)
2.6219 	EXP 	text: height = np.float64(0.05)
2.6219 	EXP 	text: text = 'Which one are you going to buy?'
2.6232 	EXP 	eyetracker.setRecordingState(False)
2.6396 	EXP 	text: height = np.float64(0.05)
2.6396 	EXP 	text: height = np.float64(0.05)
2.6396 	EXP 	text: height = np.float64(0.05)
2.6396 	EXP 	text: text = 'Which one are you going to buy?'
2.6405 	EXP 	eyetracker.setRecordingState(False)
2.6515 	EXP 	text: height = np.float64(0.05)
2.6515 	EXP 	text: height = np.float64(0.05)
2.6515 	EXP 	text: height = np.float64(0.05)
2.6515 	EXP 	text: text = 'Which one are you going to buy?'
2.6523 	EXP 	eyetracker.setRecordingState(False)
2.6623 	EXP 	text: height = np.float64(0.05)
2.6623 	EXP 	text: height = np.float64(0.05)
2.6623 	EXP 	text: height = np.float64(0.05)
2.6623 	EXP 	text: text = 'Which one are you going to buy?'
2.6633 	EXP 	eyetracker.setRecordingState(False)
2.6737 	EXP 	text: height = np.float64(0.05)
2.6737 	EXP 	text: height = np.float64(0.05)
2.6737 	EXP 	text: height = np.float64(0.05)
2.6737 	EXP 	text: text = 'Which one are you going to buy?'
2.6747 	EXP 	eyetracker.setRecordingState(False)
2.6857 	EXP 	text: height = np.float64(0.05)
2.6857 	EXP 	text: height = np.float64(0.05)
2.6857 	EXP 	text: height = np.float64(0.05)
2.6857 	EXP 	text: text = 'Which one are you going to buy?'
2.6868 	EXP 	eyetracker.setRecordingState(False)
2.6981 	EXP 	text: height = np.float64(0.05)
2.6981 	EXP 	text: height = np.float64(0.05)
2.6981 	EXP 	text: height = np.float64(0.05)
2.6981 	EXP 	text: text = 'Which one are you going to buy?'
2.6989 	EXP 	eyetracker.setRecordingState(False)
2.7081 	EXP 	text: height = np.float64(0.05)
2.7081 	EXP 	text: height = np.float64(0.05)
2.7081 	EXP 	text: height = np.float64(0.05)
2.7081 	EXP 	text: text = 'Which one are you going to buy?'
2.7088 	EXP 	eyetracker.setRecordingState(False)
2.7173 	EXP 	text: height = np.float64(0.05)
2.7173 	EXP 	text: height = np.float64(0.05)
2.7173 	EXP 	text: height = np.float64(0.05)
2.7173 	EXP 	text: text = 'Which one are you going to buy?'
2.7181 	EXP 	eyetracker.setRecordingState(False)
2.7258 	EXP 	text: height = np.float64(0.05)
2.7258 	EXP 	text: height = np.float64(0.05)
2.7258 	EXP 	text: height = np.float64(0.05)
2.7258 	EXP 	text: text = 'Which one are you going to buy?'
2.7266 	EXP 	eyetracker.setRecordingState(False)
2.7337 	EXP 	text: height = np.float64(0.05)
2.7337 	EXP 	text: height = np.float64(0.05)
2.7337 	EXP 	text: height = np.float64(0.05)
2.7337 	EXP 	text: text = 'Which one are you going to buy?'
2.7344 	EXP 	eyetracker.setRecordingState(False)
2.7436 	EXP 	text: height = np.float64(0.05)
2.7436 	EXP 	text: height = np.float64(0.05)
2.7436 	EXP 	text: height = np.float64(0.05)
2.7436 	EXP 	text: text = 'Which one are you going to buy?'
2.7447 	EXP 	eyetracker.setRecordingState(False)
2.7571 	EXP 	text: height = np.float64(0.05)
2.7571 	EXP 	text: height = np.float64(0.05)
2.7571 	EXP 	text: height = np.float64(0.05)
2.7571 	EXP 	text: text = 'Which one are you going to buy?'
2.7587 	EXP 	eyetracker.setRecordingState(False)
2.7695 	EXP 	text: height = np.float64(0.05)
2.7695 	EXP 	text: height = np.float64(0.05)
2.7695 	EXP 	text: height = np.float64(0.05)
2.7695 	EXP 	text: text = 'Which one are you going to buy?'
2.7704 	EXP 	eyetracker.setRecordingState(False)
2.7793 	EXP 	text: height = np.float64(0.05)
2.7793 	EXP 	text: height = np.float64(0.05)
2.7793 	EXP 	text: height = np.float64(0.05)
2.7793 	EXP 	text: text = 'Which one are you going to buy?'
2.7806 	EXP 	eyetracker.setRecordingState(False)
2.7902 	EXP 	text: height = np.float64(0.05)
2.7902 	EXP 	text: height = np.float64(0.05)
2.7902 	EXP 	text: height = np.float64(0.05)
2.7902 	EXP 	text: text = 'Which one are you going to buy?'
2.7912 	EXP 	eyetracker.setRecordingState(False)
2.7991 	EXP 	text: height = np.float64(0.05)
2.7991 	EXP 	text: height = np.float64(0.05)
2.7991 	EXP 	text: height = np.float64(0.05)
2.7991 	EXP 	text: text = 'Which one are you going to buy?'
2.7998 	EXP 	eyetracker.setRecordingState(False)
2.8090 	EXP 	text: height = np.float64(0.05)
2.8090 	EXP 	text: height = np.float64(0.05)
2.8090 	EXP 	text: height = np.float64(0.05)
2.8090 	EXP 	text: text = 'Which one are you going to buy?'
2.8096 	EXP 	eyetracker.setRecordingState(False)
2.8178 	EXP 	text: height = np.float64(0.05)
2.8178 	EXP 	text: height = np.float64(0.05)
2.8178 	EXP 	text: height = np.float64(0.05)
2.8178 	EXP 	text: text = 'Which one are you going to buy?'
2.8189 	EXP 	eyetracker.setRecordingState(False)
2.8287 	EXP 	text: height = np.float64(0.05)
2.8287 	EXP 	text: height = np.float64(0.05)
2.8287 	EXP 	text: height = np.float64(0.05)
2.8287 	EXP 	text: text = 'Which one are you going to buy?'
2.8302 	EXP 	eyetracker.setRecordingState(False)
2.8417 	EXP 	text: height = np.float64(0.05)
2.8417 	EXP 	text: height = np.float64(0.05)
2.8417 	EXP 	text: height = np.float64(0.05)
2.8417 	EXP 	text: text = 'Which one are you going to buy?'
2.8435 	EXP 	eyetracker.setRecordingState(False)
2.8566 	EXP 	text: height = np.float64(0.05)
2.8566 	EXP 	text: height = np.float64(0.05)
2.8566 	EXP 	text: height = np.float64(0.05)
2.8566 	EXP 	text: text = 'Which one are you going to buy?'
2.8580 	EXP 	eyetracker.setRecordingState(False)
2.8733 	EXP 	text: height = np.float64(0.05)
2.8733 	EXP 	text: height = np.float64(0.05)
2.8733 	EXP 	text: height = np.float64(0.05)
2.8733 	EXP 	text: text = 'Which one are you going to buy?'
2.8745 	EXP 	eyetracker.setRecordingState(False)
2.8878 	EXP 	text: height = np.float64(0.05)
2.8878 	EXP 	text: height = np.float64(0.05)
2.8878 	EXP 	text: height = np.float64(0.05)
2.8878 	EXP 	text: text = 'Which one are you going to buy?'
2.8904 	EXP 	eyetracker.setRecordingState(False)
2.9039 	EXP 	text: height = np.float64(0.05)
2.9039 	EXP 	text: height = np.float64(0.05)
2.9039 	EXP 	text: height = np.float64(0.05)
2.9039 	EXP 	text: text = 'Which one are you going to buy?'
2.9067 	EXP 	eyetracker.setRecordingState(False)
2.9217 	EXP 	text: height = np.float64(0.05)
2.9217 	EXP 	text: height = np.float64(0.05)
2.9217 	EXP 	text: height = np.float64(0.05)
2.9217 	EXP 	text: text = 'Which one are you going to buy?'
2.9234 	EXP 	eyetracker.setRecordingState(False)
2.9373 	EXP 	text: height = np.float64(0.05)
2.9373 	EXP 	text: height = np.float64(0.05)
2.9373 	EXP 	text: height = np.float64(0.05)
2.9373 	EXP 	text: text = 'Which one are you going to buy?'
2.9392 	EXP 	eyetracker.setRecordingState(False)
2.9513 	EXP 	text: height = np.float64(0.05)
2.9513 	EXP 	text: height = np.float64(0.05)
2.9513 	EXP 	text: height = np.float64(0.05)
2.9513 	EXP 	text: text = 'Which one are you going to buy?'
2.9530 	EXP 	eyetracker.setRecordingState(False)
2.9628 	EXP 	text: height = np.float64(0.05)
2.9628 	EXP 	text: height = np.float64(0.05)
2.9628 	EXP 	text: height = np.float64(0.05)
2.9628 	EXP 	text: text = 'Which one are you going to buy?'
2.9638 	EXP 	eyetracker.setRecordingState(False)
2.9737 	EXP 	text: height = np.float64(0.05)
2.9737 	EXP 	text: height = np.float64(0.05)
2.9737 	EXP 	text: height = np.float64(0.05)
2.9737 	EXP 	text: text = 'Which one are you going to buy?'
2.9750 	EXP 	eyetracker.setRecordingState(False)
2.9839 	EXP 	text: height = np.float64(0.05)
2.9839 	EXP 	text: height = np.float64(0.05)
2.9839 	EXP 	text: height = np.float64(0.05)
2.9839 	EXP 	text: text = 'Which one are you going to buy?'
2.9852 	EXP 	eyetracker.setRecordingState(False)
2.9977 	EXP 	text: height = np.float64(0.05)
2.9977 	EXP 	text: height = np.float64(0.05)
2.9977 	EXP 	text: height = np.float64(0.05)
2.9977 	EXP 	text: text = 'Which one are you going to buy?'
2.9987 	EXP 	eyetracker.setRecordingState(False)
3.0095 	EXP 	text: height = np.float64(0.05)
3.0095 	EXP 	text: height = np.float64(0.05)
3.0095 	EXP 	text: height = np.float64(0.05)
3.0095 	EXP 	text: text = 'Which one are you going to buy?'
3.0107 	EXP 	eyetracker.setRecordingState(False)
3.0246 	EXP 	text: height = np.float64(0.05)
3.0246 	EXP 	text: height = np.float64(0.05)
3.0246 	EXP 	text: height = np.float64(0.05)
3.0246 	EXP 	text: text = 'Which one are you going to buy?'
3.0256 	EXP 	eyetracker.setRecordingState(False)
3.0379 	EXP 	text: height = np.float64(0.05)
3.0379 	EXP 	text: height = np.float64(0.05)
3.0379 	EXP 	text: height = np.float64(0.05)
3.0379 	EXP 	text: text = 'Which one are you going to buy?'
3.0390 	EXP 	eyetracker.setRecordingState(False)
3.0511 	EXP 	text: height = np.float64(0.05)
3.0511 	EXP 	text: height = np.float64(0.05)
3.0511 	EXP 	text: height = np.float64(0.05)
3.0511 	EXP 	text: text = 'Which one are you going to buy?'
3.0522 	EXP 	eyetracker.setRecordingState(False)
3.0651 	EXP 	text: height = np.float64(0.05)
3.0651 	EXP 	text: height = np.float64(0.05)
3.0651 	EXP 	text: height = np.float64(0.05)
3.0651 	EXP 	text: text = 'Which one are you going to buy?'
3.0664 	EXP 	eyetracker.setRecordingState(False)
3.0786 	EXP 	text: height = np.float64(0.05)
3.0786 	EXP 	text: height = np.float64(0.05)
3.0786 	EXP 	text: height = np.float64(0.05)
3.0786 	EXP 	text: text = 'Which one are you going to buy?'
3.0804 	EXP 	eyetracker.setRecordingState(False)
3.0939 	EXP 	text: height = np.float64(0.05)
3.0939 	EXP 	text: height = np.float64(0.05)
3.0939 	EXP 	text: height = np.float64(0.05)
3.0939 	EXP 	text: text = 'Which one are you going to buy?'
3.0962 	EXP 	eyetracker.setRecordingState(False)
3.1075 	EXP 	text: height = np.float64(0.05)
3.1075 	EXP 	text: height = np.float64(0.05)
3.1075 	EXP 	text: height = np.float64(0.05)
3.1075 	EXP 	text: text = 'Which one are you going to buy?'
3.1092 	EXP 	eyetracker.setRecordingState(False)
3.1193 	EXP 	text: height = np.float64(0.05)
3.1193 	EXP 	text: height = np.float64(0.05)
3.1193 	EXP 	text: height = np.float64(0.05)
3.1193 	EXP 	text: text = 'Which one are you going to buy?'
3.1213 	EXP 	eyetracker.setRecordingState(False)
3.1371 	EXP 	text: height = np.float64(0.05)
3.1371 	EXP 	text: height = np.float64(0.05)
3.1371 	EXP 	text: height = np.float64(0.05)
3.1371 	EXP 	text: text = 'Which one are you going to buy?'
3.1389 	EXP 	eyetracker.setRecordingState(False)
3.1565 	EXP 	text: height = np.float64(0.05)
3.1565 	EXP 	text: height = np.float64(0.05)
3.1565 	EXP 	text: height = np.float64(0.05)
3.1565 	EXP 	text: text = 'Which one are you going to buy?'
3.1585 	EXP 	eyetracker.setRecordingState(False)
3.1747 	EXP 	text: height = np.float64(0.05)
3.1747 	EXP 	text: height = np.float64(0.05)
3.1747 	EXP 	text: height = np.float64(0.05)
3.1747 	EXP 	text: text = 'Which one are you going to buy?'
3.1762 	EXP 	eyetracker.setRecordingState(False)
3.1915 	EXP 	text: height = np.float64(0.05)
3.1915 	EXP 	text: height = np.float64(0.05)
3.1915 	EXP 	text: height = np.float64(0.05)
3.1915 	EXP 	text: text = 'Which one are you going to buy?'
3.1936 	EXP 	eyetracker.setRecordingState(False)
3.2076 	EXP 	text: height = np.float64(0.05)
3.2076 	EXP 	text: height = np.float64(0.05)
3.2076 	EXP 	text: height = np.float64(0.05)
3.2076 	EXP 	text: text = 'Which one are you going to buy?'
3.2091 	EXP 	eyetracker.setRecordingState(False)
3.2259 	EXP 	text: height = np.float64(0.05)
3.2259 	EXP 	text: height = np.float64(0.05)
3.2259 	EXP 	text: height = np.float64(0.05)
3.2259 	EXP 	text: text = 'Which one are you going to buy?'
3.2273 	EXP 	eyetracker.setRecordingState(False)
3.2422 	EXP 	text: height = np.float64(0.05)
3.2422 	EXP 	text: height = np.float64(0.05)
3.2422 	EXP 	text: height = np.float64(0.05)
3.2422 	EXP 	text: text = 'Which one are you going to buy?'
3.2436 	EXP 	eyetracker.setRecordingState(False)
3.2563 	EXP 	text: height = np.float64(0.05)
3.2563 	EXP 	text: height = np.float64(0.05)
3.2563 	EXP 	text: height = np.float64(0.05)
3.2563 	EXP 	text: text = 'Which one are you going to buy?'
3.2575 	EXP 	eyetracker.setRecordingState(False)
3.2743 	EXP 	text: height = np.float64(0.05)
3.2743 	EXP 	text: height = np.float64(0.05)
3.2743 	EXP 	text: height = np.float64(0.05)
3.2743 	EXP 	text: text = 'Which one are you going to buy?'
3.2753 	EXP 	eyetracker.setRecordingState(False)
3.2860 	EXP 	text: height = np.float64(0.05)
3.2860 	EXP 	text: height = np.float64(0.05)
3.2860 	EXP 	text: height = np.float64(0.05)
3.2860 	EXP 	text: text = 'Which one are you going to buy?'
3.2869 	EXP 	eyetracker.setRecordingState(False)
3.2961 	EXP 	text: height = np.float64(0.05)
3.2961 	EXP 	text: height = np.float64(0.05)
3.2961 	EXP 	text: height = np.float64(0.05)
3.2961 	EXP 	text: text = 'Which one are you going to buy?'
3.2974 	EXP 	eyetracker.setRecordingState(False)
3.3066 	EXP 	text: height = np.float64(0.05)
3.3066 	EXP 	text: height = np.float64(0.05)
3.3066 	EXP 	text: height = np.float64(0.05)
3.3066 	EXP 	text: text = 'Which one are you going to buy?'
3.3072 	EXP 	eyetracker.setRecordingState(False)
3.3155 	EXP 	text: height = np.float64(0.05)
3.3155 	EXP 	text: height = np.float64(0.05)
3.3155 	EXP 	text: height = np.float64(0.05)
3.3155 	EXP 	text: text = 'Which one are you going to buy?'
3.3164 	EXP 	eyetracker.setRecordingState(False)
3.3256 	EXP 	text: height = np.float64(0.05)
3.3256 	EXP 	text: height = np.float64(0.05)
3.3256 	EXP 	text: height = np.float64(0.05)
3.3256 	EXP 	text: text = 'Which one are you going to buy?'
3.3265 	EXP 	eyetracker.setRecordingState(False)
3.3357 	EXP 	text: height = np.float64(0.05)
3.3357 	EXP 	text: height = np.float64(0.05)
3.3357 	EXP 	text: height = np.float64(0.05)
3.3357 	EXP 	text: text = 'Which one are you going to buy?'
3.3364 	EXP 	eyetracker.setRecordingState(False)
3.3454 	EXP 	text: height = np.float64(0.05)
3.3454 	EXP 	text: height = np.float64(0.05)
3.3454 	EXP 	text: height = np.float64(0.05)
3.3454 	EXP 	text: text = 'Which one are you going to buy?'
3.3465 	EXP 	eyetracker.setRecordingState(False)
3.3593 	EXP 	text: height = np.float64(0.05)
3.3593 	EXP 	text: height = np.float64(0.05)
3.3593 	EXP 	text: height = np.float64(0.05)
3.3593 	EXP 	text: text = 'Which one are you going to buy?'
3.3611 	EXP 	eyetracker.setRecordingState(False)
3.3738 	EXP 	text: height = np.float64(0.05)
3.3738 	EXP 	text: height = np.float64(0.05)
3.3738 	EXP 	text: height = np.float64(0.05)
3.3738 	EXP 	text: text = 'Which one are you going to buy?'
3.3753 	EXP 	eyetracker.setRecordingState(False)
3.3917 	EXP 	text: height = np.float64(0.05)
3.3917 	EXP 	text: height = np.float64(0.05)
3.3917 	EXP 	text: height = np.float64(0.05)
3.3917 	EXP 	text: text = 'Which one are you going to buy?'
3.3941 	EXP 	eyetracker.setRecordingState(False)
3.4141 	EXP 	text: height = np.float64(0.05)
3.4141 	EXP 	text: height = np.float64(0.05)
3.4141 	EXP 	text: height = np.float64(0.05)
3.4141 	EXP 	text: text = 'Which one are you going to buy?'
3.4162 	EXP 	eyetracker.setRecordingState(False)
3.4347 	EXP 	text: height = np.float64(0.05)
3.4347 	EXP 	text: height = np.float64(0.05)
3.4347 	EXP 	text: height = np.float64(0.05)
3.4347 	EXP 	text: text = 'Which one are you going to buy?'
3.4365 	EXP 	eyetracker.setRecordingState(False)
3.4545 	EXP 	text: height = np.float64(0.05)
3.4545 	EXP 	text: height = np.float64(0.05)
3.4545 	EXP 	text: height = np.float64(0.05)
3.4545 	EXP 	text: text = 'Which one are you going to buy?'
3.4566 	EXP 	eyetracker.setRecordingState(False)
3.4779 	EXP 	text: height = np.float64(0.05)
3.4779 	EXP 	text: height = np.float64(0.05)
3.4779 	EXP 	text: height = np.float64(0.05)
3.4779 	EXP 	text: text = 'Which one are you going to buy?'
3.4804 	EXP 	eyetracker.setRecordingState(False)
3.5017 	EXP 	text: height = np.float64(0.05)
3.5017 	EXP 	text: height = np.float64(0.05)
3.5017 	EXP 	text: height = np.float64(0.05)
3.5017 	EXP 	text: text = 'Which one are you going to buy?'
3.5039 	EXP 	eyetracker.setRecordingState(False)
3.5266 	EXP 	text: height = np.float64(0.05)
3.5266 	EXP 	text: height = np.float64(0.05)
3.5266 	EXP 	text: height = np.float64(0.05)
3.5266 	EXP 	text: text = 'Which one are you going to buy?'
3.5286 	EXP 	eyetracker.setRecordingState(False)
3.5469 	EXP 	text: height = np.float64(0.05)
3.5469 	EXP 	text: height = np.float64(0.05)
3.5469 	EXP 	text: height = np.float64(0.05)
3.5469 	EXP 	text: text = 'Which one are you going to buy?'
3.5489 	EXP 	eyetracker.setRecordingState(False)
3.5621 	EXP 	text: height = np.float64(0.05)
3.5621 	EXP 	text: height = np.float64(0.05)
3.5621 	EXP 	text: height = np.float64(0.05)
3.5621 	EXP 	text: text = 'Which one are you going to buy?'
3.5634 	EXP 	eyetracker.setRecordingState(False)
3.5770 	EXP 	text: height = np.float64(0.05)
3.5770 	EXP 	text: height = np.float64(0.05)
3.5770 	EXP 	text: height = np.float64(0.05)
3.5770 	EXP 	text: text = 'Which one are you going to buy?'
3.5789 	EXP 	eyetracker.setRecordingState(False)
3.5999 	EXP 	text: height = np.float64(0.05)
3.5999 	EXP 	text: height = np.float64(0.05)
3.5999 	EXP 	text: height = np.float64(0.05)
3.5999 	EXP 	text: text = 'Which one are you going to buy?'
3.6017 	EXP 	eyetracker.setRecordingState(False)
3.6190 	EXP 	text: height = np.float64(0.05)
3.6190 	EXP 	text: height = np.float64(0.05)
3.6190 	EXP 	text: height = np.float64(0.05)
3.6190 	EXP 	text: text = 'Which one are you going to buy?'
3.6210 	EXP 	eyetracker.setRecordingState(False)
3.6419 	EXP 	text: height = np.float64(0.05)
3.6419 	EXP 	text: height = np.float64(0.05)
3.6419 	EXP 	text: height = np.float64(0.05)
3.6419 	EXP 	text: text = 'Which one are you going to buy?'
3.6438 	EXP 	eyetracker.setRecordingState(False)
3.6624 	EXP 	text: height = np.float64(0.05)
3.6624 	EXP 	text: height = np.float64(0.05)
3.6624 	EXP 	text: height = np.float64(0.05)
3.6624 	EXP 	text: text = 'Which one are you going to buy?'
3.6647 	EXP 	eyetracker.setRecordingState(False)
3.6832 	EXP 	text: height = np.float64(0.05)
3.6832 	EXP 	text: height = np.float64(0.05)
3.6832 	EXP 	text: height = np.float64(0.05)
3.6832 	EXP 	text: text = 'Which one are you going to buy?'
3.6854 	EXP 	eyetracker.setRecordingState(False)
3.7050 	EXP 	text: height = np.float64(0.05)
3.7050 	EXP 	text: height = np.float64(0.05)
3.7050 	EXP 	text: height = np.float64(0.05)
3.7050 	EXP 	text: text = 'Which one are you going to buy?'
3.7073 	EXP 	eyetracker.setRecordingState(False)
3.7238 	EXP 	text: height = np.float64(0.05)
3.7238 	EXP 	text: height = np.float64(0.05)
3.7238 	EXP 	text: height = np.float64(0.05)
3.7238 	EXP 	text: text = 'Which one are you going to buy?'
3.7258 	EXP 	eyetracker.setRecordingState(False)
3.7494 	EXP 	text: height = np.float64(0.05)
3.7494 	EXP 	text: height = np.float64(0.05)
3.7494 	EXP 	text: height = np.float64(0.05)
3.7494 	EXP 	text: text = 'Which one are you going to buy?'
3.7515 	EXP 	eyetracker.setRecordingState(False)
3.7699 	EXP 	text: height = np.float64(0.05)
3.7699 	EXP 	text: height = np.float64(0.05)
3.7699 	EXP 	text: height = np.float64(0.05)
3.7699 	EXP 	text: text = 'Which one are you going to buy?'
3.7715 	EXP 	eyetracker.setRecordingState(False)
3.7864 	EXP 	text: height = np.float64(0.05)
3.7864 	EXP 	text: height = np.float64(0.05)
3.7864 	EXP 	text: height = np.float64(0.05)
3.7864 	EXP 	text: text = 'Which one are you going to buy?'
3.7877 	EXP 	eyetracker.setRecordingState(False)
3.7993 	EXP 	text: height = np.float64(0.05)
3.7993 	EXP 	text: height = np.float64(0.05)
3.7993 	EXP 	text: height = np.float64(0.05)
3.7993 	EXP 	text: text = 'Which one are you going to buy?'
3.8007 	EXP 	eyetracker.setRecordingState(False)
3.8115 	EXP 	text: height = np.float64(0.05)
3.8115 	EXP 	text: height = np.float64(0.05)
3.8115 	EXP 	text: height = np.float64(0.05)
3.8115 	EXP 	text: text = 'Which one are you going to buy?'
3.8125 	EXP 	eyetracker.setRecordingState(False)
3.8246 	EXP 	text: height = np.float64(0.05)
3.8246 	EXP 	text: height = np.float64(0.05)
3.8246 	EXP 	text: height = np.float64(0.05)
3.8246 	EXP 	text: text = 'Which one are you going to buy?'
3.8257 	EXP 	eyetracker.setRecordingState(False)
3.8381 	EXP 	text: height = np.float64(0.05)
3.8381 	EXP 	text: height = np.float64(0.05)
3.8381 	EXP 	text: height = np.float64(0.05)
3.8381 	EXP 	text: text = 'Which one are you going to buy?'
3.8390 	EXP 	eyetracker.setRecordingState(False)
3.8500 	EXP 	text: height = np.float64(0.05)
3.8500 	EXP 	text: height = np.float64(0.05)
3.8500 	EXP 	text: height = np.float64(0.05)
3.8500 	EXP 	text: text = 'Which one are you going to buy?'
3.8515 	EXP 	eyetracker.setRecordingState(False)
3.8655 	EXP 	text: height = np.float64(0.05)
3.8655 	EXP 	text: height = np.float64(0.05)
3.8655 	EXP 	text: height = np.float64(0.05)
3.8655 	EXP 	text: text = 'Which one are you going to buy?'
3.8666 	EXP 	eyetracker.setRecordingState(False)
3.8795 	EXP 	text: height = np.float64(0.05)
3.8795 	EXP 	text: height = np.float64(0.05)
3.8795 	EXP 	text: height = np.float64(0.05)
3.8795 	EXP 	text: text = 'Which one are you going to buy?'
3.8815 	EXP 	eyetracker.setRecordingState(False)
3.8971 	EXP 	text: height = np.float64(0.05)
3.8971 	EXP 	text: height = np.float64(0.05)
3.8971 	EXP 	text: height = np.float64(0.05)
3.8971 	EXP 	text: text = 'Which one are you going to buy?'
3.8994 	EXP 	eyetracker.setRecordingState(False)
3.9171 	EXP 	text: height = np.float64(0.05)
3.9171 	EXP 	text: height = np.float64(0.05)
3.9171 	EXP 	text: height = np.float64(0.05)
3.9171 	EXP 	text: text = 'Which one are you going to buy?'
3.9188 	EXP 	eyetracker.setRecordingState(False)
3.9366 	EXP 	text: height = np.float64(0.05)
3.9366 	EXP 	text: height = np.float64(0.05)
3.9366 	EXP 	text: height = np.float64(0.05)
3.9366 	EXP 	text: text = 'Which one are you going to buy?'
3.9383 	EXP 	eyetracker.setRecordingState(False)
3.9545 	EXP 	text: height = np.float64(0.05)
3.9545 	EXP 	text: height = np.float64(0.05)
3.9545 	EXP 	text: height = np.float64(0.05)
3.9545 	EXP 	text: text = 'Which one are you going to buy?'
3.9568 	EXP 	eyetracker.setRecordingState(False)
3.9734 	EXP 	text: height = np.float64(0.05)
3.9734 	EXP 	text: height = np.float64(0.05)
3.9734 	EXP 	text: height = np.float64(0.05)
3.9734 	EXP 	text: text = 'Which one are you going to buy?'
3.9754 	EXP 	eyetracker.setRecordingState(False)
3.9886 	EXP 	text: height = np.float64(0.05)
3.9886 	EXP 	text: height = np.float64(0.05)
3.9886 	EXP 	text: height = np.float64(0.05)
3.9886 	EXP 	text: text = 'Which one are you going to buy?'
3.9897 	EXP 	eyetracker.setRecordingState(False)
4.0040 	EXP 	text: height = np.float64(0.05)
4.0040 	EXP 	text: height = np.float64(0.05)
4.0040 	EXP 	text: height = np.float64(0.05)
4.0040 	EXP 	text: text = 'Which one are you going to buy?'
4.0062 	EXP 	eyetracker.setRecordingState(False)
4.0209 	EXP 	text: height = np.float64(0.05)
4.0209 	EXP 	text: height = np.float64(0.05)
4.0209 	EXP 	text: height = np.float64(0.05)
4.0209 	EXP 	text: text = 'Which one are you going to buy?'
4.0224 	EXP 	eyetracker.setRecordingState(False)
4.0347 	EXP 	text: height = np.float64(0.05)
4.0347 	EXP 	text: height = np.float64(0.05)
4.0347 	EXP 	text: height = np.float64(0.05)
4.0347 	EXP 	text: text = 'Which one are you going to buy?'
4.0360 	EXP 	eyetracker.setRecordingState(False)
4.0488 	EXP 	text: height = np.float64(0.05)
4.0488 	EXP 	text: height = np.float64(0.05)
4.0488 	EXP 	text: height = np.float64(0.05)
4.0488 	EXP 	text: text = 'Which one are you going to buy?'
4.0506 	EXP 	eyetracker.setRecordingState(False)
4.0660 	EXP 	text: height = np.float64(0.05)
4.0660 	EXP 	text: height = np.float64(0.05)
4.0660 	EXP 	text: height = np.float64(0.05)
4.0660 	EXP 	text: text = 'Which one are you going to buy?'
4.0675 	EXP 	eyetracker.setRecordingState(False)
4.0817 	EXP 	text: height = np.float64(0.05)
4.0817 	EXP 	text: height = np.float64(0.05)
4.0817 	EXP 	text: height = np.float64(0.05)
4.0817 	EXP 	text: text = 'Which one are you going to buy?'
4.0836 	EXP 	eyetracker.setRecordingState(False)
4.1007 	EXP 	text: height = np.float64(0.05)
4.1007 	EXP 	text: height = np.float64(0.05)
4.1007 	EXP 	text: height = np.float64(0.05)
4.1007 	EXP 	text: text = 'Which one are you going to buy?'
4.1029 	EXP 	eyetracker.setRecordingState(False)
4.1201 	EXP 	text: height = np.float64(0.05)
4.1201 	EXP 	text: height = np.float64(0.05)
4.1201 	EXP 	text: height = np.float64(0.05)
4.1201 	EXP 	text: text = 'Which one are you going to buy?'
4.1216 	EXP 	eyetracker.setRecordingState(False)
4.1359 	EXP 	text: height = np.float64(0.05)
4.1359 	EXP 	text: height = np.float64(0.05)
4.1359 	EXP 	text: height = np.float64(0.05)
4.1359 	EXP 	text: text = 'Which one are you going to buy?'
4.1373 	EXP 	eyetracker.setRecordingState(False)
4.1534 	EXP 	text: height = np.float64(0.05)
4.1534 	EXP 	text: height = np.float64(0.05)
4.1534 	EXP 	text: height = np.float64(0.05)
4.1534 	EXP 	text: text = 'Which one are you going to buy?'
4.1556 	EXP 	eyetracker.setRecordingState(False)
4.1750 	EXP 	text: height = np.float64(0.05)
4.1750 	EXP 	text: height = np.float64(0.05)
4.1750 	EXP 	text: height = np.float64(0.05)
4.1750 	EXP 	text: text = 'Which one are you going to buy?'
4.1768 	EXP 	eyetracker.setRecordingState(False)
4.1938 	EXP 	text: height = np.float64(0.05)
4.1938 	EXP 	text: height = np.float64(0.05)
4.1938 	EXP 	text: height = np.float64(0.05)
4.1938 	EXP 	text: text = 'Which one are you going to buy?'
4.1957 	EXP 	eyetracker.setRecordingState(False)
4.2119 	EXP 	text: height = np.float64(0.05)
4.2119 	EXP 	text: height = np.float64(0.05)
4.2119 	EXP 	text: height = np.float64(0.05)
4.2119 	EXP 	text: text = 'Which one are you going to buy?'
4.2138 	EXP 	eyetracker.setRecordingState(False)
4.2296 	EXP 	text: height = np.float64(0.05)
4.2296 	EXP 	text: height = np.float64(0.05)
4.2296 	EXP 	text: height = np.float64(0.05)
4.2296 	EXP 	text: text = 'Which one are you going to buy?'
4.2311 	EXP 	eyetracker.setRecordingState(False)
4.2481 	EXP 	text: height = np.float64(0.05)
4.2481 	EXP 	text: height = np.float64(0.05)
4.2481 	EXP 	text: height = np.float64(0.05)
4.2481 	EXP 	text: text = 'Which one are you going to buy?'
4.2498 	EXP 	eyetracker.setRecordingState(False)
4.2661 	EXP 	text: height = np.float64(0.05)
4.2661 	EXP 	text: height = np.float64(0.05)
4.2661 	EXP 	text: height = np.float64(0.05)
4.2661 	EXP 	text: text = 'Which one are you going to buy?'
4.2678 	EXP 	eyetracker.setRecordingState(False)
4.2845 	EXP 	text: height = np.float64(0.05)
4.2845 	EXP 	text: height = np.float64(0.05)
4.2845 	EXP 	text: height = np.float64(0.05)
4.2845 	EXP 	text: text = 'Which one are you going to buy?'
4.2861 	EXP 	eyetracker.setRecordingState(False)
4.3023 	EXP 	text: height = np.float64(0.05)
4.3023 	EXP 	text: height = np.float64(0.05)
4.3023 	EXP 	text: height = np.float64(0.05)
4.3023 	EXP 	text: text = 'Which one are you going to buy?'
4.3039 	EXP 	eyetracker.setRecordingState(False)
4.3216 	EXP 	text: height = np.float64(0.05)
4.3216 	EXP 	text: height = np.float64(0.05)
4.3216 	EXP 	text: height = np.float64(0.05)
4.3216 	EXP 	text: text = 'Which one are you going to buy?'
4.3233 	EXP 	eyetracker.setRecordingState(False)
4.3391 	EXP 	text: height = np.float64(0.05)
4.3391 	EXP 	text: height = np.float64(0.05)
4.3391 	EXP 	text: height = np.float64(0.05)
4.3391 	EXP 	text: text = 'Which one are you going to buy?'
4.3404 	EXP 	eyetracker.setRecordingState(False)
4.3518 	EXP 	text: height = np.float64(0.05)
4.3518 	EXP 	text: height = np.float64(0.05)
4.3518 	EXP 	text: height = np.float64(0.05)
4.3518 	EXP 	text: text = 'Which one are you going to buy?'
4.3529 	EXP 	eyetracker.setRecordingState(False)
4.3659 	EXP 	text: height = np.float64(0.05)
4.3659 	EXP 	text: height = np.float64(0.05)
4.3659 	EXP 	text: height = np.float64(0.05)
4.3659 	EXP 	text: text = 'Which one are you going to buy?'
4.3676 	EXP 	eyetracker.setRecordingState(False)
4.3830 	EXP 	text: height = np.float64(0.05)
4.3830 	EXP 	text: height = np.float64(0.05)
4.3830 	EXP 	text: height = np.float64(0.05)
4.3830 	EXP 	text: text = 'Which one are you going to buy?'
4.3848 	EXP 	eyetracker.setRecordingState(False)
4.3978 	EXP 	text: height = np.float64(0.05)
4.3978 	EXP 	text: height = np.float64(0.05)
4.3978 	EXP 	text: height = np.float64(0.05)
4.3978 	EXP 	text: text = 'Which one are you going to buy?'
4.3992 	EXP 	eyetracker.setRecordingState(False)
4.4139 	EXP 	text: height = np.float64(0.05)
4.4139 	EXP 	text: height = np.float64(0.05)
4.4139 	EXP 	text: height = np.float64(0.05)
4.4139 	EXP 	text: text = 'Which one are you going to buy?'
4.4156 	EXP 	eyetracker.setRecordingState(False)
4.4274 	EXP 	text: height = np.float64(0.05)
4.4274 	EXP 	text: height = np.float64(0.05)
4.4274 	EXP 	text: height = np.float64(0.05)
4.4274 	EXP 	text: text = 'Which one are you going to buy?'
4.4283 	EXP 	eyetracker.setRecordingState(False)
4.4362 	EXP 	text: height = np.float64(0.05)
4.4362 	EXP 	text: height = np.float64(0.05)
4.4362 	EXP 	text: height = np.float64(0.05)
4.4362 	EXP 	text: text = 'Which one are you going to buy?'
4.4370 	EXP 	eyetracker.setRecordingState(False)
4.4463 	EXP 	text: height = np.float64(0.05)
4.4463 	EXP 	text: height = np.float64(0.05)
4.4463 	EXP 	text: height = np.float64(0.05)
4.4463 	EXP 	text: text = 'Which one are you going to buy?'
4.4480 	EXP 	eyetracker.setRecordingState(False)
4.4597 	EXP 	text: height = np.float64(0.05)
4.4597 	EXP 	text: height = np.float64(0.05)
4.4597 	EXP 	text: height = np.float64(0.05)
4.4597 	EXP 	text: text = 'Which one are you going to buy?'
4.4612 	EXP 	eyetracker.setRecordingState(False)
4.4748 	EXP 	text: height = np.float64(0.05)
4.4748 	EXP 	text: height = np.float64(0.05)
4.4748 	EXP 	text: height = np.float64(0.05)
4.4748 	EXP 	text: text = 'Which one are you going to buy?'
4.4760 	EXP 	eyetracker.setRecordingState(False)
4.4902 	EXP 	text: height = np.float64(0.05)
4.4902 	EXP 	text: height = np.float64(0.05)
4.4902 	EXP 	text: height = np.float64(0.05)
4.4902 	EXP 	text: text = 'Which one are you going to buy?'
4.4920 	EXP 	eyetracker.setRecordingState(False)
4.5097 	EXP 	text: height = np.float64(0.05)
4.5097 	EXP 	text: height = np.float64(0.05)
4.5097 	EXP 	text: height = np.float64(0.05)
4.5097 	EXP 	text: text = 'Which one are you going to buy?'
4.5119 	EXP 	eyetracker.setRecordingState(False)
4.5335 	EXP 	text: height = np.float64(0.05)
4.5335 	EXP 	text: height = np.float64(0.05)
4.5335 	EXP 	text: height = np.float64(0.05)
4.5335 	EXP 	text: text = 'Which one are you going to buy?'
4.5357 	EXP 	eyetracker.setRecordingState(False)
4.5584 	EXP 	text: height = np.float64(0.05)
4.5584 	EXP 	text: height = np.float64(0.05)
4.5584 	EXP 	text: height = np.float64(0.05)
4.5584 	EXP 	text: text = 'Which one are you going to buy?'
4.5609 	EXP 	eyetracker.setRecordingState(False)
4.5772 	EXP 	text: height = np.float64(0.05)
4.5772 	EXP 	text: height = np.float64(0.05)
4.5772 	EXP 	text: height = np.float64(0.05)
4.5772 	EXP 	text: text = 'Which one are you going to buy?'
4.5789 	EXP 	eyetracker.setRecordingState(False)
4.5937 	EXP 	text: height = np.float64(0.05)
4.5937 	EXP 	text: height = np.float64(0.05)
4.5937 	EXP 	text: height = np.float64(0.05)
4.5937 	EXP 	text: text = 'Which one are you going to buy?'
4.5954 	EXP 	eyetracker.setRecordingState(False)
4.6108 	EXP 	text: height = np.float64(0.05)
4.6108 	EXP 	text: height = np.float64(0.05)
4.6108 	EXP 	text: height = np.float64(0.05)
4.6108 	EXP 	text: text = 'Which one are you going to buy?'
4.6124 	EXP 	eyetracker.setRecordingState(False)
4.6300 	EXP 	text: height = np.float64(0.05)
4.6300 	EXP 	text: height = np.float64(0.05)
4.6300 	EXP 	text: height = np.float64(0.05)
4.6300 	EXP 	text: text = 'Which one are you going to buy?'
4.6320 	EXP 	eyetracker.setRecordingState(False)
4.6526 	EXP 	text: height = np.float64(0.05)
4.6526 	EXP 	text: height = np.float64(0.05)
4.6526 	EXP 	text: height = np.float64(0.05)
4.6526 	EXP 	text: text = 'Which one are you going to buy?'
4.6548 	EXP 	eyetracker.setRecordingState(False)
4.6758 	EXP 	text: height = np.float64(0.05)
4.6758 	EXP 	text: height = np.float64(0.05)
4.6758 	EXP 	text: height = np.float64(0.05)
4.6758 	EXP 	text: text = 'Which one are you going to buy?'
4.6780 	EXP 	eyetracker.setRecordingState(False)
4.6975 	EXP 	text: height = np.float64(0.05)
4.6975 	EXP 	text: height = np.float64(0.05)
4.6975 	EXP 	text: height = np.float64(0.05)
4.6975 	EXP 	text: text = 'Which one are you going to buy?'
4.6999 	EXP 	eyetracker.setRecordingState(False)
4.7156 	EXP 	text: height = np.float64(0.05)
4.7156 	EXP 	text: height = np.float64(0.05)
4.7156 	EXP 	text: height = np.float64(0.05)
4.7156 	EXP 	text: text = 'Which one are you going to buy?'
4.7169 	EXP 	eyetracker.setRecordingState(False)
4.7342 	EXP 	text: height = np.float64(0.05)
4.7342 	EXP 	text: height = np.float64(0.05)
4.7342 	EXP 	text: height = np.float64(0.05)
4.7342 	EXP 	text: text = 'Which one are you going to buy?'
4.7359 	EXP 	eyetracker.setRecordingState(False)
4.7538 	EXP 	text: height = np.float64(0.05)
4.7538 	EXP 	text: height = np.float64(0.05)
4.7538 	EXP 	text: height = np.float64(0.05)
4.7538 	EXP 	text: text = 'Which one are you going to buy?'
4.7561 	EXP 	eyetracker.setRecordingState(False)
4.7778 	EXP 	text: height = np.float64(0.05)
4.7778 	EXP 	text: height = np.float64(0.05)
4.7778 	EXP 	text: height = np.float64(0.05)
4.7778 	EXP 	text: text = 'Which one are you going to buy?'
4.7798 	EXP 	eyetracker.setRecordingState(False)
4.8008 	EXP 	text: height = np.float64(0.05)
4.8008 	EXP 	text: height = np.float64(0.05)
4.8008 	EXP 	text: height = np.float64(0.05)
4.8008 	EXP 	text: text = 'Which one are you going to buy?'
4.8030 	EXP 	eyetracker.setRecordingState(False)
4.8211 	EXP 	text: height = np.float64(0.05)
4.8211 	EXP 	text: height = np.float64(0.05)
4.8211 	EXP 	text: height = np.float64(0.05)
4.8211 	EXP 	text: text = 'Which one are you going to buy?'
4.8234 	EXP 	eyetracker.setRecordingState(False)
4.8448 	EXP 	text: height = np.float64(0.05)
4.8448 	EXP 	text: height = np.float64(0.05)
4.8448 	EXP 	text: height = np.float64(0.05)
4.8448 	EXP 	text: text = 'Which one are you going to buy?'
4.8467 	EXP 	eyetracker.setRecordingState(False)
4.8686 	EXP 	text: height = np.float64(0.05)
4.8686 	EXP 	text: height = np.float64(0.05)
4.8686 	EXP 	text: height = np.float64(0.05)
4.8686 	EXP 	text: text = 'Which one are you going to buy?'
4.8709 	EXP 	eyetracker.setRecordingState(False)
4.8898 	EXP 	text: height = np.float64(0.05)
4.8898 	EXP 	text: height = np.float64(0.05)
4.8898 	EXP 	text: height = np.float64(0.05)
4.8898 	EXP 	text: text = 'Which one are you going to buy?'
4.8915 	EXP 	eyetracker.setRecordingState(False)
4.9060 	EXP 	text: height = np.float64(0.05)
4.9060 	EXP 	text: height = np.float64(0.05)
4.9060 	EXP 	text: height = np.float64(0.05)
4.9060 	EXP 	text: text = 'Which one are you going to buy?'
4.9072 	EXP 	eyetracker.setRecordingState(False)
4.9186 	EXP 	text: height = np.float64(0.05)
4.9186 	EXP 	text: height = np.float64(0.05)
4.9186 	EXP 	text: height = np.float64(0.05)
4.9186 	EXP 	text: text = 'Which one are you going to buy?'
4.9199 	EXP 	eyetracker.setRecordingState(False)
4.9308 	EXP 	text: height = np.float64(0.05)
4.9308 	EXP 	text: height = np.float64(0.05)
4.9308 	EXP 	text: height = np.float64(0.05)
4.9308 	EXP 	text: text = 'Which one are you going to buy?'
4.9318 	EXP 	eyetracker.setRecordingState(False)
4.9442 	EXP 	text: height = np.float64(0.05)
4.9442 	EXP 	text: height = np.float64(0.05)
4.9442 	EXP 	text: height = np.float64(0.05)
4.9442 	EXP 	text: text = 'Which one are you going to buy?'
4.9460 	EXP 	eyetracker.setRecordingState(False)
4.9658 	EXP 	text: height = np.float64(0.05)
4.9658 	EXP 	text: height = np.float64(0.05)
4.9658 	EXP 	text: height = np.float64(0.05)
4.9658 	EXP 	text: text = 'Which one are you going to buy?'
4.9684 	EXP 	eyetracker.setRecordingState(False)
4.9853 	EXP 	text: height = np.float64(0.05)
4.9853 	EXP 	text: height = np.float64(0.05)
4.9853 	EXP 	text: height = np.float64(0.05)
4.9853 	EXP 	text: text = 'Which one are you going to buy?'
4.9873 	EXP 	eyetracker.setRecordingState(False)
5.0026 	EXP 	text: height = np.float64(0.05)
5.0026 	EXP 	text: height = np.float64(0.05)
5.0026 	EXP 	text: height = np.float64(0.05)
5.0026 	EXP 	text: text = 'Which one are you going to buy?'
5.0040 	EXP 	eyetracker.setRecordingState(False)
5.0187 	EXP 	text: height = np.float64(0.05)
5.0187 	EXP 	text: height = np.float64(0.05)
5.0187 	EXP 	text: height = np.float64(0.05)
5.0187 	EXP 	text: text = 'Which one are you going to buy?'
5.0200 	EXP 	eyetracker.setRecordingState(False)
5.0327 	EXP 	text: height = np.float64(0.05)
5.0327 	EXP 	text: height = np.float64(0.05)
5.0327 	EXP 	text: height = np.float64(0.05)
5.0327 	EXP 	text: text = 'Which one are you going to buy?'
5.0340 	EXP 	eyetracker.setRecordingState(False)
5.0489 	EXP 	text: height = np.float64(0.05)
5.0489 	EXP 	text: height = np.float64(0.05)
5.0489 	EXP 	text: height = np.float64(0.05)
5.0489 	EXP 	text: text = 'Which one are you going to buy?'
5.0509 	EXP 	eyetracker.setRecordingState(False)
5.0677 	EXP 	text: height = np.float64(0.05)
5.0677 	EXP 	text: height = np.float64(0.05)
5.0677 	EXP 	text: height = np.float64(0.05)
5.0677 	EXP 	text: text = 'Which one are you going to buy?'
5.0694 	EXP 	eyetracker.setRecordingState(False)
5.0847 	EXP 	text: height = np.float64(0.05)
5.0847 	EXP 	text: height = np.float64(0.05)
5.0847 	EXP 	text: height = np.float64(0.05)
5.0847 	EXP 	text: text = 'Which one are you going to buy?'
5.0865 	EXP 	eyetracker.setRecordingState(False)
5.1009 	EXP 	text: height = np.float64(0.05)
5.1009 	EXP 	text: height = np.float64(0.05)
5.1009 	EXP 	text: height = np.float64(0.05)
5.1009 	EXP 	text: text = 'Which one are you going to buy?'
5.1026 	EXP 	eyetracker.setRecordingState(False)
5.1170 	EXP 	text: height = np.float64(0.05)
5.1170 	EXP 	text: height = np.float64(0.05)
5.1170 	EXP 	text: height = np.float64(0.05)
5.1170 	EXP 	text: text = 'Which one are you going to buy?'
5.1183 	EXP 	eyetracker.setRecordingState(False)
5.1320 	EXP 	text: height = np.float64(0.05)
5.1320 	EXP 	text: height = np.float64(0.05)
5.1320 	EXP 	text: height = np.float64(0.05)
5.1320 	EXP 	text: text = 'Which one are you going to buy?'
5.1335 	EXP 	eyetracker.setRecordingState(False)
5.1510 	EXP 	text: height = np.float64(0.05)
5.1510 	EXP 	text: height = np.float64(0.05)
5.1510 	EXP 	text: height = np.float64(0.05)
5.1510 	EXP 	text: text = 'Which one are you going to buy?'
5.1529 	EXP 	eyetracker.setRecordingState(False)
5.1687 	EXP 	text: height = np.float64(0.05)
5.1687 	EXP 	text: height = np.float64(0.05)
5.1687 	EXP 	text: height = np.float64(0.05)
5.1687 	EXP 	text: text = 'Which one are you going to buy?'
5.1706 	EXP 	eyetracker.setRecordingState(False)
5.1872 	EXP 	text: height = np.float64(0.05)
5.1872 	EXP 	text: height = np.float64(0.05)
5.1872 	EXP 	text: height = np.float64(0.05)
5.1872 	EXP 	text: text = 'Which one are you going to buy?'
5.1895 	EXP 	eyetracker.setRecordingState(False)
5.2078 	EXP 	text: height = np.float64(0.05)
5.2078 	EXP 	text: height = np.float64(0.05)
5.2078 	EXP 	text: height = np.float64(0.05)
5.2078 	EXP 	text: text = 'Which one are you going to buy?'
5.2097 	EXP 	eyetracker.setRecordingState(False)
5.2247 	EXP 	text: height = np.float64(0.05)
5.2247 	EXP 	text: height = np.float64(0.05)
5.2247 	EXP 	text: height = np.float64(0.05)
5.2247 	EXP 	text: text = 'Which one are you going to buy?'
5.2262 	EXP 	eyetracker.setRecordingState(False)
5.2428 	EXP 	text: height = np.float64(0.05)
5.2428 	EXP 	text: height = np.float64(0.05)
5.2428 	EXP 	text: height = np.float64(0.05)
5.2428 	EXP 	text: text = 'Which one are you going to buy?'
5.2449 	EXP 	eyetracker.setRecordingState(False)
5.2622 	EXP 	text: height = np.float64(0.05)
5.2622 	EXP 	text: height = np.float64(0.05)
5.2622 	EXP 	text: height = np.float64(0.05)
5.2622 	EXP 	text: text = 'Which one are you going to buy?'
5.2639 	EXP 	eyetracker.setRecordingState(False)
5.2811 	EXP 	text: height = np.float64(0.05)
5.2811 	EXP 	text: height = np.float64(0.05)
5.2811 	EXP 	text: height = np.float64(0.05)
5.2811 	EXP 	text: text = 'Which one are you going to buy?'
5.2833 	EXP 	eyetracker.setRecordingState(False)
5.3003 	EXP 	text: height = np.float64(0.05)
5.3003 	EXP 	text: height = np.float64(0.05)
5.3003 	EXP 	text: height = np.float64(0.05)
5.3003 	EXP 	text: text = 'Which one are you going to buy?'
5.3021 	EXP 	eyetracker.setRecordingState(False)
5.3145 	EXP 	text: height = np.float64(0.05)
5.3145 	EXP 	text: height = np.float64(0.05)
5.3145 	EXP 	text: height = np.float64(0.05)
5.3145 	EXP 	text: text = 'Which one are you going to buy?'
5.3157 	EXP 	eyetracker.setRecordingState(False)
5.3281 	EXP 	text: height = np.float64(0.05)
5.3281 	EXP 	text: height = np.float64(0.05)
5.3281 	EXP 	text: height = np.float64(0.05)
5.3281 	EXP 	text: text = 'Which one are you going to buy?'
5.3300 	EXP 	eyetracker.setRecordingState(False)
5.3441 	EXP 	text: height = np.float64(0.05)
5.3441 	EXP 	text: height = np.float64(0.05)
5.3441 	EXP 	text: height = np.float64(0.05)
5.3441 	EXP 	text: text = 'Which one are you going to buy?'
5.3456 	EXP 	eyetracker.setRecordingState(False)
5.3591 	EXP 	text: height = np.float64(0.05)
5.3591 	EXP 	text: height = np.float64(0.05)
5.3591 	EXP 	text: height = np.float64(0.05)
5.3591 	EXP 	text: text = 'Which one are you going to buy?'
5.3616 	EXP 	eyetracker.setRecordingState(False)
5.3771 	EXP 	text: height = np.float64(0.05)
5.3771 	EXP 	text: height = np.float64(0.05)
5.3771 	EXP 	text: height = np.float64(0.05)
5.3771 	EXP 	text: text = 'Which one are you going to buy?'
5.3788 	EXP 	eyetracker.setRecordingState(False)
5.3930 	EXP 	text: height = np.float64(0.05)
5.3930 	EXP 	text: height = np.float64(0.05)
5.3930 	EXP 	text: height = np.float64(0.05)
5.3930 	EXP 	text: text = 'Which one are you going to buy?'
5.3944 	EXP 	eyetracker.setRecordingState(False)
5.4071 	EXP 	text: height = np.float64(0.05)
5.4071 	EXP 	text: height = np.float64(0.05)
5.4071 	EXP 	text: height = np.float64(0.05)
5.4071 	EXP 	text: text = 'Which one are you going to buy?'
5.4084 	EXP 	eyetracker.setRecordingState(False)
5.4243 	EXP 	text: height = np.float64(0.05)
5.4243 	EXP 	text: height = np.float64(0.05)
5.4243 	EXP 	text: height = np.float64(0.05)
5.4243 	EXP 	text: text = 'Which one are you going to buy?'
5.4262 	EXP 	eyetracker.setRecordingState(False)
5.4401 	EXP 	text: height = np.float64(0.05)
5.4401 	EXP 	text: height = np.float64(0.05)
5.4401 	EXP 	text: height = np.float64(0.05)
5.4401 	EXP 	text: text = 'Which one are you going to buy?'
5.4425 	EXP 	eyetracker.setRecordingState(False)
5.4578 	EXP 	text: height = np.float64(0.05)
5.4578 	EXP 	text: height = np.float64(0.05)
5.4578 	EXP 	text: height = np.float64(0.05)
5.4578 	EXP 	text: text = 'Which one are you going to buy?'
5.4601 	EXP 	eyetracker.setRecordingState(False)
5.4781 	EXP 	text: height = np.float64(0.05)
5.4781 	EXP 	text: height = np.float64(0.05)
5.4781 	EXP 	text: height = np.float64(0.05)
5.4781 	EXP 	text: text = 'Which one are you going to buy?'
5.4802 	EXP 	eyetracker.setRecordingState(False)
5.4984 	EXP 	text: height = np.float64(0.05)
5.4984 	EXP 	text: height = np.float64(0.05)
5.4984 	EXP 	text: height = np.float64(0.05)
5.4984 	EXP 	text: text = 'Which one are you going to buy?'
5.5002 	EXP 	eyetracker.setRecordingState(False)
5.5181 	EXP 	text: height = np.float64(0.05)
5.5181 	EXP 	text: height = np.float64(0.05)
5.5181 	EXP 	text: height = np.float64(0.05)
5.5181 	EXP 	text: text = 'Which one are you going to buy?'
5.5205 	EXP 	eyetracker.setRecordingState(False)
5.5399 	EXP 	text: height = np.float64(0.05)
5.5399 	EXP 	text: height = np.float64(0.05)
5.5399 	EXP 	text: height = np.float64(0.05)
5.5399 	EXP 	text: text = 'Which one are you going to buy?'
5.5415 	EXP 	eyetracker.setRecordingState(False)
5.5584 	EXP 	text: height = np.float64(0.05)
5.5584 	EXP 	text: height = np.float64(0.05)
5.5584 	EXP 	text: height = np.float64(0.05)
5.5584 	EXP 	text: text = 'Which one are you going to buy?'
5.5599 	EXP 	eyetracker.setRecordingState(False)
5.5744 	EXP 	text: height = np.float64(0.05)
5.5744 	EXP 	text: height = np.float64(0.05)
5.5744 	EXP 	text: height = np.float64(0.05)
5.5744 	EXP 	text: text = 'Which one are you going to buy?'
5.5764 	EXP 	eyetracker.setRecordingState(False)
5.5940 	EXP 	text: height = np.float64(0.05)
5.5940 	EXP 	text: height = np.float64(0.05)
5.5940 	EXP 	text: height = np.float64(0.05)
5.5940 	EXP 	text: text = 'Which one are you going to buy?'
5.5960 	EXP 	eyetracker.setRecordingState(False)
5.6094 	EXP 	text: height = np.float64(0.05)
5.6094 	EXP 	text: height = np.float64(0.05)
5.6094 	EXP 	text: height = np.float64(0.05)
5.6094 	EXP 	text: text = 'Which one are you going to buy?'
5.6106 	EXP 	eyetracker.setRecordingState(False)
5.6221 	EXP 	text: height = np.float64(0.05)
5.6221 	EXP 	text: height = np.float64(0.05)
5.6221 	EXP 	text: height = np.float64(0.05)
5.6221 	EXP 	text: text = 'Which one are you going to buy?'
5.6235 	EXP 	eyetracker.setRecordingState(False)
5.6349 	EXP 	text: height = np.float64(0.05)
5.6349 	EXP 	text: height = np.float64(0.05)
5.6349 	EXP 	text: height = np.float64(0.05)
5.6349 	EXP 	text: text = 'Which one are you going to buy?'
5.6359 	EXP 	eyetracker.setRecordingState(False)
5.6428 	DATA 	Mouse: Left button down, pos=(647,543)
5.6454 	EXP 	text: height = np.float64(0.05)
5.6454 	EXP 	text: height = np.float64(0.05)
5.6454 	EXP 	text: height = np.float64(0.05)
5.6454 	EXP 	text: text = 'Which one are you going to buy?'
5.6521 	EXP 	eyetracker.setRecordingState(False)
5.6548 	EXP 	eyetracker.setRecordingState(False)
5.6686 	INFO 	Keyboard events cleared
5.6675 	EXP 	text: autoDraw = False
5.6675 	EXP 	ambewela: autoDraw = False
5.6675 	EXP 	kothmale: autoDraw = False
5.6675 	EXP 	happycow: autoDraw = False
5.6675 	EXP 	kraft: autoDraw = False
5.6675 	EXP 	richlife: autoDraw = False
5.6675 	EXP 	text_2: autoDraw = False
5.6675 	EXP 	text_3: autoDraw = False
5.6675 	EXP 	text_4: autoDraw = False
5.6675 	EXP 	text_5: autoDraw = False
5.6675 	EXP 	text_6: autoDraw = False
5.6675 	EXP 	text_7: autoDraw = True
5.6675 	EXP 	highlandYoghurt: autoDraw = True
5.6675 	EXP 	anchoryoghurt: autoDraw = True
5.6675 	EXP 	ambewelayoghurt: autoDraw = True
5.6675 	EXP 	pelawatteyoghurt: autoDraw = True
5.6675 	EXP 	text_8: autoDraw = True
5.6675 	EXP 	text_9: autoDraw = True
5.6675 	EXP 	text_10: autoDraw = True
5.6675 	EXP 	text_11: autoDraw = True
5.6709 	EXP 	eyetracker.setRecordingState(False)
5.6788 	EXP 	eyetracker.setRecordingState(False)
5.6869 	EXP 	eyetracker.setRecordingState(False)
5.6964 	EXP 	eyetracker.setRecordingState(False)
5.7055 	EXP 	eyetracker.setRecordingState(False)
5.7158 	EXP 	eyetracker.setRecordingState(False)
5.7243 	EXP 	eyetracker.setRecordingState(False)
5.7325 	EXP 	eyetracker.setRecordingState(False)
5.7408 	EXP 	eyetracker.setRecordingState(False)
5.7498 	EXP 	eyetracker.setRecordingState(False)
5.7585 	EXP 	eyetracker.setRecordingState(False)
5.7679 	EXP 	eyetracker.setRecordingState(False)
5.7787 	EXP 	eyetracker.setRecordingState(False)
5.7880 	EXP 	eyetracker.setRecordingState(False)
5.7972 	EXP 	eyetracker.setRecordingState(False)
5.8082 	EXP 	eyetracker.setRecordingState(False)
5.8164 	EXP 	eyetracker.setRecordingState(False)
5.8250 	EXP 	eyetracker.setRecordingState(False)
5.8335 	EXP 	eyetracker.setRecordingState(False)
5.8423 	EXP 	eyetracker.setRecordingState(False)
5.8512 	EXP 	eyetracker.setRecordingState(False)
5.8614 	EXP 	eyetracker.setRecordingState(False)
5.8664 	DATA 	Mouse:  Left button up, pos=(647,543)
5.8709 	EXP 	eyetracker.setRecordingState(False)
5.8785 	EXP 	eyetracker.setRecordingState(False)
5.8865 	EXP 	eyetracker.setRecordingState(False)
5.8932 	EXP 	eyetracker.setRecordingState(False)
5.9033 	EXP 	eyetracker.setRecordingState(False)
5.9107 	EXP 	eyetracker.setRecordingState(False)
5.9164 	EXP 	eyetracker.setRecordingState(False)
5.9227 	EXP 	eyetracker.setRecordingState(False)
5.9286 	EXP 	eyetracker.setRecordingState(False)
5.9342 	EXP 	eyetracker.setRecordingState(False)
5.9397 	EXP 	eyetracker.setRecordingState(False)
5.9451 	EXP 	eyetracker.setRecordingState(False)
5.9506 	EXP 	eyetracker.setRecordingState(False)
5.9581 	EXP 	eyetracker.setRecordingState(False)
5.9656 	EXP 	eyetracker.setRecordingState(False)
5.9727 	EXP 	eyetracker.setRecordingState(False)
5.9804 	EXP 	eyetracker.setRecordingState(False)
5.9892 	EXP 	eyetracker.setRecordingState(False)
5.9978 	EXP 	eyetracker.setRecordingState(False)
6.0062 	EXP 	eyetracker.setRecordingState(False)
6.0156 	EXP 	eyetracker.setRecordingState(False)
6.0249 	EXP 	eyetracker.setRecordingState(False)
6.0344 	EXP 	eyetracker.setRecordingState(False)
6.0438 	EXP 	eyetracker.setRecordingState(False)
6.0545 	EXP 	eyetracker.setRecordingState(False)
6.0626 	EXP 	eyetracker.setRecordingState(False)
6.0702 	EXP 	eyetracker.setRecordingState(False)
6.0770 	EXP 	eyetracker.setRecordingState(False)
6.0841 	EXP 	eyetracker.setRecordingState(False)
6.0909 	EXP 	eyetracker.setRecordingState(False)
6.0975 	EXP 	eyetracker.setRecordingState(False)
6.1060 	EXP 	eyetracker.setRecordingState(False)
6.1145 	EXP 	eyetracker.setRecordingState(False)
6.1245 	EXP 	eyetracker.setRecordingState(False)
6.1343 	EXP 	eyetracker.setRecordingState(False)
6.1461 	EXP 	eyetracker.setRecordingState(False)
6.1598 	EXP 	eyetracker.setRecordingState(False)
6.1710 	EXP 	eyetracker.setRecordingState(False)
6.1833 	EXP 	eyetracker.setRecordingState(False)
6.1950 	EXP 	eyetracker.setRecordingState(False)
6.2068 	EXP 	eyetracker.setRecordingState(False)
6.2214 	EXP 	eyetracker.setRecordingState(False)
6.2359 	EXP 	eyetracker.setRecordingState(False)
6.2525 	EXP 	eyetracker.setRecordingState(False)
6.2639 	EXP 	eyetracker.setRecordingState(False)
6.2745 	EXP 	eyetracker.setRecordingState(False)
6.2854 	EXP 	eyetracker.setRecordingState(False)
6.2981 	EXP 	eyetracker.setRecordingState(False)
6.3127 	EXP 	eyetracker.setRecordingState(False)
6.3282 	EXP 	eyetracker.setRecordingState(False)
6.3430 	EXP 	eyetracker.setRecordingState(False)
6.3591 	EXP 	eyetracker.setRecordingState(False)
6.3733 	EXP 	eyetracker.setRecordingState(False)
6.3873 	EXP 	eyetracker.setRecordingState(False)
6.4028 	EXP 	eyetracker.setRecordingState(False)
6.4188 	EXP 	eyetracker.setRecordingState(False)
6.4327 	EXP 	eyetracker.setRecordingState(False)
6.4427 	EXP 	eyetracker.setRecordingState(False)
6.4526 	EXP 	eyetracker.setRecordingState(False)
6.4610 	EXP 	eyetracker.setRecordingState(False)
6.4709 	EXP 	eyetracker.setRecordingState(False)
6.4799 	EXP 	eyetracker.setRecordingState(False)
6.4886 	EXP 	eyetracker.setRecordingState(False)
6.4976 	EXP 	eyetracker.setRecordingState(False)
6.5067 	EXP 	eyetracker.setRecordingState(False)
6.5176 	EXP 	eyetracker.setRecordingState(False)
6.5286 	EXP 	eyetracker.setRecordingState(False)
6.5405 	EXP 	eyetracker.setRecordingState(False)
6.5562 	EXP 	eyetracker.setRecordingState(False)
6.5704 	EXP 	eyetracker.setRecordingState(False)
6.5831 	EXP 	eyetracker.setRecordingState(False)
6.5956 	EXP 	eyetracker.setRecordingState(False)
6.6074 	EXP 	eyetracker.setRecordingState(False)
6.6194 	EXP 	eyetracker.setRecordingState(False)
6.6333 	EXP 	eyetracker.setRecordingState(False)
6.6463 	EXP 	eyetracker.setRecordingState(False)
6.6603 	EXP 	eyetracker.setRecordingState(False)
6.6708 	EXP 	eyetracker.setRecordingState(False)
6.6814 	EXP 	eyetracker.setRecordingState(False)
6.6935 	EXP 	eyetracker.setRecordingState(False)
6.7049 	EXP 	eyetracker.setRecordingState(False)
6.7173 	EXP 	eyetracker.setRecordingState(False)
6.7293 	EXP 	eyetracker.setRecordingState(False)
6.7404 	EXP 	eyetracker.setRecordingState(False)
6.7519 	EXP 	eyetracker.setRecordingState(False)
6.7621 	EXP 	eyetracker.setRecordingState(False)
6.7725 	EXP 	eyetracker.setRecordingState(False)
6.7829 	EXP 	eyetracker.setRecordingState(False)
6.7936 	EXP 	eyetracker.setRecordingState(False)
6.8049 	EXP 	eyetracker.setRecordingState(False)
6.8153 	EXP 	eyetracker.setRecordingState(False)
6.8259 	EXP 	eyetracker.setRecordingState(False)
6.8362 	EXP 	eyetracker.setRecordingState(False)
6.8461 	EXP 	eyetracker.setRecordingState(False)
6.8559 	EXP 	eyetracker.setRecordingState(False)
6.8659 	EXP 	eyetracker.setRecordingState(False)
6.8762 	EXP 	eyetracker.setRecordingState(False)
6.8867 	EXP 	eyetracker.setRecordingState(False)
6.8983 	EXP 	eyetracker.setRecordingState(False)
6.9089 	EXP 	eyetracker.setRecordingState(False)
6.9189 	EXP 	eyetracker.setRecordingState(False)
6.9292 	EXP 	eyetracker.setRecordingState(False)
6.9396 	EXP 	eyetracker.setRecordingState(False)
6.9504 	EXP 	eyetracker.setRecordingState(False)
6.9602 	EXP 	eyetracker.setRecordingState(False)
6.9696 	EXP 	eyetracker.setRecordingState(False)
6.9801 	EXP 	eyetracker.setRecordingState(False)
6.9907 	EXP 	eyetracker.setRecordingState(False)
7.0020 	EXP 	eyetracker.setRecordingState(False)
7.0127 	EXP 	eyetracker.setRecordingState(False)
7.0240 	EXP 	eyetracker.setRecordingState(False)
7.0352 	EXP 	eyetracker.setRecordingState(False)
7.0456 	EXP 	eyetracker.setRecordingState(False)
7.0569 	EXP 	eyetracker.setRecordingState(False)
7.0670 	EXP 	eyetracker.setRecordingState(False)
7.0766 	EXP 	eyetracker.setRecordingState(False)
7.0881 	EXP 	eyetracker.setRecordingState(False)
7.0981 	EXP 	eyetracker.setRecordingState(False)
7.1084 	EXP 	eyetracker.setRecordingState(False)
7.1189 	EXP 	eyetracker.setRecordingState(False)
7.1289 	EXP 	eyetracker.setRecordingState(False)
7.1388 	EXP 	eyetracker.setRecordingState(False)
7.1493 	EXP 	eyetracker.setRecordingState(False)
7.1613 	EXP 	eyetracker.setRecordingState(False)
7.1714 	EXP 	eyetracker.setRecordingState(False)
7.1819 	EXP 	eyetracker.setRecordingState(False)
7.1930 	EXP 	eyetracker.setRecordingState(False)
7.2031 	EXP 	eyetracker.setRecordingState(False)
7.2129 	EXP 	eyetracker.setRecordingState(False)
7.2229 	EXP 	eyetracker.setRecordingState(False)
7.2323 	EXP 	eyetracker.setRecordingState(False)
7.2420 	EXP 	eyetracker.setRecordingState(False)
7.2531 	EXP 	eyetracker.setRecordingState(False)
7.2625 	EXP 	eyetracker.setRecordingState(False)
7.2727 	EXP 	eyetracker.setRecordingState(False)
7.2824 	EXP 	eyetracker.setRecordingState(False)
7.2921 	EXP 	eyetracker.setRecordingState(False)
7.3006 	EXP 	eyetracker.setRecordingState(False)
7.3096 	EXP 	eyetracker.setRecordingState(False)
7.3184 	EXP 	eyetracker.setRecordingState(False)
7.3279 	EXP 	eyetracker.setRecordingState(False)
7.3379 	EXP 	eyetracker.setRecordingState(False)
7.3473 	EXP 	eyetracker.setRecordingState(False)
7.3567 	EXP 	eyetracker.setRecordingState(False)
7.3668 	EXP 	eyetracker.setRecordingState(False)
7.3762 	EXP 	eyetracker.setRecordingState(False)
7.3860 	EXP 	eyetracker.setRecordingState(False)
7.3953 	EXP 	eyetracker.setRecordingState(False)
7.4044 	EXP 	eyetracker.setRecordingState(False)
7.4139 	EXP 	eyetracker.setRecordingState(False)
7.4226 	EXP 	eyetracker.setRecordingState(False)
7.4332 	EXP 	eyetracker.setRecordingState(False)
7.4434 	EXP 	eyetracker.setRecordingState(False)
7.4522 	EXP 	eyetracker.setRecordingState(False)
7.4616 	EXP 	eyetracker.setRecordingState(False)
7.4704 	EXP 	eyetracker.setRecordingState(False)
7.4806 	EXP 	eyetracker.setRecordingState(False)
7.4898 	EXP 	eyetracker.setRecordingState(False)
7.5002 	EXP 	eyetracker.setRecordingState(False)
7.5124 	EXP 	eyetracker.setRecordingState(False)
7.5285 	EXP 	eyetracker.setRecordingState(False)
7.5463 	EXP 	eyetracker.setRecordingState(False)
7.5621 	EXP 	eyetracker.setRecordingState(False)
7.5781 	EXP 	eyetracker.setRecordingState(False)
7.5920 	EXP 	eyetracker.setRecordingState(False)
7.6097 	EXP 	eyetracker.setRecordingState(False)
7.6247 	EXP 	eyetracker.setRecordingState(False)
7.6372 	EXP 	eyetracker.setRecordingState(False)
7.6491 	EXP 	eyetracker.setRecordingState(False)
7.6632 	EXP 	eyetracker.setRecordingState(False)
7.6733 	EXP 	eyetracker.setRecordingState(False)
7.6837 	EXP 	eyetracker.setRecordingState(False)
7.6952 	EXP 	eyetracker.setRecordingState(False)
7.7064 	EXP 	eyetracker.setRecordingState(False)
7.7188 	EXP 	eyetracker.setRecordingState(False)
7.7315 	EXP 	eyetracker.setRecordingState(False)
7.7452 	EXP 	eyetracker.setRecordingState(False)
7.7573 	EXP 	eyetracker.setRecordingState(False)
7.7695 	EXP 	eyetracker.setRecordingState(False)
7.7817 	EXP 	eyetracker.setRecordingState(False)
7.7933 	EXP 	eyetracker.setRecordingState(False)
7.8038 	EXP 	eyetracker.setRecordingState(False)
7.8131 	EXP 	eyetracker.setRecordingState(False)
7.8228 	EXP 	eyetracker.setRecordingState(False)
7.8314 	EXP 	eyetracker.setRecordingState(False)
7.8403 	EXP 	eyetracker.setRecordingState(False)
7.8487 	EXP 	eyetracker.setRecordingState(False)
7.8566 	EXP 	eyetracker.setRecordingState(False)
7.8644 	EXP 	eyetracker.setRecordingState(False)
7.8723 	EXP 	eyetracker.setRecordingState(False)
7.8817 	EXP 	eyetracker.setRecordingState(False)
7.8899 	EXP 	eyetracker.setRecordingState(False)
7.8989 	EXP 	eyetracker.setRecordingState(False)
7.9077 	EXP 	eyetracker.setRecordingState(False)
7.9176 	EXP 	eyetracker.setRecordingState(False)
7.9263 	EXP 	eyetracker.setRecordingState(False)
7.9350 	EXP 	eyetracker.setRecordingState(False)
7.9436 	EXP 	eyetracker.setRecordingState(False)
7.9520 	EXP 	eyetracker.setRecordingState(False)
7.9601 	EXP 	eyetracker.setRecordingState(False)
7.9696 	EXP 	eyetracker.setRecordingState(False)
7.9783 	EXP 	eyetracker.setRecordingState(False)
7.9854 	EXP 	eyetracker.setRecordingState(False)
7.9921 	EXP 	eyetracker.setRecordingState(False)
7.9991 	EXP 	eyetracker.setRecordingState(False)
8.0062 	EXP 	eyetracker.setRecordingState(False)
8.0131 	EXP 	eyetracker.setRecordingState(False)
8.0204 	EXP 	eyetracker.setRecordingState(False)
8.0280 	EXP 	eyetracker.setRecordingState(False)
8.0352 	EXP 	eyetracker.setRecordingState(False)
8.0418 	EXP 	eyetracker.setRecordingState(False)
8.0483 	EXP 	eyetracker.setRecordingState(False)
8.0558 	EXP 	eyetracker.setRecordingState(False)
8.0625 	EXP 	eyetracker.setRecordingState(False)
8.0697 	EXP 	eyetracker.setRecordingState(False)
8.0773 	EXP 	eyetracker.setRecordingState(False)
8.0878 	EXP 	eyetracker.setRecordingState(False)
8.0956 	EXP 	eyetracker.setRecordingState(False)
8.1039 	EXP 	eyetracker.setRecordingState(False)
8.1109 	EXP 	eyetracker.setRecordingState(False)
8.1181 	EXP 	eyetracker.setRecordingState(False)
8.1245 	EXP 	eyetracker.setRecordingState(False)
8.1314 	EXP 	eyetracker.setRecordingState(False)
8.1388 	EXP 	eyetracker.setRecordingState(False)
8.1459 	EXP 	eyetracker.setRecordingState(False)
8.1524 	EXP 	eyetracker.setRecordingState(False)
8.1598 	EXP 	eyetracker.setRecordingState(False)
8.1666 	EXP 	eyetracker.setRecordingState(False)
8.1731 	EXP 	eyetracker.setRecordingState(False)
8.1807 	EXP 	eyetracker.setRecordingState(False)
8.1871 	EXP 	eyetracker.setRecordingState(False)
8.1940 	EXP 	eyetracker.setRecordingState(False)
8.2011 	EXP 	eyetracker.setRecordingState(False)
8.2087 	EXP 	eyetracker.setRecordingState(False)
8.2160 	EXP 	eyetracker.setRecordingState(False)
8.2232 	EXP 	eyetracker.setRecordingState(False)
8.2303 	EXP 	eyetracker.setRecordingState(False)
8.2370 	EXP 	eyetracker.setRecordingState(False)
8.2437 	EXP 	eyetracker.setRecordingState(False)
8.2507 	EXP 	eyetracker.setRecordingState(False)
8.2580 	EXP 	eyetracker.setRecordingState(False)
8.2656 	EXP 	eyetracker.setRecordingState(False)
8.2757 	EXP 	eyetracker.setRecordingState(False)
8.2857 	EXP 	eyetracker.setRecordingState(False)
8.2947 	EXP 	eyetracker.setRecordingState(False)
8.3033 	EXP 	eyetracker.setRecordingState(False)
8.3133 	EXP 	eyetracker.setRecordingState(False)
8.3246 	EXP 	eyetracker.setRecordingState(False)
8.3359 	EXP 	eyetracker.setRecordingState(False)
8.3458 	EXP 	eyetracker.setRecordingState(False)
8.3560 	EXP 	eyetracker.setRecordingState(False)
8.3682 	EXP 	eyetracker.setRecordingState(False)
8.3770 	EXP 	eyetracker.setRecordingState(False)
8.3870 	EXP 	eyetracker.setRecordingState(False)
8.3977 	EXP 	eyetracker.setRecordingState(False)
8.4076 	EXP 	eyetracker.setRecordingState(False)
8.4191 	EXP 	eyetracker.setRecordingState(False)
8.4285 	EXP 	eyetracker.setRecordingState(False)
8.4401 	EXP 	eyetracker.setRecordingState(False)
8.4502 	EXP 	eyetracker.setRecordingState(False)
8.4593 	EXP 	eyetracker.setRecordingState(False)
8.4668 	EXP 	eyetracker.setRecordingState(False)
8.4743 	EXP 	eyetracker.setRecordingState(False)
8.4815 	EXP 	eyetracker.setRecordingState(False)
8.4885 	EXP 	eyetracker.setRecordingState(False)
8.4964 	EXP 	eyetracker.setRecordingState(False)
8.5032 	EXP 	eyetracker.setRecordingState(False)
8.5127 	EXP 	eyetracker.setRecordingState(False)
8.5209 	EXP 	eyetracker.setRecordingState(False)
8.5294 	EXP 	eyetracker.setRecordingState(False)
8.5389 	EXP 	eyetracker.setRecordingState(False)
8.5484 	EXP 	eyetracker.setRecordingState(False)
8.5584 	EXP 	eyetracker.setRecordingState(False)
8.5689 	EXP 	eyetracker.setRecordingState(False)
8.5790 	EXP 	eyetracker.setRecordingState(False)
8.5907 	EXP 	eyetracker.setRecordingState(False)
8.6020 	EXP 	eyetracker.setRecordingState(False)
8.6128 	EXP 	eyetracker.setRecordingState(False)
8.6233 	EXP 	eyetracker.setRecordingState(False)
8.6348 	EXP 	eyetracker.setRecordingState(False)
8.6459 	EXP 	eyetracker.setRecordingState(False)
8.6576 	EXP 	eyetracker.setRecordingState(False)
8.6694 	EXP 	eyetracker.setRecordingState(False)
8.6790 	EXP 	eyetracker.setRecordingState(False)
8.6900 	EXP 	eyetracker.setRecordingState(False)
8.7012 	EXP 	eyetracker.setRecordingState(False)
8.7124 	EXP 	eyetracker.setRecordingState(False)
8.7216 	EXP 	eyetracker.setRecordingState(False)
8.7311 	EXP 	eyetracker.setRecordingState(False)
8.7404 	EXP 	eyetracker.setRecordingState(False)
8.7526 	EXP 	eyetracker.setRecordingState(False)
8.7632 	EXP 	eyetracker.setRecordingState(False)
8.7754 	EXP 	eyetracker.setRecordingState(False)
8.7839 	EXP 	eyetracker.setRecordingState(False)
8.7941 	EXP 	eyetracker.setRecordingState(False)
8.8022 	EXP 	eyetracker.setRecordingState(False)
8.8112 	EXP 	eyetracker.setRecordingState(False)
8.8224 	EXP 	eyetracker.setRecordingState(False)
8.8322 	EXP 	eyetracker.setRecordingState(False)
8.8428 	EXP 	eyetracker.setRecordingState(False)
8.8529 	EXP 	eyetracker.setRecordingState(False)
8.8632 	EXP 	eyetracker.setRecordingState(False)
8.8744 	EXP 	eyetracker.setRecordingState(False)
8.8858 	EXP 	eyetracker.setRecordingState(False)
8.8959 	EXP 	eyetracker.setRecordingState(False)
8.9089 	EXP 	eyetracker.setRecordingState(False)
8.9199 	EXP 	eyetracker.setRecordingState(False)
8.9298 	EXP 	eyetracker.setRecordingState(False)
8.9387 	EXP 	eyetracker.setRecordingState(False)
8.9491 	EXP 	eyetracker.setRecordingState(False)
8.9584 	EXP 	eyetracker.setRecordingState(False)
8.9695 	EXP 	eyetracker.setRecordingState(False)
8.9788 	EXP 	eyetracker.setRecordingState(False)
8.9882 	EXP 	eyetracker.setRecordingState(False)
8.9991 	EXP 	eyetracker.setRecordingState(False)
9.0093 	EXP 	eyetracker.setRecordingState(False)
9.0199 	EXP 	eyetracker.setRecordingState(False)
9.0316 	EXP 	eyetracker.setRecordingState(False)
9.0429 	EXP 	eyetracker.setRecordingState(False)
9.0562 	EXP 	eyetracker.setRecordingState(False)
9.0689 	EXP 	eyetracker.setRecordingState(False)
9.0814 	EXP 	eyetracker.setRecordingState(False)
9.0932 	EXP 	eyetracker.setRecordingState(False)
9.1046 	EXP 	eyetracker.setRecordingState(False)
9.1157 	EXP 	eyetracker.setRecordingState(False)
9.1264 	EXP 	eyetracker.setRecordingState(False)
9.1368 	EXP 	eyetracker.setRecordingState(False)
9.1487 	EXP 	eyetracker.setRecordingState(False)
9.1596 	EXP 	eyetracker.setRecordingState(False)
9.1705 	EXP 	eyetracker.setRecordingState(False)
9.1806 	EXP 	eyetracker.setRecordingState(False)
9.1911 	EXP 	eyetracker.setRecordingState(False)
9.2038 	EXP 	eyetracker.setRecordingState(False)
9.2149 	EXP 	eyetracker.setRecordingState(False)
9.2260 	EXP 	eyetracker.setRecordingState(False)
9.2367 	EXP 	eyetracker.setRecordingState(False)
9.2474 	EXP 	eyetracker.setRecordingState(False)
9.2583 	EXP 	eyetracker.setRecordingState(False)
9.2689 	EXP 	eyetracker.setRecordingState(False)
9.2779 	EXP 	eyetracker.setRecordingState(False)
9.2877 	EXP 	eyetracker.setRecordingState(False)
9.2999 	EXP 	eyetracker.setRecordingState(False)
9.3127 	EXP 	eyetracker.setRecordingState(False)
9.3258 	EXP 	eyetracker.setRecordingState(False)
9.3394 	EXP 	eyetracker.setRecordingState(False)
9.3524 	EXP 	eyetracker.setRecordingState(False)
9.3666 	EXP 	eyetracker.setRecordingState(False)
9.3781 	EXP 	eyetracker.setRecordingState(False)
9.3898 	EXP 	eyetracker.setRecordingState(False)
9.4012 	EXP 	eyetracker.setRecordingState(False)
9.4126 	EXP 	eyetracker.setRecordingState(False)
9.4219 	EXP 	eyetracker.setRecordingState(False)
9.4326 	EXP 	eyetracker.setRecordingState(False)
9.4431 	EXP 	eyetracker.setRecordingState(False)
9.4539 	EXP 	eyetracker.setRecordingState(False)
9.4626 	EXP 	eyetracker.setRecordingState(False)
9.4729 	EXP 	eyetracker.setRecordingState(False)
9.4844 	EXP 	eyetracker.setRecordingState(False)
9.4948 	EXP 	eyetracker.setRecordingState(False)
9.5069 	EXP 	eyetracker.setRecordingState(False)
9.5164 	EXP 	eyetracker.setRecordingState(False)
9.5275 	EXP 	eyetracker.setRecordingState(False)
9.5377 	EXP 	eyetracker.setRecordingState(False)
9.5500 	EXP 	eyetracker.setRecordingState(False)
9.5620 	EXP 	eyetracker.setRecordingState(False)
9.5743 	EXP 	eyetracker.setRecordingState(False)
9.5897 	EXP 	eyetracker.setRecordingState(False)
9.6020 	EXP 	eyetracker.setRecordingState(False)
9.6082 	DATA 	Mouse: Left button down, pos=(1123,565)
9.6157 	EXP 	eyetracker.setRecordingState(False)
9.6187 	EXP 	eyetracker.setRecordingState(False)
9.6411 	INFO 	Keyboard events cleared
9.6394 	EXP 	text_7: autoDraw = False
9.6394 	EXP 	highlandYoghurt: autoDraw = False
9.6394 	EXP 	anchoryoghurt: autoDraw = False
9.6394 	EXP 	ambewelayoghurt: autoDraw = False
9.6394 	EXP 	pelawatteyoghurt: autoDraw = False
9.6394 	EXP 	text_8: autoDraw = False
9.6394 	EXP 	text_9: autoDraw = False
9.6394 	EXP 	text_10: autoDraw = False
9.6394 	EXP 	text_11: autoDraw = False
9.6394 	EXP 	text_12: autoDraw = True
9.6394 	EXP 	fortune: autoDraw = True
9.6394 	EXP 	marina: autoDraw = True
9.6394 	EXP 	Njoy: autoDraw = True
9.6394 	EXP 	text_13: autoDraw = True
9.6394 	EXP 	text_14: autoDraw = True
9.6394 	EXP 	text_15: autoDraw = True
9.6443 	EXP 	eyetracker.setRecordingState(False)
9.6568 	EXP 	eyetracker.setRecordingState(False)
9.6670 	EXP 	eyetracker.setRecordingState(False)
9.6767 	EXP 	eyetracker.setRecordingState(False)
9.6857 	EXP 	eyetracker.setRecordingState(False)
9.6986 	EXP 	eyetracker.setRecordingState(False)
9.7115 	EXP 	eyetracker.setRecordingState(False)
9.7191 	EXP 	eyetracker.setRecordingState(False)
9.7262 	EXP 	eyetracker.setRecordingState(False)
9.7318 	EXP 	eyetracker.setRecordingState(False)
9.7375 	EXP 	eyetracker.setRecordingState(False)
9.7461 	EXP 	eyetracker.setRecordingState(False)
9.7593 	EXP 	eyetracker.setRecordingState(False)
9.7690 	EXP 	eyetracker.setRecordingState(False)
9.7789 	EXP 	eyetracker.setRecordingState(False)
9.7889 	EXP 	eyetracker.setRecordingState(False)
9.7985 	EXP 	eyetracker.setRecordingState(False)
9.8071 	EXP 	eyetracker.setRecordingState(False)
9.8153 	EXP 	eyetracker.setRecordingState(False)
9.8232 	EXP 	eyetracker.setRecordingState(False)
9.8315 	DATA 	Mouse:  Left button up, pos=(1123,565)
9.8335 	EXP 	eyetracker.setRecordingState(False)
9.8411 	EXP 	eyetracker.setRecordingState(False)
9.8494 	EXP 	eyetracker.setRecordingState(False)
9.8579 	EXP 	eyetracker.setRecordingState(False)
9.8689 	EXP 	eyetracker.setRecordingState(False)
9.8784 	EXP 	eyetracker.setRecordingState(False)
9.8882 	EXP 	eyetracker.setRecordingState(False)
9.8982 	EXP 	eyetracker.setRecordingState(False)
9.9072 	EXP 	eyetracker.setRecordingState(False)
9.9164 	EXP 	eyetracker.setRecordingState(False)
9.9263 	EXP 	eyetracker.setRecordingState(False)
9.9372 	EXP 	eyetracker.setRecordingState(False)
9.9482 	EXP 	eyetracker.setRecordingState(False)
9.9580 	EXP 	eyetracker.setRecordingState(False)
9.9687 	EXP 	eyetracker.setRecordingState(False)
9.9789 	EXP 	eyetracker.setRecordingState(False)
9.9882 	EXP 	eyetracker.setRecordingState(False)
9.9979 	EXP 	eyetracker.setRecordingState(False)
10.0084 	EXP 	eyetracker.setRecordingState(False)
10.0191 	EXP 	eyetracker.setRecordingState(False)
10.0312 	EXP 	eyetracker.setRecordingState(False)
10.0433 	EXP 	eyetracker.setRecordingState(False)
10.0546 	EXP 	eyetracker.setRecordingState(False)
10.0718 	EXP 	eyetracker.setRecordingState(False)
10.0872 	EXP 	eyetracker.setRecordingState(False)
10.1016 	EXP 	eyetracker.setRecordingState(False)
10.1154 	EXP 	eyetracker.setRecordingState(False)
10.1294 	EXP 	eyetracker.setRecordingState(False)
10.1443 	EXP 	eyetracker.setRecordingState(False)
10.1590 	EXP 	eyetracker.setRecordingState(False)
10.1747 	EXP 	eyetracker.setRecordingState(False)
10.1923 	EXP 	eyetracker.setRecordingState(False)
10.2076 	EXP 	eyetracker.setRecordingState(False)
10.2202 	EXP 	eyetracker.setRecordingState(False)
10.2318 	EXP 	eyetracker.setRecordingState(False)
10.2436 	EXP 	eyetracker.setRecordingState(False)
10.2562 	EXP 	eyetracker.setRecordingState(False)
10.2713 	EXP 	eyetracker.setRecordingState(False)
10.2868 	EXP 	eyetracker.setRecordingState(False)
10.3025 	EXP 	eyetracker.setRecordingState(False)
10.3181 	EXP 	eyetracker.setRecordingState(False)
10.3314 	EXP 	eyetracker.setRecordingState(False)
10.3433 	EXP 	eyetracker.setRecordingState(False)
10.3545 	EXP 	eyetracker.setRecordingState(False)
10.3653 	EXP 	eyetracker.setRecordingState(False)
10.3765 	EXP 	eyetracker.setRecordingState(False)
10.3874 	EXP 	eyetracker.setRecordingState(False)
10.3995 	EXP 	eyetracker.setRecordingState(False)
10.4107 	EXP 	eyetracker.setRecordingState(False)
10.4222 	EXP 	eyetracker.setRecordingState(False)
10.4345 	EXP 	eyetracker.setRecordingState(False)
10.4454 	EXP 	eyetracker.setRecordingState(False)
10.4570 	EXP 	eyetracker.setRecordingState(False)
10.4677 	EXP 	eyetracker.setRecordingState(False)
10.4795 	EXP 	eyetracker.setRecordingState(False)
10.4917 	EXP 	eyetracker.setRecordingState(False)
10.5059 	EXP 	eyetracker.setRecordingState(False)
10.5188 	EXP 	eyetracker.setRecordingState(False)
10.5313 	EXP 	eyetracker.setRecordingState(False)
10.5431 	EXP 	eyetracker.setRecordingState(False)
10.5552 	EXP 	eyetracker.setRecordingState(False)
10.5676 	EXP 	eyetracker.setRecordingState(False)
10.5795 	EXP 	eyetracker.setRecordingState(False)
10.5907 	EXP 	eyetracker.setRecordingState(False)
10.6013 	EXP 	eyetracker.setRecordingState(False)
10.6134 	EXP 	eyetracker.setRecordingState(False)
10.6261 	EXP 	eyetracker.setRecordingState(False)
10.6386 	EXP 	eyetracker.setRecordingState(False)
10.6520 	EXP 	eyetracker.setRecordingState(False)
10.6644 	EXP 	eyetracker.setRecordingState(False)
10.6763 	EXP 	eyetracker.setRecordingState(False)
10.6868 	EXP 	eyetracker.setRecordingState(False)
10.6970 	EXP 	eyetracker.setRecordingState(False)
10.7076 	EXP 	eyetracker.setRecordingState(False)
10.7193 	EXP 	eyetracker.setRecordingState(False)
10.7295 	EXP 	eyetracker.setRecordingState(False)
10.7406 	EXP 	eyetracker.setRecordingState(False)
10.7535 	EXP 	eyetracker.setRecordingState(False)
10.7642 	EXP 	eyetracker.setRecordingState(False)
10.7738 	EXP 	eyetracker.setRecordingState(False)
10.7837 	EXP 	eyetracker.setRecordingState(False)
10.7930 	EXP 	eyetracker.setRecordingState(False)
10.8022 	EXP 	eyetracker.setRecordingState(False)
10.8111 	EXP 	eyetracker.setRecordingState(False)
10.8200 	EXP 	eyetracker.setRecordingState(False)
10.8295 	EXP 	eyetracker.setRecordingState(False)
10.8398 	EXP 	eyetracker.setRecordingState(False)
10.8497 	EXP 	eyetracker.setRecordingState(False)
10.8600 	EXP 	eyetracker.setRecordingState(False)
10.8706 	EXP 	eyetracker.setRecordingState(False)
10.8822 	EXP 	eyetracker.setRecordingState(False)
10.8933 	EXP 	eyetracker.setRecordingState(False)
10.9039 	EXP 	eyetracker.setRecordingState(False)
10.9144 	EXP 	eyetracker.setRecordingState(False)
10.9247 	EXP 	eyetracker.setRecordingState(False)
10.9344 	EXP 	eyetracker.setRecordingState(False)
10.9443 	EXP 	eyetracker.setRecordingState(False)
10.9537 	EXP 	eyetracker.setRecordingState(False)
10.9634 	EXP 	eyetracker.setRecordingState(False)
10.9733 	EXP 	eyetracker.setRecordingState(False)
10.9829 	EXP 	eyetracker.setRecordingState(False)
10.9930 	EXP 	eyetracker.setRecordingState(False)
11.0043 	EXP 	eyetracker.setRecordingState(False)
11.0147 	EXP 	eyetracker.setRecordingState(False)
11.0243 	EXP 	eyetracker.setRecordingState(False)
11.0341 	EXP 	eyetracker.setRecordingState(False)
11.0434 	EXP 	eyetracker.setRecordingState(False)
11.0530 	EXP 	eyetracker.setRecordingState(False)
11.0623 	EXP 	eyetracker.setRecordingState(False)
11.0714 	EXP 	eyetracker.setRecordingState(False)
11.0828 	EXP 	eyetracker.setRecordingState(False)
11.0915 	EXP 	eyetracker.setRecordingState(False)
11.1010 	EXP 	eyetracker.setRecordingState(False)
11.1102 	EXP 	eyetracker.setRecordingState(False)
11.1199 	EXP 	eyetracker.setRecordingState(False)
11.1306 	EXP 	eyetracker.setRecordingState(False)
11.1412 	EXP 	eyetracker.setRecordingState(False)
11.1522 	EXP 	eyetracker.setRecordingState(False)
11.1622 	EXP 	eyetracker.setRecordingState(False)
11.1728 	EXP 	eyetracker.setRecordingState(False)
11.1822 	EXP 	eyetracker.setRecordingState(False)
11.1912 	EXP 	eyetracker.setRecordingState(False)
11.1987 	EXP 	eyetracker.setRecordingState(False)
11.2057 	EXP 	eyetracker.setRecordingState(False)
11.2125 	EXP 	eyetracker.setRecordingState(False)
11.2186 	EXP 	eyetracker.setRecordingState(False)
11.2235 	EXP 	eyetracker.setRecordingState(False)
11.2283 	EXP 	eyetracker.setRecordingState(False)
11.2347 	EXP 	eyetracker.setRecordingState(False)
11.2416 	EXP 	eyetracker.setRecordingState(False)
11.2499 	EXP 	eyetracker.setRecordingState(False)
11.2565 	EXP 	eyetracker.setRecordingState(False)
11.2628 	EXP 	eyetracker.setRecordingState(False)
11.2700 	EXP 	eyetracker.setRecordingState(False)
11.2774 	EXP 	eyetracker.setRecordingState(False)
11.2865 	EXP 	eyetracker.setRecordingState(False)
11.2956 	EXP 	eyetracker.setRecordingState(False)
11.3045 	EXP 	eyetracker.setRecordingState(False)
11.3133 	EXP 	eyetracker.setRecordingState(False)
11.3223 	EXP 	eyetracker.setRecordingState(False)
11.3314 	EXP 	eyetracker.setRecordingState(False)
11.3405 	EXP 	eyetracker.setRecordingState(False)
11.3507 	EXP 	eyetracker.setRecordingState(False)
11.3595 	EXP 	eyetracker.setRecordingState(False)
11.3709 	EXP 	eyetracker.setRecordingState(False)
11.3781 	EXP 	eyetracker.setRecordingState(False)
11.3857 	EXP 	eyetracker.setRecordingState(False)
11.3946 	EXP 	eyetracker.setRecordingState(False)
11.4029 	EXP 	eyetracker.setRecordingState(False)
11.4113 	EXP 	eyetracker.setRecordingState(False)
11.4193 	EXP 	eyetracker.setRecordingState(False)
11.4272 	EXP 	eyetracker.setRecordingState(False)
11.4362 	EXP 	eyetracker.setRecordingState(False)
11.4458 	EXP 	eyetracker.setRecordingState(False)
11.4564 	EXP 	eyetracker.setRecordingState(False)
11.4676 	EXP 	eyetracker.setRecordingState(False)
11.4788 	EXP 	eyetracker.setRecordingState(False)
11.4899 	EXP 	eyetracker.setRecordingState(False)
11.5016 	EXP 	eyetracker.setRecordingState(False)
11.5135 	EXP 	eyetracker.setRecordingState(False)
11.5246 	EXP 	eyetracker.setRecordingState(False)
11.5356 	EXP 	eyetracker.setRecordingState(False)
11.5458 	EXP 	eyetracker.setRecordingState(False)
11.5566 	EXP 	eyetracker.setRecordingState(False)
11.5680 	EXP 	eyetracker.setRecordingState(False)
11.5809 	EXP 	eyetracker.setRecordingState(False)
11.5936 	EXP 	eyetracker.setRecordingState(False)
11.6064 	EXP 	eyetracker.setRecordingState(False)
11.6182 	EXP 	eyetracker.setRecordingState(False)
11.6296 	EXP 	eyetracker.setRecordingState(False)
11.6429 	EXP 	eyetracker.setRecordingState(False)
11.6581 	EXP 	eyetracker.setRecordingState(False)
11.6717 	EXP 	eyetracker.setRecordingState(False)
11.6847 	EXP 	eyetracker.setRecordingState(False)
11.6984 	EXP 	eyetracker.setRecordingState(False)
11.7108 	EXP 	eyetracker.setRecordingState(False)
11.7227 	EXP 	eyetracker.setRecordingState(False)
11.7337 	EXP 	eyetracker.setRecordingState(False)
11.7436 	EXP 	eyetracker.setRecordingState(False)
11.7543 	EXP 	eyetracker.setRecordingState(False)
11.7642 	EXP 	eyetracker.setRecordingState(False)
11.7738 	EXP 	eyetracker.setRecordingState(False)
11.7832 	EXP 	eyetracker.setRecordingState(False)
11.7931 	EXP 	eyetracker.setRecordingState(False)
11.8016 	EXP 	eyetracker.setRecordingState(False)
11.8104 	EXP 	eyetracker.setRecordingState(False)
11.8199 	EXP 	eyetracker.setRecordingState(False)
11.8282 	EXP 	eyetracker.setRecordingState(False)
11.8370 	EXP 	eyetracker.setRecordingState(False)
11.8460 	EXP 	eyetracker.setRecordingState(False)
11.8557 	EXP 	eyetracker.setRecordingState(False)
11.8644 	EXP 	eyetracker.setRecordingState(False)
11.8735 	EXP 	eyetracker.setRecordingState(False)
11.8828 	EXP 	eyetracker.setRecordingState(False)
11.8924 	EXP 	eyetracker.setRecordingState(False)
11.9026 	EXP 	eyetracker.setRecordingState(False)
11.9113 	EXP 	eyetracker.setRecordingState(False)
11.9205 	EXP 	eyetracker.setRecordingState(False)
11.9297 	EXP 	eyetracker.setRecordingState(False)
11.9388 	EXP 	eyetracker.setRecordingState(False)
11.9475 	EXP 	eyetracker.setRecordingState(False)
11.9562 	EXP 	eyetracker.setRecordingState(False)
11.9652 	EXP 	eyetracker.setRecordingState(False)
11.9738 	EXP 	eyetracker.setRecordingState(False)
11.9835 	EXP 	eyetracker.setRecordingState(False)
11.9932 	EXP 	eyetracker.setRecordingState(False)
12.0028 	EXP 	eyetracker.setRecordingState(False)
12.0124 	EXP 	eyetracker.setRecordingState(False)
12.0215 	EXP 	eyetracker.setRecordingState(False)
12.0300 	EXP 	eyetracker.setRecordingState(False)
12.0388 	EXP 	eyetracker.setRecordingState(False)
12.0478 	EXP 	eyetracker.setRecordingState(False)
12.0576 	EXP 	eyetracker.setRecordingState(False)
12.0670 	EXP 	eyetracker.setRecordingState(False)
12.0773 	EXP 	eyetracker.setRecordingState(False)
12.0865 	EXP 	eyetracker.setRecordingState(False)
12.0960 	EXP 	eyetracker.setRecordingState(False)
12.1055 	EXP 	eyetracker.setRecordingState(False)
12.1139 	EXP 	eyetracker.setRecordingState(False)
12.1233 	EXP 	eyetracker.setRecordingState(False)
12.1313 	EXP 	eyetracker.setRecordingState(False)
12.1399 	EXP 	eyetracker.setRecordingState(False)
12.1482 	EXP 	eyetracker.setRecordingState(False)
12.1554 	EXP 	eyetracker.setRecordingState(False)
12.1630 	EXP 	eyetracker.setRecordingState(False)
12.1719 	EXP 	eyetracker.setRecordingState(False)
12.1814 	EXP 	eyetracker.setRecordingState(False)
12.1885 	EXP 	eyetracker.setRecordingState(False)
12.1953 	EXP 	eyetracker.setRecordingState(False)
12.2035 	EXP 	eyetracker.setRecordingState(False)
12.2102 	EXP 	eyetracker.setRecordingState(False)
12.2164 	EXP 	eyetracker.setRecordingState(False)
12.2225 	EXP 	eyetracker.setRecordingState(False)
12.2295 	EXP 	eyetracker.setRecordingState(False)
12.2367 	EXP 	eyetracker.setRecordingState(False)
12.2441 	EXP 	eyetracker.setRecordingState(False)
12.2510 	EXP 	eyetracker.setRecordingState(False)
12.2589 	EXP 	eyetracker.setRecordingState(False)
12.2663 	EXP 	eyetracker.setRecordingState(False)
12.2749 	EXP 	eyetracker.setRecordingState(False)
12.2832 	EXP 	eyetracker.setRecordingState(False)
12.2911 	EXP 	eyetracker.setRecordingState(False)
12.2992 	EXP 	eyetracker.setRecordingState(False)
12.3084 	EXP 	eyetracker.setRecordingState(False)
12.3169 	EXP 	eyetracker.setRecordingState(False)
12.3265 	EXP 	eyetracker.setRecordingState(False)
12.3351 	EXP 	eyetracker.setRecordingState(False)
12.3443 	EXP 	eyetracker.setRecordingState(False)
12.3543 	EXP 	eyetracker.setRecordingState(False)
12.3654 	EXP 	eyetracker.setRecordingState(False)
12.3769 	EXP 	eyetracker.setRecordingState(False)
12.3869 	EXP 	eyetracker.setRecordingState(False)
12.3964 	EXP 	eyetracker.setRecordingState(False)
12.4066 	EXP 	eyetracker.setRecordingState(False)
12.4148 	EXP 	eyetracker.setRecordingState(False)
12.4233 	EXP 	eyetracker.setRecordingState(False)
12.4314 	EXP 	eyetracker.setRecordingState(False)
12.4407 	EXP 	eyetracker.setRecordingState(False)
12.4499 	EXP 	eyetracker.setRecordingState(False)
12.4586 	EXP 	eyetracker.setRecordingState(False)
12.4696 	EXP 	eyetracker.setRecordingState(False)
12.4806 	EXP 	eyetracker.setRecordingState(False)
12.4920 	EXP 	eyetracker.setRecordingState(False)
12.5055 	EXP 	eyetracker.setRecordingState(False)
12.5152 	EXP 	eyetracker.setRecordingState(False)
12.5246 	EXP 	eyetracker.setRecordingState(False)
12.5322 	EXP 	eyetracker.setRecordingState(False)
12.5392 	EXP 	eyetracker.setRecordingState(False)
12.5460 	EXP 	eyetracker.setRecordingState(False)
12.5529 	EXP 	eyetracker.setRecordingState(False)
12.5603 	EXP 	eyetracker.setRecordingState(False)
12.5679 	EXP 	eyetracker.setRecordingState(False)
12.5761 	EXP 	eyetracker.setRecordingState(False)
12.5846 	EXP 	eyetracker.setRecordingState(False)
12.5935 	EXP 	eyetracker.setRecordingState(False)
12.6030 	EXP 	eyetracker.setRecordingState(False)
12.6129 	EXP 	eyetracker.setRecordingState(False)
12.6227 	EXP 	eyetracker.setRecordingState(False)
12.6299 	EXP 	eyetracker.setRecordingState(False)
12.6368 	EXP 	eyetracker.setRecordingState(False)
12.6435 	EXP 	eyetracker.setRecordingState(False)
12.6504 	EXP 	eyetracker.setRecordingState(False)
12.6572 	EXP 	eyetracker.setRecordingState(False)
12.6635 	EXP 	eyetracker.setRecordingState(False)
12.6711 	EXP 	eyetracker.setRecordingState(False)
12.6784 	EXP 	eyetracker.setRecordingState(False)
12.6857 	EXP 	eyetracker.setRecordingState(False)
12.6931 	EXP 	eyetracker.setRecordingState(False)
12.7012 	EXP 	eyetracker.setRecordingState(False)
12.7095 	EXP 	eyetracker.setRecordingState(False)
12.7181 	EXP 	eyetracker.setRecordingState(False)
12.7275 	EXP 	eyetracker.setRecordingState(False)
12.7358 	EXP 	eyetracker.setRecordingState(False)
12.7433 	EXP 	eyetracker.setRecordingState(False)
12.7504 	EXP 	eyetracker.setRecordingState(False)
12.7581 	EXP 	eyetracker.setRecordingState(False)
12.7665 	EXP 	eyetracker.setRecordingState(False)
12.7755 	EXP 	eyetracker.setRecordingState(False)
12.7831 	EXP 	eyetracker.setRecordingState(False)
12.7911 	EXP 	eyetracker.setRecordingState(False)
12.7990 	EXP 	eyetracker.setRecordingState(False)
12.8061 	EXP 	eyetracker.setRecordingState(False)
12.8139 	EXP 	eyetracker.setRecordingState(False)
12.8211 	EXP 	eyetracker.setRecordingState(False)
12.8292 	EXP 	eyetracker.setRecordingState(False)
12.8375 	EXP 	eyetracker.setRecordingState(False)
12.8469 	EXP 	eyetracker.setRecordingState(False)
12.8557 	EXP 	eyetracker.setRecordingState(False)
12.8625 	EXP 	eyetracker.setRecordingState(False)
12.8677 	EXP 	eyetracker.setRecordingState(False)
12.8732 	EXP 	eyetracker.setRecordingState(False)
12.8781 	EXP 	eyetracker.setRecordingState(False)
12.8829 	EXP 	eyetracker.setRecordingState(False)
12.8880 	EXP 	eyetracker.setRecordingState(False)
12.8949 	EXP 	eyetracker.setRecordingState(False)
12.9027 	EXP 	eyetracker.setRecordingState(False)
12.9106 	EXP 	eyetracker.setRecordingState(False)
12.9179 	EXP 	eyetracker.setRecordingState(False)
12.9262 	EXP 	eyetracker.setRecordingState(False)
12.9349 	EXP 	eyetracker.setRecordingState(False)
12.9438 	EXP 	eyetracker.setRecordingState(False)
12.9532 	EXP 	eyetracker.setRecordingState(False)
12.9614 	EXP 	eyetracker.setRecordingState(False)
12.9699 	EXP 	eyetracker.setRecordingState(False)
12.9787 	EXP 	eyetracker.setRecordingState(False)
12.9873 	EXP 	eyetracker.setRecordingState(False)
12.9961 	EXP 	eyetracker.setRecordingState(False)
13.0054 	EXP 	eyetracker.setRecordingState(False)
13.0144 	EXP 	eyetracker.setRecordingState(False)
13.0235 	EXP 	eyetracker.setRecordingState(False)
13.0334 	EXP 	eyetracker.setRecordingState(False)
13.0430 	EXP 	eyetracker.setRecordingState(False)
13.0529 	EXP 	eyetracker.setRecordingState(False)
13.0620 	EXP 	eyetracker.setRecordingState(False)
13.0714 	EXP 	eyetracker.setRecordingState(False)
13.0802 	EXP 	eyetracker.setRecordingState(False)
13.0887 	EXP 	eyetracker.setRecordingState(False)
13.0981 	EXP 	eyetracker.setRecordingState(False)
13.1070 	EXP 	eyetracker.setRecordingState(False)
13.1174 	EXP 	eyetracker.setRecordingState(False)
13.1269 	EXP 	eyetracker.setRecordingState(False)
13.1353 	EXP 	eyetracker.setRecordingState(False)
13.1437 	EXP 	eyetracker.setRecordingState(False)
13.1528 	EXP 	eyetracker.setRecordingState(False)
13.1619 	EXP 	eyetracker.setRecordingState(False)
13.1710 	EXP 	eyetracker.setRecordingState(False)
13.1798 	EXP 	eyetracker.setRecordingState(False)
13.1890 	EXP 	eyetracker.setRecordingState(False)
13.1979 	EXP 	eyetracker.setRecordingState(False)
13.2064 	EXP 	eyetracker.setRecordingState(False)
13.2148 	EXP 	eyetracker.setRecordingState(False)
13.2234 	EXP 	eyetracker.setRecordingState(False)
13.2314 	EXP 	eyetracker.setRecordingState(False)
13.2405 	EXP 	eyetracker.setRecordingState(False)
13.2498 	EXP 	eyetracker.setRecordingState(False)
13.2578 	EXP 	eyetracker.setRecordingState(False)
13.2665 	EXP 	eyetracker.setRecordingState(False)
13.2752 	EXP 	eyetracker.setRecordingState(False)
13.2838 	EXP 	eyetracker.setRecordingState(False)
13.2927 	EXP 	eyetracker.setRecordingState(False)
13.3024 	EXP 	eyetracker.setRecordingState(False)
13.3114 	EXP 	eyetracker.setRecordingState(False)
13.3204 	EXP 	eyetracker.setRecordingState(False)
13.3287 	EXP 	eyetracker.setRecordingState(False)
13.3380 	EXP 	eyetracker.setRecordingState(False)
13.3462 	EXP 	eyetracker.setRecordingState(False)
13.3539 	EXP 	eyetracker.setRecordingState(False)
13.3622 	EXP 	eyetracker.setRecordingState(False)
13.3708 	EXP 	eyetracker.setRecordingState(False)
13.3803 	EXP 	eyetracker.setRecordingState(False)
13.3887 	EXP 	eyetracker.setRecordingState(False)
13.3977 	EXP 	eyetracker.setRecordingState(False)
13.4066 	EXP 	eyetracker.setRecordingState(False)
13.4154 	EXP 	eyetracker.setRecordingState(False)
13.4248 	EXP 	eyetracker.setRecordingState(False)
13.4345 	EXP 	eyetracker.setRecordingState(False)
13.4431 	EXP 	eyetracker.setRecordingState(False)
13.4514 	EXP 	eyetracker.setRecordingState(False)
13.4593 	EXP 	eyetracker.setRecordingState(False)
13.4668 	EXP 	eyetracker.setRecordingState(False)
13.4752 	EXP 	eyetracker.setRecordingState(False)
13.4834 	EXP 	eyetracker.setRecordingState(False)
13.4918 	EXP 	eyetracker.setRecordingState(False)
13.4999 	EXP 	eyetracker.setRecordingState(False)
13.5083 	EXP 	eyetracker.setRecordingState(False)
13.5170 	EXP 	eyetracker.setRecordingState(False)
13.5267 	EXP 	eyetracker.setRecordingState(False)
13.5348 	EXP 	eyetracker.setRecordingState(False)
13.5407 	EXP 	eyetracker.setRecordingState(False)
13.5462 	EXP 	eyetracker.setRecordingState(False)
13.5518 	EXP 	eyetracker.setRecordingState(False)
13.5575 	EXP 	eyetracker.setRecordingState(False)
13.5641 	EXP 	eyetracker.setRecordingState(False)
13.5704 	EXP 	eyetracker.setRecordingState(False)
13.5774 	EXP 	eyetracker.setRecordingState(False)
13.5846 	EXP 	eyetracker.setRecordingState(False)
13.5917 	EXP 	eyetracker.setRecordingState(False)
13.5996 	EXP 	eyetracker.setRecordingState(False)
13.6074 	EXP 	eyetracker.setRecordingState(False)
13.6164 	EXP 	eyetracker.setRecordingState(False)
13.6246 	EXP 	eyetracker.setRecordingState(False)
13.6350 	EXP 	eyetracker.setRecordingState(False)
13.6439 	EXP 	eyetracker.setRecordingState(False)
13.6537 	EXP 	eyetracker.setRecordingState(False)
13.6626 	EXP 	eyetracker.setRecordingState(False)
13.6717 	EXP 	eyetracker.setRecordingState(False)
13.6798 	EXP 	eyetracker.setRecordingState(False)
13.6872 	DATA 	Mouse: Left button down, pos=(962,533)
13.6900 	EXP 	eyetracker.setRecordingState(False)
13.6926 	EXP 	eyetracker.setRecordingState(False)
13.7124 	INFO 	Keyboard events cleared
13.7114 	EXP 	text_12: autoDraw = False
13.7114 	EXP 	fortune: autoDraw = False
13.7114 	EXP 	marina: autoDraw = False
13.7114 	EXP 	Njoy: autoDraw = False
13.7114 	EXP 	text_13: autoDraw = False
13.7114 	EXP 	text_14: autoDraw = False
13.7114 	EXP 	text_15: autoDraw = False
13.7114 	EXP 	text_instr: autoDraw = True
13.7114 	EXP 	kandos: autoDraw = True
13.7114 	EXP 	ritzbury: autoDraw = True
13.7114 	EXP 	revello: autoDraw = True
13.7114 	EXP 	cadbury: autoDraw = True
13.7114 	EXP 	text_20: autoDraw = True
13.7114 	EXP 	text_21: autoDraw = True
13.7114 	EXP 	text_22: autoDraw = True
13.7114 	EXP 	text_23: autoDraw = True
13.7142 	EXP 	eyetracker.setRecordingState(False)
13.7214 	EXP 	eyetracker.setRecordingState(False)
13.7301 	EXP 	eyetracker.setRecordingState(False)
13.7389 	EXP 	eyetracker.setRecordingState(False)
13.7481 	EXP 	eyetracker.setRecordingState(False)
13.7576 	EXP 	eyetracker.setRecordingState(False)
13.7676 	EXP 	eyetracker.setRecordingState(False)
13.7774 	EXP 	eyetracker.setRecordingState(False)
13.7866 	EXP 	eyetracker.setRecordingState(False)
13.7965 	EXP 	eyetracker.setRecordingState(False)
13.8064 	EXP 	eyetracker.setRecordingState(False)
13.8166 	EXP 	eyetracker.setRecordingState(False)
13.8265 	EXP 	eyetracker.setRecordingState(False)
13.8366 	EXP 	eyetracker.setRecordingState(False)
13.8469 	EXP 	eyetracker.setRecordingState(False)
13.8575 	EXP 	eyetracker.setRecordingState(False)
13.8683 	EXP 	eyetracker.setRecordingState(False)
13.8790 	EXP 	eyetracker.setRecordingState(False)
13.8897 	EXP 	eyetracker.setRecordingState(False)
13.8998 	EXP 	eyetracker.setRecordingState(False)
13.9103 	EXP 	eyetracker.setRecordingState(False)
13.9176 	DATA 	Mouse:  Left button up, pos=(962,533)
13.9239 	EXP 	eyetracker.setRecordingState(False)
13.9353 	EXP 	eyetracker.setRecordingState(False)
13.9466 	EXP 	eyetracker.setRecordingState(False)
13.9618 	EXP 	eyetracker.setRecordingState(False)
13.9713 	EXP 	eyetracker.setRecordingState(False)
13.9808 	EXP 	eyetracker.setRecordingState(False)
13.9898 	EXP 	eyetracker.setRecordingState(False)
13.9989 	EXP 	eyetracker.setRecordingState(False)
14.0073 	EXP 	eyetracker.setRecordingState(False)
14.0157 	EXP 	eyetracker.setRecordingState(False)
14.0252 	EXP 	eyetracker.setRecordingState(False)
14.0349 	EXP 	eyetracker.setRecordingState(False)
14.0453 	EXP 	eyetracker.setRecordingState(False)
14.0569 	EXP 	eyetracker.setRecordingState(False)
14.0674 	EXP 	eyetracker.setRecordingState(False)
14.0783 	EXP 	eyetracker.setRecordingState(False)
14.0893 	EXP 	eyetracker.setRecordingState(False)
14.1021 	EXP 	eyetracker.setRecordingState(False)
14.1136 	EXP 	eyetracker.setRecordingState(False)
14.1254 	EXP 	eyetracker.setRecordingState(False)
14.1365 	EXP 	eyetracker.setRecordingState(False)
14.1480 	EXP 	eyetracker.setRecordingState(False)
14.1586 	EXP 	eyetracker.setRecordingState(False)
14.1701 	EXP 	eyetracker.setRecordingState(False)
14.1812 	EXP 	eyetracker.setRecordingState(False)
14.1906 	EXP 	eyetracker.setRecordingState(False)
14.2008 	EXP 	eyetracker.setRecordingState(False)
14.2108 	EXP 	eyetracker.setRecordingState(False)
14.2210 	EXP 	eyetracker.setRecordingState(False)
14.2312 	EXP 	eyetracker.setRecordingState(False)
14.2425 	EXP 	eyetracker.setRecordingState(False)
14.2539 	EXP 	eyetracker.setRecordingState(False)
14.2658 	EXP 	eyetracker.setRecordingState(False)
14.2765 	EXP 	eyetracker.setRecordingState(False)
14.2862 	EXP 	eyetracker.setRecordingState(False)
14.2974 	EXP 	eyetracker.setRecordingState(False)
14.3075 	EXP 	eyetracker.setRecordingState(False)
14.3166 	EXP 	eyetracker.setRecordingState(False)
14.3264 	EXP 	eyetracker.setRecordingState(False)
14.3372 	EXP 	eyetracker.setRecordingState(False)
14.3471 	EXP 	eyetracker.setRecordingState(False)
14.3585 	EXP 	eyetracker.setRecordingState(False)
14.3697 	EXP 	eyetracker.setRecordingState(False)
14.3803 	EXP 	eyetracker.setRecordingState(False)
14.3911 	EXP 	eyetracker.setRecordingState(False)
14.4019 	EXP 	eyetracker.setRecordingState(False)
14.4130 	EXP 	eyetracker.setRecordingState(False)
14.4237 	EXP 	eyetracker.setRecordingState(False)
14.4334 	EXP 	eyetracker.setRecordingState(False)
14.4428 	EXP 	eyetracker.setRecordingState(False)
14.4538 	EXP 	eyetracker.setRecordingState(False)
14.4642 	EXP 	eyetracker.setRecordingState(False)
14.4742 	EXP 	eyetracker.setRecordingState(False)
14.4851 	EXP 	eyetracker.setRecordingState(False)
14.4962 	EXP 	eyetracker.setRecordingState(False)
14.5062 	EXP 	eyetracker.setRecordingState(False)
14.5168 	EXP 	eyetracker.setRecordingState(False)
14.5278 	EXP 	eyetracker.setRecordingState(False)
14.5394 	EXP 	eyetracker.setRecordingState(False)
14.5513 	EXP 	eyetracker.setRecordingState(False)
14.5602 	EXP 	eyetracker.setRecordingState(False)
14.5689 	EXP 	eyetracker.setRecordingState(False)
14.5785 	EXP 	eyetracker.setRecordingState(False)
14.5876 	EXP 	eyetracker.setRecordingState(False)
14.5959 	EXP 	eyetracker.setRecordingState(False)
14.6072 	EXP 	eyetracker.setRecordingState(False)
14.6180 	EXP 	eyetracker.setRecordingState(False)
14.6290 	EXP 	eyetracker.setRecordingState(False)
14.6393 	EXP 	eyetracker.setRecordingState(False)
14.6504 	EXP 	eyetracker.setRecordingState(False)
14.6622 	EXP 	eyetracker.setRecordingState(False)
14.6736 	EXP 	eyetracker.setRecordingState(False)
14.6860 	EXP 	eyetracker.setRecordingState(False)
14.6980 	EXP 	eyetracker.setRecordingState(False)
14.7099 	EXP 	eyetracker.setRecordingState(False)
14.7229 	EXP 	eyetracker.setRecordingState(False)
14.7353 	EXP 	eyetracker.setRecordingState(False)
14.7477 	EXP 	eyetracker.setRecordingState(False)
14.7604 	EXP 	eyetracker.setRecordingState(False)
14.7733 	EXP 	eyetracker.setRecordingState(False)
14.7866 	EXP 	eyetracker.setRecordingState(False)
14.8001 	EXP 	eyetracker.setRecordingState(False)
14.8129 	EXP 	eyetracker.setRecordingState(False)
14.8245 	EXP 	eyetracker.setRecordingState(False)
14.8361 	EXP 	eyetracker.setRecordingState(False)
14.8461 	EXP 	eyetracker.setRecordingState(False)
14.8560 	EXP 	eyetracker.setRecordingState(False)
14.8659 	EXP 	eyetracker.setRecordingState(False)
14.8769 	EXP 	eyetracker.setRecordingState(False)
14.8869 	EXP 	eyetracker.setRecordingState(False)
14.8968 	EXP 	eyetracker.setRecordingState(False)
14.9079 	EXP 	eyetracker.setRecordingState(False)
14.9185 	EXP 	eyetracker.setRecordingState(False)
14.9295 	EXP 	eyetracker.setRecordingState(False)
14.9397 	EXP 	eyetracker.setRecordingState(False)
14.9498 	EXP 	eyetracker.setRecordingState(False)
14.9603 	EXP 	eyetracker.setRecordingState(False)
14.9712 	EXP 	eyetracker.setRecordingState(False)
14.9821 	EXP 	eyetracker.setRecordingState(False)
14.9932 	EXP 	eyetracker.setRecordingState(False)
15.0040 	EXP 	eyetracker.setRecordingState(False)
15.0165 	EXP 	eyetracker.setRecordingState(False)
15.0275 	EXP 	eyetracker.setRecordingState(False)
15.0375 	EXP 	eyetracker.setRecordingState(False)
15.0477 	EXP 	eyetracker.setRecordingState(False)
15.0586 	EXP 	eyetracker.setRecordingState(False)
15.0684 	EXP 	eyetracker.setRecordingState(False)
15.0788 	EXP 	eyetracker.setRecordingState(False)
15.0894 	EXP 	eyetracker.setRecordingState(False)
15.0994 	EXP 	eyetracker.setRecordingState(False)
15.1113 	EXP 	eyetracker.setRecordingState(False)
15.1222 	EXP 	eyetracker.setRecordingState(False)
15.1322 	EXP 	eyetracker.setRecordingState(False)
15.1433 	EXP 	eyetracker.setRecordingState(False)
15.1544 	EXP 	eyetracker.setRecordingState(False)
15.1649 	EXP 	eyetracker.setRecordingState(False)
15.1774 	EXP 	eyetracker.setRecordingState(False)
15.1875 	EXP 	eyetracker.setRecordingState(False)
15.1965 	EXP 	eyetracker.setRecordingState(False)
15.2057 	EXP 	eyetracker.setRecordingState(False)
15.2154 	EXP 	eyetracker.setRecordingState(False)
15.2249 	EXP 	eyetracker.setRecordingState(False)
15.2342 	EXP 	eyetracker.setRecordingState(False)
15.2444 	EXP 	eyetracker.setRecordingState(False)
15.2554 	EXP 	eyetracker.setRecordingState(False)
15.2679 	EXP 	eyetracker.setRecordingState(False)
15.2786 	EXP 	eyetracker.setRecordingState(False)
15.2898 	EXP 	eyetracker.setRecordingState(False)
15.3002 	EXP 	eyetracker.setRecordingState(False)
15.3106 	EXP 	eyetracker.setRecordingState(False)
15.3200 	EXP 	eyetracker.setRecordingState(False)
15.3305 	EXP 	eyetracker.setRecordingState(False)
15.3417 	EXP 	eyetracker.setRecordingState(False)
15.3532 	EXP 	eyetracker.setRecordingState(False)
15.3645 	EXP 	eyetracker.setRecordingState(False)
15.3760 	EXP 	eyetracker.setRecordingState(False)
15.3868 	EXP 	eyetracker.setRecordingState(False)
15.3984 	EXP 	eyetracker.setRecordingState(False)
15.4091 	EXP 	eyetracker.setRecordingState(False)
15.4204 	EXP 	eyetracker.setRecordingState(False)
15.4327 	EXP 	eyetracker.setRecordingState(False)
15.4471 	EXP 	eyetracker.setRecordingState(False)
15.4607 	EXP 	eyetracker.setRecordingState(False)
15.4725 	EXP 	eyetracker.setRecordingState(False)
15.4834 	EXP 	eyetracker.setRecordingState(False)
15.4938 	EXP 	eyetracker.setRecordingState(False)
15.5056 	EXP 	eyetracker.setRecordingState(False)
15.5174 	EXP 	eyetracker.setRecordingState(False)
15.5280 	EXP 	eyetracker.setRecordingState(False)
15.5395 	EXP 	eyetracker.setRecordingState(False)
15.5488 	EXP 	eyetracker.setRecordingState(False)
15.5585 	EXP 	eyetracker.setRecordingState(False)
15.5683 	EXP 	eyetracker.setRecordingState(False)
15.5778 	EXP 	eyetracker.setRecordingState(False)
15.5883 	EXP 	eyetracker.setRecordingState(False)
15.6007 	EXP 	eyetracker.setRecordingState(False)
15.6144 	EXP 	eyetracker.setRecordingState(False)
15.6302 	EXP 	eyetracker.setRecordingState(False)
15.6447 	EXP 	eyetracker.setRecordingState(False)
15.6604 	EXP 	eyetracker.setRecordingState(False)
15.6718 	EXP 	eyetracker.setRecordingState(False)
15.6835 	EXP 	eyetracker.setRecordingState(False)
15.6957 	EXP 	eyetracker.setRecordingState(False)
15.7064 	EXP 	eyetracker.setRecordingState(False)
15.7171 	EXP 	eyetracker.setRecordingState(False)
15.7282 	EXP 	eyetracker.setRecordingState(False)
15.7393 	EXP 	eyetracker.setRecordingState(False)
15.7498 	EXP 	eyetracker.setRecordingState(False)
15.7600 	EXP 	eyetracker.setRecordingState(False)
15.7688 	EXP 	eyetracker.setRecordingState(False)
15.7776 	EXP 	eyetracker.setRecordingState(False)
15.7866 	EXP 	eyetracker.setRecordingState(False)
15.7962 	EXP 	eyetracker.setRecordingState(False)
15.8051 	EXP 	eyetracker.setRecordingState(False)
15.8151 	EXP 	eyetracker.setRecordingState(False)
15.8246 	EXP 	eyetracker.setRecordingState(False)
15.8363 	EXP 	eyetracker.setRecordingState(False)
15.8479 	EXP 	eyetracker.setRecordingState(False)
15.8585 	EXP 	eyetracker.setRecordingState(False)
15.8707 	EXP 	eyetracker.setRecordingState(False)
15.8841 	EXP 	eyetracker.setRecordingState(False)
15.8952 	EXP 	eyetracker.setRecordingState(False)
15.9061 	EXP 	eyetracker.setRecordingState(False)
15.9171 	EXP 	eyetracker.setRecordingState(False)
15.9260 	EXP 	eyetracker.setRecordingState(False)
15.9359 	EXP 	eyetracker.setRecordingState(False)
15.9468 	EXP 	eyetracker.setRecordingState(False)
15.9551 	EXP 	eyetracker.setRecordingState(False)
15.9644 	EXP 	eyetracker.setRecordingState(False)
15.9776 	EXP 	eyetracker.setRecordingState(False)
15.9886 	EXP 	eyetracker.setRecordingState(False)
15.9988 	EXP 	eyetracker.setRecordingState(False)
16.0109 	EXP 	eyetracker.setRecordingState(False)
16.0194 	EXP 	eyetracker.setRecordingState(False)
16.0288 	EXP 	eyetracker.setRecordingState(False)
16.0394 	EXP 	eyetracker.setRecordingState(False)
16.0489 	EXP 	eyetracker.setRecordingState(False)
16.0603 	EXP 	eyetracker.setRecordingState(False)
16.0711 	EXP 	eyetracker.setRecordingState(False)
16.0802 	EXP 	eyetracker.setRecordingState(False)
16.0903 	EXP 	eyetracker.setRecordingState(False)
16.0999 	EXP 	eyetracker.setRecordingState(False)
16.1081 	EXP 	eyetracker.setRecordingState(False)
16.1154 	EXP 	eyetracker.setRecordingState(False)
16.1225 	EXP 	eyetracker.setRecordingState(False)
16.1300 	EXP 	eyetracker.setRecordingState(False)
16.1376 	EXP 	eyetracker.setRecordingState(False)
16.1451 	EXP 	eyetracker.setRecordingState(False)
16.1567 	EXP 	eyetracker.setRecordingState(False)
16.1651 	EXP 	eyetracker.setRecordingState(False)
16.1734 	EXP 	eyetracker.setRecordingState(False)
16.1849 	EXP 	eyetracker.setRecordingState(False)
16.1948 	EXP 	eyetracker.setRecordingState(False)
16.2061 	EXP 	eyetracker.setRecordingState(False)
16.2158 	EXP 	eyetracker.setRecordingState(False)
16.2269 	EXP 	eyetracker.setRecordingState(False)
16.2358 	EXP 	eyetracker.setRecordingState(False)
16.2473 	EXP 	eyetracker.setRecordingState(False)
16.2571 	EXP 	eyetracker.setRecordingState(False)
16.2678 	EXP 	eyetracker.setRecordingState(False)
16.2779 	EXP 	eyetracker.setRecordingState(False)
16.2892 	EXP 	eyetracker.setRecordingState(False)
16.2991 	EXP 	eyetracker.setRecordingState(False)
16.3090 	EXP 	eyetracker.setRecordingState(False)
16.3186 	EXP 	eyetracker.setRecordingState(False)
16.3287 	EXP 	eyetracker.setRecordingState(False)
16.3393 	EXP 	eyetracker.setRecordingState(False)
16.3489 	EXP 	eyetracker.setRecordingState(False)
16.3580 	EXP 	eyetracker.setRecordingState(False)
16.3660 	EXP 	eyetracker.setRecordingState(False)
16.3736 	EXP 	eyetracker.setRecordingState(False)
16.3821 	EXP 	eyetracker.setRecordingState(False)
16.3908 	EXP 	eyetracker.setRecordingState(False)
16.4012 	EXP 	eyetracker.setRecordingState(False)
16.4106 	EXP 	eyetracker.setRecordingState(False)
16.4224 	EXP 	eyetracker.setRecordingState(False)
16.4354 	EXP 	eyetracker.setRecordingState(False)
16.4451 	EXP 	eyetracker.setRecordingState(False)
16.4565 	EXP 	eyetracker.setRecordingState(False)
16.4669 	EXP 	eyetracker.setRecordingState(False)
16.4772 	EXP 	eyetracker.setRecordingState(False)
16.4872 	EXP 	eyetracker.setRecordingState(False)
16.4988 	EXP 	eyetracker.setRecordingState(False)
16.5102 	EXP 	eyetracker.setRecordingState(False)
16.5208 	EXP 	eyetracker.setRecordingState(False)
16.5312 	EXP 	eyetracker.setRecordingState(False)
16.5422 	EXP 	eyetracker.setRecordingState(False)
16.5525 	EXP 	eyetracker.setRecordingState(False)
16.5650 	EXP 	eyetracker.setRecordingState(False)
16.5776 	EXP 	eyetracker.setRecordingState(False)
16.5903 	EXP 	eyetracker.setRecordingState(False)
16.6064 	EXP 	eyetracker.setRecordingState(False)
16.6221 	EXP 	eyetracker.setRecordingState(False)
16.6382 	EXP 	eyetracker.setRecordingState(False)
16.6522 	EXP 	eyetracker.setRecordingState(False)
16.6641 	EXP 	eyetracker.setRecordingState(False)
16.6743 	EXP 	eyetracker.setRecordingState(False)
16.6853 	EXP 	eyetracker.setRecordingState(False)
16.6971 	EXP 	eyetracker.setRecordingState(False)
16.7068 	EXP 	eyetracker.setRecordingState(False)
16.7188 	EXP 	eyetracker.setRecordingState(False)
16.7298 	EXP 	eyetracker.setRecordingState(False)
16.7413 	EXP 	eyetracker.setRecordingState(False)
16.7519 	EXP 	eyetracker.setRecordingState(False)
16.7635 	EXP 	eyetracker.setRecordingState(False)
16.7726 	EXP 	eyetracker.setRecordingState(False)
16.7825 	EXP 	eyetracker.setRecordingState(False)
16.7936 	EXP 	eyetracker.setRecordingState(False)
16.8028 	DATA 	Mouse: Left button down, pos=(545,480)
16.8070 	EXP 	eyetracker.setRecordingState(False)
16.8109 	EXP 	eyetracker.setRecordingState(False)
16.8331 	INFO 	Keyboard events cleared
16.8314 	EXP 	text_instr: autoDraw = False
16.8314 	EXP 	kandos: autoDraw = False
16.8314 	EXP 	ritzbury: autoDraw = False
16.8314 	EXP 	revello: autoDraw = False
16.8314 	EXP 	cadbury: autoDraw = False
16.8314 	EXP 	text_20: autoDraw = False
16.8314 	EXP 	text_21: autoDraw = False
16.8314 	EXP 	text_22: autoDraw = False
16.8314 	EXP 	text_23: autoDraw = False
16.8314 	EXP 	text_instr_2: autoDraw = True
16.8314 	EXP 	goldi: autoDraw = True
16.8314 	EXP 	elephanthouse: autoDraw = True
16.8314 	EXP 	krest: autoDraw = True
16.8314 	EXP 	pussalla: autoDraw = True
16.8314 	EXP 	text_16: autoDraw = True
16.8314 	EXP 	text_17: autoDraw = True
16.8314 	EXP 	text_18: autoDraw = True
16.8314 	EXP 	text_19: autoDraw = True
16.8358 	EXP 	eyetracker.setRecordingState(False)
16.8463 	EXP 	eyetracker.setRecordingState(False)
16.8575 	EXP 	eyetracker.setRecordingState(False)
16.8699 	EXP 	eyetracker.setRecordingState(False)
16.8804 	EXP 	eyetracker.setRecordingState(False)
16.8906 	EXP 	eyetracker.setRecordingState(False)
16.9017 	EXP 	eyetracker.setRecordingState(False)
16.9118 	EXP 	eyetracker.setRecordingState(False)
16.9233 	EXP 	eyetracker.setRecordingState(False)
16.9333 	EXP 	eyetracker.setRecordingState(False)
16.9449 	EXP 	eyetracker.setRecordingState(False)
16.9584 	EXP 	eyetracker.setRecordingState(False)
16.9713 	EXP 	eyetracker.setRecordingState(False)
16.9831 	EXP 	eyetracker.setRecordingState(False)
16.9941 	EXP 	eyetracker.setRecordingState(False)
17.0057 	EXP 	eyetracker.setRecordingState(False)
17.0167 	EXP 	eyetracker.setRecordingState(False)
17.0273 	EXP 	eyetracker.setRecordingState(False)
17.0327 	DATA 	Mouse:  Left button up, pos=(545,480)
17.0388 	EXP 	eyetracker.setRecordingState(False)
17.0493 	EXP 	eyetracker.setRecordingState(False)
17.0582 	EXP 	eyetracker.setRecordingState(False)
17.0679 	EXP 	eyetracker.setRecordingState(False)
17.0777 	EXP 	eyetracker.setRecordingState(False)
17.0880 	EXP 	eyetracker.setRecordingState(False)
17.1001 	EXP 	eyetracker.setRecordingState(False)
17.1121 	EXP 	eyetracker.setRecordingState(False)
17.1240 	EXP 	eyetracker.setRecordingState(False)
17.1367 	EXP 	eyetracker.setRecordingState(False)
17.1497 	EXP 	eyetracker.setRecordingState(False)
17.1615 	EXP 	eyetracker.setRecordingState(False)
17.1724 	EXP 	eyetracker.setRecordingState(False)
17.1837 	EXP 	eyetracker.setRecordingState(False)
17.1954 	EXP 	eyetracker.setRecordingState(False)
17.2106 	EXP 	eyetracker.setRecordingState(False)
17.2225 	EXP 	eyetracker.setRecordingState(False)
17.2324 	EXP 	eyetracker.setRecordingState(False)
17.2413 	EXP 	eyetracker.setRecordingState(False)
17.2546 	EXP 	eyetracker.setRecordingState(False)
17.2677 	EXP 	eyetracker.setRecordingState(False)
17.2810 	EXP 	eyetracker.setRecordingState(False)
17.2956 	EXP 	eyetracker.setRecordingState(False)
17.3088 	EXP 	eyetracker.setRecordingState(False)
17.3223 	EXP 	eyetracker.setRecordingState(False)
17.3353 	EXP 	eyetracker.setRecordingState(False)
17.3472 	EXP 	eyetracker.setRecordingState(False)
17.3595 	EXP 	eyetracker.setRecordingState(False)
17.3713 	EXP 	eyetracker.setRecordingState(False)
17.3826 	EXP 	eyetracker.setRecordingState(False)
17.3937 	EXP 	eyetracker.setRecordingState(False)
17.4038 	EXP 	eyetracker.setRecordingState(False)
17.4144 	EXP 	eyetracker.setRecordingState(False)
17.4258 	EXP 	eyetracker.setRecordingState(False)
17.4369 	EXP 	eyetracker.setRecordingState(False)
17.4477 	EXP 	eyetracker.setRecordingState(False)
17.4597 	EXP 	eyetracker.setRecordingState(False)
17.4704 	EXP 	eyetracker.setRecordingState(False)
17.4794 	EXP 	eyetracker.setRecordingState(False)
17.4906 	EXP 	eyetracker.setRecordingState(False)
17.4997 	EXP 	eyetracker.setRecordingState(False)
17.5089 	EXP 	eyetracker.setRecordingState(False)
17.5180 	EXP 	eyetracker.setRecordingState(False)
17.5277 	EXP 	eyetracker.setRecordingState(False)
17.5368 	EXP 	eyetracker.setRecordingState(False)
17.5468 	EXP 	eyetracker.setRecordingState(False)
17.5569 	EXP 	eyetracker.setRecordingState(False)
17.5673 	EXP 	eyetracker.setRecordingState(False)
17.5781 	EXP 	eyetracker.setRecordingState(False)
17.5889 	EXP 	eyetracker.setRecordingState(False)
17.5994 	EXP 	eyetracker.setRecordingState(False)
17.6122 	EXP 	eyetracker.setRecordingState(False)
17.6243 	EXP 	eyetracker.setRecordingState(False)
17.6362 	EXP 	eyetracker.setRecordingState(False)
17.6507 	EXP 	eyetracker.setRecordingState(False)
17.6635 	EXP 	eyetracker.setRecordingState(False)
17.6754 	EXP 	eyetracker.setRecordingState(False)
17.6865 	EXP 	eyetracker.setRecordingState(False)
17.6986 	EXP 	eyetracker.setRecordingState(False)
17.7114 	EXP 	eyetracker.setRecordingState(False)
17.7231 	EXP 	eyetracker.setRecordingState(False)
17.7338 	EXP 	eyetracker.setRecordingState(False)
17.7454 	EXP 	eyetracker.setRecordingState(False)
17.7565 	EXP 	eyetracker.setRecordingState(False)
17.7665 	EXP 	eyetracker.setRecordingState(False)
17.7765 	EXP 	eyetracker.setRecordingState(False)
17.7860 	EXP 	eyetracker.setRecordingState(False)
17.7960 	EXP 	eyetracker.setRecordingState(False)
17.8065 	EXP 	eyetracker.setRecordingState(False)
17.8175 	EXP 	eyetracker.setRecordingState(False)
17.8292 	EXP 	eyetracker.setRecordingState(False)
17.8398 	EXP 	eyetracker.setRecordingState(False)
17.8513 	EXP 	eyetracker.setRecordingState(False)
17.8634 	EXP 	eyetracker.setRecordingState(False)
17.8745 	EXP 	eyetracker.setRecordingState(False)
17.8866 	EXP 	eyetracker.setRecordingState(False)
17.8974 	EXP 	eyetracker.setRecordingState(False)
17.9083 	EXP 	eyetracker.setRecordingState(False)
17.9199 	EXP 	eyetracker.setRecordingState(False)
17.9327 	EXP 	eyetracker.setRecordingState(False)
17.9433 	EXP 	eyetracker.setRecordingState(False)
17.9542 	EXP 	eyetracker.setRecordingState(False)
17.9665 	EXP 	eyetracker.setRecordingState(False)
17.9772 	EXP 	eyetracker.setRecordingState(False)
17.9880 	EXP 	eyetracker.setRecordingState(False)
17.9993 	EXP 	eyetracker.setRecordingState(False)
18.0105 	EXP 	eyetracker.setRecordingState(False)
18.0220 	EXP 	eyetracker.setRecordingState(False)
18.0327 	EXP 	eyetracker.setRecordingState(False)
18.0448 	EXP 	eyetracker.setRecordingState(False)
18.0561 	EXP 	eyetracker.setRecordingState(False)
18.0672 	EXP 	eyetracker.setRecordingState(False)
18.0778 	EXP 	eyetracker.setRecordingState(False)
18.0903 	EXP 	eyetracker.setRecordingState(False)
18.1019 	EXP 	eyetracker.setRecordingState(False)
18.1125 	EXP 	eyetracker.setRecordingState(False)
18.1235 	EXP 	eyetracker.setRecordingState(False)
18.1343 	EXP 	eyetracker.setRecordingState(False)
18.1465 	EXP 	eyetracker.setRecordingState(False)
18.1586 	EXP 	eyetracker.setRecordingState(False)
18.1705 	EXP 	eyetracker.setRecordingState(False)
18.1840 	EXP 	eyetracker.setRecordingState(False)
18.1965 	EXP 	eyetracker.setRecordingState(False)
18.2094 	EXP 	eyetracker.setRecordingState(False)
18.2227 	EXP 	eyetracker.setRecordingState(False)
18.2367 	EXP 	eyetracker.setRecordingState(False)
18.2508 	EXP 	eyetracker.setRecordingState(False)
18.2634 	EXP 	eyetracker.setRecordingState(False)
18.2752 	EXP 	eyetracker.setRecordingState(False)
18.2851 	EXP 	eyetracker.setRecordingState(False)
18.2960 	EXP 	eyetracker.setRecordingState(False)
18.3071 	EXP 	eyetracker.setRecordingState(False)
18.3191 	EXP 	eyetracker.setRecordingState(False)
18.3311 	EXP 	eyetracker.setRecordingState(False)
18.3472 	EXP 	eyetracker.setRecordingState(False)
18.3618 	EXP 	eyetracker.setRecordingState(False)
18.3769 	EXP 	eyetracker.setRecordingState(False)
18.3938 	EXP 	eyetracker.setRecordingState(False)
18.4099 	EXP 	eyetracker.setRecordingState(False)
18.4264 	EXP 	eyetracker.setRecordingState(False)
18.4418 	EXP 	eyetracker.setRecordingState(False)
18.4582 	EXP 	eyetracker.setRecordingState(False)
18.4728 	EXP 	eyetracker.setRecordingState(False)
18.4862 	EXP 	eyetracker.setRecordingState(False)
18.4983 	EXP 	eyetracker.setRecordingState(False)
18.5087 	EXP 	eyetracker.setRecordingState(False)
18.5190 	EXP 	eyetracker.setRecordingState(False)
18.5293 	EXP 	eyetracker.setRecordingState(False)
18.5388 	EXP 	eyetracker.setRecordingState(False)
18.5493 	EXP 	eyetracker.setRecordingState(False)
18.5605 	EXP 	eyetracker.setRecordingState(False)
18.5715 	EXP 	eyetracker.setRecordingState(False)
18.5836 	EXP 	eyetracker.setRecordingState(False)
18.5952 	EXP 	eyetracker.setRecordingState(False)
18.6055 	EXP 	eyetracker.setRecordingState(False)
18.6167 	EXP 	eyetracker.setRecordingState(False)
18.6309 	EXP 	eyetracker.setRecordingState(False)
18.6449 	EXP 	eyetracker.setRecordingState(False)
18.6575 	EXP 	eyetracker.setRecordingState(False)
18.6701 	EXP 	eyetracker.setRecordingState(False)
18.6814 	EXP 	eyetracker.setRecordingState(False)
18.6920 	EXP 	eyetracker.setRecordingState(False)
18.7024 	EXP 	eyetracker.setRecordingState(False)
18.7150 	EXP 	eyetracker.setRecordingState(False)
18.7279 	EXP 	eyetracker.setRecordingState(False)
18.7402 	EXP 	eyetracker.setRecordingState(False)
18.7547 	EXP 	eyetracker.setRecordingState(False)
18.7698 	EXP 	eyetracker.setRecordingState(False)
18.7846 	EXP 	eyetracker.setRecordingState(False)
18.7989 	EXP 	eyetracker.setRecordingState(False)
18.8131 	EXP 	eyetracker.setRecordingState(False)
18.8269 	EXP 	eyetracker.setRecordingState(False)
18.8419 	EXP 	eyetracker.setRecordingState(False)
18.8536 	EXP 	eyetracker.setRecordingState(False)
18.8651 	EXP 	eyetracker.setRecordingState(False)
18.8779 	EXP 	eyetracker.setRecordingState(False)
18.8894 	EXP 	eyetracker.setRecordingState(False)
18.9019 	EXP 	eyetracker.setRecordingState(False)
18.9149 	EXP 	eyetracker.setRecordingState(False)
18.9265 	EXP 	eyetracker.setRecordingState(False)
18.9375 	EXP 	eyetracker.setRecordingState(False)
18.9531 	EXP 	eyetracker.setRecordingState(False)
18.9637 	EXP 	eyetracker.setRecordingState(False)
18.9786 	EXP 	eyetracker.setRecordingState(False)
18.9938 	EXP 	eyetracker.setRecordingState(False)
19.0059 	EXP 	eyetracker.setRecordingState(False)
19.0145 	EXP 	eyetracker.setRecordingState(False)
19.0257 	EXP 	eyetracker.setRecordingState(False)
19.0359 	EXP 	eyetracker.setRecordingState(False)
19.0449 	EXP 	eyetracker.setRecordingState(False)
19.0531 	EXP 	eyetracker.setRecordingState(False)
19.0612 	EXP 	eyetracker.setRecordingState(False)
19.0695 	EXP 	eyetracker.setRecordingState(False)
19.0775 	EXP 	eyetracker.setRecordingState(False)
19.0856 	EXP 	eyetracker.setRecordingState(False)
19.0963 	EXP 	eyetracker.setRecordingState(False)
19.1051 	EXP 	eyetracker.setRecordingState(False)
19.1142 	EXP 	eyetracker.setRecordingState(False)
19.1238 	EXP 	eyetracker.setRecordingState(False)
19.1321 	EXP 	eyetracker.setRecordingState(False)
19.1419 	EXP 	eyetracker.setRecordingState(False)
19.1512 	EXP 	eyetracker.setRecordingState(False)
19.1601 	EXP 	eyetracker.setRecordingState(False)
19.1677 	EXP 	eyetracker.setRecordingState(False)
19.1760 	EXP 	eyetracker.setRecordingState(False)
19.1853 	EXP 	eyetracker.setRecordingState(False)
19.1943 	EXP 	eyetracker.setRecordingState(False)
19.2024 	EXP 	eyetracker.setRecordingState(False)
19.2112 	EXP 	eyetracker.setRecordingState(False)
19.2239 	EXP 	eyetracker.setRecordingState(False)
19.2361 	EXP 	eyetracker.setRecordingState(False)
19.2466 	EXP 	eyetracker.setRecordingState(False)
19.2563 	EXP 	eyetracker.setRecordingState(False)
19.2646 	EXP 	eyetracker.setRecordingState(False)
19.2723 	EXP 	eyetracker.setRecordingState(False)
19.2808 	EXP 	eyetracker.setRecordingState(False)
19.2916 	EXP 	eyetracker.setRecordingState(False)
19.3015 	EXP 	eyetracker.setRecordingState(False)
19.3126 	EXP 	eyetracker.setRecordingState(False)
19.3222 	EXP 	eyetracker.setRecordingState(False)
19.3339 	EXP 	eyetracker.setRecordingState(False)
19.3455 	EXP 	eyetracker.setRecordingState(False)
19.3551 	EXP 	eyetracker.setRecordingState(False)
19.3654 	EXP 	eyetracker.setRecordingState(False)
19.3773 	EXP 	eyetracker.setRecordingState(False)
19.3906 	EXP 	eyetracker.setRecordingState(False)
19.4012 	EXP 	eyetracker.setRecordingState(False)
19.4128 	EXP 	eyetracker.setRecordingState(False)
19.4231 	EXP 	eyetracker.setRecordingState(False)
19.4320 	EXP 	eyetracker.setRecordingState(False)
19.4419 	EXP 	eyetracker.setRecordingState(False)
19.4529 	EXP 	eyetracker.setRecordingState(False)
19.4616 	EXP 	eyetracker.setRecordingState(False)
19.4702 	EXP 	eyetracker.setRecordingState(False)
19.4795 	EXP 	eyetracker.setRecordingState(False)
19.4879 	EXP 	eyetracker.setRecordingState(False)
19.4981 	EXP 	eyetracker.setRecordingState(False)
19.5097 	EXP 	eyetracker.setRecordingState(False)
19.5196 	EXP 	eyetracker.setRecordingState(False)
19.5299 	EXP 	eyetracker.setRecordingState(False)
19.5381 	EXP 	eyetracker.setRecordingState(False)
19.5457 	EXP 	eyetracker.setRecordingState(False)
19.5564 	EXP 	eyetracker.setRecordingState(False)
19.5666 	EXP 	eyetracker.setRecordingState(False)
19.5761 	EXP 	eyetracker.setRecordingState(False)
19.5857 	EXP 	eyetracker.setRecordingState(False)
19.5935 	EXP 	eyetracker.setRecordingState(False)
19.6015 	EXP 	eyetracker.setRecordingState(False)
19.6088 	EXP 	eyetracker.setRecordingState(False)
19.6169 	EXP 	eyetracker.setRecordingState(False)
19.6267 	EXP 	eyetracker.setRecordingState(False)
19.6358 	EXP 	eyetracker.setRecordingState(False)
19.6477 	EXP 	eyetracker.setRecordingState(False)
19.6590 	EXP 	eyetracker.setRecordingState(False)
19.6701 	EXP 	eyetracker.setRecordingState(False)
19.6815 	EXP 	eyetracker.setRecordingState(False)
19.6910 	EXP 	eyetracker.setRecordingState(False)
19.7004 	EXP 	eyetracker.setRecordingState(False)
19.7115 	EXP 	eyetracker.setRecordingState(False)
19.7219 	EXP 	eyetracker.setRecordingState(False)
19.7340 	EXP 	eyetracker.setRecordingState(False)
19.7471 	EXP 	eyetracker.setRecordingState(False)
19.7594 	EXP 	eyetracker.setRecordingState(False)
19.7725 	EXP 	eyetracker.setRecordingState(False)
19.7845 	EXP 	eyetracker.setRecordingState(False)
19.7953 	EXP 	eyetracker.setRecordingState(False)
19.8067 	EXP 	eyetracker.setRecordingState(False)
19.8171 	EXP 	eyetracker.setRecordingState(False)
19.8265 	EXP 	eyetracker.setRecordingState(False)
19.8367 	EXP 	eyetracker.setRecordingState(False)
19.8465 	EXP 	eyetracker.setRecordingState(False)
19.8573 	EXP 	eyetracker.setRecordingState(False)
19.8672 	EXP 	eyetracker.setRecordingState(False)
19.8774 	EXP 	eyetracker.setRecordingState(False)
19.8869 	EXP 	eyetracker.setRecordingState(False)
19.8973 	EXP 	eyetracker.setRecordingState(False)
19.9070 	EXP 	eyetracker.setRecordingState(False)
19.9167 	EXP 	eyetracker.setRecordingState(False)
19.9267 	EXP 	eyetracker.setRecordingState(False)
19.9370 	EXP 	eyetracker.setRecordingState(False)
19.9480 	EXP 	eyetracker.setRecordingState(False)
19.9593 	EXP 	eyetracker.setRecordingState(False)
19.9710 	EXP 	eyetracker.setRecordingState(False)
19.9820 	EXP 	eyetracker.setRecordingState(False)
19.9934 	EXP 	eyetracker.setRecordingState(False)
20.0054 	EXP 	eyetracker.setRecordingState(False)
20.0163 	EXP 	eyetracker.setRecordingState(False)
20.0282 	EXP 	eyetracker.setRecordingState(False)
20.0388 	EXP 	eyetracker.setRecordingState(False)
20.0473 	EXP 	eyetracker.setRecordingState(False)
20.0579 	EXP 	eyetracker.setRecordingState(False)
20.0662 	EXP 	eyetracker.setRecordingState(False)
20.0741 	EXP 	eyetracker.setRecordingState(False)
20.0823 	EXP 	eyetracker.setRecordingState(False)
20.0926 	EXP 	eyetracker.setRecordingState(False)
20.1039 	EXP 	eyetracker.setRecordingState(False)
20.1155 	EXP 	eyetracker.setRecordingState(False)
20.1247 	EXP 	eyetracker.setRecordingState(False)
20.1369 	EXP 	eyetracker.setRecordingState(False)
20.1485 	EXP 	eyetracker.setRecordingState(False)
20.1532 	DATA 	Mouse: Left button down, pos=(1414,533)
20.1600 	EXP 	eyetracker.setRecordingState(False)
20.1640 	EXP 	text_instr_2: autoDraw = False
20.1640 	EXP 	goldi: autoDraw = False
20.1640 	EXP 	elephanthouse: autoDraw = False
20.1640 	EXP 	krest: autoDraw = False
20.1640 	EXP 	pussalla: autoDraw = False
20.1640 	EXP 	text_16: autoDraw = False
20.1640 	EXP 	text_17: autoDraw = False
20.1640 	EXP 	text_18: autoDraw = False
20.1640 	EXP 	text_19: autoDraw = False
20.1643 	EXP 	Cheese: status = STOPPED
20.2614 	INFO 	saved data to 'C:\\Users\\M S I\\OneDrive\\Documents\\GitHub\\Research-Project\\data\\799022_Cheese_2026-01-06_16h00.29.962.csv'
20.2641 	INFO 	saved data to C:\Users\M S I\OneDrive\Documents\GitHub\Research-Project\data\799022_Cheese_2026-01-06_16h00.29.962.psydat
