14.8415 	INFO 	Loaded monitor calibration from ['2025_12_23 12:18']
14.8812 	WARNING 	User requested fullscreen with size [1024  768], but screen is actually [1920, 1080]. Using actual size
17.4906 	INFO 	Using renderer 'Intel(R) UHD Graphics' for graphics
17.4907 	INFO 	OpenGL version supported by driver is 4..
17.5100 	EXP 	Created window1 = Window(allowGUI=True, allowStencil=False, autoLog=True, backendConf=UNKNOWN, backgroundFit=<method-wrapper '__getattribute__' of attributeSetter object at 0x00000217A2CAC580>, backgroundImage=<method-wrapper '__getattribute__' of attributeSetter object at 0x00000217A2CAC5E0>, bitsMode=UNKNOWN, blendMode='avg', bpc=(8, 8, 8), color=array([-1., -1., -1.]), colorSpace='rgb', depthBits=8, fullscr=True, gamma=None, gammaErrorPolicy='raise', infoMsg=UNKNOWN, lms=UNKNOWN, monitor=<psychopy.monitors.calibTools.Monitor object at 0x000002179A2400A0>, multiSample=False, name='window1', numSamples=2, pos=[np.float64(0.0), np.float64(0.0)], screen=0, size=array([1920, 1080]), stencilBits=0, stereo=False, title='PsychoPy', units='height', useFBO=True, useRetina=False, viewOri=0.0, viewPos=None, viewScale=None, waitBlanking=True, winType='pyglet')
17.5101 	EXP 	window1: backgroundImage = ''
17.5102 	EXP 	window1: backgroundFit = 'none'
18.1061 	EXP 	window1: Attempting to measure frame rate of screen (0) ...
18.1062 	EXP 	window1: recordFrameIntervals = False
18.1779 	EXP 	window1: recordFrameIntervals = True
18.2506 	EXP 	Screen (0) actual frame rate measured at 153.03Hz
18.2507 	EXP 	window1: recordFrameIntervals = False
28.0848 	INFO 	keyboard.Keyboard is using iohub backend.
28.0849 	EXP 	Cheese: status = STARTED
28.1449 	EXP 	Created text = TextStim(__class__=<class 'psychopy.visual.text.TextStim'>, alignHoriz=method-wrapper(...), alignText='center', alignVert=method-wrapper(...), anchorHoriz='center', anchorVert='center', antialias=True, autoDraw=False, autoLog=True, bold=False, color=array([1., 1., 1.]), colorSpace='rgb', contrast=1.0, depth=0.0, draggable=False, flipHoriz=False, flipVert=False, font='Arial', fontFiles=[], height=0.05, italic=False, languageStyle='LTR', name='text', opacity=1, ori=0.0, pos=array([0. , 0.3]), rgb=UNKNOWN, text='', units='height', win=Window(...), wrapWidth=1)
28.2143 	EXP 	Created ambewela = ImageStim(__class__=<class 'psychopy.visual.image.ImageStim'>, anchor=('center', 'center'), autoLog=True, color=array([1., 1., 1.]), colorSpace='rgb', contrast=1.0, depth=-1.0, draggable=False, flipHoriz=np.False_, flipVert=np.False_, image='default.png', interpolate=True, mask=None, maskParams=None, name='ambewela', opacity=1.0, ori=0.0, pos=array([-0.6,  0. ]), size=array([0.2, 0.2]), texRes=128.0, units='height', win=Window(...))
30.1023 	EXP 	Created kothmale = ImageStim(__class__=<class 'psychopy.visual.image.ImageStim'>, anchor=('center', 'center'), autoLog=True, color=array([1., 1., 1.]), colorSpace='rgb', contrast=1.0, depth=-2.0, draggable=False, flipHoriz=np.False_, flipVert=np.False_, image='default.png', interpolate=True, mask=None, maskParams=None, name='kothmale', opacity=1.0, ori=0.0, pos=array([-0.3,  0. ]), size=array([0.2, 0.2]), texRes=128.0, units='height', win=Window(...))
30.1122 	EXP 	Created happycow = ImageStim(__class__=<class 'psychopy.visual.image.ImageStim'>, anchor=('center', 'center'), autoLog=True, color=array([1., 1., 1.]), colorSpace='rgb', contrast=1.0, depth=-3.0, draggable=False, flipHoriz=np.False_, flipVert=np.False_, image='default.png', interpolate=True, mask=None, maskParams=None, name='happycow', opacity=1.0, ori=0.0, pos=array([0., 0.]), size=array([0.2, 0.2]), texRes=128.0, units='height', win=Window(...))
30.1212 	EXP 	Created kraft = ImageStim(__class__=<class 'psychopy.visual.image.ImageStim'>, anchor=('center', 'center'), autoLog=True, color=array([1., 1., 1.]), colorSpace='rgb', contrast=1.0, depth=-4.0, draggable=False, flipHoriz=np.False_, flipVert=np.False_, image='default.png', interpolate=True, mask=None, maskParams=None, name='kraft', opacity=1.0, ori=0.0, pos=array([0.3, 0. ]), size=array([0.2, 0.2]), texRes=128.0, units='height', win=Window(...))
30.1293 	EXP 	Created richlife = ImageStim(__class__=<class 'psychopy.visual.image.ImageStim'>, anchor=('center', 'center'), autoLog=True, color=array([1., 1., 1.]), colorSpace='rgb', contrast=1.0, depth=-5.0, draggable=False, flipHoriz=np.False_, flipVert=np.False_, image='default.png', interpolate=True, mask=None, maskParams=None, name='richlife', opacity=1.0, ori=0.0, pos=array([0.6, 0. ]), size=array([0.2, 0.2]), texRes=128.0, units='height', win=Window(...))
30.3069 	EXP 	Created text_2 = TextStim(__class__=<class 'psychopy.visual.text.TextStim'>, alignHoriz=method-wrapper(...), alignText='center', alignVert=method-wrapper(...), anchorHoriz='center', anchorVert='center', antialias=True, autoDraw=False, autoLog=True, bold=False, color=array([1., 1., 1.]), colorSpace='rgb', contrast=1.0, depth=-6.0, draggable=False, flipHoriz=False, flipVert=False, font='Arial', fontFiles=[], height=np.float64(0.02), italic=False, languageStyle='LTR', name='text_2', opacity=1, ori=0.0, pos=array([-0.6, -0.3]), rgb=UNKNOWN, text=str(...), units='height', win=Window(...), wrapWidth=1)
30.3214 	EXP 	Created text_3 = TextStim(__class__=<class 'psychopy.visual.text.TextStim'>, alignHoriz=method-wrapper(...), alignText='center', alignVert=method-wrapper(...), anchorHoriz='center', anchorVert='center', antialias=True, autoDraw=False, autoLog=True, bold=False, color=array([1., 1., 1.]), colorSpace='rgb', contrast=1.0, depth=-7.0, draggable=False, flipHoriz=False, flipVert=False, font='Arial', fontFiles=[], height=np.float64(0.02), italic=False, languageStyle='LTR', name='text_3', opacity=1, ori=0.0, pos=array([-0.3, -0.3]), rgb=UNKNOWN, text='Kothmale Cheddar\n250 g \nRs 1300', units='height', win=Window(...), wrapWidth=1)
30.3324 	EXP 	Created text_4 = TextStim(__class__=<class 'psychopy.visual.text.TextStim'>, alignHoriz=method-wrapper(...), alignText='center', alignVert=method-wrapper(...), anchorHoriz='center', anchorVert='center', antialias=True, autoDraw=False, autoLog=True, bold=False, color=array([1., 1., 1.]), colorSpace='rgb', contrast=1.0, depth=-8.0, draggable=False, flipHoriz=False, flipVert=False, font='Arial', fontFiles=[], height=np.float64(0.02), italic=False, languageStyle='LTR', name='text_4', opacity=1, ori=0.0, pos=array([ 0. , -0.3]), rgb=UNKNOWN, text='HappyCow Cheese\n340 g\nRs 1200', units='height', win=Window(...), wrapWidth=1)
30.3418 	EXP 	Created text_5 = TextStim(__class__=<class 'psychopy.visual.text.TextStim'>, alignHoriz=method-wrapper(...), alignText='center', alignVert=method-wrapper(...), anchorHoriz='center', anchorVert='center', antialias=True, autoDraw=False, autoLog=True, bold=False, color=array([1., 1., 1.]), colorSpace='rgb', contrast=1.0, depth=-9.0, draggable=False, flipHoriz=False, flipVert=False, font='Arial', fontFiles=[], height=np.float64(0.02), italic=False, languageStyle='LTR', name='text_5', opacity=1, ori=0.0, pos=array([ 0.3, -0.3]), rgb=UNKNOWN, text='Kraft Cheddar Cheese\n250 g\nRs 2590', units='height', win=Window(...), wrapWidth=1)
30.3566 	EXP 	Created text_6 = TextStim(__class__=<class 'psychopy.visual.text.TextStim'>, alignHoriz=method-wrapper(...), alignText='center', alignVert=method-wrapper(...), anchorHoriz='center', anchorVert='center', antialias=True, autoDraw=False, autoLog=True, bold=False, color=array([1., 1., 1.]), colorSpace='rgb', contrast=1.0, depth=-10.0, draggable=False, flipHoriz=False, flipVert=False, font='Arial', fontFiles=[], height=np.float64(0.02), italic=False, languageStyle='LTR', name='text_6', opacity=1, ori=0.0, pos=array([ 0.6, -0.3]), rgb=UNKNOWN, text='Rich Life Cheddar Cheese\n100 g\nRs 625', units='height', win=Window(...), wrapWidth=1)
30.3858 	EXP 	Created text_7 = TextStim(__class__=<class 'psychopy.visual.text.TextStim'>, alignHoriz=method-wrapper(...), alignText='center', alignVert=method-wrapper(...), anchorHoriz='center', anchorVert='center', antialias=True, autoDraw=False, autoLog=True, bold=False, color=array([1., 1., 1.]), colorSpace='rgb', contrast=1.0, depth=0.0, draggable=False, flipHoriz=False, flipVert=False, font='Arial', fontFiles=[], height=np.float64(0.05), italic=False, languageStyle='LTR', name='text_7', opacity=1, ori=0.0, pos=array([0. , 0.3]), rgb=UNKNOWN, text='Which one are you going to buy ?', units='height', win=Window(...), wrapWidth=1)
30.3952 	EXP 	Created highlandYoghurt = ImageStim(__class__=<class 'psychopy.visual.image.ImageStim'>, anchor=('center', 'center'), autoLog=True, color=array([1., 1., 1.]), colorSpace='rgb', contrast=1.0, depth=-1.0, draggable=False, flipHoriz=np.False_, flipVert=np.False_, image='Highland yp.jpg', interpolate=True, mask=None, maskParams=None, name='highlandYoghurt', opacity=1, ori=0.0, pos=array([-0.4,  0. ]), size=array([0.2, 0.2]), texRes=128.0, units='height', win=Window(...))
30.4019 	EXP 	Created anchoryoghurt = ImageStim(__class__=<class 'psychopy.visual.image.ImageStim'>, anchor=('center', 'center'), autoLog=True, color=array([1., 1., 1.]), colorSpace='rgb', contrast=1.0, depth=-2.0, draggable=False, flipHoriz=np.False_, flipVert=np.False_, image='anchor youghurt.jpg', interpolate=True, mask=None, maskParams=None, name='anchoryoghurt', opacity=1, ori=0.0, pos=array([-0.1,  0. ]), size=array([0.2, 0.2]), texRes=128.0, units='height', win=Window(...))
30.4075 	EXP 	Created ambewelayoghurt = ImageStim(__class__=<class 'psychopy.visual.image.ImageStim'>, anchor=('center', 'center'), autoLog=True, color=array([1., 1., 1.]), colorSpace='rgb', contrast=1.0, depth=-3.0, draggable=False, flipHoriz=np.False_, flipVert=np.False_, image='ambewela yoghurt.jpg', interpolate=True, mask=None, maskParams=None, name='ambewelayoghurt', opacity=1, ori=0.0, pos=array([0.2, 0. ]), size=array([0.2, 0.2]), texRes=128.0, units='height', win=Window(...))
30.4142 	EXP 	Created pelawatteyoghurt = ImageStim(__class__=<class 'psychopy.visual.image.ImageStim'>, anchor=('center', 'center'), autoLog=True, color=array([1., 1., 1.]), colorSpace='rgb', contrast=1.0, depth=-4.0, draggable=False, flipHoriz=np.False_, flipVert=np.False_, image='pelawatteypughurt.jpeg', interpolate=True, mask=None, maskParams=None, name='pelawatteyoghurt', opacity=1, ori=0.0, pos=array([0.5, 0. ]), size=array([0.2, 0.2]), texRes=128.0, units='height', win=Window(...))
30.4267 	EXP 	Created text_8 = TextStim(__class__=<class 'psychopy.visual.text.TextStim'>, alignHoriz=method-wrapper(...), alignText='center', alignVert=method-wrapper(...), anchorHoriz='center', anchorVert='center', antialias=True, autoDraw=False, autoLog=True, bold=False, color=array([1., 1., 1.]), colorSpace='rgb', contrast=1.0, depth=-5.0, draggable=False, flipHoriz=False, flipVert=False, font='Arial', fontFiles=[], height=np.float64(0.02), italic=False, languageStyle='LTR', name='text_8', opacity=1, ori=0.0, pos=array([-0.4, -0.3]), rgb=UNKNOWN, text=str(...), units='height', win=Window(...), wrapWidth=1)
30.4321 	EXP 	Created text_9 = TextStim(__class__=<class 'psychopy.visual.text.TextStim'>, alignHoriz=method-wrapper(...), alignText='center', alignVert=method-wrapper(...), anchorHoriz='center', anchorVert='center', antialias=True, autoDraw=False, autoLog=True, bold=False, color=array([1., 1., 1.]), colorSpace='rgb', contrast=1.0, depth=-6.0, draggable=False, flipHoriz=False, flipVert=False, font='Arial', fontFiles=[], height=np.float64(0.02), italic=False, languageStyle='LTR', name='text_9', opacity=1, ori=0.0, pos=array([-0.1, -0.3]), rgb=UNKNOWN, text='Anchor Yoghurt\n     80 g\n   Rs 70', units='height', win=Window(...), wrapWidth=1)
30.4418 	EXP 	Created text_10 = TextStim(__class__=<class 'psychopy.visual.text.TextStim'>, alignHoriz=method-wrapper(...), alignText='center', alignVert=method-wrapper(...), anchorHoriz='center', anchorVert='center', antialias=True, autoDraw=False, autoLog=True, bold=False, color=array([1., 1., 1.]), colorSpace='rgb', contrast=1.0, depth=-7.0, draggable=False, flipHoriz=False, flipVert=False, font='Arial', fontFiles=[], height=np.float64(0.02), italic=False, languageStyle='LTR', name='text_10', opacity=1, ori=0.0, pos=array([ 0.2, -0.3]), rgb=UNKNOWN, text='Ambewela Yoghurt\n      80 g\n     Rs 70', units='height', win=Window(...), wrapWidth=1)
30.4496 	EXP 	Created text_11 = TextStim(__class__=<class 'psychopy.visual.text.TextStim'>, alignHoriz=method-wrapper(...), alignText='center', alignVert=method-wrapper(...), anchorHoriz='center', anchorVert='center', antialias=True, autoDraw=False, autoLog=True, bold=False, color=array([1., 1., 1.]), colorSpace='rgb', contrast=1.0, depth=-8.0, draggable=False, flipHoriz=False, flipVert=False, font='Arial', fontFiles=[], height=np.float64(0.02), italic=False, languageStyle='LTR', name='text_11', opacity=1, ori=0.0, pos=array([ 0.5, -0.3]), rgb=UNKNOWN, text='Pelawatte Yoghurt\n       80 g\n      Rs  50', units='height', win=Window(...), wrapWidth=1)
30.4587 	EXP 	Created text_12 = TextStim(__class__=<class 'psychopy.visual.text.TextStim'>, alignHoriz=method-wrapper(...), alignText='center', alignVert=method-wrapper(...), anchorHoriz='center', anchorVert='center', antialias=True, autoDraw=False, autoLog=True, bold=False, color=array([1., 1., 1.]), colorSpace='rgb', contrast=1.0, depth=0.0, draggable=False, flipHoriz=False, flipVert=False, font='Arial', fontFiles=[], height=np.float64(0.05), italic=False, languageStyle='LTR', name='text_12', opacity=1, ori=0.0, pos=array([0. , 0.3]), rgb=UNKNOWN, text='Which one are you going to buy?', units='height', win=Window(...), wrapWidth=1)
30.4917 	EXP 	Created fortune = ImageStim(__class__=<class 'psychopy.visual.image.ImageStim'>, anchor=('center', 'center'), autoLog=True, color=array([1., 1., 1.]), colorSpace='rgb', contrast=1.0, depth=-1.0, draggable=False, flipHoriz=np.False_, flipVert=np.False_, image='fortune.jpg', interpolate=True, mask=None, maskParams=None, name='fortune', opacity=1, ori=0.0, pos=array([-0.5,  0. ]), size=array([0.2, 0.2]), texRes=128.0, units='height', win=Window(...))
30.5068 	EXP 	Created marina = ImageStim(__class__=<class 'psychopy.visual.image.ImageStim'>, anchor=('center', 'center'), autoLog=True, color=array([1., 1., 1.]), colorSpace='rgb', contrast=1.0, depth=-2.0, draggable=False, flipHoriz=np.False_, flipVert=np.False_, image='marina.jpeg', interpolate=True, mask=None, maskParams=None, name='marina', opacity=1, ori=0.0, pos=array([0., 0.]), size=array([0.2, 0.2]), texRes=128.0, units='height', win=Window(...))
30.5434 	EXP 	Created Njoy = ImageStim(__class__=<class 'psychopy.visual.image.ImageStim'>, anchor=('center', 'center'), autoLog=True, color=array([1., 1., 1.]), colorSpace='rgb', contrast=1.0, depth=-3.0, draggable=False, flipHoriz=np.False_, flipVert=np.False_, image='Njoy.jpg', interpolate=True, mask=None, maskParams=None, name='Njoy', opacity=1, ori=0.0, pos=array([0.5, 0. ]), size=array([0.2, 0.2]), texRes=128.0, units='height', win=Window(...))
30.5545 	EXP 	Created text_13 = TextStim(__class__=<class 'psychopy.visual.text.TextStim'>, alignHoriz=method-wrapper(...), alignText='center', alignVert=method-wrapper(...), anchorHoriz='center', anchorVert='center', antialias=True, autoDraw=False, autoLog=True, bold=False, color=array([1., 1., 1.]), colorSpace='rgb', contrast=1.0, depth=-4.0, draggable=False, flipHoriz=False, flipVert=False, font='Arial', fontFiles=[], height=np.float64(0.02), italic=False, languageStyle='LTR', name='text_13', opacity=1, ori=0.0, pos=array([-0.5, -0.3]), rgb=UNKNOWN, text=str(...), units='height', win=Window(...), wrapWidth=1)
30.5765 	EXP 	Created text_14 = TextStim(__class__=<class 'psychopy.visual.text.TextStim'>, alignHoriz=method-wrapper(...), alignText='center', alignVert=method-wrapper(...), anchorHoriz='center', anchorVert='center', antialias=True, autoDraw=False, autoLog=True, bold=False, color=array([1., 1., 1.]), colorSpace='rgb', contrast=1.0, depth=-5.0, draggable=False, flipHoriz=False, flipVert=False, font='Arial', fontFiles=[], height=np.float64(0.02), italic=False, languageStyle='LTR', name='text_14', opacity=1, ori=0.0, pos=array([ 0. , -0.3]), rgb=UNKNOWN, text=str(...), units='height', win=Window(...), wrapWidth=1)
30.5939 	EXP 	Created text_15 = TextStim(__class__=<class 'psychopy.visual.text.TextStim'>, alignHoriz=method-wrapper(...), alignText='center', alignVert=method-wrapper(...), anchorHoriz='center', anchorVert='center', antialias=True, autoDraw=False, autoLog=True, bold=False, color=array([1., 1., 1.]), colorSpace='rgb', contrast=1.0, depth=-6.0, draggable=False, flipHoriz=False, flipVert=False, font='Arial', fontFiles=[], height=np.float64(0.02), italic=False, languageStyle='LTR', name='text_15', opacity=1, ori=0.0, pos=array([ 0.5, -0.3]), rgb=UNKNOWN, text=str(...), units='height', win=Window(...), wrapWidth=1)
30.6239 	EXP 	Created text_instr = TextStim(__class__=<class 'psychopy.visual.text.TextStim'>, alignHoriz=method-wrapper(...), alignText='center', alignVert=method-wrapper(...), anchorHoriz='center', anchorVert='center', antialias=True, autoDraw=False, autoLog=True, bold=False, color=array([1., 1., 1.]), colorSpace='rgb', contrast=1.0, depth=0.0, draggable=False, flipHoriz=False, flipVert=False, font='Arial', fontFiles=[], height=np.float64(0.04), italic=False, languageStyle='LTR', name='text_instr', opacity=1, ori=0.0, pos=array([0. , 0.3]), rgb=UNKNOWN, text='Which one are you going to buy?', units='height', win=Window(...), wrapWidth=1)
30.6523 	EXP 	Created kandos = ImageStim(__class__=<class 'psychopy.visual.image.ImageStim'>, anchor=('center', 'center'), autoLog=True, color=array([1., 1., 1.]), colorSpace='rgb', contrast=1.0, depth=-1.0, draggable=False, flipHoriz=np.False_, flipVert=np.False_, image='Kandos.jpeg', interpolate=True, mask=None, maskParams=None, name='kandos', opacity=1, ori=0.0, pos=array([-0.4,  0. ]), size=array([0.2, 0.2]), texRes=128.0, units='height', win=Window(...))
30.6631 	EXP 	Created ritzbury = ImageStim(__class__=<class 'psychopy.visual.image.ImageStim'>, anchor=('center', 'center'), autoLog=True, color=array([1., 1., 1.]), colorSpace='rgb', contrast=1.0, depth=-2.0, draggable=False, flipHoriz=np.False_, flipVert=np.False_, image='ritzbury.jpg', interpolate=True, mask=None, maskParams=None, name='ritzbury', opacity=1.0, ori=0.0, pos=array([-0.1,  0. ]), size=array([0.2, 0.2]), texRes=128.0, units='height', win=Window(...))
30.6707 	EXP 	Created revello = ImageStim(__class__=<class 'psychopy.visual.image.ImageStim'>, anchor=('center', 'center'), autoLog=True, color=array([1., 1., 1.]), colorSpace='rgb', contrast=1.0, depth=-3.0, draggable=False, flipHoriz=np.False_, flipVert=np.False_, image='revello.jpg', interpolate=True, mask=None, maskParams=None, name='revello', opacity=1, ori=0.0, pos=array([0.2, 0. ]), size=array([0.2, 0.2]), texRes=128.0, units='height', win=Window(...))
30.6929 	EXP 	Created cadbury = ImageStim(__class__=<class 'psychopy.visual.image.ImageStim'>, anchor=('center', 'center'), autoLog=True, color=array([1., 1., 1.]), colorSpace='rgb', contrast=1.0, depth=-4.0, draggable=False, flipHoriz=np.False_, flipVert=np.False_, image='cadbury.jpg', interpolate=True, mask=None, maskParams=None, name='cadbury', opacity=1, ori=0.0, pos=array([0.5, 0. ]), size=array([0.2, 0.2]), texRes=128.0, units='height', win=Window(...))
30.7544 	EXP 	Created text_20 = TextStim(__class__=<class 'psychopy.visual.text.TextStim'>, alignHoriz=method-wrapper(...), alignText='center', alignVert=method-wrapper(...), anchorHoriz='center', anchorVert='center', antialias=True, autoDraw=False, autoLog=True, bold=False, color=array([1., 1., 1.]), colorSpace='rgb', contrast=1.0, depth=-8.0, draggable=False, flipHoriz=False, flipVert=False, font='Arial', fontFiles=[], height=np.float64(0.02), italic=False, languageStyle='LTR', name='text_20', opacity=1, ori=0.0, pos=array([-0.4, -0.3]), rgb=UNKNOWN, text='Kandos Chocolate\n        90 g\n    Rs  600', units='height', win=Window(...), wrapWidth=1)
30.7897 	EXP 	Created text_21 = TextStim(__class__=<class 'psychopy.visual.text.TextStim'>, alignHoriz=method-wrapper(...), alignText='center', alignVert=method-wrapper(...), anchorHoriz='center', anchorVert='center', antialias=True, autoDraw=False, autoLog=True, bold=False, color=array([1., 1., 1.]), colorSpace='rgb', contrast=1.0, depth=-9.0, draggable=False, flipHoriz=False, flipVert=False, font='Arial', fontFiles=[], height=np.float64(0.02), italic=False, languageStyle='LTR', name='text_21', opacity=1, ori=0.0, pos=array([-0.1, -0.3]), rgb=UNKNOWN, text=str(...), units='height', win=Window(...), wrapWidth=1)
30.8205 	EXP 	Created text_22 = TextStim(__class__=<class 'psychopy.visual.text.TextStim'>, alignHoriz=method-wrapper(...), alignText='center', alignVert=method-wrapper(...), anchorHoriz='center', anchorVert='center', antialias=True, autoDraw=False, autoLog=True, bold=False, color=array([1., 1., 1.]), colorSpace='rgb', contrast=1.0, depth=-10.0, draggable=False, flipHoriz=False, flipVert=False, font='Arial', fontFiles=[], height=np.float64(0.02), italic=False, languageStyle='LTR', name='text_22', opacity=1, ori=0.0, pos=array([ 0.2, -0.3]), rgb=UNKNOWN, text=str(...), units='height', win=Window(...), wrapWidth=1)
30.8547 	EXP 	Created text_23 = TextStim(__class__=<class 'psychopy.visual.text.TextStim'>, alignHoriz=method-wrapper(...), alignText='center', alignVert=method-wrapper(...), anchorHoriz='center', anchorVert='center', antialias=True, autoDraw=False, autoLog=True, bold=False, color=array([1., 1., 1.]), colorSpace='rgb', contrast=1.0, depth=-11.0, draggable=False, flipHoriz=False, flipVert=False, font='Arial', fontFiles=[], height=np.float64(0.02), italic=False, languageStyle='LTR', name='text_23', opacity=1, ori=0.0, pos=array([ 0.5, -0.3]), rgb=UNKNOWN, text=str(...), units='height', win=Window(...), wrapWidth=1)
30.8745 	EXP 	Created text_instr_2 = TextStim(__class__=<class 'psychopy.visual.text.TextStim'>, alignHoriz=method-wrapper(...), alignText='center', alignVert=method-wrapper(...), anchorHoriz='center', anchorVert='center', antialias=True, autoDraw=False, autoLog=True, bold=False, color=array([1., 1., 1.]), colorSpace='rgb', contrast=1.0, depth=0.0, draggable=False, flipHoriz=False, flipVert=False, font='Arial', fontFiles=[], height=np.float64(0.04), italic=False, languageStyle='LTR', name='text_instr_2', opacity=1, ori=0.0, pos=array([0. , 0.3]), rgb=UNKNOWN, text='Which one are going to buy', units='height', win=Window(...), wrapWidth=1)
30.8889 	EXP 	Created goldi = ImageStim(__class__=<class 'psychopy.visual.image.ImageStim'>, anchor=('center', 'center'), autoLog=True, color=array([1., 1., 1.]), colorSpace='rgb', contrast=1.0, depth=-1.0, draggable=False, flipHoriz=np.False_, flipVert=np.False_, image='goldi.jpg', interpolate=True, mask=None, maskParams=None, name='goldi', opacity=1, ori=0.0, pos=array([-0.4,  0. ]), size=array([0.2, 0.2]), texRes=128.0, units='height', win=Window(...))
30.9808 	EXP 	Created elephanthouse = ImageStim(__class__=<class 'psychopy.visual.image.ImageStim'>, anchor=('center', 'center'), autoLog=True, color=array([1., 1., 1.]), colorSpace='rgb', contrast=1.0, depth=-2.0, draggable=False, flipHoriz=np.False_, flipVert=np.False_, image='elephanthousre.jpg', interpolate=True, mask=None, maskParams=None, name='elephanthouse', opacity=1, ori=0.0, pos=array([-0.1,  0. ]), size=array([0.2, 0.2]), texRes=128.0, units='height', win=Window(...))
30.9942 	EXP 	Created krest = ImageStim(__class__=<class 'psychopy.visual.image.ImageStim'>, anchor=('center', 'center'), autoLog=True, color=array([1., 1., 1.]), colorSpace='rgb', contrast=1.0, depth=-3.0, draggable=False, flipHoriz=np.False_, flipVert=np.False_, image='krest.jpg', interpolate=True, mask=None, maskParams=None, name='krest', opacity=1, ori=0.0, pos=array([0.2, 0. ]), size=array([0.2, 0.2]), texRes=128.0, units='height', win=Window(...))
31.0194 	EXP 	Created pussalla = ImageStim(__class__=<class 'psychopy.visual.image.ImageStim'>, anchor=('center', 'center'), autoLog=True, color=array([1., 1., 1.]), colorSpace='rgb', contrast=1.0, depth=-4.0, draggable=False, flipHoriz=np.False_, flipVert=np.False_, image='pussalla.jpeg', interpolate=True, mask=None, maskParams=None, name='pussalla', opacity=1, ori=0.0, pos=array([0.5, 0. ]), size=array([0.2, 0.2]), texRes=128.0, units='height', win=Window(...))
31.0327 	EXP 	Created text_16 = TextStim(__class__=<class 'psychopy.visual.text.TextStim'>, alignHoriz=method-wrapper(...), alignText='center', alignVert=method-wrapper(...), anchorHoriz='center', anchorVert='center', antialias=True, autoDraw=False, autoLog=True, bold=False, color=array([1., 1., 1.]), colorSpace='rgb', contrast=1.0, depth=-6.0, draggable=False, flipHoriz=False, flipVert=False, font='Arial', fontFiles=[], height=np.float64(0.02), italic=False, languageStyle='LTR', name='text_16', opacity=1, ori=0.0, pos=array([-0.4, -0.3]), rgb=UNKNOWN, text=str(...), units='height', win=Window(...), wrapWidth=1)
31.0460 	EXP 	Created text_17 = TextStim(__class__=<class 'psychopy.visual.text.TextStim'>, alignHoriz=method-wrapper(...), alignText='center', alignVert=method-wrapper(...), anchorHoriz='center', anchorVert='center', antialias=True, autoDraw=False, autoLog=True, bold=False, color=array([1., 1., 1.]), colorSpace='rgb', contrast=1.0, depth=-7.0, draggable=False, flipHoriz=False, flipVert=False, font='Arial', fontFiles=[], height=np.float64(0.02), italic=False, languageStyle='LTR', name='text_17', opacity=1, ori=0.0, pos=array([-0.1, -0.3]), rgb=UNKNOWN, text=str(...), units='height', win=Window(...), wrapWidth=1)
31.0549 	EXP 	Created text_18 = TextStim(__class__=<class 'psychopy.visual.text.TextStim'>, alignHoriz=method-wrapper(...), alignText='center', alignVert=method-wrapper(...), anchorHoriz='center', anchorVert='center', antialias=True, autoDraw=False, autoLog=True, bold=False, color=array([1., 1., 1.]), colorSpace='rgb', contrast=1.0, depth=-8.0, draggable=False, flipHoriz=False, flipVert=False, font='Arial', fontFiles=[], height=np.float64(0.02), italic=False, languageStyle='LTR', name='text_18', opacity=1, ori=0.0, pos=array([ 0.2, -0.3]), rgb=UNKNOWN, text=str(...), units='height', win=Window(...), wrapWidth=1)
31.0796 	EXP 	Created text_19 = TextStim(__class__=<class 'psychopy.visual.text.TextStim'>, alignHoriz=method-wrapper(...), alignText='center', alignVert=method-wrapper(...), anchorHoriz='center', anchorVert='center', antialias=True, autoDraw=False, autoLog=True, bold=False, color=array([1., 1., 1.]), colorSpace='rgb', contrast=1.0, depth=-9.0, draggable=False, flipHoriz=False, flipVert=False, font='Arial', fontFiles=[], height=np.float64(0.02), italic=False, languageStyle='LTR', name='text_19', opacity=1, ori=0.0, pos=array([ 0.5, -0.3]), rgb=UNKNOWN, text=str(...), units='height', win=Window(...), wrapWidth=1)
1.3086 	EXP 	eyetracker.setRecordingState(True)
1.3090 	EXP 	eyetracker.setRecordingState(False)
1.3217 	INFO 	Keyboard events cleared
1.3210 	EXP 	ambewela: image = 'ambewelacheese.jpg'
1.3210 	EXP 	kothmale: image = 'kothmale cheese.jpg'
1.3210 	EXP 	happycow: image = 'happycow.jpeg'
1.3210 	EXP 	kraft: image = 'Kraft cheese.jpeg'
1.3210 	EXP 	richlife: image = 'richlifecheese.jpg'
1.3210 	EXP 	text: autoDraw = True
1.3210 	EXP 	ambewela: autoDraw = True
1.3210 	EXP 	kothmale: autoDraw = True
1.3210 	EXP 	happycow: autoDraw = True
1.3210 	EXP 	kraft: autoDraw = True
1.3210 	EXP 	richlife: autoDraw = True
1.3210 	EXP 	text_2: autoDraw = True
1.3210 	EXP 	text_3: autoDraw = True
1.3210 	EXP 	text_4: autoDraw = True
1.3210 	EXP 	text_5: autoDraw = True
1.3210 	EXP 	text_6: autoDraw = True
1.3210 	EXP 	text: height = np.float64(0.05)
1.3210 	EXP 	text: height = np.float64(0.05)
1.3210 	EXP 	text: height = np.float64(0.05)
1.3210 	EXP 	text: text = 'Which one are you going to buy?'
1.3223 	EXP 	eyetracker.setRecordingState(False)
1.3301 	EXP 	text: height = np.float64(0.05)
1.3301 	EXP 	text: height = np.float64(0.05)
1.3301 	EXP 	text: height = np.float64(0.05)
1.3301 	EXP 	text: text = 'Which one are you going to buy?'
1.3315 	EXP 	eyetracker.setRecordingState(False)
1.3406 	EXP 	text: height = np.float64(0.05)
1.3406 	EXP 	text: height = np.float64(0.05)
1.3406 	EXP 	text: height = np.float64(0.05)
1.3406 	EXP 	text: text = 'Which one are you going to buy?'
1.3414 	EXP 	eyetracker.setRecordingState(False)
1.3486 	EXP 	text: height = np.float64(0.05)
1.3486 	EXP 	text: height = np.float64(0.05)
1.3486 	EXP 	text: height = np.float64(0.05)
1.3486 	EXP 	text: text = 'Which one are you going to buy?'
1.3494 	EXP 	eyetracker.setRecordingState(False)
1.3561 	EXP 	text: height = np.float64(0.05)
1.3561 	EXP 	text: height = np.float64(0.05)
1.3561 	EXP 	text: height = np.float64(0.05)
1.3561 	EXP 	text: text = 'Which one are you going to buy?'
1.3571 	EXP 	eyetracker.setRecordingState(False)
1.3640 	EXP 	text: height = np.float64(0.05)
1.3640 	EXP 	text: height = np.float64(0.05)
1.3640 	EXP 	text: height = np.float64(0.05)
1.3640 	EXP 	text: text = 'Which one are you going to buy?'
1.3649 	EXP 	eyetracker.setRecordingState(False)
1.3719 	EXP 	text: height = np.float64(0.05)
1.3719 	EXP 	text: height = np.float64(0.05)
1.3719 	EXP 	text: height = np.float64(0.05)
1.3719 	EXP 	text: text = 'Which one are you going to buy?'
1.3726 	EXP 	eyetracker.setRecordingState(False)
1.3808 	EXP 	text: height = np.float64(0.05)
1.3808 	EXP 	text: height = np.float64(0.05)
1.3808 	EXP 	text: height = np.float64(0.05)
1.3808 	EXP 	text: text = 'Which one are you going to buy?'
1.3815 	EXP 	eyetracker.setRecordingState(False)
1.3900 	EXP 	text: height = np.float64(0.05)
1.3900 	EXP 	text: height = np.float64(0.05)
1.3900 	EXP 	text: height = np.float64(0.05)
1.3900 	EXP 	text: text = 'Which one are you going to buy?'
1.3907 	EXP 	eyetracker.setRecordingState(False)
1.3987 	EXP 	text: height = np.float64(0.05)
1.3987 	EXP 	text: height = np.float64(0.05)
1.3987 	EXP 	text: height = np.float64(0.05)
1.3987 	EXP 	text: text = 'Which one are you going to buy?'
1.3994 	EXP 	eyetracker.setRecordingState(False)
1.4061 	EXP 	text: height = np.float64(0.05)
1.4061 	EXP 	text: height = np.float64(0.05)
1.4061 	EXP 	text: height = np.float64(0.05)
1.4061 	EXP 	text: text = 'Which one are you going to buy?'
1.4067 	EXP 	eyetracker.setRecordingState(False)
1.4147 	EXP 	text: height = np.float64(0.05)
1.4147 	EXP 	text: height = np.float64(0.05)
1.4147 	EXP 	text: height = np.float64(0.05)
1.4147 	EXP 	text: text = 'Which one are you going to buy?'
1.4153 	EXP 	eyetracker.setRecordingState(False)
1.4243 	EXP 	text: height = np.float64(0.05)
1.4243 	EXP 	text: height = np.float64(0.05)
1.4243 	EXP 	text: height = np.float64(0.05)
1.4243 	EXP 	text: text = 'Which one are you going to buy?'
1.4251 	EXP 	eyetracker.setRecordingState(False)
1.4330 	EXP 	text: height = np.float64(0.05)
1.4330 	EXP 	text: height = np.float64(0.05)
1.4330 	EXP 	text: height = np.float64(0.05)
1.4330 	EXP 	text: text = 'Which one are you going to buy?'
1.4337 	EXP 	eyetracker.setRecordingState(False)
1.4431 	EXP 	text: height = np.float64(0.05)
1.4431 	EXP 	text: height = np.float64(0.05)
1.4431 	EXP 	text: height = np.float64(0.05)
1.4431 	EXP 	text: text = 'Which one are you going to buy?'
1.4437 	EXP 	eyetracker.setRecordingState(False)
1.4507 	EXP 	text: height = np.float64(0.05)
1.4507 	EXP 	text: height = np.float64(0.05)
1.4507 	EXP 	text: height = np.float64(0.05)
1.4507 	EXP 	text: text = 'Which one are you going to buy?'
1.4514 	EXP 	eyetracker.setRecordingState(False)
1.4610 	EXP 	text: height = np.float64(0.05)
1.4610 	EXP 	text: height = np.float64(0.05)
1.4610 	EXP 	text: height = np.float64(0.05)
1.4610 	EXP 	text: text = 'Which one are you going to buy?'
1.4619 	EXP 	eyetracker.setRecordingState(False)
1.4714 	EXP 	text: height = np.float64(0.05)
1.4714 	EXP 	text: height = np.float64(0.05)
1.4714 	EXP 	text: height = np.float64(0.05)
1.4714 	EXP 	text: text = 'Which one are you going to buy?'
1.4724 	EXP 	eyetracker.setRecordingState(False)
1.4842 	EXP 	text: height = np.float64(0.05)
1.4842 	EXP 	text: height = np.float64(0.05)
1.4842 	EXP 	text: height = np.float64(0.05)
1.4842 	EXP 	text: text = 'Which one are you going to buy?'
1.4856 	EXP 	eyetracker.setRecordingState(False)
1.4948 	EXP 	text: height = np.float64(0.05)
1.4948 	EXP 	text: height = np.float64(0.05)
1.4948 	EXP 	text: height = np.float64(0.05)
1.4948 	EXP 	text: text = 'Which one are you going to buy?'
1.4955 	EXP 	eyetracker.setRecordingState(False)
1.5054 	EXP 	text: height = np.float64(0.05)
1.5054 	EXP 	text: height = np.float64(0.05)
1.5054 	EXP 	text: height = np.float64(0.05)
1.5054 	EXP 	text: text = 'Which one are you going to buy?'
1.5061 	EXP 	eyetracker.setRecordingState(False)
1.5147 	EXP 	text: height = np.float64(0.05)
1.5147 	EXP 	text: height = np.float64(0.05)
1.5147 	EXP 	text: height = np.float64(0.05)
1.5147 	EXP 	text: text = 'Which one are you going to buy?'
1.5156 	EXP 	eyetracker.setRecordingState(False)
1.5248 	EXP 	text: height = np.float64(0.05)
1.5248 	EXP 	text: height = np.float64(0.05)
1.5248 	EXP 	text: height = np.float64(0.05)
1.5248 	EXP 	text: text = 'Which one are you going to buy?'
1.5256 	EXP 	eyetracker.setRecordingState(False)
1.5368 	EXP 	text: height = np.float64(0.05)
1.5368 	EXP 	text: height = np.float64(0.05)
1.5368 	EXP 	text: height = np.float64(0.05)
1.5368 	EXP 	text: text = 'Which one are you going to buy?'
1.5376 	EXP 	eyetracker.setRecordingState(False)
1.5480 	EXP 	text: height = np.float64(0.05)
1.5480 	EXP 	text: height = np.float64(0.05)
1.5480 	EXP 	text: height = np.float64(0.05)
1.5480 	EXP 	text: text = 'Which one are you going to buy?'
1.5487 	EXP 	eyetracker.setRecordingState(False)
1.5571 	EXP 	text: height = np.float64(0.05)
1.5571 	EXP 	text: height = np.float64(0.05)
1.5571 	EXP 	text: height = np.float64(0.05)
1.5571 	EXP 	text: text = 'Which one are you going to buy?'
1.5579 	EXP 	eyetracker.setRecordingState(False)
1.5653 	EXP 	text: height = np.float64(0.05)
1.5653 	EXP 	text: height = np.float64(0.05)
1.5653 	EXP 	text: height = np.float64(0.05)
1.5653 	EXP 	text: text = 'Which one are you going to buy?'
1.5660 	EXP 	eyetracker.setRecordingState(False)
1.5729 	EXP 	text: height = np.float64(0.05)
1.5729 	EXP 	text: height = np.float64(0.05)
1.5729 	EXP 	text: height = np.float64(0.05)
1.5729 	EXP 	text: text = 'Which one are you going to buy?'
1.5736 	EXP 	eyetracker.setRecordingState(False)
1.5807 	EXP 	text: height = np.float64(0.05)
1.5807 	EXP 	text: height = np.float64(0.05)
1.5807 	EXP 	text: height = np.float64(0.05)
1.5807 	EXP 	text: text = 'Which one are you going to buy?'
1.5815 	EXP 	eyetracker.setRecordingState(False)
1.5887 	EXP 	text: height = np.float64(0.05)
1.5887 	EXP 	text: height = np.float64(0.05)
1.5887 	EXP 	text: height = np.float64(0.05)
1.5887 	EXP 	text: text = 'Which one are you going to buy?'
1.5893 	EXP 	eyetracker.setRecordingState(False)
1.5964 	EXP 	text: height = np.float64(0.05)
1.5964 	EXP 	text: height = np.float64(0.05)
1.5964 	EXP 	text: height = np.float64(0.05)
1.5964 	EXP 	text: text = 'Which one are you going to buy?'
1.5971 	EXP 	eyetracker.setRecordingState(False)
1.6039 	EXP 	text: height = np.float64(0.05)
1.6039 	EXP 	text: height = np.float64(0.05)
1.6039 	EXP 	text: height = np.float64(0.05)
1.6039 	EXP 	text: text = 'Which one are you going to buy?'
1.6046 	EXP 	eyetracker.setRecordingState(False)
1.6124 	EXP 	text: height = np.float64(0.05)
1.6124 	EXP 	text: height = np.float64(0.05)
1.6124 	EXP 	text: height = np.float64(0.05)
1.6124 	EXP 	text: text = 'Which one are you going to buy?'
1.6131 	EXP 	eyetracker.setRecordingState(False)
1.6211 	EXP 	text: height = np.float64(0.05)
1.6211 	EXP 	text: height = np.float64(0.05)
1.6211 	EXP 	text: height = np.float64(0.05)
1.6211 	EXP 	text: text = 'Which one are you going to buy?'
1.6218 	EXP 	eyetracker.setRecordingState(False)
1.6307 	EXP 	text: height = np.float64(0.05)
1.6307 	EXP 	text: height = np.float64(0.05)
1.6307 	EXP 	text: height = np.float64(0.05)
1.6307 	EXP 	text: text = 'Which one are you going to buy?'
1.6314 	EXP 	eyetracker.setRecordingState(False)
1.6397 	EXP 	text: height = np.float64(0.05)
1.6397 	EXP 	text: height = np.float64(0.05)
1.6397 	EXP 	text: height = np.float64(0.05)
1.6397 	EXP 	text: text = 'Which one are you going to buy?'
1.6404 	EXP 	eyetracker.setRecordingState(False)
1.6493 	EXP 	text: height = np.float64(0.05)
1.6493 	EXP 	text: height = np.float64(0.05)
1.6493 	EXP 	text: height = np.float64(0.05)
1.6493 	EXP 	text: text = 'Which one are you going to buy?'
1.6500 	EXP 	eyetracker.setRecordingState(False)
1.6578 	EXP 	text: height = np.float64(0.05)
1.6578 	EXP 	text: height = np.float64(0.05)
1.6578 	EXP 	text: height = np.float64(0.05)
1.6578 	EXP 	text: text = 'Which one are you going to buy?'
1.6585 	EXP 	eyetracker.setRecordingState(False)
1.6666 	EXP 	text: height = np.float64(0.05)
1.6666 	EXP 	text: height = np.float64(0.05)
1.6666 	EXP 	text: height = np.float64(0.05)
1.6666 	EXP 	text: text = 'Which one are you going to buy?'
1.6673 	EXP 	eyetracker.setRecordingState(False)
1.6749 	EXP 	text: height = np.float64(0.05)
1.6749 	EXP 	text: height = np.float64(0.05)
1.6749 	EXP 	text: height = np.float64(0.05)
1.6749 	EXP 	text: text = 'Which one are you going to buy?'
1.6757 	EXP 	eyetracker.setRecordingState(False)
1.6851 	EXP 	text: height = np.float64(0.05)
1.6851 	EXP 	text: height = np.float64(0.05)
1.6851 	EXP 	text: height = np.float64(0.05)
1.6851 	EXP 	text: text = 'Which one are you going to buy?'
1.6858 	EXP 	eyetracker.setRecordingState(False)
1.6946 	EXP 	text: height = np.float64(0.05)
1.6946 	EXP 	text: height = np.float64(0.05)
1.6946 	EXP 	text: height = np.float64(0.05)
1.6946 	EXP 	text: text = 'Which one are you going to buy?'
1.6953 	EXP 	eyetracker.setRecordingState(False)
1.7039 	EXP 	text: height = np.float64(0.05)
1.7039 	EXP 	text: height = np.float64(0.05)
1.7039 	EXP 	text: height = np.float64(0.05)
1.7039 	EXP 	text: text = 'Which one are you going to buy?'
1.7050 	EXP 	eyetracker.setRecordingState(False)
1.7132 	EXP 	text: height = np.float64(0.05)
1.7132 	EXP 	text: height = np.float64(0.05)
1.7132 	EXP 	text: height = np.float64(0.05)
1.7132 	EXP 	text: text = 'Which one are you going to buy?'
1.7139 	EXP 	eyetracker.setRecordingState(False)
1.7215 	EXP 	text: height = np.float64(0.05)
1.7215 	EXP 	text: height = np.float64(0.05)
1.7215 	EXP 	text: height = np.float64(0.05)
1.7215 	EXP 	text: text = 'Which one are you going to buy?'
1.7222 	EXP 	eyetracker.setRecordingState(False)
1.7315 	EXP 	text: height = np.float64(0.05)
1.7315 	EXP 	text: height = np.float64(0.05)
1.7315 	EXP 	text: height = np.float64(0.05)
1.7315 	EXP 	text: text = 'Which one are you going to buy?'
1.7322 	EXP 	eyetracker.setRecordingState(False)
1.7414 	EXP 	text: height = np.float64(0.05)
1.7414 	EXP 	text: height = np.float64(0.05)
1.7414 	EXP 	text: height = np.float64(0.05)
1.7414 	EXP 	text: text = 'Which one are you going to buy?'
1.7421 	EXP 	eyetracker.setRecordingState(False)
1.7498 	EXP 	text: height = np.float64(0.05)
1.7498 	EXP 	text: height = np.float64(0.05)
1.7498 	EXP 	text: height = np.float64(0.05)
1.7498 	EXP 	text: text = 'Which one are you going to buy?'
1.7506 	EXP 	eyetracker.setRecordingState(False)
1.7581 	EXP 	text: height = np.float64(0.05)
1.7581 	EXP 	text: height = np.float64(0.05)
1.7581 	EXP 	text: height = np.float64(0.05)
1.7581 	EXP 	text: text = 'Which one are you going to buy?'
1.7587 	EXP 	eyetracker.setRecordingState(False)
1.7663 	EXP 	text: height = np.float64(0.05)
1.7663 	EXP 	text: height = np.float64(0.05)
1.7663 	EXP 	text: height = np.float64(0.05)
1.7663 	EXP 	text: text = 'Which one are you going to buy?'
1.7670 	EXP 	eyetracker.setRecordingState(False)
1.7759 	EXP 	text: height = np.float64(0.05)
1.7759 	EXP 	text: height = np.float64(0.05)
1.7759 	EXP 	text: height = np.float64(0.05)
1.7759 	EXP 	text: text = 'Which one are you going to buy?'
1.7768 	EXP 	eyetracker.setRecordingState(False)
1.7841 	EXP 	text: height = np.float64(0.05)
1.7841 	EXP 	text: height = np.float64(0.05)
1.7841 	EXP 	text: height = np.float64(0.05)
1.7841 	EXP 	text: text = 'Which one are you going to buy?'
1.7848 	EXP 	eyetracker.setRecordingState(False)
1.7925 	EXP 	text: height = np.float64(0.05)
1.7925 	EXP 	text: height = np.float64(0.05)
1.7925 	EXP 	text: height = np.float64(0.05)
1.7925 	EXP 	text: text = 'Which one are you going to buy?'
1.7934 	EXP 	eyetracker.setRecordingState(False)
1.8019 	EXP 	text: height = np.float64(0.05)
1.8019 	EXP 	text: height = np.float64(0.05)
1.8019 	EXP 	text: height = np.float64(0.05)
1.8019 	EXP 	text: text = 'Which one are you going to buy?'
1.8027 	EXP 	eyetracker.setRecordingState(False)
1.8123 	EXP 	text: height = np.float64(0.05)
1.8123 	EXP 	text: height = np.float64(0.05)
1.8123 	EXP 	text: height = np.float64(0.05)
1.8123 	EXP 	text: text = 'Which one are you going to buy?'
1.8131 	EXP 	eyetracker.setRecordingState(False)
1.8223 	EXP 	text: height = np.float64(0.05)
1.8223 	EXP 	text: height = np.float64(0.05)
1.8223 	EXP 	text: height = np.float64(0.05)
1.8223 	EXP 	text: text = 'Which one are you going to buy?'
1.8233 	EXP 	eyetracker.setRecordingState(False)
1.8320 	EXP 	text: height = np.float64(0.05)
1.8320 	EXP 	text: height = np.float64(0.05)
1.8320 	EXP 	text: height = np.float64(0.05)
1.8320 	EXP 	text: text = 'Which one are you going to buy?'
1.8328 	EXP 	eyetracker.setRecordingState(False)
1.8407 	EXP 	text: height = np.float64(0.05)
1.8407 	EXP 	text: height = np.float64(0.05)
1.8407 	EXP 	text: height = np.float64(0.05)
1.8407 	EXP 	text: text = 'Which one are you going to buy?'
1.8414 	EXP 	eyetracker.setRecordingState(False)
1.8502 	EXP 	text: height = np.float64(0.05)
1.8502 	EXP 	text: height = np.float64(0.05)
1.8502 	EXP 	text: height = np.float64(0.05)
1.8502 	EXP 	text: text = 'Which one are you going to buy?'
1.8510 	EXP 	eyetracker.setRecordingState(False)
1.8601 	EXP 	text: height = np.float64(0.05)
1.8601 	EXP 	text: height = np.float64(0.05)
1.8601 	EXP 	text: height = np.float64(0.05)
1.8601 	EXP 	text: text = 'Which one are you going to buy?'
1.8610 	EXP 	eyetracker.setRecordingState(False)
1.8700 	EXP 	text: height = np.float64(0.05)
1.8700 	EXP 	text: height = np.float64(0.05)
1.8700 	EXP 	text: height = np.float64(0.05)
1.8700 	EXP 	text: text = 'Which one are you going to buy?'
1.8707 	EXP 	eyetracker.setRecordingState(False)
1.8781 	EXP 	text: height = np.float64(0.05)
1.8781 	EXP 	text: height = np.float64(0.05)
1.8781 	EXP 	text: height = np.float64(0.05)
1.8781 	EXP 	text: text = 'Which one are you going to buy?'
1.8788 	EXP 	eyetracker.setRecordingState(False)
1.8874 	EXP 	text: height = np.float64(0.05)
1.8874 	EXP 	text: height = np.float64(0.05)
1.8874 	EXP 	text: height = np.float64(0.05)
1.8874 	EXP 	text: text = 'Which one are you going to buy?'
1.8884 	EXP 	eyetracker.setRecordingState(False)
1.8974 	EXP 	text: height = np.float64(0.05)
1.8974 	EXP 	text: height = np.float64(0.05)
1.8974 	EXP 	text: height = np.float64(0.05)
1.8974 	EXP 	text: text = 'Which one are you going to buy?'
1.8981 	EXP 	eyetracker.setRecordingState(False)
1.9064 	EXP 	text: height = np.float64(0.05)
1.9064 	EXP 	text: height = np.float64(0.05)
1.9064 	EXP 	text: height = np.float64(0.05)
1.9064 	EXP 	text: text = 'Which one are you going to buy?'
1.9076 	EXP 	eyetracker.setRecordingState(False)
1.9179 	EXP 	text: height = np.float64(0.05)
1.9179 	EXP 	text: height = np.float64(0.05)
1.9179 	EXP 	text: height = np.float64(0.05)
1.9179 	EXP 	text: text = 'Which one are you going to buy?'
1.9188 	EXP 	eyetracker.setRecordingState(False)
1.9293 	EXP 	text: height = np.float64(0.05)
1.9293 	EXP 	text: height = np.float64(0.05)
1.9293 	EXP 	text: height = np.float64(0.05)
1.9293 	EXP 	text: text = 'Which one are you going to buy?'
1.9302 	EXP 	eyetracker.setRecordingState(False)
1.9399 	EXP 	text: height = np.float64(0.05)
1.9399 	EXP 	text: height = np.float64(0.05)
1.9399 	EXP 	text: height = np.float64(0.05)
1.9399 	EXP 	text: text = 'Which one are you going to buy?'
1.9407 	EXP 	eyetracker.setRecordingState(False)
1.9480 	EXP 	text: height = np.float64(0.05)
1.9480 	EXP 	text: height = np.float64(0.05)
1.9480 	EXP 	text: height = np.float64(0.05)
1.9480 	EXP 	text: text = 'Which one are you going to buy?'
1.9488 	EXP 	eyetracker.setRecordingState(False)
1.9585 	EXP 	text: height = np.float64(0.05)
1.9585 	EXP 	text: height = np.float64(0.05)
1.9585 	EXP 	text: height = np.float64(0.05)
1.9585 	EXP 	text: text = 'Which one are you going to buy?'
1.9594 	EXP 	eyetracker.setRecordingState(False)
1.9666 	EXP 	text: height = np.float64(0.05)
1.9666 	EXP 	text: height = np.float64(0.05)
1.9666 	EXP 	text: height = np.float64(0.05)
1.9666 	EXP 	text: text = 'Which one are you going to buy?'
1.9676 	EXP 	eyetracker.setRecordingState(False)
1.9785 	EXP 	text: height = np.float64(0.05)
1.9785 	EXP 	text: height = np.float64(0.05)
1.9785 	EXP 	text: height = np.float64(0.05)
1.9785 	EXP 	text: text = 'Which one are you going to buy?'
1.9793 	EXP 	eyetracker.setRecordingState(False)
1.9894 	EXP 	text: height = np.float64(0.05)
1.9894 	EXP 	text: height = np.float64(0.05)
1.9894 	EXP 	text: height = np.float64(0.05)
1.9894 	EXP 	text: text = 'Which one are you going to buy?'
1.9903 	EXP 	eyetracker.setRecordingState(False)
1.9990 	EXP 	text: height = np.float64(0.05)
1.9990 	EXP 	text: height = np.float64(0.05)
1.9990 	EXP 	text: height = np.float64(0.05)
1.9990 	EXP 	text: text = 'Which one are you going to buy?'
2.0000 	EXP 	eyetracker.setRecordingState(False)
2.0106 	EXP 	text: height = np.float64(0.05)
2.0106 	EXP 	text: height = np.float64(0.05)
2.0106 	EXP 	text: height = np.float64(0.05)
2.0106 	EXP 	text: text = 'Which one are you going to buy?'
2.0118 	EXP 	eyetracker.setRecordingState(False)
2.0204 	EXP 	text: height = np.float64(0.05)
2.0204 	EXP 	text: height = np.float64(0.05)
2.0204 	EXP 	text: height = np.float64(0.05)
2.0204 	EXP 	text: text = 'Which one are you going to buy?'
2.0213 	EXP 	eyetracker.setRecordingState(False)
2.0314 	EXP 	text: height = np.float64(0.05)
2.0314 	EXP 	text: height = np.float64(0.05)
2.0314 	EXP 	text: height = np.float64(0.05)
2.0314 	EXP 	text: text = 'Which one are you going to buy?'
2.0321 	EXP 	eyetracker.setRecordingState(False)
2.0411 	EXP 	text: height = np.float64(0.05)
2.0411 	EXP 	text: height = np.float64(0.05)
2.0411 	EXP 	text: height = np.float64(0.05)
2.0411 	EXP 	text: text = 'Which one are you going to buy?'
2.0421 	EXP 	eyetracker.setRecordingState(False)
2.0514 	EXP 	text: height = np.float64(0.05)
2.0514 	EXP 	text: height = np.float64(0.05)
2.0514 	EXP 	text: height = np.float64(0.05)
2.0514 	EXP 	text: text = 'Which one are you going to buy?'
2.0521 	EXP 	eyetracker.setRecordingState(False)
2.0605 	EXP 	text: height = np.float64(0.05)
2.0605 	EXP 	text: height = np.float64(0.05)
2.0605 	EXP 	text: height = np.float64(0.05)
2.0605 	EXP 	text: text = 'Which one are you going to buy?'
2.0613 	EXP 	eyetracker.setRecordingState(False)
2.0717 	EXP 	text: height = np.float64(0.05)
2.0717 	EXP 	text: height = np.float64(0.05)
2.0717 	EXP 	text: height = np.float64(0.05)
2.0717 	EXP 	text: text = 'Which one are you going to buy?'
2.0727 	EXP 	eyetracker.setRecordingState(False)
2.0839 	EXP 	text: height = np.float64(0.05)
2.0839 	EXP 	text: height = np.float64(0.05)
2.0839 	EXP 	text: height = np.float64(0.05)
2.0839 	EXP 	text: text = 'Which one are you going to buy?'
2.0845 	EXP 	eyetracker.setRecordingState(False)
2.0931 	EXP 	text: height = np.float64(0.05)
2.0931 	EXP 	text: height = np.float64(0.05)
2.0931 	EXP 	text: height = np.float64(0.05)
2.0931 	EXP 	text: text = 'Which one are you going to buy?'
2.0938 	EXP 	eyetracker.setRecordingState(False)
2.1026 	EXP 	text: height = np.float64(0.05)
2.1026 	EXP 	text: height = np.float64(0.05)
2.1026 	EXP 	text: height = np.float64(0.05)
2.1026 	EXP 	text: text = 'Which one are you going to buy?'
2.1036 	EXP 	eyetracker.setRecordingState(False)
2.1110 	EXP 	text: height = np.float64(0.05)
2.1110 	EXP 	text: height = np.float64(0.05)
2.1110 	EXP 	text: height = np.float64(0.05)
2.1110 	EXP 	text: text = 'Which one are you going to buy?'
2.1116 	EXP 	eyetracker.setRecordingState(False)
2.1201 	EXP 	text: height = np.float64(0.05)
2.1201 	EXP 	text: height = np.float64(0.05)
2.1201 	EXP 	text: height = np.float64(0.05)
2.1201 	EXP 	text: text = 'Which one are you going to buy?'
2.1209 	EXP 	eyetracker.setRecordingState(False)
2.1301 	EXP 	text: height = np.float64(0.05)
2.1301 	EXP 	text: height = np.float64(0.05)
2.1301 	EXP 	text: height = np.float64(0.05)
2.1301 	EXP 	text: text = 'Which one are you going to buy?'
2.1307 	EXP 	eyetracker.setRecordingState(False)
2.1384 	EXP 	text: height = np.float64(0.05)
2.1384 	EXP 	text: height = np.float64(0.05)
2.1384 	EXP 	text: height = np.float64(0.05)
2.1384 	EXP 	text: text = 'Which one are you going to buy?'
2.1391 	EXP 	eyetracker.setRecordingState(False)
2.1471 	EXP 	text: height = np.float64(0.05)
2.1471 	EXP 	text: height = np.float64(0.05)
2.1471 	EXP 	text: height = np.float64(0.05)
2.1471 	EXP 	text: text = 'Which one are you going to buy?'
2.1477 	EXP 	eyetracker.setRecordingState(False)
2.1550 	EXP 	text: height = np.float64(0.05)
2.1550 	EXP 	text: height = np.float64(0.05)
2.1550 	EXP 	text: height = np.float64(0.05)
2.1550 	EXP 	text: text = 'Which one are you going to buy?'
2.1558 	EXP 	eyetracker.setRecordingState(False)
2.1628 	EXP 	text: height = np.float64(0.05)
2.1628 	EXP 	text: height = np.float64(0.05)
2.1628 	EXP 	text: height = np.float64(0.05)
2.1628 	EXP 	text: text = 'Which one are you going to buy?'
2.1634 	EXP 	eyetracker.setRecordingState(False)
2.1702 	EXP 	text: height = np.float64(0.05)
2.1702 	EXP 	text: height = np.float64(0.05)
2.1702 	EXP 	text: height = np.float64(0.05)
2.1702 	EXP 	text: text = 'Which one are you going to buy?'
2.1709 	EXP 	eyetracker.setRecordingState(False)
2.1782 	EXP 	text: height = np.float64(0.05)
2.1782 	EXP 	text: height = np.float64(0.05)
2.1782 	EXP 	text: height = np.float64(0.05)
2.1782 	EXP 	text: text = 'Which one are you going to buy?'
2.1789 	EXP 	eyetracker.setRecordingState(False)
2.1858 	EXP 	text: height = np.float64(0.05)
2.1858 	EXP 	text: height = np.float64(0.05)
2.1858 	EXP 	text: height = np.float64(0.05)
2.1858 	EXP 	text: text = 'Which one are you going to buy?'
2.1865 	EXP 	eyetracker.setRecordingState(False)
2.1949 	EXP 	text: height = np.float64(0.05)
2.1949 	EXP 	text: height = np.float64(0.05)
2.1949 	EXP 	text: height = np.float64(0.05)
2.1949 	EXP 	text: text = 'Which one are you going to buy?'
2.1956 	EXP 	eyetracker.setRecordingState(False)
2.2041 	EXP 	text: height = np.float64(0.05)
2.2041 	EXP 	text: height = np.float64(0.05)
2.2041 	EXP 	text: height = np.float64(0.05)
2.2041 	EXP 	text: text = 'Which one are you going to buy?'
2.2053 	EXP 	eyetracker.setRecordingState(False)
2.2160 	EXP 	text: height = np.float64(0.05)
2.2160 	EXP 	text: height = np.float64(0.05)
2.2160 	EXP 	text: height = np.float64(0.05)
2.2160 	EXP 	text: text = 'Which one are you going to buy?'
2.2170 	EXP 	eyetracker.setRecordingState(False)
2.2280 	EXP 	text: height = np.float64(0.05)
2.2280 	EXP 	text: height = np.float64(0.05)
2.2280 	EXP 	text: height = np.float64(0.05)
2.2280 	EXP 	text: text = 'Which one are you going to buy?'
2.2292 	EXP 	eyetracker.setRecordingState(False)
2.2439 	EXP 	text: height = np.float64(0.05)
2.2439 	EXP 	text: height = np.float64(0.05)
2.2439 	EXP 	text: height = np.float64(0.05)
2.2439 	EXP 	text: text = 'Which one are you going to buy?'
2.2449 	EXP 	eyetracker.setRecordingState(False)
2.2552 	EXP 	text: height = np.float64(0.05)
2.2552 	EXP 	text: height = np.float64(0.05)
2.2552 	EXP 	text: height = np.float64(0.05)
2.2552 	EXP 	text: text = 'Which one are you going to buy?'
2.2559 	EXP 	eyetracker.setRecordingState(False)
2.2634 	EXP 	text: height = np.float64(0.05)
2.2634 	EXP 	text: height = np.float64(0.05)
2.2634 	EXP 	text: height = np.float64(0.05)
2.2634 	EXP 	text: text = 'Which one are you going to buy?'
2.2641 	EXP 	eyetracker.setRecordingState(False)
2.2725 	EXP 	text: height = np.float64(0.05)
2.2725 	EXP 	text: height = np.float64(0.05)
2.2725 	EXP 	text: height = np.float64(0.05)
2.2725 	EXP 	text: text = 'Which one are you going to buy?'
2.2736 	EXP 	eyetracker.setRecordingState(False)
2.2877 	EXP 	text: height = np.float64(0.05)
2.2877 	EXP 	text: height = np.float64(0.05)
2.2877 	EXP 	text: height = np.float64(0.05)
2.2877 	EXP 	text: text = 'Which one are you going to buy?'
2.2893 	EXP 	eyetracker.setRecordingState(False)
2.3054 	EXP 	text: height = np.float64(0.05)
2.3054 	EXP 	text: height = np.float64(0.05)
2.3054 	EXP 	text: height = np.float64(0.05)
2.3054 	EXP 	text: text = 'Which one are you going to buy?'
2.3072 	EXP 	eyetracker.setRecordingState(False)
2.3240 	EXP 	text: height = np.float64(0.05)
2.3240 	EXP 	text: height = np.float64(0.05)
2.3240 	EXP 	text: height = np.float64(0.05)
2.3240 	EXP 	text: text = 'Which one are you going to buy?'
2.3262 	EXP 	eyetracker.setRecordingState(False)
2.3466 	EXP 	text: height = np.float64(0.05)
2.3466 	EXP 	text: height = np.float64(0.05)
2.3466 	EXP 	text: height = np.float64(0.05)
2.3466 	EXP 	text: text = 'Which one are you going to buy?'
2.3486 	EXP 	eyetracker.setRecordingState(False)
2.3685 	EXP 	text: height = np.float64(0.05)
2.3685 	EXP 	text: height = np.float64(0.05)
2.3685 	EXP 	text: height = np.float64(0.05)
2.3685 	EXP 	text: text = 'Which one are you going to buy?'
2.3701 	EXP 	eyetracker.setRecordingState(False)
2.3849 	EXP 	text: height = np.float64(0.05)
2.3849 	EXP 	text: height = np.float64(0.05)
2.3849 	EXP 	text: height = np.float64(0.05)
2.3849 	EXP 	text: text = 'Which one are you going to buy?'
2.3861 	EXP 	eyetracker.setRecordingState(False)
2.3992 	EXP 	text: height = np.float64(0.05)
2.3992 	EXP 	text: height = np.float64(0.05)
2.3992 	EXP 	text: height = np.float64(0.05)
2.3992 	EXP 	text: text = 'Which one are you going to buy?'
2.4005 	EXP 	eyetracker.setRecordingState(False)
2.4149 	EXP 	text: height = np.float64(0.05)
2.4149 	EXP 	text: height = np.float64(0.05)
2.4149 	EXP 	text: height = np.float64(0.05)
2.4149 	EXP 	text: text = 'Which one are you going to buy?'
2.4164 	EXP 	eyetracker.setRecordingState(False)
2.4327 	EXP 	text: height = np.float64(0.05)
2.4327 	EXP 	text: height = np.float64(0.05)
2.4327 	EXP 	text: height = np.float64(0.05)
2.4327 	EXP 	text: text = 'Which one are you going to buy?'
2.4343 	EXP 	eyetracker.setRecordingState(False)
2.4510 	EXP 	text: height = np.float64(0.05)
2.4510 	EXP 	text: height = np.float64(0.05)
2.4510 	EXP 	text: height = np.float64(0.05)
2.4510 	EXP 	text: text = 'Which one are you going to buy?'
2.4529 	EXP 	eyetracker.setRecordingState(False)
2.4688 	EXP 	text: height = np.float64(0.05)
2.4688 	EXP 	text: height = np.float64(0.05)
2.4688 	EXP 	text: height = np.float64(0.05)
2.4688 	EXP 	text: text = 'Which one are you going to buy?'
2.4701 	EXP 	eyetracker.setRecordingState(False)
2.4851 	EXP 	text: height = np.float64(0.05)
2.4851 	EXP 	text: height = np.float64(0.05)
2.4851 	EXP 	text: height = np.float64(0.05)
2.4851 	EXP 	text: text = 'Which one are you going to buy?'
2.4870 	EXP 	eyetracker.setRecordingState(False)
2.5007 	EXP 	text: height = np.float64(0.05)
2.5007 	EXP 	text: height = np.float64(0.05)
2.5007 	EXP 	text: height = np.float64(0.05)
2.5007 	EXP 	text: text = 'Which one are you going to buy?'
2.5020 	EXP 	eyetracker.setRecordingState(False)
2.5137 	EXP 	text: height = np.float64(0.05)
2.5137 	EXP 	text: height = np.float64(0.05)
2.5137 	EXP 	text: height = np.float64(0.05)
2.5137 	EXP 	text: text = 'Which one are you going to buy?'
2.5147 	EXP 	eyetracker.setRecordingState(False)
2.5266 	EXP 	text: height = np.float64(0.05)
2.5266 	EXP 	text: height = np.float64(0.05)
2.5266 	EXP 	text: height = np.float64(0.05)
2.5266 	EXP 	text: text = 'Which one are you going to buy?'
2.5277 	EXP 	eyetracker.setRecordingState(False)
2.5385 	EXP 	text: height = np.float64(0.05)
2.5385 	EXP 	text: height = np.float64(0.05)
2.5385 	EXP 	text: height = np.float64(0.05)
2.5385 	EXP 	text: text = 'Which one are you going to buy?'
2.5396 	EXP 	eyetracker.setRecordingState(False)
2.5493 	EXP 	text: height = np.float64(0.05)
2.5493 	EXP 	text: height = np.float64(0.05)
2.5493 	EXP 	text: height = np.float64(0.05)
2.5493 	EXP 	text: text = 'Which one are you going to buy?'
2.5505 	EXP 	eyetracker.setRecordingState(False)
2.5604 	EXP 	text: height = np.float64(0.05)
2.5604 	EXP 	text: height = np.float64(0.05)
2.5604 	EXP 	text: height = np.float64(0.05)
2.5604 	EXP 	text: text = 'Which one are you going to buy?'
2.5613 	EXP 	eyetracker.setRecordingState(False)
2.5740 	EXP 	text: height = np.float64(0.05)
2.5740 	EXP 	text: height = np.float64(0.05)
2.5740 	EXP 	text: height = np.float64(0.05)
2.5740 	EXP 	text: text = 'Which one are you going to buy?'
2.5755 	EXP 	eyetracker.setRecordingState(False)
2.5888 	EXP 	text: height = np.float64(0.05)
2.5888 	EXP 	text: height = np.float64(0.05)
2.5888 	EXP 	text: height = np.float64(0.05)
2.5888 	EXP 	text: text = 'Which one are you going to buy?'
2.5902 	EXP 	eyetracker.setRecordingState(False)
2.6047 	EXP 	text: height = np.float64(0.05)
2.6047 	EXP 	text: height = np.float64(0.05)
2.6047 	EXP 	text: height = np.float64(0.05)
2.6047 	EXP 	text: text = 'Which one are you going to buy?'
2.6065 	EXP 	eyetracker.setRecordingState(False)
2.6250 	EXP 	text: height = np.float64(0.05)
2.6250 	EXP 	text: height = np.float64(0.05)
2.6250 	EXP 	text: height = np.float64(0.05)
2.6250 	EXP 	text: text = 'Which one are you going to buy?'
2.6269 	EXP 	eyetracker.setRecordingState(False)
2.6414 	EXP 	text: height = np.float64(0.05)
2.6414 	EXP 	text: height = np.float64(0.05)
2.6414 	EXP 	text: height = np.float64(0.05)
2.6414 	EXP 	text: text = 'Which one are you going to buy?'
2.6427 	EXP 	eyetracker.setRecordingState(False)
2.6604 	EXP 	text: height = np.float64(0.05)
2.6604 	EXP 	text: height = np.float64(0.05)
2.6604 	EXP 	text: height = np.float64(0.05)
2.6604 	EXP 	text: text = 'Which one are you going to buy?'
2.6614 	EXP 	eyetracker.setRecordingState(False)
2.6735 	EXP 	text: height = np.float64(0.05)
2.6735 	EXP 	text: height = np.float64(0.05)
2.6735 	EXP 	text: height = np.float64(0.05)
2.6735 	EXP 	text: text = 'Which one are you going to buy?'
2.6743 	EXP 	eyetracker.setRecordingState(False)
2.6839 	EXP 	text: height = np.float64(0.05)
2.6839 	EXP 	text: height = np.float64(0.05)
2.6839 	EXP 	text: height = np.float64(0.05)
2.6839 	EXP 	text: text = 'Which one are you going to buy?'
2.6846 	EXP 	eyetracker.setRecordingState(False)
2.6934 	EXP 	text: height = np.float64(0.05)
2.6934 	EXP 	text: height = np.float64(0.05)
2.6934 	EXP 	text: height = np.float64(0.05)
2.6934 	EXP 	text: text = 'Which one are you going to buy?'
2.6941 	EXP 	eyetracker.setRecordingState(False)
2.7017 	EXP 	text: height = np.float64(0.05)
2.7017 	EXP 	text: height = np.float64(0.05)
2.7017 	EXP 	text: height = np.float64(0.05)
2.7017 	EXP 	text: text = 'Which one are you going to buy?'
2.7023 	EXP 	eyetracker.setRecordingState(False)
2.7112 	EXP 	text: height = np.float64(0.05)
2.7112 	EXP 	text: height = np.float64(0.05)
2.7112 	EXP 	text: height = np.float64(0.05)
2.7112 	EXP 	text: text = 'Which one are you going to buy?'
2.7119 	EXP 	eyetracker.setRecordingState(False)
2.7188 	EXP 	text: height = np.float64(0.05)
2.7188 	EXP 	text: height = np.float64(0.05)
2.7188 	EXP 	text: height = np.float64(0.05)
2.7188 	EXP 	text: text = 'Which one are you going to buy?'
2.7194 	EXP 	eyetracker.setRecordingState(False)
2.7264 	EXP 	text: height = np.float64(0.05)
2.7264 	EXP 	text: height = np.float64(0.05)
2.7264 	EXP 	text: height = np.float64(0.05)
2.7264 	EXP 	text: text = 'Which one are you going to buy?'
2.7270 	EXP 	eyetracker.setRecordingState(False)
2.7333 	EXP 	text: height = np.float64(0.05)
2.7333 	EXP 	text: height = np.float64(0.05)
2.7333 	EXP 	text: height = np.float64(0.05)
2.7333 	EXP 	text: text = 'Which one are you going to buy?'
2.7339 	EXP 	eyetracker.setRecordingState(False)
2.7411 	EXP 	text: height = np.float64(0.05)
2.7411 	EXP 	text: height = np.float64(0.05)
2.7411 	EXP 	text: height = np.float64(0.05)
2.7411 	EXP 	text: text = 'Which one are you going to buy?'
2.7417 	EXP 	eyetracker.setRecordingState(False)
2.7480 	EXP 	text: height = np.float64(0.05)
2.7480 	EXP 	text: height = np.float64(0.05)
2.7480 	EXP 	text: height = np.float64(0.05)
2.7480 	EXP 	text: text = 'Which one are you going to buy?'
2.7487 	EXP 	eyetracker.setRecordingState(False)
2.7554 	EXP 	text: height = np.float64(0.05)
2.7554 	EXP 	text: height = np.float64(0.05)
2.7554 	EXP 	text: height = np.float64(0.05)
2.7554 	EXP 	text: text = 'Which one are you going to buy?'
2.7563 	EXP 	eyetracker.setRecordingState(False)
2.7644 	EXP 	text: height = np.float64(0.05)
2.7644 	EXP 	text: height = np.float64(0.05)
2.7644 	EXP 	text: height = np.float64(0.05)
2.7644 	EXP 	text: text = 'Which one are you going to buy?'
2.7653 	EXP 	eyetracker.setRecordingState(False)
2.7746 	EXP 	text: height = np.float64(0.05)
2.7746 	EXP 	text: height = np.float64(0.05)
2.7746 	EXP 	text: height = np.float64(0.05)
2.7746 	EXP 	text: text = 'Which one are you going to buy?'
2.7759 	EXP 	eyetracker.setRecordingState(False)
2.7898 	EXP 	text: height = np.float64(0.05)
2.7898 	EXP 	text: height = np.float64(0.05)
2.7898 	EXP 	text: height = np.float64(0.05)
2.7898 	EXP 	text: text = 'Which one are you going to buy?'
2.7915 	EXP 	eyetracker.setRecordingState(False)
2.8066 	EXP 	text: height = np.float64(0.05)
2.8066 	EXP 	text: height = np.float64(0.05)
2.8066 	EXP 	text: height = np.float64(0.05)
2.8066 	EXP 	text: text = 'Which one are you going to buy?'
2.8079 	EXP 	eyetracker.setRecordingState(False)
2.8242 	EXP 	text: height = np.float64(0.05)
2.8242 	EXP 	text: height = np.float64(0.05)
2.8242 	EXP 	text: height = np.float64(0.05)
2.8242 	EXP 	text: text = 'Which one are you going to buy?'
2.8260 	EXP 	eyetracker.setRecordingState(False)
2.8431 	EXP 	text: height = np.float64(0.05)
2.8431 	EXP 	text: height = np.float64(0.05)
2.8431 	EXP 	text: height = np.float64(0.05)
2.8431 	EXP 	text: text = 'Which one are you going to buy?'
2.8449 	EXP 	eyetracker.setRecordingState(False)
2.8627 	EXP 	text: height = np.float64(0.05)
2.8627 	EXP 	text: height = np.float64(0.05)
2.8627 	EXP 	text: height = np.float64(0.05)
2.8627 	EXP 	text: text = 'Which one are you going to buy?'
2.8641 	EXP 	eyetracker.setRecordingState(False)
2.8765 	EXP 	text: height = np.float64(0.05)
2.8765 	EXP 	text: height = np.float64(0.05)
2.8765 	EXP 	text: height = np.float64(0.05)
2.8765 	EXP 	text: text = 'Which one are you going to buy?'
2.8774 	EXP 	eyetracker.setRecordingState(False)
2.8885 	EXP 	text: height = np.float64(0.05)
2.8885 	EXP 	text: height = np.float64(0.05)
2.8885 	EXP 	text: height = np.float64(0.05)
2.8885 	EXP 	text: text = 'Which one are you going to buy?'
2.8902 	EXP 	eyetracker.setRecordingState(False)
2.9025 	EXP 	text: height = np.float64(0.05)
2.9025 	EXP 	text: height = np.float64(0.05)
2.9025 	EXP 	text: height = np.float64(0.05)
2.9025 	EXP 	text: text = 'Which one are you going to buy?'
2.9043 	EXP 	eyetracker.setRecordingState(False)
2.9185 	EXP 	text: height = np.float64(0.05)
2.9185 	EXP 	text: height = np.float64(0.05)
2.9185 	EXP 	text: height = np.float64(0.05)
2.9185 	EXP 	text: text = 'Which one are you going to buy?'
2.9201 	EXP 	eyetracker.setRecordingState(False)
2.9358 	EXP 	text: height = np.float64(0.05)
2.9358 	EXP 	text: height = np.float64(0.05)
2.9358 	EXP 	text: height = np.float64(0.05)
2.9358 	EXP 	text: text = 'Which one are you going to buy?'
2.9373 	EXP 	eyetracker.setRecordingState(False)
2.9512 	EXP 	text: height = np.float64(0.05)
2.9512 	EXP 	text: height = np.float64(0.05)
2.9512 	EXP 	text: height = np.float64(0.05)
2.9512 	EXP 	text: text = 'Which one are you going to buy?'
2.9528 	EXP 	eyetracker.setRecordingState(False)
2.9673 	EXP 	text: height = np.float64(0.05)
2.9673 	EXP 	text: height = np.float64(0.05)
2.9673 	EXP 	text: height = np.float64(0.05)
2.9673 	EXP 	text: text = 'Which one are you going to buy?'
2.9687 	EXP 	eyetracker.setRecordingState(False)
2.9833 	EXP 	text: height = np.float64(0.05)
2.9833 	EXP 	text: height = np.float64(0.05)
2.9833 	EXP 	text: height = np.float64(0.05)
2.9833 	EXP 	text: text = 'Which one are you going to buy?'
2.9867 	EXP 	eyetracker.setRecordingState(False)
3.0004 	EXP 	text: height = np.float64(0.05)
3.0004 	EXP 	text: height = np.float64(0.05)
3.0004 	EXP 	text: height = np.float64(0.05)
3.0004 	EXP 	text: text = 'Which one are you going to buy?'
3.0018 	EXP 	eyetracker.setRecordingState(False)
3.0148 	EXP 	text: height = np.float64(0.05)
3.0148 	EXP 	text: height = np.float64(0.05)
3.0148 	EXP 	text: height = np.float64(0.05)
3.0148 	EXP 	text: text = 'Which one are you going to buy?'
3.0169 	EXP 	eyetracker.setRecordingState(False)
3.0308 	EXP 	text: height = np.float64(0.05)
3.0308 	EXP 	text: height = np.float64(0.05)
3.0308 	EXP 	text: height = np.float64(0.05)
3.0308 	EXP 	text: text = 'Which one are you going to buy?'
3.0325 	EXP 	eyetracker.setRecordingState(False)
3.0430 	EXP 	text: height = np.float64(0.05)
3.0430 	EXP 	text: height = np.float64(0.05)
3.0430 	EXP 	text: height = np.float64(0.05)
3.0430 	EXP 	text: text = 'Which one are you going to buy?'
3.0450 	EXP 	eyetracker.setRecordingState(False)
3.0581 	EXP 	text: height = np.float64(0.05)
3.0581 	EXP 	text: height = np.float64(0.05)
3.0581 	EXP 	text: height = np.float64(0.05)
3.0581 	EXP 	text: text = 'Which one are you going to buy?'
3.0603 	EXP 	eyetracker.setRecordingState(False)
3.0731 	EXP 	text: height = np.float64(0.05)
3.0731 	EXP 	text: height = np.float64(0.05)
3.0731 	EXP 	text: height = np.float64(0.05)
3.0731 	EXP 	text: text = 'Which one are you going to buy?'
3.0748 	EXP 	eyetracker.setRecordingState(False)
3.0864 	EXP 	text: height = np.float64(0.05)
3.0864 	EXP 	text: height = np.float64(0.05)
3.0864 	EXP 	text: height = np.float64(0.05)
3.0864 	EXP 	text: text = 'Which one are you going to buy?'
3.0876 	EXP 	eyetracker.setRecordingState(False)
3.0981 	EXP 	text: height = np.float64(0.05)
3.0981 	EXP 	text: height = np.float64(0.05)
3.0981 	EXP 	text: height = np.float64(0.05)
3.0981 	EXP 	text: text = 'Which one are you going to buy?'
3.0997 	EXP 	eyetracker.setRecordingState(False)
3.1107 	EXP 	text: height = np.float64(0.05)
3.1107 	EXP 	text: height = np.float64(0.05)
3.1107 	EXP 	text: height = np.float64(0.05)
3.1107 	EXP 	text: text = 'Which one are you going to buy?'
3.1126 	EXP 	eyetracker.setRecordingState(False)
3.1258 	EXP 	text: height = np.float64(0.05)
3.1258 	EXP 	text: height = np.float64(0.05)
3.1258 	EXP 	text: height = np.float64(0.05)
3.1258 	EXP 	text: text = 'Which one are you going to buy?'
3.1271 	EXP 	eyetracker.setRecordingState(False)
3.1379 	EXP 	text: height = np.float64(0.05)
3.1379 	EXP 	text: height = np.float64(0.05)
3.1379 	EXP 	text: height = np.float64(0.05)
3.1379 	EXP 	text: text = 'Which one are you going to buy?'
3.1387 	EXP 	eyetracker.setRecordingState(False)
3.1475 	EXP 	text: height = np.float64(0.05)
3.1475 	EXP 	text: height = np.float64(0.05)
3.1475 	EXP 	text: height = np.float64(0.05)
3.1475 	EXP 	text: text = 'Which one are you going to buy?'
3.1486 	EXP 	eyetracker.setRecordingState(False)
3.1581 	EXP 	text: height = np.float64(0.05)
3.1581 	EXP 	text: height = np.float64(0.05)
3.1581 	EXP 	text: height = np.float64(0.05)
3.1581 	EXP 	text: text = 'Which one are you going to buy?'
3.1591 	EXP 	eyetracker.setRecordingState(False)
3.1730 	EXP 	text: height = np.float64(0.05)
3.1730 	EXP 	text: height = np.float64(0.05)
3.1730 	EXP 	text: height = np.float64(0.05)
3.1730 	EXP 	text: text = 'Which one are you going to buy?'
3.1749 	EXP 	eyetracker.setRecordingState(False)
3.1887 	EXP 	text: height = np.float64(0.05)
3.1887 	EXP 	text: height = np.float64(0.05)
3.1887 	EXP 	text: height = np.float64(0.05)
3.1887 	EXP 	text: text = 'Which one are you going to buy?'
3.1904 	EXP 	eyetracker.setRecordingState(False)
3.2052 	EXP 	text: height = np.float64(0.05)
3.2052 	EXP 	text: height = np.float64(0.05)
3.2052 	EXP 	text: height = np.float64(0.05)
3.2052 	EXP 	text: text = 'Which one are you going to buy?'
3.2069 	EXP 	eyetracker.setRecordingState(False)
3.2200 	EXP 	text: height = np.float64(0.05)
3.2200 	EXP 	text: height = np.float64(0.05)
3.2200 	EXP 	text: height = np.float64(0.05)
3.2200 	EXP 	text: text = 'Which one are you going to buy?'
3.2231 	EXP 	eyetracker.setRecordingState(False)
3.2356 	EXP 	text: height = np.float64(0.05)
3.2356 	EXP 	text: height = np.float64(0.05)
3.2356 	EXP 	text: height = np.float64(0.05)
3.2356 	EXP 	text: text = 'Which one are you going to buy?'
3.2372 	EXP 	eyetracker.setRecordingState(False)
3.2514 	EXP 	text: height = np.float64(0.05)
3.2514 	EXP 	text: height = np.float64(0.05)
3.2514 	EXP 	text: height = np.float64(0.05)
3.2514 	EXP 	text: text = 'Which one are you going to buy?'
3.2529 	EXP 	eyetracker.setRecordingState(False)
3.2676 	EXP 	text: height = np.float64(0.05)
3.2676 	EXP 	text: height = np.float64(0.05)
3.2676 	EXP 	text: height = np.float64(0.05)
3.2676 	EXP 	text: text = 'Which one are you going to buy?'
3.2700 	EXP 	eyetracker.setRecordingState(False)
3.2835 	EXP 	text: height = np.float64(0.05)
3.2835 	EXP 	text: height = np.float64(0.05)
3.2835 	EXP 	text: height = np.float64(0.05)
3.2835 	EXP 	text: text = 'Which one are you going to buy?'
3.2863 	EXP 	eyetracker.setRecordingState(False)
3.2990 	EXP 	text: height = np.float64(0.05)
3.2990 	EXP 	text: height = np.float64(0.05)
3.2990 	EXP 	text: height = np.float64(0.05)
3.2990 	EXP 	text: text = 'Which one are you going to buy?'
3.3011 	EXP 	eyetracker.setRecordingState(False)
3.3164 	EXP 	text: height = np.float64(0.05)
3.3164 	EXP 	text: height = np.float64(0.05)
3.3164 	EXP 	text: height = np.float64(0.05)
3.3164 	EXP 	text: text = 'Which one are you going to buy?'
3.3183 	EXP 	eyetracker.setRecordingState(False)
3.3328 	EXP 	text: height = np.float64(0.05)
3.3328 	EXP 	text: height = np.float64(0.05)
3.3328 	EXP 	text: height = np.float64(0.05)
3.3328 	EXP 	text: text = 'Which one are you going to buy?'
3.3341 	EXP 	eyetracker.setRecordingState(False)
3.3476 	EXP 	text: height = np.float64(0.05)
3.3476 	EXP 	text: height = np.float64(0.05)
3.3476 	EXP 	text: height = np.float64(0.05)
3.3476 	EXP 	text: text = 'Which one are you going to buy?'
3.3493 	EXP 	eyetracker.setRecordingState(False)
3.3634 	EXP 	text: height = np.float64(0.05)
3.3634 	EXP 	text: height = np.float64(0.05)
3.3634 	EXP 	text: height = np.float64(0.05)
3.3634 	EXP 	text: text = 'Which one are you going to buy?'
3.3643 	EXP 	eyetracker.setRecordingState(False)
3.3740 	EXP 	text: height = np.float64(0.05)
3.3740 	EXP 	text: height = np.float64(0.05)
3.3740 	EXP 	text: height = np.float64(0.05)
3.3740 	EXP 	text: text = 'Which one are you going to buy?'
3.3755 	EXP 	eyetracker.setRecordingState(False)
3.3861 	EXP 	text: height = np.float64(0.05)
3.3861 	EXP 	text: height = np.float64(0.05)
3.3861 	EXP 	text: height = np.float64(0.05)
3.3861 	EXP 	text: text = 'Which one are you going to buy?'
3.3872 	EXP 	eyetracker.setRecordingState(False)
3.3973 	EXP 	text: height = np.float64(0.05)
3.3973 	EXP 	text: height = np.float64(0.05)
3.3973 	EXP 	text: height = np.float64(0.05)
3.3973 	EXP 	text: text = 'Which one are you going to buy?'
3.3980 	EXP 	eyetracker.setRecordingState(False)
3.4060 	EXP 	text: height = np.float64(0.05)
3.4060 	EXP 	text: height = np.float64(0.05)
3.4060 	EXP 	text: height = np.float64(0.05)
3.4060 	EXP 	text: text = 'Which one are you going to buy?'
3.4070 	EXP 	eyetracker.setRecordingState(False)
3.4153 	EXP 	text: height = np.float64(0.05)
3.4153 	EXP 	text: height = np.float64(0.05)
3.4153 	EXP 	text: height = np.float64(0.05)
3.4153 	EXP 	text: text = 'Which one are you going to buy?'
3.4164 	EXP 	eyetracker.setRecordingState(False)
3.4271 	EXP 	text: height = np.float64(0.05)
3.4271 	EXP 	text: height = np.float64(0.05)
3.4271 	EXP 	text: height = np.float64(0.05)
3.4271 	EXP 	text: text = 'Which one are you going to buy?'
3.4286 	EXP 	eyetracker.setRecordingState(False)
3.4429 	EXP 	text: height = np.float64(0.05)
3.4429 	EXP 	text: height = np.float64(0.05)
3.4429 	EXP 	text: height = np.float64(0.05)
3.4429 	EXP 	text: text = 'Which one are you going to buy?'
3.4456 	EXP 	eyetracker.setRecordingState(False)
3.4597 	EXP 	text: height = np.float64(0.05)
3.4597 	EXP 	text: height = np.float64(0.05)
3.4597 	EXP 	text: height = np.float64(0.05)
3.4597 	EXP 	text: text = 'Which one are you going to buy?'
3.4615 	EXP 	eyetracker.setRecordingState(False)
3.4758 	EXP 	text: height = np.float64(0.05)
3.4758 	EXP 	text: height = np.float64(0.05)
3.4758 	EXP 	text: height = np.float64(0.05)
3.4758 	EXP 	text: text = 'Which one are you going to buy?'
3.4771 	EXP 	eyetracker.setRecordingState(False)
3.4946 	EXP 	text: height = np.float64(0.05)
3.4946 	EXP 	text: height = np.float64(0.05)
3.4946 	EXP 	text: height = np.float64(0.05)
3.4946 	EXP 	text: text = 'Which one are you going to buy?'
3.4974 	EXP 	eyetracker.setRecordingState(False)
3.5112 	EXP 	text: height = np.float64(0.05)
3.5112 	EXP 	text: height = np.float64(0.05)
3.5112 	EXP 	text: height = np.float64(0.05)
3.5112 	EXP 	text: text = 'Which one are you going to buy?'
3.5121 	EXP 	eyetracker.setRecordingState(False)
3.5220 	EXP 	text: height = np.float64(0.05)
3.5220 	EXP 	text: height = np.float64(0.05)
3.5220 	EXP 	text: height = np.float64(0.05)
3.5220 	EXP 	text: text = 'Which one are you going to buy?'
3.5228 	EXP 	eyetracker.setRecordingState(False)
3.5327 	EXP 	text: height = np.float64(0.05)
3.5327 	EXP 	text: height = np.float64(0.05)
3.5327 	EXP 	text: height = np.float64(0.05)
3.5327 	EXP 	text: text = 'Which one are you going to buy?'
3.5336 	EXP 	eyetracker.setRecordingState(False)
3.5447 	EXP 	text: height = np.float64(0.05)
3.5447 	EXP 	text: height = np.float64(0.05)
3.5447 	EXP 	text: height = np.float64(0.05)
3.5447 	EXP 	text: text = 'Which one are you going to buy?'
3.5458 	EXP 	eyetracker.setRecordingState(False)
3.5548 	EXP 	text: height = np.float64(0.05)
3.5548 	EXP 	text: height = np.float64(0.05)
3.5548 	EXP 	text: height = np.float64(0.05)
3.5548 	EXP 	text: text = 'Which one are you going to buy?'
3.5556 	EXP 	eyetracker.setRecordingState(False)
3.5635 	EXP 	text: height = np.float64(0.05)
3.5635 	EXP 	text: height = np.float64(0.05)
3.5635 	EXP 	text: height = np.float64(0.05)
3.5635 	EXP 	text: text = 'Which one are you going to buy?'
3.5644 	EXP 	eyetracker.setRecordingState(False)
3.5732 	EXP 	text: height = np.float64(0.05)
3.5732 	EXP 	text: height = np.float64(0.05)
3.5732 	EXP 	text: height = np.float64(0.05)
3.5732 	EXP 	text: text = 'Which one are you going to buy?'
3.5743 	EXP 	eyetracker.setRecordingState(False)
3.5840 	EXP 	text: height = np.float64(0.05)
3.5840 	EXP 	text: height = np.float64(0.05)
3.5840 	EXP 	text: height = np.float64(0.05)
3.5840 	EXP 	text: text = 'Which one are you going to buy?'
3.5849 	EXP 	eyetracker.setRecordingState(False)
3.5963 	EXP 	text: height = np.float64(0.05)
3.5963 	EXP 	text: height = np.float64(0.05)
3.5963 	EXP 	text: height = np.float64(0.05)
3.5963 	EXP 	text: text = 'Which one are you going to buy?'
3.5979 	EXP 	eyetracker.setRecordingState(False)
3.6162 	EXP 	text: height = np.float64(0.05)
3.6162 	EXP 	text: height = np.float64(0.05)
3.6162 	EXP 	text: height = np.float64(0.05)
3.6162 	EXP 	text: text = 'Which one are you going to buy?'
3.6181 	EXP 	eyetracker.setRecordingState(False)
3.6371 	EXP 	text: height = np.float64(0.05)
3.6371 	EXP 	text: height = np.float64(0.05)
3.6371 	EXP 	text: height = np.float64(0.05)
3.6371 	EXP 	text: text = 'Which one are you going to buy?'
3.6392 	EXP 	eyetracker.setRecordingState(False)
3.6602 	EXP 	text: height = np.float64(0.05)
3.6602 	EXP 	text: height = np.float64(0.05)
3.6602 	EXP 	text: height = np.float64(0.05)
3.6602 	EXP 	text: text = 'Which one are you going to buy?'
3.6621 	EXP 	eyetracker.setRecordingState(False)
3.6841 	EXP 	text: height = np.float64(0.05)
3.6841 	EXP 	text: height = np.float64(0.05)
3.6841 	EXP 	text: height = np.float64(0.05)
3.6841 	EXP 	text: text = 'Which one are you going to buy?'
3.6869 	EXP 	eyetracker.setRecordingState(False)
3.7102 	EXP 	text: height = np.float64(0.05)
3.7102 	EXP 	text: height = np.float64(0.05)
3.7102 	EXP 	text: height = np.float64(0.05)
3.7102 	EXP 	text: text = 'Which one are you going to buy?'
3.7124 	EXP 	eyetracker.setRecordingState(False)
3.7325 	EXP 	text: height = np.float64(0.05)
3.7325 	EXP 	text: height = np.float64(0.05)
3.7325 	EXP 	text: height = np.float64(0.05)
3.7325 	EXP 	text: text = 'Which one are you going to buy?'
3.7346 	EXP 	eyetracker.setRecordingState(False)
3.7512 	EXP 	text: height = np.float64(0.05)
3.7512 	EXP 	text: height = np.float64(0.05)
3.7512 	EXP 	text: height = np.float64(0.05)
3.7512 	EXP 	text: text = 'Which one are you going to buy?'
3.7530 	EXP 	eyetracker.setRecordingState(False)
3.7666 	EXP 	text: height = np.float64(0.05)
3.7666 	EXP 	text: height = np.float64(0.05)
3.7666 	EXP 	text: height = np.float64(0.05)
3.7666 	EXP 	text: text = 'Which one are you going to buy?'
3.7678 	EXP 	eyetracker.setRecordingState(False)
3.7814 	EXP 	text: height = np.float64(0.05)
3.7814 	EXP 	text: height = np.float64(0.05)
3.7814 	EXP 	text: height = np.float64(0.05)
3.7814 	EXP 	text: text = 'Which one are you going to buy?'
3.7833 	EXP 	eyetracker.setRecordingState(False)
3.7995 	EXP 	text: height = np.float64(0.05)
3.7995 	EXP 	text: height = np.float64(0.05)
3.7995 	EXP 	text: height = np.float64(0.05)
3.7995 	EXP 	text: text = 'Which one are you going to buy?'
3.8007 	EXP 	eyetracker.setRecordingState(False)
3.8130 	EXP 	text: height = np.float64(0.05)
3.8130 	EXP 	text: height = np.float64(0.05)
3.8130 	EXP 	text: height = np.float64(0.05)
3.8130 	EXP 	text: text = 'Which one are you going to buy?'
3.8141 	EXP 	eyetracker.setRecordingState(False)
3.8259 	EXP 	text: height = np.float64(0.05)
3.8259 	EXP 	text: height = np.float64(0.05)
3.8259 	EXP 	text: height = np.float64(0.05)
3.8259 	EXP 	text: text = 'Which one are you going to buy?'
3.8270 	EXP 	eyetracker.setRecordingState(False)
3.8372 	DATA 	Mouse: Left button down, pos=(321,493)
3.8403 	EXP 	text: height = np.float64(0.05)
3.8403 	EXP 	text: height = np.float64(0.05)
3.8403 	EXP 	text: height = np.float64(0.05)
3.8403 	EXP 	text: text = 'Which one are you going to buy?'
3.8425 	EXP 	eyetracker.setRecordingState(False)
3.8450 	EXP 	eyetracker.setRecordingState(False)
3.8556 	INFO 	Keyboard events cleared
3.8548 	EXP 	text: autoDraw = False
3.8548 	EXP 	ambewela: autoDraw = False
3.8548 	EXP 	kothmale: autoDraw = False
3.8548 	EXP 	happycow: autoDraw = False
3.8548 	EXP 	kraft: autoDraw = False
3.8548 	EXP 	richlife: autoDraw = False
3.8548 	EXP 	text_2: autoDraw = False
3.8548 	EXP 	text_3: autoDraw = False
3.8548 	EXP 	text_4: autoDraw = False
3.8548 	EXP 	text_5: autoDraw = False
3.8548 	EXP 	text_6: autoDraw = False
3.8548 	EXP 	text_7: autoDraw = True
3.8548 	EXP 	highlandYoghurt: autoDraw = True
3.8548 	EXP 	anchoryoghurt: autoDraw = True
3.8548 	EXP 	ambewelayoghurt: autoDraw = True
3.8548 	EXP 	pelawatteyoghurt: autoDraw = True
3.8548 	EXP 	text_8: autoDraw = True
3.8548 	EXP 	text_9: autoDraw = True
3.8548 	EXP 	text_10: autoDraw = True
3.8548 	EXP 	text_11: autoDraw = True
3.8569 	EXP 	eyetracker.setRecordingState(False)
3.8631 	EXP 	eyetracker.setRecordingState(False)
3.8698 	EXP 	eyetracker.setRecordingState(False)
3.8774 	EXP 	eyetracker.setRecordingState(False)
3.8851 	EXP 	eyetracker.setRecordingState(False)
3.8939 	EXP 	eyetracker.setRecordingState(False)
3.9021 	EXP 	eyetracker.setRecordingState(False)
3.9115 	EXP 	eyetracker.setRecordingState(False)
3.9203 	EXP 	eyetracker.setRecordingState(False)
3.9293 	EXP 	eyetracker.setRecordingState(False)
3.9391 	EXP 	eyetracker.setRecordingState(False)
3.9486 	EXP 	eyetracker.setRecordingState(False)
3.9589 	EXP 	eyetracker.setRecordingState(False)
3.9682 	EXP 	eyetracker.setRecordingState(False)
3.9768 	EXP 	eyetracker.setRecordingState(False)
3.9866 	EXP 	eyetracker.setRecordingState(False)
3.9956 	EXP 	eyetracker.setRecordingState(False)
4.0054 	EXP 	eyetracker.setRecordingState(False)
4.0151 	EXP 	eyetracker.setRecordingState(False)
4.0246 	EXP 	eyetracker.setRecordingState(False)
4.0343 	EXP 	eyetracker.setRecordingState(False)
4.0439 	EXP 	eyetracker.setRecordingState(False)
4.0540 	EXP 	eyetracker.setRecordingState(False)
4.0632 	EXP 	eyetracker.setRecordingState(False)
4.0684 	DATA 	Mouse:  Left button up, pos=(321,493)
4.0734 	EXP 	eyetracker.setRecordingState(False)
4.0820 	EXP 	eyetracker.setRecordingState(False)
4.0917 	EXP 	eyetracker.setRecordingState(False)
4.1032 	EXP 	eyetracker.setRecordingState(False)
4.1196 	EXP 	eyetracker.setRecordingState(False)
4.1443 	EXP 	eyetracker.setRecordingState(False)
4.1568 	EXP 	eyetracker.setRecordingState(False)
4.1705 	EXP 	eyetracker.setRecordingState(False)
4.1857 	EXP 	eyetracker.setRecordingState(False)
4.2015 	EXP 	eyetracker.setRecordingState(False)
4.2165 	EXP 	eyetracker.setRecordingState(False)
4.2313 	EXP 	eyetracker.setRecordingState(False)
4.2454 	EXP 	eyetracker.setRecordingState(False)
4.2586 	EXP 	eyetracker.setRecordingState(False)
4.2753 	EXP 	eyetracker.setRecordingState(False)
4.2882 	EXP 	eyetracker.setRecordingState(False)
4.3006 	EXP 	eyetracker.setRecordingState(False)
4.3130 	EXP 	eyetracker.setRecordingState(False)
4.3260 	EXP 	eyetracker.setRecordingState(False)
4.3398 	EXP 	eyetracker.setRecordingState(False)
4.3543 	EXP 	eyetracker.setRecordingState(False)
4.3695 	EXP 	eyetracker.setRecordingState(False)
4.3850 	EXP 	eyetracker.setRecordingState(False)
4.3998 	EXP 	eyetracker.setRecordingState(False)
4.4167 	EXP 	eyetracker.setRecordingState(False)
4.4318 	EXP 	eyetracker.setRecordingState(False)
4.4461 	EXP 	eyetracker.setRecordingState(False)
4.4596 	EXP 	eyetracker.setRecordingState(False)
4.4729 	EXP 	eyetracker.setRecordingState(False)
4.4888 	EXP 	eyetracker.setRecordingState(False)
4.5028 	EXP 	eyetracker.setRecordingState(False)
4.5189 	EXP 	eyetracker.setRecordingState(False)
4.5359 	EXP 	eyetracker.setRecordingState(False)
4.5509 	EXP 	eyetracker.setRecordingState(False)
4.5632 	EXP 	eyetracker.setRecordingState(False)
4.5747 	EXP 	eyetracker.setRecordingState(False)
4.5855 	EXP 	eyetracker.setRecordingState(False)
4.5958 	EXP 	eyetracker.setRecordingState(False)
4.6074 	EXP 	eyetracker.setRecordingState(False)
4.6173 	EXP 	eyetracker.setRecordingState(False)
4.6269 	EXP 	eyetracker.setRecordingState(False)
4.6361 	EXP 	eyetracker.setRecordingState(False)
4.6438 	EXP 	eyetracker.setRecordingState(False)
4.6518 	EXP 	eyetracker.setRecordingState(False)
4.6607 	EXP 	eyetracker.setRecordingState(False)
4.6720 	EXP 	eyetracker.setRecordingState(False)
4.6816 	EXP 	eyetracker.setRecordingState(False)
4.6917 	EXP 	eyetracker.setRecordingState(False)
4.7022 	EXP 	eyetracker.setRecordingState(False)
4.7118 	EXP 	eyetracker.setRecordingState(False)
4.7217 	EXP 	eyetracker.setRecordingState(False)
4.7317 	EXP 	eyetracker.setRecordingState(False)
4.7411 	EXP 	eyetracker.setRecordingState(False)
4.7502 	EXP 	eyetracker.setRecordingState(False)
4.7595 	EXP 	eyetracker.setRecordingState(False)
4.7682 	EXP 	eyetracker.setRecordingState(False)
4.7783 	EXP 	eyetracker.setRecordingState(False)
4.7875 	EXP 	eyetracker.setRecordingState(False)
4.7975 	EXP 	eyetracker.setRecordingState(False)
4.8058 	EXP 	eyetracker.setRecordingState(False)
4.8148 	EXP 	eyetracker.setRecordingState(False)
4.8238 	EXP 	eyetracker.setRecordingState(False)
4.8321 	EXP 	eyetracker.setRecordingState(False)
4.8408 	EXP 	eyetracker.setRecordingState(False)
4.8513 	EXP 	eyetracker.setRecordingState(False)
4.8610 	EXP 	eyetracker.setRecordingState(False)
4.8692 	EXP 	eyetracker.setRecordingState(False)
4.8772 	EXP 	eyetracker.setRecordingState(False)
4.8859 	EXP 	eyetracker.setRecordingState(False)
4.8937 	EXP 	eyetracker.setRecordingState(False)
4.9021 	EXP 	eyetracker.setRecordingState(False)
4.9115 	EXP 	eyetracker.setRecordingState(False)
4.9217 	EXP 	eyetracker.setRecordingState(False)
4.9308 	EXP 	eyetracker.setRecordingState(False)
4.9403 	EXP 	eyetracker.setRecordingState(False)
4.9508 	EXP 	eyetracker.setRecordingState(False)
4.9604 	EXP 	eyetracker.setRecordingState(False)
4.9700 	EXP 	eyetracker.setRecordingState(False)
4.9783 	EXP 	eyetracker.setRecordingState(False)
4.9870 	EXP 	eyetracker.setRecordingState(False)
4.9953 	EXP 	eyetracker.setRecordingState(False)
5.0041 	EXP 	eyetracker.setRecordingState(False)
5.0122 	EXP 	eyetracker.setRecordingState(False)
5.0206 	EXP 	eyetracker.setRecordingState(False)
5.0301 	EXP 	eyetracker.setRecordingState(False)
5.0392 	EXP 	eyetracker.setRecordingState(False)
5.0485 	EXP 	eyetracker.setRecordingState(False)
5.0579 	EXP 	eyetracker.setRecordingState(False)
5.0680 	EXP 	eyetracker.setRecordingState(False)
5.0779 	EXP 	eyetracker.setRecordingState(False)
5.0876 	EXP 	eyetracker.setRecordingState(False)
5.0976 	EXP 	eyetracker.setRecordingState(False)
5.1082 	EXP 	eyetracker.setRecordingState(False)
5.1182 	EXP 	eyetracker.setRecordingState(False)
5.1280 	EXP 	eyetracker.setRecordingState(False)
5.1382 	EXP 	eyetracker.setRecordingState(False)
5.1493 	EXP 	eyetracker.setRecordingState(False)
5.1590 	EXP 	eyetracker.setRecordingState(False)
5.1679 	EXP 	eyetracker.setRecordingState(False)
5.1788 	EXP 	eyetracker.setRecordingState(False)
5.1881 	EXP 	eyetracker.setRecordingState(False)
5.1982 	EXP 	eyetracker.setRecordingState(False)
5.2079 	EXP 	eyetracker.setRecordingState(False)
5.2169 	EXP 	eyetracker.setRecordingState(False)
5.2260 	EXP 	eyetracker.setRecordingState(False)
5.2366 	EXP 	eyetracker.setRecordingState(False)
5.2459 	EXP 	eyetracker.setRecordingState(False)
5.2563 	EXP 	eyetracker.setRecordingState(False)
5.2656 	EXP 	eyetracker.setRecordingState(False)
5.2746 	EXP 	eyetracker.setRecordingState(False)
5.2832 	EXP 	eyetracker.setRecordingState(False)
5.2918 	EXP 	eyetracker.setRecordingState(False)
5.3011 	EXP 	eyetracker.setRecordingState(False)
5.3099 	EXP 	eyetracker.setRecordingState(False)
5.3179 	EXP 	eyetracker.setRecordingState(False)
5.3265 	EXP 	eyetracker.setRecordingState(False)
5.3354 	EXP 	eyetracker.setRecordingState(False)
5.3442 	EXP 	eyetracker.setRecordingState(False)
5.3533 	EXP 	eyetracker.setRecordingState(False)
5.3627 	EXP 	eyetracker.setRecordingState(False)
5.3723 	EXP 	eyetracker.setRecordingState(False)
5.3815 	EXP 	eyetracker.setRecordingState(False)
5.3911 	EXP 	eyetracker.setRecordingState(False)
5.4022 	EXP 	eyetracker.setRecordingState(False)
5.4107 	EXP 	eyetracker.setRecordingState(False)
5.4194 	EXP 	eyetracker.setRecordingState(False)
5.4292 	EXP 	eyetracker.setRecordingState(False)
5.4368 	EXP 	eyetracker.setRecordingState(False)
5.4451 	EXP 	eyetracker.setRecordingState(False)
5.4547 	EXP 	eyetracker.setRecordingState(False)
5.4648 	EXP 	eyetracker.setRecordingState(False)
5.4747 	EXP 	eyetracker.setRecordingState(False)
5.4840 	EXP 	eyetracker.setRecordingState(False)
5.4937 	EXP 	eyetracker.setRecordingState(False)
5.5030 	EXP 	eyetracker.setRecordingState(False)
5.5134 	EXP 	eyetracker.setRecordingState(False)
5.5268 	EXP 	eyetracker.setRecordingState(False)
5.5436 	EXP 	eyetracker.setRecordingState(False)
5.5571 	EXP 	eyetracker.setRecordingState(False)
5.5690 	EXP 	eyetracker.setRecordingState(False)
5.5801 	EXP 	eyetracker.setRecordingState(False)
5.5920 	EXP 	eyetracker.setRecordingState(False)
5.6028 	EXP 	eyetracker.setRecordingState(False)
5.6157 	EXP 	eyetracker.setRecordingState(False)
5.6264 	EXP 	eyetracker.setRecordingState(False)
5.6370 	EXP 	eyetracker.setRecordingState(False)
5.6461 	EXP 	eyetracker.setRecordingState(False)
5.6556 	EXP 	eyetracker.setRecordingState(False)
5.6663 	EXP 	eyetracker.setRecordingState(False)
5.6757 	EXP 	eyetracker.setRecordingState(False)
5.6870 	EXP 	eyetracker.setRecordingState(False)
5.6973 	EXP 	eyetracker.setRecordingState(False)
5.7075 	EXP 	eyetracker.setRecordingState(False)
5.7187 	EXP 	eyetracker.setRecordingState(False)
5.7278 	EXP 	eyetracker.setRecordingState(False)
5.7380 	EXP 	eyetracker.setRecordingState(False)
5.7488 	EXP 	eyetracker.setRecordingState(False)
5.7587 	EXP 	eyetracker.setRecordingState(False)
5.7680 	EXP 	eyetracker.setRecordingState(False)
5.7771 	EXP 	eyetracker.setRecordingState(False)
5.7849 	EXP 	eyetracker.setRecordingState(False)
5.7928 	EXP 	eyetracker.setRecordingState(False)
5.8011 	EXP 	eyetracker.setRecordingState(False)
5.8103 	EXP 	eyetracker.setRecordingState(False)
5.8189 	EXP 	eyetracker.setRecordingState(False)
5.8280 	EXP 	eyetracker.setRecordingState(False)
5.8379 	EXP 	eyetracker.setRecordingState(False)
5.8468 	EXP 	eyetracker.setRecordingState(False)
5.8558 	EXP 	eyetracker.setRecordingState(False)
5.8647 	EXP 	eyetracker.setRecordingState(False)
5.8740 	EXP 	eyetracker.setRecordingState(False)
5.8831 	EXP 	eyetracker.setRecordingState(False)
5.8926 	EXP 	eyetracker.setRecordingState(False)
5.9025 	EXP 	eyetracker.setRecordingState(False)
5.9142 	EXP 	eyetracker.setRecordingState(False)
5.9297 	EXP 	eyetracker.setRecordingState(False)
5.9449 	EXP 	eyetracker.setRecordingState(False)
5.9589 	EXP 	eyetracker.setRecordingState(False)
5.9759 	EXP 	eyetracker.setRecordingState(False)
5.9899 	EXP 	eyetracker.setRecordingState(False)
6.0054 	EXP 	eyetracker.setRecordingState(False)
6.0194 	EXP 	eyetracker.setRecordingState(False)
6.0360 	EXP 	eyetracker.setRecordingState(False)
6.0505 	EXP 	eyetracker.setRecordingState(False)
6.0615 	EXP 	eyetracker.setRecordingState(False)
6.0728 	EXP 	eyetracker.setRecordingState(False)
6.0840 	EXP 	eyetracker.setRecordingState(False)
6.0942 	EXP 	eyetracker.setRecordingState(False)
6.1044 	EXP 	eyetracker.setRecordingState(False)
6.1140 	EXP 	eyetracker.setRecordingState(False)
6.1220 	EXP 	eyetracker.setRecordingState(False)
6.1294 	EXP 	eyetracker.setRecordingState(False)
6.1359 	EXP 	eyetracker.setRecordingState(False)
6.1432 	EXP 	eyetracker.setRecordingState(False)
6.1497 	EXP 	eyetracker.setRecordingState(False)
6.1561 	EXP 	eyetracker.setRecordingState(False)
6.1629 	EXP 	eyetracker.setRecordingState(False)
6.1704 	EXP 	eyetracker.setRecordingState(False)
6.1791 	EXP 	eyetracker.setRecordingState(False)
6.1891 	EXP 	eyetracker.setRecordingState(False)
6.2046 	EXP 	eyetracker.setRecordingState(False)
6.2161 	EXP 	eyetracker.setRecordingState(False)
6.2261 	EXP 	eyetracker.setRecordingState(False)
6.2414 	EXP 	eyetracker.setRecordingState(False)
6.2501 	EXP 	eyetracker.setRecordingState(False)
6.2594 	EXP 	eyetracker.setRecordingState(False)
6.2691 	EXP 	eyetracker.setRecordingState(False)
6.2769 	EXP 	eyetracker.setRecordingState(False)
6.2839 	EXP 	eyetracker.setRecordingState(False)
6.2909 	EXP 	eyetracker.setRecordingState(False)
6.2977 	EXP 	eyetracker.setRecordingState(False)
6.3037 	EXP 	eyetracker.setRecordingState(False)
6.3107 	EXP 	eyetracker.setRecordingState(False)
6.3177 	EXP 	eyetracker.setRecordingState(False)
6.3256 	EXP 	eyetracker.setRecordingState(False)
6.3324 	EXP 	eyetracker.setRecordingState(False)
6.3395 	EXP 	eyetracker.setRecordingState(False)
6.3476 	EXP 	eyetracker.setRecordingState(False)
6.3569 	EXP 	eyetracker.setRecordingState(False)
6.3665 	EXP 	eyetracker.setRecordingState(False)
6.3763 	EXP 	eyetracker.setRecordingState(False)
6.3852 	EXP 	eyetracker.setRecordingState(False)
6.3954 	EXP 	eyetracker.setRecordingState(False)
6.4036 	EXP 	eyetracker.setRecordingState(False)
6.4113 	EXP 	eyetracker.setRecordingState(False)
6.4186 	EXP 	eyetracker.setRecordingState(False)
6.4267 	EXP 	eyetracker.setRecordingState(False)
6.4330 	EXP 	eyetracker.setRecordingState(False)
6.4405 	EXP 	eyetracker.setRecordingState(False)
6.4469 	EXP 	eyetracker.setRecordingState(False)
6.4528 	EXP 	eyetracker.setRecordingState(False)
6.4598 	EXP 	eyetracker.setRecordingState(False)
6.4678 	EXP 	eyetracker.setRecordingState(False)
6.4770 	EXP 	eyetracker.setRecordingState(False)
6.4853 	EXP 	eyetracker.setRecordingState(False)
6.4942 	EXP 	eyetracker.setRecordingState(False)
6.5045 	EXP 	eyetracker.setRecordingState(False)
6.5141 	EXP 	eyetracker.setRecordingState(False)
6.5240 	EXP 	eyetracker.setRecordingState(False)
6.5327 	EXP 	eyetracker.setRecordingState(False)
6.5417 	EXP 	eyetracker.setRecordingState(False)
6.5512 	EXP 	eyetracker.setRecordingState(False)
6.5603 	EXP 	eyetracker.setRecordingState(False)
6.5706 	EXP 	eyetracker.setRecordingState(False)
6.5798 	EXP 	eyetracker.setRecordingState(False)
6.5897 	EXP 	eyetracker.setRecordingState(False)
6.5996 	EXP 	eyetracker.setRecordingState(False)
6.6091 	EXP 	eyetracker.setRecordingState(False)
6.6205 	EXP 	eyetracker.setRecordingState(False)
6.6308 	EXP 	eyetracker.setRecordingState(False)
6.6405 	EXP 	eyetracker.setRecordingState(False)
6.6497 	EXP 	eyetracker.setRecordingState(False)
6.6594 	EXP 	eyetracker.setRecordingState(False)
6.6676 	EXP 	eyetracker.setRecordingState(False)
6.6754 	EXP 	eyetracker.setRecordingState(False)
6.6834 	EXP 	eyetracker.setRecordingState(False)
6.6915 	EXP 	eyetracker.setRecordingState(False)
6.7005 	EXP 	eyetracker.setRecordingState(False)
6.7100 	EXP 	eyetracker.setRecordingState(False)
6.7197 	EXP 	eyetracker.setRecordingState(False)
6.7316 	EXP 	eyetracker.setRecordingState(False)
6.7405 	EXP 	eyetracker.setRecordingState(False)
6.7478 	EXP 	eyetracker.setRecordingState(False)
6.7564 	EXP 	eyetracker.setRecordingState(False)
6.7660 	EXP 	eyetracker.setRecordingState(False)
6.7740 	EXP 	eyetracker.setRecordingState(False)
6.7857 	EXP 	eyetracker.setRecordingState(False)
6.7938 	EXP 	eyetracker.setRecordingState(False)
6.8028 	EXP 	eyetracker.setRecordingState(False)
6.8124 	EXP 	eyetracker.setRecordingState(False)
6.8220 	EXP 	eyetracker.setRecordingState(False)
6.8310 	EXP 	eyetracker.setRecordingState(False)
6.8407 	EXP 	eyetracker.setRecordingState(False)
6.8486 	EXP 	eyetracker.setRecordingState(False)
6.8565 	EXP 	eyetracker.setRecordingState(False)
6.8646 	EXP 	eyetracker.setRecordingState(False)
6.8743 	EXP 	eyetracker.setRecordingState(False)
6.8834 	EXP 	eyetracker.setRecordingState(False)
6.8917 	EXP 	eyetracker.setRecordingState(False)
6.8996 	EXP 	eyetracker.setRecordingState(False)
6.9074 	EXP 	eyetracker.setRecordingState(False)
6.9164 	EXP 	eyetracker.setRecordingState(False)
6.9259 	EXP 	eyetracker.setRecordingState(False)
6.9351 	EXP 	eyetracker.setRecordingState(False)
6.9450 	EXP 	eyetracker.setRecordingState(False)
6.9535 	EXP 	eyetracker.setRecordingState(False)
6.9620 	EXP 	eyetracker.setRecordingState(False)
6.9712 	EXP 	eyetracker.setRecordingState(False)
6.9823 	EXP 	eyetracker.setRecordingState(False)
6.9905 	EXP 	eyetracker.setRecordingState(False)
7.0002 	EXP 	eyetracker.setRecordingState(False)
7.0100 	EXP 	eyetracker.setRecordingState(False)
7.0181 	EXP 	eyetracker.setRecordingState(False)
7.0260 	EXP 	eyetracker.setRecordingState(False)
7.0330 	EXP 	eyetracker.setRecordingState(False)
7.0412 	EXP 	eyetracker.setRecordingState(False)
7.0498 	EXP 	eyetracker.setRecordingState(False)
7.0570 	EXP 	eyetracker.setRecordingState(False)
7.0640 	EXP 	eyetracker.setRecordingState(False)
7.0718 	EXP 	eyetracker.setRecordingState(False)
7.0784 	EXP 	eyetracker.setRecordingState(False)
7.0860 	EXP 	eyetracker.setRecordingState(False)
7.0939 	EXP 	eyetracker.setRecordingState(False)
7.1019 	EXP 	eyetracker.setRecordingState(False)
7.1091 	EXP 	eyetracker.setRecordingState(False)
7.1161 	EXP 	eyetracker.setRecordingState(False)
7.1231 	EXP 	eyetracker.setRecordingState(False)
7.1295 	EXP 	eyetracker.setRecordingState(False)
7.1358 	EXP 	eyetracker.setRecordingState(False)
7.1430 	EXP 	eyetracker.setRecordingState(False)
7.1503 	EXP 	eyetracker.setRecordingState(False)
7.1571 	EXP 	eyetracker.setRecordingState(False)
7.1648 	EXP 	eyetracker.setRecordingState(False)
7.1726 	EXP 	eyetracker.setRecordingState(False)
7.1812 	EXP 	eyetracker.setRecordingState(False)
7.1891 	EXP 	eyetracker.setRecordingState(False)
7.1977 	EXP 	eyetracker.setRecordingState(False)
7.2072 	EXP 	eyetracker.setRecordingState(False)
7.2164 	EXP 	eyetracker.setRecordingState(False)
7.2252 	EXP 	eyetracker.setRecordingState(False)
7.2343 	EXP 	eyetracker.setRecordingState(False)
7.2429 	EXP 	eyetracker.setRecordingState(False)
7.2513 	EXP 	eyetracker.setRecordingState(False)
7.2602 	EXP 	eyetracker.setRecordingState(False)
7.2687 	EXP 	eyetracker.setRecordingState(False)
7.2765 	EXP 	eyetracker.setRecordingState(False)
7.2845 	EXP 	eyetracker.setRecordingState(False)
7.2927 	EXP 	eyetracker.setRecordingState(False)
7.3019 	EXP 	eyetracker.setRecordingState(False)
7.3124 	EXP 	eyetracker.setRecordingState(False)
7.3238 	EXP 	eyetracker.setRecordingState(False)
7.3363 	EXP 	eyetracker.setRecordingState(False)
7.3471 	EXP 	eyetracker.setRecordingState(False)
7.3590 	EXP 	eyetracker.setRecordingState(False)
7.3684 	EXP 	eyetracker.setRecordingState(False)
7.3779 	DATA 	Mouse: Left button down, pos=(1450,578)
7.3816 	EXP 	eyetracker.setRecordingState(False)
7.3855 	EXP 	eyetracker.setRecordingState(False)
7.4077 	INFO 	Keyboard events cleared
7.4064 	EXP 	text_7: autoDraw = False
7.4064 	EXP 	highlandYoghurt: autoDraw = False
7.4064 	EXP 	anchoryoghurt: autoDraw = False
7.4064 	EXP 	ambewelayoghurt: autoDraw = False
7.4064 	EXP 	pelawatteyoghurt: autoDraw = False
7.4064 	EXP 	text_8: autoDraw = False
7.4064 	EXP 	text_9: autoDraw = False
7.4064 	EXP 	text_10: autoDraw = False
7.4064 	EXP 	text_11: autoDraw = False
7.4064 	EXP 	text_12: autoDraw = True
7.4064 	EXP 	fortune: autoDraw = True
7.4064 	EXP 	marina: autoDraw = True
7.4064 	EXP 	Njoy: autoDraw = True
7.4064 	EXP 	text_13: autoDraw = True
7.4064 	EXP 	text_14: autoDraw = True
7.4064 	EXP 	text_15: autoDraw = True
7.4106 	EXP 	eyetracker.setRecordingState(False)
7.4206 	EXP 	eyetracker.setRecordingState(False)
7.4297 	EXP 	eyetracker.setRecordingState(False)
7.4408 	EXP 	eyetracker.setRecordingState(False)
7.4495 	EXP 	eyetracker.setRecordingState(False)
7.4576 	EXP 	eyetracker.setRecordingState(False)
7.4660 	EXP 	eyetracker.setRecordingState(False)
7.4744 	EXP 	eyetracker.setRecordingState(False)
7.4831 	EXP 	eyetracker.setRecordingState(False)
7.4914 	EXP 	eyetracker.setRecordingState(False)
7.4998 	EXP 	eyetracker.setRecordingState(False)
7.5081 	EXP 	eyetracker.setRecordingState(False)
7.5181 	EXP 	eyetracker.setRecordingState(False)
7.5283 	EXP 	eyetracker.setRecordingState(False)
7.5390 	EXP 	eyetracker.setRecordingState(False)
7.5487 	EXP 	eyetracker.setRecordingState(False)
7.5581 	EXP 	eyetracker.setRecordingState(False)
7.5671 	EXP 	eyetracker.setRecordingState(False)
7.5761 	EXP 	eyetracker.setRecordingState(False)
7.5853 	EXP 	eyetracker.setRecordingState(False)
7.5959 	EXP 	eyetracker.setRecordingState(False)
7.6046 	EXP 	eyetracker.setRecordingState(False)
7.6100 	DATA 	Mouse:  Left button up, pos=(1450,578)
7.6150 	EXP 	eyetracker.setRecordingState(False)
7.6250 	EXP 	eyetracker.setRecordingState(False)
7.6348 	EXP 	eyetracker.setRecordingState(False)
7.6442 	EXP 	eyetracker.setRecordingState(False)
7.6530 	EXP 	eyetracker.setRecordingState(False)
7.6630 	EXP 	eyetracker.setRecordingState(False)
7.6732 	EXP 	eyetracker.setRecordingState(False)
7.6842 	EXP 	eyetracker.setRecordingState(False)
7.6948 	EXP 	eyetracker.setRecordingState(False)
7.7060 	EXP 	eyetracker.setRecordingState(False)
7.7180 	EXP 	eyetracker.setRecordingState(False)
7.7320 	EXP 	eyetracker.setRecordingState(False)
7.7426 	EXP 	eyetracker.setRecordingState(False)
7.7534 	EXP 	eyetracker.setRecordingState(False)
7.7645 	EXP 	eyetracker.setRecordingState(False)
7.7739 	EXP 	eyetracker.setRecordingState(False)
7.7836 	EXP 	eyetracker.setRecordingState(False)
7.7922 	EXP 	eyetracker.setRecordingState(False)
7.8000 	EXP 	eyetracker.setRecordingState(False)
7.8073 	EXP 	eyetracker.setRecordingState(False)
7.8152 	EXP 	eyetracker.setRecordingState(False)
7.8241 	EXP 	eyetracker.setRecordingState(False)
7.8331 	EXP 	eyetracker.setRecordingState(False)
7.8414 	EXP 	eyetracker.setRecordingState(False)
7.8494 	EXP 	eyetracker.setRecordingState(False)
7.8580 	EXP 	eyetracker.setRecordingState(False)
7.8663 	EXP 	eyetracker.setRecordingState(False)
7.8743 	EXP 	eyetracker.setRecordingState(False)
7.8826 	EXP 	eyetracker.setRecordingState(False)
7.8904 	EXP 	eyetracker.setRecordingState(False)
7.8982 	EXP 	eyetracker.setRecordingState(False)
7.9059 	EXP 	eyetracker.setRecordingState(False)
7.9141 	EXP 	eyetracker.setRecordingState(False)
7.9226 	EXP 	eyetracker.setRecordingState(False)
7.9302 	EXP 	eyetracker.setRecordingState(False)
7.9386 	EXP 	eyetracker.setRecordingState(False)
7.9462 	EXP 	eyetracker.setRecordingState(False)
7.9552 	EXP 	eyetracker.setRecordingState(False)
7.9640 	EXP 	eyetracker.setRecordingState(False)
7.9733 	EXP 	eyetracker.setRecordingState(False)
7.9823 	EXP 	eyetracker.setRecordingState(False)
7.9911 	EXP 	eyetracker.setRecordingState(False)
7.9992 	EXP 	eyetracker.setRecordingState(False)
8.0074 	EXP 	eyetracker.setRecordingState(False)
8.0179 	EXP 	eyetracker.setRecordingState(False)
8.0274 	EXP 	eyetracker.setRecordingState(False)
8.0358 	EXP 	eyetracker.setRecordingState(False)
8.0452 	EXP 	eyetracker.setRecordingState(False)
8.0544 	EXP 	eyetracker.setRecordingState(False)
8.0657 	EXP 	eyetracker.setRecordingState(False)
8.0759 	EXP 	eyetracker.setRecordingState(False)
8.0857 	EXP 	eyetracker.setRecordingState(False)
8.0970 	EXP 	eyetracker.setRecordingState(False)
8.1069 	EXP 	eyetracker.setRecordingState(False)
8.1160 	EXP 	eyetracker.setRecordingState(False)
8.1255 	EXP 	eyetracker.setRecordingState(False)
8.1346 	EXP 	eyetracker.setRecordingState(False)
8.1448 	EXP 	eyetracker.setRecordingState(False)
8.1543 	EXP 	eyetracker.setRecordingState(False)
8.1637 	EXP 	eyetracker.setRecordingState(False)
8.1733 	EXP 	eyetracker.setRecordingState(False)
8.1829 	EXP 	eyetracker.setRecordingState(False)
8.1929 	EXP 	eyetracker.setRecordingState(False)
8.2023 	EXP 	eyetracker.setRecordingState(False)
8.2118 	EXP 	eyetracker.setRecordingState(False)
8.2200 	EXP 	eyetracker.setRecordingState(False)
8.2278 	EXP 	eyetracker.setRecordingState(False)
8.2365 	EXP 	eyetracker.setRecordingState(False)
8.2448 	EXP 	eyetracker.setRecordingState(False)
8.2521 	EXP 	eyetracker.setRecordingState(False)
8.2605 	EXP 	eyetracker.setRecordingState(False)
8.2701 	EXP 	eyetracker.setRecordingState(False)
8.2789 	EXP 	eyetracker.setRecordingState(False)
8.2885 	EXP 	eyetracker.setRecordingState(False)
8.2998 	EXP 	eyetracker.setRecordingState(False)
8.3100 	EXP 	eyetracker.setRecordingState(False)
8.3203 	EXP 	eyetracker.setRecordingState(False)
8.3314 	EXP 	eyetracker.setRecordingState(False)
8.3422 	EXP 	eyetracker.setRecordingState(False)
8.3537 	EXP 	eyetracker.setRecordingState(False)
8.3639 	EXP 	eyetracker.setRecordingState(False)
8.3740 	EXP 	eyetracker.setRecordingState(False)
8.3844 	EXP 	eyetracker.setRecordingState(False)
8.3950 	EXP 	eyetracker.setRecordingState(False)
8.4043 	EXP 	eyetracker.setRecordingState(False)
8.4141 	EXP 	eyetracker.setRecordingState(False)
8.4236 	EXP 	eyetracker.setRecordingState(False)
8.4318 	EXP 	eyetracker.setRecordingState(False)
8.4412 	EXP 	eyetracker.setRecordingState(False)
8.4511 	EXP 	eyetracker.setRecordingState(False)
8.4594 	EXP 	eyetracker.setRecordingState(False)
8.4673 	EXP 	eyetracker.setRecordingState(False)
8.4814 	EXP 	eyetracker.setRecordingState(False)
8.4955 	EXP 	eyetracker.setRecordingState(False)
8.5093 	EXP 	eyetracker.setRecordingState(False)
8.5186 	EXP 	eyetracker.setRecordingState(False)
8.5267 	EXP 	eyetracker.setRecordingState(False)
8.5355 	EXP 	eyetracker.setRecordingState(False)
8.5453 	EXP 	eyetracker.setRecordingState(False)
8.5546 	EXP 	eyetracker.setRecordingState(False)
8.5646 	EXP 	eyetracker.setRecordingState(False)
8.5743 	EXP 	eyetracker.setRecordingState(False)
8.5856 	EXP 	eyetracker.setRecordingState(False)
8.5962 	EXP 	eyetracker.setRecordingState(False)
8.6052 	EXP 	eyetracker.setRecordingState(False)
8.6160 	EXP 	eyetracker.setRecordingState(False)
8.6265 	EXP 	eyetracker.setRecordingState(False)
8.6381 	EXP 	eyetracker.setRecordingState(False)
8.6479 	EXP 	eyetracker.setRecordingState(False)
8.6582 	EXP 	eyetracker.setRecordingState(False)
8.6698 	EXP 	eyetracker.setRecordingState(False)
8.6830 	EXP 	eyetracker.setRecordingState(False)
8.6948 	EXP 	eyetracker.setRecordingState(False)
8.7086 	EXP 	eyetracker.setRecordingState(False)
8.7220 	EXP 	eyetracker.setRecordingState(False)
8.7358 	EXP 	eyetracker.setRecordingState(False)
8.7497 	EXP 	eyetracker.setRecordingState(False)
8.7640 	EXP 	eyetracker.setRecordingState(False)
8.7790 	EXP 	eyetracker.setRecordingState(False)
8.7916 	EXP 	eyetracker.setRecordingState(False)
8.8015 	EXP 	eyetracker.setRecordingState(False)
8.8107 	EXP 	eyetracker.setRecordingState(False)
8.8202 	EXP 	eyetracker.setRecordingState(False)
8.8311 	EXP 	eyetracker.setRecordingState(False)
8.8421 	EXP 	eyetracker.setRecordingState(False)
8.8533 	EXP 	eyetracker.setRecordingState(False)
8.8665 	EXP 	eyetracker.setRecordingState(False)
8.8797 	EXP 	eyetracker.setRecordingState(False)
8.8942 	EXP 	eyetracker.setRecordingState(False)
8.9075 	EXP 	eyetracker.setRecordingState(False)
8.9220 	EXP 	eyetracker.setRecordingState(False)
8.9385 	EXP 	eyetracker.setRecordingState(False)
8.9564 	EXP 	eyetracker.setRecordingState(False)
8.9682 	EXP 	eyetracker.setRecordingState(False)
8.9778 	EXP 	eyetracker.setRecordingState(False)
8.9872 	EXP 	eyetracker.setRecordingState(False)
8.9973 	EXP 	eyetracker.setRecordingState(False)
9.0062 	EXP 	eyetracker.setRecordingState(False)
9.0149 	EXP 	eyetracker.setRecordingState(False)
9.0243 	EXP 	eyetracker.setRecordingState(False)
9.0330 	EXP 	eyetracker.setRecordingState(False)
9.0407 	EXP 	eyetracker.setRecordingState(False)
9.0490 	EXP 	eyetracker.setRecordingState(False)
9.0582 	EXP 	eyetracker.setRecordingState(False)
9.0666 	EXP 	eyetracker.setRecordingState(False)
9.0751 	EXP 	eyetracker.setRecordingState(False)
9.0847 	EXP 	eyetracker.setRecordingState(False)
9.0926 	EXP 	eyetracker.setRecordingState(False)
9.1023 	EXP 	eyetracker.setRecordingState(False)
9.1106 	EXP 	eyetracker.setRecordingState(False)
9.1213 	EXP 	eyetracker.setRecordingState(False)
9.1331 	EXP 	eyetracker.setRecordingState(False)
9.1455 	EXP 	eyetracker.setRecordingState(False)
9.1590 	EXP 	eyetracker.setRecordingState(False)
9.1731 	EXP 	eyetracker.setRecordingState(False)
9.1901 	EXP 	eyetracker.setRecordingState(False)
9.2051 	EXP 	eyetracker.setRecordingState(False)
9.2206 	EXP 	eyetracker.setRecordingState(False)
9.2351 	EXP 	eyetracker.setRecordingState(False)
9.2469 	EXP 	eyetracker.setRecordingState(False)
9.2577 	EXP 	eyetracker.setRecordingState(False)
9.2687 	EXP 	eyetracker.setRecordingState(False)
9.2794 	EXP 	eyetracker.setRecordingState(False)
9.2890 	EXP 	eyetracker.setRecordingState(False)
9.2976 	EXP 	eyetracker.setRecordingState(False)
9.3058 	EXP 	eyetracker.setRecordingState(False)
9.3136 	EXP 	eyetracker.setRecordingState(False)
9.3220 	EXP 	eyetracker.setRecordingState(False)
9.3301 	EXP 	eyetracker.setRecordingState(False)
9.3386 	EXP 	eyetracker.setRecordingState(False)
9.3468 	EXP 	eyetracker.setRecordingState(False)
9.3557 	EXP 	eyetracker.setRecordingState(False)
9.3635 	EXP 	eyetracker.setRecordingState(False)
9.3714 	EXP 	eyetracker.setRecordingState(False)
9.3796 	EXP 	eyetracker.setRecordingState(False)
9.3873 	EXP 	eyetracker.setRecordingState(False)
9.3943 	EXP 	eyetracker.setRecordingState(False)
9.4011 	EXP 	eyetracker.setRecordingState(False)
9.4076 	EXP 	eyetracker.setRecordingState(False)
9.4146 	EXP 	eyetracker.setRecordingState(False)
9.4222 	EXP 	eyetracker.setRecordingState(False)
9.4301 	EXP 	eyetracker.setRecordingState(False)
9.4395 	EXP 	eyetracker.setRecordingState(False)
9.4487 	EXP 	eyetracker.setRecordingState(False)
9.4574 	EXP 	eyetracker.setRecordingState(False)
9.4649 	EXP 	eyetracker.setRecordingState(False)
9.4728 	EXP 	eyetracker.setRecordingState(False)
9.4810 	EXP 	eyetracker.setRecordingState(False)
9.4903 	EXP 	eyetracker.setRecordingState(False)
9.5017 	EXP 	eyetracker.setRecordingState(False)
9.5131 	EXP 	eyetracker.setRecordingState(False)
9.5229 	EXP 	eyetracker.setRecordingState(False)
9.5345 	EXP 	eyetracker.setRecordingState(False)
9.5454 	EXP 	eyetracker.setRecordingState(False)
9.5576 	EXP 	eyetracker.setRecordingState(False)
9.5724 	EXP 	eyetracker.setRecordingState(False)
9.5844 	EXP 	eyetracker.setRecordingState(False)
9.5966 	EXP 	eyetracker.setRecordingState(False)
9.6073 	EXP 	eyetracker.setRecordingState(False)
9.6183 	EXP 	eyetracker.setRecordingState(False)
9.6284 	EXP 	eyetracker.setRecordingState(False)
9.6378 	EXP 	eyetracker.setRecordingState(False)
9.6479 	EXP 	eyetracker.setRecordingState(False)
9.6592 	EXP 	eyetracker.setRecordingState(False)
9.6694 	EXP 	eyetracker.setRecordingState(False)
9.6801 	EXP 	eyetracker.setRecordingState(False)
9.6913 	EXP 	eyetracker.setRecordingState(False)
9.7009 	EXP 	eyetracker.setRecordingState(False)
9.7095 	EXP 	eyetracker.setRecordingState(False)
9.7174 	EXP 	eyetracker.setRecordingState(False)
9.7256 	EXP 	eyetracker.setRecordingState(False)
9.7351 	EXP 	eyetracker.setRecordingState(False)
9.7436 	EXP 	eyetracker.setRecordingState(False)
9.7523 	EXP 	eyetracker.setRecordingState(False)
9.7613 	EXP 	eyetracker.setRecordingState(False)
9.7698 	EXP 	eyetracker.setRecordingState(False)
9.7787 	EXP 	eyetracker.setRecordingState(False)
9.7874 	EXP 	eyetracker.setRecordingState(False)
9.7954 	EXP 	eyetracker.setRecordingState(False)
9.8030 	EXP 	eyetracker.setRecordingState(False)
9.8114 	EXP 	eyetracker.setRecordingState(False)
9.8183 	EXP 	eyetracker.setRecordingState(False)
9.8248 	EXP 	eyetracker.setRecordingState(False)
9.8321 	EXP 	eyetracker.setRecordingState(False)
9.8407 	EXP 	eyetracker.setRecordingState(False)
9.8490 	EXP 	eyetracker.setRecordingState(False)
9.8571 	EXP 	eyetracker.setRecordingState(False)
9.8655 	EXP 	eyetracker.setRecordingState(False)
9.8738 	EXP 	eyetracker.setRecordingState(False)
9.8819 	EXP 	eyetracker.setRecordingState(False)
9.8908 	EXP 	eyetracker.setRecordingState(False)
9.8999 	EXP 	eyetracker.setRecordingState(False)
9.9096 	EXP 	eyetracker.setRecordingState(False)
9.9189 	EXP 	eyetracker.setRecordingState(False)
9.9273 	EXP 	eyetracker.setRecordingState(False)
9.9361 	EXP 	eyetracker.setRecordingState(False)
9.9444 	EXP 	eyetracker.setRecordingState(False)
9.9530 	EXP 	eyetracker.setRecordingState(False)
9.9620 	EXP 	eyetracker.setRecordingState(False)
9.9714 	EXP 	eyetracker.setRecordingState(False)
9.9798 	EXP 	eyetracker.setRecordingState(False)
9.9898 	EXP 	eyetracker.setRecordingState(False)
9.9990 	EXP 	eyetracker.setRecordingState(False)
10.0063 	EXP 	eyetracker.setRecordingState(False)
10.0135 	EXP 	eyetracker.setRecordingState(False)
10.0201 	EXP 	eyetracker.setRecordingState(False)
10.0277 	EXP 	eyetracker.setRecordingState(False)
10.0343 	EXP 	eyetracker.setRecordingState(False)
10.0414 	EXP 	eyetracker.setRecordingState(False)
10.0483 	EXP 	eyetracker.setRecordingState(False)
10.0554 	EXP 	eyetracker.setRecordingState(False)
10.0623 	DATA 	Mouse: Left button down, pos=(1450,578)
10.0645 	EXP 	eyetracker.setRecordingState(False)
10.0665 	EXP 	eyetracker.setRecordingState(False)
10.0794 	INFO 	Keyboard events cleared
10.0788 	EXP 	text_12: autoDraw = False
10.0788 	EXP 	fortune: autoDraw = False
10.0788 	EXP 	marina: autoDraw = False
10.0788 	EXP 	Njoy: autoDraw = False
10.0788 	EXP 	text_13: autoDraw = False
10.0788 	EXP 	text_14: autoDraw = False
10.0788 	EXP 	text_15: autoDraw = False
10.0788 	EXP 	text_instr: autoDraw = True
10.0788 	EXP 	kandos: autoDraw = True
10.0788 	EXP 	ritzbury: autoDraw = True
10.0788 	EXP 	revello: autoDraw = True
10.0788 	EXP 	cadbury: autoDraw = True
10.0788 	EXP 	text_20: autoDraw = True
10.0788 	EXP 	text_21: autoDraw = True
10.0788 	EXP 	text_22: autoDraw = True
10.0788 	EXP 	text_23: autoDraw = True
10.0807 	EXP 	eyetracker.setRecordingState(False)
10.0866 	EXP 	eyetracker.setRecordingState(False)
10.0939 	EXP 	eyetracker.setRecordingState(False)
10.1009 	EXP 	eyetracker.setRecordingState(False)
10.1087 	EXP 	eyetracker.setRecordingState(False)
10.1175 	EXP 	eyetracker.setRecordingState(False)
10.1278 	EXP 	eyetracker.setRecordingState(False)
10.1371 	EXP 	eyetracker.setRecordingState(False)
10.1464 	EXP 	eyetracker.setRecordingState(False)
10.1563 	EXP 	eyetracker.setRecordingState(False)
10.1657 	EXP 	eyetracker.setRecordingState(False)
10.1756 	EXP 	eyetracker.setRecordingState(False)
10.1858 	EXP 	eyetracker.setRecordingState(False)
10.1953 	EXP 	eyetracker.setRecordingState(False)
10.2064 	EXP 	eyetracker.setRecordingState(False)
10.2163 	EXP 	eyetracker.setRecordingState(False)
10.2261 	EXP 	eyetracker.setRecordingState(False)
10.2370 	EXP 	eyetracker.setRecordingState(False)
10.2471 	EXP 	eyetracker.setRecordingState(False)
10.2571 	EXP 	eyetracker.setRecordingState(False)
10.2680 	EXP 	eyetracker.setRecordingState(False)
10.2771 	EXP 	eyetracker.setRecordingState(False)
10.2820 	DATA 	Mouse:  Left button up, pos=(1450,578)
10.2870 	EXP 	eyetracker.setRecordingState(False)
10.2962 	EXP 	eyetracker.setRecordingState(False)
10.3046 	EXP 	eyetracker.setRecordingState(False)
10.3140 	EXP 	eyetracker.setRecordingState(False)
10.3209 	EXP 	eyetracker.setRecordingState(False)
10.3280 	EXP 	eyetracker.setRecordingState(False)
10.3356 	EXP 	eyetracker.setRecordingState(False)
10.3429 	EXP 	eyetracker.setRecordingState(False)
10.3503 	EXP 	eyetracker.setRecordingState(False)
10.3583 	EXP 	eyetracker.setRecordingState(False)
10.3677 	EXP 	eyetracker.setRecordingState(False)
10.3771 	EXP 	eyetracker.setRecordingState(False)
10.3867 	EXP 	eyetracker.setRecordingState(False)
10.3970 	EXP 	eyetracker.setRecordingState(False)
10.4071 	EXP 	eyetracker.setRecordingState(False)
10.4164 	EXP 	eyetracker.setRecordingState(False)
10.4256 	EXP 	eyetracker.setRecordingState(False)
10.4348 	EXP 	eyetracker.setRecordingState(False)
10.4469 	EXP 	eyetracker.setRecordingState(False)
10.4575 	EXP 	eyetracker.setRecordingState(False)
10.4658 	EXP 	eyetracker.setRecordingState(False)
10.4728 	EXP 	eyetracker.setRecordingState(False)
10.4799 	EXP 	eyetracker.setRecordingState(False)
10.4885 	EXP 	eyetracker.setRecordingState(False)
10.4983 	EXP 	eyetracker.setRecordingState(False)
10.5077 	EXP 	eyetracker.setRecordingState(False)
10.5168 	EXP 	eyetracker.setRecordingState(False)
10.5268 	EXP 	eyetracker.setRecordingState(False)
10.5355 	EXP 	eyetracker.setRecordingState(False)
10.5440 	EXP 	eyetracker.setRecordingState(False)
10.5539 	EXP 	eyetracker.setRecordingState(False)
10.5641 	EXP 	eyetracker.setRecordingState(False)
10.5742 	EXP 	eyetracker.setRecordingState(False)
10.5844 	EXP 	eyetracker.setRecordingState(False)
10.5943 	EXP 	eyetracker.setRecordingState(False)
10.6051 	EXP 	eyetracker.setRecordingState(False)
10.6143 	EXP 	eyetracker.setRecordingState(False)
10.6230 	EXP 	eyetracker.setRecordingState(False)
10.6316 	EXP 	eyetracker.setRecordingState(False)
10.6401 	EXP 	eyetracker.setRecordingState(False)
10.6487 	EXP 	eyetracker.setRecordingState(False)
10.6576 	EXP 	eyetracker.setRecordingState(False)
10.6695 	EXP 	eyetracker.setRecordingState(False)
10.6783 	EXP 	eyetracker.setRecordingState(False)
10.6871 	EXP 	eyetracker.setRecordingState(False)
10.6980 	EXP 	eyetracker.setRecordingState(False)
10.7071 	EXP 	eyetracker.setRecordingState(False)
10.7152 	EXP 	eyetracker.setRecordingState(False)
10.7240 	EXP 	eyetracker.setRecordingState(False)
10.7331 	EXP 	eyetracker.setRecordingState(False)
10.7419 	EXP 	eyetracker.setRecordingState(False)
10.7508 	EXP 	eyetracker.setRecordingState(False)
10.7603 	EXP 	eyetracker.setRecordingState(False)
10.7689 	EXP 	eyetracker.setRecordingState(False)
10.7780 	EXP 	eyetracker.setRecordingState(False)
10.7863 	EXP 	eyetracker.setRecordingState(False)
10.7948 	EXP 	eyetracker.setRecordingState(False)
10.8035 	EXP 	eyetracker.setRecordingState(False)
10.8124 	EXP 	eyetracker.setRecordingState(False)
10.8212 	EXP 	eyetracker.setRecordingState(False)
10.8293 	EXP 	eyetracker.setRecordingState(False)
10.8390 	EXP 	eyetracker.setRecordingState(False)
10.8464 	EXP 	eyetracker.setRecordingState(False)
10.8542 	EXP 	eyetracker.setRecordingState(False)
10.8627 	EXP 	eyetracker.setRecordingState(False)
10.8718 	EXP 	eyetracker.setRecordingState(False)
10.8817 	EXP 	eyetracker.setRecordingState(False)
10.8920 	EXP 	eyetracker.setRecordingState(False)
10.9031 	EXP 	eyetracker.setRecordingState(False)
10.9140 	EXP 	eyetracker.setRecordingState(False)
10.9247 	EXP 	eyetracker.setRecordingState(False)
10.9356 	EXP 	eyetracker.setRecordingState(False)
10.9477 	EXP 	eyetracker.setRecordingState(False)
10.9589 	EXP 	eyetracker.setRecordingState(False)
10.9698 	EXP 	eyetracker.setRecordingState(False)
10.9800 	EXP 	eyetracker.setRecordingState(False)
10.9908 	EXP 	eyetracker.setRecordingState(False)
11.0024 	EXP 	eyetracker.setRecordingState(False)
11.0131 	EXP 	eyetracker.setRecordingState(False)
11.0245 	EXP 	eyetracker.setRecordingState(False)
11.0349 	EXP 	eyetracker.setRecordingState(False)
11.0453 	EXP 	eyetracker.setRecordingState(False)
11.0558 	EXP 	eyetracker.setRecordingState(False)
11.0668 	EXP 	eyetracker.setRecordingState(False)
11.0783 	EXP 	eyetracker.setRecordingState(False)
11.0890 	EXP 	eyetracker.setRecordingState(False)
11.0990 	EXP 	eyetracker.setRecordingState(False)
11.1099 	EXP 	eyetracker.setRecordingState(False)
11.1209 	EXP 	eyetracker.setRecordingState(False)
11.1326 	EXP 	eyetracker.setRecordingState(False)
11.1439 	EXP 	eyetracker.setRecordingState(False)
11.1549 	EXP 	eyetracker.setRecordingState(False)
11.1639 	EXP 	eyetracker.setRecordingState(False)
11.1711 	EXP 	eyetracker.setRecordingState(False)
11.1765 	EXP 	eyetracker.setRecordingState(False)
11.1833 	EXP 	eyetracker.setRecordingState(False)
11.1902 	EXP 	eyetracker.setRecordingState(False)
11.1967 	EXP 	eyetracker.setRecordingState(False)
11.2041 	EXP 	eyetracker.setRecordingState(False)
11.2120 	EXP 	eyetracker.setRecordingState(False)
11.2202 	EXP 	eyetracker.setRecordingState(False)
11.2292 	EXP 	eyetracker.setRecordingState(False)
11.2395 	EXP 	eyetracker.setRecordingState(False)
11.2492 	EXP 	eyetracker.setRecordingState(False)
11.2598 	EXP 	eyetracker.setRecordingState(False)
11.2696 	EXP 	eyetracker.setRecordingState(False)
11.2787 	EXP 	eyetracker.setRecordingState(False)
11.2876 	EXP 	eyetracker.setRecordingState(False)
11.2978 	EXP 	eyetracker.setRecordingState(False)
11.3072 	EXP 	eyetracker.setRecordingState(False)
11.3177 	EXP 	eyetracker.setRecordingState(False)
11.3296 	EXP 	eyetracker.setRecordingState(False)
11.3407 	EXP 	eyetracker.setRecordingState(False)
11.3503 	EXP 	eyetracker.setRecordingState(False)
11.3616 	EXP 	eyetracker.setRecordingState(False)
11.3707 	EXP 	eyetracker.setRecordingState(False)
11.3793 	EXP 	eyetracker.setRecordingState(False)
11.3885 	EXP 	eyetracker.setRecordingState(False)
11.3982 	EXP 	eyetracker.setRecordingState(False)
11.4059 	EXP 	eyetracker.setRecordingState(False)
11.4145 	EXP 	eyetracker.setRecordingState(False)
11.4249 	EXP 	eyetracker.setRecordingState(False)
11.4342 	EXP 	eyetracker.setRecordingState(False)
11.4436 	EXP 	eyetracker.setRecordingState(False)
11.4569 	EXP 	eyetracker.setRecordingState(False)
11.4680 	EXP 	eyetracker.setRecordingState(False)
11.4776 	EXP 	eyetracker.setRecordingState(False)
11.4872 	EXP 	eyetracker.setRecordingState(False)
11.4966 	EXP 	eyetracker.setRecordingState(False)
11.5059 	EXP 	eyetracker.setRecordingState(False)
11.5170 	EXP 	eyetracker.setRecordingState(False)
11.5283 	EXP 	eyetracker.setRecordingState(False)
11.5393 	EXP 	eyetracker.setRecordingState(False)
11.5513 	EXP 	eyetracker.setRecordingState(False)
11.5621 	EXP 	eyetracker.setRecordingState(False)
11.5731 	EXP 	eyetracker.setRecordingState(False)
11.5854 	EXP 	eyetracker.setRecordingState(False)
11.5980 	EXP 	eyetracker.setRecordingState(False)
11.6096 	EXP 	eyetracker.setRecordingState(False)
11.6201 	EXP 	eyetracker.setRecordingState(False)
11.6316 	EXP 	eyetracker.setRecordingState(False)
11.6416 	EXP 	eyetracker.setRecordingState(False)
11.6517 	EXP 	eyetracker.setRecordingState(False)
11.6623 	EXP 	eyetracker.setRecordingState(False)
11.6722 	EXP 	eyetracker.setRecordingState(False)
11.6817 	EXP 	eyetracker.setRecordingState(False)
11.6916 	EXP 	eyetracker.setRecordingState(False)
11.6999 	EXP 	eyetracker.setRecordingState(False)
11.7099 	EXP 	eyetracker.setRecordingState(False)
11.7190 	EXP 	eyetracker.setRecordingState(False)
11.7275 	EXP 	eyetracker.setRecordingState(False)
11.7367 	EXP 	eyetracker.setRecordingState(False)
11.7460 	EXP 	eyetracker.setRecordingState(False)
11.7555 	EXP 	eyetracker.setRecordingState(False)
11.7631 	EXP 	eyetracker.setRecordingState(False)
11.7710 	EXP 	eyetracker.setRecordingState(False)
11.7786 	EXP 	eyetracker.setRecordingState(False)
11.7875 	EXP 	eyetracker.setRecordingState(False)
11.7969 	EXP 	eyetracker.setRecordingState(False)
11.8052 	EXP 	eyetracker.setRecordingState(False)
11.8142 	EXP 	eyetracker.setRecordingState(False)
11.8224 	EXP 	eyetracker.setRecordingState(False)
11.8311 	EXP 	eyetracker.setRecordingState(False)
11.8402 	EXP 	eyetracker.setRecordingState(False)
11.8493 	EXP 	eyetracker.setRecordingState(False)
11.8594 	EXP 	eyetracker.setRecordingState(False)
11.8691 	EXP 	eyetracker.setRecordingState(False)
11.8791 	EXP 	eyetracker.setRecordingState(False)
11.8886 	EXP 	eyetracker.setRecordingState(False)
11.8985 	EXP 	eyetracker.setRecordingState(False)
11.9069 	EXP 	eyetracker.setRecordingState(False)
11.9151 	EXP 	eyetracker.setRecordingState(False)
11.9250 	EXP 	eyetracker.setRecordingState(False)
11.9341 	EXP 	eyetracker.setRecordingState(False)
11.9433 	EXP 	eyetracker.setRecordingState(False)
11.9519 	EXP 	eyetracker.setRecordingState(False)
11.9596 	EXP 	eyetracker.setRecordingState(False)
11.9673 	EXP 	eyetracker.setRecordingState(False)
11.9752 	EXP 	eyetracker.setRecordingState(False)
11.9832 	DATA 	Mouse: Left button down, pos=(1450,578)
11.9855 	EXP 	eyetracker.setRecordingState(False)
11.9877 	EXP 	eyetracker.setRecordingState(False)
12.0028 	INFO 	Keyboard events cleared
12.0016 	EXP 	text_instr: autoDraw = False
12.0016 	EXP 	kandos: autoDraw = False
12.0016 	EXP 	ritzbury: autoDraw = False
12.0016 	EXP 	revello: autoDraw = False
12.0016 	EXP 	cadbury: autoDraw = False
12.0016 	EXP 	text_20: autoDraw = False
12.0016 	EXP 	text_21: autoDraw = False
12.0016 	EXP 	text_22: autoDraw = False
12.0016 	EXP 	text_23: autoDraw = False
12.0016 	EXP 	text_instr_2: autoDraw = True
12.0016 	EXP 	goldi: autoDraw = True
12.0016 	EXP 	elephanthouse: autoDraw = True
12.0016 	EXP 	krest: autoDraw = True
12.0016 	EXP 	pussalla: autoDraw = True
12.0016 	EXP 	text_16: autoDraw = True
12.0016 	EXP 	text_17: autoDraw = True
12.0016 	EXP 	text_18: autoDraw = True
12.0016 	EXP 	text_19: autoDraw = True
12.0049 	EXP 	eyetracker.setRecordingState(False)
12.0133 	EXP 	eyetracker.setRecordingState(False)
12.0229 	EXP 	eyetracker.setRecordingState(False)
12.0321 	EXP 	eyetracker.setRecordingState(False)
12.0404 	EXP 	eyetracker.setRecordingState(False)
12.0488 	EXP 	eyetracker.setRecordingState(False)
12.0575 	EXP 	eyetracker.setRecordingState(False)
12.0663 	EXP 	eyetracker.setRecordingState(False)
12.0762 	EXP 	eyetracker.setRecordingState(False)
12.0872 	EXP 	eyetracker.setRecordingState(False)
12.0966 	EXP 	eyetracker.setRecordingState(False)
12.1052 	EXP 	eyetracker.setRecordingState(False)
12.1148 	EXP 	eyetracker.setRecordingState(False)
12.1243 	EXP 	eyetracker.setRecordingState(False)
12.1334 	EXP 	eyetracker.setRecordingState(False)
12.1431 	EXP 	eyetracker.setRecordingState(False)
12.1533 	EXP 	eyetracker.setRecordingState(False)
12.1625 	EXP 	eyetracker.setRecordingState(False)
12.1725 	EXP 	eyetracker.setRecordingState(False)
12.1825 	EXP 	eyetracker.setRecordingState(False)
12.1915 	EXP 	eyetracker.setRecordingState(False)
12.2008 	EXP 	eyetracker.setRecordingState(False)
12.2117 	EXP 	eyetracker.setRecordingState(False)
12.2181 	DATA 	Mouse:  Left button up, pos=(1450,578)
12.2230 	EXP 	eyetracker.setRecordingState(False)
12.2318 	EXP 	eyetracker.setRecordingState(False)
12.2417 	EXP 	eyetracker.setRecordingState(False)
12.2516 	EXP 	eyetracker.setRecordingState(False)
12.2618 	EXP 	eyetracker.setRecordingState(False)
12.2724 	EXP 	eyetracker.setRecordingState(False)
12.2821 	EXP 	eyetracker.setRecordingState(False)
12.2916 	EXP 	eyetracker.setRecordingState(False)
12.2999 	EXP 	eyetracker.setRecordingState(False)
12.3089 	EXP 	eyetracker.setRecordingState(False)
12.3183 	EXP 	eyetracker.setRecordingState(False)
12.3275 	EXP 	eyetracker.setRecordingState(False)
12.3362 	EXP 	eyetracker.setRecordingState(False)
12.3449 	EXP 	eyetracker.setRecordingState(False)
12.3537 	EXP 	eyetracker.setRecordingState(False)
12.3623 	EXP 	eyetracker.setRecordingState(False)
12.3727 	EXP 	eyetracker.setRecordingState(False)
12.3813 	EXP 	eyetracker.setRecordingState(False)
12.3895 	EXP 	eyetracker.setRecordingState(False)
12.3982 	EXP 	eyetracker.setRecordingState(False)
12.4068 	EXP 	eyetracker.setRecordingState(False)
12.4151 	EXP 	eyetracker.setRecordingState(False)
12.4240 	EXP 	eyetracker.setRecordingState(False)
12.4333 	EXP 	eyetracker.setRecordingState(False)
12.4411 	EXP 	eyetracker.setRecordingState(False)
12.4497 	EXP 	eyetracker.setRecordingState(False)
12.4574 	EXP 	eyetracker.setRecordingState(False)
12.4651 	EXP 	eyetracker.setRecordingState(False)
12.4722 	EXP 	eyetracker.setRecordingState(False)
12.4786 	EXP 	eyetracker.setRecordingState(False)
12.4845 	EXP 	eyetracker.setRecordingState(False)
12.4901 	EXP 	eyetracker.setRecordingState(False)
12.4962 	EXP 	eyetracker.setRecordingState(False)
12.5031 	EXP 	eyetracker.setRecordingState(False)
12.5106 	EXP 	eyetracker.setRecordingState(False)
12.5181 	EXP 	eyetracker.setRecordingState(False)
12.5263 	EXP 	eyetracker.setRecordingState(False)
12.5351 	EXP 	eyetracker.setRecordingState(False)
12.5433 	EXP 	eyetracker.setRecordingState(False)
12.5523 	EXP 	eyetracker.setRecordingState(False)
12.5623 	EXP 	eyetracker.setRecordingState(False)
12.5716 	EXP 	eyetracker.setRecordingState(False)
12.5804 	EXP 	eyetracker.setRecordingState(False)
12.5900 	EXP 	eyetracker.setRecordingState(False)
12.5986 	EXP 	eyetracker.setRecordingState(False)
12.6076 	EXP 	eyetracker.setRecordingState(False)
12.6169 	EXP 	eyetracker.setRecordingState(False)
12.6261 	EXP 	eyetracker.setRecordingState(False)
12.6356 	EXP 	eyetracker.setRecordingState(False)
12.6458 	EXP 	eyetracker.setRecordingState(False)
12.6565 	EXP 	eyetracker.setRecordingState(False)
12.6657 	EXP 	eyetracker.setRecordingState(False)
12.6748 	EXP 	eyetracker.setRecordingState(False)
12.6851 	EXP 	eyetracker.setRecordingState(False)
12.6945 	EXP 	eyetracker.setRecordingState(False)
12.7051 	EXP 	eyetracker.setRecordingState(False)
12.7150 	EXP 	eyetracker.setRecordingState(False)
12.7248 	EXP 	eyetracker.setRecordingState(False)
12.7341 	EXP 	eyetracker.setRecordingState(False)
12.7442 	EXP 	eyetracker.setRecordingState(False)
12.7538 	EXP 	eyetracker.setRecordingState(False)
12.7621 	EXP 	eyetracker.setRecordingState(False)
12.7712 	EXP 	eyetracker.setRecordingState(False)
12.7814 	EXP 	eyetracker.setRecordingState(False)
12.7912 	EXP 	eyetracker.setRecordingState(False)
12.8014 	EXP 	eyetracker.setRecordingState(False)
12.8115 	EXP 	eyetracker.setRecordingState(False)
12.8219 	EXP 	eyetracker.setRecordingState(False)
12.8334 	EXP 	eyetracker.setRecordingState(False)
12.8434 	EXP 	eyetracker.setRecordingState(False)
12.8538 	EXP 	eyetracker.setRecordingState(False)
12.8649 	EXP 	eyetracker.setRecordingState(False)
12.8750 	EXP 	eyetracker.setRecordingState(False)
12.8843 	EXP 	eyetracker.setRecordingState(False)
12.8928 	EXP 	eyetracker.setRecordingState(False)
12.9008 	EXP 	eyetracker.setRecordingState(False)
12.9095 	EXP 	eyetracker.setRecordingState(False)
12.9185 	EXP 	eyetracker.setRecordingState(False)
12.9278 	EXP 	eyetracker.setRecordingState(False)
12.9376 	EXP 	eyetracker.setRecordingState(False)
12.9471 	EXP 	eyetracker.setRecordingState(False)
12.9554 	EXP 	eyetracker.setRecordingState(False)
12.9645 	EXP 	eyetracker.setRecordingState(False)
12.9735 	EXP 	eyetracker.setRecordingState(False)
12.9828 	EXP 	eyetracker.setRecordingState(False)
12.9920 	EXP 	eyetracker.setRecordingState(False)
13.0017 	EXP 	eyetracker.setRecordingState(False)
13.0122 	EXP 	eyetracker.setRecordingState(False)
13.0227 	EXP 	eyetracker.setRecordingState(False)
13.0337 	EXP 	eyetracker.setRecordingState(False)
13.0451 	EXP 	eyetracker.setRecordingState(False)
13.0549 	EXP 	eyetracker.setRecordingState(False)
13.0647 	EXP 	eyetracker.setRecordingState(False)
13.0748 	EXP 	eyetracker.setRecordingState(False)
13.0847 	EXP 	eyetracker.setRecordingState(False)
13.0942 	EXP 	eyetracker.setRecordingState(False)
13.1035 	EXP 	eyetracker.setRecordingState(False)
13.1127 	EXP 	eyetracker.setRecordingState(False)
13.1222 	EXP 	eyetracker.setRecordingState(False)
13.1323 	EXP 	eyetracker.setRecordingState(False)
13.1416 	EXP 	eyetracker.setRecordingState(False)
13.1517 	EXP 	eyetracker.setRecordingState(False)
13.1613 	EXP 	eyetracker.setRecordingState(False)
13.1708 	EXP 	eyetracker.setRecordingState(False)
13.1825 	EXP 	eyetracker.setRecordingState(False)
13.1922 	EXP 	eyetracker.setRecordingState(False)
13.2016 	EXP 	eyetracker.setRecordingState(False)
13.2116 	EXP 	eyetracker.setRecordingState(False)
13.2225 	EXP 	eyetracker.setRecordingState(False)
13.2324 	EXP 	eyetracker.setRecordingState(False)
13.2424 	EXP 	eyetracker.setRecordingState(False)
13.2530 	EXP 	eyetracker.setRecordingState(False)
13.2636 	EXP 	eyetracker.setRecordingState(False)
13.2737 	EXP 	eyetracker.setRecordingState(False)
13.2847 	EXP 	eyetracker.setRecordingState(False)
13.2956 	EXP 	eyetracker.setRecordingState(False)
13.3070 	EXP 	eyetracker.setRecordingState(False)
13.3170 	EXP 	eyetracker.setRecordingState(False)
13.3283 	EXP 	eyetracker.setRecordingState(False)
13.3412 	EXP 	eyetracker.setRecordingState(False)
13.3521 	EXP 	eyetracker.setRecordingState(False)
13.3636 	EXP 	eyetracker.setRecordingState(False)
13.3769 	EXP 	eyetracker.setRecordingState(False)
13.3881 	EXP 	eyetracker.setRecordingState(False)
13.3987 	EXP 	eyetracker.setRecordingState(False)
13.4077 	EXP 	eyetracker.setRecordingState(False)
13.4174 	EXP 	eyetracker.setRecordingState(False)
13.4256 	EXP 	eyetracker.setRecordingState(False)
13.4341 	EXP 	eyetracker.setRecordingState(False)
13.4430 	EXP 	eyetracker.setRecordingState(False)
13.4517 	EXP 	eyetracker.setRecordingState(False)
13.4612 	EXP 	eyetracker.setRecordingState(False)
13.4701 	EXP 	eyetracker.setRecordingState(False)
13.4785 	EXP 	eyetracker.setRecordingState(False)
13.4874 	EXP 	eyetracker.setRecordingState(False)
13.4967 	EXP 	eyetracker.setRecordingState(False)
13.5050 	EXP 	eyetracker.setRecordingState(False)
13.5138 	EXP 	eyetracker.setRecordingState(False)
13.5221 	EXP 	eyetracker.setRecordingState(False)
13.5309 	EXP 	eyetracker.setRecordingState(False)
13.5409 	EXP 	eyetracker.setRecordingState(False)
13.5499 	EXP 	eyetracker.setRecordingState(False)
13.5599 	EXP 	eyetracker.setRecordingState(False)
13.5696 	EXP 	eyetracker.setRecordingState(False)
13.5793 	EXP 	eyetracker.setRecordingState(False)
13.5881 	EXP 	eyetracker.setRecordingState(False)
13.5968 	EXP 	eyetracker.setRecordingState(False)
13.6059 	EXP 	eyetracker.setRecordingState(False)
13.6147 	EXP 	eyetracker.setRecordingState(False)
13.6234 	EXP 	eyetracker.setRecordingState(False)
13.6321 	EXP 	eyetracker.setRecordingState(False)
13.6415 	EXP 	eyetracker.setRecordingState(False)
13.6513 	EXP 	eyetracker.setRecordingState(False)
13.6608 	EXP 	eyetracker.setRecordingState(False)
13.6708 	EXP 	eyetracker.setRecordingState(False)
13.6806 	EXP 	eyetracker.setRecordingState(False)
13.6904 	EXP 	eyetracker.setRecordingState(False)
13.7013 	EXP 	eyetracker.setRecordingState(False)
13.7108 	EXP 	eyetracker.setRecordingState(False)
13.7180 	EXP 	eyetracker.setRecordingState(False)
13.7259 	EXP 	eyetracker.setRecordingState(False)
13.7341 	EXP 	eyetracker.setRecordingState(False)
13.7415 	EXP 	eyetracker.setRecordingState(False)
13.7497 	EXP 	eyetracker.setRecordingState(False)
13.7585 	EXP 	eyetracker.setRecordingState(False)
13.7667 	EXP 	eyetracker.setRecordingState(False)
13.7747 	EXP 	eyetracker.setRecordingState(False)
13.7826 	EXP 	eyetracker.setRecordingState(False)
13.7909 	EXP 	eyetracker.setRecordingState(False)
13.7998 	EXP 	eyetracker.setRecordingState(False)
13.8084 	EXP 	eyetracker.setRecordingState(False)
13.8169 	EXP 	eyetracker.setRecordingState(False)
13.8262 	EXP 	eyetracker.setRecordingState(False)
13.8348 	EXP 	eyetracker.setRecordingState(False)
13.8437 	EXP 	eyetracker.setRecordingState(False)
13.8525 	EXP 	eyetracker.setRecordingState(False)
13.8611 	EXP 	eyetracker.setRecordingState(False)
13.8700 	EXP 	eyetracker.setRecordingState(False)
13.8788 	EXP 	eyetracker.setRecordingState(False)
13.8878 	EXP 	eyetracker.setRecordingState(False)
13.8969 	EXP 	eyetracker.setRecordingState(False)
13.9070 	EXP 	eyetracker.setRecordingState(False)
13.9161 	EXP 	eyetracker.setRecordingState(False)
13.9249 	EXP 	eyetracker.setRecordingState(False)
13.9350 	EXP 	eyetracker.setRecordingState(False)
13.9439 	EXP 	eyetracker.setRecordingState(False)
13.9532 	EXP 	eyetracker.setRecordingState(False)
13.9625 	EXP 	eyetracker.setRecordingState(False)
13.9713 	EXP 	eyetracker.setRecordingState(False)
13.9803 	EXP 	eyetracker.setRecordingState(False)
13.9891 	EXP 	eyetracker.setRecordingState(False)
13.9976 	EXP 	eyetracker.setRecordingState(False)
14.0059 	EXP 	eyetracker.setRecordingState(False)
14.0158 	EXP 	eyetracker.setRecordingState(False)
14.0252 	EXP 	eyetracker.setRecordingState(False)
14.0348 	EXP 	eyetracker.setRecordingState(False)
14.0449 	EXP 	eyetracker.setRecordingState(False)
14.0533 	EXP 	eyetracker.setRecordingState(False)
14.0627 	EXP 	eyetracker.setRecordingState(False)
14.0722 	EXP 	eyetracker.setRecordingState(False)
14.0811 	EXP 	eyetracker.setRecordingState(False)
14.0900 	EXP 	eyetracker.setRecordingState(False)
14.0985 	EXP 	eyetracker.setRecordingState(False)
14.1080 	EXP 	eyetracker.setRecordingState(False)
14.1167 	EXP 	eyetracker.setRecordingState(False)
14.1279 	EXP 	eyetracker.setRecordingState(False)
14.1371 	EXP 	eyetracker.setRecordingState(False)
14.1452 	EXP 	eyetracker.setRecordingState(False)
14.1543 	EXP 	eyetracker.setRecordingState(False)
14.1632 	EXP 	eyetracker.setRecordingState(False)
14.1724 	EXP 	eyetracker.setRecordingState(False)
14.1822 	EXP 	eyetracker.setRecordingState(False)
14.1930 	EXP 	eyetracker.setRecordingState(False)
14.2027 	EXP 	eyetracker.setRecordingState(False)
14.2114 	EXP 	eyetracker.setRecordingState(False)
14.2204 	EXP 	eyetracker.setRecordingState(False)
14.2297 	EXP 	eyetracker.setRecordingState(False)
14.2389 	EXP 	eyetracker.setRecordingState(False)
14.2477 	EXP 	eyetracker.setRecordingState(False)
14.2562 	EXP 	eyetracker.setRecordingState(False)
14.2661 	EXP 	eyetracker.setRecordingState(False)
14.2747 	EXP 	eyetracker.setRecordingState(False)
14.2837 	EXP 	eyetracker.setRecordingState(False)
14.2925 	EXP 	eyetracker.setRecordingState(False)
14.3018 	EXP 	eyetracker.setRecordingState(False)
14.3110 	EXP 	eyetracker.setRecordingState(False)
14.3200 	EXP 	eyetracker.setRecordingState(False)
14.3301 	EXP 	eyetracker.setRecordingState(False)
14.3396 	EXP 	eyetracker.setRecordingState(False)
14.3486 	EXP 	eyetracker.setRecordingState(False)
14.3579 	EXP 	eyetracker.setRecordingState(False)
14.3670 	EXP 	eyetracker.setRecordingState(False)
14.3768 	EXP 	eyetracker.setRecordingState(False)
14.3861 	EXP 	eyetracker.setRecordingState(False)
14.3960 	EXP 	eyetracker.setRecordingState(False)
14.4061 	EXP 	eyetracker.setRecordingState(False)
14.4155 	EXP 	eyetracker.setRecordingState(False)
14.4265 	EXP 	eyetracker.setRecordingState(False)
14.4371 	EXP 	eyetracker.setRecordingState(False)
14.4464 	EXP 	eyetracker.setRecordingState(False)
14.4559 	EXP 	eyetracker.setRecordingState(False)
14.4654 	EXP 	eyetracker.setRecordingState(False)
14.4740 	EXP 	eyetracker.setRecordingState(False)
14.4836 	EXP 	eyetracker.setRecordingState(False)
14.4924 	EXP 	eyetracker.setRecordingState(False)
14.5027 	EXP 	eyetracker.setRecordingState(False)
14.5119 	EXP 	eyetracker.setRecordingState(False)
14.5206 	EXP 	eyetracker.setRecordingState(False)
14.5295 	EXP 	eyetracker.setRecordingState(False)
14.5383 	EXP 	eyetracker.setRecordingState(False)
14.5478 	EXP 	eyetracker.setRecordingState(False)
14.5565 	EXP 	eyetracker.setRecordingState(False)
14.5661 	EXP 	eyetracker.setRecordingState(False)
14.5756 	EXP 	eyetracker.setRecordingState(False)
14.5869 	EXP 	eyetracker.setRecordingState(False)
14.5991 	EXP 	eyetracker.setRecordingState(False)
14.6126 	EXP 	eyetracker.setRecordingState(False)
14.6284 	EXP 	eyetracker.setRecordingState(False)
14.6439 	EXP 	eyetracker.setRecordingState(False)
14.6600 	EXP 	eyetracker.setRecordingState(False)
14.6772 	EXP 	eyetracker.setRecordingState(False)
14.6929 	EXP 	eyetracker.setRecordingState(False)
14.7049 	EXP 	eyetracker.setRecordingState(False)
14.7151 	EXP 	eyetracker.setRecordingState(False)
14.7248 	EXP 	eyetracker.setRecordingState(False)
14.7333 	EXP 	eyetracker.setRecordingState(False)
14.7423 	EXP 	eyetracker.setRecordingState(False)
14.7506 	EXP 	eyetracker.setRecordingState(False)
14.7591 	EXP 	eyetracker.setRecordingState(False)
14.7686 	EXP 	eyetracker.setRecordingState(False)
14.7777 	EXP 	eyetracker.setRecordingState(False)
14.7865 	EXP 	eyetracker.setRecordingState(False)
14.7961 	EXP 	eyetracker.setRecordingState(False)
14.8050 	EXP 	eyetracker.setRecordingState(False)
14.8141 	EXP 	eyetracker.setRecordingState(False)
14.8225 	EXP 	eyetracker.setRecordingState(False)
14.8305 	EXP 	eyetracker.setRecordingState(False)
14.8392 	EXP 	eyetracker.setRecordingState(False)
14.8498 	EXP 	eyetracker.setRecordingState(False)
14.8578 	EXP 	eyetracker.setRecordingState(False)
14.8665 	EXP 	eyetracker.setRecordingState(False)
14.8761 	EXP 	eyetracker.setRecordingState(False)
14.8847 	EXP 	eyetracker.setRecordingState(False)
14.8943 	EXP 	eyetracker.setRecordingState(False)
14.9045 	EXP 	eyetracker.setRecordingState(False)
14.9143 	EXP 	eyetracker.setRecordingState(False)
14.9236 	EXP 	eyetracker.setRecordingState(False)
14.9339 	EXP 	eyetracker.setRecordingState(False)
14.9435 	EXP 	eyetracker.setRecordingState(False)
14.9530 	EXP 	eyetracker.setRecordingState(False)
14.9623 	EXP 	eyetracker.setRecordingState(False)
14.9708 	EXP 	eyetracker.setRecordingState(False)
14.9793 	EXP 	eyetracker.setRecordingState(False)
14.9887 	EXP 	eyetracker.setRecordingState(False)
14.9979 	EXP 	eyetracker.setRecordingState(False)
15.0068 	EXP 	eyetracker.setRecordingState(False)
15.0160 	EXP 	eyetracker.setRecordingState(False)
15.0249 	EXP 	eyetracker.setRecordingState(False)
15.0338 	EXP 	eyetracker.setRecordingState(False)
15.0427 	EXP 	eyetracker.setRecordingState(False)
15.0538 	EXP 	eyetracker.setRecordingState(False)
15.0630 	EXP 	eyetracker.setRecordingState(False)
15.0721 	EXP 	eyetracker.setRecordingState(False)
15.0816 	EXP 	eyetracker.setRecordingState(False)
15.0921 	EXP 	eyetracker.setRecordingState(False)
15.1036 	EXP 	eyetracker.setRecordingState(False)
15.1166 	EXP 	eyetracker.setRecordingState(False)
15.1294 	EXP 	eyetracker.setRecordingState(False)
15.1432 	EXP 	eyetracker.setRecordingState(False)
15.1568 	EXP 	eyetracker.setRecordingState(False)
15.1721 	EXP 	eyetracker.setRecordingState(False)
15.1881 	EXP 	eyetracker.setRecordingState(False)
15.2015 	EXP 	eyetracker.setRecordingState(False)
15.2129 	EXP 	eyetracker.setRecordingState(False)
15.2240 	EXP 	eyetracker.setRecordingState(False)
15.2347 	EXP 	eyetracker.setRecordingState(False)
15.2474 	EXP 	eyetracker.setRecordingState(False)
15.2576 	EXP 	eyetracker.setRecordingState(False)
15.2694 	EXP 	eyetracker.setRecordingState(False)
15.2779 	EXP 	eyetracker.setRecordingState(False)
15.2876 	EXP 	eyetracker.setRecordingState(False)
15.2971 	EXP 	eyetracker.setRecordingState(False)
15.3064 	EXP 	eyetracker.setRecordingState(False)
15.3160 	EXP 	eyetracker.setRecordingState(False)
15.3257 	EXP 	eyetracker.setRecordingState(False)
15.3357 	EXP 	eyetracker.setRecordingState(False)
15.3467 	EXP 	eyetracker.setRecordingState(False)
15.3562 	EXP 	eyetracker.setRecordingState(False)
15.3660 	EXP 	eyetracker.setRecordingState(False)
15.3756 	EXP 	eyetracker.setRecordingState(False)
15.3853 	EXP 	eyetracker.setRecordingState(False)
15.3952 	EXP 	eyetracker.setRecordingState(False)
15.4048 	EXP 	eyetracker.setRecordingState(False)
15.4145 	EXP 	eyetracker.setRecordingState(False)
15.4243 	EXP 	eyetracker.setRecordingState(False)
15.4340 	EXP 	eyetracker.setRecordingState(False)
15.4433 	EXP 	eyetracker.setRecordingState(False)
15.4534 	EXP 	eyetracker.setRecordingState(False)
15.4652 	EXP 	eyetracker.setRecordingState(False)
15.4753 	EXP 	eyetracker.setRecordingState(False)
15.4854 	EXP 	eyetracker.setRecordingState(False)
15.4969 	EXP 	eyetracker.setRecordingState(False)
15.5068 	EXP 	eyetracker.setRecordingState(False)
15.5165 	EXP 	eyetracker.setRecordingState(False)
15.5265 	EXP 	eyetracker.setRecordingState(False)
15.5366 	EXP 	eyetracker.setRecordingState(False)
15.5473 	EXP 	eyetracker.setRecordingState(False)
15.5577 	EXP 	eyetracker.setRecordingState(False)
15.5692 	EXP 	eyetracker.setRecordingState(False)
15.5809 	EXP 	eyetracker.setRecordingState(False)
15.5933 	EXP 	eyetracker.setRecordingState(False)
15.6044 	EXP 	eyetracker.setRecordingState(False)
15.6151 	EXP 	eyetracker.setRecordingState(False)
15.6253 	EXP 	eyetracker.setRecordingState(False)
15.6354 	EXP 	eyetracker.setRecordingState(False)
15.6482 	EXP 	eyetracker.setRecordingState(False)
15.6591 	EXP 	eyetracker.setRecordingState(False)
15.6696 	EXP 	eyetracker.setRecordingState(False)
15.6801 	EXP 	eyetracker.setRecordingState(False)
15.6891 	EXP 	eyetracker.setRecordingState(False)
15.6974 	EXP 	eyetracker.setRecordingState(False)
15.7074 	EXP 	eyetracker.setRecordingState(False)
15.7168 	EXP 	eyetracker.setRecordingState(False)
15.7248 	EXP 	eyetracker.setRecordingState(False)
15.7341 	EXP 	eyetracker.setRecordingState(False)
15.7434 	EXP 	eyetracker.setRecordingState(False)
15.7511 	EXP 	eyetracker.setRecordingState(False)
15.7584 	EXP 	eyetracker.setRecordingState(False)
15.7658 	EXP 	eyetracker.setRecordingState(False)
15.7730 	EXP 	eyetracker.setRecordingState(False)
15.7795 	EXP 	eyetracker.setRecordingState(False)
15.7861 	EXP 	eyetracker.setRecordingState(False)
15.7926 	EXP 	eyetracker.setRecordingState(False)
15.8002 	EXP 	eyetracker.setRecordingState(False)
15.8081 	EXP 	eyetracker.setRecordingState(False)
15.8161 	EXP 	eyetracker.setRecordingState(False)
15.8246 	EXP 	eyetracker.setRecordingState(False)
15.8333 	EXP 	eyetracker.setRecordingState(False)
15.8416 	EXP 	eyetracker.setRecordingState(False)
15.8484 	EXP 	eyetracker.setRecordingState(False)
15.8562 	EXP 	eyetracker.setRecordingState(False)
15.8625 	EXP 	eyetracker.setRecordingState(False)
15.8697 	EXP 	eyetracker.setRecordingState(False)
15.8766 	EXP 	eyetracker.setRecordingState(False)
15.8835 	EXP 	eyetracker.setRecordingState(False)
15.8908 	EXP 	eyetracker.setRecordingState(False)
15.8984 	EXP 	eyetracker.setRecordingState(False)
15.9062 	EXP 	eyetracker.setRecordingState(False)
15.9126 	EXP 	eyetracker.setRecordingState(False)
15.9213 	EXP 	eyetracker.setRecordingState(False)
15.9277 	EXP 	eyetracker.setRecordingState(False)
15.9351 	EXP 	eyetracker.setRecordingState(False)
15.9410 	EXP 	eyetracker.setRecordingState(False)
15.9469 	EXP 	eyetracker.setRecordingState(False)
15.9538 	EXP 	eyetracker.setRecordingState(False)
15.9610 	EXP 	eyetracker.setRecordingState(False)
15.9689 	EXP 	eyetracker.setRecordingState(False)
15.9778 	EXP 	eyetracker.setRecordingState(False)
15.9854 	EXP 	eyetracker.setRecordingState(False)
15.9921 	EXP 	eyetracker.setRecordingState(False)
15.9993 	EXP 	eyetracker.setRecordingState(False)
16.0060 	EXP 	eyetracker.setRecordingState(False)
16.0147 	EXP 	eyetracker.setRecordingState(False)
16.0222 	EXP 	eyetracker.setRecordingState(False)
16.0315 	EXP 	eyetracker.setRecordingState(False)
16.0397 	EXP 	eyetracker.setRecordingState(False)
16.0475 	EXP 	eyetracker.setRecordingState(False)
16.0541 	EXP 	eyetracker.setRecordingState(False)
16.0610 	EXP 	eyetracker.setRecordingState(False)
16.0683 	EXP 	eyetracker.setRecordingState(False)
16.0768 	EXP 	eyetracker.setRecordingState(False)
16.0855 	EXP 	eyetracker.setRecordingState(False)
16.0957 	EXP 	eyetracker.setRecordingState(False)
16.1048 	EXP 	eyetracker.setRecordingState(False)
16.1135 	EXP 	eyetracker.setRecordingState(False)
16.1229 	EXP 	eyetracker.setRecordingState(False)
16.1317 	EXP 	eyetracker.setRecordingState(False)
16.1403 	EXP 	eyetracker.setRecordingState(False)
16.1491 	EXP 	eyetracker.setRecordingState(False)
16.1591 	EXP 	eyetracker.setRecordingState(False)
16.1691 	EXP 	eyetracker.setRecordingState(False)
16.1804 	EXP 	eyetracker.setRecordingState(False)
16.1933 	EXP 	eyetracker.setRecordingState(False)
16.2036 	EXP 	eyetracker.setRecordingState(False)
16.2152 	EXP 	eyetracker.setRecordingState(False)
16.2307 	EXP 	eyetracker.setRecordingState(False)
16.2421 	EXP 	eyetracker.setRecordingState(False)
16.2552 	EXP 	eyetracker.setRecordingState(False)
16.2668 	EXP 	eyetracker.setRecordingState(False)
16.2764 	EXP 	eyetracker.setRecordingState(False)
16.2858 	EXP 	eyetracker.setRecordingState(False)
16.2942 	EXP 	eyetracker.setRecordingState(False)
16.3035 	EXP 	eyetracker.setRecordingState(False)
16.3132 	EXP 	eyetracker.setRecordingState(False)
16.3222 	EXP 	eyetracker.setRecordingState(False)
16.3313 	EXP 	eyetracker.setRecordingState(False)
16.3402 	EXP 	eyetracker.setRecordingState(False)
16.3501 	EXP 	eyetracker.setRecordingState(False)
16.3614 	EXP 	eyetracker.setRecordingState(False)
16.3724 	EXP 	eyetracker.setRecordingState(False)
16.3818 	EXP 	eyetracker.setRecordingState(False)
16.3907 	EXP 	eyetracker.setRecordingState(False)
16.3999 	EXP 	eyetracker.setRecordingState(False)
16.4114 	EXP 	eyetracker.setRecordingState(False)
16.4225 	EXP 	eyetracker.setRecordingState(False)
16.4341 	EXP 	eyetracker.setRecordingState(False)
16.4450 	EXP 	eyetracker.setRecordingState(False)
16.4560 	EXP 	eyetracker.setRecordingState(False)
16.4688 	EXP 	eyetracker.setRecordingState(False)
16.4818 	EXP 	eyetracker.setRecordingState(False)
16.4934 	EXP 	eyetracker.setRecordingState(False)
16.5054 	EXP 	eyetracker.setRecordingState(False)
16.5179 	EXP 	eyetracker.setRecordingState(False)
16.5301 	EXP 	eyetracker.setRecordingState(False)
16.5410 	EXP 	eyetracker.setRecordingState(False)
16.5521 	EXP 	eyetracker.setRecordingState(False)
16.5621 	EXP 	eyetracker.setRecordingState(False)
16.5722 	EXP 	eyetracker.setRecordingState(False)
16.5832 	EXP 	eyetracker.setRecordingState(False)
16.5935 	EXP 	eyetracker.setRecordingState(False)
16.6043 	EXP 	eyetracker.setRecordingState(False)
16.6167 	EXP 	eyetracker.setRecordingState(False)
16.6295 	EXP 	eyetracker.setRecordingState(False)
16.6442 	EXP 	eyetracker.setRecordingState(False)
16.6571 	EXP 	eyetracker.setRecordingState(False)
16.6699 	EXP 	eyetracker.setRecordingState(False)
16.6822 	EXP 	eyetracker.setRecordingState(False)
16.6956 	EXP 	eyetracker.setRecordingState(False)
16.7083 	EXP 	eyetracker.setRecordingState(False)
16.7218 	EXP 	eyetracker.setRecordingState(False)
16.7341 	EXP 	eyetracker.setRecordingState(False)
16.7445 	EXP 	eyetracker.setRecordingState(False)
16.7552 	EXP 	eyetracker.setRecordingState(False)
16.7686 	EXP 	eyetracker.setRecordingState(False)
16.7811 	EXP 	eyetracker.setRecordingState(False)
16.7963 	EXP 	eyetracker.setRecordingState(False)
16.8110 	EXP 	eyetracker.setRecordingState(False)
16.8262 	EXP 	eyetracker.setRecordingState(False)
16.8431 	EXP 	eyetracker.setRecordingState(False)
16.8636 	EXP 	eyetracker.setRecordingState(False)
16.8801 	EXP 	eyetracker.setRecordingState(False)
16.8945 	EXP 	eyetracker.setRecordingState(False)
16.9054 	EXP 	eyetracker.setRecordingState(False)
16.9158 	EXP 	eyetracker.setRecordingState(False)
16.9254 	EXP 	eyetracker.setRecordingState(False)
16.9345 	EXP 	eyetracker.setRecordingState(False)
16.9428 	EXP 	eyetracker.setRecordingState(False)
16.9522 	EXP 	eyetracker.setRecordingState(False)
16.9613 	EXP 	eyetracker.setRecordingState(False)
16.9705 	EXP 	eyetracker.setRecordingState(False)
16.9800 	EXP 	eyetracker.setRecordingState(False)
16.9910 	EXP 	eyetracker.setRecordingState(False)
17.0025 	EXP 	eyetracker.setRecordingState(False)
17.0135 	EXP 	eyetracker.setRecordingState(False)
17.0240 	EXP 	eyetracker.setRecordingState(False)
17.0342 	EXP 	eyetracker.setRecordingState(False)
17.0439 	EXP 	eyetracker.setRecordingState(False)
17.0537 	EXP 	eyetracker.setRecordingState(False)
17.0632 	EXP 	eyetracker.setRecordingState(False)
17.0739 	EXP 	eyetracker.setRecordingState(False)
17.0833 	EXP 	eyetracker.setRecordingState(False)
17.0932 	EXP 	eyetracker.setRecordingState(False)
17.1034 	EXP 	eyetracker.setRecordingState(False)
17.1135 	EXP 	eyetracker.setRecordingState(False)
17.1247 	EXP 	eyetracker.setRecordingState(False)
17.1363 	EXP 	eyetracker.setRecordingState(False)
17.1469 	EXP 	eyetracker.setRecordingState(False)
17.1565 	EXP 	eyetracker.setRecordingState(False)
17.1659 	EXP 	eyetracker.setRecordingState(False)
17.1753 	EXP 	eyetracker.setRecordingState(False)
17.1846 	EXP 	eyetracker.setRecordingState(False)
17.1937 	EXP 	eyetracker.setRecordingState(False)
17.2022 	EXP 	eyetracker.setRecordingState(False)
17.2109 	EXP 	eyetracker.setRecordingState(False)
17.2210 	EXP 	eyetracker.setRecordingState(False)
17.2327 	EXP 	eyetracker.setRecordingState(False)
17.2443 	EXP 	eyetracker.setRecordingState(False)
17.2554 	EXP 	eyetracker.setRecordingState(False)
17.2657 	EXP 	eyetracker.setRecordingState(False)
17.2745 	EXP 	eyetracker.setRecordingState(False)
17.2843 	EXP 	eyetracker.setRecordingState(False)
17.2938 	EXP 	eyetracker.setRecordingState(False)
17.3031 	EXP 	eyetracker.setRecordingState(False)
17.3127 	EXP 	eyetracker.setRecordingState(False)
17.3214 	EXP 	eyetracker.setRecordingState(False)
17.3316 	EXP 	eyetracker.setRecordingState(False)
17.3418 	EXP 	eyetracker.setRecordingState(False)
17.3526 	EXP 	eyetracker.setRecordingState(False)
17.3646 	EXP 	eyetracker.setRecordingState(False)
17.3747 	EXP 	eyetracker.setRecordingState(False)
17.3851 	EXP 	eyetracker.setRecordingState(False)
17.3978 	EXP 	eyetracker.setRecordingState(False)
17.4096 	EXP 	eyetracker.setRecordingState(False)
17.4215 	EXP 	eyetracker.setRecordingState(False)
17.4321 	EXP 	eyetracker.setRecordingState(False)
17.4425 	EXP 	eyetracker.setRecordingState(False)
17.4528 	EXP 	eyetracker.setRecordingState(False)
17.4629 	EXP 	eyetracker.setRecordingState(False)
17.4755 	EXP 	eyetracker.setRecordingState(False)
17.4864 	EXP 	eyetracker.setRecordingState(False)
17.4980 	EXP 	eyetracker.setRecordingState(False)
17.5084 	EXP 	eyetracker.setRecordingState(False)
17.5195 	EXP 	eyetracker.setRecordingState(False)
17.5302 	EXP 	eyetracker.setRecordingState(False)
17.5413 	EXP 	eyetracker.setRecordingState(False)
17.5504 	EXP 	eyetracker.setRecordingState(False)
17.5573 	EXP 	eyetracker.setRecordingState(False)
17.5643 	EXP 	eyetracker.setRecordingState(False)
17.5729 	EXP 	eyetracker.setRecordingState(False)
17.5828 	EXP 	eyetracker.setRecordingState(False)
17.5924 	EXP 	eyetracker.setRecordingState(False)
17.6039 	EXP 	eyetracker.setRecordingState(False)
17.6133 	EXP 	eyetracker.setRecordingState(False)
17.6216 	EXP 	eyetracker.setRecordingState(False)
17.6301 	EXP 	eyetracker.setRecordingState(False)
17.6393 	EXP 	eyetracker.setRecordingState(False)
17.6487 	EXP 	eyetracker.setRecordingState(False)
17.6578 	EXP 	eyetracker.setRecordingState(False)
17.6659 	EXP 	eyetracker.setRecordingState(False)
17.6757 	EXP 	eyetracker.setRecordingState(False)
17.6853 	EXP 	eyetracker.setRecordingState(False)
17.6941 	EXP 	eyetracker.setRecordingState(False)
17.7031 	EXP 	eyetracker.setRecordingState(False)
17.7123 	EXP 	eyetracker.setRecordingState(False)
17.7229 	EXP 	eyetracker.setRecordingState(False)
17.7325 	EXP 	eyetracker.setRecordingState(False)
17.7409 	EXP 	eyetracker.setRecordingState(False)
17.7504 	EXP 	eyetracker.setRecordingState(False)
17.7603 	EXP 	eyetracker.setRecordingState(False)
17.7709 	EXP 	eyetracker.setRecordingState(False)
17.7801 	EXP 	eyetracker.setRecordingState(False)
17.7886 	EXP 	eyetracker.setRecordingState(False)
17.7982 	EXP 	eyetracker.setRecordingState(False)
17.8087 	EXP 	eyetracker.setRecordingState(False)
17.8178 	EXP 	eyetracker.setRecordingState(False)
17.8271 	EXP 	eyetracker.setRecordingState(False)
17.8375 	EXP 	eyetracker.setRecordingState(False)
17.8489 	EXP 	eyetracker.setRecordingState(False)
17.8601 	EXP 	eyetracker.setRecordingState(False)
17.8716 	EXP 	eyetracker.setRecordingState(False)
17.8821 	EXP 	eyetracker.setRecordingState(False)
17.8936 	EXP 	eyetracker.setRecordingState(False)
17.9048 	EXP 	eyetracker.setRecordingState(False)
17.9153 	EXP 	eyetracker.setRecordingState(False)
17.9270 	EXP 	eyetracker.setRecordingState(False)
17.9385 	EXP 	eyetracker.setRecordingState(False)
17.9493 	EXP 	eyetracker.setRecordingState(False)
17.9603 	EXP 	eyetracker.setRecordingState(False)
17.9711 	EXP 	eyetracker.setRecordingState(False)
17.9817 	EXP 	eyetracker.setRecordingState(False)
17.9934 	EXP 	eyetracker.setRecordingState(False)
18.0046 	EXP 	eyetracker.setRecordingState(False)
18.0155 	EXP 	eyetracker.setRecordingState(False)
18.0283 	EXP 	eyetracker.setRecordingState(False)
18.0389 	EXP 	eyetracker.setRecordingState(False)
18.0504 	EXP 	eyetracker.setRecordingState(False)
18.0617 	EXP 	eyetracker.setRecordingState(False)
18.0721 	EXP 	eyetracker.setRecordingState(False)
18.0829 	EXP 	eyetracker.setRecordingState(False)
18.0928 	EXP 	eyetracker.setRecordingState(False)
18.1027 	EXP 	eyetracker.setRecordingState(False)
18.1149 	EXP 	eyetracker.setRecordingState(False)
18.1273 	EXP 	eyetracker.setRecordingState(False)
18.1389 	EXP 	eyetracker.setRecordingState(False)
18.1501 	EXP 	eyetracker.setRecordingState(False)
18.1615 	EXP 	eyetracker.setRecordingState(False)
18.1720 	EXP 	eyetracker.setRecordingState(False)
18.1817 	EXP 	eyetracker.setRecordingState(False)
18.1920 	EXP 	eyetracker.setRecordingState(False)
18.2023 	EXP 	eyetracker.setRecordingState(False)
18.2132 	EXP 	eyetracker.setRecordingState(False)
18.2251 	EXP 	eyetracker.setRecordingState(False)
18.2358 	EXP 	eyetracker.setRecordingState(False)
18.2484 	EXP 	eyetracker.setRecordingState(False)
18.2591 	EXP 	eyetracker.setRecordingState(False)
18.2707 	EXP 	eyetracker.setRecordingState(False)
18.2802 	EXP 	eyetracker.setRecordingState(False)
18.2892 	EXP 	eyetracker.setRecordingState(False)
18.2978 	EXP 	eyetracker.setRecordingState(False)
18.3058 	EXP 	eyetracker.setRecordingState(False)
18.3141 	EXP 	eyetracker.setRecordingState(False)
18.3221 	EXP 	eyetracker.setRecordingState(False)
18.3301 	EXP 	eyetracker.setRecordingState(False)
18.3385 	EXP 	eyetracker.setRecordingState(False)
18.3486 	EXP 	eyetracker.setRecordingState(False)
18.3590 	EXP 	eyetracker.setRecordingState(False)
18.3684 	EXP 	eyetracker.setRecordingState(False)
18.3796 	EXP 	eyetracker.setRecordingState(False)
18.3911 	EXP 	eyetracker.setRecordingState(False)
18.4017 	EXP 	eyetracker.setRecordingState(False)
18.4123 	EXP 	eyetracker.setRecordingState(False)
18.4236 	EXP 	eyetracker.setRecordingState(False)
18.4357 	EXP 	eyetracker.setRecordingState(False)
18.4460 	EXP 	eyetracker.setRecordingState(False)
18.4559 	EXP 	eyetracker.setRecordingState(False)
18.4650 	EXP 	eyetracker.setRecordingState(False)
18.4749 	EXP 	eyetracker.setRecordingState(False)
18.4852 	EXP 	eyetracker.setRecordingState(False)
18.4971 	EXP 	eyetracker.setRecordingState(False)
18.5080 	EXP 	eyetracker.setRecordingState(False)
18.5191 	EXP 	eyetracker.setRecordingState(False)
18.5303 	EXP 	eyetracker.setRecordingState(False)
18.5411 	EXP 	eyetracker.setRecordingState(False)
18.5551 	EXP 	eyetracker.setRecordingState(False)
18.5662 	EXP 	eyetracker.setRecordingState(False)
18.5746 	EXP 	eyetracker.setRecordingState(False)
18.5833 	EXP 	eyetracker.setRecordingState(False)
18.5930 	EXP 	eyetracker.setRecordingState(False)
18.6030 	EXP 	eyetracker.setRecordingState(False)
18.6143 	EXP 	eyetracker.setRecordingState(False)
18.6267 	EXP 	eyetracker.setRecordingState(False)
18.6395 	EXP 	eyetracker.setRecordingState(False)
18.6537 	EXP 	eyetracker.setRecordingState(False)
18.6696 	EXP 	eyetracker.setRecordingState(False)
18.6839 	EXP 	eyetracker.setRecordingState(False)
18.6962 	EXP 	eyetracker.setRecordingState(False)
18.7100 	EXP 	eyetracker.setRecordingState(False)
18.7217 	EXP 	eyetracker.setRecordingState(False)
18.7327 	EXP 	eyetracker.setRecordingState(False)
18.7447 	EXP 	eyetracker.setRecordingState(False)
18.7569 	EXP 	eyetracker.setRecordingState(False)
18.7687 	EXP 	eyetracker.setRecordingState(False)
18.7792 	EXP 	eyetracker.setRecordingState(False)
18.7899 	EXP 	eyetracker.setRecordingState(False)
18.7988 	EXP 	eyetracker.setRecordingState(False)
18.8077 	EXP 	eyetracker.setRecordingState(False)
18.8165 	EXP 	eyetracker.setRecordingState(False)
18.8250 	EXP 	eyetracker.setRecordingState(False)
18.8333 	EXP 	eyetracker.setRecordingState(False)
18.8413 	EXP 	eyetracker.setRecordingState(False)
18.8489 	EXP 	eyetracker.setRecordingState(False)
18.8596 	EXP 	eyetracker.setRecordingState(False)
18.8747 	EXP 	eyetracker.setRecordingState(False)
18.8893 	EXP 	eyetracker.setRecordingState(False)
18.9005 	EXP 	eyetracker.setRecordingState(False)
18.9126 	EXP 	eyetracker.setRecordingState(False)
18.9236 	EXP 	eyetracker.setRecordingState(False)
18.9344 	EXP 	eyetracker.setRecordingState(False)
18.9460 	EXP 	eyetracker.setRecordingState(False)
18.9570 	EXP 	eyetracker.setRecordingState(False)
18.9674 	EXP 	eyetracker.setRecordingState(False)
18.9771 	EXP 	eyetracker.setRecordingState(False)
18.9881 	EXP 	eyetracker.setRecordingState(False)
18.9992 	EXP 	eyetracker.setRecordingState(False)
19.0099 	EXP 	eyetracker.setRecordingState(False)
19.0216 	EXP 	eyetracker.setRecordingState(False)
19.0313 	EXP 	eyetracker.setRecordingState(False)
19.0400 	EXP 	eyetracker.setRecordingState(False)
19.0509 	EXP 	eyetracker.setRecordingState(False)
19.0601 	EXP 	eyetracker.setRecordingState(False)
19.0680 	EXP 	eyetracker.setRecordingState(False)
19.0759 	EXP 	eyetracker.setRecordingState(False)
19.0840 	EXP 	eyetracker.setRecordingState(False)
19.0937 	EXP 	eyetracker.setRecordingState(False)
19.1030 	EXP 	eyetracker.setRecordingState(False)
19.1126 	EXP 	eyetracker.setRecordingState(False)
19.1217 	EXP 	eyetracker.setRecordingState(False)
19.1311 	EXP 	eyetracker.setRecordingState(False)
19.1410 	EXP 	eyetracker.setRecordingState(False)
19.1495 	EXP 	eyetracker.setRecordingState(False)
19.1594 	EXP 	eyetracker.setRecordingState(False)
19.1689 	EXP 	eyetracker.setRecordingState(False)
19.1779 	EXP 	eyetracker.setRecordingState(False)
19.1886 	EXP 	eyetracker.setRecordingState(False)
19.1992 	EXP 	eyetracker.setRecordingState(False)
19.2105 	EXP 	eyetracker.setRecordingState(False)
19.2206 	EXP 	eyetracker.setRecordingState(False)
19.2311 	EXP 	eyetracker.setRecordingState(False)
19.2412 	EXP 	eyetracker.setRecordingState(False)
19.2519 	EXP 	eyetracker.setRecordingState(False)
19.2626 	EXP 	eyetracker.setRecordingState(False)
19.2713 	EXP 	eyetracker.setRecordingState(False)
19.2807 	EXP 	eyetracker.setRecordingState(False)
19.2894 	EXP 	eyetracker.setRecordingState(False)
19.2976 	EXP 	eyetracker.setRecordingState(False)
19.3066 	EXP 	eyetracker.setRecordingState(False)
19.3183 	EXP 	eyetracker.setRecordingState(False)
19.3292 	EXP 	eyetracker.setRecordingState(False)
19.3406 	EXP 	eyetracker.setRecordingState(False)
19.3523 	EXP 	eyetracker.setRecordingState(False)
19.3638 	EXP 	eyetracker.setRecordingState(False)
19.3750 	EXP 	eyetracker.setRecordingState(False)
19.3866 	EXP 	eyetracker.setRecordingState(False)
19.3973 	EXP 	eyetracker.setRecordingState(False)
19.4090 	EXP 	eyetracker.setRecordingState(False)
19.4200 	EXP 	eyetracker.setRecordingState(False)
19.4309 	EXP 	eyetracker.setRecordingState(False)
19.4438 	EXP 	eyetracker.setRecordingState(False)
19.4557 	EXP 	eyetracker.setRecordingState(False)
19.4662 	EXP 	eyetracker.setRecordingState(False)
19.4775 	EXP 	eyetracker.setRecordingState(False)
19.4913 	EXP 	eyetracker.setRecordingState(False)
19.5019 	EXP 	eyetracker.setRecordingState(False)
19.5121 	EXP 	eyetracker.setRecordingState(False)
19.5227 	EXP 	eyetracker.setRecordingState(False)
19.5330 	EXP 	eyetracker.setRecordingState(False)
19.5430 	EXP 	eyetracker.setRecordingState(False)
19.5538 	EXP 	eyetracker.setRecordingState(False)
19.5616 	EXP 	eyetracker.setRecordingState(False)
19.5700 	EXP 	eyetracker.setRecordingState(False)
19.5788 	EXP 	eyetracker.setRecordingState(False)
19.5870 	EXP 	eyetracker.setRecordingState(False)
19.5956 	EXP 	eyetracker.setRecordingState(False)
19.6050 	EXP 	eyetracker.setRecordingState(False)
19.6151 	EXP 	eyetracker.setRecordingState(False)
19.6243 	EXP 	eyetracker.setRecordingState(False)
19.6337 	EXP 	eyetracker.setRecordingState(False)
19.6427 	EXP 	eyetracker.setRecordingState(False)
19.6522 	EXP 	eyetracker.setRecordingState(False)
19.6632 	EXP 	eyetracker.setRecordingState(False)
19.6733 	EXP 	eyetracker.setRecordingState(False)
19.6833 	EXP 	eyetracker.setRecordingState(False)
19.6931 	EXP 	eyetracker.setRecordingState(False)
19.7027 	EXP 	eyetracker.setRecordingState(False)
19.7126 	EXP 	eyetracker.setRecordingState(False)
19.7223 	EXP 	eyetracker.setRecordingState(False)
19.7321 	EXP 	eyetracker.setRecordingState(False)
19.7423 	EXP 	eyetracker.setRecordingState(False)
19.7525 	EXP 	eyetracker.setRecordingState(False)
19.7624 	EXP 	eyetracker.setRecordingState(False)
19.7723 	EXP 	eyetracker.setRecordingState(False)
19.7835 	EXP 	eyetracker.setRecordingState(False)
19.7955 	EXP 	eyetracker.setRecordingState(False)
19.8049 	EXP 	eyetracker.setRecordingState(False)
19.8152 	EXP 	eyetracker.setRecordingState(False)
19.8258 	EXP 	eyetracker.setRecordingState(False)
19.8359 	EXP 	eyetracker.setRecordingState(False)
19.8464 	EXP 	eyetracker.setRecordingState(False)
19.8573 	EXP 	eyetracker.setRecordingState(False)
19.8687 	EXP 	eyetracker.setRecordingState(False)
19.8792 	EXP 	eyetracker.setRecordingState(False)
19.8885 	EXP 	eyetracker.setRecordingState(False)
19.9001 	EXP 	eyetracker.setRecordingState(False)
19.9101 	EXP 	eyetracker.setRecordingState(False)
19.9195 	EXP 	eyetracker.setRecordingState(False)
19.9297 	EXP 	eyetracker.setRecordingState(False)
19.9409 	EXP 	eyetracker.setRecordingState(False)
19.9507 	EXP 	eyetracker.setRecordingState(False)
19.9601 	EXP 	eyetracker.setRecordingState(False)
19.9701 	EXP 	eyetracker.setRecordingState(False)
19.9789 	EXP 	eyetracker.setRecordingState(False)
19.9874 	EXP 	eyetracker.setRecordingState(False)
19.9962 	EXP 	eyetracker.setRecordingState(False)
20.0057 	EXP 	eyetracker.setRecordingState(False)
20.0156 	EXP 	eyetracker.setRecordingState(False)
20.0259 	EXP 	eyetracker.setRecordingState(False)
20.0354 	EXP 	eyetracker.setRecordingState(False)
20.0452 	EXP 	eyetracker.setRecordingState(False)
20.0545 	EXP 	eyetracker.setRecordingState(False)
20.0648 	EXP 	eyetracker.setRecordingState(False)
20.0747 	EXP 	eyetracker.setRecordingState(False)
20.0844 	EXP 	eyetracker.setRecordingState(False)
20.0940 	EXP 	eyetracker.setRecordingState(False)
20.1044 	EXP 	eyetracker.setRecordingState(False)
20.1136 	EXP 	eyetracker.setRecordingState(False)
20.1236 	EXP 	eyetracker.setRecordingState(False)
20.1334 	EXP 	eyetracker.setRecordingState(False)
20.1437 	EXP 	eyetracker.setRecordingState(False)
20.1542 	EXP 	eyetracker.setRecordingState(False)
20.1657 	EXP 	eyetracker.setRecordingState(False)
20.1752 	EXP 	eyetracker.setRecordingState(False)
20.1845 	EXP 	eyetracker.setRecordingState(False)
20.1938 	EXP 	eyetracker.setRecordingState(False)
20.2028 	EXP 	eyetracker.setRecordingState(False)
20.2119 	EXP 	eyetracker.setRecordingState(False)
20.2214 	EXP 	eyetracker.setRecordingState(False)
20.2310 	EXP 	eyetracker.setRecordingState(False)
20.2405 	EXP 	eyetracker.setRecordingState(False)
20.2497 	EXP 	eyetracker.setRecordingState(False)
20.2601 	EXP 	eyetracker.setRecordingState(False)
20.2688 	EXP 	eyetracker.setRecordingState(False)
20.2773 	EXP 	eyetracker.setRecordingState(False)
20.2859 	EXP 	eyetracker.setRecordingState(False)
20.2945 	EXP 	eyetracker.setRecordingState(False)
20.3035 	EXP 	eyetracker.setRecordingState(False)
20.3124 	EXP 	eyetracker.setRecordingState(False)
20.3207 	EXP 	eyetracker.setRecordingState(False)
20.3293 	EXP 	eyetracker.setRecordingState(False)
20.3380 	EXP 	eyetracker.setRecordingState(False)
20.3469 	EXP 	eyetracker.setRecordingState(False)
20.3559 	EXP 	eyetracker.setRecordingState(False)
20.3639 	EXP 	eyetracker.setRecordingState(False)
20.3730 	EXP 	eyetracker.setRecordingState(False)
20.3825 	EXP 	eyetracker.setRecordingState(False)
20.3924 	EXP 	eyetracker.setRecordingState(False)
20.4020 	EXP 	eyetracker.setRecordingState(False)
20.4122 	EXP 	eyetracker.setRecordingState(False)
20.4231 	EXP 	eyetracker.setRecordingState(False)
20.4319 	EXP 	eyetracker.setRecordingState(False)
20.4401 	EXP 	eyetracker.setRecordingState(False)
20.4494 	EXP 	eyetracker.setRecordingState(False)
20.4580 	EXP 	eyetracker.setRecordingState(False)
20.4673 	EXP 	eyetracker.setRecordingState(False)
20.4768 	EXP 	eyetracker.setRecordingState(False)
20.4862 	EXP 	eyetracker.setRecordingState(False)
20.4949 	EXP 	eyetracker.setRecordingState(False)
20.5048 	EXP 	eyetracker.setRecordingState(False)
20.5143 	EXP 	eyetracker.setRecordingState(False)
20.5231 	EXP 	eyetracker.setRecordingState(False)
20.5313 	EXP 	eyetracker.setRecordingState(False)
20.5392 	EXP 	eyetracker.setRecordingState(False)
20.5477 	EXP 	eyetracker.setRecordingState(False)
20.5561 	EXP 	eyetracker.setRecordingState(False)
20.5637 	EXP 	eyetracker.setRecordingState(False)
20.5708 	EXP 	eyetracker.setRecordingState(False)
20.5778 	EXP 	eyetracker.setRecordingState(False)
20.5851 	EXP 	eyetracker.setRecordingState(False)
20.5935 	EXP 	eyetracker.setRecordingState(False)
20.6024 	EXP 	eyetracker.setRecordingState(False)
20.6109 	EXP 	eyetracker.setRecordingState(False)
20.6199 	EXP 	eyetracker.setRecordingState(False)
20.6299 	EXP 	eyetracker.setRecordingState(False)
20.6400 	EXP 	eyetracker.setRecordingState(False)
20.6495 	EXP 	eyetracker.setRecordingState(False)
20.6589 	EXP 	eyetracker.setRecordingState(False)
20.6679 	EXP 	eyetracker.setRecordingState(False)
20.6769 	EXP 	eyetracker.setRecordingState(False)
20.6868 	EXP 	eyetracker.setRecordingState(False)
20.6967 	EXP 	eyetracker.setRecordingState(False)
20.7071 	EXP 	eyetracker.setRecordingState(False)
20.7168 	EXP 	eyetracker.setRecordingState(False)
20.7256 	EXP 	eyetracker.setRecordingState(False)
20.7357 	EXP 	eyetracker.setRecordingState(False)
20.7460 	EXP 	eyetracker.setRecordingState(False)
20.7549 	EXP 	eyetracker.setRecordingState(False)
20.7648 	EXP 	eyetracker.setRecordingState(False)
20.7741 	EXP 	eyetracker.setRecordingState(False)
20.7841 	EXP 	eyetracker.setRecordingState(False)
20.7955 	EXP 	eyetracker.setRecordingState(False)
20.8053 	EXP 	eyetracker.setRecordingState(False)
20.8138 	EXP 	eyetracker.setRecordingState(False)
20.8230 	EXP 	eyetracker.setRecordingState(False)
20.8318 	EXP 	eyetracker.setRecordingState(False)
20.8411 	EXP 	eyetracker.setRecordingState(False)
20.8509 	EXP 	eyetracker.setRecordingState(False)
20.8607 	EXP 	eyetracker.setRecordingState(False)
20.8704 	EXP 	eyetracker.setRecordingState(False)
20.8795 	EXP 	eyetracker.setRecordingState(False)
20.8883 	EXP 	eyetracker.setRecordingState(False)
20.8954 	EXP 	eyetracker.setRecordingState(False)
20.9034 	EXP 	eyetracker.setRecordingState(False)
20.9116 	EXP 	eyetracker.setRecordingState(False)
20.9199 	EXP 	eyetracker.setRecordingState(False)
20.9288 	EXP 	eyetracker.setRecordingState(False)
20.9378 	EXP 	eyetracker.setRecordingState(False)
20.9464 	EXP 	eyetracker.setRecordingState(False)
20.9551 	EXP 	eyetracker.setRecordingState(False)
20.9646 	EXP 	eyetracker.setRecordingState(False)
20.9732 	EXP 	eyetracker.setRecordingState(False)
20.9827 	EXP 	eyetracker.setRecordingState(False)
20.9913 	EXP 	eyetracker.setRecordingState(False)
20.9997 	EXP 	eyetracker.setRecordingState(False)
21.0064 	EXP 	eyetracker.setRecordingState(False)
21.0140 	EXP 	eyetracker.setRecordingState(False)
21.0237 	EXP 	eyetracker.setRecordingState(False)
21.0332 	EXP 	eyetracker.setRecordingState(False)
21.0419 	EXP 	eyetracker.setRecordingState(False)
21.0497 	EXP 	eyetracker.setRecordingState(False)
21.0571 	EXP 	eyetracker.setRecordingState(False)
21.0639 	EXP 	eyetracker.setRecordingState(False)
21.0714 	EXP 	eyetracker.setRecordingState(False)
21.0794 	EXP 	eyetracker.setRecordingState(False)
21.0873 	EXP 	eyetracker.setRecordingState(False)
21.0957 	EXP 	eyetracker.setRecordingState(False)
21.1044 	EXP 	eyetracker.setRecordingState(False)
21.1131 	EXP 	eyetracker.setRecordingState(False)
21.1221 	EXP 	eyetracker.setRecordingState(False)
21.1317 	EXP 	eyetracker.setRecordingState(False)
21.1419 	EXP 	eyetracker.setRecordingState(False)
21.1513 	EXP 	eyetracker.setRecordingState(False)
21.1607 	EXP 	eyetracker.setRecordingState(False)
21.1716 	EXP 	eyetracker.setRecordingState(False)
21.1794 	EXP 	eyetracker.setRecordingState(False)
21.1883 	EXP 	eyetracker.setRecordingState(False)
21.1976 	EXP 	eyetracker.setRecordingState(False)
21.2062 	EXP 	eyetracker.setRecordingState(False)
21.2149 	EXP 	eyetracker.setRecordingState(False)
21.2234 	EXP 	eyetracker.setRecordingState(False)
21.2323 	EXP 	eyetracker.setRecordingState(False)
21.2406 	EXP 	eyetracker.setRecordingState(False)
21.2498 	EXP 	eyetracker.setRecordingState(False)
21.2591 	EXP 	eyetracker.setRecordingState(False)
21.2690 	EXP 	eyetracker.setRecordingState(False)
21.2778 	EXP 	eyetracker.setRecordingState(False)
21.2859 	EXP 	eyetracker.setRecordingState(False)
21.2955 	EXP 	eyetracker.setRecordingState(False)
21.3043 	EXP 	eyetracker.setRecordingState(False)
21.3122 	EXP 	eyetracker.setRecordingState(False)
21.3204 	EXP 	eyetracker.setRecordingState(False)
21.3319 	EXP 	eyetracker.setRecordingState(False)
21.3402 	EXP 	eyetracker.setRecordingState(False)
21.3491 	EXP 	eyetracker.setRecordingState(False)
21.3569 	EXP 	eyetracker.setRecordingState(False)
21.3653 	EXP 	eyetracker.setRecordingState(False)
21.3750 	EXP 	eyetracker.setRecordingState(False)
21.3834 	EXP 	eyetracker.setRecordingState(False)
21.3928 	EXP 	eyetracker.setRecordingState(False)
21.4019 	EXP 	eyetracker.setRecordingState(False)
21.4116 	EXP 	eyetracker.setRecordingState(False)
21.4218 	EXP 	eyetracker.setRecordingState(False)
21.4317 	EXP 	eyetracker.setRecordingState(False)
21.4419 	EXP 	eyetracker.setRecordingState(False)
21.4519 	EXP 	eyetracker.setRecordingState(False)
21.4623 	EXP 	eyetracker.setRecordingState(False)
21.4715 	EXP 	eyetracker.setRecordingState(False)
21.4801 	EXP 	eyetracker.setRecordingState(False)
21.4894 	EXP 	eyetracker.setRecordingState(False)
21.4986 	EXP 	eyetracker.setRecordingState(False)
21.5077 	EXP 	eyetracker.setRecordingState(False)
21.5192 	EXP 	eyetracker.setRecordingState(False)
21.5294 	EXP 	eyetracker.setRecordingState(False)
21.5399 	EXP 	eyetracker.setRecordingState(False)
21.5515 	EXP 	eyetracker.setRecordingState(False)
21.5620 	EXP 	eyetracker.setRecordingState(False)
21.5728 	EXP 	eyetracker.setRecordingState(False)
21.5841 	EXP 	eyetracker.setRecordingState(False)
21.5923 	EXP 	eyetracker.setRecordingState(False)
21.5995 	EXP 	eyetracker.setRecordingState(False)
21.6084 	EXP 	eyetracker.setRecordingState(False)
21.6180 	EXP 	eyetracker.setRecordingState(False)
21.6273 	EXP 	eyetracker.setRecordingState(False)
21.6382 	EXP 	eyetracker.setRecordingState(False)
21.6500 	EXP 	eyetracker.setRecordingState(False)
21.6613 	EXP 	eyetracker.setRecordingState(False)
21.6738 	EXP 	eyetracker.setRecordingState(False)
21.6850 	EXP 	eyetracker.setRecordingState(False)
21.6946 	EXP 	eyetracker.setRecordingState(False)
21.7036 	EXP 	eyetracker.setRecordingState(False)
21.7131 	EXP 	eyetracker.setRecordingState(False)
21.7227 	EXP 	eyetracker.setRecordingState(False)
21.7330 	EXP 	eyetracker.setRecordingState(False)
21.7429 	EXP 	eyetracker.setRecordingState(False)
21.7528 	EXP 	eyetracker.setRecordingState(False)
21.7626 	EXP 	eyetracker.setRecordingState(False)
21.7739 	EXP 	eyetracker.setRecordingState(False)
21.7833 	EXP 	eyetracker.setRecordingState(False)
21.7921 	EXP 	eyetracker.setRecordingState(False)
21.8029 	EXP 	eyetracker.setRecordingState(False)
21.8127 	EXP 	eyetracker.setRecordingState(False)
21.8223 	EXP 	eyetracker.setRecordingState(False)
21.8328 	EXP 	eyetracker.setRecordingState(False)
21.8417 	EXP 	eyetracker.setRecordingState(False)
21.8499 	EXP 	eyetracker.setRecordingState(False)
21.8593 	EXP 	eyetracker.setRecordingState(False)
21.8681 	EXP 	eyetracker.setRecordingState(False)
21.8786 	EXP 	eyetracker.setRecordingState(False)
21.8880 	EXP 	eyetracker.setRecordingState(False)
21.8976 	EXP 	eyetracker.setRecordingState(False)
21.9064 	EXP 	eyetracker.setRecordingState(False)
21.9147 	EXP 	eyetracker.setRecordingState(False)
21.9240 	EXP 	eyetracker.setRecordingState(False)
21.9322 	EXP 	eyetracker.setRecordingState(False)
21.9413 	EXP 	eyetracker.setRecordingState(False)
21.9511 	EXP 	eyetracker.setRecordingState(False)
21.9608 	EXP 	eyetracker.setRecordingState(False)
21.9698 	EXP 	eyetracker.setRecordingState(False)
21.9791 	EXP 	eyetracker.setRecordingState(False)
21.9902 	EXP 	eyetracker.setRecordingState(False)
21.9994 	EXP 	eyetracker.setRecordingState(False)
22.0088 	EXP 	eyetracker.setRecordingState(False)
22.0183 	EXP 	eyetracker.setRecordingState(False)
22.0280 	EXP 	eyetracker.setRecordingState(False)
22.0377 	EXP 	eyetracker.setRecordingState(False)
22.0485 	EXP 	eyetracker.setRecordingState(False)
22.0581 	EXP 	eyetracker.setRecordingState(False)
22.0677 	EXP 	eyetracker.setRecordingState(False)
22.0778 	EXP 	eyetracker.setRecordingState(False)
22.0906 	EXP 	eyetracker.setRecordingState(False)
22.1005 	EXP 	eyetracker.setRecordingState(False)
22.1110 	EXP 	eyetracker.setRecordingState(False)
22.1202 	EXP 	eyetracker.setRecordingState(False)
22.1302 	EXP 	eyetracker.setRecordingState(False)
22.1410 	EXP 	eyetracker.setRecordingState(False)
22.1512 	EXP 	eyetracker.setRecordingState(False)
22.1610 	EXP 	eyetracker.setRecordingState(False)
22.1702 	EXP 	eyetracker.setRecordingState(False)
22.1803 	EXP 	eyetracker.setRecordingState(False)
22.1896 	EXP 	eyetracker.setRecordingState(False)
22.1989 	EXP 	eyetracker.setRecordingState(False)
22.2084 	EXP 	eyetracker.setRecordingState(False)
22.2174 	EXP 	eyetracker.setRecordingState(False)
22.2265 	EXP 	eyetracker.setRecordingState(False)
22.2366 	EXP 	eyetracker.setRecordingState(False)
22.2460 	EXP 	eyetracker.setRecordingState(False)
22.2553 	EXP 	eyetracker.setRecordingState(False)
22.2637 	EXP 	eyetracker.setRecordingState(False)
22.2725 	EXP 	eyetracker.setRecordingState(False)
22.2812 	EXP 	eyetracker.setRecordingState(False)
22.2894 	EXP 	eyetracker.setRecordingState(False)
22.2982 	EXP 	eyetracker.setRecordingState(False)
22.3069 	EXP 	eyetracker.setRecordingState(False)
22.3160 	EXP 	eyetracker.setRecordingState(False)
22.3252 	EXP 	eyetracker.setRecordingState(False)
22.3346 	EXP 	eyetracker.setRecordingState(False)
22.3427 	EXP 	eyetracker.setRecordingState(False)
22.3526 	EXP 	eyetracker.setRecordingState(False)
22.3620 	EXP 	eyetracker.setRecordingState(False)
22.3709 	EXP 	eyetracker.setRecordingState(False)
22.3801 	EXP 	eyetracker.setRecordingState(False)
22.3890 	EXP 	eyetracker.setRecordingState(False)
22.3989 	EXP 	eyetracker.setRecordingState(False)
22.4089 	EXP 	eyetracker.setRecordingState(False)
22.4196 	EXP 	eyetracker.setRecordingState(False)
22.4300 	EXP 	eyetracker.setRecordingState(False)
22.4403 	EXP 	eyetracker.setRecordingState(False)
22.4514 	EXP 	eyetracker.setRecordingState(False)
22.4653 	EXP 	eyetracker.setRecordingState(False)
22.4769 	EXP 	eyetracker.setRecordingState(False)
22.4887 	EXP 	eyetracker.setRecordingState(False)
22.5002 	EXP 	eyetracker.setRecordingState(False)
22.5126 	EXP 	eyetracker.setRecordingState(False)
22.5253 	EXP 	eyetracker.setRecordingState(False)
22.5367 	EXP 	eyetracker.setRecordingState(False)
22.5482 	EXP 	eyetracker.setRecordingState(False)
22.5603 	EXP 	eyetracker.setRecordingState(False)
22.5712 	EXP 	eyetracker.setRecordingState(False)
22.5830 	EXP 	eyetracker.setRecordingState(False)
22.5950 	EXP 	eyetracker.setRecordingState(False)
22.6045 	EXP 	eyetracker.setRecordingState(False)
22.6143 	EXP 	eyetracker.setRecordingState(False)
22.6236 	EXP 	eyetracker.setRecordingState(False)
22.6326 	EXP 	eyetracker.setRecordingState(False)
22.6447 	EXP 	eyetracker.setRecordingState(False)
22.6595 	EXP 	eyetracker.setRecordingState(False)
22.6726 	EXP 	eyetracker.setRecordingState(False)
22.6871 	EXP 	eyetracker.setRecordingState(False)
22.7004 	EXP 	eyetracker.setRecordingState(False)
22.7133 	EXP 	eyetracker.setRecordingState(False)
22.7281 	EXP 	eyetracker.setRecordingState(False)
22.7428 	EXP 	eyetracker.setRecordingState(False)
22.7533 	EXP 	eyetracker.setRecordingState(False)
22.7620 	EXP 	eyetracker.setRecordingState(False)
22.7697 	EXP 	eyetracker.setRecordingState(False)
22.7789 	EXP 	eyetracker.setRecordingState(False)
22.7862 	EXP 	eyetracker.setRecordingState(False)
22.7947 	EXP 	eyetracker.setRecordingState(False)
22.8032 	EXP 	eyetracker.setRecordingState(False)
22.8126 	EXP 	eyetracker.setRecordingState(False)
22.8245 	EXP 	eyetracker.setRecordingState(False)
22.8347 	EXP 	eyetracker.setRecordingState(False)
22.8446 	EXP 	eyetracker.setRecordingState(False)
22.8539 	EXP 	eyetracker.setRecordingState(False)
22.8649 	EXP 	eyetracker.setRecordingState(False)
22.8743 	EXP 	eyetracker.setRecordingState(False)
22.8833 	EXP 	eyetracker.setRecordingState(False)
22.8925 	EXP 	eyetracker.setRecordingState(False)
22.9032 	EXP 	eyetracker.setRecordingState(False)
22.9125 	EXP 	eyetracker.setRecordingState(False)
22.9229 	EXP 	eyetracker.setRecordingState(False)
22.9348 	EXP 	eyetracker.setRecordingState(False)
22.9447 	EXP 	eyetracker.setRecordingState(False)
22.9579 	EXP 	eyetracker.setRecordingState(False)
22.9715 	EXP 	eyetracker.setRecordingState(False)
22.9817 	EXP 	eyetracker.setRecordingState(False)
22.9919 	EXP 	eyetracker.setRecordingState(False)
23.0043 	EXP 	eyetracker.setRecordingState(False)
23.0159 	EXP 	eyetracker.setRecordingState(False)
23.0263 	EXP 	eyetracker.setRecordingState(False)
23.0378 	EXP 	eyetracker.setRecordingState(False)
23.0483 	EXP 	eyetracker.setRecordingState(False)
23.0594 	EXP 	eyetracker.setRecordingState(False)
23.0670 	EXP 	eyetracker.setRecordingState(False)
23.0749 	EXP 	eyetracker.setRecordingState(False)
23.0814 	EXP 	eyetracker.setRecordingState(False)
23.0885 	EXP 	eyetracker.setRecordingState(False)
23.0962 	EXP 	eyetracker.setRecordingState(False)
23.1035 	EXP 	eyetracker.setRecordingState(False)
23.1117 	EXP 	eyetracker.setRecordingState(False)
23.1201 	EXP 	eyetracker.setRecordingState(False)
23.1305 	EXP 	eyetracker.setRecordingState(False)
23.1385 	EXP 	eyetracker.setRecordingState(False)
23.1474 	EXP 	eyetracker.setRecordingState(False)
23.1564 	EXP 	eyetracker.setRecordingState(False)
23.1650 	EXP 	eyetracker.setRecordingState(False)
23.1755 	EXP 	eyetracker.setRecordingState(False)
23.1876 	EXP 	eyetracker.setRecordingState(False)
23.1967 	EXP 	eyetracker.setRecordingState(False)
23.2067 	EXP 	eyetracker.setRecordingState(False)
23.2180 	EXP 	eyetracker.setRecordingState(False)
23.2288 	EXP 	eyetracker.setRecordingState(False)
23.2387 	EXP 	eyetracker.setRecordingState(False)
23.2506 	EXP 	eyetracker.setRecordingState(False)
23.2612 	EXP 	eyetracker.setRecordingState(False)
23.2738 	EXP 	eyetracker.setRecordingState(False)
23.2843 	EXP 	eyetracker.setRecordingState(False)
23.2964 	EXP 	eyetracker.setRecordingState(False)
23.3065 	EXP 	eyetracker.setRecordingState(False)
23.3161 	EXP 	eyetracker.setRecordingState(False)
23.3264 	EXP 	eyetracker.setRecordingState(False)
23.3357 	EXP 	eyetracker.setRecordingState(False)
23.3463 	EXP 	eyetracker.setRecordingState(False)
23.3565 	EXP 	eyetracker.setRecordingState(False)
23.3669 	EXP 	eyetracker.setRecordingState(False)
23.3770 	EXP 	eyetracker.setRecordingState(False)
23.3869 	EXP 	eyetracker.setRecordingState(False)
23.3966 	EXP 	eyetracker.setRecordingState(False)
23.4076 	EXP 	eyetracker.setRecordingState(False)
23.4166 	EXP 	eyetracker.setRecordingState(False)
23.4253 	EXP 	eyetracker.setRecordingState(False)
23.4346 	EXP 	eyetracker.setRecordingState(False)
23.4424 	EXP 	eyetracker.setRecordingState(False)
23.4497 	EXP 	eyetracker.setRecordingState(False)
23.4565 	EXP 	eyetracker.setRecordingState(False)
23.4631 	EXP 	eyetracker.setRecordingState(False)
23.4711 	EXP 	eyetracker.setRecordingState(False)
23.4799 	EXP 	eyetracker.setRecordingState(False)
23.4891 	EXP 	eyetracker.setRecordingState(False)
23.4998 	EXP 	eyetracker.setRecordingState(False)
23.5101 	EXP 	eyetracker.setRecordingState(False)
23.5207 	EXP 	eyetracker.setRecordingState(False)
23.5309 	EXP 	eyetracker.setRecordingState(False)
23.5412 	EXP 	eyetracker.setRecordingState(False)
23.5523 	EXP 	eyetracker.setRecordingState(False)
23.5638 	EXP 	eyetracker.setRecordingState(False)
23.5755 	EXP 	eyetracker.setRecordingState(False)
23.5896 	EXP 	eyetracker.setRecordingState(False)
23.6019 	EXP 	eyetracker.setRecordingState(False)
23.6118 	EXP 	eyetracker.setRecordingState(False)
23.6216 	EXP 	eyetracker.setRecordingState(False)
23.6341 	EXP 	eyetracker.setRecordingState(False)
23.6463 	EXP 	eyetracker.setRecordingState(False)
23.6561 	EXP 	eyetracker.setRecordingState(False)
23.6650 	EXP 	eyetracker.setRecordingState(False)
23.6736 	EXP 	eyetracker.setRecordingState(False)
23.6821 	EXP 	eyetracker.setRecordingState(False)
23.6919 	EXP 	eyetracker.setRecordingState(False)
23.7001 	EXP 	eyetracker.setRecordingState(False)
23.7083 	EXP 	eyetracker.setRecordingState(False)
23.7178 	EXP 	eyetracker.setRecordingState(False)
23.7271 	EXP 	eyetracker.setRecordingState(False)
23.7374 	EXP 	eyetracker.setRecordingState(False)
23.7472 	EXP 	eyetracker.setRecordingState(False)
23.7560 	EXP 	eyetracker.setRecordingState(False)
23.7650 	EXP 	eyetracker.setRecordingState(False)
23.7739 	EXP 	eyetracker.setRecordingState(False)
23.7841 	EXP 	eyetracker.setRecordingState(False)
23.7934 	EXP 	eyetracker.setRecordingState(False)
23.8039 	EXP 	eyetracker.setRecordingState(False)
23.8143 	EXP 	eyetracker.setRecordingState(False)
23.8241 	EXP 	eyetracker.setRecordingState(False)
23.8335 	EXP 	eyetracker.setRecordingState(False)
23.8432 	EXP 	eyetracker.setRecordingState(False)
23.8523 	EXP 	eyetracker.setRecordingState(False)
23.8618 	EXP 	eyetracker.setRecordingState(False)
23.8713 	EXP 	eyetracker.setRecordingState(False)
23.8801 	EXP 	eyetracker.setRecordingState(False)
23.8888 	EXP 	eyetracker.setRecordingState(False)
23.8977 	EXP 	eyetracker.setRecordingState(False)
23.9066 	EXP 	eyetracker.setRecordingState(False)
23.9159 	EXP 	eyetracker.setRecordingState(False)
23.9251 	EXP 	eyetracker.setRecordingState(False)
23.9353 	EXP 	eyetracker.setRecordingState(False)
23.9451 	EXP 	eyetracker.setRecordingState(False)
23.9545 	EXP 	eyetracker.setRecordingState(False)
23.9643 	EXP 	eyetracker.setRecordingState(False)
23.9744 	EXP 	eyetracker.setRecordingState(False)
23.9839 	EXP 	eyetracker.setRecordingState(False)
23.9927 	EXP 	eyetracker.setRecordingState(False)
24.0021 	EXP 	eyetracker.setRecordingState(False)
24.0133 	EXP 	eyetracker.setRecordingState(False)
24.0218 	EXP 	eyetracker.setRecordingState(False)
24.0302 	EXP 	eyetracker.setRecordingState(False)
24.0387 	EXP 	eyetracker.setRecordingState(False)
24.0455 	EXP 	eyetracker.setRecordingState(False)
24.0532 	EXP 	eyetracker.setRecordingState(False)
24.0608 	EXP 	eyetracker.setRecordingState(False)
24.0688 	EXP 	eyetracker.setRecordingState(False)
24.0782 	EXP 	eyetracker.setRecordingState(False)
24.0870 	EXP 	eyetracker.setRecordingState(False)
24.0961 	EXP 	eyetracker.setRecordingState(False)
24.1059 	EXP 	eyetracker.setRecordingState(False)
24.1154 	EXP 	eyetracker.setRecordingState(False)
24.1247 	EXP 	eyetracker.setRecordingState(False)
24.1344 	EXP 	eyetracker.setRecordingState(False)
24.1444 	EXP 	eyetracker.setRecordingState(False)
24.1545 	EXP 	eyetracker.setRecordingState(False)
24.1641 	EXP 	eyetracker.setRecordingState(False)
24.1756 	EXP 	eyetracker.setRecordingState(False)
24.1853 	EXP 	eyetracker.setRecordingState(False)
24.1945 	EXP 	eyetracker.setRecordingState(False)
24.2044 	EXP 	eyetracker.setRecordingState(False)
24.2135 	EXP 	eyetracker.setRecordingState(False)
24.2233 	EXP 	eyetracker.setRecordingState(False)
24.2337 	EXP 	eyetracker.setRecordingState(False)
24.2429 	EXP 	eyetracker.setRecordingState(False)
24.2523 	EXP 	eyetracker.setRecordingState(False)
24.2612 	EXP 	eyetracker.setRecordingState(False)
24.2692 	EXP 	eyetracker.setRecordingState(False)
24.2772 	EXP 	eyetracker.setRecordingState(False)
24.2864 	EXP 	eyetracker.setRecordingState(False)
24.2974 	EXP 	eyetracker.setRecordingState(False)
24.3083 	EXP 	eyetracker.setRecordingState(False)
24.3193 	EXP 	eyetracker.setRecordingState(False)
24.3304 	EXP 	eyetracker.setRecordingState(False)
24.3406 	EXP 	eyetracker.setRecordingState(False)
24.3501 	EXP 	eyetracker.setRecordingState(False)
24.3598 	EXP 	eyetracker.setRecordingState(False)
24.3688 	EXP 	eyetracker.setRecordingState(False)
24.3781 	EXP 	eyetracker.setRecordingState(False)
24.3870 	EXP 	eyetracker.setRecordingState(False)
24.3961 	EXP 	eyetracker.setRecordingState(False)
24.4066 	EXP 	eyetracker.setRecordingState(False)
24.4166 	EXP 	eyetracker.setRecordingState(False)
24.4272 	EXP 	eyetracker.setRecordingState(False)
24.4375 	EXP 	eyetracker.setRecordingState(False)
24.4470 	EXP 	eyetracker.setRecordingState(False)
24.4572 	EXP 	eyetracker.setRecordingState(False)
24.4676 	EXP 	eyetracker.setRecordingState(False)
24.4774 	EXP 	eyetracker.setRecordingState(False)
24.4868 	EXP 	eyetracker.setRecordingState(False)
24.4965 	EXP 	eyetracker.setRecordingState(False)
24.5058 	EXP 	eyetracker.setRecordingState(False)
24.5159 	EXP 	eyetracker.setRecordingState(False)
24.5254 	EXP 	eyetracker.setRecordingState(False)
24.5348 	EXP 	eyetracker.setRecordingState(False)
24.5467 	EXP 	eyetracker.setRecordingState(False)
24.5571 	EXP 	eyetracker.setRecordingState(False)
24.5669 	EXP 	eyetracker.setRecordingState(False)
24.5780 	EXP 	eyetracker.setRecordingState(False)
24.5880 	EXP 	eyetracker.setRecordingState(False)
24.5984 	EXP 	eyetracker.setRecordingState(False)
24.6103 	EXP 	eyetracker.setRecordingState(False)
24.6190 	EXP 	eyetracker.setRecordingState(False)
24.6266 	EXP 	eyetracker.setRecordingState(False)
24.6346 	EXP 	eyetracker.setRecordingState(False)
24.6433 	EXP 	eyetracker.setRecordingState(False)
24.6523 	EXP 	eyetracker.setRecordingState(False)
24.6601 	EXP 	eyetracker.setRecordingState(False)
24.6691 	EXP 	eyetracker.setRecordingState(False)
24.6787 	EXP 	eyetracker.setRecordingState(False)
24.6902 	EXP 	eyetracker.setRecordingState(False)
24.6992 	EXP 	eyetracker.setRecordingState(False)
24.7081 	EXP 	eyetracker.setRecordingState(False)
24.7171 	EXP 	eyetracker.setRecordingState(False)
24.7256 	EXP 	eyetracker.setRecordingState(False)
24.7355 	EXP 	eyetracker.setRecordingState(False)
24.7455 	EXP 	eyetracker.setRecordingState(False)
24.7554 	EXP 	eyetracker.setRecordingState(False)
24.7654 	EXP 	eyetracker.setRecordingState(False)
24.7759 	EXP 	eyetracker.setRecordingState(False)
24.7864 	EXP 	eyetracker.setRecordingState(False)
24.7965 	EXP 	eyetracker.setRecordingState(False)
24.8064 	EXP 	eyetracker.setRecordingState(False)
24.8165 	EXP 	eyetracker.setRecordingState(False)
24.8264 	EXP 	eyetracker.setRecordingState(False)
24.8366 	EXP 	eyetracker.setRecordingState(False)
24.8458 	EXP 	eyetracker.setRecordingState(False)
24.8549 	EXP 	eyetracker.setRecordingState(False)
24.8637 	EXP 	eyetracker.setRecordingState(False)
24.8719 	EXP 	eyetracker.setRecordingState(False)
24.8809 	EXP 	eyetracker.setRecordingState(False)
24.8911 	EXP 	eyetracker.setRecordingState(False)
24.9001 	EXP 	eyetracker.setRecordingState(False)
24.9091 	EXP 	eyetracker.setRecordingState(False)
24.9190 	EXP 	eyetracker.setRecordingState(False)
24.9289 	EXP 	eyetracker.setRecordingState(False)
24.9381 	EXP 	eyetracker.setRecordingState(False)
24.9476 	EXP 	eyetracker.setRecordingState(False)
24.9572 	EXP 	eyetracker.setRecordingState(False)
24.9667 	EXP 	eyetracker.setRecordingState(False)
24.9767 	EXP 	eyetracker.setRecordingState(False)
24.9865 	EXP 	eyetracker.setRecordingState(False)
24.9955 	EXP 	eyetracker.setRecordingState(False)
25.0053 	EXP 	eyetracker.setRecordingState(False)
25.0164 	EXP 	eyetracker.setRecordingState(False)
25.0254 	EXP 	eyetracker.setRecordingState(False)
25.0348 	EXP 	eyetracker.setRecordingState(False)
25.0448 	EXP 	eyetracker.setRecordingState(False)
25.0540 	EXP 	eyetracker.setRecordingState(False)
25.0638 	EXP 	eyetracker.setRecordingState(False)
25.0740 	EXP 	eyetracker.setRecordingState(False)
25.0839 	EXP 	eyetracker.setRecordingState(False)
25.0941 	EXP 	eyetracker.setRecordingState(False)
25.1031 	EXP 	eyetracker.setRecordingState(False)
25.1129 	EXP 	eyetracker.setRecordingState(False)
25.1226 	EXP 	eyetracker.setRecordingState(False)
25.1333 	EXP 	eyetracker.setRecordingState(False)
25.1427 	EXP 	eyetracker.setRecordingState(False)
25.1524 	EXP 	eyetracker.setRecordingState(False)
25.1636 	EXP 	eyetracker.setRecordingState(False)
25.1733 	EXP 	eyetracker.setRecordingState(False)
25.1826 	EXP 	eyetracker.setRecordingState(False)
25.1922 	EXP 	eyetracker.setRecordingState(False)
25.2006 	EXP 	eyetracker.setRecordingState(False)
25.2097 	EXP 	eyetracker.setRecordingState(False)
25.2182 	EXP 	eyetracker.setRecordingState(False)
25.2272 	EXP 	eyetracker.setRecordingState(False)
25.2379 	EXP 	eyetracker.setRecordingState(False)
25.2499 	EXP 	eyetracker.setRecordingState(False)
25.2625 	EXP 	eyetracker.setRecordingState(False)
25.2769 	EXP 	eyetracker.setRecordingState(False)
25.2886 	EXP 	eyetracker.setRecordingState(False)
25.3006 	EXP 	eyetracker.setRecordingState(False)
25.3136 	EXP 	eyetracker.setRecordingState(False)
25.3260 	EXP 	eyetracker.setRecordingState(False)
25.3378 	EXP 	eyetracker.setRecordingState(False)
25.3484 	EXP 	eyetracker.setRecordingState(False)
25.3586 	EXP 	eyetracker.setRecordingState(False)
25.3731 	EXP 	eyetracker.setRecordingState(False)
25.3860 	EXP 	eyetracker.setRecordingState(False)
25.3968 	EXP 	eyetracker.setRecordingState(False)
25.4083 	EXP 	eyetracker.setRecordingState(False)
25.4199 	EXP 	eyetracker.setRecordingState(False)
25.4324 	EXP 	eyetracker.setRecordingState(False)
25.4468 	EXP 	eyetracker.setRecordingState(False)
25.4616 	EXP 	eyetracker.setRecordingState(False)
25.4770 	EXP 	eyetracker.setRecordingState(False)
25.4933 	EXP 	eyetracker.setRecordingState(False)
25.5080 	EXP 	eyetracker.setRecordingState(False)
25.5206 	EXP 	eyetracker.setRecordingState(False)
25.5311 	EXP 	eyetracker.setRecordingState(False)
25.5411 	EXP 	eyetracker.setRecordingState(False)
25.5503 	EXP 	eyetracker.setRecordingState(False)
25.5594 	EXP 	eyetracker.setRecordingState(False)
25.5686 	EXP 	eyetracker.setRecordingState(False)
25.5777 	EXP 	eyetracker.setRecordingState(False)
25.5863 	EXP 	eyetracker.setRecordingState(False)
25.5954 	EXP 	eyetracker.setRecordingState(False)
25.6040 	EXP 	eyetracker.setRecordingState(False)
25.6144 	EXP 	eyetracker.setRecordingState(False)
25.6249 	EXP 	eyetracker.setRecordingState(False)
25.6338 	EXP 	eyetracker.setRecordingState(False)
25.6433 	EXP 	eyetracker.setRecordingState(False)
25.6540 	EXP 	eyetracker.setRecordingState(False)
25.6639 	EXP 	eyetracker.setRecordingState(False)
25.6730 	EXP 	eyetracker.setRecordingState(False)
25.6843 	EXP 	eyetracker.setRecordingState(False)
25.6943 	EXP 	eyetracker.setRecordingState(False)
25.7042 	EXP 	eyetracker.setRecordingState(False)
25.7146 	EXP 	eyetracker.setRecordingState(False)
25.7239 	EXP 	eyetracker.setRecordingState(False)
25.7342 	EXP 	eyetracker.setRecordingState(False)
25.7425 	EXP 	eyetracker.setRecordingState(False)
25.7505 	EXP 	eyetracker.setRecordingState(False)
25.7594 	EXP 	eyetracker.setRecordingState(False)
25.7676 	EXP 	eyetracker.setRecordingState(False)
25.7764 	EXP 	eyetracker.setRecordingState(False)
25.7855 	EXP 	eyetracker.setRecordingState(False)
25.7950 	EXP 	eyetracker.setRecordingState(False)
25.8048 	EXP 	eyetracker.setRecordingState(False)
25.8129 	EXP 	eyetracker.setRecordingState(False)
25.8215 	EXP 	eyetracker.setRecordingState(False)
25.8299 	EXP 	eyetracker.setRecordingState(False)
25.8388 	EXP 	eyetracker.setRecordingState(False)
25.8484 	EXP 	eyetracker.setRecordingState(False)
25.8575 	EXP 	eyetracker.setRecordingState(False)
25.8666 	EXP 	eyetracker.setRecordingState(False)
25.8755 	EXP 	eyetracker.setRecordingState(False)
25.8842 	EXP 	eyetracker.setRecordingState(False)
25.8925 	EXP 	eyetracker.setRecordingState(False)
25.9037 	EXP 	eyetracker.setRecordingState(False)
25.9146 	EXP 	eyetracker.setRecordingState(False)
25.9247 	EXP 	eyetracker.setRecordingState(False)
25.9364 	EXP 	eyetracker.setRecordingState(False)
25.9483 	EXP 	eyetracker.setRecordingState(False)
25.9597 	EXP 	eyetracker.setRecordingState(False)
25.9712 	EXP 	eyetracker.setRecordingState(False)
25.9807 	EXP 	eyetracker.setRecordingState(False)
25.9900 	EXP 	eyetracker.setRecordingState(False)
25.9985 	EXP 	eyetracker.setRecordingState(False)
26.0079 	EXP 	eyetracker.setRecordingState(False)
26.0184 	EXP 	eyetracker.setRecordingState(False)
26.0301 	EXP 	eyetracker.setRecordingState(False)
26.0419 	EXP 	eyetracker.setRecordingState(False)
26.0534 	EXP 	eyetracker.setRecordingState(False)
26.0657 	EXP 	eyetracker.setRecordingState(False)
26.0771 	EXP 	eyetracker.setRecordingState(False)
26.0890 	EXP 	eyetracker.setRecordingState(False)
26.1002 	EXP 	eyetracker.setRecordingState(False)
26.1113 	EXP 	eyetracker.setRecordingState(False)
26.1219 	EXP 	eyetracker.setRecordingState(False)
26.1319 	EXP 	eyetracker.setRecordingState(False)
26.1421 	EXP 	eyetracker.setRecordingState(False)
26.1528 	EXP 	eyetracker.setRecordingState(False)
26.1639 	EXP 	eyetracker.setRecordingState(False)
26.1737 	EXP 	eyetracker.setRecordingState(False)
26.1839 	EXP 	eyetracker.setRecordingState(False)
26.1943 	EXP 	eyetracker.setRecordingState(False)
26.2045 	EXP 	eyetracker.setRecordingState(False)
26.2144 	EXP 	eyetracker.setRecordingState(False)
26.2229 	EXP 	eyetracker.setRecordingState(False)
26.2322 	EXP 	eyetracker.setRecordingState(False)
26.2415 	EXP 	eyetracker.setRecordingState(False)
26.2533 	EXP 	eyetracker.setRecordingState(False)
26.2625 	EXP 	eyetracker.setRecordingState(False)
26.2720 	EXP 	eyetracker.setRecordingState(False)
26.2817 	EXP 	eyetracker.setRecordingState(False)
26.2911 	EXP 	eyetracker.setRecordingState(False)
26.2999 	EXP 	eyetracker.setRecordingState(False)
26.3100 	EXP 	eyetracker.setRecordingState(False)
26.3190 	EXP 	eyetracker.setRecordingState(False)
26.3289 	EXP 	eyetracker.setRecordingState(False)
26.3379 	EXP 	eyetracker.setRecordingState(False)
26.3474 	EXP 	eyetracker.setRecordingState(False)
26.3570 	EXP 	eyetracker.setRecordingState(False)
26.3655 	EXP 	eyetracker.setRecordingState(False)
26.3744 	EXP 	eyetracker.setRecordingState(False)
26.3823 	EXP 	eyetracker.setRecordingState(False)
26.3923 	EXP 	eyetracker.setRecordingState(False)
26.4028 	EXP 	eyetracker.setRecordingState(False)
26.4127 	EXP 	eyetracker.setRecordingState(False)
26.4240 	EXP 	eyetracker.setRecordingState(False)
26.4351 	EXP 	eyetracker.setRecordingState(False)
26.4457 	EXP 	eyetracker.setRecordingState(False)
26.4568 	EXP 	eyetracker.setRecordingState(False)
26.4675 	EXP 	eyetracker.setRecordingState(False)
26.4776 	EXP 	eyetracker.setRecordingState(False)
26.4882 	EXP 	eyetracker.setRecordingState(False)
26.4984 	EXP 	eyetracker.setRecordingState(False)
26.5083 	EXP 	eyetracker.setRecordingState(False)
26.5191 	EXP 	eyetracker.setRecordingState(False)
26.5293 	EXP 	eyetracker.setRecordingState(False)
26.5385 	EXP 	eyetracker.setRecordingState(False)
26.5479 	EXP 	eyetracker.setRecordingState(False)
26.5575 	EXP 	eyetracker.setRecordingState(False)
26.5670 	EXP 	eyetracker.setRecordingState(False)
26.5762 	EXP 	eyetracker.setRecordingState(False)
26.5859 	EXP 	eyetracker.setRecordingState(False)
26.5964 	EXP 	eyetracker.setRecordingState(False)
26.6064 	EXP 	eyetracker.setRecordingState(False)
26.6170 	EXP 	eyetracker.setRecordingState(False)
26.6276 	EXP 	eyetracker.setRecordingState(False)
26.6382 	EXP 	eyetracker.setRecordingState(False)
26.6469 	EXP 	eyetracker.setRecordingState(False)
26.6550 	EXP 	eyetracker.setRecordingState(False)
26.6647 	EXP 	eyetracker.setRecordingState(False)
26.6752 	EXP 	eyetracker.setRecordingState(False)
26.6864 	EXP 	eyetracker.setRecordingState(False)
26.6976 	EXP 	eyetracker.setRecordingState(False)
26.7080 	EXP 	eyetracker.setRecordingState(False)
26.7191 	EXP 	eyetracker.setRecordingState(False)
26.7296 	EXP 	eyetracker.setRecordingState(False)
26.7394 	EXP 	eyetracker.setRecordingState(False)
26.7491 	EXP 	eyetracker.setRecordingState(False)
26.7585 	EXP 	eyetracker.setRecordingState(False)
26.7676 	EXP 	eyetracker.setRecordingState(False)
26.7757 	EXP 	eyetracker.setRecordingState(False)
26.7859 	EXP 	eyetracker.setRecordingState(False)
26.7936 	EXP 	eyetracker.setRecordingState(False)
26.8020 	EXP 	eyetracker.setRecordingState(False)
26.8105 	EXP 	eyetracker.setRecordingState(False)
26.8208 	EXP 	eyetracker.setRecordingState(False)
26.8327 	EXP 	eyetracker.setRecordingState(False)
26.8451 	EXP 	eyetracker.setRecordingState(False)
26.8565 	EXP 	eyetracker.setRecordingState(False)
26.8684 	EXP 	eyetracker.setRecordingState(False)
26.8793 	EXP 	eyetracker.setRecordingState(False)
26.8898 	EXP 	eyetracker.setRecordingState(False)
26.8993 	EXP 	eyetracker.setRecordingState(False)
26.9093 	EXP 	eyetracker.setRecordingState(False)
26.9180 	EXP 	eyetracker.setRecordingState(False)
26.9273 	EXP 	eyetracker.setRecordingState(False)
26.9364 	EXP 	eyetracker.setRecordingState(False)
26.9451 	EXP 	eyetracker.setRecordingState(False)
26.9536 	EXP 	eyetracker.setRecordingState(False)
26.9620 	EXP 	eyetracker.setRecordingState(False)
26.9704 	EXP 	eyetracker.setRecordingState(False)
26.9786 	EXP 	eyetracker.setRecordingState(False)
26.9864 	EXP 	eyetracker.setRecordingState(False)
26.9941 	EXP 	eyetracker.setRecordingState(False)
27.0018 	EXP 	eyetracker.setRecordingState(False)
27.0110 	EXP 	eyetracker.setRecordingState(False)
27.0210 	EXP 	eyetracker.setRecordingState(False)
27.0299 	EXP 	eyetracker.setRecordingState(False)
27.0387 	EXP 	eyetracker.setRecordingState(False)
27.0471 	EXP 	eyetracker.setRecordingState(False)
27.0549 	EXP 	eyetracker.setRecordingState(False)
27.0631 	EXP 	eyetracker.setRecordingState(False)
27.0718 	EXP 	eyetracker.setRecordingState(False)
27.0812 	EXP 	eyetracker.setRecordingState(False)
27.0901 	EXP 	eyetracker.setRecordingState(False)
27.0983 	EXP 	eyetracker.setRecordingState(False)
27.1062 	EXP 	eyetracker.setRecordingState(False)
27.1146 	EXP 	eyetracker.setRecordingState(False)
27.1240 	EXP 	eyetracker.setRecordingState(False)
27.1336 	EXP 	eyetracker.setRecordingState(False)
27.1430 	EXP 	eyetracker.setRecordingState(False)
27.1524 	EXP 	eyetracker.setRecordingState(False)
27.1610 	EXP 	eyetracker.setRecordingState(False)
27.1705 	EXP 	eyetracker.setRecordingState(False)
27.1804 	EXP 	eyetracker.setRecordingState(False)
27.1885 	EXP 	eyetracker.setRecordingState(False)
27.1970 	EXP 	eyetracker.setRecordingState(False)
27.2046 	EXP 	eyetracker.setRecordingState(False)
27.2123 	EXP 	eyetracker.setRecordingState(False)
27.2205 	EXP 	eyetracker.setRecordingState(False)
27.2288 	EXP 	eyetracker.setRecordingState(False)
27.2379 	EXP 	eyetracker.setRecordingState(False)
27.2457 	EXP 	eyetracker.setRecordingState(False)
27.2534 	EXP 	eyetracker.setRecordingState(False)
27.2611 	EXP 	eyetracker.setRecordingState(False)
27.2680 	EXP 	eyetracker.setRecordingState(False)
27.2751 	EXP 	eyetracker.setRecordingState(False)
27.2827 	EXP 	eyetracker.setRecordingState(False)
27.2901 	EXP 	eyetracker.setRecordingState(False)
27.2984 	EXP 	eyetracker.setRecordingState(False)
27.3057 	EXP 	eyetracker.setRecordingState(False)
27.3151 	EXP 	eyetracker.setRecordingState(False)
27.3221 	EXP 	eyetracker.setRecordingState(False)
27.3288 	EXP 	eyetracker.setRecordingState(False)
27.3352 	EXP 	eyetracker.setRecordingState(False)
27.3420 	EXP 	eyetracker.setRecordingState(False)
27.3495 	EXP 	eyetracker.setRecordingState(False)
27.3566 	EXP 	eyetracker.setRecordingState(False)
27.3638 	EXP 	eyetracker.setRecordingState(False)
27.3712 	EXP 	eyetracker.setRecordingState(False)
27.3779 	EXP 	eyetracker.setRecordingState(False)
27.3848 	EXP 	eyetracker.setRecordingState(False)
27.3918 	EXP 	eyetracker.setRecordingState(False)
27.3996 	EXP 	eyetracker.setRecordingState(False)
27.4084 	EXP 	eyetracker.setRecordingState(False)
27.4181 	EXP 	eyetracker.setRecordingState(False)
27.4264 	EXP 	eyetracker.setRecordingState(False)
27.4337 	EXP 	eyetracker.setRecordingState(False)
27.4410 	EXP 	eyetracker.setRecordingState(False)
27.4507 	EXP 	eyetracker.setRecordingState(False)
27.4591 	EXP 	eyetracker.setRecordingState(False)
27.4661 	EXP 	eyetracker.setRecordingState(False)
27.4738 	EXP 	eyetracker.setRecordingState(False)
27.4817 	EXP 	eyetracker.setRecordingState(False)
27.4892 	EXP 	eyetracker.setRecordingState(False)
27.4966 	EXP 	eyetracker.setRecordingState(False)
27.5041 	EXP 	eyetracker.setRecordingState(False)
27.5123 	EXP 	eyetracker.setRecordingState(False)
27.5195 	EXP 	eyetracker.setRecordingState(False)
27.5270 	EXP 	eyetracker.setRecordingState(False)
27.5330 	EXP 	eyetracker.setRecordingState(False)
27.5398 	EXP 	eyetracker.setRecordingState(False)
27.5471 	EXP 	eyetracker.setRecordingState(False)
27.5548 	EXP 	eyetracker.setRecordingState(False)
27.5632 	EXP 	eyetracker.setRecordingState(False)
27.5720 	EXP 	eyetracker.setRecordingState(False)
27.5806 	EXP 	eyetracker.setRecordingState(False)
27.5889 	EXP 	eyetracker.setRecordingState(False)
27.5977 	EXP 	eyetracker.setRecordingState(False)
27.6069 	EXP 	eyetracker.setRecordingState(False)
27.6157 	EXP 	eyetracker.setRecordingState(False)
27.6240 	EXP 	eyetracker.setRecordingState(False)
27.6317 	EXP 	eyetracker.setRecordingState(False)
27.6404 	EXP 	eyetracker.setRecordingState(False)
27.6493 	EXP 	eyetracker.setRecordingState(False)
27.6576 	EXP 	eyetracker.setRecordingState(False)
27.6678 	EXP 	eyetracker.setRecordingState(False)
27.6748 	EXP 	eyetracker.setRecordingState(False)
27.6861 	EXP 	eyetracker.setRecordingState(False)
27.6964 	EXP 	eyetracker.setRecordingState(False)
27.7064 	EXP 	eyetracker.setRecordingState(False)
27.7172 	EXP 	eyetracker.setRecordingState(False)
27.7279 	EXP 	eyetracker.setRecordingState(False)
27.7379 	EXP 	eyetracker.setRecordingState(False)
27.7470 	EXP 	eyetracker.setRecordingState(False)
27.7559 	EXP 	eyetracker.setRecordingState(False)
27.7655 	EXP 	eyetracker.setRecordingState(False)
27.7745 	EXP 	eyetracker.setRecordingState(False)
27.7842 	EXP 	eyetracker.setRecordingState(False)
27.7943 	EXP 	eyetracker.setRecordingState(False)
27.8042 	EXP 	eyetracker.setRecordingState(False)
27.8134 	EXP 	eyetracker.setRecordingState(False)
27.8228 	EXP 	eyetracker.setRecordingState(False)
27.8311 	EXP 	eyetracker.setRecordingState(False)
27.8379 	EXP 	eyetracker.setRecordingState(False)
27.8449 	EXP 	eyetracker.setRecordingState(False)
27.8515 	EXP 	eyetracker.setRecordingState(False)
27.8582 	EXP 	eyetracker.setRecordingState(False)
27.8652 	EXP 	eyetracker.setRecordingState(False)
27.8720 	EXP 	eyetracker.setRecordingState(False)
27.8791 	EXP 	eyetracker.setRecordingState(False)
27.8830 	DATA 	Mouse: Left button down, pos=(568,543)
27.8887 	EXP 	eyetracker.setRecordingState(False)
27.8923 	EXP 	text_instr_2: autoDraw = False
27.8923 	EXP 	goldi: autoDraw = False
27.8923 	EXP 	elephanthouse: autoDraw = False
27.8923 	EXP 	krest: autoDraw = False
27.8923 	EXP 	pussalla: autoDraw = False
27.8923 	EXP 	text_16: autoDraw = False
27.8923 	EXP 	text_17: autoDraw = False
27.8923 	EXP 	text_18: autoDraw = False
27.8923 	EXP 	text_19: autoDraw = False
27.8925 	EXP 	Cheese: status = STOPPED
27.9518 	INFO 	saved data to 'C:\\Users\\M S I\\OneDrive\\Documents\\GitHub\\Research-Project\\data\\966341_Cheese_2026-03-09_14h31.11.539.csv'
27.9527 	INFO 	saved data to C:\Users\M S I\OneDrive\Documents\GitHub\Research-Project\data\966341_Cheese_2026-03-09_14h31.11.539.psydat
